# Blender 5.2.2 LTS
# www.blender.org
mtllib holocron_sup2.mtl
g holocron_sup2_Holocron.008
v 0.971137 1.122264 0.017754
v -0.182378 1.100856 1.244352
v 0.528037 1.115717 0.392807
v 0.137130 1.108377 0.813433
v -0.467481 1.091967 1.752954
v 1.529681 1.128440 -0.335943
v 0.974826 1.233871 0.023729
v -0.178689 1.212461 1.250326
v 0.531726 1.227323 0.398783
v 0.140815 1.219983 0.819410
v -0.463796 1.203570 1.758930
v 1.533370 1.240043 -0.329967
v 1.743068 1.182027 -0.206152
v 1.115462 1.175352 0.176310
v 0.672133 1.168809 0.551113
v 0.830500 1.180782 -0.134827
v 1.319987 1.186454 -0.459757
v -0.583360 1.151407 1.548115
v -0.323079 1.159374 1.091700
v 0.387629 1.174232 0.240477
v 1.882304 1.191764 -0.763947
v -0.037984 1.153940 1.402979
v -0.347917 1.144127 1.963770
v 0.281447 1.161464 0.971983
v -0.809701 1.142660 2.049286
v -0.003503 1.166894 0.660864
v -1.018495 1.219719 3.378227
v -1.014718 1.283144 -1.011240
v 3.392356 1.290328 -1.005226
v -1.015458 1.047019 -1.257490
v -1.013948 -3.351848 -1.334269
v 3.400286 1.054214 -1.251459
v -1.254228 1.043405 -1.018599
v -1.260381 0.972288 3.393974
v -1.254869 -3.355161 -1.095375
v -1.115186 0.011080 1.030214
v -1.126451 -1.171763 -0.168264
v -1.119474 -0.347220 0.573431
v -1.123292 -0.753017 0.167097
v -1.129308 -1.669441 -0.472158
v -1.109834 0.343719 1.601557
v -1.226842 0.006925 1.034790
v -1.238107 -1.175918 -0.163691
v -1.231130 -0.351374 0.578009
v -1.234948 -0.757169 0.171675
v -1.240964 -1.673592 -0.467581
v -1.221490 0.339566 1.606133
v -1.163747 0.207008 1.810492
v -1.169755 -0.151803 1.169067
v -1.174043 -0.509843 0.712065
v -1.172281 0.169808 0.895937
v -1.167581 0.476276 1.397200
v -1.186158 -1.459404 -0.579741
v -1.183542 -1.012962 -0.302607
v -1.176561 -0.188751 0.439375
v -1.162214 0.759296 1.970463
v -1.181016 -1.334722 -0.029350
v -1.184114 -1.883630 -0.360001
v -1.177858 -0.915888 0.305944
v -1.188478 -1.951851 -0.824638
v -1.180383 -0.594298 0.032831
v -0.031049 -1.043035 -1.193331
v 1.161021 0.145600 -1.151897
v 0.331259 -0.589449 -1.187040
v 0.740157 -0.186481 -1.172501
v 1.673968 0.445886 -1.125549
v -0.369313 -1.611079 -1.189341
v -0.015558 -1.054152 -1.303518
v 1.176512 0.134485 -1.262085
v 0.346747 -0.600564 -1.297228
v 0.755645 -0.197598 -1.282688
v 1.689460 0.434769 -1.235737
v -0.353822 -1.622194 -1.299530
v -0.230321 -1.823623 -1.216814
v 0.134883 -1.185816 -1.222795
v 0.496936 -0.732008 -1.216545
v -0.181489 -0.911373 -1.274055
v -0.492814 -1.409650 -1.272055
v 1.458167 0.551145 -1.205294
v 1.010504 0.277329 -1.232632
v 0.181071 -0.458006 -1.267719
v -0.781747 -1.979906 -1.262842
v 1.327025 0.002757 -1.181349
v 1.905261 0.329510 -1.155991
v 0.906077 -0.329256 -1.201967
v 1.951167 0.792523 -1.171082
v 0.589724 -0.054826 -1.253223
v 0.324462 1.112104 0.599949
v 0.744448 1.119115 0.198250
v -0.031343 1.104638 1.027662
v -0.321611 1.096849 1.473761
v -0.635659 1.085697 2.110617
v 1.216231 1.125245 -0.152903
v 1.951106 1.132183 -0.550383
v 0.328147 1.223709 0.605925
v 0.748137 1.230720 0.204226
v -0.027654 1.216244 1.033636
v -0.317926 1.208455 1.479734
v -0.631971 1.197300 2.116594
v 1.219920 1.236848 -0.146927
v 1.954791 1.243786 -0.544405
v 1.369246 1.178392 0.002119
v 0.888633 1.172204 0.356651
v 1.066905 1.183700 -0.301949
v -0.459214 1.155483 1.314585
v 0.603953 1.177629 0.045826
v 2.438758 1.192069 -0.781391
v -0.180322 1.149820 1.638910
v 0.468638 1.165194 0.758345
v 2.311076 1.186841 -0.481897
v -0.816121 1.134403 2.518049
v 1.594821 1.189127 -0.612890
v -0.698774 1.147100 1.794880
v 0.113040 1.157723 1.186281
v -0.568853 1.135897 2.432333
v 0.183970 1.170618 0.447531
v -0.172036 1.163157 0.875021
v -1.209642 0.767653 1.060289
v 1.068400 -1.028126 -1.241621
v 1.059493 1.234449 -0.765652
v 0.458361 -0.443862 0.430468
v -1.016607 1.251431 1.183493
v 1.188819 1.286735 -1.008232
v 1.186930 1.255024 1.186502
v -1.014703 -1.152413 -1.295877
v 1.192412 1.050617 -1.254475
v 1.193167 -1.148818 -1.292864
v -1.257303 1.007847 1.187689
v -1.254548 -1.155877 -1.056986
v -1.257623 -1.191436 1.149302
v -1.161134 -0.446262 0.424448
v 0.447631 1.164400 0.454845
v 0.453105 -0.417505 -1.184473
v 1.059100 1.206200 1.061563
v -0.775293 -1.031014 -1.245493
v -1.207128 -1.037120 -0.815382
v -0.775926 1.203320 1.057707
v 1.066508 0.809125 -1.209553
v -1.209905 -1.069300 1.028225
v -1.121457 -0.546646 0.362268
v -1.117376 -0.160851 0.796949
v -1.124955 -0.960834 -0.009249
v -1.127843 -1.395846 -0.315968
v -1.130998 -2.020627 -0.653570
v -1.112832 0.172489 1.281500
v -1.105821 0.542301 2.030676
v -1.233114 -0.550799 0.366842
v -1.229032 -0.165006 0.801527
v -1.236608 -0.964988 -0.004673
v -1.239496 -1.399999 -0.311392
v -1.242654 -2.024782 -0.648993
v -1.224488 0.168334 1.286077
v -1.217473 0.538147 2.035254
v -1.167314 0.012813 1.429169
v -1.171941 -0.323575 0.935665
v -1.170003 0.328010 1.138409
v -1.184903 -1.230639 -0.446962
v -1.174463 -0.002285 0.662809
v -1.157022 0.755945 2.527155
v -1.182439 -1.565206 -0.180395
v -1.176027 -0.709360 0.500978
v -1.158338 0.461385 2.388380
v -1.188661 -2.420120 -0.848564
v -1.164956 0.619063 1.677549
v -1.187337 -1.701725 -0.704287
v -1.179517 -1.123780 0.129660
v -1.186319 -2.343684 -0.598276
v -1.178544 -0.388083 0.228132
v -1.182042 -0.802041 -0.143579
v 0.532355 -0.379964 -1.180660
v 0.142989 -0.811335 -1.191252
v 0.949153 -0.011786 -1.162937
v 1.387572 0.291627 -1.139307
v 2.055350 0.624938 -1.111084
v -0.194852 -1.292779 -1.193127
v -0.572389 -2.038029 -1.181080
v 0.547847 -0.391081 -1.290848
v 0.158477 -0.822455 -1.301439
v 0.964644 -0.022902 -1.273123
v 1.403064 0.280509 -1.249495
v 2.070842 0.613822 -1.221272
v -0.179361 -1.303896 -1.303314
v -0.556901 -2.049146 -1.291269
v -0.032224 -1.444338 -1.222334
v 0.308760 -0.953979 -1.220741
v -0.341985 -1.152340 -1.274109
v 1.228896 0.420046 -1.219919
v -0.007295 -0.679808 -1.271948
v -0.785615 -2.535355 -1.225330
v 1.561736 0.152090 -1.168884
v 0.698123 -0.522604 -1.210152
v -0.490819 -2.398670 -1.204351
v 2.501151 0.814048 -1.151375
v -0.638467 -1.688505 -1.267998
v 1.700812 0.673953 -1.188728
v 1.115145 -0.154622 -1.192392
v 2.425380 0.564809 -1.143627
v 0.382079 -0.248443 -1.261356
v 0.798648 0.119934 -1.243671
v 3.881171 1.290275 -1.249989
v 0.813094 1.129129 -0.154741
v 0.814749 1.125247 -0.153002
v 0.812823 1.127662 -0.155062
v 0.813044 1.126408 -0.154842
v 0.813720 1.125560 -0.154119
v -0.019239 1.111357 0.642706
v -0.020910 1.115242 0.640951
v -0.020272 1.111671 0.641581
v -0.020952 1.112520 0.640852
v -0.021177 1.113773 0.640631
v 1.127517 1.119285 0.188494
v 1.129405 1.123220 0.190626
v 1.128569 1.119569 0.189646
v 1.129294 1.120415 0.190454
v 1.129588 1.121697 0.190800
v 0.295386 1.109334 0.986300
v 0.293494 1.105398 0.984159
v 0.295569 1.107811 0.986471
v 0.295275 1.106527 0.986126
v 0.294543 1.105680 0.985315
v 0.370219 1.122573 0.220562
v 0.371875 1.118696 0.222301
v 0.369952 1.121107 0.220242
v 0.370173 1.119855 0.220461
v 0.370848 1.119009 0.221184
v 0.686076 1.116676 0.565432
v 0.684195 1.112743 0.563307
v 0.686259 1.115155 0.565605
v 0.685969 1.113873 0.565264
v 0.685241 1.113027 0.564455
v -0.024045 1.101816 1.417295
v -0.025968 1.097876 1.415123
v -0.023862 1.100292 1.417467
v -0.024163 1.099007 1.417114
v -0.024904 1.098158 1.416292
v -0.338781 1.103837 1.073580
v -0.340482 1.107735 1.071791
v -0.339830 1.104151 1.072443
v -0.340520 1.105003 1.071703
v -0.340749 1.106261 1.071474
v -0.333978 1.092009 1.978085
v -0.335443 1.088081 1.974920
v -0.333764 1.090483 1.978180
v -0.333966 1.089199 1.977613
v -0.334554 1.088356 1.976469
v -0.599519 1.095853 1.530985
v -0.600755 1.099791 1.528215
v -0.600393 1.096175 1.529467
v -0.600930 1.097036 1.528410
v -0.601060 1.098306 1.527967
v -0.808706 1.074128 2.996687
v -0.803663 1.070344 2.983965
v -0.806813 1.074099 2.997213
v -0.808038 1.072645 2.993813
v -0.806848 1.071405 2.990385
v -0.807786 1.072776 2.996035
v -0.806813 1.071543 2.993793
v -0.806661 1.071917 2.995281
v -0.803560 1.070591 2.987234
v -0.804124 1.071390 2.990900
v -0.805310 1.070598 2.986927
v -0.805375 1.070971 2.990822
v -0.805658 1.071537 2.994013
v -0.808206 1.074440 2.998581
v -0.805269 1.072621 2.994404
v -0.806485 1.072763 2.996313
v -0.807412 1.072845 2.997347
v -0.827089 1.091072 2.029398
v -0.824132 1.087173 2.028120
v -0.827264 1.089582 2.028841
v -0.826764 1.088317 2.028402
v -0.825666 1.087473 2.028151
v 1.302581 1.134813 -0.479666
v 1.305316 1.130929 -0.478586
v 1.302394 1.133342 -0.480036
v 1.302848 1.132087 -0.479963
v 1.303874 1.131240 -0.479454
v 1.753966 1.125951 -0.193354
v 1.757006 1.129898 -0.191835
v 1.755458 1.126235 -0.192436
v 1.756560 1.127088 -0.191828
v 1.757102 1.128374 -0.191616
v 1.864310 1.136209 -0.781075
v 1.864909 1.140148 -0.783846
v 1.864142 1.136531 -0.782591
v 1.864196 1.137393 -0.783651
v 1.864463 1.138662 -0.784092
v 3.004748 1.140258 -0.784531
v 3.005263 1.140213 -0.782717
v 2.991397 1.136175 -0.779194
v 3.006076 1.140479 -0.784451
v 3.001727 1.138718 -0.783791
v 3.003981 1.138867 -0.783587
v 3.005316 1.138946 -0.783245
v 3.003165 1.137987 -0.782442
v 3.002314 1.138662 -0.781084
v 2.998648 1.137352 -0.779840
v 3.006354 1.140455 -0.783468
v 3.004260 1.138841 -0.782316
v 3.001849 1.137575 -0.781424
v 2.994502 1.136510 -0.780901
v 2.998126 1.137402 -0.782516
v 2.994811 1.136478 -0.779177
v 2.998534 1.136951 -0.781061
v 3.001624 1.137596 -0.782558
v 0.852145 1.236209 -0.110220
v 0.847911 1.232443 -0.114912
v 0.850920 1.235940 -0.111565
v 0.849684 1.235130 -0.112928
v 0.848628 1.233902 -0.114103
v 0.013907 1.218554 0.680777
v 0.018157 1.222321 0.685488
v 0.014624 1.220012 0.681589
v 0.015685 1.221241 0.682768
v 0.016928 1.222051 0.684137
v 1.101523 1.227486 0.161991
v 1.097495 1.231532 0.157663
v 1.100890 1.229018 0.161325
v 1.099902 1.230324 0.160271
v 1.098708 1.231206 0.158983
v 0.263472 1.217646 0.953331
v 0.267504 1.213598 0.957663
v 0.264689 1.217321 0.954653
v 0.265879 1.216436 0.955942
v 0.266871 1.215130 0.956999
v 0.409274 1.229659 0.265081
v 0.405040 1.225894 0.260393
v 0.408046 1.229391 0.263739
v 0.406813 1.228580 0.262377
v 0.405757 1.227353 0.261202
v 0.654174 1.224991 0.532476
v 0.658190 1.220946 0.536795
v 0.655383 1.224666 0.533794
v 0.656573 1.223784 0.535078
v 0.657557 1.222477 0.536131
v -0.055993 1.210123 1.384295
v -0.051927 1.206069 1.388664
v -0.054765 1.209797 1.385630
v -0.053560 1.208912 1.386930
v -0.052564 1.207603 1.387995
v -0.305677 1.211020 1.111609
v -0.301385 1.214800 1.116365
v -0.304952 1.212484 1.112425
v -0.303884 1.213717 1.113615
v -0.302629 1.214530 1.114996
v -0.365335 1.200331 1.943836
v -0.361856 1.196250 1.949457
v -0.364331 1.199997 1.945650
v -0.363321 1.199102 1.947355
v -0.362451 1.197788 1.948690
v -0.565961 1.203033 1.568018
v -0.562257 1.206812 1.574022
v -0.565282 1.204504 1.568930
v -0.564336 1.205738 1.570391
v -0.563276 1.206548 1.572180
v -0.836248 1.178325 2.968102
v -0.834691 1.178335 2.968586
v -0.832174 1.182651 2.949877
v -0.836267 1.178557 2.969419
v -0.836145 1.179930 2.963984
v -0.836057 1.179952 2.966246
v -0.835813 1.179949 2.967617
v -0.835344 1.180763 2.964722
v -0.833711 1.179932 2.964388
v -0.832891 1.181315 2.959360
v -0.834920 1.179954 2.966442
v -0.834481 1.181108 2.963005
v -0.833940 1.182270 2.954119
v -0.835336 1.181314 2.959070
v -0.832349 1.182269 2.954264
v -0.834180 1.181746 2.958910
v -0.835519 1.181108 2.962881
v -0.786748 1.198138 2.070848
v -0.792314 1.194260 2.069178
v -0.788476 1.197843 2.070669
v -0.790139 1.197002 2.070288
v -0.791490 1.195745 2.069765
v 1.342986 1.241895 -0.435972
v 1.337394 1.238103 -0.439844
v 1.341239 1.241620 -0.437000
v 1.339564 1.240801 -0.438099
v 1.338214 1.239566 -0.439098
v 1.729125 1.234158 -0.220470
v 1.723651 1.238194 -0.224020
v 1.728381 1.235689 -0.221077
v 1.727080 1.236994 -0.221964
v 1.725417 1.237873 -0.223000
v 1.899703 1.243392 -0.744043
v 1.901725 1.247173 -0.738337
v 1.900256 1.244861 -0.743153
v 1.900832 1.246095 -0.741756
v 1.901347 1.246908 -0.740065
v 2.976905 1.244487 -0.812857
v 2.958201 1.248396 -0.808517
v 2.977378 1.244472 -0.811350
v 2.972640 1.246007 -0.812696
v 2.967589 1.247286 -0.811815
v 2.974955 1.246051 -0.812647
v 2.971495 1.247148 -0.812063
v 2.973384 1.246823 -0.811914
v 2.962672 1.248101 -0.808760
v 2.967887 1.247247 -0.809383
v 2.962516 1.248125 -0.810349
v 2.967429 1.247692 -0.810665
v 2.971621 1.247131 -0.811033
v 2.978480 1.244695 -0.812075
v 2.973052 1.245973 -0.810293
v 2.975154 1.246035 -0.811522
v 2.976355 1.246061 -0.812426
v -0.775602 1.275000 -0.764490
v -0.771341 1.275064 -0.768742
v -0.780114 1.279390 -0.773249
v -0.775277 1.275024 -0.766119
v -0.774354 1.275047 -0.767500
v -0.775945 1.276657 -0.766415
v -0.775625 1.276616 -0.767437
v -0.775632 1.277512 -0.768751
v -0.773263 1.276697 -0.769064
v -0.775605 1.278095 -0.770035
v -0.772969 1.275059 -0.768419
v -0.774297 1.276635 -0.768749
v -0.776925 1.278073 -0.768755
v -0.778013 1.279039 -0.771503
v -0.776986 1.278545 -0.770107
v -0.773317 -2.863250 -1.320974
v -0.770299 -2.864498 -1.320990
v -0.777925 -2.876736 -1.325480
v -0.773084 -2.864652 -1.320997
v -0.773664 -2.866157 -1.322655
v -0.773854 -2.868254 -1.323515
v -0.771451 -2.865327 -1.321007
v -0.772981 -2.867193 -1.322615
v -0.774644 -2.869755 -1.324078
v -0.776910 -2.873936 -1.325104
v -0.775312 -2.871198 -1.324583
v -0.776395 1.226128 2.868921
v -0.780874 1.230146 2.881681
v -0.773324 1.226175 2.870253
v -0.776735 1.227715 2.871761
v -0.776922 1.228590 2.873566
v -0.779947 1.229889 2.878952
v -0.778356 1.229470 2.876377
v -0.775495 1.226482 2.871042
v -0.775857 1.227741 2.872766
v 2.890189 1.280811 -0.761044
v 2.891421 1.280773 -0.758038
v 2.903956 1.285179 -0.765627
v 2.891589 1.280811 -0.760813
v 2.893145 1.282453 -0.761366
v 2.895266 1.283281 -0.761549
v 2.894286 1.282443 -0.760487
v 2.897673 1.283866 -0.762789
v 2.892256 1.280792 -0.759186
v 2.900595 1.284815 -0.763847
v -1.255906 0.735556 2.899572
v -1.255910 0.732527 2.900764
v -1.260179 0.740007 2.913195
v -1.255910 0.735302 2.900970
v -1.257543 0.735862 2.902487
v -1.257543 0.735005 2.903692
v -1.255910 0.733662 2.901613
v -1.259855 0.739054 2.910419
v -1.259343 0.737441 2.907629
v -1.258744 0.736336 2.905180
v -0.777093 0.802738 -1.256990
v -0.781636 0.811652 -1.261106
v -0.772836 0.807004 -1.256908
v -0.777436 0.804706 -1.258589
v -0.778421 0.807090 -1.259932
v -0.776769 0.804368 -1.256962
v -0.777124 0.807085 -1.259365
v -0.777097 0.808393 -1.259905
v -0.779897 0.809531 -1.260815
v -0.778482 0.808472 -1.260359
v -0.774465 0.806678 -1.256918
v -0.775850 0.805751 -1.256935
v -0.774755 0.807377 -1.258535
v -0.776544 0.806484 -1.258457
v 2.906035 0.812767 -1.249178
v 2.919684 0.817468 -1.253391
v 2.907283 0.809762 -1.249229
v 2.907435 0.812539 -1.249180
v 2.911101 0.813358 -1.251619
v 2.913466 0.814596 -1.252163
v 2.916392 0.815693 -1.253082
v 2.908110 0.810915 -1.249207
v 2.909690 0.812644 -1.250711
v -1.250367 0.799765 -0.779123
v -1.254617 0.804494 -0.787886
v -1.250364 0.795579 -0.783457
v -1.251996 0.800148 -0.781050
v -1.253373 0.801180 -0.783392
v -1.250367 0.799469 -0.780760
v -1.251939 0.799847 -0.782089
v -1.252813 0.799881 -0.783426
v -1.254297 0.802341 -0.786171
v -1.253373 0.799892 -0.784727
v -1.253827 0.801271 -0.784773
v -1.250364 0.797204 -0.783106
v -1.250367 0.798570 -0.782158
v -1.251992 0.797516 -0.783775
v -1.251935 0.798545 -0.783438
v -1.250882 -2.869805 -0.847439
v -1.255140 -2.883233 -0.852243
v -1.250886 -2.871109 -0.844442
v -1.252515 -2.872753 -0.847837
v -1.250882 -2.871209 -0.847233
v -1.253713 -2.875405 -0.848383
v -1.254815 -2.880022 -0.850439
v -1.254346 -2.877757 -0.849558
v -1.250886 -2.871917 -0.845613
v -1.252515 -2.873882 -0.846960
v 3.880774 1.295479 -1.244833
v 3.883300 1.292046 -1.246080
v 3.881842 1.295215 -1.244328
v 3.882697 1.294467 -1.244387
v 3.880797 1.295162 -1.246620
v 3.882727 1.294759 -1.246403
v 3.883982 1.294151 -1.246382
v 3.883223 1.291022 -1.247423
v 3.882735 1.290456 -1.248552
v 3.883208 1.293355 -1.245001
v 3.883891 1.292800 -1.246799
v 3.884001 1.292432 -1.248165
v 3.880851 1.292710 -1.249163
v 3.880824 1.294188 -1.248140
v 3.881911 1.290431 -1.249290
v 3.882762 1.292478 -1.248770
v 3.883178 1.294023 -1.247980
v -1.260583 1.204561 3.874735
v -1.257097 1.205736 3.877111
v -1.256078 1.209292 3.874697
v -1.260320 1.204042 3.875723
v -1.259561 1.204083 3.876520
v -1.260236 1.206354 3.874735
v -1.259835 1.206110 3.876612
v -1.259225 1.206061 3.877832
v -1.258672 1.207253 3.877802
v -1.256101 1.207070 3.877092
v -1.255555 1.208215 3.876629
v -1.258432 1.204678 3.877008
v -1.257875 1.206464 3.877741
v -1.257509 1.207830 3.877878
v -1.257798 1.208916 3.874716
v -1.259259 1.207884 3.874729
v -1.255548 1.208995 3.875788
v -1.257562 1.208472 3.876638
v -1.249330 1.286897 -1.249237
v -1.249284 1.282392 -1.253874
v -1.253839 1.282320 -1.249315
v -1.249318 1.286579 -1.250990
v -1.249307 1.285611 -1.252485
v -1.251054 1.286550 -1.249245
v -1.250985 1.286069 -1.250938
v -1.250936 1.285413 -1.252298
v -1.251912 1.284996 -1.251898
v -1.251024 1.282388 -1.253532
v -1.252504 1.282373 -1.252544
v -1.249295 1.284141 -1.253500
v -1.250974 1.284070 -1.252998
v -1.252313 1.284017 -1.252323
v -1.253495 1.284072 -1.249289
v -1.252519 1.285558 -1.249262
v -1.253492 1.282348 -1.251064
v -1.252992 1.284037 -1.250975
v -1.252321 1.285390 -1.250908
v -1.249971 -3.826951 -1.343058
v -1.251119 -3.829375 -1.339628
v -1.254598 -3.827061 -1.338491
v -1.249460 -3.827977 -1.342813
v -1.249494 -3.828798 -1.342077
v -1.251741 -3.826965 -1.342714
v -1.251516 -3.828852 -1.342344
v -1.251477 -3.830077 -1.341755
v -1.252656 -3.830042 -1.341192
v -1.252450 -3.829340 -1.338606
v -1.253579 -3.828890 -1.338030
v -1.250077 -3.829288 -1.340956
v -1.251867 -3.829988 -1.340397
v -1.253228 -3.830118 -1.340021
v -1.254247 -3.827024 -1.340242
v -1.253240 -3.826990 -1.341726
v -1.254335 -3.828089 -1.337990
v -1.253843 -3.828905 -1.340044
v -0.776254 1.124151 2.892149
v -0.773191 1.124071 2.893499
v -0.771981 1.119983 2.887245
v -0.776017 1.124379 2.893539
v -0.775926 1.122541 2.891012
v -0.775567 1.122677 2.892792
v -0.775041 1.122749 2.893919
v -0.774541 1.121751 2.892942
v -0.772374 1.122480 2.892595
v -0.771856 1.121146 2.891088
v -0.774362 1.124334 2.894270
v -0.773881 1.122646 2.893541
v -0.773538 1.121329 2.892536
v -0.773614 1.120286 2.888357
v -0.774999 1.121184 2.889681
v -0.771718 1.120270 2.889210
v -0.773511 1.120710 2.890705
v -0.774881 1.121349 2.891935
v -0.775460 1.188006 -0.766010
v -0.771192 1.183751 -0.766073
v -0.771199 1.188085 -0.770260
v -0.775132 1.186375 -0.766037
v -0.774209 1.184995 -0.766058
v -0.775136 1.188034 -0.767639
v -0.774743 1.186365 -0.767708
v -0.773992 1.185239 -0.767641
v -0.771192 1.184103 -0.767698
v -0.771196 1.185052 -0.769064
v -0.772825 1.184074 -0.766071
v -0.772866 1.184494 -0.767735
v -0.772783 1.185262 -0.768847
v -0.772828 1.188078 -0.769938
v -0.774213 1.188060 -0.769018
v -0.771196 1.186449 -0.769964
v -0.772866 1.186401 -0.769577
v -0.773996 1.186470 -0.768829
v 2.890330 1.193833 -0.762564
v 2.884310 1.189490 -0.758389
v 2.891570 1.193784 -0.759546
v 2.888949 1.192197 -0.762270
v 2.887324 1.190794 -0.761374
v 2.891730 1.193833 -0.762331
v 2.890643 1.192250 -0.761909
v 2.889506 1.190978 -0.761261
v 2.890551 1.191355 -0.760931
v 2.886439 1.189815 -0.758204
v 2.888568 1.190746 -0.758360
v 2.885695 1.189846 -0.760012
v 2.888095 1.190319 -0.759935
v 2.890036 1.190956 -0.759974
v 2.892401 1.193804 -0.760698
v 2.890368 1.192138 -0.758829
v 2.891318 1.192223 -0.760277
v 2.891722 1.192283 -0.761398
v -0.777272 0.801219 -1.170012
v -0.773015 0.805486 -1.169930
v -0.773019 0.801153 -1.165743
v -0.776948 0.802850 -1.169983
v -0.776025 0.804235 -1.169956
v -0.776952 0.801191 -1.168381
v -0.776563 0.802864 -1.168310
v -0.775811 0.803990 -1.168373
v -0.773019 0.805133 -1.168304
v -0.773019 0.804185 -1.166937
v -0.774648 0.805160 -1.169937
v -0.774690 0.804739 -1.168272
v -0.774606 0.803970 -1.167162
v -0.774648 0.801155 -1.166071
v -0.776029 0.801169 -1.166998
v -0.773019 0.802789 -1.166039
v -0.774690 0.802834 -1.166433
v -0.775815 0.802760 -1.167185
v -0.773496 -2.864767 -1.233995
v -0.769250 -2.858834 -1.229622
v -0.770478 -2.866018 -1.234011
v -0.772985 -2.863880 -1.232347
v -0.772001 -2.862439 -1.230940
v -0.773454 -2.866628 -1.234028
v -0.772889 -2.865711 -1.232340
v -0.772077 -2.864427 -1.231190
v -0.771962 -2.865363 -1.231543
v -0.769532 -2.861145 -1.229986
v -0.769864 -2.863324 -1.230951
v -0.770688 -2.860668 -1.229982
v -0.771020 -2.863101 -1.230417
v -0.771821 -2.867305 -1.234037
v -0.772866 -2.867520 -1.234041
v -0.770196 -2.865032 -1.232363
v -0.771562 -2.866259 -1.232347
v 2.905856 0.811248 -1.162203
v 2.907103 0.808244 -1.162252
v 2.899798 0.806905 -1.158030
v 2.907256 0.811021 -1.162203
v 2.904464 0.810894 -1.160582
v 2.906161 0.810543 -1.160641
v 2.907241 0.810037 -1.160686
v 2.906062 0.809533 -1.159781
v 2.905886 0.807464 -1.160637
v 2.904074 0.806935 -1.159267
v 2.907931 0.809396 -1.162230
v 2.906836 0.808915 -1.160667
v 2.905547 0.808559 -1.159416
v 2.901187 0.808542 -1.158323
v 2.902823 0.809943 -1.159220
v 2.901934 0.806737 -1.158352
v 2.903594 0.808492 -1.158789
v 2.905013 0.809844 -1.159395
v -1.168916 0.735540 2.899704
v -1.164647 0.731385 2.893585
v -1.168920 0.732513 2.900892
v -1.167283 0.735240 2.898314
v -1.165899 0.734345 2.896662
v -1.167344 0.734856 2.900003
v -1.166082 0.734202 2.898849
v -1.166467 0.733862 2.899887
v -1.164975 0.731173 2.895716
v -1.165902 0.731313 2.897852
v -1.164972 0.732992 2.895002
v -1.165448 0.732886 2.897408
v -1.166085 0.732906 2.899357
v -1.168920 0.734622 2.901817
v -1.167287 0.731783 2.899672
v -1.167344 0.733215 2.900648
v -1.167386 0.734329 2.901073
v -1.163377 0.799752 -0.778994
v -1.163369 0.795565 -0.783327
v -1.159116 0.795491 -0.779062
v -1.163377 0.799455 -0.780628
v -1.163373 0.798555 -0.782028
v -1.161748 0.799427 -0.778996
v -1.161702 0.799063 -0.780676
v -1.161786 0.798336 -0.781813
v -1.161741 0.795559 -0.783001
v -1.160363 0.795543 -0.782076
v -1.163373 0.797190 -0.782974
v -1.161702 0.797224 -0.782581
v -1.160577 0.797126 -0.781832
v -1.159440 0.797122 -0.779034
v -1.160363 0.798501 -0.779011
v -1.159440 0.795518 -0.780691
v -1.159829 0.797191 -0.780704
v -1.160581 0.798315 -0.780602
v -1.163892 -2.869819 -0.847307
v -1.163896 -2.871125 -0.844311
v -1.159639 -2.863894 -0.842936
v -1.163892 -2.871679 -0.847300
v -1.163892 -2.872580 -0.846727
v -1.162263 -2.868913 -0.846773
v -1.162305 -2.871509 -0.846258
v -1.161432 -2.870402 -0.845774
v -1.162267 -2.870119 -0.844007
v -1.160882 -2.868392 -0.843637
v -1.163892 -2.872385 -0.845678
v -1.161100 -2.869829 -0.845018
v -1.159959 -2.865705 -0.844408
v -1.160882 -2.867470 -0.845755
v -1.159959 -2.866206 -0.843260
v -1.160348 -2.868140 -0.844786
v -1.120439 0.189451 0.878767
v -1.116575 0.187586 0.880320
v -1.118970 0.189755 0.878496
v -1.117719 0.189507 0.878695
v -1.116876 0.188745 0.879335
v -1.124677 -0.576540 0.017225
v -1.128545 -0.574655 0.015661
v -1.124982 -0.575373 0.016237
v -1.125821 -0.574604 0.015593
v -1.127076 -0.574353 0.015390
v -1.113805 -0.165408 1.180099
v -1.117757 -0.167541 1.181948
v -1.114095 -0.166594 1.181108
v -1.114949 -0.167416 1.181814
v -1.116235 -0.167748 1.182108
v -1.125863 -0.931628 0.318823
v -1.121907 -0.929489 0.316969
v -1.124341 -0.931834 0.318983
v -1.123056 -0.931500 0.318689
v -1.122201 -0.930676 0.317982
v -1.124719 -0.169106 0.422205
v -1.120858 -0.170971 0.423754
v -1.123250 -0.168802 0.421932
v -1.121999 -0.169050 0.422132
v -1.121160 -0.169811 0.422771
v -1.122045 -0.525583 0.724945
v -1.118093 -0.523460 0.723104
v -1.120523 -0.525789 0.725107
v -1.119237 -0.525460 0.724813
v -1.118387 -0.524641 0.724112
v -1.129026 -1.350457 -0.016474
v -1.125066 -1.348284 -0.018354
v -1.127504 -1.350662 -0.016314
v -1.126214 -1.350322 -0.016615
v -1.125360 -1.349488 -0.017332
v -1.127836 -0.995244 -0.318174
v -1.131719 -0.993324 -0.319771
v -1.128141 -0.994063 -0.319178
v -1.128984 -0.993281 -0.319832
v -1.130243 -0.993021 -0.320040
v -1.132131 -1.899362 -0.347124
v -1.128160 -1.896219 -0.348509
v -1.130605 -1.899493 -0.346928
v -1.129312 -1.898942 -0.347120
v -1.128453 -1.897794 -0.347677
v -1.130456 -1.442661 -0.595808
v -1.134355 -1.439778 -0.596897
v -1.130761 -1.441107 -0.596619
v -1.131608 -1.440011 -0.597109
v -1.132871 -1.439544 -0.597208
v -1.136880 -2.899681 -0.859550
v -1.132825 -2.887225 -0.854078
v -1.136842 -2.900277 -0.857679
v -1.135339 -2.896860 -0.858793
v -1.134031 -2.893502 -0.857487
v -1.135507 -2.899085 -0.858624
v -1.134229 -2.896907 -0.857576
v -1.134629 -2.898392 -0.857475
v -1.133126 -2.890490 -0.854095
v -1.134000 -2.894119 -0.854788
v -1.133146 -2.890118 -0.855829
v -1.133588 -2.894001 -0.856037
v -1.134214 -2.897168 -0.856434
v -1.137223 -2.901586 -0.859121
v -1.135301 -2.897556 -0.856045
v -1.135492 -2.899415 -0.857332
v -1.135598 -2.900410 -0.858297
v -1.136705 -1.932234 -0.841787
v -1.132760 -1.931135 -0.838823
v -1.135209 -1.931697 -0.841959
v -1.133931 -1.931298 -0.841455
v -1.133073 -1.931103 -0.840355
v -1.115754 0.495914 1.380033
v -1.111867 0.494666 1.382685
v -1.114278 0.496267 1.379843
v -1.113023 0.496155 1.380281
v -1.112172 0.495591 1.381277
v -1.107805 0.192831 1.820349
v -1.111749 0.191271 1.823370
v -1.108094 0.191864 1.821806
v -1.108945 0.191230 1.822893
v -1.110231 0.191019 1.823442
v -1.106530 0.776109 1.952566
v -1.110414 0.778925 1.953306
v -1.106828 0.777637 1.952456
v -1.107671 0.778709 1.952559
v -1.108930 0.779161 1.952856
v -1.099893 0.737035 3.092325
v -1.099874 0.735203 3.092772
v -1.096032 0.732131 3.078745
v -1.100103 0.736910 3.093653
v -1.098394 0.736382 3.089262
v -1.098527 0.736095 3.091509
v -1.098600 0.735708 3.092833
v -1.097677 0.734970 3.090641
v -1.098382 0.733654 3.089748
v -1.097127 0.732527 3.086023
v -1.100091 0.735918 3.093893
v -1.098520 0.734818 3.091742
v -1.097291 0.733994 3.089283
v -1.096303 0.733727 3.081913
v -1.097135 0.735220 3.085608
v -1.096299 0.731991 3.082159
v -1.096708 0.733743 3.085953
v -1.097295 0.735134 3.089106
v -1.227929 0.145384 0.917204
v -1.224118 0.150166 0.913107
v -1.227647 0.146769 0.916025
v -1.226823 0.148162 0.914835
v -1.225587 0.149355 0.913811
v -1.232221 -0.613940 0.050001
v -1.236036 -0.618738 0.054111
v -1.233690 -0.614750 0.050703
v -1.234929 -0.615949 0.051729
v -1.235749 -0.617347 0.052927
v -1.221750 -0.136063 1.156187
v -1.225755 -0.131518 1.152363
v -1.223275 -0.135348 1.155594
v -1.224572 -0.134232 1.154659
v -1.225442 -0.132888 1.153524
v -1.233861 -0.895599 0.289236
v -1.229852 -0.900151 0.293064
v -1.233548 -0.896971 0.290400
v -1.232675 -0.898317 0.291534
v -1.231378 -0.899433 0.292471
v -1.232213 -0.213171 0.460640
v -1.228406 -0.208394 0.456549
v -1.231931 -0.211789 0.459463
v -1.231111 -0.210395 0.458273
v -1.229871 -0.209203 0.457249
v -1.230043 -0.489567 0.695372
v -1.226041 -0.494104 0.699186
v -1.229730 -0.490935 0.696527
v -1.228860 -0.492275 0.697660
v -1.227563 -0.493389 0.698591
v -1.237020 -1.314393 -0.046089
v -1.233007 -1.318983 -0.042227
v -1.236707 -1.315780 -0.044912
v -1.235833 -1.317139 -0.043768
v -1.234533 -1.318264 -0.042826
v -1.235368 -1.032599 -0.285440
v -1.239194 -1.037444 -0.281288
v -1.236840 -1.033414 -0.284733
v -1.238084 -1.034622 -0.283695
v -1.238908 -1.036039 -0.282486
v -1.240113 -1.862077 -0.376104
v -1.236100 -1.867893 -0.372877
v -1.239801 -1.863932 -0.375174
v -1.238927 -1.865690 -0.374231
v -1.237630 -1.867080 -0.373426
v -1.237966 -1.479038 -0.562580
v -1.241815 -1.485110 -0.559063
v -1.239446 -1.479948 -0.561918
v -1.240697 -1.481421 -0.561020
v -1.241529 -1.483235 -0.560017
v -1.240804 -2.868265 -0.884970
v -1.240804 -2.868810 -0.883432
v -1.244764 -2.850136 -0.880178
v -1.242334 -2.864126 -0.884699
v -1.242395 -2.866391 -0.884693
v -1.242414 -2.867770 -0.884499
v -1.243169 -2.864882 -0.883913
v -1.242318 -2.864625 -0.882280
v -1.243604 -2.859608 -0.881262
v -1.241060 -2.869870 -0.884203
v -1.242387 -2.866630 -0.883564
v -1.243478 -2.863191 -0.882990
v -1.244478 -2.854314 -0.882105
v -1.243623 -2.859226 -0.883690
v -1.244462 -2.854519 -0.880520
v -1.244039 -2.859102 -0.882528
v -1.243486 -2.863027 -0.884018
v -1.244115 -1.973279 -0.801950
v -1.240258 -1.971472 -0.807486
v -1.243833 -1.973040 -0.803673
v -1.243001 -1.972613 -0.805330
v -1.241746 -1.972061 -0.806671
v -1.223222 0.452624 1.419849
v -1.219411 0.456637 1.414366
v -1.222940 0.453714 1.418142
v -1.222120 0.454859 1.416498
v -1.220880 0.455885 1.415174
v -1.215741 0.222748 1.797611
v -1.219762 0.226570 1.792315
v -1.217267 0.223409 1.796907
v -1.218568 0.224367 1.795652
v -1.219445 0.225477 1.794039
v -1.214025 0.739664 1.987623
v -1.217889 0.733953 1.989470
v -1.215505 0.738781 1.988157
v -1.216760 0.737385 1.988695
v -1.217595 0.735690 1.989155
v -1.203855 0.768204 3.066595
v -1.208017 0.764635 3.047781
v -1.203862 0.766679 3.067013
v -1.205419 0.768230 3.062346
v -1.206758 0.767563 3.057276
v -1.205442 0.768093 3.064655
v -1.206578 0.767660 3.061186
v -1.206239 0.767435 3.063066
v -1.207669 0.764707 3.052258
v -1.206762 0.765119 3.057482
v -1.207669 0.766299 3.052164
v -1.207185 0.766421 3.057077
v -1.206578 0.766626 3.061277
v -1.204061 0.767366 3.068142
v -1.205423 0.765812 3.062666
v -1.205446 0.766962 3.064810
v -1.205438 0.767821 3.066046
v -0.206121 -0.891083 -1.225582
v -0.204675 -0.892416 -1.221460
v -0.206571 -0.890725 -1.224169
v -0.206453 -0.890852 -1.222889
v -0.205789 -0.891447 -1.221937
v 0.566554 -0.035887 -1.200628
v 0.565093 -0.034540 -1.204756
v 0.565436 -0.034911 -1.201105
v 0.564765 -0.034312 -1.202059
v 0.564646 -0.034180 -1.203341
v 0.142562 -1.193638 -1.165201
v 0.145068 -1.195731 -1.168800
v 0.143759 -1.194672 -1.165312
v 0.144656 -1.195431 -1.166035
v 0.145118 -1.195803 -1.167261
v 0.916266 -0.339169 -1.147974
v 0.913741 -0.337063 -1.144377
v 0.916312 -0.339242 -1.146433
v 0.915847 -0.338867 -1.145208
v 0.914946 -0.338103 -1.144487
v 0.156440 -0.437718 -1.219248
v 0.157881 -0.439049 -1.215130
v 0.155989 -0.437359 -1.217834
v 0.156104 -0.437486 -1.216555
v 0.156768 -0.438079 -1.215605
v 0.507121 -0.741923 -1.162550
v 0.504618 -0.739837 -1.158951
v 0.507170 -0.741997 -1.161009
v 0.506709 -0.741626 -1.159784
v 0.505816 -0.740868 -1.159063
v 1.337210 -0.007157 -1.127361
v 1.334643 -0.005013 -1.123766
v 1.337252 -0.007226 -1.125818
v 1.336783 -0.006843 -1.124594
v 1.335864 -0.006066 -1.123873
v 0.987376 0.296232 -1.180029
v 0.985884 0.297607 -1.184181
v 0.986243 0.297222 -1.180511
v 0.985560 0.297830 -1.181469
v 0.985434 0.297967 -1.182758
v 1.915446 0.319597 -1.102003
v 1.911704 0.321209 -1.098383
v 1.915400 0.319487 -1.100460
v 1.914672 0.319753 -1.099230
v 1.913375 0.320360 -1.098499
v 1.436148 0.570608 -1.152723
v 1.433558 0.571413 -1.156870
v 1.434592 0.571382 -1.153194
v 1.433551 0.571807 -1.154148
v 1.433188 0.571819 -1.155439
v 3.056975 0.825605 -1.077768
v 3.041789 0.820459 -1.074144
v 3.057387 0.823960 -1.077757
v 3.053542 0.824962 -1.076349
v 3.049453 0.823760 -1.075165
v 3.055861 0.824787 -1.076410
v 3.053145 0.823838 -1.075220
v 3.054785 0.823720 -1.075552
v 3.045466 0.820468 -1.074306
v 3.049720 0.821141 -1.075048
v 3.045325 0.822177 -1.074390
v 3.049655 0.822361 -1.074671
v 3.053260 0.822729 -1.075172
v 3.058524 0.824645 -1.077934
v 3.053908 0.822364 -1.076260
v 3.056037 0.823571 -1.076370
v 3.057223 0.824474 -1.076439
v 1.926577 0.812772 -1.122698
v 1.925051 0.810064 -1.119284
v 1.925887 0.813038 -1.121309
v 1.925357 0.812617 -1.120174
v 1.925063 0.811573 -1.119463
v -0.517442 -1.389365 -1.223597
v -0.516629 -1.391793 -1.219454
v -0.517938 -1.389089 -1.222176
v -0.517961 -1.389454 -1.220892
v -0.517499 -1.390404 -1.219934
v -0.222055 -1.830276 -1.159241
v -0.220136 -1.833536 -1.162823
v -0.221082 -1.831756 -1.159344
v -0.220376 -1.832897 -1.160061
v -0.220041 -1.833523 -1.161283
v -0.803949 -1.958687 -1.210302
v -0.806360 -1.959635 -1.214407
v -0.805436 -1.958584 -1.210762
v -0.806417 -1.958729 -1.211702
v -0.806741 -1.959098 -1.212980
v -0.779413 -3.096326 -1.134157
v -0.777597 -3.096781 -1.133924
v -0.774766 -3.082566 -1.130600
v -0.778894 -3.098217 -1.134274
v -0.778878 -3.093181 -1.132778
v -0.778608 -3.095434 -1.132751
v -0.778230 -3.096763 -1.132708
v -0.777566 -3.094527 -1.131838
v -0.776174 -3.093686 -1.132456
v -0.775136 -3.089900 -1.131311
v -0.777341 -3.095675 -1.132599
v -0.776616 -3.093156 -1.131437
v -0.776365 -3.085735 -1.130852
v -0.777810 -3.089463 -1.131620
v -0.774640 -3.085995 -1.130655
v -0.776387 -3.089795 -1.131021
v -0.777749 -3.092967 -1.131567
v -0.151757 -0.936001 -1.325586
v -0.156858 -0.931660 -1.322529
v -0.153150 -0.934801 -1.325516
v -0.154607 -0.933554 -1.324911
v -0.155908 -0.932450 -1.323862
v 0.614352 -0.075109 -1.301693
v 0.619471 -0.079468 -1.304752
v 0.615302 -0.075902 -1.303026
v 0.616606 -0.077010 -1.304077
v 0.618071 -0.078262 -1.304682
v 0.124697 -1.175903 -1.276793
v 0.120627 -1.172288 -1.281456
v 0.124148 -1.175395 -1.278412
v 0.123183 -1.174529 -1.279867
v 0.121947 -1.173439 -1.280935
v 0.891810 -0.315715 -1.260630
v 0.895892 -0.319339 -1.255962
v 0.893134 -0.316869 -1.260111
v 0.894374 -0.317963 -1.259041
v 0.895343 -0.318832 -1.257584
v 0.210799 -0.482632 -1.319254
v 0.205703 -0.478293 -1.316198
v 0.209410 -0.481432 -1.319183
v 0.207953 -0.480186 -1.318577
v 0.206652 -0.479084 -1.317530
v 0.482684 -0.718486 -1.275202
v 0.486747 -0.722095 -1.270540
v 0.484000 -0.719635 -1.274685
v 0.485236 -0.720723 -1.273615
v 0.486201 -0.721588 -1.272163
v 1.312709 0.016335 -1.240019
v 1.316840 0.012668 -1.235338
v 1.314051 0.015167 -1.239494
v 1.315306 0.014058 -1.238424
v 1.316287 0.013181 -1.236963
v 1.035128 0.257049 -1.281084
v 1.040293 0.252649 -1.284155
v 1.036082 0.256253 -1.282425
v 1.037402 0.255134 -1.283478
v 1.038878 0.253870 -1.284086
v 1.889476 0.342409 -1.214626
v 1.895079 0.339422 -1.209976
v 1.891379 0.341499 -1.214115
v 1.893111 0.340613 -1.213053
v 1.894412 0.339883 -1.211599
v 1.482775 0.530878 -1.253721
v 1.489341 0.527177 -1.256859
v 1.483840 0.530130 -1.255075
v 1.485465 0.529163 -1.256147
v 1.487395 0.528126 -1.256773
v 3.036601 0.845195 -1.185879
v 3.037020 0.843786 -1.185726
v 3.016417 0.840292 -1.190393
v 3.032092 0.844857 -1.187550
v 3.034491 0.844825 -1.187489
v 3.035933 0.844623 -1.187426
v 3.032775 0.844011 -1.188305
v 3.032328 0.842506 -1.187407
v 3.026767 0.841390 -1.188883
v 3.038153 0.844454 -1.185930
v 3.034610 0.843727 -1.187422
v 3.030848 0.843086 -1.188662
v 3.021167 0.842201 -1.189993
v 3.026671 0.843804 -1.188995
v 3.021178 0.840614 -1.189932
v 3.026385 0.842615 -1.189379
v 3.030802 0.844106 -1.188709
v 1.977916 0.766503 -1.223547
v 1.975756 0.772270 -1.219473
v 1.977660 0.768239 -1.223114
v 1.977160 0.769943 -1.222187
v 1.976493 0.771360 -1.220909
v -0.463872 -1.435654 -1.323576
v -0.468187 -1.429931 -1.320520
v -0.464963 -1.433925 -1.323509
v -0.466165 -1.432230 -1.322906
v -0.467302 -1.430828 -1.321857
v -0.240506 -1.813711 -1.270805
v -0.243837 -1.808629 -1.275499
v -0.240999 -1.813092 -1.272432
v -0.241803 -1.811908 -1.273893
v -0.242799 -1.810338 -1.274971
v -0.757127 -2.000183 -1.311287
v -0.751073 -2.002285 -1.314430
v -0.756105 -2.000807 -1.312635
v -0.754594 -2.001427 -1.313707
v -0.752828 -2.001945 -1.314335
v -0.799478 -3.076526 -1.242075
v -0.795278 -3.057999 -1.246923
v -0.797967 -3.076955 -1.241903
v -0.799295 -3.072370 -1.243879
v -0.798433 -3.067389 -1.245432
v -0.799463 -3.077854 -1.242201
v -0.799184 -3.074681 -1.243753
v -0.798593 -3.071286 -1.245039
v -0.798429 -3.073146 -1.244570
v -0.795438 -3.062452 -1.246332
v -0.796006 -3.067614 -1.245169
v -0.797021 -3.062345 -1.246502
v -0.797254 -3.067224 -1.245749
v -0.797567 -3.071383 -1.244928
v -0.796891 -3.072708 -1.243614
v -0.798059 -3.074845 -1.243631
v -0.798928 -3.076073 -1.243643
v 0.168223 1.115081 0.429359
v 0.166560 1.118959 0.427614
v 0.167193 1.115392 0.428240
v 0.166514 1.116241 0.427515
v 0.166293 1.117492 0.427296
v 0.900691 1.116138 0.368843
v 0.902575 1.120071 0.370968
v 0.901740 1.116418 0.369993
v 0.902465 1.117265 0.370798
v 0.902758 1.118547 0.371141
v 0.588195 1.122093 0.027647
v 0.586543 1.125971 0.025909
v 0.587168 1.122405 0.026529
v 0.586493 1.123252 0.025808
v 0.586276 1.124505 0.025591
v 0.480696 1.109127 0.770533
v 0.482581 1.113060 0.772661
v 0.481745 1.109407 0.771685
v 0.482470 1.110256 0.772493
v 0.482764 1.111538 0.772837
v 0.125075 1.101658 1.198442
v 0.126982 1.105596 1.200596
v 0.126132 1.101940 1.199602
v 0.126864 1.102789 1.200418
v 0.127162 1.104073 1.200769
v -0.187757 1.107620 0.856880
v -0.189443 1.111509 0.855108
v -0.188798 1.107933 0.855749
v -0.189485 1.108782 0.855013
v -0.189710 1.110037 0.854788
v -0.474962 1.099944 1.296602
v -0.476609 1.103854 1.294680
v -0.475991 1.100260 1.295412
v -0.476667 1.101113 1.294626
v -0.476884 1.102375 1.294371
v -0.168260 1.093756 1.650919
v -0.166383 1.097696 1.653225
v -0.167215 1.094038 1.652140
v -0.166490 1.094887 1.653006
v -0.166200 1.096172 1.653387
v -0.813897 1.078758 2.506037
v -0.817830 1.082733 2.515284
v -0.815442 1.079013 2.509506
v -0.816736 1.079858 2.512484
v -0.817571 1.081163 2.514511
v -0.715913 1.091508 1.779905
v -0.716165 1.095497 1.774986
v -0.716409 1.091845 1.777563
v -0.716634 1.092722 1.775808
v -0.716546 1.094006 1.774904
v -0.555394 1.079885 2.441351
v -0.554914 1.083778 2.446646
v -0.554883 1.080149 2.443714
v -0.554612 1.080978 2.445551
v -0.554624 1.082254 2.446579
v 1.381152 1.122324 0.014385
v 1.383189 1.126260 0.016438
v 1.382258 1.122607 0.015507
v 1.383033 1.123455 0.016291
v 1.383361 1.124737 0.016615
v 1.051291 1.128166 -0.320210
v 1.049498 1.132051 -0.321861
v 1.050208 1.128478 -0.321295
v 1.049487 1.129327 -0.321989
v 1.049239 1.130582 -0.322189
v 2.428099 1.136192 -0.780132
v 2.437049 1.140414 -0.784155
v 2.431483 1.136536 -0.781740
v 2.434371 1.137460 -0.783070
v 2.436328 1.138821 -0.783918
v 2.319560 1.130744 -0.467943
v 2.325019 1.134712 -0.467581
v 2.321978 1.131036 -0.467468
v 2.323863 1.131895 -0.467234
v 2.324931 1.133186 -0.467272
v 1.582293 1.133623 -0.632900
v 1.577422 1.137496 -0.632797
v 1.580031 1.133926 -0.633316
v 1.578311 1.134767 -0.633442
v 1.577395 1.136022 -0.633261
v 0.201380 1.222280 0.467445
v 0.205619 1.226044 0.472143
v 0.202098 1.223737 0.468256
v 0.203154 1.224964 0.469431
v 0.204390 1.225774 0.470797
v 0.874690 1.224340 0.342333
v 0.870669 1.228385 0.338013
v 0.874057 1.225870 0.341669
v 0.873069 1.227176 0.340614
v 0.871878 1.228061 0.339331
v 0.621363 1.229291 0.065742
v 0.625594 1.233057 0.070429
v 0.622081 1.230751 0.066549
v 0.623137 1.231975 0.067724
v 0.624369 1.232786 0.069086
v 0.454695 1.217327 0.744028
v 0.450675 1.221375 0.739704
v 0.454062 1.218859 0.743361
v 0.453078 1.220165 0.742308
v 0.451888 1.221048 0.741022
v 0.099097 1.209854 1.171965
v 0.095053 1.213905 1.167614
v 0.098464 1.211388 1.171297
v 0.097472 1.212696 1.170237
v 0.096274 1.213579 1.168943
v -0.154630 1.214809 0.894934
v -0.150361 1.218582 0.899662
v -0.153909 1.216269 0.895746
v -0.152845 1.217501 0.896929
v -0.151597 1.218311 0.898304
v -0.441812 1.207120 1.334490
v -0.437577 1.210907 1.339418
v -0.441095 1.208588 1.335318
v -0.440034 1.209822 1.336546
v -0.438802 1.210636 1.337986
v -0.194265 1.201945 1.624598
v -0.198266 1.206004 1.620058
v -0.194898 1.203480 1.623915
v -0.195878 1.204790 1.622812
v -0.197061 1.205678 1.621458
v -0.814416 1.186056 2.520815
v -0.809461 1.190393 2.510347
v -0.813997 1.187657 2.520088
v -0.812906 1.189045 2.517843
v -0.811315 1.190005 2.514425
v -0.681382 1.198713 1.814779
v -0.678918 1.202455 1.823515
v -0.680795 1.200184 1.815901
v -0.680120 1.201412 1.817953
v -0.679460 1.202209 1.820627
v -0.582792 1.188016 2.418018
v -0.585019 1.192146 2.409697
v -0.583291 1.189556 2.417048
v -0.583886 1.190884 2.415125
v -0.584497 1.191793 2.412544
v 1.355304 1.230526 -0.012197
v 1.351092 1.234571 -0.016424
v 1.354655 1.232056 -0.012856
v 1.353629 1.233364 -0.013889
v 1.352374 1.234247 -0.015142
v 1.084311 1.235355 -0.282036
v 1.088725 1.239129 -0.277451
v 1.085044 1.236816 -0.281233
v 1.086138 1.238044 -0.280081
v 1.087432 1.238856 -0.278753
v 2.440463 1.243708 -0.778625
v 2.430320 1.247786 -0.773451
v 2.439734 1.245294 -0.778162
v 2.437552 1.246627 -0.777018
v 2.434245 1.247504 -0.775362
v 2.297137 1.238971 -0.496214
v 2.288661 1.242982 -0.498333
v 2.296164 1.240500 -0.496710
v 2.294211 1.241800 -0.497290
v 2.291579 1.242672 -0.497858
v 1.612223 1.240768 -0.592983
v 1.620440 1.244594 -0.590546
v 1.613246 1.242237 -0.592344
v 1.615165 1.243480 -0.591656
v 1.617694 1.244308 -0.591024
v 2.991320 1.192342 -0.797033
v 2.990824 1.192371 -0.798697
v 2.992205 1.192369 -0.798613
v -0.820752 1.126217 2.982901
v -0.822480 1.126225 2.982391
v -0.822370 1.126202 2.983786
v -1.252713 1.248096 1.312696
v -1.257211 1.243454 1.312729
v -1.254434 1.247725 1.313456
v -1.255895 1.246711 1.313726
v -1.256868 1.245213 1.313471
v -1.249643 -1.272311 -1.298466
v -1.254220 -1.272382 -1.293915
v -1.251390 -1.273032 -1.298134
v -1.252877 -1.273299 -1.297155
v -1.253869 -1.273071 -1.295671
v -1.254110 -1.311816 1.268744
v -1.257592 -1.311217 1.268103
v -1.255441 -1.312312 1.269217
v -1.256570 -1.312372 1.269260
v 1.315818 1.286687 -1.251701
v 1.315772 1.291189 -1.247047
v 1.316550 1.288435 -1.251331
v 1.316798 1.289905 -1.250315
v 1.316527 1.290873 -1.248812
v 1.313098 1.248891 1.315516
v 1.312407 1.252388 1.314829
v 1.313582 1.250214 1.316015
v 1.313617 1.251344 1.316059
v 1.316092 -1.268662 -1.292852
v 1.315417 -1.267984 -1.296293
v 1.316573 -1.269125 -1.294191
v 1.316619 -1.269159 -1.295313
v -0.775995 1.250563 1.052317
v -0.780484 1.254766 1.054281
v -0.776342 1.252192 1.052317
v -0.777314 1.253563 1.052691
v -0.778772 1.254465 1.053377
v 1.061866 1.282284 -0.769423
v 1.059424 1.277937 -0.764893
v 1.060931 1.281927 -0.767668
v 1.060138 1.280975 -0.766190
v 1.059607 1.279574 -0.765215
v 1.061446 1.257660 1.058165
v 1.059027 1.253462 1.056170
v 1.060519 1.257355 1.057253
v 1.059733 1.256452 1.056553
v 1.059211 1.255083 1.056173
v -0.775205 -1.030255 -1.288980
v -0.779767 -1.032515 -1.293293
v -0.775548 -1.030405 -1.290617
v -0.776536 -1.030886 -1.292009
v -0.778020 -1.031626 -1.292948
v 1.066600 0.809886 -1.253042
v 1.069007 0.814548 -1.257250
v 1.066787 0.810264 -1.254669
v 1.067309 0.811282 -1.256041
v 1.068087 0.812788 -1.256945
v 1.070914 -1.029648 -1.289438
v 1.068492 -1.027368 -1.285109
v 1.069991 -1.028752 -1.289087
v 1.069205 -1.028004 -1.288141
v 1.068679 -1.027519 -1.286745
v -1.257398 0.772236 1.062647
v -1.253141 0.767660 1.060225
v -1.257074 0.770486 1.061716
v -1.256150 0.769000 1.060930
v -1.254770 0.768008 1.060408
v -1.254876 -1.039372 -0.820051
v -1.250623 -1.037112 -0.815447
v -1.254556 -1.038508 -0.818293
v -1.253633 -1.037774 -0.816799
v -1.252252 -1.037284 -0.815800
v -1.257657 -1.071648 1.030493
v -1.253400 -1.069291 1.028158
v -1.257333 -1.070746 1.029596
v -1.256410 -1.069981 1.028841
v -1.255029 -1.069470 1.028337
v -0.771589 1.151852 1.061464
v -0.775857 1.156078 1.063097
v -0.773217 1.152161 1.062239
v -0.774602 1.153072 1.062822
v -0.775529 1.154448 1.063124
v 1.059561 1.190960 -0.766411
v 1.057441 1.186624 -0.762232
v 1.059405 1.189324 -0.766115
v 1.058944 1.187927 -0.765219
v 1.058253 1.186977 -0.763853
v 1.059169 1.158940 1.066957
v 1.056166 1.154736 1.064425
v 1.058944 1.157318 1.066912
v 1.058291 1.155949 1.066416
v 1.057315 1.155043 1.065542
v -0.771135 -1.029718 -1.197697
v -0.775384 -1.031773 -1.202002
v -0.772763 -1.030529 -1.198040
v -0.774144 -1.031203 -1.198977
v -0.775064 -1.031640 -1.200369
v 1.064276 0.804029 -1.161884
v 1.066420 0.808368 -1.166065
v 1.065093 0.805667 -1.162178
v 1.065787 0.807066 -1.163076
v 1.066252 0.808015 -1.164440
v 1.068312 -1.028886 -1.198130
v 1.065280 -1.025957 -1.193823
v 1.068076 -1.028686 -1.196497
v 1.067420 -1.028058 -1.195105
v 1.066436 -1.027099 -1.194166
v -1.166147 0.767647 1.060354
v -1.161885 0.763423 1.058149
v -1.164518 0.767324 1.060190
v -1.163133 0.766410 1.059713
v -1.162210 0.765039 1.058996
v -1.163633 -1.037127 -0.815317
v -1.159379 -1.035078 -0.811014
v -1.162000 -1.036970 -0.814987
v -1.160619 -1.036527 -0.814054
v -1.159700 -1.035862 -0.812658
v -1.166406 -1.069305 1.028292
v -1.162141 -1.066247 1.025333
v -1.164777 -1.069072 1.028067
v -1.163392 -1.068411 1.027430
v -1.162469 -1.067417 1.026466
v -0.775533 1.231502 -0.765249
v -0.771268 1.231575 -0.769499
v -0.775205 1.231529 -0.766878
v -0.774286 1.231551 -0.768259
v -0.772901 1.231567 -0.769180
v 2.891497 1.237278 -0.758793
v 2.890258 1.237323 -0.761805
v 2.892329 1.237297 -0.759943
v 2.891658 1.237321 -0.761572
v -0.773408 -2.864007 -1.277485
v -0.770387 -2.865259 -1.277502
v -0.772519 -2.866138 -1.277521
v 2.905944 0.812007 -1.205690
v 2.907191 0.809003 -1.205740
v 2.907347 0.811779 -1.205690
v 2.908023 0.810155 -1.205717
v -1.206868 0.795573 -0.783392
v -1.206872 0.799758 -0.779058
v -1.206868 0.797197 -0.783039
v -1.206868 0.798563 -0.782091
v -1.206872 0.799462 -0.780695
v -1.212415 0.732520 2.900827
v -1.212411 0.735547 2.899637
v -1.212415 0.734631 2.901752
v -0.776323 1.175137 2.880537
v -0.773256 1.175121 2.881876
v -0.776090 1.175116 2.881983
v -0.775426 1.175104 2.882744
v -0.772928 0.806245 -1.213419
v -0.777181 0.801979 -1.213501
v -0.774556 0.805919 -1.213427
v -0.775937 0.804992 -1.213446
v -0.776860 0.803609 -1.213472
v -1.207391 -2.871116 -0.844376
v -1.207387 -2.869810 -0.847372
v -1.207391 -2.871922 -0.845545
v -1.207387 -2.871217 -0.847168
v -1.122842 -0.370313 0.212515
v -1.126703 -0.368438 0.210962
v -1.123143 -0.369149 0.211531
v -1.123986 -0.368385 0.210890
v -1.125234 -0.368136 0.210691
v -1.115991 -0.337188 0.946703
v -1.119943 -0.339313 0.948545
v -1.116285 -0.338372 0.947710
v -1.117139 -0.339190 0.948414
v -1.118425 -0.339522 0.948708
v -1.118760 0.015495 0.647186
v -1.122621 0.017361 0.645639
v -1.119062 0.016656 0.646204
v -1.119901 0.017416 0.645565
v -1.121152 0.017664 0.645367
v -1.120073 -0.722971 0.512014
v -1.124028 -0.725100 0.513861
v -1.120366 -0.724155 0.513021
v -1.121221 -0.724976 0.513727
v -1.122506 -0.725307 0.514021
v -1.123567 -1.137365 0.140669
v -1.127527 -1.139518 0.142536
v -1.123861 -1.138558 0.141687
v -1.124715 -1.139385 0.142397
v -1.126004 -1.139723 0.142698
v -1.126340 -0.784302 -0.159168
v -1.130212 -0.782400 -0.160748
v -1.126642 -0.783128 -0.160164
v -1.127485 -0.782354 -0.160814
v -1.128740 -0.782101 -0.161016
v -1.129197 -1.213058 -0.462584
v -1.133088 -1.211004 -0.464125
v -1.129503 -1.211824 -0.463566
v -1.130349 -1.211000 -0.464203
v -1.131608 -1.210713 -0.464399
v -1.126489 -1.578637 -0.169348
v -1.130452 -1.580941 -0.167519
v -1.126783 -1.579890 -0.168346
v -1.127637 -1.580767 -0.167646
v -1.128927 -1.581137 -0.167355
v -1.132791 -2.409173 -0.846451
v -1.136964 -2.418197 -0.850683
v -1.133119 -2.412578 -0.848122
v -1.134031 -2.415489 -0.849514
v -1.135381 -2.417459 -0.850412
v -1.131646 -1.687095 -0.721415
v -1.135549 -1.682103 -0.721441
v -1.131948 -1.684734 -0.721821
v -1.132795 -1.682956 -0.721966
v -1.134057 -1.682031 -0.721834
v -1.130353 -2.354177 -0.585724
v -1.134336 -2.359419 -0.585402
v -1.130655 -2.356553 -0.585297
v -1.131513 -2.358384 -0.585085
v -1.132806 -2.359391 -0.585123
v -1.111367 -0.000868 1.440050
v -1.115319 -0.002927 1.442049
v -1.111657 -0.002025 1.441116
v -1.112512 -0.002823 1.441870
v -1.113797 -0.003140 1.442198
v -1.114301 0.345865 1.122932
v -1.118173 0.347651 1.121241
v -1.114602 0.346994 1.121895
v -1.115445 0.347731 1.121210
v -1.116700 0.347960 1.120979
v -1.101281 0.754108 2.515902
v -1.105344 0.757870 2.525038
v -1.101564 0.755596 2.519346
v -1.102433 0.756832 2.522291
v -1.103761 0.757629 2.524290
v -1.102422 0.446146 2.395781
v -1.106344 0.445647 2.401260
v -1.102700 0.445585 2.398180
v -1.103547 0.445294 2.400064
v -1.104825 0.445315 2.401144
v -1.109224 0.638552 1.665224
v -1.113141 0.638697 1.660387
v -1.109536 0.639055 1.662981
v -1.110395 0.639261 1.661274
v -1.111657 0.639133 1.660364
v -1.230390 -0.407727 0.245302
v -1.234197 -0.412513 0.249403
v -1.231855 -0.408537 0.246004
v -1.233094 -0.409730 0.247030
v -1.233918 -0.411126 0.248224
v -1.223943 -0.307834 0.922787
v -1.227945 -0.303297 0.918970
v -1.225465 -0.307120 0.922194
v -1.226762 -0.306006 0.921259
v -1.227632 -0.304665 0.920128
v -1.226308 -0.021931 0.679981
v -1.230115 -0.026707 0.684072
v -1.227773 -0.022739 0.680681
v -1.229013 -0.023932 0.681705
v -1.229833 -0.025324 0.682898
v -1.228021 -0.693621 0.488100
v -1.232026 -0.689080 0.484282
v -1.229547 -0.692907 0.487505
v -1.230844 -0.691794 0.486574
v -1.231714 -0.690449 0.485441
v -1.231511 -1.108041 0.116779
v -1.235521 -1.103474 0.112936
v -1.233037 -1.107325 0.116184
v -1.234334 -1.106203 0.115244
v -1.235208 -1.104851 0.114103
v -1.233876 -0.821680 -0.126411
v -1.237695 -0.826501 -0.122282
v -1.235345 -0.822495 -0.125708
v -1.236585 -0.823696 -0.124676
v -1.237413 -0.825103 -0.123472
v -1.236722 -1.250273 -0.429800
v -1.240556 -1.255287 -0.425714
v -1.238195 -1.251103 -0.429098
v -1.239442 -1.252347 -0.428074
v -1.240270 -1.253818 -0.426886
v -1.234426 -1.549472 -0.193274
v -1.238439 -1.544719 -0.197062
v -1.235955 -1.548738 -0.193865
v -1.237252 -1.547580 -0.194792
v -1.238126 -1.546165 -0.195917
v -1.240331 -2.422043 -0.846447
v -1.244439 -2.411692 -0.841063
v -1.241918 -2.421302 -0.845985
v -1.243253 -2.419075 -0.844799
v -1.244138 -2.415699 -0.843071
v -1.239133 -1.721352 -0.687132
v -1.243005 -1.730109 -0.684958
v -1.240617 -1.722471 -0.686573
v -1.241876 -1.724528 -0.685961
v -1.242715 -1.727209 -0.685394
v -1.238298 -2.327949 -0.611153
v -1.242303 -2.319479 -0.613028
v -1.239827 -2.326934 -0.611597
v -1.241124 -2.324968 -0.612112
v -1.241994 -2.322350 -0.612612
v -1.219312 0.028551 1.416288
v -1.223321 0.033003 1.412275
v -1.220838 0.029259 1.415682
v -1.222135 0.030354 1.414705
v -1.223008 0.031670 1.413509
v -1.221841 0.308369 1.155579
v -1.225656 0.303688 1.159857
v -1.223310 0.307566 1.156294
v -1.224550 0.306393 1.157358
v -1.225374 0.305033 1.158609
v -1.208684 0.754026 2.529272
v -1.212949 0.749305 2.518984
v -1.210286 0.753619 2.528543
v -1.211660 0.752578 2.526331
v -1.212594 0.751064 2.522974
v -1.210332 0.477122 2.375502
v -1.214383 0.479626 2.367153
v -1.211862 0.477684 2.374563
v -1.213166 0.478357 2.372648
v -1.214051 0.479038 2.370047
v -1.216779 0.599425 1.694714
v -1.220571 0.596752 1.702871
v -1.218248 0.598775 1.695726
v -1.219484 0.598038 1.697634
v -1.220300 0.597328 1.700140
v -1.151868 0.750940 3.079893
v -1.151872 0.752624 3.079458
v -1.151853 0.752118 3.081404
v -1.188825 -2.884542 -0.870556
v -1.188840 -2.883972 -0.872265
v -1.188833 -2.885680 -0.871277
v 0.358897 -0.229493 -1.208763
v 0.357444 -0.228155 -1.212887
v 0.357783 -0.228520 -1.209242
v 0.357116 -0.227925 -1.210192
v 0.356997 -0.227795 -1.211470
v 0.316447 -0.961806 -1.163149
v 0.318946 -0.963895 -1.166746
v 0.317641 -0.962839 -1.163260
v 0.318537 -0.963597 -1.163982
v 0.318995 -0.963968 -1.165207
v -0.030488 -0.660851 -1.219358
v -0.031926 -0.659520 -1.223476
v -0.031598 -0.659881 -1.219833
v -0.032262 -0.659289 -1.220783
v -0.032377 -0.659161 -1.222061
v 0.705802 -0.530424 -1.152559
v 0.708308 -0.532517 -1.156158
v 0.707000 -0.531458 -1.152672
v 0.707896 -0.532218 -1.153391
v 0.708358 -0.532591 -1.154617
v 1.122790 -0.162412 -1.134804
v 1.125335 -0.164536 -1.138399
v 1.124003 -0.163457 -1.134914
v 1.124911 -0.164227 -1.135635
v 1.125376 -0.164607 -1.136860
v 0.775496 0.138856 -1.191072
v 0.774020 0.140216 -1.195211
v 0.774371 0.139839 -1.191551
v 0.773696 0.140442 -1.192507
v 0.773574 0.140575 -1.193792
v 1.205924 0.439010 -1.167318
v 1.204280 0.440320 -1.171480
v 1.204730 0.439975 -1.167799
v 1.203997 0.440565 -1.168760
v 1.203841 0.440684 -1.170052
v 1.569194 0.144266 -1.111301
v 1.571921 0.142178 -1.114897
v 1.570479 0.143234 -1.111408
v 1.571448 0.142475 -1.112129
v 1.571952 0.142106 -1.113356
v 2.483615 0.815256 -1.096611
v 2.493975 0.819200 -1.100321
v 2.487406 0.816890 -1.096792
v 2.490706 0.818214 -1.097561
v 2.493010 0.819025 -1.098799
v 1.681029 0.694500 -1.136217
v 1.676211 0.694211 -1.140322
v 1.678618 0.694860 -1.136667
v 1.676852 0.694929 -1.137606
v 1.676009 0.694702 -1.138889
v 2.429358 0.555437 -1.085972
v 2.435565 0.554897 -1.089642
v 2.431971 0.554996 -1.086107
v 2.434069 0.554740 -1.086851
v 2.435332 0.554704 -1.088093
v -0.024469 -1.452009 -1.164743
v -0.022035 -1.454250 -1.168339
v -0.023298 -1.453100 -1.164852
v -0.022428 -1.453907 -1.165575
v -0.021981 -1.454313 -1.166800
v -0.365258 -1.133528 -1.221516
v -0.366616 -1.132054 -1.225641
v -0.366338 -1.132503 -1.221994
v -0.366975 -1.131862 -1.222944
v -0.367074 -1.131705 -1.224228
v -0.789350 -2.520875 -1.170435
v -0.792783 -2.530209 -1.174330
v -0.790841 -2.524319 -1.170668
v -0.792016 -2.527304 -1.171494
v -0.792699 -2.529373 -1.172777
v -0.481469 -2.402874 -1.146833
v -0.480634 -2.408583 -1.150358
v -0.480909 -2.405292 -1.146915
v -0.480554 -2.407226 -1.147615
v -0.480458 -2.408381 -1.148823
v -0.663404 -1.672825 -1.215364
v -0.663091 -1.668227 -1.219549
v -0.663846 -1.670602 -1.215858
v -0.663942 -1.668948 -1.216827
v -0.663675 -1.668113 -1.218124
v 0.406710 -0.268728 -1.309832
v 0.411811 -0.273074 -1.312889
v 0.407656 -0.269519 -1.311167
v 0.408961 -0.270623 -1.312216
v 0.410418 -0.271871 -1.312820
v 0.298575 -0.944066 -1.274736
v 0.294513 -0.940459 -1.279400
v 0.298026 -0.943559 -1.276358
v 0.297061 -0.942695 -1.277815
v 0.295829 -0.941606 -1.278883
v 0.017340 -0.700097 -1.320425
v 0.022429 -0.704435 -1.323483
v 0.018286 -0.700888 -1.321756
v 0.019587 -0.701990 -1.322805
v 0.021041 -0.703233 -1.323412
v 0.687937 -0.512688 -1.264147
v 0.683867 -0.509076 -1.268810
v 0.687388 -0.512181 -1.265770
v 0.686423 -0.511317 -1.267223
v 0.685187 -0.510226 -1.268293
v 1.104960 -0.144708 -1.246384
v 1.100856 -0.141064 -1.251055
v 1.104411 -0.144198 -1.248007
v 1.103438 -0.143326 -1.249466
v 1.102187 -0.142226 -1.250536
v 0.823275 0.099651 -1.292133
v 0.828414 0.095273 -1.295198
v 0.824229 0.098855 -1.293470
v 0.825537 0.097745 -1.294521
v 0.827010 0.096487 -1.295130
v 1.253512 0.399774 -1.268360
v 1.258876 0.395448 -1.271444
v 1.254485 0.398979 -1.269705
v 1.255847 0.397880 -1.270763
v 1.257388 0.396639 -1.271374
v 1.551551 0.162004 -1.222872
v 1.547221 0.165594 -1.227551
v 1.550982 0.162511 -1.224497
v 1.549960 0.163370 -1.225958
v 1.548640 0.164453 -1.227030
v 2.508326 0.808901 -1.202410
v 2.497458 0.803407 -1.206854
v 2.507674 0.808357 -1.203993
v 2.505381 0.807123 -1.205393
v 2.501792 0.805384 -1.206398
v 1.725413 0.653690 -1.237139
v 1.734736 0.651329 -1.240366
v 1.726691 0.653041 -1.238504
v 1.728911 0.652366 -1.239597
v 1.731738 0.651763 -1.240250
v 2.415198 0.574723 -1.197613
v 2.406516 0.576364 -1.202202
v 2.414298 0.575080 -1.199230
v 2.412329 0.575517 -1.200672
v 2.409598 0.575968 -1.201715
v -0.042409 -1.434421 -1.276327
v -0.046380 -1.430620 -1.280996
v -0.042951 -1.433902 -1.277948
v -0.043893 -1.432995 -1.279404
v -0.045099 -1.431843 -1.280476
v -0.317353 -1.172625 -1.322580
v -0.312360 -1.177148 -1.325640
v -0.316415 -1.173430 -1.323915
v -0.315137 -1.174573 -1.324965
v -0.313714 -1.175879 -1.325571
v -0.778444 -2.540500 -1.276312
v -0.773191 -2.530505 -1.280655
v -0.777871 -2.539865 -1.277905
v -0.776670 -2.537745 -1.279287
v -0.775026 -2.534458 -1.280254
v -0.501004 -2.388758 -1.258341
v -0.502984 -2.380637 -1.263102
v -0.501397 -2.387906 -1.259972
v -0.501909 -2.386064 -1.261448
v -0.502465 -2.383511 -1.262548
v -0.613847 -1.708783 -1.316456
v -0.610894 -1.717165 -1.319479
v -0.613057 -1.709884 -1.317791
v -0.612222 -1.711864 -1.318834
v -0.611463 -1.714423 -1.319427
v -0.787782 -3.086868 -1.187914
v -0.789449 -3.086421 -1.188116
v -0.788972 -3.088366 -1.187935
v 3.047202 0.833873 -1.131742
v 3.046786 0.835404 -1.131824
v 3.048377 0.834512 -1.131725
v -1.253934 -2.876352 -0.848860
v -0.777368 1.228917 2.874430
v 2.896201 1.283727 -0.762026
v -1.258882 0.736782 2.906122
v 2.912028 0.813827 -1.252031
vn -0.0537 -0.9937 -0.0988
vn -0.0000 -0.9998 -0.0175
vn -0.0584 -0.9937 -0.0954
vn -0.6046 0.3668 -0.7071
vn -0.6194 0.4553 -0.6396
vn -0.5793 0.4558 -0.6758
vn 0.0656 -0.9965 0.0512
vn 0.7406 0.2616 0.6190
vn 0.7486 0.3541 0.5605
vn 0.7743 0.2590 0.5775
vn -0.0784 -0.9941 -0.0750
vn -0.0749 -0.9940 -0.0793
vn -0.5621 0.3659 -0.7417
vn -0.5387 0.4549 -0.7092
vn 0.5717 0.2598 0.7782
vn 0.4907 0.3503 0.7978
vn 0.5528 0.3549 0.7540
vn 0.6647 0.2625 0.6995
vn 0.6815 0.3576 0.6385
vn 0.7053 0.2622 0.6586
vn -0.0706 -0.9941 -0.0828
vn -0.0668 -0.9940 -0.0870
vn 0.0688 -0.9965 0.0466
vn -0.0000 -0.9998 -0.0174
vn 0.7828 0.3506 0.5142
vn 0.8088 0.2570 0.5289
vn -0.8172 0.3462 -0.4608
vn -0.7548 0.4414 -0.4852
vn -0.7858 0.3533 -0.5076
vn -0.7533 0.3572 -0.5523
vn -0.6901 0.4508 -0.5662
vn -0.7199 0.3610 -0.5928
vn 0.8167 0.3454 0.4623
vn 0.8433 0.2518 0.4748
vn 0.8408 0.3404 0.4209
vn 0.8675 0.2473 0.4317
vn -0.8599 0.3372 -0.3833
vn -0.8120 0.4270 -0.3979
vn -0.8432 0.3405 -0.4161
vn -0.0826 -0.9941 -0.0707
vn 0.8513 0.3379 0.4014
vn 0.8775 0.2462 0.4115
vn 0.6818 0.3604 0.6366
vn 0.7824 0.0365 0.6217
vn -0.9462 0.2720 -0.1754
vn -0.8293 0.4211 -0.3673
vn -0.0919 -0.9938 -0.0621
vn -0.0870 -0.9940 -0.0662
vn -0.5186 0.3641 -0.7736
vn -0.4970 0.4529 -0.7402
vn -0.4768 0.3623 -0.8009
vn -0.4572 0.4499 -0.7672
vn 0.4444 0.2511 0.8599
vn 0.4006 0.3407 0.8505
vn 0.4312 0.3444 0.8340
vn 0.0605 -0.9967 0.0541
vn -0.4471 0.3618 -0.8180
vn -0.4290 0.4472 -0.7849
vn -0.2218 0.3159 -0.9225
vn -0.2218 0.4106 -0.8844
vn 0.4126 0.2499 0.8759
vn 0.6290 0.3607 0.6887
vn 0.0501 -0.9968 0.0623
vn -0.5923 0.5263 -0.6101
vn -0.5542 0.5263 -0.6449
vn -0.0000 0.9998 0.0175
vn -0.0666 0.9973 -0.0315
vn 0.7159 0.3564 0.6004
vn 0.7209 0.4328 0.5412
vn 0.0696 0.9956 0.0630
vn 0.0728 0.9956 0.0588
vn -0.5153 0.5258 -0.6767
vn -0.4757 0.5231 -0.7071
vn 0.6423 0.3579 0.6778
vn 0.5767 0.4376 0.6899
vn 0.6177 0.4374 0.6535
vn 0.6552 0.4383 0.6153
vn 0.5999 0.3571 0.7160
vn 0.5309 0.4372 0.7259
vn -0.6566 0.4536 -0.6026
vn -0.7225 0.4469 -0.5276
vn -0.6600 0.5223 -0.5400
vn -0.6915 0.5178 -0.5036
vn 0.7871 0.4254 0.4467
vn 0.0664 0.9956 0.0669
vn -0.7856 0.4345 -0.4405
vn -0.7220 0.5144 -0.4627
vn -0.7531 0.5054 -0.4211
vn 0.8230 0.4137 0.3893
vn 0.0770 0.9955 0.0561
vn -0.7785 0.4991 -0.3806
vn -0.9120 0.3701 -0.1770
vn -0.7967 0.4912 -0.3521
vn 0.6227 0.5194 0.5852
vn -0.0489 0.9977 -0.0479
vn 0.4716 0.4313 0.7692
vn 0.4147 0.4232 0.8055
vn -0.4385 0.5198 -0.7332
vn -0.4119 0.5163 -0.7508
vn -0.0420 0.9976 -0.0551
vn -0.0456 0.9976 -0.0519
vn 0.3859 0.4177 0.8225
vn 0.4051 0.4552 0.7929
vn -0.2241 0.4828 -0.8466
vn 0.6207 0.2623 0.7389
vn -0.0149 -0.0466 -0.9988
vn -0.0465 0.0550 -0.9974
vn -0.0634 0.1550 -0.9859
vn 0.0527 0.9954 0.0797
vn 0.0488 0.9954 0.0830
vn 0.6882 0.4377 0.5786
vn 0.0565 0.9955 0.0765
vn 0.0454 -0.9967 0.0677
vn -0.0624 -0.9939 -0.0911
vn 0.0399 0.9949 0.0923
vn -0.9976 -0.0690 0.0028
vn -0.9697 -0.2414 0.0362
vn -0.9990 0.0346 -0.0293
vn -0.9951 -0.0981 -0.0103
vn -0.9897 0.1355 -0.0463
vn -0.0697 0.9972 -0.0276
vn -0.6852 0.3641 -0.6309
vn -0.0529 0.9976 -0.0451
vn -0.6278 0.5250 -0.5747
vn 0.0002 -0.9935 -0.1136
vn 0.0433 -0.9964 0.0726
vn -0.0293 -0.9918 -0.1246
vn -0.0481 -0.9930 -0.1077
vn -0.0264 0.9970 -0.0728
vn -0.0403 0.9975 -0.0584
vn 0.0378 0.9947 0.0960
vn -0.0062 0.9970 -0.0771
vn -0.0956 -0.9936 -0.0597
vn 0.0764 -0.9963 0.0395
vn 0.7536 0.4311 0.4962
vn -0.0810 0.9965 -0.0184
vn 0.0001 0.9998 0.0176
vn 0.0730 -0.9964 0.0435
vn 0.0799 -0.9962 0.0351
vn -0.0000 0.9998 0.0174
vn 0.0602 0.9955 0.0734
vn 0.5069 0.2550 0.8234
vn 0.9946 0.1037 0.0016
vn 0.9951 -0.0000 0.0986
vn 0.9889 0.1294 0.0728
vn 0.0435 0.9953 0.0866
vn -0.0001 -0.9998 -0.0176
vn -0.1099 -0.9930 -0.0432
vn 0.0924 -0.9954 0.0258
vn -0.0962 -0.9952 -0.0155
vn 0.0802 0.9953 0.0551
vn -0.0948 0.9954 0.0127
vn -0.0155 0.9986 0.0502
vn -0.0922 0.9957 -0.0062
vn 0.0243 -0.2478 -0.9685
vn 0.0888 -0.4296 -0.8986
vn -0.0502 -0.9933 -0.1039
vn 0.2269 0.0971 -0.9691
vn -0.0778 0.9968 -0.0205
vn -0.6466 0.3652 -0.6697
vn 0.0631 0.9956 0.0699
vn -0.0736 0.9970 -0.0239
vn 0.0843 -0.9960 0.0305
vn 0.8113 0.4195 0.4072
vn -0.8770 0.4454 -0.1806
vn -0.0631 0.9974 -0.0348
vn -0.0598 0.9975 -0.0380
vn -0.0560 0.9976 -0.0411
vn 0.0565 -0.9967 0.0586
vn 0.0883 -0.9957 0.0269
vn -0.9999 -0.0047 -0.0133
vn -1.0000 -0.0008 -0.0005
vn -1.0000 0.0001 -0.0005
vn -0.0963 0.0272 0.9950
vn -0.0015 -0.0175 0.9998
vn -0.1063 -0.0173 0.9942
vn -0.0015 0.0632 0.9980
vn -0.0995 -0.0173 0.9949
vn -0.9906 -0.0997 0.0940
vn -1.0000 0.0002 -0.0015
vn -0.9953 -0.0965 -0.0032
vn -0.0143 0.0128 -0.9998
vn -0.0047 0.0239 -0.9997
vn -0.0913 0.1108 -0.9896
vn 0.9928 0.0701 -0.0972
vn 1.0000 0.0015 0.0002
vn -0.0796 -0.9967 -0.0176
vn 0.0018 -0.9933 -0.1153
vn 0.0016 -0.9998 -0.0174
vn -0.9951 0.0706 -0.0696
vn -0.9967 -0.0294 -0.0762
vn -0.0106 0.9997 0.0212
vn 0.0025 0.9998 0.0181
vn -0.0015 0.9999 0.0165
vn 0.9947 0.0028 -0.1024
vn 0.9811 0.1931 0.0074
vn 0.9903 0.0570 -0.1270
vn -0.0018 0.9933 0.1151
vn -0.0722 0.9960 -0.0534
vn -0.0761 0.9959 0.0480
vn 0.9952 -0.0977 0.0004
vn 0.9954 0.0027 -0.0959
vn 1.0000 0.0010 0.0021
vn -0.0021 0.9998 0.0185
vn 0.1495 0.9749 0.1653
vn 0.0008 0.0181 -0.9998
vn 0.1863 -0.1689 -0.9679
vn -0.0554 -0.1400 -0.9886
vn -0.0052 0.0173 -0.9998
vn -0.6216 -0.1012 -0.7767
vn -0.7017 -0.0818 -0.7078
vn -0.5390 -0.1875 -0.8212
vn -0.0022 0.0885 0.9961
vn 0.0952 -0.0172 0.9953
vn -0.0021 -0.0175 0.9998
vn -1.0000 0.0003 -0.0014
vn -0.9950 0.0019 -0.0998
vn -0.9692 -0.1770 0.1710
vn -0.9851 0.0490 0.1649
vn 0.0212 0.9991 0.0361
vn -0.0065 0.9999 0.0140
vn 0.0854 0.9963 0.0137
vn -0.7039 -0.0003 -0.7103
vn -0.7598 0.0097 -0.6500
vn 0.6037 -0.5285 0.5968
vn 0.6036 -0.6144 0.5082
vn 0.7519 -0.4729 0.4594
vn 0.0015 0.0168 -0.9999
vn -0.0961 0.0174 -0.9952
vn -0.0950 0.1122 -0.9891
vn -1.0000 0.0012 -0.0014
vn -0.9960 -0.0897 -0.0030
vn -0.0016 0.9998 0.0178
vn -0.0018 0.9941 0.1081
vn -0.1062 0.9942 0.0146
vn -0.0269 0.9762 0.2151
vn -0.9953 0.0965 0.0001
vn 0.0729 -0.9863 -0.1479
vn 0.0995 -0.9949 -0.0172
vn -0.7045 0.7065 -0.0669
vn -0.5583 0.8295 0.0153
vn -0.7069 0.7073 0.0109
vn -1.0000 0.0001 -0.0013
vn -0.9785 -0.2052 -0.0230
vn -0.7412 0.6655 0.0879
vn -0.7606 0.6491 0.0097
vn -0.0497 -0.9987 0.0077
vn 0.0018 -0.9925 -0.1224
vn -0.0020 0.9999 0.0161
vn -0.0016 0.9968 -0.0799
vn -0.0988 0.9918 -0.0813
vn 0.0064 0.0305 -0.9995
vn 0.0021 0.0175 -0.9998
vn 0.0936 0.0174 -0.9955
vn -0.9996 -0.0214 0.0183
vn 0.1908 0.9816 0.0001
vn 0.9964 -0.0198 -0.0820
vn 0.9950 0.0999 0.0020
vn -0.0015 -0.1154 0.9933
vn -0.1329 -0.0879 0.9872
vn -0.0763 0.7184 -0.6914
vn -0.0006 0.5729 -0.8196
vn 0.0012 0.7206 -0.6934
vn 0.5177 -0.6162 0.5935
vn 0.4686 -0.4792 0.7421
vn 0.0011 0.7745 -0.6325
vn -0.1006 0.7520 -0.6515
vn -0.1313 -0.9899 0.0539
vn -0.0001 -0.9998 -0.0175
vn -0.1061 -0.9942 -0.0175
vn 0.0009 0.1096 -0.9940
vn 0.0017 0.0109 -0.9999
vn 0.9893 -0.0675 -0.1293
vn 0.2385 0.2713 -0.9325
vn 0.4705 -0.7535 0.4592
vn 0.5760 -0.5878 0.5680
vn -0.9906 0.0976 -0.0960
vn -0.0984 -0.1143 0.9886
vn -0.2064 0.7382 -0.6423
vn -0.0974 0.7171 -0.6901
vn 0.0954 0.0798 0.9922
vn -0.0022 0.0807 0.9967
vn -0.7058 0.0176 -0.7082
vn -0.6044 0.0066 -0.7966
vn -0.7665 0.1683 -0.6198
vn -0.7032 0.7056 -0.0879
vn 0.0983 -0.9886 -0.1140
vn -0.7675 0.6232 -0.1503
vn 0.0028 1.0000 0.0057
vn -0.0879 0.9934 -0.0733
vn -0.0833 -0.0176 0.9964
vn -0.0557 0.1136 0.9920
vn -0.1063 0.1423 0.9841
vn 0.9906 0.0949 0.0987
vn 0.0222 -0.0044 -0.9997
vn 0.0994 -0.0795 -0.9919
vn 0.1005 0.0175 -0.9948
vn -0.0676 0.0870 -0.9939
vn 0.0332 0.0911 -0.9953
vn -0.9959 -0.0014 0.0903
vn -0.9999 0.0102 0.0034
vn -0.9954 -0.0015 0.0961
vn -0.9968 0.0744 0.0305
vn -0.0003 -0.9967 0.0808
vn -0.0980 -0.9950 -0.0175
vn 0.0967 0.9952 0.0174
vn 0.0303 0.9975 -0.0637
vn 0.0955 0.9888 0.1143
vn -0.0016 0.9998 0.0175
vn 0.0022 -0.0810 -0.9967
vn 0.0022 -0.0805 -0.9968
vn -0.0718 -0.0138 -0.9973
vn 0.9871 0.0186 -0.1591
vn -0.9922 0.0890 -0.0870
vn -0.0017 -0.9776 -0.2104
vn -0.1314 -0.9888 -0.0711
vn -0.1457 -0.9637 -0.2237
vn 0.9947 0.0831 -0.0598
vn 1.0000 -0.0001 -0.0093
vn 0.9947 0.0796 -0.0644
vn -0.3590 0.7354 -0.5748
vn -0.4495 0.6701 -0.5906
vn -0.4490 0.7048 -0.5492
vn 0.9961 -0.0707 0.0534
vn -0.2655 -0.6412 0.7200
vn -0.3571 -0.5818 0.7308
vn -0.2628 -0.6012 0.7547
vn 0.9945 0.0608 -0.0854
vn 0.9945 0.0651 -0.0823
vn -0.3574 0.7686 -0.5306
vn -0.4472 0.7366 -0.5074
vn -0.2681 -0.7944 0.5450
vn -0.3600 -0.8093 0.4642
vn -0.3632 -0.7677 0.5279
vn -0.2688 -0.7191 0.6408
vn -0.3626 -0.6571 0.6608
vn -0.2674 -0.6792 0.6835
vn 0.9947 0.0681 -0.0775
vn 0.9947 0.0721 -0.0734
vn 0.9962 -0.0659 0.0575
vn -0.3524 -0.5369 0.7666
vn -0.2586 -0.5542 0.7912
vn -0.3447 0.4971 -0.7963
vn -0.4397 0.5207 -0.7318
vn -0.3500 0.5429 -0.7634
vn -0.3534 0.5864 -0.7288
vn -0.4470 0.5993 -0.6640
vn -0.3572 0.6255 -0.6937
vn -0.3460 -0.4864 0.8023
vn -0.2529 -0.5015 0.8274
vn -0.3401 -0.4460 0.8279
vn -0.2475 -0.4593 0.8531
vn -0.3369 0.4215 -0.8419
vn -0.4274 0.4354 -0.7923
vn -0.3404 0.4532 -0.8239
vn 0.9943 0.0567 -0.0903
vn -0.3371 -0.4269 0.8391
vn -0.2457 -0.4395 0.8640
vn -0.3412 -0.4629 0.8181
vn -0.0424 -0.6508 0.7581
vn -0.2802 0.2153 -0.9355
vn -0.4222 0.4053 -0.8108
vn 0.9938 0.0483 -0.0999
vn 0.9941 0.0522 -0.0947
vn -0.3544 0.7986 -0.4865
vn -0.4442 0.7661 -0.4646
vn -0.3524 0.8243 -0.4432
vn -0.4403 0.7915 -0.4238
vn -0.2626 -0.8718 0.4136
vn -0.3521 -0.8588 0.3721
vn -0.3552 -0.8433 0.4033
vn 0.9960 -0.0744 0.0491
vn -0.3506 0.8406 -0.4129
vn -0.4370 0.8081 -0.3950
vn -0.3015 0.9355 -0.1843
vn -0.3967 0.8992 -0.1847
vn -0.2614 -0.8863 0.3823
vn -0.3613 -0.8038 0.4726
vn 0.9960 -0.0811 0.0375
vn -0.5207 0.6409 -0.5640
vn -0.5198 0.6747 -0.5241
vn -1.0000 0.0001 0.0093
vn -0.9971 0.0522 -0.0552
vn -0.3603 -0.6204 0.6966
vn -0.4372 -0.5596 0.7041
vn -0.9959 -0.0479 0.0768
vn -0.9957 -0.0450 0.0810
vn -0.5190 0.7041 -0.4847
vn -0.5153 0.7331 -0.4440
vn -0.3640 -0.6949 0.6202
vn -0.4448 -0.7031 0.5549
vn -0.4449 -0.6675 0.5971
vn -0.4429 -0.6320 0.6359
vn -0.3642 -0.7315 0.5764
vn -0.4433 -0.7383 0.5084
vn -0.4488 0.6346 -0.6292
vn -0.4441 0.5619 -0.6979
vn -0.5183 0.5734 -0.6344
vn -0.5156 0.5379 -0.6669
vn -0.4260 -0.4668 0.7750
vn -0.9959 -0.0518 0.0736
vn -0.4339 0.4771 -0.7643
vn -0.5111 0.4988 -0.6999
vn -0.5056 0.4575 -0.7314
vn -0.4140 -0.4121 0.8116
vn -1.0000 -0.0000 0.0093
vn -0.9955 -0.0418 0.0854
vn -0.4986 0.4183 -0.7592
vn -0.3753 0.2174 -0.9010
vn -0.4923 0.3902 -0.7781
vn -0.4539 -0.4287 0.7811
vn -0.9970 0.0673 -0.0372
vn -0.4408 -0.7780 0.4477
vn -0.4337 -0.8129 0.3887
vn -0.5103 0.7587 -0.4049
vn -0.5068 0.7745 -0.3785
vn -0.9967 0.0752 -0.0305
vn -0.9970 0.0701 -0.0334
vn -0.4282 -0.8295 0.3587
vn -0.4681 -0.7987 0.3782
vn -0.4692 0.8629 -0.1877
vn -0.2698 -0.7562 0.5962
vn 0.0651 0.9976 0.0218
vn -0.0376 0.9993 -0.0089
vn -0.1376 0.9902 -0.0252
vn -0.9961 -0.0643 0.0598
vn -0.9962 -0.0673 0.0555
vn -0.4405 -0.5966 0.6708
vn -0.9961 -0.0611 0.0635
vn 0.9956 -0.0878 0.0333
vn 0.9947 0.0759 -0.0688
vn -0.9961 -0.0755 0.0460
vn 0.0594 0.0333 -0.9977
vn 0.1557 -0.2435 -0.9573
vn -0.0434 0.0672 -0.9968
vn -0.1592 -0.1227 -0.9796
vn -0.1434 0.0856 -0.9860
vn -0.9971 0.0482 -0.0595
vn -0.3583 0.6629 -0.6574
vn -0.9972 0.0627 -0.0411
vn -0.5203 0.6069 -0.6008
vn 0.9955 0.0944 -0.0055
vn 0.9953 -0.0915 0.0308
vn 0.9935 0.1083 -0.0345
vn 0.9944 0.0909 -0.0534
vn -0.9957 0.0915 -0.0138
vn -0.9966 0.0778 -0.0284
vn -0.9957 -0.0814 0.0444
vn -0.9954 0.0952 0.0066
vn 1.0000 -0.0000 -0.0093
vn 0.9935 0.0461 -0.1039
vn 0.9961 -0.0598 0.0649
vn -0.4327 -0.5163 0.7390
vn -0.9968 0.0386 -0.0699
vn -1.0000 -0.0001 0.0094
vn 0.9961 -0.0637 0.0614
vn 0.9961 -0.0556 0.0687
vn -0.9960 -0.0589 0.0672
vn -0.2657 -0.8370 0.4784
vn -0.1839 0.1187 0.9758
vn -0.1020 0.0677 0.9925
vn -0.1804 0.1231 0.9759
vn -0.9962 -0.0706 0.0501
vn 1.0000 -0.0000 -0.0094
vn 0.9926 0.0299 -0.1181
vn 0.9956 -0.0468 0.0817
vn 0.9945 0.0016 -0.1046
vn -0.9952 -0.0408 0.0884
vn -0.9963 0.0085 -0.0854
vn -0.9995 -0.0313 -0.0073
vn -0.9962 0.0270 -0.0824
vn 0.2471 0.9597 0.1336
vn 0.4471 0.8866 0.1189
vn 0.9946 0.0880 -0.0558
vn -0.0769 0.9617 0.2630
vn -0.9970 0.0406 -0.0666
vn -0.3600 0.6991 -0.6178
vn -0.9960 -0.0550 0.0705
vn -0.9971 0.0435 -0.0629
vn 0.9960 -0.0510 0.0731
vn -0.4186 -0.4299 0.8000
vn -0.4497 0.2210 -0.8654
vn -0.9972 0.0546 -0.0518
vn -0.9972 0.0579 -0.0481
vn -0.9971 0.0611 -0.0449
vn 0.9961 -0.0770 0.0435
vn 0.9957 -0.0497 0.0777
vn -0.6883 0.5569 -0.4649
vn -0.6136 0.5674 -0.5492
vn -0.6486 0.5263 -0.5499
vn -0.0321 0.0045 0.9995
vn 0.6567 -0.7378 -0.1559
vn 0.6064 -0.7539 -0.2528
vn 0.6159 -0.7726 -0.1541
vn -0.1609 0.1440 0.9764
vn -0.1648 0.1399 0.9763
vn -0.7216 0.5134 -0.4644
vn -0.6809 0.4848 -0.5489
vn 0.8110 -0.5645 -0.1537
vn 0.8362 -0.4893 -0.2476
vn 0.7945 -0.5528 -0.2514
vn 0.7350 -0.6597 -0.1566
vn 0.6828 -0.6848 -0.2545
vn 0.6954 -0.7013 -0.1570
vn -0.1692 0.1366 0.9761
vn -0.1728 0.1320 0.9761
vn -0.0357 0.0002 0.9994
vn 0.5577 -0.7913 -0.2505
vn 0.5651 -0.8106 -0.1532
vn -0.4498 0.7780 -0.4385
vn -0.4642 0.7080 -0.5322
vn -0.4948 0.7446 -0.4480
vn -0.5383 0.7103 -0.4535
vn -0.5425 0.6404 -0.5437
vn -0.5774 0.6755 -0.4586
vn 0.4913 -0.8355 -0.2461
vn 0.4969 -0.8549 -0.1490
vn 0.4288 -0.8707 -0.2408
vn 0.4335 -0.8892 -0.1463
vn -0.3741 0.8223 -0.4288
vn -0.3799 0.7686 -0.5147
vn -0.4059 0.8050 -0.4327
vn -0.1570 0.1488 0.9763
vn 0.3973 -0.8864 -0.2377
vn 0.4023 -0.9038 -0.1458
vn 0.4278 -0.8713 -0.2405
vn 0.4878 -0.8728 0.0128
vn -0.1804 0.9157 -0.3590
vn -0.3503 0.7872 -0.5075
vn -0.0946 0.0689 0.9931
vn -0.1360 0.1414 0.9806
vn -0.1504 0.1507 0.9771
vn -0.7523 0.4690 -0.4628
vn -0.7110 0.4425 -0.5465
vn -0.7789 0.4269 -0.4594
vn -0.7372 0.4021 -0.5430
vn 0.8885 -0.4345 -0.1476
vn 0.8858 -0.3972 -0.2400
vn 0.8703 -0.4284 -0.2428
vn -0.0288 0.0091 0.9995
vn -0.7954 0.3967 -0.4583
vn -0.7544 0.3737 -0.5397
vn -0.8976 0.1721 -0.4057
vn -0.8516 0.1666 -0.4970
vn 0.9038 -0.4022 -0.1464
vn 0.8306 -0.4985 -0.2481
vn -0.0215 0.0202 0.9996
vn -0.5771 0.5361 -0.6160
vn -0.6109 0.4971 -0.6162
vn 0.1020 -0.0677 -0.9925
vn 0.0516 -0.0029 -0.9987
vn 0.6456 -0.7202 -0.2540
vn 0.5928 -0.7317 -0.3363
vn 0.1468 -0.1368 -0.9797
vn 0.0944 -0.0678 -0.9932
vn 0.1313 -0.1450 -0.9807
vn -0.6420 0.4575 -0.6153
vn -0.6714 0.4176 -0.6123
vn 0.7210 -0.6446 -0.2544
vn 0.7382 -0.5842 -0.3374
vn 0.7028 -0.6261 -0.3377
vn 0.6660 -0.6648 -0.3383
vn 0.7579 -0.6011 -0.2534
vn 0.7734 -0.5377 -0.3357
vn -0.5778 0.6057 -0.5471
vn -0.5052 0.6741 -0.5389
vn -0.5096 0.6062 -0.6105
vn -0.4743 0.6389 -0.6057
vn 0.4810 -0.8127 -0.3288
vn 0.1519 -0.1313 -0.9796
vn 0.1012 -0.0681 -0.9925
vn -0.4211 0.7405 -0.5239
vn -0.4358 0.6722 -0.5986
vn -0.3947 0.7035 -0.5910
vn 0.3887 -0.8649 -0.3175
vn 0.0753 -0.0568 -0.9955
vn 0.1078 -0.1496 -0.9829
vn -0.3568 0.7325 -0.5798
vn -0.1765 0.8750 -0.4509
vn -0.3302 0.7531 -0.5691
vn 0.4047 -0.8396 -0.3623
vn 0.0353 -0.0207 -0.9992
vn 0.8143 -0.4767 -0.3313
vn 0.8484 -0.4183 -0.3243
vn -0.6973 0.3799 -0.6078
vn -0.7138 0.3528 -0.6051
vn 0.0283 -0.0278 -0.9992
vn 0.0325 -0.0247 -0.9992
vn 0.8640 -0.3888 -0.3199
vn 0.6828 -0.5879 -0.4337
vn -0.8082 0.1652 -0.5652
vn 0.7734 -0.6147 -0.1552
vn -0.9992 -0.0120 -0.0372
vn -0.9900 0.0127 -0.1405
vn -0.9709 0.0232 -0.2382
vn 0.1648 -0.1180 -0.9792
vn 0.1684 -0.1143 -0.9791
vn 0.6304 -0.6990 -0.3377
vn 0.1615 -0.1217 -0.9793
vn -0.0153 0.0246 0.9996
vn -0.1765 0.1274 0.9760
vn 0.1767 -0.1048 -0.9787
vn -0.0244 0.9997 0.0001
vn -0.0305 0.9840 0.1754
vn -0.0490 0.9930 -0.1072
vn 0.1528 0.9512 -0.2680
vn -0.0608 0.9764 -0.2074
vn 0.0550 0.0009 -0.9985
vn -0.6146 0.6398 -0.4615
vn 0.0385 -0.0169 -0.9991
vn -0.5434 0.5732 -0.6134
vn -0.1961 0.0643 0.9785
vn -0.0106 0.0268 0.9996
vn -0.2092 0.0932 0.9734
vn -0.1921 0.1123 0.9749
vn 0.0109 -0.0438 -0.9990
vn 0.0252 -0.0296 -0.9992
vn 0.1807 -0.1027 -0.9782
vn 0.0071 -0.0641 -0.9979
vn -0.0774 0.0625 0.9950
vn -0.1135 0.1091 0.9875
vn -0.0431 -0.0069 0.9990
vn -0.1012 0.0681 0.9925
vn 0.5459 -0.7683 -0.3342
vn 0.0250 0.0739 -0.9969
vn 0.0488 -0.0272 -0.9984
vn -0.0395 -0.0032 0.9992
vn -0.0465 -0.0085 0.9989
vn 0.1582 -0.1252 -0.9794
vn 0.8539 -0.4981 -0.1505
vn 0.1717 -0.1088 -0.9791
vn -0.0550 0.0415 0.9976
vn -0.0753 0.0687 0.9948
vn -0.0105 -0.0326 0.9994
vn -0.0436 0.1255 0.9911
vn 0.0857 -0.1341 -0.9873
vn 0.0283 0.0781 -0.9965
vn 0.0651 -0.0254 -0.9976
vn 0.0117 0.1413 -0.9899
vn -0.9813 -0.1083 0.1588
vn -0.9162 -0.1719 0.3619
vn -0.1886 0.1146 0.9753
vn -0.9999 -0.0000 0.0156
vn 0.0470 0.0288 -0.9985
vn -0.6517 0.5997 -0.4644
vn 0.1554 -0.1286 -0.9794
vn 0.0565 0.0070 -0.9984
vn -0.0421 -0.0075 0.9991
vn 0.4194 -0.8488 -0.3219
vn -0.1751 0.8398 -0.5139
vn 0.0481 -0.0061 -0.9988
vn 0.0454 -0.0099 -0.9989
vn 0.0417 -0.0131 -0.9990
vn -0.0252 0.0139 0.9996
vn -0.0271 -0.0129 0.9996
vn -0.8888 -0.4157 0.1930
vn -0.6697 -0.7184 0.1880
vn -0.8860 -0.3653 0.2855
vn -0.7945 -0.6050 0.0511
vn -0.3783 -0.9135 0.1497
vn -0.7140 -0.6580 0.2393
vn -0.3886 -0.8872 0.2487
vn 0.3033 -0.9359 0.1793
vn -0.2514 -0.9671 0.0395
vn 0.0040 -0.9996 0.0287
vn 0.3327 -0.9150 0.2285
vn -0.0019 -0.9894 0.1453
vn -0.5316 -0.8464 0.0314
vn 0.0018 -0.9789 0.2043
vn 0.6871 -0.4425 0.5763
vn 0.8689 -0.1680 0.4656
vn 0.6717 -0.2527 0.6964
vn 0.7313 -0.1445 0.6665
vn 0.7415 -0.4843 0.4643
vn 0.8607 -0.3224 0.3939
vn 0.4241 -0.7291 0.5371
vn 0.1623 -0.7247 -0.6697
vn 0.0430 -0.6064 -0.7940
vn 0.3681 -0.5173 -0.7726
vn 0.3220 -0.7205 -0.6142
vn 0.1478 -0.9101 -0.3871
vn 0.0333 -0.8430 -0.5369
vn 0.2430 -0.8832 -0.4011
vn 0.5196 0.0862 0.8500
vn 0.5624 -0.4527 0.6919
vn 0.6149 -0.2714 0.7404
vn 0.4706 -0.1641 0.8669
vn 0.4672 -0.4804 0.7422
vn 0.6240 -0.4133 0.6632
vn 0.5303 -0.7436 0.4074
vn 0.0493 -0.9633 -0.2638
vn 0.1950 -0.9379 0.2869
vn 0.0451 -0.9989 -0.0122
vn 0.1563 -0.9876 -0.0166
vn 0.2422 -0.9170 0.3170
vn 0.2108 -0.9774 -0.0167
vn -0.8626 0.4987 0.0844
vn -0.9745 0.2238 -0.0134
vn -0.9952 -0.0931 0.0311
vn -0.8315 0.5351 0.1492
vn -0.8632 0.5047 0.0101
vn -0.6910 0.7228 0.0062
vn -0.5175 0.8333 0.1944
vn 0.5442 0.7448 0.3861
vn 0.4871 0.5152 0.7052
vn 0.6912 0.6313 0.3516
vn 0.3011 0.9195 0.2528
vn 0.7004 0.4703 0.5370
vn 0.2747 0.9095 0.3121
vn 0.4025 0.8612 0.3103
vn -0.3199 0.9465 0.0420
vn 0.2104 0.9653 0.1544
vn -0.0450 0.9902 0.1321
vn 0.4578 0.8535 0.2490
vn -0.0520 0.9862 0.1571
vn 0.0869 0.4933 -0.8655
vn 0.2914 0.3896 -0.8737
vn -0.0313 0.2201 -0.9750
vn -0.0129 0.5015 -0.8650
vn 0.1563 -0.0115 -0.9876
vn 0.1753 0.8425 -0.5094
vn 0.0921 0.7771 -0.6226
vn 0.1377 0.9643 0.2264
vn 0.0192 0.9512 -0.3080
vn 0.0312 0.9995 0.0009
vn 0.2346 0.8513 0.4693
vn 0.1118 0.9933 -0.0286
vn -0.0174 0.7276 -0.6858
vn 0.2357 0.9199 0.3134
vn 0.1391 0.9897 -0.0343
vn 0.3470 0.7537 0.5582
vn 0.3413 0.6328 0.6951
vn 0.4368 0.4688 0.7678
vn 0.3732 0.7702 0.5171
vn 0.2973 0.9095 0.2906
vn 0.9062 0.2392 0.3488
vn 0.8542 0.5072 0.1141
vn 0.5956 0.5266 0.6066
vn 0.6548 0.6414 0.3999
vn 0.5492 0.8168 0.1767
vn 0.1027 0.4951 0.8627
vn 0.3439 0.2287 0.9108
vn 0.0694 0.1136 0.9911
vn 0.1638 0.8482 0.5038
vn 0.3848 0.6354 0.6695
vn 0.4164 0.7967 0.4381
vn 0.1883 0.9482 0.2557
vn 0.1269 0.9792 0.1581
vn 0.9505 0.1612 -0.2655
vn 0.8509 0.0233 -0.5248
vn -0.0714 0.3776 -0.9232
vn -0.6699 0.7421 -0.0219
vn -0.6487 0.6696 -0.3617
vn -0.5667 0.7921 -0.2268
vn 0.3497 0.5605 -0.7507
vn 0.4492 0.3901 -0.8038
vn 0.2706 0.6638 -0.6973
vn 0.5141 0.2718 -0.8135
vn 0.7931 -0.1425 -0.5922
vn 0.5454 0.7578 -0.3582
vn 0.4768 0.7814 -0.4026
vn 0.5303 0.7567 -0.3824
vn -0.2196 0.8720 -0.4376
vn -0.2196 0.8720 -0.4375
vn -0.1064 0.7933 -0.5995
vn -0.1064 0.7932 -0.5996
vn -0.1064 0.7932 -0.5995
vn 0.4515 0.8103 -0.3735
vn 0.7159 0.6773 0.1697
vn -0.1577 0.2573 0.9534
vn -0.0163 0.4725 0.8812
vn -0.6486 0.7098 0.2747
vn -0.5561 0.7546 0.3483
vn -0.4119 0.8172 0.4031
vn -0.2425 0.8936 0.3777
vn -0.2453 0.9009 0.3580
vn -0.7350 0.1146 -0.6683
vn -0.6408 0.4426 -0.6272
vn -0.7733 0.3028 -0.5571
vn 0.3885 0.4083 0.8261
vn 0.3884 0.4081 0.8262
vn 0.3885 0.4081 0.8262
vn -0.3172 0.8408 0.4387
vn -0.4858 -0.8489 -0.2082
vn -0.5820 -0.7917 -0.1856
vn -0.8291 -0.2047 -0.5202
vn -0.8292 -0.2045 -0.5202
vn -0.8802 -0.3380 -0.3333
vn -0.7342 0.5328 -0.4208
vn -0.6396 0.6564 -0.4000
vn -0.0982 0.6808 -0.7259
vn -0.4392 0.6407 -0.6298
vn -0.2916 0.5676 -0.7699
vn -0.6874 0.5780 -0.4398
vn -0.6257 -0.7564 0.1904
vn -0.6061 -0.7694 0.2016
vn 0.8340 -0.1429 -0.5330
vn 0.9070 -0.3475 -0.2379
vn 0.5906 -0.0309 -0.8063
vn 0.5271 -0.5149 -0.6760
vn 0.5950 -0.5831 -0.5532
vn 0.2789 -0.7096 -0.6470
vn 0.4816 -0.4743 -0.7369
vn 0.1622 -0.5342 -0.8297
vn 0.2385 -0.1764 -0.9550
vn 0.1450 -0.1051 -0.9838
vn 0.3241 -0.2658 -0.9079
vn 0.3539 -0.9017 -0.2484
vn 0.1541 -0.8228 -0.5470
vn -0.0533 -0.9975 -0.0474
vn -0.1576 -0.9695 -0.1875
vn -0.4371 0.8993 -0.0156
vn -0.4367 0.8995 -0.0159
vn -0.4369 0.8994 -0.0158
vn -0.5419 -0.2133 -0.8129
vn -0.5418 -0.2133 -0.8130
vn -0.8082 0.5795 -0.1052
vn -0.7421 0.6647 0.0861
vn 0.4765 -0.8777 0.0517
vn 0.4774 -0.8752 0.0782
vn 0.4469 -0.7511 0.4859
vn -0.5108 -0.8551 0.0888
vn -0.2451 -0.9119 0.3292
vn -0.8293 -0.5329 0.1684
vn -0.6485 -0.6631 0.3739
vn -0.5379 -0.6057 0.5863
vn -0.7963 -0.4358 0.4195
vn -0.9648 -0.1957 0.1759
vn -0.8611 -0.1933 0.4702
vn -0.9569 -0.1865 0.2228
vn -0.2456 -0.3606 0.8998
vn -0.5118 -0.1198 0.8507
vn -0.6486 -0.3977 0.6489
vn -0.6371 0.4195 0.6466
vn -0.4918 0.1871 0.8504
vn -0.4502 0.1283 0.8837
vn -0.8840 0.3314 0.3298
vn -0.7926 0.4443 -0.4177
vn -0.8643 0.3087 0.3971
vn -0.8205 0.5244 0.2274
vn -0.8204 0.5247 0.2273
vn -0.2909 0.7876 -0.5432
vn -0.4373 0.6544 -0.6169
vn -0.6318 -0.2067 0.7470
vn -0.6808 -0.1568 0.7155
vn -0.6886 -0.1484 0.7098
vn -0.5931 -0.2427 0.7677
vn 0.4911 0.8381 0.2377
vn 0.1195 0.9275 -0.3542
vn 0.6025 0.7504 0.2718
vn 0.3380 0.9252 -0.1727
vn 0.0855 0.7179 -0.6909
vn 0.4353 0.8957 -0.0909
vn 0.2174 0.9068 -0.3612
vn 0.8906 -0.3242 0.3189
vn 0.7879 -0.2017 0.5819
vn 0.7884 -0.5861 0.1871
vn 0.8917 -0.4428 0.0934
vn 0.8907 -0.1002 0.4435
vn 0.7484 -0.0238 0.6628
vn 0.9214 0.2857 -0.2634
vn 0.9214 0.2855 -0.2635
vn 0.8870 0.0844 -0.4540
vn 0.1376 0.4271 -0.8937
vn 0.6109 -0.2130 -0.7625
vn 0.3403 0.2085 -0.9169
vn 0.6079 -0.2463 -0.7548
vn 0.2161 0.3969 -0.8921
vn 0.4387 0.1249 -0.8899
vn -0.8446 -0.2522 0.4723
vn -0.9233 0.3618 0.1290
vn -0.7717 -0.1305 0.6225
vn -0.9009 0.2309 0.3674
vn -0.7141 0.6871 0.1338
vn -0.8172 0.3915 0.4230
vn -0.6763 0.6499 0.3467
vn 0.2253 -0.2472 0.9424
vn 0.2051 -0.5961 0.7763
vn 0.5829 -0.1975 0.7882
vn 0.3068 -0.1052 0.9459
vn 0.0968 -0.3317 0.9384
vn 0.0303 -0.6735 0.7386
vn 0.0256 -0.0520 0.9983
vn -0.3904 0.9102 0.1381
vn 0.2446 0.8339 0.4947
vn -0.2607 0.8884 0.3778
vn 0.2564 0.7459 0.6148
vn -0.4272 0.7946 0.4315
vn -0.1276 0.9188 -0.3735
vn -0.3923 0.9129 -0.1129
vn -0.1099 0.7129 -0.6926
vn -0.3665 0.8617 -0.3510
vn -0.7085 0.6986 -0.0996
vn -0.5805 0.5829 -0.5685
vn -0.6704 0.6708 -0.3172
vn -0.3856 0.1391 -0.9121
vn -0.1251 0.4000 -0.9079
vn -0.7032 0.1192 -0.7009
vn -0.3639 0.3747 -0.8527
vn -0.3289 0.6769 -0.6585
vn -0.9154 0.3842 -0.1199
vn -0.9137 0.1301 -0.3850
vn -0.8597 0.3648 -0.3576
vn -0.6690 0.3355 -0.6632
vn 0.2357 -0.4512 -0.8607
vn -0.3679 -0.1086 -0.9235
vn 0.2722 -0.6067 -0.7469
vn -0.2412 -0.3505 -0.9050
vn -0.6967 -0.1128 -0.7084
vn -0.4032 -0.4093 -0.8185
vn -0.6613 -0.3283 -0.6745
vn 0.2378 -0.9463 0.2190
vn 0.5836 -0.7892 0.1912
vn 0.2034 -0.7959 0.5702
vn 0.1045 -0.9489 0.2978
vn 0.3185 -0.9440 0.0859
vn 0.6598 -0.7513 0.0136
vn 0.0444 -0.9988 0.0221
vn -0.9174 -0.1195 -0.3795
vn -0.8285 -0.4994 0.2531
vn -0.8956 -0.3640 -0.2556
vn -0.7375 -0.6231 0.2605
vn -0.8074 -0.4139 -0.4204
vn 0.9815 0.1480 -0.1214
vn 0.8131 0.4923 -0.3106
vn 0.9048 0.4182 -0.0806
vn 0.9557 0.1805 -0.2324
vn 0.7553 0.5297 -0.3859
vn 0.7568 0.6057 -0.2456
vn 0.6474 0.7599 -0.0586
vn 0.6433 0.6399 -0.4204
vn -0.3572 0.4425 -0.8226
vn -0.5558 -0.0418 -0.8303
vn -0.6005 0.3068 -0.7384
vn -0.3691 0.5422 -0.7549
vn 0.2744 -0.0120 -0.9615
vn 0.0238 0.2051 -0.9784
vn 0.4011 -0.1149 -0.9088
vn -0.1178 0.6104 -0.7833
vn -0.1870 0.6393 -0.7459
vn 0.3243 0.9428 -0.0767
vn -0.1742 0.9394 -0.2954
vn 0.1172 0.9598 -0.2549
vn -0.4333 0.7227 -0.5384
vn 0.2331 0.9310 -0.2809
vn 0.0732 0.9332 -0.3518
vn 0.9202 0.3773 0.1041
vn 0.9203 0.0921 0.3803
vn 0.7031 0.7034 0.1041
vn 0.8481 0.3690 0.3802
vn 0.7027 0.0804 0.7069
vn 0.6594 0.6563 0.3667
vn 0.6597 0.3439 0.6683
vn 0.0951 0.9139 0.3946
vn 0.3768 0.9194 0.1132
vn 0.0895 0.6920 0.7163
vn 0.3714 0.8435 0.3881
vn 0.3527 0.6494 0.6737
vn 0.3765 0.0809 0.9229
vn 0.0951 0.3628 0.9270
vn 0.3706 0.3588 0.8567
vn -0.2850 0.5334 0.7964
vn -0.1629 0.1315 0.9778
vn -0.0838 0.4078 0.9092
vn -0.2574 0.8192 0.5124
vn -0.8574 0.1728 0.4847
vn -0.5593 0.5034 0.6587
vn -0.9204 0.0882 0.3809
vn -0.5499 0.8000 0.2400
vn -0.2889 0.9460 -0.1467
vn -0.0905 0.9381 0.3343
vn -0.5009 0.7719 -0.3915
vn -0.2562 0.9590 0.1213
vn -0.0705 0.7544 0.6526
vn -0.5340 0.8307 -0.1575
vn -0.7571 0.5528 -0.3481
vn -0.6954 0.4323 -0.5741
vn -0.8206 0.2277 -0.5242
vn -0.7640 0.5973 -0.2439
vn 0.9224 -0.3726 -0.1019
vn 0.9213 -0.0896 -0.3784
vn 0.9909 -0.0937 -0.0966
vn 0.7065 -0.7002 -0.1027
vn 0.8502 -0.3668 -0.3777
vn 0.7052 -0.0785 -0.7047
vn 0.6616 -0.6550 -0.3649
vn 0.6627 -0.3435 -0.6654
vn 0.0991 -0.9138 -0.3939
vn 0.3801 -0.9181 -0.1126
vn 0.0945 -0.6916 -0.7161
vn 0.3757 -0.8416 -0.3880
vn 0.3575 -0.6486 -0.6719
vn 0.3806 -0.0807 -0.9212
vn 0.0999 -0.3621 -0.9268
vn 0.3755 -0.3580 -0.8549
vn 0.9095 0.0391 -0.4139
vn 0.9701 0.2294 -0.0788
vn 0.8893 0.0283 -0.4565
vn 0.7430 0.0537 -0.6671
vn 0.3869 0.6178 -0.6846
vn 0.5592 0.5724 -0.5997
vn 0.7173 0.4826 -0.5025
vn 0.4503 0.4981 -0.7410
vn 0.2782 0.6827 -0.6757
vn -0.1799 0.2942 -0.9387
vn 0.3277 0.0839 -0.9410
vn -0.4049 0.5563 -0.7257
vn -0.2636 0.5438 -0.7967
vn 0.4461 0.0994 -0.8895
vn 0.6770 0.0450 -0.7346
vn -0.6858 0.7120 -0.1509
vn -0.6443 0.6958 -0.3175
vn -0.5472 0.6469 -0.5312
vn -0.1728 0.8500 -0.4976
vn -0.1728 0.8500 -0.4977
vn -0.2920 0.5623 -0.7737
vn -0.8422 0.1007 -0.5297
vn -0.1017 -0.9790 -0.1765
vn -0.2797 -0.7778 -0.5628
vn -0.0785 -0.8948 -0.4396
vn -0.8543 -0.4825 -0.1934
vn -0.5539 -0.6425 -0.5296
vn -0.2515 -0.4835 -0.8384
vn -0.0646 -0.6261 -0.7771
vn -0.5442 -0.2113 -0.8119
vn -0.7548 0.3672 -0.5435
vn -0.8202 0.5310 -0.2129
vn -0.6941 0.5882 -0.4150
vn -0.5301 0.1871 -0.8271
vn -0.7609 0.2655 -0.5921
vn -0.0855 -0.3020 -0.9495
vn -0.2848 0.1788 -0.9418
vn -0.2508 -0.0891 -0.9639
vn -0.4980 0.4188 -0.7593
vn -0.5161 -0.7919 -0.3264
vn -0.1470 -0.9031 -0.4034
vn -0.4235 -0.9006 -0.0975
vn -0.8289 -0.4925 -0.2652
vn -0.4957 -0.7724 -0.3971
vn -0.8056 -0.2153 -0.5520
vn -0.9435 0.1679 -0.2856
vn -0.9429 -0.3193 -0.0951
vn -0.7651 0.4139 -0.4932
vn -0.9612 -0.0995 -0.2571
vn -0.7659 -0.6379 -0.0801
vn -0.8281 0.1830 -0.5298
vn -0.1438 0.5545 -0.8197
vn -0.5153 0.3591 -0.7781
vn -0.4224 0.5935 -0.6851
vn -0.1459 0.3882 -0.9100
vn -0.4958 0.2936 -0.8173
vn -0.0978 -0.9270 0.3621
vn -0.3786 -0.9220 0.0806
vn -0.0979 -0.9920 0.0796
vn -0.0928 -0.7162 0.6917
vn -0.3744 -0.8551 0.3585
vn -0.7041 -0.7057 0.0786
vn -0.3556 -0.6723 0.6493
vn -0.6619 -0.6668 0.3423
vn -0.3800 -0.1133 0.9180
vn -0.0983 -0.3942 0.9138
vn -0.7053 -0.1036 0.7013
vn -0.3742 -0.3877 0.8424
vn -0.6622 -0.3662 0.6537
vn -0.9203 -0.3809 0.0893
vn -0.9211 -0.1040 0.3751
vn -0.8498 -0.3797 0.3656
vn -0.2088 0.0322 0.9774
vn -0.5995 0.1749 0.7811
vn -0.5378 0.1001 0.8371
vn -0.3681 0.1531 0.9171
vn -0.5216 0.4574 0.7202
vn -0.7681 0.2034 0.6072
vn -0.7317 0.0852 0.6762
vn 0.7463 -0.6438 0.1689
vn 0.7464 -0.6437 0.1688
vn 0.7465 -0.6436 0.1688
vn -0.5091 0.7419 -0.4364
vn -0.2704 0.8587 -0.4354
vn -0.4596 0.6905 -0.5586
vn -0.6421 0.6201 -0.4507
vn -0.5214 0.8386 -0.1576
vn -0.9435 0.0611 0.3258
vn -0.9428 0.2816 -0.1785
vn -0.8066 0.1765 0.5641
vn -0.8907 0.3801 -0.2492
vn -0.7351 0.5103 -0.4464
vn 0.4006 -0.1684 -0.9006
vn 0.7078 -0.1756 -0.6842
vn 0.5977 -0.2593 -0.7586
vn 0.5971 -0.0324 -0.8015
vn 0.9075 -0.1511 -0.3920
vn 0.6431 -0.2231 -0.7325
vn 0.8778 -0.2496 -0.4089
vn 0.9355 -0.2066 0.2865
vn 0.9638 -0.0469 -0.2626
vn 0.9989 -0.0467 -0.0063
vn 0.9140 -0.2551 0.3154
vn 0.9865 -0.1627 -0.0170
vn 0.8410 -0.0263 -0.5404
vn 0.9756 -0.2187 -0.0167
vn 0.4425 -0.6082 0.6590
vn 0.1678 -0.5004 0.8494
vn 0.2462 -0.7263 0.6418
vn 0.1485 -0.6961 0.7024
vn 0.4821 -0.5009 0.7188
vn 0.3243 -0.4302 0.8425
vn 0.7278 -0.5639 0.3903
vn 0.7400 0.6481 0.1800
vn 0.6206 0.7813 0.0667
vn 0.5331 0.7510 0.3897
vn 0.7349 0.5894 0.3355
vn 0.9177 0.3665 0.1535
vn 0.8533 0.5195 0.0452
vn 0.8923 0.3759 0.2500
vn -0.0966 -0.8661 0.4905
vn 0.4476 -0.7187 0.5321
vn 0.2628 -0.7661 0.5865
vn 0.1533 -0.8868 0.4359
vn 0.4725 -0.7661 0.4356
vn 0.4070 -0.6928 0.5953
vn 0.7425 -0.4353 0.5090
vn 0.9683 0.2448 0.0496
vn 0.9341 -0.3112 0.1751
vn 0.9993 -0.0081 0.0353
vn 0.9891 -0.0091 0.1472
vn 0.9123 -0.3455 0.2200
vn 0.9794 -0.0061 0.2018
vn -0.4982 -0.0689 -0.8643
vn -0.2336 0.0534 -0.9709
vn -0.3838 -0.2716 -0.8826
vn 0.0035 -0.1385 -0.9904
vn -0.5128 0.0309 -0.8579
vn -0.7299 0.0320 -0.6828
vn -0.8383 -0.1643 -0.5198
vn -0.7544 -0.3676 0.5439
vn -0.4771 -0.4593 0.7493
vn -0.6329 -0.3657 0.6825
vn -0.9215 -0.2482 0.2989
vn -0.7760 -0.3901 0.4956
vn -0.9113 -0.3076 0.2737
vn -0.9500 -0.0136 -0.3120
vn -0.9655 -0.1462 0.2155
vn -0.9928 -0.1133 -0.0395
vn -0.8538 -0.2511 0.4560
vn -0.9889 -0.1408 -0.0475
vn -0.4790 0.8688 0.1251
vn -0.3681 0.8708 0.3260
vn -0.2044 0.9789 0.0076
vn -0.4886 0.8721 0.0248
vn 0.0322 0.9809 0.1917
vn -0.8312 0.5177 0.2027
vn -0.7664 0.6302 0.1243
vn -0.9673 -0.2124 0.1389
vn -0.9464 0.3203 0.0404
vn -0.9990 0.0146 0.0417
vn -0.8578 -0.4619 0.2253
vn -0.9917 0.0405 0.1221
vn -0.7150 0.6989 0.0157
vn -0.9234 -0.3051 0.2328
vn -0.9875 0.0492 0.1496
vn -0.7594 -0.5586 0.3336
vn -0.6424 -0.6958 0.3212
vn -0.4837 -0.7726 0.4112
vn -0.7785 -0.5130 0.3615
vn -0.9104 -0.2903 0.2949
vn 0.3591 0.6368 0.6823
vn 0.1557 0.7012 0.6958
vn 0.3688 0.7280 0.5780
vn 0.0123 0.8293 0.5586
vn 0.1023 0.4084 0.9071
vn 0.2196 0.9292 0.2972
vn 0.1992 0.4155 0.8875
vn 0.1395 0.5327 0.8348
vn 0.1456 -0.2666 0.9527
vn 0.0062 0.2931 0.9561
vn 0.0021 0.0403 0.9992
vn 0.1922 -0.3106 0.9309
vn 0.1091 0.0296 0.9936
vn -0.0066 0.5710 0.8209
vn 0.1619 0.0204 0.9866
vn 0.4916 -0.7024 0.5148
vn 0.4277 -0.8695 0.2469
vn 0.5182 -0.8537 -0.0518
vn 0.5511 -0.6858 0.4753
vn 0.4053 -0.7453 0.5294
vn 0.3612 -0.8442 0.3961
vn 0.4586 -0.4269 0.7794
vn -0.7259 -0.1458 0.6722
vn -0.8412 -0.0254 0.5401
vn -0.9111 -0.2643 0.3163
vn -0.7639 -0.2009 0.6132
vn -0.4591 -0.0968 0.8831
vn -0.6058 0.0081 0.7956
vn -0.4689 -0.1957 0.8613
vn 0.8022 -0.5930 0.0700
vn 0.6588 -0.5200 0.5438
vn 0.6694 -0.6472 0.3646
vn 0.8607 -0.4321 0.2692
vn 0.7102 -0.4112 0.5715
vn 0.7340 -0.6218 0.2731
vn 0.3555 -0.4665 0.8099
vn 0.4368 -0.4324 0.7888
vn -0.3437 0.0087 0.9390
vn 0.2115 -0.1218 0.9698
vn -0.0955 0.0235 0.9952
vn -0.0962 -0.0893 0.9914
vn 0.2437 -0.1691 0.9550
vn -0.0937 -0.1439 0.9851
vn 0.0945 0.8237 -0.5591
vn -0.0252 0.9520 -0.3050
vn 0.2912 0.8242 -0.4857
vn 0.1416 0.9851 -0.0981
vn -0.0001 0.8258 -0.5640
vn 0.0054 0.6423 -0.7664
vn 0.1926 0.4594 -0.8671
vn 0.3684 -0.6229 -0.6901
vn 0.4373 -0.8184 -0.3728
vn 0.3568 -0.7520 -0.5542
vn 0.2653 -0.3709 -0.8900
vn 0.3964 -0.5892 -0.7041
vn 0.3267 -0.3569 -0.8751
vn 0.0506 0.2727 -0.9608
vn 0.1700 -0.2665 -0.9487
vn 0.1439 -0.0134 -0.9895
vn 0.2635 -0.5227 -0.8108
vn 0.1709 -0.0090 -0.9852
vn -0.8161 -0.1261 -0.5640
vn -0.9988 -0.0437 0.0231
vn -0.9528 -0.0137 -0.3033
vn -0.8187 -0.0483 -0.5722
vn -0.7874 -0.1890 -0.5867
vn -0.4353 -0.2424 -0.8670
vn 0.3109 -0.1959 -0.9300
vn -0.2247 -0.0935 -0.9699
vn 0.0873 -0.0994 -0.9912
vn 0.5446 -0.2774 -0.7915
vn 0.0591 -0.1799 -0.9819
vn -0.6215 -0.0532 -0.7816
vn 0.3956 -0.2878 -0.8721
vn 0.0534 -0.2064 -0.9770
vn 0.6210 -0.4033 -0.6721
vn 0.7541 -0.3621 -0.5480
vn 0.5560 -0.7100 -0.4321
vn 0.7557 -0.5348 -0.3779
vn 0.3732 -0.3516 -0.8585
vn -0.3165 -0.8966 -0.3096
vn -0.2990 -0.8960 -0.3282
vn -0.4691 -0.7597 -0.4503
vn -0.4427 -0.7596 -0.4764
vn -0.6687 -0.2415 -0.7032
vn -0.7321 0.0150 -0.6810
vn -0.6914 0.0176 -0.7222
vn -0.3336 -0.8962 -0.2926
vn -0.4922 -0.7602 -0.4241
vn -0.7088 -0.2415 -0.6628
vn -0.7685 0.0131 -0.6398
vn 0.2878 -0.9143 0.2850
vn 0.2698 -0.9139 0.3034
vn 0.4312 -0.7902 0.4355
vn 0.6120 -0.3311 0.7182
vn 0.6896 -0.0871 0.7190
vn 0.6555 -0.3318 0.6784
vn 0.2483 -0.9148 0.3187
vn 0.4051 -0.7863 0.4665
vn 0.5637 -0.3336 0.7556
vn 0.6436 -0.0866 0.7604
vn -0.2605 -0.8947 -0.3629
vn -0.2802 -0.8951 -0.3468
vn -0.3859 -0.7580 -0.5258
vn -0.6253 -0.2398 -0.7426
vn -0.6011 0.0170 -0.7990
vn -0.5809 -0.2386 -0.7782
vn -0.4152 -0.7582 -0.5027
vn -0.6466 0.0180 -0.7626
vn 0.3059 -0.9133 0.2690
vn 0.3216 -0.9129 0.2514
vn 0.4600 -0.7861 0.4129
vn 0.4835 -0.7856 0.3861
vn 0.7286 -0.3311 0.5996
vn 0.7313 -0.0872 0.6764
vn 0.7677 -0.0859 0.6350
vn 0.6940 -0.3316 0.6390
vn 0.3378 -0.9114 0.2348
vn 0.3535 -0.9106 0.2142
vn 0.5081 -0.7822 0.3606
vn 0.5326 -0.7800 0.3285
vn 0.7937 -0.3286 0.5119
vn 0.8018 -0.0893 0.5908
vn 0.8368 -0.0872 0.5405
vn 0.7596 -0.3339 0.5582
vn -0.3491 -0.8964 -0.2733
vn -0.5152 -0.7598 -0.3965
vn -0.7439 -0.2435 -0.6223
vn -0.8029 0.0123 -0.5960
vn -0.3666 -0.8951 -0.2540
vn -0.5397 -0.7569 -0.3685
vn -0.7784 -0.2405 -0.5798
vn -0.8366 0.0103 -0.5476
vn -0.3830 -0.8939 -0.2327
vn -0.5606 -0.7566 -0.3366
vn -0.8111 -0.2429 -0.5321
vn -0.8677 0.0046 -0.4970
vn -0.4024 -0.8901 -0.2141
vn -0.5860 -0.7479 -0.3119
vn -0.8408 -0.2459 -0.4822
vn -0.8937 0.0073 -0.4487
vn 0.3708 -0.9086 0.1925
vn 0.3852 -0.9060 0.1756
vn 0.5601 -0.7743 0.2946
vn 0.5789 -0.7699 0.2684
vn 0.8518 -0.3152 0.4185
vn 0.8711 -0.0885 0.4830
vn 0.8948 -0.0852 0.4383
vn 0.8266 -0.3262 0.4587
vn -0.4478 -0.8858 -0.1214
vn -0.3781 -0.9257 -0.0083
vn -0.8237 -0.5346 -0.1888
vn -0.7089 -0.7053 0.0022
vn -0.9793 -0.0612 -0.1931
vn -0.9311 -0.3645 0.0121
vn -0.1835 -0.9777 -0.1017
vn -0.6062 -0.7397 -0.2921
vn -0.8701 -0.2353 -0.4332
vn -0.9104 0.0087 -0.4136
vn -0.6207 -0.7296 -0.2872
vn -0.8880 -0.2270 -0.4000
vn 0.3973 -0.9020 0.1693
vn 0.5911 -0.7640 0.2585
vn 0.9049 -0.0801 0.4180
vn 0.8635 -0.3100 0.3979
vn 0.2212 -0.9144 0.3390
vn 0.3714 -0.7884 0.4904
vn 0.5023 -0.3294 0.7995
vn 0.5924 -0.0891 0.8007
vn 0.1989 -0.9106 0.3623
vn 0.3292 -0.7854 0.5242
vn 0.4431 -0.3273 0.8346
vn 0.5240 -0.0901 0.8469
vn -0.2230 -0.8903 -0.3970
vn -0.2406 -0.8936 -0.3789
vn -0.3340 -0.7503 -0.5705
vn -0.5346 -0.2361 -0.8115
vn -0.5097 0.0239 -0.8600
vn -0.4900 -0.2239 -0.8425
vn -0.3590 -0.7540 -0.5501
vn -0.5542 0.0195 -0.8322
vn 0.0005 -0.9178 -0.3970
vn 0.0007 -0.6900 -0.7238
vn 0.0002 -0.3456 -0.9384
vn -0.1232 -0.8811 -0.4565
vn -0.2167 -0.5196 -0.8265
vn -0.2380 -0.0248 -0.9710
vn 0.1891 -0.9055 0.3800
vn 0.2918 -0.7762 0.5589
vn 0.4120 -0.3155 0.8549
vn 0.4585 -0.0874 0.8844
vn 0.4265 -0.0794 0.9010
vn 0.2776 -0.7661 0.5797
vn 0.4043 -0.3193 0.8571
vn -0.2133 -0.8852 -0.4134
vn -0.4597 -0.2108 -0.8627
vn -0.3186 -0.7397 -0.5928
vn -0.4778 0.0288 -0.8780
vn -0.5014 0.6974 -0.5120
vn -0.5316 0.6965 -0.4821
vn -0.3632 0.8574 -0.3646
vn -0.3850 0.8568 -0.3429
vn -0.2020 0.9599 -0.1943
vn -0.2144 0.9596 -0.1823
vn -0.5593 0.6942 -0.4531
vn -0.4051 0.8558 -0.3218
vn -0.2254 0.9593 -0.1704
vn 0.4929 0.6356 0.5942
vn 0.5286 0.6345 0.5639
vn 0.3576 0.8251 0.4374
vn 0.3827 0.8257 0.4145
vn 0.1961 0.9486 0.2484
vn 0.2094 0.9490 0.2356
vn 0.4538 0.6353 0.6249
vn 0.3298 0.8242 0.4604
vn 0.1805 0.9484 0.2606
vn -0.4692 0.6975 -0.5416
vn -0.4366 0.6968 -0.5691
vn -0.3393 0.8580 -0.3856
vn -0.3163 0.8573 -0.4063
vn -0.1893 0.9599 -0.2068
vn -0.1758 0.9601 -0.2177
vn 0.5886 0.6357 0.4995
vn 0.5595 0.6373 0.5299
vn 0.4280 0.8247 0.3697
vn 0.4055 0.8264 0.3906
vn 0.2348 0.9487 0.2118
vn 0.2226 0.9490 0.2232
vn 0.6461 0.6305 0.4301
vn 0.6185 0.6306 0.4689
vn 0.4707 0.8222 0.3201
vn 0.4492 0.8232 0.3472
vn 0.2585 0.9481 0.1850
vn 0.2464 0.9484 0.1996
vn -0.5871 0.6901 -0.4231
vn -0.4256 0.8537 -0.3001
vn -0.2372 0.9584 -0.1585
vn -0.6135 0.6875 -0.3885
vn -0.4464 0.8512 -0.2761
vn -0.2491 0.9575 -0.1452
vn -0.6415 0.6805 -0.3541
vn -0.4681 0.8470 -0.2518
vn -0.2622 0.9559 -0.1320
vn -0.6665 0.6727 -0.3213
vn -0.4888 0.8419 -0.2287
vn -0.2755 0.9538 -0.1196
vn 0.7014 0.6173 0.3565
vn 0.6778 0.6238 0.3892
vn 0.5164 0.8129 0.2693
vn 0.4955 0.8183 0.2913
vn 0.2863 0.9449 0.1585
vn 0.2724 0.9471 0.1697
vn -0.9074 0.4186 -0.0379
vn -0.7543 0.6375 -0.1567
vn -0.6848 0.7285 -0.0218
vn -0.5557 0.8239 -0.1114
vn -0.3686 0.9296 -0.0024
vn -0.3175 0.9465 -0.0576
vn -0.6851 0.6645 -0.2984
vn -0.5070 0.8349 -0.2140
vn -0.2868 0.9514 -0.1122
vn 0.7147 0.6098 0.3426
vn 0.5281 0.8085 0.2597
vn 0.2938 0.9435 0.1535
vn 0.4043 0.6291 0.6639
vn 0.2941 0.8215 0.4886
vn 0.1614 0.9476 0.2756
vn 0.3573 0.6199 0.6986
vn 0.2622 0.8146 0.5174
vn 0.1454 0.9448 0.2937
vn -0.4036 0.6945 -0.5956
vn -0.3730 0.6906 -0.6196
vn -0.2926 0.8562 -0.4258
vn -0.2714 0.8530 -0.4459
vn -0.1634 0.9594 -0.2301
vn -0.1513 0.9585 -0.2415
vn -0.0587 0.4344 -0.8988
vn -0.0448 0.7390 -0.6722
vn -0.0243 0.9353 -0.3531
vn -0.1974 0.6657 -0.7196
vn -0.1465 0.8397 -0.5229
vn -0.0853 0.9531 -0.2905
vn 0.3343 0.6122 0.7166
vn 0.2475 0.8074 0.5356
vn 0.1384 0.9417 0.3067
vn -0.3517 0.6858 -0.6371
vn -0.2578 0.8485 -0.4621
vn -0.1445 0.9569 -0.2518
vn 0.8126 0.3506 0.4656
vn 0.4497 -0.1200 -0.8851
vn 0.4852 0.3493 0.8016
vn 0.9471 0.1825 -0.2638
vn 0.9471 0.1826 -0.2638
vn 0.0585 -0.2423 -0.9684
vn 0.6935 0.3575 0.6255
vn -0.9688 -0.2359 0.0760
vn 0.4472 0.3512 0.8226
vn -0.3956 0.9183 0.0134
vn -0.7183 0.6957 0.0096
vn -0.9272 0.3746 0.0045
vn -0.3795 0.0162 -0.9250
vn -0.9232 0.0068 -0.3843
vn -0.7048 0.0125 -0.7093
vn 0.2662 -0.6943 0.6687
vn 0.0245 -0.7620 0.6471
vn -0.8787 -0.3428 0.3323
vn 0.0676 -0.7194 0.6913
vn -0.5722 -0.5868 0.5729
vn 0.0001 0.3956 -0.9184
vn -0.0006 0.7186 -0.6955
vn -0.0012 0.9305 -0.3662
vn 0.6832 -0.2634 0.6810
vn 0.6587 -0.0060 0.7523
vn 0.2902 0.9066 0.3065
vn 0.7055 -0.0488 0.7070
vn 0.6808 -0.6872 0.2534
vn 0.7500 -0.6614 0.0075
vn 0.3641 -0.3492 -0.8634
vn 0.6106 -0.6029 -0.5136
vn 0.7049 -0.7076 0.0493
vn 0.9169 0.3991 0.0056
vn 0.9085 0.4178 0.0057
vn 0.6729 0.7397 0.0101
vn 0.8889 0.4581 0.0062
vn 0.4333 0.9012 0.0123
vn 0.3262 0.9452 0.0128
vn 0.0843 0.9933 -0.0788
vn -0.1229 0.9924 0.0074
vn -0.0022 0.9292 0.3696
vn -0.0025 0.8169 0.5768
vn -0.0026 0.7108 0.7034
vn -0.0025 0.3807 0.9247
vn -0.3213 0.8945 -0.3109
vn -0.5359 0.7096 -0.4575
vn -0.5606 0.6127 -0.5571
vn -0.6584 0.3626 -0.6596
vn -0.6823 0.2552 -0.6851
vn -0.4646 0.7580 -0.4577
vn 0.9156 0.0080 -0.4020
vn 0.6845 0.0134 -0.7289
vn 0.3634 0.0166 -0.9315
vn 0.4558 0.0159 -0.8899
vn 0.0742 0.1181 -0.9902
vn 0.0023 -0.9078 -0.4193
vn 0.0025 -0.7470 -0.6648
vn 0.0025 -0.6724 -0.7402
vn 0.0026 -0.5488 -0.8359
vn 0.0025 -0.3498 -0.9368
vn -0.1325 0.0316 -0.9907
vn -0.3252 0.3428 -0.8813
vn -0.4322 0.4479 -0.7826
vn -0.5509 0.5634 -0.6158
vn -0.5309 0.5440 -0.6498
vn -0.6703 0.6768 -0.3042
vn -0.4440 0.4595 -0.7692
vn -0.9923 -0.0694 -0.1030
vn -0.9334 -0.3589 -0.0076
vn -0.7335 -0.6796 -0.0130
vn -0.8618 0.3465 -0.3704
vn -0.4077 -0.9130 -0.0165
vn -0.9840 -0.1171 0.1343
vn -0.9332 -0.0102 0.3593
vn -0.7297 -0.0118 0.6837
vn -0.4028 -0.0159 0.9151
vn -0.9921 0.1250 -0.0086
vn -0.8251 -0.0096 0.5649
vn -0.5187 -0.0148 0.8548
vn -0.9002 0.3135 -0.3023
vn -0.7954 0.4347 -0.4224
vn -0.6206 0.5854 -0.5217
vn -0.3112 0.6843 -0.6595
vn -0.8007 0.4314 -0.4156
vn 0.3815 0.9242 0.0162
vn 0.7057 0.7084 0.0125
vn 0.9227 0.3854 0.0069
vn -0.0025 0.3664 0.9305
vn -0.0026 0.6944 0.7195
vn -0.0023 0.9171 0.3986
vn -0.6718 0.3208 -0.6677
vn -0.5228 0.6820 -0.5114
vn -0.2819 0.9221 -0.2651
vn 0.3844 0.0165 -0.9230
vn 0.7083 0.0131 -0.7058
vn 0.9248 0.0077 -0.3804
vn 0.0025 -0.3665 -0.9304
vn 0.0026 -0.6945 -0.7195
vn 0.0023 -0.9170 -0.3990
vn -0.6520 0.6600 -0.3732
vn -0.4982 0.5124 -0.6994
vn -0.2687 0.2869 -0.9195
vn -0.3826 -0.9238 -0.0167
vn -0.7071 -0.7070 -0.0134
vn -0.9244 -0.3813 -0.0081
vn -0.3883 -0.0160 0.9214
vn -0.7106 -0.0121 0.7035
vn -0.9246 -0.0065 0.3809
vn -0.3809 0.6660 -0.6413
vn -0.7065 0.5087 -0.4920
vn -0.9244 0.2730 -0.2665
vn 0.9238 -0.0052 0.3829
vn 0.7063 -0.0112 0.7079
vn 0.7070 -0.0112 0.7071
vn 0.3801 -0.0155 0.9248
vn -0.8104 0.0088 -0.5858
vn -0.9246 -0.0081 0.3809
vn -0.9252 -0.0080 0.3794
vn -0.1640 -0.0175 0.9863
vn 0.3796 0.9248 0.0265
vn 0.3798 0.9247 0.0265
vn 0.3796 0.9248 0.0264
vn 0.9234 0.3837 0.0128
vn 0.8381 0.5450 0.0243
vn -0.3810 0.9243 0.0196
vn -0.1991 0.9796 0.0291
vn -0.5200 0.8512 -0.0714
vn -0.1602 -0.9869 -0.0176
vn -0.1577 -0.9736 -0.1651
vn -0.9227 -0.3854 -0.0086
vn -0.9177 -0.3830 -0.1057
vn -0.8095 0.5871 0.0085
vn -0.9228 -0.3853 -0.0086
vn -0.9214 -0.3886 -0.0086
vn -0.0014 -0.3989 0.9170
vn -0.0012 -0.7196 0.6944
vn -0.0012 -0.7192 0.6948
vn -0.0007 -0.9302 0.3670
vn -0.0023 0.4014 -0.9159
vn -0.0032 -0.9176 -0.3976
vn 0.0111 -0.3648 -0.9310
vn -0.0002 -0.9826 -0.1859
vn 0.9020 -0.0969 -0.4208
vn 0.7418 -0.1471 -0.6543
vn -0.3637 -0.2074 -0.9082
vn 0.9222 -0.0848 -0.3772
vn -0.3603 -0.2075 -0.9095
vn 0.3843 -0.9231 -0.0153
vn 0.7083 -0.7059 -0.0108
vn 0.9227 -0.3854 -0.0048
vn 0.7067 -0.7075 -0.0109
vn -0.0004 0.9165 0.4001
vn 0.0120 0.9154 0.4023
vn -0.0004 0.9162 0.4006
vn -0.0014 0.1417 0.9899
vn -0.0014 0.1448 0.9895
vn 0.0011 0.8243 -0.5661
vn 0.0099 0.9831 -0.1828
vn 0.0087 0.5477 0.8366
vn 0.0120 0.9169 0.3989
vn 0.8985 0.3067 -0.3140
vn 0.8991 0.3232 -0.2954
vn 0.7625 0.4563 -0.4588
vn 0.7638 0.4793 -0.4323
vn 0.2475 0.7232 -0.6447
vn -0.0108 0.7096 -0.7045
vn -0.0108 0.7480 -0.6637
vn 0.8987 0.2876 -0.3310
vn 0.7638 0.4273 -0.4838
vn 0.2449 0.6869 -0.6843
vn -0.0098 0.6681 -0.7440
vn 0.9115 -0.3120 0.2680
vn 0.9112 -0.3284 0.2489
vn 0.7838 -0.4682 0.4080
vn 0.3254 -0.7457 0.5814
vn 0.0802 -0.7463 0.6608
vn 0.3245 -0.7090 0.6261
vn 0.9116 -0.3433 0.2264
vn 0.7836 -0.4929 0.3783
vn 0.3236 -0.7823 0.5323
vn 0.0797 -0.7845 0.6149
vn 0.8989 0.3558 -0.2556
vn 0.8991 0.3402 -0.2754
vn 0.7636 0.5262 -0.3742
vn 0.2460 0.7613 -0.5999
vn -0.0103 0.8211 -0.5707
vn 0.2455 0.7954 -0.5541
vn 0.7636 0.5040 -0.4035
vn -0.0106 0.7857 -0.6185
vn 0.9119 -0.2940 0.2865
vn 0.9111 -0.2794 0.3031
vn 0.7837 -0.4426 0.4358
vn 0.7836 -0.4172 0.4604
vn 0.3253 -0.6327 0.7027
vn 0.0803 -0.7048 0.7049
vn 0.0821 -0.6646 0.7427
vn 0.3245 -0.6721 0.6656
vn 0.9106 -0.2627 0.3190
vn 0.9103 -0.2428 0.3353
vn 0.7821 -0.3909 0.4852
vn 0.7807 -0.3608 0.5102
vn 0.3261 -0.5438 0.7733
vn 0.0840 -0.6240 0.7769
vn 0.0853 -0.5709 0.8166
vn 0.3271 -0.5949 0.7342
vn 0.8979 0.2705 -0.3474
vn 0.7616 0.4028 -0.5077
vn 0.2465 0.6447 -0.7236
vn -0.0083 0.6249 -0.7807
vn 0.8962 0.2515 -0.3654
vn 0.7597 0.3741 -0.5319
vn 0.2446 0.6027 -0.7595
vn -0.0059 0.5788 -0.8155
vn 0.8940 0.2316 -0.3837
vn 0.7548 0.3470 -0.5567
vn 0.2459 0.5578 -0.7928
vn -0.0038 0.5282 -0.8491
vn 0.8905 0.2117 -0.4028
vn 0.7491 0.3185 -0.5809
vn 0.2455 0.5071 -0.8262
vn -0.0057 0.4819 -0.8762
vn 0.9086 -0.2210 0.3543
vn 0.9048 -0.2097 0.3706
vn 0.7767 -0.3266 0.5386
vn 0.7699 -0.3052 0.5604
vn 0.3185 -0.4545 0.8319
vn 0.0866 -0.5168 0.8517
vn 0.0847 -0.4724 0.8773
vn 0.3245 -0.4953 0.8058
vn 0.8841 0.1223 -0.4510
vn 0.9219 0.0062 -0.3874
vn 0.5325 0.2098 -0.8200
vn 0.6978 0.0119 -0.7162
vn 0.0548 0.2284 -0.9720
vn 0.3579 0.0163 -0.9336
vn 0.9777 0.0897 -0.1901
vn 0.7376 0.3039 -0.6030
vn 0.2380 0.4609 -0.8549
vn -0.0103 0.4474 -0.8943
vn 0.7297 0.2973 -0.6158
vn 0.2215 0.4299 -0.8753
vn 0.9025 -0.1998 0.3815
vn 0.7657 -0.2940 0.5721
vn 0.0818 -0.4528 0.8879
vn 0.3136 -0.4343 0.8444
vn 0.9106 -0.3623 0.1989
vn 0.7829 -0.5177 0.3449
vn 0.3221 -0.8228 0.4683
vn 0.0801 -0.8237 0.5613
vn 0.9050 -0.3873 0.1759
vn 0.7792 -0.5495 0.3015
vn 0.3150 -0.8566 0.4086
vn 0.0801 -0.8671 0.4917
vn 0.8950 0.3897 -0.2171
vn 0.8979 0.3720 -0.2353
vn 0.7551 0.5718 -0.3208
vn 0.2440 0.8268 -0.5069
vn -0.0116 0.8787 -0.4772
vn 0.2376 0.8554 -0.4602
vn 0.7606 0.5496 -0.3456
vn -0.0093 0.8525 -0.5227
vn 0.9267 0.3756 0.0061
vn 0.7028 0.7111 0.0207
vn 0.3627 0.9314 0.0317
vn 0.8877 0.4458 -0.1151
vn 0.5316 0.8252 -0.1911
vn 0.0396 0.9786 -0.2018
vn 0.9023 -0.3980 0.1656
vn 0.7672 -0.5856 0.2616
vn 0.3059 -0.8731 0.3796
vn 0.0751 -0.9026 0.4239
vn 0.0682 -0.9166 0.3939
vn 0.7592 -0.6020 0.2474
vn 0.3060 -0.8788 0.3662
vn 0.8909 0.4047 -0.2063
vn 0.2200 0.8763 -0.4286
vn 0.7464 0.5925 -0.3030
vn -0.0183 0.8960 -0.4437
vn -0.6925 0.5427 -0.4752
vn -0.6924 0.5139 -0.5064
vn -0.8544 0.3925 -0.3404
vn -0.8540 0.3722 -0.3636
vn -0.9580 0.2192 -0.1849
vn -0.9584 0.2063 -0.1972
vn -0.6908 0.4860 -0.5354
vn -0.8538 0.3514 -0.3841
vn -0.9579 0.1958 -0.2098
vn -0.6419 -0.6003 0.4771
vn -0.6416 -0.5707 0.5126
vn -0.8297 -0.4357 0.3491
vn -0.8294 -0.4139 0.3751
vn -0.9510 -0.2390 0.1961
vn -0.9511 -0.2266 0.2100
vn -0.6405 -0.6313 0.4372
vn -0.8294 -0.4576 0.3205
vn -0.9512 -0.2504 0.1803
vn -0.6920 0.5709 -0.4418
vn -0.6912 0.5963 -0.4082
vn -0.8545 0.4120 -0.3164
vn -0.8530 0.4325 -0.2922
vn -0.9581 0.2297 -0.1712
vn -0.9574 0.2417 -0.1581
vn -0.6384 -0.5094 0.5770
vn -0.6392 -0.5411 0.5464
vn -0.8273 -0.3702 0.4225
vn -0.8279 -0.3932 0.3999
vn -0.9500 -0.2040 0.2365
vn -0.9505 -0.2158 0.2237
vn -0.6310 -0.4434 0.6366
vn -0.6354 -0.4793 0.6055
vn -0.8225 -0.3237 0.4677
vn -0.8257 -0.3487 0.4435
vn -0.9488 -0.1780 0.2610
vn -0.9496 -0.1918 0.2481
vn -0.6890 0.4560 -0.5633
vn -0.8520 0.3309 -0.4058
vn -0.9575 0.1843 -0.2220
vn -0.6851 0.4243 -0.5921
vn -0.8504 0.3074 -0.4271
vn -0.9569 0.1715 -0.2345
vn -0.6803 0.3896 -0.6209
vn -0.8470 0.2836 -0.4496
vn -0.9561 0.1576 -0.2471
vn -0.6729 0.3578 -0.6474
vn -0.8417 0.2625 -0.4718
vn -0.9540 0.1479 -0.2609
vn -0.6166 -0.3717 0.6940
vn -0.6245 -0.4032 0.6689
vn -0.8130 -0.2739 0.5138
vn -0.8187 -0.2956 0.4922
vn -0.9451 -0.1523 0.2890
vn -0.9471 -0.1644 0.2755
vn -0.4259 0.0791 -0.9013
vn -0.6416 0.1963 -0.7415
vn -0.7343 0.0601 -0.6761
vn -0.8268 0.1465 -0.5431
vn -0.9323 0.0326 -0.3602
vn -0.9486 0.0850 -0.3048
vn -0.6657 0.3353 -0.6667
vn -0.8357 0.2474 -0.4903
vn -0.9519 0.1392 -0.2730
vn -0.6107 -0.3576 0.7065
vn -0.8083 -0.2649 0.5258
vn -0.9430 -0.1485 0.2980
vn -0.6385 -0.6660 0.3859
vn -0.8284 -0.4829 0.2839
vn -0.9515 -0.2624 0.1607
vn -0.6286 -0.7010 0.3370
vn -0.8199 -0.5147 0.2508
vn -0.9485 -0.2822 0.1438
vn -0.6881 0.6218 -0.3741
vn -0.6832 0.6449 -0.3427
vn -0.8511 0.4514 -0.2681
vn -0.8475 0.4703 -0.2460
vn -0.9569 0.2517 -0.1448
vn -0.9549 0.2658 -0.1326
vn -0.4191 0.9077 -0.0209
vn -0.7279 0.6855 -0.0124
vn -0.9291 0.3698 -0.0018
vn -0.6549 0.7376 -0.1641
vn -0.8327 0.5408 -0.1186
vn -0.9488 0.3092 -0.0649
vn -0.6200 -0.7195 0.3127
vn -0.8148 -0.5299 0.2353
vn -0.9455 -0.2957 0.1365
vn -0.6778 0.6615 -0.3209
vn -0.8421 0.4868 -0.2320
vn -0.9532 0.2750 -0.1260
vn -0.3658 -0.7330 0.5735
vn 0.1399 0.8657 0.4806
vn -0.3594 -0.8153 0.4541
vn -0.1595 0.2318 0.9596
vn -0.1594 0.2313 0.9597
vn 0.2197 0.9450 0.2424
vn -0.3615 -0.6389 0.6791
vn 0.0623 -0.4969 -0.8656
vn 0.1510 -0.2438 -0.9580
vn -0.3446 -0.5010 0.7939
vn 0.0850 -0.4417 -0.8932
vn -0.3926 0.3682 0.8428
vn -0.4100 0.3495 0.8425
vn -0.5246 0.5065 0.6843
vn -0.5500 0.4795 0.6838
vn -0.7373 0.6625 0.1321
vn -0.6949 0.7087 -0.1223
vn -0.7349 0.6663 -0.1259
vn -0.3752 0.3848 0.8433
vn -0.4993 0.5311 0.6846
vn -0.6978 0.7033 0.1360
vn -0.6545 0.7464 -0.1202
vn 0.2132 -0.2157 0.9529
vn 0.2294 -0.1963 0.9533
vn 0.3792 -0.3633 0.8510
vn 0.7010 -0.5656 0.4344
vn 0.7256 -0.6598 0.1954
vn 0.6637 -0.6093 0.4338
vn 0.2460 -0.1751 0.9533
vn 0.4043 -0.3338 0.8515
vn 0.7379 -0.5166 0.4344
vn 0.7653 -0.6128 0.1970
vn -0.4439 0.3101 0.8407
vn -0.4273 0.3298 0.8418
vn -0.5983 0.4217 0.6814
vn -0.7752 0.6177 0.1322
vn -0.8090 0.5741 -0.1266
vn -0.8095 0.5722 0.1319
vn -0.5750 0.4507 0.6828
vn -0.7739 0.6206 -0.1263
vn 0.1957 -0.2337 0.9524
vn 0.1798 -0.2497 0.9515
vn 0.3522 -0.3899 0.8508
vn 0.3272 -0.4146 0.8491
vn 0.5867 -0.6850 0.4320
vn 0.6841 -0.7030 0.1946
vn 0.6434 -0.7402 0.1952
vn 0.6245 -0.6499 0.4331
vn 0.1630 -0.2651 0.9503
vn 0.1437 -0.2794 0.9494
vn 0.3016 -0.4382 0.8468
vn 0.2707 -0.4628 0.8441
vn 0.4989 -0.7536 0.4280
vn 0.6002 -0.7758 0.1947
vn 0.5480 -0.8137 0.1938
vn 0.5458 -0.7189 0.4304
vn -0.3574 0.4018 0.8431
vn -0.4731 0.5546 0.6846
vn -0.6582 0.7401 0.1379
vn -0.6122 0.7820 -0.1170
vn -0.3378 0.4193 0.8426
vn -0.4440 0.5785 0.6843
vn -0.6169 0.7746 0.1393
vn -0.5651 0.8173 -0.1131
vn -0.3158 0.4346 0.8434
vn -0.4135 0.6013 0.6837
vn -0.5704 0.8090 0.1419
vn -0.5155 0.8500 -0.1084
vn -0.2896 0.4388 0.8507
vn -0.3823 0.6139 0.6906
vn -0.5212 0.8417 0.1408
vn -0.4684 0.8772 -0.1058
vn 0.1273 -0.2918 0.9480
vn 0.1250 -0.3121 0.9418
vn 0.2394 -0.4903 0.8380
vn 0.2220 -0.5193 0.8253
vn 0.3915 -0.8238 0.4100
vn 0.4805 -0.8558 0.1916
vn 0.4216 -0.8878 0.1844
vn 0.4411 -0.7932 0.4198
vn -0.1621 0.3965 0.9036
vn -0.0407 0.3959 0.9174
vn -0.2366 0.8210 0.5196
vn -0.0346 0.7326 0.6797
vn -0.2165 0.9762 -0.0113
vn -0.0226 0.9491 0.3143
vn -0.1549 0.1782 0.9717
vn -0.3531 0.6103 0.7091
vn -0.4725 0.8701 0.1403
vn -0.4334 0.8948 -0.1077
vn -0.3479 0.6232 0.7005
vn -0.4386 0.8891 0.1308
vn 0.1307 -0.3375 0.9322
vn 0.2210 -0.5434 0.8099
vn 0.3943 -0.9021 0.1753
vn 0.3668 -0.8411 0.3975
vn 0.2654 -0.1478 0.9528
vn 0.4306 -0.3016 0.8507
vn 0.7793 -0.4537 0.4323
vn 0.8043 -0.5606 0.1971
vn 0.2875 -0.1250 0.9496
vn 0.4627 -0.2581 0.8481
vn 0.8151 -0.3948 0.4239
vn 0.8485 -0.4909 0.1975
vn -0.4765 0.2714 0.8362
vn -0.4593 0.2898 0.8397
vn -0.6410 0.3677 0.6738
vn -0.8411 0.5251 0.1294
vn -0.8673 0.4811 -0.1282
vn -0.8697 0.4785 0.1213
vn -0.6194 0.3922 0.6801
vn -0.8406 0.5263 -0.1278
vn -0.4725 0.0503 0.8799
vn -0.7796 0.0247 0.6258
vn -0.9639 -0.0048 0.2663
vn -0.5329 0.1695 0.8290
vn -0.8729 0.2269 0.4320
vn -0.9751 0.2096 -0.0724
vn 0.3052 -0.1146 0.9454
vn 0.4955 -0.2203 0.8402
vn 0.8347 -0.3635 0.4136
vn 0.8847 -0.4249 0.1915
vn 0.9010 -0.3928 0.1842
vn 0.5168 -0.2059 0.8310
vn 0.8360 -0.3555 0.4180
vn -0.4916 0.2608 0.8308
vn -0.8884 0.4469 0.1048
vn -0.6609 0.3506 0.6636
vn -0.8838 0.4477 -0.1361
vn -0.4629 0.4368 -0.7713
vn -0.4343 0.4683 -0.7695
vn -0.2991 0.2923 -0.9083
vn -0.2781 0.3149 -0.9075
vn -0.1174 0.1302 -0.9845
vn -0.1051 0.1423 -0.9842
vn -0.4061 0.4967 -0.7670
vn -0.2581 0.3361 -0.9058
vn -0.0942 0.1545 -0.9835
vn 0.6576 -0.5170 -0.5480
vn 0.6270 -0.5525 -0.5492
vn 0.5140 -0.3996 -0.7590
vn 0.4913 -0.4248 -0.7604
vn 0.3320 -0.2525 -0.9089
vn 0.3199 -0.2664 -0.9092
vn 0.6878 -0.4773 -0.5469
vn 0.5359 -0.3710 -0.7584
vn 0.3445 -0.2373 -0.9083
vn -0.4915 0.4038 -0.7716
vn -0.5183 0.3707 -0.7707
vn -0.3203 0.2687 -0.9084
vn -0.3394 0.2443 -0.9084
vn -0.1292 0.1170 -0.9847
vn -0.1398 0.1032 -0.9848
vn 0.5659 -0.6156 -0.5484
vn 0.5960 -0.5860 -0.5490
vn 0.4479 -0.4713 -0.7598
vn 0.4695 -0.4496 -0.7599
vn 0.2964 -0.2919 -0.9094
vn 0.3078 -0.2797 -0.9094
vn 0.4942 -0.6770 -0.5453
vn 0.5344 -0.6443 -0.5471
vn 0.3960 -0.5172 -0.7588
vn 0.4251 -0.4919 -0.7598
vn 0.2674 -0.3181 -0.9096
vn 0.2834 -0.3024 -0.9101
vn -0.3767 0.5251 -0.7632
vn -0.2374 0.3576 -0.9032
vn -0.0828 0.1667 -0.9825
vn -0.3446 0.5543 -0.7577
vn -0.2143 0.3794 -0.9001
vn -0.0704 0.1799 -0.9812
vn -0.3112 0.5834 -0.7502
vn -0.1917 0.4034 -0.8947
vn -0.0587 0.1949 -0.9791
vn -0.2826 0.6143 -0.7367
vn -0.1766 0.4364 -0.8823
vn -0.0572 0.2272 -0.9722
vn 0.3810 -0.7567 -0.5312
vn 0.4371 -0.7200 -0.5390
vn 0.3068 -0.5872 -0.7491
vn 0.3524 -0.5541 -0.7542
vn 0.2052 -0.3648 -0.9082
vn 0.2385 -0.3420 -0.9090
vn -0.0462 0.8792 -0.4743
vn -0.1464 0.7253 -0.6726
vn -0.0221 0.6559 -0.7545
vn -0.1002 0.5585 -0.8234
vn 0.0045 0.3563 -0.9344
vn -0.0483 0.3646 -0.9299
vn -0.2662 0.6438 -0.7174
vn -0.1753 0.4796 -0.8598
vn -0.0714 0.2819 -0.9568
vn 0.3528 -0.7736 -0.5263
vn 0.2817 -0.6002 -0.7486
vn 0.1825 -0.3666 -0.9123
vn 0.7241 -0.4259 -0.5425
vn 0.5632 -0.3346 -0.7555
vn 0.3591 -0.2175 -0.9076
vn 0.7569 -0.3776 -0.5334
vn 0.5906 -0.3015 -0.7485
vn 0.3760 -0.2007 -0.9047
vn -0.5440 0.3372 -0.7684
vn -0.5677 0.3062 -0.7642
vn -0.3589 0.2206 -0.9069
vn -0.3777 0.1986 -0.9044
vn -0.1509 0.0899 -0.9845
vn -0.1631 0.0782 -0.9835
vn -0.8601 0.0019 -0.5101
vn -0.6073 -0.0261 -0.7940
vn -0.2726 -0.0503 -0.9608
vn -0.6659 0.1300 -0.7346
vn -0.4526 0.0728 -0.8887
vn -0.2101 0.0111 -0.9776
vn 0.7735 -0.3535 -0.5260
vn 0.6079 -0.2859 -0.7408
vn 0.3882 -0.1929 -0.9011
vn -0.5848 0.2847 -0.7595
vn -0.3951 0.1854 -0.8997
vn -0.1740 0.0715 -0.9821
vn 0.7573 -0.6020 -0.2532
vn 0.7489 -0.6122 -0.2536
vn -0.9654 -0.2197 0.1404
vn 0.4648 -0.8513 -0.2435
vn 0.4861 0.8713 0.0674
vn 0.5304 0.8460 0.0553
vn 0.5313 0.8454 0.0551
vn 0.4349 0.8968 0.0814
vn 0.4841 0.8724 0.0680
vn 0.7761 0.0779 -0.6258
vn 0.4401 -0.7329 0.5188
vn 0.6067 0.7938 -0.0420
vn 0.6486 0.7597 0.0472
vn -0.6916 0.4987 -0.5225
vn -0.6916 0.4986 -0.5226
vn 0.4327 -0.4971 0.7521
vn 0.4327 -0.4970 0.7522
vn -0.6414 0.5900 -0.4905
vn -0.0202 0.9734 0.2280
vn 0.4997 -0.7033 0.5057
vn 0.7851 -0.5734 -0.2342
vn 0.8224 -0.2229 -0.5234
vn -0.6347 -0.6281 -0.4502
vn -0.8506 -0.4286 -0.3046
vn -0.6580 0.4623 0.5944
vn -0.7244 0.4373 -0.5330
vn 0.8841 0.4641 -0.0536
vn -0.8884 -0.1350 0.4388
vn 0.1154 0.8854 0.4502
vn 0.1301 -0.4299 -0.8935
vn -0.8877 -0.4449 0.1186
vn -0.2681 0.3154 -0.9103
vn 0.2013 0.8845 -0.4209
vn 0.5308 0.3515 -0.7712
vn -0.3827 0.4124 -0.8267
vn 0.7064 -0.5296 0.4696
vn 0.5869 0.1953 0.7858
vn -0.7775 -0.0757 -0.6243
vn 0.1154 0.5715 -0.8125
vn 0.4889 -0.3361 -0.8050
vn -0.9251 -0.0081 0.3796
vn 0.0083 0.5357 0.8443
vn 0.0854 -0.4405 -0.8937
vn 0.4340 0.8972 0.0816
vt 0.119812 0.758602
vt 0.123736 0.748633
vt 0.125584 0.754213
vt 0.015201 0.874516
vt 0.015538 0.855390
vt 0.018779 0.873841
vt 0.129410 0.743816
vt 0.133137 0.732975
vt 0.134982 0.738547
vt 0.050927 0.810761
vt 0.047341 0.790575
vt 0.051567 0.790475
vt 0.145532 0.726943
vt 0.152158 0.726530
vt 0.147380 0.732522
vt 0.019321 0.891736
vt 0.022673 0.891027
vt 0.054801 0.887620
vt 0.054377 0.905205
vt 0.051523 0.887929
vt 0.051650 0.851083
vt 0.047037 0.831355
vt 0.050957 0.831149
vt 0.142240 0.738438
vt 0.136828 0.744119
vt 0.138546 0.727288
vt 0.140393 0.732863
vt 0.048614 0.770269
vt 0.052963 0.770248
vt 0.007874 0.756116
vt 0.011135 0.776076
vt 0.006703 0.776409
vt 0.006567 0.796427
vt 0.011544 0.815927
vt 0.007397 0.816427
vt 0.050940 0.748616
vt 0.055395 0.748676
vt 0.055313 0.719430
vt 0.059853 0.719527
vt 0.013525 0.713282
vt 0.014792 0.735061
vt 0.010138 0.735184
vt 0.150309 0.720948
vt 0.156613 0.720413
vt 0.062095 0.677491
vt 0.066709 0.677557
vt 0.069795 0.627631
vt 0.074447 0.627674
vt 0.018348 0.690766
vt 0.018264 0.713324
vt 0.159079 0.708299
vt 0.164887 0.707340
vt 0.160823 0.714064
vt 0.023929 0.907667
vt 0.027054 0.906947
vt 0.028980 0.922791
vt 0.031892 0.922078
vt 0.062263 0.926354
vt 0.067560 0.954828
vt 0.059559 0.926773
vt 0.127563 0.738241
vt 0.034451 0.937563
vt 0.037174 0.936828
vt 0.040451 0.951793
vt 0.042911 0.950873
vt 0.069889 0.954541
vt 0.073697 0.982095
vt 0.110392 0.757756
vt 0.115734 0.747603
vt 0.117773 0.753102
vt 0.019314 0.854806
vt 0.022347 0.873209
vt 0.029108 0.813140
vt 0.015713 0.795521
vt 0.029008 0.793035
vt 0.046844 0.810920
vt 0.043102 0.790703
vt 0.043650 0.770384
vt 0.031589 0.752067
vt 0.045845 0.748664
vt 0.026020 0.890364
vt 0.030176 0.906271
vt 0.047918 0.851327
vt 0.045933 0.870588
vt 0.044179 0.851610
vt 0.043110 0.831595
vt 0.049458 0.870271
vt 0.048235 0.888286
vt 0.013109 0.835902
vt 0.010866 0.796003
vt 0.015680 0.815462
vt 0.015150 0.795611
vt 0.046473 0.748574
vt 0.042533 0.790768
vt 0.029772 0.772949
vt 0.012423 0.755885
vt 0.015549 0.775773
vt 0.016952 0.755681
vt 0.057487 0.677432
vt 0.035035 0.727175
vt 0.050163 0.719535
vt 0.019427 0.734963
vt 0.023060 0.691242
vt 0.022961 0.713388
vt 0.065141 0.627588
vt 0.026463 0.890303
vt 0.034065 0.871676
vt 0.037077 0.889089
vt 0.051357 0.905624
vt 0.056851 0.927227
vt 0.034803 0.921402
vt 0.039884 0.936124
vt 0.040762 0.905709
vt 0.035249 0.921421
vt 0.030602 0.906229
vt 0.065238 0.955158
vt 0.072727 0.981815
vt 0.045313 0.949994
vt 0.052976 0.869996
vt 0.057771 0.970331
vt 0.059253 0.968876
vt 0.060756 0.967451
vt 0.045468 0.870622
vt 0.047796 0.888320
vt 0.042751 0.811111
vt 0.043674 0.851654
vt 0.100692 0.763059
vt 0.107026 0.752837
vt 0.131257 0.749391
vt 0.056429 0.927161
vt 0.053109 0.945361
vt 0.046018 0.924068
vt 0.176115 0.678294
vt 0.180662 0.664600
vt 0.177291 0.678584
vt 0.182023 0.665449
vt 0.178467 0.678875
vt 0.016126 0.775678
vt 0.009132 0.836466
vt 0.022815 0.873138
vt 0.031649 0.853011
vt 0.017076 0.835375
vt 0.089802 0.768669
vt 0.094098 0.759556
vt 0.100766 0.770254
vt 0.107291 0.766565
vt 0.045434 0.949891
vt 0.040393 0.936202
vt 0.064727 0.954754
vt 0.060595 0.966585
vt 0.163870 0.700283
vt 0.168894 0.700156
vt 0.148460 0.715367
vt 0.154764 0.714832
vt 0.044249 0.770316
vt 0.023770 0.713027
vt 0.040296 0.695660
vt 0.143684 0.721364
vt 0.152916 0.709251
vt 0.029990 0.833314
vt 0.042583 0.831649
vt 0.057383 0.904832
vt 0.173683 0.835189
vt 0.184143 0.875234
vt 0.183319 0.876031
vt 0.050913 0.905652
vt 0.169645 0.689963
vt 0.172736 0.692971
vt 0.170396 0.679768
vt 0.175879 0.678532
vt 0.056833 0.677898
vt 0.045918 0.660753
vt 0.064335 0.629117
vt 0.027871 0.691758
vt 0.073683 0.982066
vt 0.073827 0.983174
vt 0.113760 0.762676
vt 0.073729 0.981142
vt 0.020102 0.734771
vt 0.011751 0.856014
vt 0.042205 0.811172
vt 0.017552 0.755565
vt 0.038039 0.655717
vt 0.157334 0.702534
vt 0.050775 0.719342
vt 0.041857 0.657672
vt 0.027659 0.691721
vt 0.016228 0.815375
vt 0.017598 0.835291
vt 0.019806 0.854728
vt 0.121887 0.743053
vt 0.162854 0.693226
vt 0.133945 0.792520
vt 0.088292 0.860563
vt 0.137890 0.774251
vt 0.094412 0.940474
vt 0.133448 0.909488
vt 0.134123 0.910284
vt 0.095457 0.938443
vt 0.132776 0.908692
vt 0.161746 0.880303
vt 0.128181 0.871224
vt 0.143290 0.848296
vt 0.265930 0.929221
vt 0.197451 0.971437
vt 0.196233 0.966680
vt 0.168512 0.785165
vt 0.174775 0.834866
vt 0.262688 0.929089
vt 0.218090 0.909404
vt 0.218477 0.908424
vt 0.111423 0.866691
vt 0.124851 0.816320
vt 0.275278 0.895220
vt 0.240972 0.819515
vt 0.289264 0.908415
vt 0.148654 0.925004
vt 0.120351 0.964030
vt 0.118324 0.965078
vt 0.222074 0.872896
vt 0.222071 0.836490
vt 0.258479 0.872844
vt 0.178348 0.896020
vt 0.150241 0.926358
vt 0.149447 0.925683
vt 0.155768 0.769885
vt 0.245278 0.815318
vt 0.100576 0.971177
vt 0.198809 0.976727
vt 0.082685 0.976843
vt 0.284382 0.926256
vt 0.168756 0.785049
vt 0.235703 0.824411
vt 0.170329 0.787533
vt 0.224586 0.887076
vt 0.184262 0.875356
vt 0.224799 0.886043
vt 0.170357 0.882571
vt 0.137167 0.921600
vt 0.135543 0.915718
vt 0.082975 0.859045
vt 0.142286 0.755053
vt 0.183201 0.876271
vt 0.168210 0.833433
vt 0.173497 0.835169
vt 0.236855 0.823471
vt 0.272606 0.893276
vt 0.231542 0.789386
vt 0.301475 0.773315
vt 0.292994 0.842705
vt 0.176724 0.889134
vt 0.137342 0.921776
vt 0.175474 0.884094
vt 0.157332 0.835906
vt 0.153355 0.839814
vt 0.226092 0.892730
vt 0.224611 0.887267
vt 0.162120 0.831545
vt 0.142636 0.754952
vt 0.161876 0.831603
vt 0.178235 0.894863
vt 0.178514 0.895977
vt 0.196155 0.966370
vt 0.120454 0.964231
vt 0.195842 0.965088
vt 0.088185 0.958401
vt 0.082391 0.976605
vt 0.265099 0.929351
vt 0.262690 0.929337
vt 0.265114 0.929096
vt 0.218862 0.907441
vt 0.179191 0.880254
vt 0.227644 0.898926
vt 0.175532 0.883887
vt 0.117682 0.965548
vt 0.143206 0.923494
vt 0.148478 0.924933
vt 0.164918 0.881072
vt 0.303842 0.922572
vt 0.170115 0.787653
vt 0.175866 0.834548
vt 0.163546 0.880788
vt 0.164650 0.881091
vt 0.093399 0.862017
vt 0.133668 0.795905
vt 0.094698 0.862364
vt 0.240022 0.719996
vt 0.170089 0.736068
vt 0.095255 0.938341
vt 0.094203 0.940348
vt 0.164697 0.880920
vt 0.152213 0.840279
vt 0.153203 0.839932
vt 0.227572 0.899168
vt 0.223067 0.903507
vt 0.178062 0.894907
vt 0.303698 0.922924
vt 0.309956 0.703925
vt 0.257680 0.760899
vt 0.175324 0.883941
vt 0.162478 0.880492
vt 0.096111 0.936605
vt 0.095982 0.862709
vt 0.185053 0.874581
vt 0.225008 0.885013
vt 0.234562 0.825343
vt 0.171705 0.789632
vt 0.270823 0.892070
vt 0.195531 0.963820
vt 0.178786 0.897051
vt 0.260554 0.929358
vt 0.168206 0.784429
vt 0.237103 0.823256
vt 0.272464 0.893484
vt 0.274521 0.894868
vt 0.270704 0.892244
vt 0.184938 0.874463
vt 0.178087 0.894638
vt 0.178571 0.898171
vt 0.187010 0.932000
vt 0.159493 0.929790
vt 0.191223 0.948889
vt 0.140433 0.961378
vt 0.134193 0.910461
vt 0.093937 0.941121
vt 0.129855 0.898692
vt 0.097994 0.917064
vt 0.163591 0.880623
vt 0.151228 0.840627
vt 0.185648 0.836524
vt 0.185663 0.800135
vt 0.185633 0.872949
vt 0.209937 0.848631
vt 0.218988 0.907293
vt 0.210307 0.917296
vt 0.242012 0.936401
vt 0.122074 0.963175
vt 0.093086 0.861930
vt 0.133919 0.795917
vt 0.134024 0.793425
vt 0.133785 0.798058
vt 0.133954 0.671319
vt 0.130725 0.681456
vt 0.127953 0.675718
vt 0.415644 0.790717
vt 0.412276 0.811223
vt 0.411612 0.790876
vt 0.124888 0.686295
vt 0.121989 0.697328
vt 0.119220 0.691598
vt 0.372203 0.853349
vt 0.374897 0.872687
vt 0.370979 0.872658
vt 0.108689 0.703305
vt 0.101238 0.703623
vt 0.105917 0.697567
vt 0.414013 0.770754
vt 0.410063 0.770983
vt 0.372471 0.770884
vt 0.374595 0.749896
vt 0.376329 0.770804
vt 0.373439 0.812013
vt 0.377081 0.832945
vt 0.373061 0.832944
vt 0.111017 0.691596
vt 0.116452 0.685868
vt 0.116556 0.703061
vt 0.113787 0.697329
vt 0.373173 0.890951
vt 0.369367 0.890893
vt 0.406940 0.905872
vt 0.406425 0.888438
vt 0.410352 0.888668
vt 0.413023 0.870687
vt 0.410872 0.851636
vt 0.414943 0.851709
vt 0.370787 0.909282
vt 0.367139 0.909186
vt 0.366945 0.932267
vt 0.363522 0.932170
vt 0.398011 0.939022
vt 0.399128 0.922216
vt 0.402809 0.922585
vt 0.104010 0.709362
vt 0.096939 0.709811
vt 0.361721 0.962299
vt 0.358694 0.962361
vt 0.358877 0.991808
vt 0.357002 0.992435
vt 0.392442 0.954941
vt 0.394477 0.938557
vt 0.095622 0.722167
vt 0.089163 0.723056
vt 0.092945 0.716241
vt 0.411567 0.751371
vt 0.407726 0.751657
vt 0.408336 0.732104
vt 0.404612 0.732434
vt 0.367081 0.722548
vt 0.363885 0.684459
vt 0.370593 0.722337
vt 0.127657 0.692028
vt 0.404351 0.712504
vt 0.400743 0.712920
vt 0.399377 0.692945
vt 0.395982 0.693679
vt 0.360689 0.684549
vt 0.359123 0.644962
vt 0.144722 0.672333
vt 0.139911 0.682636
vt 0.136933 0.676978
vt 0.408211 0.811298
vt 0.407595 0.791022
vt 0.393575 0.852411
vt 0.404485 0.870421
vt 0.391978 0.871454
vt 0.376192 0.853363
vt 0.378822 0.872735
vt 0.377515 0.890995
vt 0.386880 0.907169
vt 0.374966 0.909353
vt 0.406127 0.771194
vt 0.403896 0.751920
vt 0.377450 0.811994
vt 0.381151 0.791100
vt 0.381466 0.811969
vt 0.381106 0.832947
vt 0.377188 0.791157
vt 0.380198 0.770701
vt 0.411998 0.831684
vt 0.409009 0.870536
vt 0.406816 0.851570
vt 0.405012 0.870399
vt 0.374446 0.909411
vt 0.379348 0.872698
vt 0.389795 0.889483
vt 0.403128 0.905569
vt 0.402518 0.888229
vt 0.399333 0.905291
vt 0.364742 0.962297
vt 0.382724 0.926923
vt 0.370882 0.932243
vt 0.395464 0.921875
vt 0.389152 0.954214
vt 0.390975 0.938120
vt 0.360350 0.991285
vt 0.405609 0.771196
vt 0.394456 0.791134
vt 0.393231 0.771058
vt 0.378323 0.749716
vt 0.374111 0.722101
vt 0.400898 0.732743
vt 0.397159 0.713315
vt 0.391149 0.750960
vt 0.400351 0.732643
vt 0.403384 0.751902
vt 0.367077 0.684329
vt 0.360702 0.645447
vt 0.392671 0.694383
vt 0.373231 0.791200
vt 0.380000 0.664977
vt 0.377656 0.666645
vt 0.375299 0.668285
vt 0.381675 0.791103
vt 0.380714 0.770707
vt 0.380186 0.853387
vt 0.382009 0.811962
vt 0.155059 0.667060
vt 0.149132 0.677418
vt 0.122118 0.680562
vt 0.374632 0.722234
vt 0.381624 0.699101
vt 0.387371 0.727606
vt 0.375989 0.977341
vt 0.359548 0.992092
vt 0.373834 0.975706
vt 0.359203 0.990706
vt 0.371658 0.974118
vt 0.402001 0.888256
vt 0.416092 0.831681
vt 0.407069 0.791031
vt 0.394934 0.811662
vt 0.407919 0.831687
vt 0.166705 0.661491
vt 0.162950 0.670748
vt 0.154098 0.659697
vt 0.147160 0.663369
vt 0.392499 0.694473
vt 0.396520 0.713118
vt 0.367679 0.684871
vt 0.375310 0.669379
vt 0.091173 0.730292
vt 0.085501 0.730343
vt 0.106783 0.715102
vt 0.099711 0.715550
vt 0.376990 0.891036
vt 0.390349 0.938317
vt 0.377291 0.949961
vt 0.111461 0.709042
vt 0.102484 0.721290
vt 0.394600 0.832297
vt 0.381647 0.832929
vt 0.370884 0.750050
vt 0.113408 0.667097
vt 0.111743 0.674037
vt 0.108539 0.670520
vt 0.378863 0.749733
vt 0.085890 0.740760
vt 0.082026 0.737634
vt 0.086279 0.751178
vt 0.080222 0.752357
vt 0.365313 0.961787
vt 0.371702 0.973056
vt 0.359773 0.990896
vt 0.385765 0.953407
vt 0.359932 0.644614
vt 0.360648 0.642699
vt 0.140309 0.667245
vt 0.359433 0.646096
vt 0.394916 0.921980
vt 0.416357 0.811141
vt 0.380718 0.853359
vt 0.398821 0.905333
vt 0.098299 0.728092
vt 0.370371 0.932401
vt 0.385942 0.953527
vt 0.406278 0.851588
vt 0.407381 0.831704
vt 0.407679 0.811312
vt 0.133497 0.687195
vt 0.093182 0.737529
vt 0.367266 0.785921
vt 0.364123 0.806409
vt 0.363247 0.786121
vt 0.107076 0.677734
vt 0.105818 0.685231
vt 0.102619 0.681720
vt 0.324681 0.848984
vt 0.327708 0.868235
vt 0.323804 0.868277
vt 0.094566 0.690341
vt 0.087889 0.691216
vt 0.091362 0.686825
vt 0.365445 0.766035
vt 0.361511 0.766301
vt 0.324005 0.766512
vt 0.325994 0.745548
vt 0.327858 0.766403
vt 0.325351 0.807633
vt 0.329253 0.828520
vt 0.325234 0.828574
vt 0.095225 0.682451
vt 0.099420 0.678208
vt 0.101626 0.689478
vt 0.098426 0.685965
vt 0.326329 0.886442
vt 0.322551 0.886440
vt 0.360121 0.900619
vt 0.359315 0.883359
vt 0.363213 0.883524
vt 0.365603 0.865634
vt 0.363207 0.846709
vt 0.367261 0.846730
vt 0.324180 0.904843
vt 0.320575 0.904741
vt 0.320173 0.928858
vt 0.316807 0.928670
vt 0.352051 0.933522
vt 0.352731 0.916926
vt 0.356372 0.917207
vt 0.091093 0.694734
vt 0.084774 0.695661
vt 0.314062 0.961329
vt 0.311103 0.961254
vt 0.310201 0.993376
vt 0.308555 0.993888
vt 0.347155 0.949398
vt 0.348552 0.933173
vt 0.085105 0.703919
vt 0.079391 0.705048
vt 0.081964 0.700236
vt 0.362833 0.746750
vt 0.359012 0.747067
vt 0.359458 0.727610
vt 0.355759 0.727968
vt 0.318392 0.718349
vt 0.315112 0.680575
vt 0.321883 0.718127
vt 0.110276 0.681247
vt 0.355348 0.708177
vt 0.351771 0.708616
vt 0.350277 0.688823
vt 0.346919 0.689573
vt 0.311954 0.680666
vt 0.310431 0.641795
vt 0.123236 0.666800
vt 0.120166 0.673990
vt 0.116787 0.670544
vt 0.360070 0.806528
vt 0.359242 0.786307
vt 0.345987 0.847718
vt 0.357112 0.865492
vt 0.344686 0.866714
vt 0.328665 0.848934
vt 0.331617 0.868212
vt 0.330638 0.886423
vt 0.340205 0.902394
vt 0.328355 0.904919
vt 0.357590 0.766546
vt 0.355200 0.747361
vt 0.329361 0.807568
vt 0.332845 0.786642
vt 0.333376 0.807498
vt 0.333274 0.828468
vt 0.328885 0.786736
vt 0.331720 0.766272
vt 0.364081 0.826816
vt 0.361611 0.865540
vt 0.359168 0.846697
vt 0.357636 0.865463
vt 0.327811 0.904978
vt 0.332130 0.868165
vt 0.342820 0.884686
vt 0.356344 0.900390
vt 0.355435 0.883216
vt 0.352583 0.900187
vt 0.317016 0.961458
vt 0.336110 0.922656
vt 0.324062 0.928908
vt 0.349104 0.916673
vt 0.343867 0.948861
vt 0.345078 0.932850
vt 0.311518 0.992992
vt 0.357073 0.766553
vt 0.346133 0.786549
vt 0.344729 0.766524
vt 0.329710 0.745346
vt 0.325378 0.717878
vt 0.352068 0.728303
vt 0.348217 0.709033
vt 0.342498 0.746503
vt 0.351524 0.728206
vt 0.354690 0.747347
vt 0.318265 0.680443
vt 0.311931 0.642285
vt 0.343644 0.690292
vt 0.324930 0.786816
vt 0.330911 0.661280
vt 0.328616 0.662946
vt 0.326308 0.664582
vt 0.333370 0.786641
vt 0.332236 0.766273
vt 0.332651 0.848894
vt 0.333920 0.807485
vt 0.131906 0.662416
vt 0.127837 0.669741
vt 0.103875 0.674220
vt 0.325899 0.718009
vt 0.332731 0.695029
vt 0.338587 0.723284
vt 0.328693 0.975473
vt 0.310736 0.993604
vt 0.326442 0.974062
vt 0.310296 0.992412
vt 0.324181 0.972690
vt 0.354922 0.883252
vt 0.368161 0.826764
vt 0.358717 0.786321
vt 0.346825 0.807039
vt 0.360015 0.826868
vt 0.141718 0.657721
vt 0.139471 0.664130
vt 0.130135 0.657671
vt 0.124333 0.660701
vt 0.343473 0.690385
vt 0.347582 0.708842
vt 0.318871 0.680994
vt 0.326331 0.665688
vt 0.082091 0.709892
vt 0.076983 0.710157
vt 0.094297 0.698251
vt 0.087978 0.699178
vt 0.330124 0.886472
vt 0.344469 0.933084
vt 0.330386 0.946952
vt 0.097768 0.693858
vt 0.091182 0.702695
vt 0.346738 0.827642
vt 0.333816 0.828442
vt 0.322295 0.745720
vt 0.330248 0.745360
vt 0.078613 0.717826
vt 0.074741 0.715243
vt 0.080243 0.725487
vt 0.074928 0.726727
vt 0.317569 0.960906
vt 0.324259 0.971629
vt 0.310945 0.992504
vt 0.340383 0.948221
vt 0.311066 0.641523
vt 0.311618 0.639690
vt 0.118635 0.663857
vt 0.310636 0.642950
vt 0.348565 0.916804
vt 0.368192 0.806283
vt 0.333181 0.848855
vt 0.352075 0.900242
vt 0.088245 0.707601
vt 0.323550 0.929081
vt 0.340637 0.948355
vt 0.358633 0.846723
vt 0.359478 0.826892
vt 0.359539 0.806548
vt 0.114946 0.677554
vt 0.084791 0.714733
vt 0.179301 0.663752
vt 0.179247 0.663759
vt 0.179314 0.663713
vt 0.179233 0.663825
vt 0.179184 0.663815
vt 0.179251 0.663719
vt 0.179200 0.663772
vt 0.179050 0.663996
vt 0.179082 0.664010
vt 0.179022 0.664092
vt 0.074601 0.628272
vt 0.074708 0.628246
vt 0.074665 0.628581
vt 0.179120 0.663895
vt 0.179156 0.663916
vt 0.179163 0.663805
vt 0.074550 0.627764
vt 0.074535 0.627954
vt 0.074433 0.627506
vt 0.074562 0.627645
vt 0.074634 0.627981
vt 0.074637 0.627838
vt 0.074166 0.982986
vt 0.074203 0.983049
vt 0.074017 0.982917
vt 0.074288 0.982843
vt 0.074313 0.982955
vt 0.074303 0.982942
vt 0.074341 0.982907
vt 0.074750 0.982578
vt 0.074473 0.982789
vt 0.074408 0.982675
vt 0.074490 0.982848
vt 0.074381 0.982912
vt 0.074277 0.982864
vt 0.074308 0.982850
vt 0.074180 0.982860
vt 0.074329 0.982916
vt 0.074363 0.982894
vt 0.182043 0.665516
vt 0.182027 0.665584
vt 0.065110 0.627374
vt 0.064932 0.627583
vt 0.064797 0.627665
vt 0.064642 0.627851
vt 0.064685 0.627999
vt 0.064524 0.628283
vt 0.064787 0.627853
vt 0.064937 0.627733
vt 0.065131 0.627447
vt 0.064938 0.627956
vt 0.064771 0.628033
vt 0.064405 0.628720
vt 0.064525 0.628780
vt 0.064606 0.628353
vt 0.064729 0.628374
vt 0.073431 0.981430
vt 0.073389 0.981247
vt 0.073478 0.981475
vt 0.073353 0.981574
vt 0.073257 0.981475
vt 0.073309 0.981563
vt 0.073310 0.981583
vt 0.073317 0.981578
vt 0.073314 0.981568
vt 0.073288 0.981629
vt 0.073322 0.981602
vt 0.073361 0.981576
vt 0.073289 0.981618
vt 0.073142 0.981624
vt 0.073152 0.981703
vt 0.073143 0.981372
vt 0.183340 0.876070
vt 0.183294 0.876098
vt 0.183369 0.876106
vt 0.183310 0.876125
vt 0.183266 0.876174
vt 0.183376 0.876181
vt 0.183404 0.876136
vt 0.183443 0.876158
vt 0.183300 0.876207
vt 0.183349 0.876165
vt 0.183304 0.876170
vt 0.183329 0.876145
vt 0.183264 0.876209
vt 0.183234 0.876232
vt 0.183241 0.876239
vt 0.118311 0.965161
vt 0.118143 0.965237
vt 0.118143 0.965280
vt 0.118013 0.965366
vt 0.117942 0.965407
vt 0.118450 0.965289
vt 0.118150 0.965333
vt 0.118367 0.965259
vt 0.118154 0.965306
vt 0.118326 0.965217
vt 0.118045 0.965355
vt 0.168451 0.784883
vt 0.168534 0.785066
vt 0.168391 0.784736
vt 0.168415 0.784775
vt 0.168647 0.785006
vt 0.168506 0.784830
vt 0.168580 0.785018
vt 0.168475 0.784867
vt 0.168491 0.784841
vt 0.168381 0.784720
vt 0.168346 0.784641
vt 0.274605 0.894838
vt 0.274763 0.894956
vt 0.274650 0.894796
vt 0.274803 0.894934
vt 0.274949 0.895010
vt 0.275022 0.895055
vt 0.274653 0.894641
vt 0.274848 0.894901
vt 0.274668 0.894736
vt 0.274861 0.894889
vt 0.275063 0.895070
vt 0.274978 0.895026
vt 0.274821 0.894912
vt 0.274922 0.894987
vt 0.133953 0.793369
vt 0.133974 0.793174
vt 0.133892 0.793352
vt 0.133934 0.793150
vt 0.133925 0.792947
vt 0.133928 0.792903
vt 0.133757 0.793432
vt 0.133880 0.793125
vt 0.133831 0.793369
vt 0.133921 0.792839
vt 0.133863 0.793118
vt 0.178076 0.894837
vt 0.178101 0.894884
vt 0.178108 0.894767
vt 0.178103 0.894822
vt 0.178131 0.894814
vt 0.178144 0.894868
vt 0.178122 0.894779
vt 0.178139 0.894745
vt 0.178109 0.894725
vt 0.178105 0.894687
vt 0.178095 0.894689
vt 0.178092 0.894757
vt 0.178190 0.894861
vt 0.178190 0.894808
vt 0.178159 0.894808
vt 0.265379 0.929194
vt 0.265166 0.929166
vt 0.265360 0.929156
vt 0.265581 0.929214
vt 0.265543 0.929211
vt 0.265382 0.929223
vt 0.265179 0.929225
vt 0.265162 0.929282
vt 0.265400 0.929263
vt 0.265397 0.929246
vt 0.265662 0.929225
vt 0.164751 0.880966
vt 0.164698 0.880965
vt 0.164795 0.881028
vt 0.164751 0.880997
vt 0.164744 0.881025
vt 0.164690 0.881010
vt 0.164778 0.881034
vt 0.164866 0.881064
vt 0.164790 0.881049
vt 0.164832 0.881049
vt 0.164869 0.881054
vt 0.164812 0.881019
vt 0.164673 0.881053
vt 0.164720 0.881079
vt 0.164736 0.881052
vt 0.164800 0.881065
vt 0.094252 0.940656
vt 0.094330 0.940487
vt 0.094123 0.940789
vt 0.094211 0.940656
vt 0.094185 0.940645
vt 0.094274 0.940472
vt 0.094233 0.940432
vt 0.094142 0.940642
vt 0.094158 0.940647
vt 0.094103 0.940820
vt 0.094056 0.940886
vt 0.094135 0.940756
vt 0.303927 0.922556
vt 0.303817 0.922664
vt 0.303994 0.922586
vt 0.303934 0.922700
vt 0.303787 0.922752
vt 0.304016 0.922743
vt 0.303919 0.922805
vt 0.292999 0.842732
vt 0.292960 0.842716
vt 0.303921 0.923078
vt 0.303965 0.922926
vt 0.304076 0.922988
vt 0.292975 0.842752
vt 0.292930 0.842723
vt 0.292998 0.842754
vt 0.303747 0.922838
vt 0.303745 0.922991
vt 0.303861 0.922898
vt 0.303815 0.923035
vt 0.303979 0.922824
vt 0.142227 0.755002
vt 0.142374 0.755018
vt 0.142192 0.754925
vt 0.142335 0.754908
vt 0.142460 0.754991
vt 0.142328 0.754821
vt 0.142426 0.754867
vt 0.170062 0.736066
vt 0.170091 0.736037
vt 0.170082 0.736100
vt 0.170044 0.736091
vt 0.170051 0.736044
vt 0.170093 0.736020
vt 0.170041 0.736070
vt 0.142547 0.754971
vt 0.142654 0.754870
vt 0.142521 0.754859
vt 0.142628 0.754805
vt 0.142412 0.754814
vt 0.142486 0.754784
vt 0.175527 0.883942
vt 0.175476 0.883890
vt 0.175516 0.883994
vt 0.175477 0.883941
vt 0.175425 0.883900
vt 0.175443 0.883974
vt 0.175436 0.883945
vt 0.175428 0.884063
vt 0.175498 0.884044
vt 0.175389 0.884027
vt 0.175455 0.884019
vt 0.175472 0.883982
vt 0.175374 0.883917
vt 0.175355 0.883987
vt 0.175398 0.883961
vt 0.175422 0.883995
vt 0.082672 0.976923
vt 0.082604 0.976789
vt 0.082627 0.976994
vt 0.082535 0.976884
vt 0.082530 0.976733
vt 0.082469 0.976938
vt 0.082447 0.976837
vt 0.309966 0.703915
vt 0.309983 0.703950
vt 0.082203 0.976831
vt 0.082345 0.976843
vt 0.082351 0.976964
vt 0.082530 0.977085
vt 0.082413 0.976882
vt 0.082460 0.976673
vt 0.082304 0.976627
vt 0.082379 0.976764
vt 0.082219 0.976695
vt 0.171525 0.789737
vt 0.171605 0.789741
vt 0.171585 0.789806
vt 0.171595 0.789655
vt 0.171629 0.789705
vt 0.171646 0.789783
vt 0.171641 0.789859
vt 0.171653 0.789746
vt 0.171672 0.789704
vt 0.171634 0.789640
vt 0.171736 0.789726
vt 0.171689 0.789761
vt 0.171697 0.789905
vt 0.171758 0.789873
vt 0.171937 0.788853
vt 0.171695 0.789824
vt 0.171750 0.789802
vt 0.184977 0.874445
vt 0.184962 0.874499
vt 0.185016 0.874433
vt 0.184997 0.874480
vt 0.184988 0.874530
vt 0.185030 0.874489
vt 0.185014 0.874504
vt 0.185093 0.874465
vt 0.185055 0.874426
vt 0.183762 0.875682
vt 0.185085 0.874505
vt 0.185054 0.874466
vt 0.185050 0.874495
vt 0.185024 0.874469
vt 0.185018 0.874557
vt 0.185072 0.874543
vt 0.185038 0.874522
vt 0.270698 0.892164
vt 0.270761 0.892208
vt 0.270633 0.892178
vt 0.270650 0.892119
vt 0.270737 0.892144
vt 0.270789 0.892178
vt 0.270691 0.892115
vt 0.270554 0.891997
vt 0.270521 0.892055
vt 0.271582 0.891553
vt 0.270635 0.892012
vt 0.270605 0.892064
vt 0.270574 0.892116
vt 0.270675 0.892077
vt 0.270739 0.892099
vt 0.270721 0.892033
vt 0.178665 0.897074
vt 0.178650 0.897127
vt 0.178626 0.897092
vt 0.178704 0.897061
vt 0.178685 0.897108
vt 0.178677 0.897157
vt 0.178713 0.897097
vt 0.178703 0.897132
vt 0.178782 0.897094
vt 0.178744 0.897054
vt 0.178773 0.897133
vt 0.178742 0.897094
vt 0.178738 0.897123
vt 0.178707 0.897184
vt 0.178760 0.897171
vt 0.178323 0.895438
vt 0.178726 0.897150
vt 0.178718 0.897117
vt 0.122135 0.963227
vt 0.122072 0.963251
vt 0.122154 0.963163
vt 0.122195 0.963204
vt 0.122082 0.963286
vt 0.122178 0.963233
vt 0.122135 0.963257
vt 0.122340 0.963161
vt 0.122317 0.963123
vt 0.122071 0.964224
vt 0.122282 0.963224
vt 0.122256 0.963186
vt 0.122234 0.963146
vt 0.122171 0.963363
vt 0.122161 0.963274
vt 0.122227 0.963290
vt 0.122105 0.963315
vt 0.122212 0.963232
vt 0.260551 0.929151
vt 0.260502 0.929213
vt 0.260456 0.929166
vt 0.260579 0.929211
vt 0.260524 0.929251
vt 0.260438 0.929224
vt 0.260373 0.929185
vt 0.260469 0.929249
vt 0.260501 0.929289
vt 0.260580 0.929292
vt 0.260450 0.929333
vt 0.260436 0.929272
vt 0.260296 0.929207
vt 0.260291 0.929272
vt 0.260897 0.929906
vt 0.260371 0.929245
vt 0.260367 0.929304
vt 0.133721 0.798105
vt 0.133725 0.798029
vt 0.133767 0.798154
vt 0.133707 0.798170
vt 0.133684 0.798082
vt 0.133683 0.798137
vt 0.133654 0.798314
vt 0.133720 0.798312
vt 0.132816 0.797645
vt 0.133625 0.798238
vt 0.133685 0.798236
vt 0.133744 0.798236
vt 0.133720 0.798313
vt 0.133659 0.798170
vt 0.133578 0.798048
vt 0.133645 0.798104
vt 0.133599 0.798153
vt 0.133686 0.798021
vt 0.162518 0.880376
vt 0.162479 0.880336
vt 0.162521 0.880333
vt 0.162510 0.880415
vt 0.162478 0.880376
vt 0.162439 0.880344
vt 0.162474 0.880406
vt 0.162448 0.880379
vt 0.162443 0.880468
vt 0.162496 0.880454
vt 0.162413 0.880440
vt 0.162462 0.880433
vt 0.162454 0.880400
vt 0.162401 0.880357
vt 0.162386 0.880410
vt 0.164204 0.880897
vt 0.162421 0.880391
vt 0.162439 0.880415
vt 0.096301 0.936701
vt 0.096248 0.936640
vt 0.096312 0.936622
vt 0.096225 0.936703
vt 0.096190 0.936694
vt 0.096272 0.936580
vt 0.096330 0.936542
vt 0.096218 0.936640
vt 0.096242 0.936598
vt 0.096202 0.936615
vt 0.096161 0.936671
vt 0.096185 0.936548
vt 0.096244 0.936564
vt 0.096353 0.936459
vt 0.096315 0.936435
vt 0.095112 0.936602
vt 0.096290 0.936519
vt 0.096252 0.936494
vt 0.360018 0.993889
vt 0.360001 0.994171
vt 0.359356 0.993542
vt 0.360216 0.993999
vt 0.360313 0.994135
vt 0.359579 0.994309
vt 0.360214 0.994313
vt 0.078414 0.767182
vt 0.078376 0.767167
vt 0.078419 0.767080
vt 0.078404 0.767294
vt 0.078367 0.767287
vt 0.360493 0.994012
vt 0.360431 0.993942
vt 0.360610 0.993876
vt 0.360395 0.994213
vt 0.078376 0.767487
vt 0.078359 0.767457
vt 0.078391 0.767402
vt 0.078347 0.767525
vt 0.078336 0.767486
vt 0.078360 0.767386
vt 0.078341 0.767423
vt 0.360765 0.642450
vt 0.360876 0.642672
vt 0.179740 0.663177
vt 0.179686 0.663208
vt 0.179656 0.663193
vt 0.360986 0.642609
vt 0.361080 0.642762
vt 0.179614 0.663224
vt 0.179572 0.663215
vt 0.179709 0.663227
vt 0.179657 0.663233
vt 0.179742 0.663208
vt 0.179604 0.663265
vt 0.179572 0.663250
vt 0.179383 0.663241
vt 0.179383 0.663295
vt 0.179300 0.663283
vt 0.179490 0.663205
vt 0.179484 0.663249
vt 0.179490 0.663289
vt 0.359566 0.990948
vt 0.359536 0.990985
vt 0.359853 0.990899
vt 0.359752 0.990991
vt 0.359682 0.991057
vt 0.359694 0.991024
vt 0.359718 0.991055
vt 0.359892 0.991116
vt 0.360091 0.991041
vt 0.359893 0.991177
vt 0.359749 0.991091
vt 0.359760 0.990963
vt 0.359753 0.990959
vt 0.359731 0.991038
vt 0.359757 0.991061
vt 0.359842 0.645836
vt 0.359846 0.646016
vt 0.359817 0.645805
vt 0.359979 0.645730
vt 0.360045 0.645793
vt 0.360013 0.645725
vt 0.360069 0.645879
vt 0.360082 0.645873
vt 0.360103 0.645967
vt 0.360063 0.645747
vt 0.360039 0.645771
vt 0.360002 0.645784
vt 0.360049 0.645694
vt 0.360202 0.645652
vt 0.360201 0.645596
vt 0.360153 0.645902
vt 0.074974 0.738516
vt 0.075006 0.738493
vt 0.074972 0.738543
vt 0.075005 0.738445
vt 0.075038 0.738437
vt 0.310199 0.994722
vt 0.308410 0.994610
vt 0.308863 0.994342
vt 0.308235 0.994132
vt 0.308212 0.993370
vt 0.308131 0.993386
vt 0.308156 0.993200
vt 0.308257 0.993582
vt 0.308173 0.993585
vt 0.075070 0.738365
vt 0.075040 0.738361
vt 0.075076 0.738276
vt 0.308192 0.993854
vt 0.308039 0.993915
vt 0.308454 0.994075
vt 0.308348 0.993823
vt 0.309825 0.994362
vt 0.153567 0.657628
vt 0.153549 0.657662
vt 0.153503 0.657660
vt 0.310076 0.640557
vt 0.308601 0.640492
vt 0.308040 0.639320
vt 0.153500 0.657694
vt 0.153428 0.657697
vt 0.153532 0.657692
vt 0.308543 0.641209
vt 0.308279 0.641010
vt 0.309387 0.640870
vt 0.308314 0.641341
vt 0.308175 0.641386
vt 0.308039 0.641127
vt 0.153354 0.657735
vt 0.153361 0.657770
vt 0.153290 0.657770
vt 0.153437 0.657728
vt 0.308183 0.641568
vt 0.308252 0.641573
vt 0.308204 0.641779
vt 0.153506 0.657717
vt 0.310699 0.992640
vt 0.310677 0.992668
vt 0.310972 0.992622
vt 0.310887 0.992692
vt 0.310836 0.992733
vt 0.310854 0.992680
vt 0.310867 0.992739
vt 0.311041 0.992808
vt 0.311228 0.992760
vt 0.311045 0.992850
vt 0.310903 0.992764
vt 0.310927 0.992592
vt 0.310919 0.992585
vt 0.310892 0.992690
vt 0.310916 0.992709
vt 0.311050 0.642678
vt 0.311057 0.642868
vt 0.311020 0.642641
vt 0.311185 0.642561
vt 0.311258 0.642636
vt 0.311222 0.642559
vt 0.311268 0.642686
vt 0.311278 0.642682
vt 0.311295 0.642765
vt 0.311269 0.642565
vt 0.311242 0.642590
vt 0.311202 0.642606
vt 0.311258 0.642522
vt 0.311418 0.642488
vt 0.311417 0.642424
vt 0.311371 0.642752
vt 0.142259 0.738477
vt 0.136847 0.744158
vt 0.142286 0.738507
vt 0.136874 0.744188
vt 0.142318 0.738523
vt 0.136906 0.744204
vt 0.136937 0.744204
vt 0.147399 0.732561
vt 0.147427 0.732591
vt 0.147458 0.732608
vt 0.142348 0.738523
vt 0.053344 0.869958
vt 0.051936 0.851070
vt 0.052041 0.851067
vt 0.053245 0.869970
vt 0.051844 0.851073
vt 0.053159 0.869980
vt 0.051753 0.851077
vt 0.055140 0.887560
vt 0.055049 0.887581
vt 0.054970 0.887598
vt 0.053074 0.869989
vt 0.125603 0.754252
vt 0.131276 0.749430
vt 0.125631 0.754282
vt 0.131303 0.749460
vt 0.125662 0.754298
vt 0.131365 0.749476
vt 0.125693 0.754298
vt 0.131335 0.749476
vt 0.051354 0.810796
vt 0.051257 0.831151
vt 0.051240 0.810778
vt 0.051160 0.831147
vt 0.051139 0.810766
vt 0.051065 0.831146
vt 0.051040 0.810760
vt 0.051367 0.831158
vt 0.053409 0.770344
vt 0.051888 0.790509
vt 0.053291 0.770303
vt 0.051786 0.790488
vt 0.053188 0.770272
vt 0.051683 0.790477
vt 0.053083 0.770253
vt 0.052005 0.790538
vt 0.152177 0.726569
vt 0.152205 0.726599
vt 0.152236 0.726616
vt 0.147489 0.732608
vt 0.156632 0.720452
vt 0.156660 0.720482
vt 0.156692 0.720499
vt 0.152267 0.726616
vt 0.160842 0.714105
vt 0.160869 0.714136
vt 0.160900 0.714154
vt 0.156723 0.720500
vt 0.164900 0.707391
vt 0.164923 0.707430
vt 0.164951 0.707453
vt 0.160931 0.714155
vt 0.060289 0.719771
vt 0.055727 0.748760
vt 0.060180 0.719672
vt 0.055624 0.748714
vt 0.060082 0.719594
vt 0.055518 0.748687
vt 0.059977 0.719545
vt 0.055842 0.748819
vt 0.172773 0.692976
vt 0.175941 0.678434
vt 0.172816 0.692978
vt 0.176007 0.678354
vt 0.172858 0.692975
vt 0.176068 0.678305
vt 0.172893 0.692969
vt 0.168894 0.700230
vt 0.168905 0.700290
vt 0.168926 0.700326
vt 0.168954 0.700334
vt 0.164981 0.707456
vt 0.074750 0.628841
vt 0.067021 0.677826
vt 0.066932 0.677683
vt 0.066833 0.677590
vt 0.067117 0.678002
vt 0.057691 0.904744
vt 0.057606 0.904773
vt 0.057536 0.904799
vt 0.054891 0.887610
vt 0.115727 0.747568
vt 0.062451 0.926251
vt 0.062395 0.926300
vt 0.057465 0.904819
vt 0.113789 0.762709
vt 0.119832 0.758640
vt 0.113825 0.762733
vt 0.119860 0.758669
vt 0.113862 0.762745
vt 0.028906 0.922818
vt 0.119892 0.758685
vt 0.023848 0.907689
vt 0.057474 0.970323
vt 0.057605 0.970353
vt 0.057707 0.970358
vt 0.057327 0.970280
vt 0.040286 0.951889
vt 0.040332 0.951849
vt 0.040384 0.951817
vt 0.107010 0.752808
vt 0.070038 0.954387
vt 0.069998 0.954466
vt 0.062336 0.926335
vt 0.069951 0.954519
vt 0.078847 0.767086
vt 0.094062 0.759537
vt 0.100766 0.770302
vt 0.107339 0.766585
vt 0.100777 0.770340
vt 0.107391 0.766600
vt 0.100797 0.770362
vt 0.107439 0.766606
vt 0.034385 0.937599
vt 0.019431 0.854788
vt 0.017200 0.835357
vt 0.019559 0.854768
vt 0.017336 0.835336
vt 0.019688 0.854747
vt 0.017473 0.835313
vt 0.015810 0.815445
vt 0.015953 0.815423
vt 0.016097 0.815399
vt 0.045822 0.870597
vt 0.044059 0.851620
vt 0.045702 0.870606
vt 0.043928 0.851631
vt 0.045580 0.870615
vt 0.043797 0.851643
vt 0.048131 0.888297
vt 0.048017 0.888306
vt 0.047902 0.888314
vt 0.022457 0.873191
vt 0.026124 0.890347
vt 0.022579 0.873172
vt 0.026240 0.890331
vt 0.022702 0.873154
vt 0.026356 0.890316
vt 0.042621 0.811121
vt 0.042985 0.831605
vt 0.042480 0.811135
vt 0.042848 0.831619
vt 0.042337 0.811153
vt 0.042711 0.831634
vt 0.044106 0.770322
vt 0.042966 0.790711
vt 0.043951 0.770338
vt 0.042819 0.790727
vt 0.043795 0.770360
vt 0.042671 0.790747
vt 0.015284 0.795596
vt 0.015431 0.795573
vt 0.015578 0.795547
vt 0.015686 0.775759
vt 0.015837 0.775735
vt 0.015988 0.775707
vt 0.017095 0.755666
vt 0.017251 0.755638
vt 0.017408 0.755602
vt 0.019586 0.734948
vt 0.019761 0.734904
vt 0.019938 0.734841
vt 0.050632 0.719356
vt 0.046323 0.748580
vt 0.050474 0.719398
vt 0.046161 0.748601
vt 0.050313 0.719462
vt 0.045997 0.748631
vt 0.045849 0.659785
vt 0.027715 0.691708
vt 0.045913 0.660035
vt 0.027777 0.691711
vt 0.045930 0.660371
vt 0.027833 0.691729
vt 0.178490 0.678907
vt 0.023146 0.713373
vt 0.023354 0.713296
vt 0.023568 0.713173
vt 0.057339 0.677470
vt 0.057171 0.677573
vt 0.056998 0.677724
vt 0.051252 0.905637
vt 0.051138 0.905646
vt 0.051022 0.905650
vt 0.056754 0.927230
vt 0.056646 0.927217
vt 0.056535 0.927192
vt 0.030276 0.906256
vt 0.034905 0.921390
vt 0.030387 0.906244
vt 0.035019 0.921391
vt 0.030499 0.906235
vt 0.035138 0.921402
vt 0.060763 0.967292
vt 0.060733 0.967087
vt 0.060673 0.966846
vt 0.045345 0.949977
vt 0.045380 0.949952
vt 0.045412 0.949923
vt 0.065126 0.955098
vt 0.064997 0.955005
vt 0.064861 0.954887
vt 0.039994 0.936103
vt 0.040123 0.936114
vt 0.040260 0.936151
vt 0.073692 0.982097
vt 0.072939 0.981543
vt 0.073693 0.982089
vt 0.074189 0.982784
vt 0.073693 0.982077
vt 0.074437 0.627563
vt 0.180670 0.664558
vt 0.069808 0.627519
vt 0.182038 0.665411
vt 0.162052 0.831534
vt 0.161989 0.831540
vt 0.161930 0.831563
vt 0.137281 0.921750
vt 0.137193 0.921662
vt 0.137231 0.921712
vt 0.309927 0.703901
vt 0.240008 0.719969
vt 0.309900 0.703892
vt 0.082856 0.859011
vt 0.239996 0.719956
vt 0.082733 0.858976
vt 0.227615 0.899115
vt 0.227642 0.899057
vt 0.227651 0.898994
vt 0.231522 0.789409
vt 0.170077 0.736130
vt 0.231495 0.789441
vt 0.170077 0.736153
vt 0.245368 0.815229
vt 0.231505 0.789428
vt 0.292909 0.842727
vt 0.293025 0.842701
vt 0.198901 0.977085
vt 0.198839 0.976844
vt 0.301504 0.773326
vt 0.198871 0.976965
vt 0.173639 0.835197
vt 0.168437 0.784913
vt 0.173593 0.835195
vt 0.168355 0.784679
vt 0.173547 0.835185
vt 0.168277 0.784566
vt 0.275139 0.895140
vt 0.224596 0.887216
vt 0.224586 0.887169
vt 0.224581 0.887121
vt 0.168283 0.784539
vt 0.237041 0.823315
vt 0.236979 0.823369
vt 0.236918 0.823419
vt 0.275169 0.895140
vt 0.148617 0.924979
vt 0.148574 0.924960
vt 0.148529 0.924945
vt 0.117815 0.965467
vt 0.218883 0.907400
vt 0.218913 0.907363
vt 0.265622 0.929213
vt 0.218948 0.907328
vt 0.265770 0.929209
vt 0.265794 0.929227
vt 0.196212 0.966600
vt 0.196192 0.966523
vt 0.196174 0.966448
vt 0.117801 0.965493
vt 0.117910 0.965435
vt 0.118154 0.965350
vt 0.133953 0.792693
vt 0.153318 0.839852
vt 0.153283 0.839885
vt 0.153244 0.839912
vt 0.134181 0.910411
vt 0.134167 0.910364
vt 0.134148 0.910321
vt 0.094020 0.940987
vt 0.094085 0.940856
vt 0.093994 0.941000
vt 0.093167 0.861953
vt 0.093245 0.861975
vt 0.093321 0.861996
vt 0.133933 0.792659
vt 0.175998 0.834548
vt 0.175953 0.834540
vt 0.175909 0.834540
vt 0.179227 0.834869
vt 0.225013 0.884969
vt 0.225010 0.884924
vt 0.225001 0.884877
vt 0.224520 0.881840
vt 0.234501 0.825392
vt 0.234441 0.825442
vt 0.234383 0.825494
vt 0.231794 0.828595
vt 0.152903 0.927799
vt 0.150363 0.926417
vt 0.150318 0.926403
vt 0.150277 0.926383
vt 0.218009 0.909515
vt 0.218042 0.909480
vt 0.218070 0.909443
vt 0.216345 0.911982
vt 0.195513 0.963746
vt 0.195495 0.963672
vt 0.195476 0.963598
vt 0.194642 0.960155
vt 0.151188 0.840645
vt 0.151150 0.840671
vt 0.151115 0.840703
vt 0.148693 0.842683
vt 0.132752 0.908657
vt 0.132733 0.908616
vt 0.132718 0.908570
vt 0.131582 0.905875
vt 0.096057 0.862729
vt 0.096131 0.862750
vt 0.096206 0.862770
vt 0.099699 0.863475
vt 0.184172 0.875264
vt 0.184202 0.875295
vt 0.184232 0.875325
vt 0.272565 0.893336
vt 0.270808 0.892141
vt 0.272507 0.893421
vt 0.272537 0.893378
vt 0.120423 0.964171
vt 0.120381 0.964090
vt 0.120402 0.964130
vt 0.262689 0.929165
vt 0.262689 0.929214
vt 0.260585 0.929251
vt 0.262689 0.929265
vt 0.163557 0.880746
vt 0.163568 0.880705
vt 0.163580 0.880664
vt 0.133741 0.795908
vt 0.133644 0.798025
vt 0.133845 0.795913
vt 0.133793 0.795911
vt 0.170184 0.787628
vt 0.171563 0.789681
vt 0.170231 0.787608
vt 0.170274 0.787580
vt 0.178473 0.895988
vt 0.178390 0.896009
vt 0.178432 0.895998
vt 0.095397 0.938413
vt 0.095314 0.938371
vt 0.095356 0.938392
vt 0.111005 0.691559
vt 0.116440 0.685831
vt 0.416647 0.811140
vt 0.416291 0.831688
vt 0.416555 0.811139
vt 0.416200 0.831683
vt 0.416464 0.811140
vt 0.105905 0.697530
vt 0.416382 0.831697
vt 0.415140 0.851724
vt 0.415050 0.851714
vt 0.122014 0.697367
vt 0.127682 0.692068
vt 0.122045 0.697397
vt 0.127714 0.692097
vt 0.122077 0.697411
vt 0.373328 0.812013
vt 0.133523 0.687234
vt 0.133554 0.687263
vt 0.127746 0.692111
vt 0.373122 0.791202
vt 0.127941 0.675681
vt 0.415930 0.790697
vt 0.414204 0.770735
vt 0.414292 0.770719
vt 0.415840 0.790705
vt 0.414117 0.770746
vt 0.122106 0.680525
vt 0.415751 0.790712
vt 0.116581 0.703101
vt 0.111486 0.709082
vt 0.116612 0.703130
vt 0.111517 0.709111
vt 0.116645 0.703144
vt 0.111550 0.709125
vt 0.372950 0.832942
vt 0.372093 0.853346
vt 0.106808 0.715141
vt 0.102509 0.721330
vt 0.106840 0.715171
vt 0.102541 0.721359
vt 0.106872 0.715185
vt 0.102573 0.721374
vt 0.370871 0.872653
vt 0.369260 0.890888
vt 0.101225 0.703586
vt 0.415231 0.851741
vt 0.413217 0.870711
vt 0.413129 0.870695
vt 0.096926 0.709774
vt 0.413305 0.870735
vt 0.410542 0.888700
vt 0.410456 0.888680
vt 0.410720 0.888781
vt 0.407201 0.905956
vt 0.410626 0.888732
vt 0.407123 0.905914
vt 0.407041 0.905887
vt 0.407291 0.906012
vt 0.403047 0.922716
vt 0.402979 0.922650
vt 0.402905 0.922607
vt 0.098324 0.728134
vt 0.093202 0.737580
vt 0.098355 0.728165
vt 0.093229 0.737619
vt 0.098387 0.728180
vt 0.093258 0.737640
vt 0.093286 0.737640
vt 0.098416 0.728178
vt 0.376556 0.977189
vt 0.392694 0.954981
vt 0.392778 0.955004
vt 0.376374 0.977273
vt 0.392616 0.954969
vt 0.376210 0.977337
vt 0.392534 0.954958
vt 0.376079 0.977364
vt 0.360766 0.993832
vt 0.403122 0.922801
vt 0.398205 0.939247
vt 0.398160 0.939134
vt 0.398099 0.939057
vt 0.398254 0.939388
vt 0.086287 0.751253
vt 0.086304 0.751312
vt 0.086326 0.751347
vt 0.086352 0.751351
vt 0.139937 0.682675
vt 0.139969 0.682703
vt 0.133586 0.687278
vt 0.372365 0.770888
vt 0.149168 0.677451
vt 0.149209 0.677475
vt 0.140002 0.682718
vt 0.370781 0.750058
vt 0.140287 0.667215
vt 0.411835 0.751315
vt 0.408511 0.732048
vt 0.408585 0.731994
vt 0.411752 0.751341
vt 0.408433 0.732085
vt 0.133941 0.671283
vt 0.411668 0.751359
vt 0.166794 0.661453
vt 0.361276 0.642842
vt 0.380233 0.664986
vt 0.380096 0.664954
vt 0.154107 0.659651
vt 0.380403 0.665059
vt 0.399550 0.692915
vt 0.399470 0.692928
vt 0.163009 0.670770
vt 0.163068 0.670786
vt 0.149247 0.677487
vt 0.360603 0.684574
vt 0.366985 0.722564
vt 0.163119 0.670791
vt 0.357002 0.644616
vt 0.404566 0.712293
vt 0.399626 0.692900
vt 0.404509 0.712399
vt 0.147118 0.663350
vt 0.404442 0.712471
vt 0.408085 0.811300
vt 0.407792 0.831689
vt 0.407946 0.811304
vt 0.407651 0.831693
vt 0.407807 0.811308
vt 0.407510 0.831698
vt 0.406689 0.851570
vt 0.406549 0.851574
vt 0.406408 0.851581
vt 0.381275 0.791100
vt 0.381595 0.811968
vt 0.381411 0.791100
vt 0.381736 0.811967
vt 0.381548 0.791101
vt 0.381878 0.811965
vt 0.380320 0.770699
vt 0.380454 0.770700
vt 0.380589 0.770703
vt 0.407470 0.791026
vt 0.406005 0.771197
vt 0.407333 0.791028
vt 0.405869 0.771198
vt 0.407195 0.791030
vt 0.405733 0.771198
vt 0.380312 0.853385
vt 0.381235 0.832946
vt 0.380450 0.853379
vt 0.381375 0.832942
vt 0.380590 0.853369
vt 0.381516 0.832935
vt 0.377115 0.891035
vt 0.378947 0.872733
vt 0.377251 0.891025
vt 0.379083 0.872724
vt 0.377388 0.891011
vt 0.379220 0.872712
vt 0.404888 0.870399
vt 0.404750 0.870403
vt 0.404612 0.870411
vt 0.402396 0.888228
vt 0.402261 0.888234
vt 0.402125 0.888244
vt 0.399213 0.905290
vt 0.399079 0.905299
vt 0.398945 0.905314
vt 0.395338 0.921876
vt 0.395196 0.921898
vt 0.395051 0.921935
vt 0.370491 0.932388
vt 0.374569 0.909409
vt 0.370623 0.932352
vt 0.374704 0.909396
vt 0.370756 0.932301
vt 0.374840 0.909376
vt 0.371614 0.973937
vt 0.385894 0.953512
vt 0.371614 0.973688
vt 0.385843 0.953486
vt 0.371648 0.973387
vt 0.385798 0.953449
vt 0.390837 0.938114
vt 0.390677 0.938153
vt 0.390510 0.938226
vt 0.364871 0.962221
vt 0.365017 0.962103
vt 0.365167 0.961953
vt 0.378451 0.749712
vt 0.378591 0.749715
vt 0.378732 0.749723
vt 0.374233 0.722108
vt 0.374367 0.722137
vt 0.374504 0.722182
vt 0.403775 0.751922
vt 0.400770 0.732741
vt 0.403642 0.751919
vt 0.400629 0.732720
vt 0.403507 0.751911
vt 0.400485 0.732685
vt 0.375247 0.668471
vt 0.375238 0.668727
vt 0.375264 0.669038
vt 0.392628 0.694394
vt 0.392579 0.694414
vt 0.392533 0.694442
vt 0.367213 0.684407
vt 0.367366 0.684531
vt 0.367525 0.684692
vt 0.397014 0.713320
vt 0.396851 0.713282
vt 0.396681 0.713209
vt 0.359330 0.644857
vt 0.360417 0.645731
vt 0.358004 0.643867
vt 0.359527 0.644771
vt 0.358947 0.643355
vt 0.359902 0.642959
vt 0.359722 0.644690
vt 0.357880 0.992917
vt 0.359373 0.992031
vt 0.359049 0.991896
vt 0.359578 0.990811
vt 0.095204 0.682428
vt 0.099399 0.678184
vt 0.095185 0.682408
vt 0.099381 0.678164
vt 0.095166 0.682390
vt 0.099362 0.678145
vt 0.099341 0.678123
vt 0.091341 0.686801
vt 0.091322 0.686782
vt 0.091302 0.686764
vt 0.367368 0.846733
vt 0.368268 0.826766
vt 0.324515 0.786837
vt 0.325044 0.807633
vt 0.324930 0.807632
vt 0.324627 0.786829
vt 0.325142 0.807634
vt 0.324724 0.786823
vt 0.325240 0.807634
vt 0.323604 0.766557
vt 0.323712 0.766539
vt 0.323806 0.766526
vt 0.324820 0.786819
vt 0.108517 0.670497
vt 0.103853 0.674196
vt 0.108500 0.670476
vt 0.103836 0.674176
vt 0.108484 0.670455
vt 0.103798 0.674132
vt 0.108465 0.670430
vt 0.103818 0.674156
vt 0.324264 0.848942
vt 0.324926 0.828562
vt 0.324376 0.848961
vt 0.325025 0.828570
vt 0.324474 0.848975
vt 0.325122 0.828574
vt 0.324571 0.848983
vt 0.324812 0.828551
vt 0.322163 0.886356
vt 0.323506 0.868243
vt 0.322266 0.886393
vt 0.323601 0.868263
vt 0.322356 0.886420
vt 0.323696 0.868274
vt 0.322447 0.886436
vt 0.323398 0.868216
vt 0.087867 0.691193
vt 0.087848 0.691174
vt 0.087827 0.691157
vt 0.365708 0.865640
vt 0.084752 0.695637
vt 0.084733 0.695618
vt 0.084711 0.695602
vt 0.363316 0.883534
vt 0.081943 0.700211
vt 0.081923 0.700192
vt 0.081902 0.700176
vt 0.360221 0.900632
vt 0.079373 0.705015
vt 0.079357 0.704989
vt 0.079337 0.704971
vt 0.356466 0.917227
vt 0.316490 0.928461
vt 0.320308 0.904667
vt 0.316568 0.928543
vt 0.320391 0.904706
vt 0.316639 0.928609
vt 0.320476 0.904731
vt 0.316716 0.928652
vt 0.320215 0.904617
vt 0.074710 0.715243
vt 0.074896 0.726805
vt 0.074684 0.715248
vt 0.074864 0.726873
vt 0.074658 0.715254
vt 0.328785 0.975486
vt 0.347245 0.949408
vt 0.075110 0.738203
vt 0.074833 0.726920
vt 0.311423 0.995103
vt 0.076974 0.710107
vt 0.076965 0.710067
vt 0.076950 0.710039
vt 0.352138 0.933555
vt 0.310900 0.961057
vt 0.310958 0.961161
vt 0.311023 0.961230
vt 0.310838 0.960930
vt 0.321917 0.745808
vt 0.322017 0.745774
vt 0.322105 0.745747
vt 0.323899 0.766516
vt 0.318055 0.718530
vt 0.318140 0.718460
vt 0.318217 0.718403
vt 0.322193 0.745729
vt 0.118605 0.663838
vt 0.113385 0.667074
vt 0.118581 0.663822
vt 0.113367 0.667054
vt 0.118561 0.663802
vt 0.113334 0.667006
vt 0.118545 0.663775
vt 0.113351 0.667033
vt 0.141787 0.657687
vt 0.141847 0.657654
vt 0.141887 0.657621
vt 0.311786 0.639746
vt 0.130132 0.657640
vt 0.130131 0.657612
vt 0.130132 0.657584
vt 0.331005 0.661256
vt 0.311669 0.680979
vt 0.311738 0.680856
vt 0.311800 0.680756
vt 0.318297 0.718366
vt 0.311869 0.680690
vt 0.308141 0.641949
vt 0.124287 0.660691
vt 0.124248 0.660683
vt 0.124201 0.660642
vt 0.130123 0.657553
vt 0.124220 0.660668
vt 0.359944 0.806532
vt 0.359888 0.826871
vt 0.359806 0.806537
vt 0.359748 0.826877
vt 0.359667 0.806543
vt 0.359607 0.826884
vt 0.359042 0.846699
vt 0.358902 0.846705
vt 0.358761 0.846714
vt 0.332970 0.786641
vt 0.333505 0.807496
vt 0.333106 0.786640
vt 0.333646 0.807492
vt 0.333243 0.786640
vt 0.333788 0.807489
vt 0.331843 0.766269
vt 0.331976 0.766269
vt 0.332111 0.766271
vt 0.359118 0.786312
vt 0.357467 0.766551
vt 0.358981 0.786316
vt 0.357332 0.766553
vt 0.358843 0.786319
vt 0.357197 0.766554
vt 0.332777 0.848889
vt 0.333403 0.828465
vt 0.332914 0.848880
vt 0.333543 0.828458
vt 0.333053 0.848868
vt 0.333685 0.828450
vt 0.330246 0.886469
vt 0.331739 0.868207
vt 0.330379 0.886458
vt 0.331872 0.868196
vt 0.330513 0.886441
vt 0.332005 0.868181
vt 0.357512 0.865464
vt 0.357375 0.865471
vt 0.357238 0.865481
vt 0.355314 0.883217
vt 0.355180 0.883225
vt 0.355045 0.883238
vt 0.352463 0.900190
vt 0.352331 0.900202
vt 0.352198 0.900220
vt 0.348980 0.916679
vt 0.348840 0.916707
vt 0.348698 0.916752
vt 0.323669 0.929068
vt 0.327941 0.904978
vt 0.323801 0.929030
vt 0.328081 0.904965
vt 0.323935 0.928973
vt 0.328222 0.904944
vt 0.324144 0.972518
vt 0.340571 0.948339
vt 0.324151 0.972271
vt 0.340499 0.948309
vt 0.324194 0.971966
vt 0.340433 0.948268
vt 0.344944 0.932851
vt 0.344788 0.932899
vt 0.344624 0.932983
vt 0.317139 0.961379
vt 0.317279 0.961252
vt 0.317426 0.961089
vt 0.329837 0.745342
vt 0.329976 0.745344
vt 0.330117 0.745351
vt 0.325499 0.717885
vt 0.325633 0.717914
vt 0.325770 0.717957
vt 0.355080 0.747364
vt 0.351942 0.728302
vt 0.354947 0.747362
vt 0.351801 0.728282
vt 0.354813 0.747356
vt 0.351658 0.728248
vt 0.326259 0.664772
vt 0.326254 0.665031
vt 0.326283 0.665345
vt 0.343601 0.690303
vt 0.343552 0.690325
vt 0.343506 0.690353
vt 0.318401 0.680524
vt 0.318555 0.680651
vt 0.318715 0.680813
vt 0.348074 0.709039
vt 0.347911 0.709002
vt 0.347743 0.708931
vt 0.310593 0.641711
vt 0.311640 0.642576
vt 0.310900 0.641582
vt 0.310337 0.993446
vt 0.309281 0.994114
vt 0.310596 0.993553
vt 0.311260 0.995170
vt 0.310683 0.992532
vt 0.094053 0.940913
vt 0.265688 0.929215
vt 0.117885 0.965438
vt 0.275079 0.895091
vt 0.168325 0.784627
vt 0.045682 0.659633
vt 0.357068 0.644428
vt 0.183285 0.876173
vt 0.183301 0.876188
vt 0.117986 0.965383
vt 0.178129 0.894762
vt 0.293023 0.842741
vt 0.078360 0.767518
vt 0.179753 0.663191
vt 0.153595 0.657627
vt 0.153578 0.657667
vt 0.019236 0.891758
vt 0.040241 0.951941
vt 0.078788 0.767078
vt 0.133939 0.792805
vt 0.102602 0.721372
vt 0.095143 0.682368
vt 0.350364 0.688793
vt 0.310530 0.640118
s 1
g off
g holocron_sup2_Holocron_Corners.002
usemtl Holocron_Corners.002
f 1220/1/1 1/2/2 202/3/3
f 1171/4/4 20/5/5 106/6/6
f 89/7/2 227/8/7 3/9/2
f 216/10/8 114/11/9 1181/12/10
f 4/13/2 1185/14/11 206/15/12
f 201/16/13 106/6/6 16/17/14
f 212/18/15 102/19/16 14/20/17
f 226/21/18 109/22/19 1176/23/20
f 3/9/2 1160/24/21 222/25/22
f 1175/26/23 4/13/2 88/27/24
f 1181/12/10 22/28/25 231/29/26
f 1191/30/27 19/31/28 237/32/29
f 1186/33/30 26/34/31 207/35/32
f 231/29/26 108/36/33 1196/37/34
f 1196/37/34 23/38/35 241/39/36
f 1206/40/37 18/41/38 247/42/39
f 90/43/2 236/44/40 1185/14/11
f 241/39/36 115/45/41 1211/46/42
f 1211/46/42 1323/47/43 253/48/44
f 268/49/45 113/50/46 1206/40/37
f 91/51/2 246/52/47 1190/53/48
f 1221/54/49 16/17/14 104/55/50
f 273/56/51 104/55/50 17/57/52
f 279/58/53 110/59/54 13/60/55
f 1/2/2 1165/61/56 89/7/2
f 1236/62/57 17/57/52 112/63/58
f 284/64/59 112/63/58 21/65/60
f 1231/66/61 1320/67/62 110/59/54
f 6/68/2 1215/69/63 93/70/2
f 106/6/6 327/71/64 1250/72/65
f 10/73/66 1266/74/67 97/75/66
f 24/76/68 1260/77/69 114/11/9
f 336/78/70 98/79/66 1276/80/71
f 104/55/50 307/81/72 1300/82/73
f 15/83/74 1245/84/75 332/85/76
f 15/83/74 1255/86/77 109/22/19
f 103/87/78 316/88/79 1245/84/75
f 116/89/80 327/71/64 20/5/5
f 117/90/81 311/91/82 26/34/31
f 19/31/28 1265/92/83 117/90/81
f 22/28/25 1275/93/84 108/36/33
f 1261/94/85 8/95/66 336/78/70
f 105/96/86 341/97/87 19/31/28
f 18/41/38 1270/98/88 105/96/86
f 23/38/35 1290/99/89 115/45/41
f 1276/80/71 11/100/66 346/101/90
f 113/50/46 351/102/91 18/41/38
f 25/103/92 1285/104/93 113/50/46
f 115/45/41 357/105/94 1323/47/43
f 306/106/95 96/107/66 7/108/66
f 14/20/17 1295/109/96 316/88/79
f 102/19/16 383/110/97 1295/109/96
f 112/63/58 379/111/98 1315/112/99
f 100/113/66 378/114/100 1301/115/101
f 13/60/55 1310/116/102 383/110/97
f 110/59/54 395/117/103 1310/116/102
f 21/65/60 1315/112/99 388/118/104
f 1166/119/105 14/20/17 103/87/78
f 1226/120/106 21/65/60 107/121/107
f 107/121/107 388/118/104 1305/122/108
f 7/108/66 1246/123/109 317/124/110
f 227/8/7 88/27/24 3/9/2
f 1176/23/20 24/76/68 216/10/8
f 109/22/19 322/125/111 24/76/68
f 96/107/66 331/126/112 1246/123/109
f 94/127/24 278/128/113 6/68/2
f 202/3/3 89/7/2 1170/129/114
f 16/17/14 1250/72/65 307/81/72
f 384/130/115 101/131/66 12/132/66
f 237/32/29 117/90/81 1186/33/30
f 1201/133/116 1324/134/117 111/135/118
f 111/135/118 356/136/119 1280/137/120
f 97/75/66 342/138/121 8/95/66
f 207/35/32 116/89/80 1161/139/122
f 226/21/18 103/87/78 15/83/74
f 1251/140/123 9/141/66 96/107/66
f 26/34/31 1240/142/124 116/89/80
f 1225/143/125 1230/144/126 94/127/24
f 283/145/127 94/127/24 1235/146/128
f 101/131/66 389/147/129 1316/148/130
f 1311/149/131 1306/150/132 101/131/66
f 5/151/2 1205/152/133 246/52/47
f 1180/153/134 2/154/2 90/43/2
f 114/11/9 337/155/135 22/28/25
f 11/100/66 1286/156/136 99/157/137
f 217/158/138 90/43/2 4/13/2
f 232/159/139 91/51/2 2/154/2
f 95/160/140 331/126/112 9/141/66
f 10/73/66 1256/161/141 95/160/140
f 1216/162/142 13/60/55 102/19/16
f 7/108/66 1301/115/101 306/106/95
s 2
f 1353/163/143 1443/164/144 410/165/145
s 1
f 1296/166/146 12/132/66 100/113/66
f 92/167/147 269/168/148 1205/152/133
f 1210/169/149 1200/170/150 92/167/147
f 1291/171/151 1281/172/152 358/173/153
f 99/157/137 373/174/154 1281/172/152
f 1226/120/106 1321/175/155 288/176/156
f 274/177/157 93/70/2 1220/1/1
f 17/57/52 1300/82/73 379/111/98
f 107/121/107 393/178/158 1321/175/155
f 247/42/39 105/96/86 1191/30/27
f 1235/146/128 6/68/2 274/177/157
f 12/132/66 1316/148/130 378/114/100
f 98/79/66 352/179/159 11/100/66
f 2/154/2 1190/53/48 236/44/40
f 1161/139/122 20/5/5 221/180/160
f 321/181/161 97/75/66 1261/94/85
f 8/95/66 1271/182/162 98/79/66
f 1201/183/116 25/103/92 268/49/45
f 1195/184/163 5/151/2 91/51/2
f 108/36/33 347/185/164 23/38/35
f 111/186/118 374/187/165 25/103/92
f 1170/129/114 3/9/2 222/25/22
f 88/27/24 206/15/12 1160/24/21
f 312/188/166 95/160/140 1241/189/167
f 1241/189/167 9/141/66 326/190/168
f 93/70/2 211/191/169 1/2/2
f 242/192/170 92/167/147 5/151/2
f 346/101/90 99/157/137 1291/171/151
f 317/124/110 100/113/66 7/108/66
s 2
f 457/193/171 130/194/172 34/195/173
f 503/196/174 136/197/175 1389/198/176
f 1477/199/177 1433/200/178 136/197/175
f 711/201/179 131/202/180 1429/203/181
f 480/204/182 127/205/183 1378/206/184
f 436/207/185 137/208/186 1353/163/143
f 1455/209/187 1419/210/188 138/211/189
f 1429/203/181 1439/212/190 693/213/191
f 447/214/192 124/215/193 29/216/194
f 1368/217/195 1452/218/196 425/219/197
f 1404/220/198 1409/221/199 622/222/200
f 1472/223/201 1414/224/202 135/225/203
f 27/226/204 1346/227/205 124/215/193
f 31/228/206 1350/229/207 567/230/208
f 32/231/209 1350/229/207 127/205/183
f 438/232/210 134/233/211 1468/234/212
f 1359/235/213 1444/236/214 120/237/215
f 33/238/216 1332/239/217 129/240/180
f 34/195/173 1337/241/218 530/242/219
f 412/243/220 122/244/221 1354/245/222
f 1364/246/223 1448/247/224 134/233/211
s 3
f 1345/248/225 1349/249/226 514/250/227
s 2
f 30/251/228 1331/252/229 549/253/230
f 457/193/171 128/254/231 1383/255/232
f 447/214/192 123/256/233 1358/257/234
f 27/226/204 1326/258/235 532/259/236
f 34/195/173 1327/260/237 128/254/231
f 467/261/238 138/211/189 1471/262/239
f 1379/263/240 1453/264/241 119/265/242
f 35/266/243 1337/241/218 130/194/172
f 35/266/243 1332/239/217 569/267/244
f 481/268/245 119/265/242 1456/269/246
f 479/270/247 138/211/189 1373/271/248
f 28/272/249 1341/273/250 548/274/251
f 29/216/194 1341/273/250 123/256/233
f 427/275/252 125/276/253 1369/277/254
f 489/278/255 128/254/231 33/238/216
f 29/216/194 1346/227/205 513/279/256
f 1467/280/257 1399/281/258 137/208/186
f 1389/198/176 1459/282/259 490/283/260
f 1394/284/261 1464/285/262 139/286/263
s 3
f 1336/287/264 1345/248/225 531/288/265
s 2
f 28/272/249 1326/258/235 122/244/221
f 1394/284/261 1476/289/266 505/290/267
f 488/291/268 118/292/269 1384/293/270
f 30/251/228 1340/294/271 126/295/272
f 31/228/206 1331/252/229 125/276/253
f 465/296/273 135/225/203 1368/217/195
f 32/231/209 1340/294/271 200/297/274
s 3
f 568/298/275 121/299/276 1336/287/264
s 2
f 33/238/216 1327/260/237 550/300/277
f 1459/282/259 1433/200/178 710/301/278
f 139/286/263 728/302/279 1476/289/266
f 1464/285/262 1438/303/280 139/286/263
f 120/237/215 605/304/281 1403/305/282
f 1468/234/212 1408/306/283 586/307/284
f 134/233/211 623/308/285 1408/306/283
f 1453/264/241 1423/309/286 119/265/242
f 138/211/189 640/310/287 1471/262/239
f 119/265/242 675/311/288 1456/269/246
f 437/312/289 124/215/193 1363/313/290
f 1359/235/213 1449/314/291 445/315/292
f 120/237/215 621/316/293 1449/314/291
f 137/208/186 603/317/294 1443/164/144
f 427/275/252 127/205/183 31/228/206
f 466/318/295 125/276/253 30/251/228
f 641/319/296 133/320/253 1413/321/297
f 1413/321/297 1424/322/298 658/323/299
f 489/278/255 129/240/180 1388/324/300
f 504/325/301 129/240/180 35/266/243
f 1439/212/190 1434/326/302 729/327/303
f 1460/328/304 1428/329/305 118/292/269
f 412/243/220 123/256/233 28/272/249
f 437/312/289 122/244/221 27/226/204
f 1409/221/199 1398/330/306 587/331/307
f 604/332/308 132/333/309 1404/220/198
f 466/318/295 126/295/272 1374/334/310
f 480/204/182 126/295/272 32/231/209
f 1424/322/298 1418/335/311 676/336/312
f 135/225/203 657/337/313 1452/218/196
f 504/325/301 130/194/172 1393/338/314
f 1384/293/270 1465/339/315 455/340/316
f 118/292/269 692/341/317 1465/339/315
s 4
f 1540/342/318 36/343/319 744/344/320
f 1491/345/321 55/346/322 158/347/323
f 141/348/319 769/349/324 38/350/319
f 758/351/325 166/352/326 1501/353/327
f 39/354/319 1505/355/328 748/356/329
f 743/357/330 158/347/323 51/358/331
f 754/359/332 154/360/333 49/361/334
f 768/362/335 161/363/336 1496/364/337
f 38/350/319 1480/365/338 764/366/339
f 1495/367/340 39/354/319 140/368/319
f 1501/353/327 57/369/341 773/370/342
f 1511/371/343 54/372/344 779/373/345
f 1506/374/346 61/375/347 749/376/348
f 773/370/342 160/377/349 1516/378/350
f 1516/378/350 58/379/351 783/380/352
f 1526/381/353 53/382/354 789/383/355
f 142/384/319 778/385/356 1505/355/328
f 783/380/352 167/386/357 1531/387/358
f 1531/387/358 1643/388/359 795/389/360
f 810/390/361 165/391/362 1526/381/353
f 143/392/319 788/393/363 1510/394/364
f 1541/395/365 51/358/331 156/396/366
f 815/397/367 156/396/366 52/398/368
f 821/399/369 162/400/370 48/401/371
f 36/343/319 1485/402/372 141/348/319
f 1556/403/373 52/398/368 164/404/374
f 826/405/375 164/404/374 56/406/376
f 1551/407/377 1640/408/378 162/400/370
f 41/409/319 1535/410/379 145/411/319
f 158/347/323 869/412/380 1570/413/381
f 45/414/382 1586/415/383 149/416/382
f 59/417/384 1580/418/385 166/352/326
f 878/419/386 150/420/382 1596/421/387
f 156/396/366 849/422/388 1620/423/389
f 50/424/390 1565/425/391 874/426/392
f 50/424/390 1575/427/393 161/363/336
f 155/428/394 858/429/395 1565/425/391
f 168/430/396 869/412/380 55/346/322
f 169/431/397 853/432/398 61/375/347
f 54/372/344 1585/433/399 169/431/397
f 57/369/341 1595/434/400 160/377/349
f 1581/435/401 43/436/382 878/419/386
f 157/437/402 883/438/403 54/372/344
f 53/382/354 1590/439/404 157/437/402
f 58/379/351 1610/440/405 167/386/357
f 1596/421/387 46/441/406 888/442/407
f 165/391/362 893/443/408 53/382/354
f 60/444/409 1605/445/410 165/391/362
f 167/386/357 899/446/411 1643/388/359
f 848/447/412 148/448/382 42/449/382
f 49/361/334 1615/450/413 858/429/395
f 154/360/333 925/451/414 1615/450/413
f 164/404/374 921/452/415 1635/453/416
f 152/454/382 920/455/417 1621/456/418
f 48/401/371 1630/457/419 925/451/414
f 162/400/370 937/458/420 1630/457/419
f 56/406/376 1635/453/416 930/459/421
f 1486/460/422 49/361/334 155/428/394
f 1546/461/423 56/406/376 159/462/424
f 159/462/424 930/459/421 1625/463/425
f 42/449/382 1566/464/426 859/465/427
f 769/349/324 140/368/319 38/350/319
f 1496/364/337 59/417/384 758/351/325
f 161/363/336 864/466/428 59/417/384
f 148/448/382 873/467/429 1566/464/426
f 146/468/319 820/469/430 41/409/319
f 744/344/320 141/348/319 1490/470/431
f 51/358/331 1570/413/381 849/422/388
f 926/471/432 153/472/382 47/473/382
f 779/373/345 169/431/397 1506/374/346
f 1521/474/433 1644/475/434 163/476/435
f 163/476/435 898/477/436 1600/478/437
f 149/416/382 884/479/438 43/436/382
f 749/376/348 168/430/396 1481/480/439
f 768/362/335 155/428/394 50/424/390
f 1571/481/440 44/482/382 148/448/382
f 61/375/347 1560/483/441 168/430/396
f 1545/484/442 1550/485/443 146/468/319
f 825/486/444 146/468/319 1555/487/445
f 153/472/382 931/488/446 1636/489/447
f 1631/490/448 1626/491/449 153/472/382
f 40/492/450 1525/493/451 788/393/363
f 1500/494/452 37/495/319 142/384/319
f 166/352/326 879/496/453 57/369/341
f 46/441/406 1606/497/454 151/498/455
f 759/499/456 142/384/319 39/354/319
f 774/500/457 143/392/319 37/495/319
f 147/501/382 873/467/429 44/482/382
f 45/414/382 1576/502/458 147/501/382
f 1536/503/459 48/401/371 154/360/333
f 42/449/382 1621/456/418 848/447/412
s 5
f 1706/504/460 62/505/461 953/506/462
s 4
f 1616/507/463 47/473/382 152/454/382
f 144/508/464 811/509/465 1525/493/451
f 1530/510/466 1520/511/467 144/508/464
f 1611/512/468 1601/513/469 900/514/470
f 151/498/455 915/515/471 1601/513/469
f 1546/461/423 1641/516/472 830/517/473
f 816/518/474 145/411/319 1540/342/318
f 52/398/368 1620/423/389 921/452/415
f 159/462/424 935/519/475 1641/516/472
f 789/383/355 157/437/402 1511/371/343
f 1555/487/445 41/409/319 816/518/474
f 47/473/382 1636/489/447 920/455/417
f 150/420/382 894/520/476 46/441/406
f 37/495/319 1510/394/364 778/385/356
f 1481/480/439 55/346/322 763/521/477
f 863/522/478 149/416/382 1581/435/401
f 43/436/382 1591/523/479 150/420/382
f 1521/474/433 60/444/409 810/390/361
f 1515/524/480 40/492/450 143/392/319
f 160/377/349 889/525/481 58/379/351
f 163/476/435 916/526/482 60/444/409
f 1490/470/431 38/350/319 764/366/339
f 140/368/319 748/356/329 1480/365/338
f 854/527/483 147/501/382 1561/528/484
f 1561/528/484 44/482/382 868/529/485
f 145/411/319 753/530/486 36/343/319
f 784/531/487 144/508/464 40/492/450
f 888/442/407 151/498/455 1611/512/468
f 859/465/427 152/454/382 42/449/382
s 5
f 1657/532/488 81/533/489 188/534/490
f 171/535/461 978/536/491 64/537/461
f 967/538/492 196/539/493 1667/540/494
f 65/541/461 1671/542/495 957/543/496
f 952/544/497 188/534/490 77/545/498
f 963/546/499 184/547/500 75/548/501
f 977/549/502 191/550/503 1662/551/504
f 64/537/461 1646/552/505 973/553/506
f 1661/554/507 65/541/461 170/555/461
f 1667/540/494 83/556/508 982/557/509
f 1677/558/510 80/559/511 988/560/512
f 1672/561/513 87/562/514 958/563/515
f 982/557/509 190/564/516 1682/565/517
f 1682/565/517 84/566/518 992/567/519
f 1692/568/520 79/569/521 998/570/522
f 172/571/461 987/572/523 1671/542/495
f 992/567/519 197/573/524 1697/574/525
f 1697/574/525 1809/575/526 1004/576/527
f 1019/577/528 195/578/529 1692/568/520
f 173/579/530 997/580/531 1676/581/532
f 1707/582/533 77/545/498 186/583/534
f 1024/584/535 186/583/534 78/585/536
f 1030/586/537 192/587/538 74/588/539
f 62/505/461 1651/589/540 171/535/461
f 1722/590/541 78/585/536 194/591/542
f 1035/592/543 194/591/542 82/593/544
f 1717/594/545 1806/595/546 192/587/538
f 67/596/461 1701/597/547 175/598/461
f 188/534/490 1077/599/548 1736/600/549
f 71/601/550 1752/602/551 179/603/550
f 85/604/552 1746/605/553 196/539/493
f 1086/606/554 180/607/555 1762/608/556
f 186/583/534 1057/609/557 1786/610/558
f 76/611/559 1731/612/560 1082/613/561
f 76/611/559 1741/614/562 191/550/503
f 185/615/563 1066/616/564 1731/612/560
f 198/617/565 1077/599/548 81/533/489
f 199/618/566 1061/619/567 87/562/514
f 80/559/511 1751/620/568 199/618/566
f 83/556/508 1761/621/569 190/564/516
f 1747/622/570 69/623/571 1086/606/554
f 187/624/572 1091/625/573 80/559/511
f 79/569/521 1756/626/574 187/624/572
f 84/566/518 1776/627/575 197/573/524
f 1762/608/556 72/628/576 1096/629/577
f 195/578/529 1101/630/578 79/569/521
f 86/631/579 1771/632/580 195/578/529
f 197/573/524 1107/633/581 1809/575/526
f 1056/634/582 178/635/550 68/636/550
f 75/548/501 1781/637/583 1066/616/564
f 184/547/500 1133/638/584 1781/637/583
f 194/591/542 1129/639/585 1801/640/586
f 182/641/550 1128/642/587 1787/643/588
f 74/588/539 1796/644/589 1133/638/584
f 192/587/538 1145/645/590 1796/644/589
f 82/593/544 1801/640/586 1138/646/591
f 1652/647/592 75/548/501 185/615/563
f 1712/648/593 82/593/544 189/649/594
f 189/649/594 1138/646/591 1791/650/595
f 68/636/550 1732/651/596 1067/652/597
f 978/536/491 170/555/461 64/537/461
f 1662/551/504 85/604/552 967/538/492
f 191/550/503 1072/653/598 85/604/552
f 178/635/550 1081/654/599 1732/651/596
f 176/655/461 1029/656/600 67/596/461
f 953/506/462 171/535/461 1656/657/601
f 77/545/498 1736/600/549 1057/609/557
f 1134/658/602 183/659/550 73/660/550
f 988/560/512 199/618/566 1672/561/513
f 1687/661/603 1810/662/604 193/663/605
f 193/663/605 1106/664/606 1766/665/607
f 179/603/550 1092/666/608 69/623/571
f 958/563/515 198/617/565 1647/667/609
f 977/549/502 185/615/563 76/611/559
f 1737/668/610 70/669/550 178/635/550
f 87/562/514 1726/670/611 198/617/565
f 1711/671/612 1716/672/613 176/655/461
f 1034/673/614 176/655/461 1721/674/615
f 183/659/550 1139/675/616 1802/676/617
f 1797/677/618 1792/678/619 183/659/550
f 66/679/620 1691/680/621 997/580/531
f 1666/681/622 63/682/623 172/571/461
f 196/539/493 1087/683/624 83/556/508
f 72/628/576 1772/684/625 181/685/626
f 968/686/627 172/571/461 65/541/461
f 983/687/628 173/579/530 63/682/623
f 177/688/550 1081/654/599 70/669/550
f 71/601/550 1742/689/629 177/688/550
f 1702/690/630 74/588/539 184/547/500
f 68/636/550 1787/643/588 1056/634/582
f 1782/691/631 73/660/550 182/641/550
f 174/692/632 1020/693/633 1691/680/621
f 1696/694/634 1686/695/635 174/692/632
f 1777/696/636 1767/697/637 1108/698/638
f 181/685/626 1123/699/639 1767/697/637
f 1712/648/593 1807/700/640 1039/701/641
f 1025/702/642 175/598/461 1706/504/460
f 78/585/536 1786/610/558 1129/639/585
f 189/649/594 1143/703/643 1807/700/640
f 998/570/522 187/624/572 1677/558/510
f 1721/674/615 67/596/461 1025/702/642
f 73/660/550 1802/676/617 1128/642/587
f 180/607/555 1102/704/644 72/628/576
f 63/682/623 1676/581/532 987/572/523
f 1647/667/609 81/533/489 972/705/645
f 1071/706/646 179/603/550 1747/622/570
f 69/623/571 1757/707/647 180/607/555
f 1687/661/603 86/631/579 1019/577/528
f 1681/708/648 66/679/620 173/579/530
f 190/564/516 1097/709/649 84/566/518
f 193/663/605 1124/710/650 86/631/579
f 1656/657/601 64/537/461 973/553/506
f 170/555/461 957/543/496 1646/552/505
f 1062/711/651 177/688/550 1727/712/652
f 1727/712/652 70/669/550 1076/713/653
f 175/598/461 962/714/654 62/505/461
f 993/715/655 174/692/632 66/679/620
f 1096/629/577 181/685/626 1777/696/636
f 1067/652/597 182/641/550 68/636/550
s 1
f 251/716/656 256/717/657 264/718/658
f 254/719/659 257/720/660 256/717/657
f 264/718/658 256/717/657 267/721/661
f 256/717/657 258/722/662 267/721/661
f 259/723/663 261/724/664 252/725/665
f 260/726/666 262/727/667 259/728/663
f 262/729/667 255/730/668 261/724/664
f 263/731/669 257/720/660 262/729/667
f 253/48/44 266/732/670 265/733/671
f 264/734/672 267/735/673 266/732/670
f 265/733/671 263/736/674 260/726/675
f 266/732/670 258/737/676 263/736/674
f 288/176/156 293/738/677 292/739/678
f 291/740/679 294/741/680 293/738/677
f 292/739/678 305/742/681 302/743/682
f 293/738/677 295/744/683 305/742/681
f 289/745/684 299/746/685 298/747/686
f 296/748/687 300/749/688 299/746/685
f 298/747/686 299/746/685 294/741/689
f 299/746/685 295/744/690 294/741/689
f 301/750/691 303/751/692 290/752/693
f 302/743/682 304/753/694 301/750/691
f 304/753/694 297/754/695 303/751/692
f 305/742/681 300/749/696 304/753/694
f 356/136/119 361/755/697 360/756/698
f 359/757/699 362/758/700 361/759/697
f 360/760/698 372/761/701 369/762/702
f 361/759/697 363/763/703 372/761/701
f 357/105/94 366/764/704 359/765/705
f 364/766/706 367/767/707 366/764/704
f 359/765/705 366/764/704 362/758/708
f 366/764/704 363/763/709 362/758/710
f 368/768/711 370/769/712 358/173/153
f 369/762/702 371/770/713 368/768/711
f 371/770/713 365/771/714 370/769/712
f 372/761/715 367/767/707 371/770/713
f 393/178/158 398/772/716 406/773/717
f 396/774/718 399/775/719 398/772/716
f 406/773/717 398/772/716 409/776/720
f 398/772/716 400/777/721 409/776/722
f 401/778/723 403/779/724 394/780/725
f 402/781/726 404/782/727 401/778/723
f 404/782/727 397/783/728 403/779/724
f 405/784/729 399/775/730 404/782/727
f 395/117/103 408/785/731 407/786/732
f 406/787/733 409/776/734 408/785/731
f 407/786/732 405/784/729 402/781/726
f 408/785/731 400/777/735 405/784/729
s 2
f 413/788/736 415/789/737 410/165/145
f 413/788/736 414/790/738 416/791/739
f 416/791/739 422/792/740 415/789/737
f 418/793/741 420/794/742 411/795/743
f 419/796/744 421/797/745 418/793/741
f 421/797/745 414/790/738 420/794/742
f 421/797/745 417/798/746 416/799/739
f 422/792/740 424/800/747 423/801/748
f 424/800/747 419/796/744 423/802/748
f 425/219/197 428/803/749 429/804/750
s 6
f 429/805/751 430/806/751 433/807/751
s 2
f 426/808/752 432/809/753 431/810/754
s 7
f 431/810/755 429/811/756 428/812/757
f 432/809/758 430/813/759 429/811/756
s 8
f 436/207/760 439/814/761 443/815/762
s 9
f 439/814/763 1813/816/764 440/817/764
s 10
f 438/232/765 443/818/766 444/819/767
s 8
f 443/820/762 439/821/761 444/822/768
s 11
f 444/822/769 1813/823/769 442/824/769
s 2
f 445/315/292 448/825/770 449/826/771
s 12
f 448/825/772 453/827/773 449/828/774
f 449/828/774 450/829/775 1814/830/776
s 2
f 446/831/777 451/832/778 453/833/779
s 13
f 451/834/780 452/835/781 1814/836/782
s 12
f 453/833/773 451/832/783 449/837/774
f 451/832/783 450/838/775 449/837/774
s 2
f 458/839/784 459/840/785 455/340/316
s 14
f 458/839/786 461/841/787 460/842/787
s 15
f 459/840/788 464/843/789 1815/844/790
s 2
f 456/845/791 460/846/792 461/847/793
f 463/848/794 464/843/795 460/849/796
f 468/850/797 470/851/798 465/296/273
f 468/850/797 469/852/799 478/853/800
f 470/851/798 478/854/800 476/855/801
f 478/853/800 469/852/802 471/856/803
f 472/857/804 474/858/805 473/859/806
f 473/860/806 474/858/805 469/861/807
f 474/858/805 471/856/803 469/852/807
f 475/862/808 477/863/809 467/261/238
f 475/862/808 476/855/801 478/864/800
f 478/864/800 472/857/804 477/863/809
f 479/270/247 487/865/810 482/866/811
s 16
f 487/867/812 1816/868/813 483/869/814
s 17
f 482/866/815 487/870/816 486/871/816
s 2
f 481/268/245 486/872/817 487/873/818
s 18
f 487/874/819 1816/868/820 484/875/821
s 2
f 491/876/822 493/877/823 488/291/268
f 491/876/822 492/878/824 494/879/825
f 493/877/823 494/880/825 500/881/826
f 494/879/825 492/878/824 495/882/827
f 496/883/828 497/884/829 498/885/830
f 496/886/828 498/885/830 492/887/824
f 497/884/829 492/878/824 498/885/830
f 499/888/831 501/889/832 490/283/260
f 500/881/826 502/890/833 499/888/831
f 501/889/832 502/890/833 497/891/829
f 502/890/833 495/882/827 497/884/829
s 19
f 506/892/834 507/893/835 503/196/836
s 20
f 506/892/837 508/894/838 512/895/839
s 21
f 507/893/840 512/896/841 511/897/841
s 2
f 505/290/267 511/898/842 512/899/843
s 22
f 512/900/844 1812/901/845 510/902/846
f 512/896/844 508/903/847 1812/901/845
s 2
f 515/904/848 517/905/849 513/279/256
f 516/906/850 518/907/851 515/904/848
f 518/907/851 526/908/852 517/905/849
f 518/907/851 519/909/853 529/910/854
s 3
f 514/250/227 523/911/855 522/912/856
f 520/913/857 524/914/858 523/915/855
f 522/912/856 519/916/859 516/917/860
s 23
f 523/911/861 529/918/862 519/916/863
s 2
f 525/919/864 527/920/865 200/297/274
f 526/908/852 528/921/866 525/919/864
f 528/921/866 521/922/867 527/920/865
f 528/921/866 529/923/868 524/914/869
f 533/924/870 535/925/871 530/242/219
f 534/926/872 536/927/873 533/924/870
f 536/927/873 545/928/874 535/925/871
f 536/927/873 537/929/875 538/930/876
s 3
f 531/288/265 542/931/877 541/932/878
f 539/933/879 543/934/880 542/931/877
f 541/932/878 537/935/881 534/936/882
f 542/931/877 538/937/883 537/935/881
s 2
f 544/938/884 546/939/885 532/259/236
f 545/928/874 547/940/886 544/938/884
f 547/940/886 540/941/887 546/939/885
f 547/940/886 538/942/876 543/943/888
f 551/944/889 553/945/890 548/274/251
f 552/946/891 554/947/892 551/944/889
f 554/947/892 563/948/893 553/945/890
f 554/947/892 556/949/894 566/950/895
f 557/951/896 559/952/897 549/253/230
f 558/953/898 560/954/899 557/951/896
f 560/954/899 552/946/891 559/952/897
f 560/954/899 556/949/894 555/955/900
f 562/956/901 564/957/902 550/300/277
f 563/948/893 565/958/903 562/956/901
f 565/958/903 558/953/898 564/957/902
f 565/958/903 556/949/894 561/959/904
f 570/960/905 572/961/906 567/230/208
f 571/962/907 573/963/908 570/960/905
f 573/963/908 582/964/909 572/961/906
f 573/963/908 574/965/910 575/966/911
s 3
f 568/298/275 579/967/912 578/968/913
f 576/969/914 580/970/915 579/971/912
f 578/972/913 574/965/916 571/962/917
f 579/971/912 575/973/918 574/965/916
s 2
f 581/974/919 583/975/920 569/267/244
f 582/964/909 584/976/921 581/974/919
f 584/976/921 577/977/922 583/975/920
f 584/976/921 575/973/911 580/970/923
f 585/978/924 590/979/925 589/980/926
f 588/981/927 591/982/928 590/979/925
f 589/980/926 602/983/929 599/984/930
f 590/979/925 592/985/931 602/983/929
f 586/307/284 596/986/932 595/987/933
f 593/988/934 597/989/935 596/986/932
f 595/987/936 591/982/937 588/981/938
f 596/986/932 592/985/939 591/982/940
f 598/990/941 600/991/942 587/992/307
f 599/984/930 601/993/943 598/990/941
f 601/993/943 594/994/944 600/991/942
f 602/983/945 597/989/946 601/993/943
f 606/995/947 608/996/948 603/317/294
f 607/997/949 609/998/950 606/995/947
f 609/998/950 617/999/951 608/996/948
f 609/998/950 610/1000/952 620/1001/953
f 611/1002/954 613/1003/955 604/1004/308
f 612/1005/956 614/1006/957 611/1002/954
f 614/1006/957 607/997/949 613/1003/955
f 614/1006/957 615/1007/958 610/1008/952
f 616/1009/959 618/1010/960 605/304/281
f 617/999/951 619/1011/961 616/1009/959
f 619/1011/961 612/1005/956 618/1010/960
f 620/1001/953 615/1007/958 619/1011/961
f 621/316/293 627/1012/962 626/1013/963
f 624/1014/964 628/1015/965 627/1012/962
f 626/1013/966 638/1016/967 635/1017/968
f 627/1012/962 629/1018/969 638/1016/967
f 630/1019/970 632/1020/971 622/1021/200
f 631/1022/972 633/1023/973 630/1019/970
f 633/1023/973 625/1024/974 632/1020/971
f 634/1025/975 628/1015/965 633/1023/973
f 623/308/285 637/1026/976 636/1027/977
f 635/1017/978 638/1016/979 637/1026/976
f 636/1027/977 634/1025/975 631/1022/972
f 637/1026/976 629/1018/969 634/1025/975
f 642/1028/980 644/1029/981 639/1030/982
f 643/1031/983 645/1032/984 642/1028/980
f 645/1032/984 653/1033/985 644/1029/981
f 645/1032/984 646/1034/986 656/1035/987
f 647/1036/988 649/1037/989 640/310/287
f 648/1038/990 650/1039/991 647/1036/988
f 650/1039/991 643/1031/983 649/1037/989
f 651/1040/992 646/1034/986 650/1039/991
f 652/1041/993 654/1042/994 641/1043/296
f 653/1033/985 655/1044/995 652/1041/993
f 655/1044/995 648/1038/990 654/1042/994
f 655/1044/995 656/1045/987 651/1040/992
f 657/337/313 663/1046/996 662/1047/997
f 660/1048/998 664/1049/999 663/1046/996
s 24
f 663/1046/1000 671/1050/1001 662/1047/1002
f 663/1046/1000 665/1051/1003 673/1052/1004
s 2
f 666/1053/1005 668/1054/1006 658/1055/299
f 667/1056/1007 669/1057/1008 666/1053/1005
f 669/1057/1009 661/1058/1010 668/1054/1006
f 659/1059/1011 673/1060/1012 672/1061/1013
s 25
f 670/1062/1014 671/1050/1014 673/1060/1015
s 2
f 672/1061/1013 664/1063/1016 667/1056/1007
s 26
f 673/1052/1017 665/1051/1017 664/1063/1017
s 2
f 674/1064/1018 679/1065/1019 678/1066/1020
f 677/1067/1021 680/1068/1022 679/1065/1019
f 678/1066/1020 691/1069/1023 688/1070/1024
f 679/1065/1019 681/1071/1025 691/1069/1023
f 675/311/288 685/1072/1026 684/1073/1027
f 682/1074/1028 686/1075/1029 685/1072/1026
f 684/1073/1027 685/1072/1026 680/1068/1030
f 685/1072/1026 681/1071/1025 680/1068/1030
f 687/1076/1031 689/1077/1032 676/1078/312
f 688/1070/1024 690/1079/1033 687/1076/1031
f 690/1079/1033 683/1080/1034 689/1077/1032
f 691/1069/1023 686/1075/1029 690/1079/1033
f 692/341/317 697/1081/1035 705/1082/1036
f 695/1083/1037 698/1084/1038 697/1081/1035
f 705/1082/1036 697/1081/1035 708/1085/1039
f 697/1081/1035 699/1086/1040 708/1085/1039
f 700/1087/1041 702/1088/1042 693/1089/191
f 701/1090/1043 703/1091/1044 700/1087/1041
f 703/1091/1044 696/1092/1045 702/1093/1042
f 704/1094/1046 698/1084/1038 703/1091/1044
f 694/1095/1047 707/1096/1048 706/1097/1049
f 705/1098/1050 708/1085/1051 707/1096/1048
f 706/1097/1049 704/1094/1046 701/1090/1043
f 707/1096/1048 699/1086/1040 704/1094/1046
f 712/1099/1052 714/1100/1053 709/1101/1054
f 713/1102/1055 715/1103/1056 712/1099/1052
f 715/1103/1056 723/1104/1057 714/1100/1053
f 716/1105/1058 726/1106/1059 715/1103/1056
f 717/1107/1060 719/1108/1061 710/301/278
f 718/1109/1062 720/1110/1063 717/1107/1060
f 720/1110/1063 713/1102/1055 719/1108/1061
f 720/1110/1063 721/1111/1064 716/1105/1058
f 722/1112/1065 724/1113/1066 711/1114/179
f 723/1104/1057 725/1115/1067 722/1112/1065
f 725/1115/1067 718/1109/1062 724/1113/1066
f 725/1115/1067 726/1106/1059 721/1116/1064
f 727/1117/1068 733/1118/1069 732/1119/1070
f 730/1120/1071 731/1121/1072 733/1118/1069
f 732/1119/1070 738/1122/1073 740/1123/1074
s 27
f 733/1124/1075 734/1125/1076 738/1122/1077
s 2
f 728/302/279 733/1126/1078 737/1127/1079
f 735/1128/1080 738/1129/1081 733/1126/1078
f 737/1127/1079 733/1124/1078 731/1121/1082
f 739/1130/1083 741/1131/1084 729/1132/303
f 740/1123/1074 742/1133/1085 739/1130/1083
f 742/1133/1086 736/1134/1087 741/1131/1084
s 4
f 793/1135/1088 798/1136/1089 806/1137/1090
f 796/1138/1091 799/1139/1092 798/1136/1089
f 806/1137/1090 798/1136/1089 809/1140/1093
f 798/1136/1089 800/1141/1094 809/1140/1093
f 801/1142/1095 803/1143/1096 794/1144/1097
f 802/1145/1098 804/1146/1099 801/1142/1095
f 804/1147/1099 797/1148/1100 803/1149/1096
f 805/1150/1101 799/1139/1092 804/1147/1099
f 795/1151/360 808/1152/1102 807/1153/1103
f 806/1154/1104 809/1155/1105 808/1152/1102
f 807/1153/1103 805/1156/1106 802/1145/1107
f 808/1152/1102 800/1157/1108 805/1156/1106
f 830/517/473 835/1158/1109 834/1159/1110
f 833/1160/1111 836/1161/1112 835/1162/1109
f 834/1159/1110 847/1163/1113 844/1164/1114
f 835/1162/1109 837/1165/1115 847/1166/1113
f 831/1167/1116 841/1168/1117 840/1169/1118
f 838/1170/1119 842/1171/1120 841/1168/1117
f 840/1169/1118 841/1168/1117 836/1161/1121
f 841/1168/1117 837/1165/1122 836/1161/1121
f 843/1172/1123 845/1173/1124 832/1174/1125
f 844/1175/1114 846/1176/1126 843/1172/1123
f 846/1176/1126 839/1177/1127 845/1173/1124
f 847/1166/1113 842/1171/1128 846/1176/1126
f 898/477/436 902/1178/1129 901/1179/1130
f 907/1180/1131 903/1181/1132 902/1178/1129
f 901/1179/1130 914/1182/1133 911/1183/1134
f 902/1178/1129 904/1184/1135 914/1182/1133
f 899/446/411 908/1185/1136 907/1186/1137
f 905/1187/1138 909/1188/1139 908/1185/1136
f 907/1186/1137 908/1185/1136 903/1181/1140
f 908/1185/1136 904/1184/1141 903/1181/1140
f 910/1189/1142 912/1190/1143 900/514/470
f 911/1183/1134 913/1191/1144 910/1189/1142
f 913/1191/1144 906/1192/1145 912/1190/1143
f 914/1182/1146 909/1188/1139 913/1191/1144
f 935/519/475 940/1193/1147 948/1194/1148
f 938/1195/1149 941/1196/1150 940/1193/1147
f 948/1194/1148 940/1193/1147 951/1197/1151
f 940/1193/1147 942/1198/1152 951/1197/1153
f 943/1199/1154 945/1200/1155 936/1201/1156
f 944/1202/1157 946/1203/1158 943/1199/1154
f 946/1203/1158 939/1204/1159 945/1200/1155
f 947/1205/1160 941/1196/1161 946/1203/1158
f 937/458/420 950/1206/1162 949/1207/1163
f 948/1208/1164 951/1197/1165 950/1206/1162
f 949/1207/1163 947/1205/1160 944/1202/1157
f 950/1206/1162 942/1198/1166 947/1205/1160
s 5
f 1002/1209/1167 1007/1210/1168 1015/1211/1169
f 1005/1212/1170 1008/1213/1171 1007/1210/1168
f 1015/1214/1169 1007/1215/1168 1018/1216/1172
f 1007/1215/1168 1009/1217/1173 1018/1216/1174
f 1010/1218/1175 1012/1219/1176 1003/1220/1177
f 1011/1221/1178 1013/1222/1179 1010/1218/1175
f 1013/1223/1179 1006/1224/1180 1012/1225/1176
f 1014/1226/1181 1008/1227/1171 1013/1222/1179
f 1004/576/527 1017/1228/1182 1016/1229/1183
f 1015/1230/1184 1018/1216/1185 1017/1228/1182
f 1016/1229/1183 1014/1226/1186 1011/1221/1187
f 1017/1228/1182 1009/1217/1188 1014/1226/1186
f 1039/1231/641 1044/1232/1189 1043/1233/1190
f 1042/1234/1191 1045/1235/1192 1044/1236/1189
f 1043/1233/1190 1055/1237/1193 1052/1238/1194
f 1044/1232/1189 1046/1239/1195 1055/1237/1193
f 1040/1240/1196 1049/1241/1197 1042/1242/1198
f 1047/1243/1199 1050/1244/1200 1049/1241/1197
f 1042/1242/1198 1049/1241/1197 1045/1235/1201
f 1049/1241/1197 1046/1245/1202 1045/1235/1203
f 1051/1246/1204 1053/1247/1205 1041/1248/1206
f 1052/1238/1194 1054/1249/1207 1051/1246/1204
f 1054/1250/1207 1048/1251/1208 1053/1252/1205
f 1055/1237/1193 1050/1253/1209 1054/1249/1207
f 1106/664/606 1110/1254/1210 1109/1255/1211
f 1115/1256/1212 1111/1257/1213 1110/1254/1210
f 1109/1255/1211 1122/1258/1214 1119/1259/1215
f 1110/1254/1210 1112/1260/1216 1122/1258/1214
f 1107/633/581 1116/1261/1217 1115/1262/1218
f 1113/1263/1219 1117/1264/1220 1116/1261/1217
f 1115/1262/1218 1116/1261/1217 1111/1257/1221
f 1116/1261/1217 1112/1260/1222 1111/1257/1221
f 1118/1265/1223 1120/1266/1224 1108/698/638
f 1119/1259/1215 1121/1267/1225 1118/1265/1223
f 1121/1267/1225 1114/1268/1226 1120/1266/1224
f 1122/1258/1227 1117/1264/1220 1121/1267/1225
f 1143/703/643 1149/1269/1228 1148/1270/1229
f 1146/1271/1230 1150/1272/1231 1149/1269/1228
f 1148/1270/1229 1149/1269/1228 1159/1273/1232
f 1149/1269/1228 1151/1274/1233 1159/1273/1232
f 1152/1275/1234 1154/1276/1235 1144/1277/1236
f 1153/1278/1237 1155/1279/1238 1152/1275/1234
f 1155/1279/1238 1147/1280/1239 1154/1276/1235
f 1156/1281/1240 1150/1272/1241 1155/1279/1238
f 1145/645/590 1158/1282/1242 1157/1283/1243
f 1148/1284/1244 1159/1273/1245 1158/1282/1242
f 1157/1283/1243 1156/1281/1240 1153/1278/1237
f 1158/1282/1242 1151/1274/1246 1156/1281/1240
s 1
f 222/25/22 1162/1285/1247 225/1286/1248
f 225/1286/1248 1163/1287/1249 224/1288/1250
f 224/1288/1251 1164/1289/1252 223/1290/1253
f 1164/1289/1252 221/1291/160 223/1290/1253
f 1160/24/21 208/1292/1254 1162/1285/1247
f 1162/1285/1247 209/1293/1255 1163/1287/1249
f 1163/1287/1256 210/1294/1257 1164/1289/1252
f 210/1294/1257 1161/1295/122 1164/1289/1252
f 1165/1296/56 230/1297/1258 227/1298/7
f 1167/1299/1259 229/1300/1260 230/1297/1258
f 1168/1301/1261 228/1302/1262 229/1300/1263
f 228/1302/1262 1166/119/105 226/21/18
f 211/1303/169 1167/1299/1259 1165/1296/56
f 213/1304/1264 1168/1301/1265 1167/1299/1259
f 214/1305/1266 1169/1306/1267 1168/1301/1261
f 1169/1306/1267 212/18/15 1166/119/105
f 1170/129/114 205/1307/1268 202/3/3
f 1172/1308/1269 204/1309/1270 205/1307/1268
f 1173/1310/1271 203/1311/1272 204/1309/1273
f 203/1311/1272 1171/1312/4 201/1313/13
f 222/25/22 1172/1308/1269 1170/129/114
f 225/1286/1248 1173/1310/1274 1172/1308/1269
f 224/1288/1251 1174/1314/1275 1173/1310/1271
f 1174/1314/1275 221/1291/160 1171/1312/4
f 217/1315/138 1177/1316/1276 220/1317/1277
f 220/1317/1277 1178/1318/1278 219/1319/1279
f 219/1319/1280 1179/1320/1281 218/1321/1282
f 1179/1320/1281 216/10/8 218/1321/1282
f 1175/1322/23 230/1297/1258 1177/1316/1276
f 1177/1316/1276 229/1300/1260 1178/1318/1278
f 1178/1318/1283 228/1302/1262 1179/1320/1281
f 228/1302/1262 1176/23/20 1179/1320/1281
f 232/1323/139 1182/1324/1284 235/1325/1285
f 235/1325/1285 1183/1326/1286 234/1327/1287
f 234/1327/1288 1184/1328/1289 233/1329/1290
f 1184/1328/1289 231/29/26 233/1329/1290
f 1180/1330/134 220/1317/1277 1182/1324/1284
f 1182/1324/1284 219/1319/1279 1183/1326/1286
f 1183/1326/1291 218/1321/1282 1184/1328/1289
f 218/1321/1282 1181/12/10 1184/1328/1289
f 206/15/12 1187/1331/1292 208/1292/1254
f 208/1292/1254 1188/1332/1293 209/1293/1255
f 209/1293/1294 1189/1333/1295 210/1294/1257
f 1189/1333/1295 207/1334/32 210/1294/1257
f 1185/14/11 238/1335/1296 1187/1331/1292
f 1187/1331/1292 239/1336/1297 1188/1332/1293
f 1188/1332/1298 240/1337/1299 1189/1333/1295
f 240/1337/1299 1186/1338/30 1189/1333/1295
f 236/44/40 1192/1339/1300 238/1335/1296
f 238/1335/1296 1193/1340/1301 239/1336/1297
f 239/1336/1302 1194/1341/1303 240/1337/1299
f 1194/1341/1303 237/1342/29 240/1337/1299
f 1190/53/48 248/1343/1304 1192/1339/1300
f 1192/1339/1300 249/1344/1305 1193/1340/1301
f 1193/1340/1306 250/1345/1307 1194/1341/1303
f 250/1345/1307 1191/1346/27 1194/1341/1303
f 242/1347/170 1197/1348/1308 245/1349/1309
f 245/1349/1309 1198/1350/1310 244/1351/1311
f 244/1351/1312 1199/1352/1313 243/1353/1314
f 1199/1352/1313 241/39/36 243/1353/1314
f 1195/1354/163 235/1325/1285 1197/1348/1308
f 1197/1348/1308 234/1327/1287 1198/1350/1310
f 1198/1350/1315 233/1329/1290 1199/1352/1313
f 233/1329/1290 1196/37/34 1199/1352/1313
f 1200/170/150 272/1355/1316 269/168/148
f 1202/1356/1317 271/1357/1318 272/1355/1316
f 1203/1358/1319 270/1359/1320 271/1357/1318
f 1204/1360/1321 268/1361/45 270/1359/1320
f 252/725/665 1202/1356/1317 1200/170/150
f 261/724/664 1203/1358/1319 1202/1356/1317
f 255/730/668 1204/1360/1321 1203/1358/1319
f 254/719/659 1201/133/116 1204/1360/1321
f 246/52/47 1207/1362/1322 248/1343/1304
f 248/1343/1304 1208/1363/1323 249/1344/1305
f 249/1344/1324 1209/1364/1325 250/1345/1307
f 250/1345/1307 1206/1365/37 247/1366/39
f 1205/152/133 272/1355/1316 1207/1362/1322
f 1207/1362/1326 271/1357/1318 1208/1363/1323
f 1208/1363/1327 270/1359/1320 1209/1364/1325
f 270/1359/1320 1206/1365/37 1209/1364/1325
f 252/1367/665 1212/1368/1328 259/728/663
f 259/728/663 1213/1369/1329 260/726/666
f 260/726/675 1214/1370/1330 265/733/671
f 265/733/671 1211/46/42 253/48/44
f 1210/1371/149 245/1349/1309 1212/1368/1328
f 1212/1368/1328 244/1351/1311 1213/1369/1329
f 1213/1369/1331 243/1353/1314 1214/1370/1330
f 1214/1370/1330 241/39/36 1211/46/42
f 1215/1372/63 213/1304/1264 211/1303/169
f 1217/1373/1332 214/1305/1333 213/1304/1264
f 1218/1374/1334 215/1375/1335 214/1305/1266
f 215/1375/1335 1216/162/142 212/18/15
f 278/128/113 1217/1376/1332 1215/69/63
f 280/1377/1336 1218/1374/1337 1217/1373/1332
f 281/1378/1338 1219/1379/1339 1218/1374/1334
f 1219/1379/1339 279/58/53 1216/162/142
f 1220/1/1 277/1380/1340 274/177/157
f 1222/1381/1341 276/1382/1342 277/1380/1340
f 1223/1383/1343 275/1384/1344 276/1382/1345
f 275/1385/1344 1221/54/49 273/56/51
f 202/3/3 1222/1381/1341 1220/1/1
f 205/1307/1268 1223/1383/1346 1222/1381/1341
f 204/1309/1273 1224/1386/1347 1223/1383/1343
f 1224/1387/1347 201/16/13 1221/54/49
f 290/752/693 1227/1388/1348 301/750/691
f 301/750/691 1228/1389/1349 302/743/682
f 302/743/682 1229/1390/1350 292/739/678
f 292/739/678 1226/120/106 288/176/156
f 1225/1391/125 285/1392/1351 1227/1388/1348
f 1227/1388/1348 286/1393/1352 1228/1389/1349
f 1228/1389/1349 287/1394/1353 1229/1390/1350
f 1229/1390/1350 284/64/59 1226/120/106
f 1230/144/126 280/1395/1336 278/128/113
f 1232/1396/1354 281/1378/1355 280/1377/1336
f 1233/1397/1356 282/1398/1357 281/1378/1338
f 1234/1399/1358 279/58/53 282/1398/1357
f 290/1400/693 1232/1401/1354 1230/144/126
f 303/751/692 1233/1397/1359 1232/1396/1354
f 297/754/1360 1234/1399/1358 1233/1397/1356
f 296/748/687 1231/66/61 1234/1399/1358
f 1235/146/128 285/1402/1351 283/145/127
f 1237/1403/1361 286/1404/1352 285/1402/1351
f 1238/1405/1362 287/1406/1353 286/1404/1352
f 287/1394/1353 1236/62/57 284/64/59
f 274/177/157 1237/1403/1361 1235/146/128
f 277/1380/1340 1238/1405/1363 1237/1403/1361
f 276/1382/1345 1239/1407/1364 1238/1405/1362
f 275/1385/1344 1236/62/57 1239/1408/1364
f 1240/142/124 330/1409/1365 327/71/64
f 1242/1410/1366 329/1411/1367 330/1409/1365
f 1243/1412/1368 328/1413/1369 329/1411/1367
f 1244/1414/1370 326/190/168 328/1413/1369
f 311/91/82 1242/1410/1366 1240/142/124
f 313/1415/1371 1243/1412/1368 1242/1410/1366
f 314/1416/1372 1244/1414/1370 1243/1412/1368
f 315/1417/1373 1241/189/167 1244/1414/1370
f 332/85/76 1247/1418/1374 335/1419/1375
f 335/1419/1375 1248/1420/1376 334/1421/1377
f 334/1421/1377 1249/1422/1378 333/1423/1379
f 333/1423/1379 1246/123/109 331/126/112
f 1245/84/75 318/1424/1380 1247/1418/1374
f 1247/1418/1374 319/1425/1381 1248/1420/1376
f 1248/1420/1376 320/1426/1382 1249/1422/1378
f 1249/1422/1378 317/124/110 1246/123/109
f 307/81/72 1252/1427/1383 310/1428/1384
f 310/1428/1384 1253/1429/1385 309/1430/1386
f 309/1430/1386 1254/1431/1387 308/1432/1388
f 308/1432/1388 1251/140/123 306/106/95
f 1250/72/65 330/1409/1365 1252/1427/1383
f 1252/1427/1383 329/1411/1367 1253/1429/1385
f 1253/1429/1385 328/1413/1369 1254/1431/1387
f 1254/1431/1387 326/190/168 1251/140/123
f 1255/86/77 325/1433/1389 322/125/111
f 1257/1434/1390 324/1435/1391 325/1433/1389
f 1258/1436/1392 323/1437/1393 324/1435/1391
f 1259/1438/1394 321/181/161 323/1437/1393
f 332/85/76 1257/1434/1390 1255/86/77
f 335/1419/1375 1258/1436/1392 1257/1434/1390
f 334/1421/1377 1259/1438/1394 1258/1436/1392
f 333/1423/1379 1256/161/141 1259/1438/1394
f 1260/77/69 340/1439/1395 337/155/135
f 1262/1440/1396 339/1441/1397 340/1439/1395
f 1263/1442/1398 338/1443/1399 339/1441/1397
f 1264/1444/1400 336/78/70 338/1443/1399
f 322/125/111 1262/1440/1396 1260/77/69
f 325/1433/1389 1263/1442/1398 1262/1440/1396
f 324/1435/1391 1264/1444/1400 1263/1442/1398
f 323/1437/1393 1261/94/85 1264/1444/1400
f 1265/92/83 313/1415/1371 311/91/82
f 1267/1445/1401 314/1416/1372 313/1415/1371
f 1268/1446/1402 315/1417/1373 314/1416/1372
f 1269/1447/1403 312/188/166 315/1417/1373
f 341/97/87 1267/1445/1401 1265/92/83
f 343/1448/1404 1268/1446/1402 1267/1445/1401
f 344/1449/1405 1269/1447/1403 1268/1446/1402
f 345/1450/1406 1266/74/67 1269/1447/1403
f 1270/98/88 343/1448/1404 341/97/87
f 1272/1451/1407 344/1449/1405 343/1448/1404
f 1273/1452/1408 345/1450/1406 344/1449/1405
f 1274/1453/1409 342/138/121 345/1450/1406
f 351/102/91 1272/1451/1407 1270/98/88
f 353/1454/1410 1273/1452/1408 1272/1451/1407
f 354/1455/1411 1274/1453/1409 1273/1452/1408
f 355/1456/1412 1271/182/162 1274/1453/1409
f 1275/93/84 350/1457/1413 347/185/164
f 1277/1458/1414 349/1459/1415 350/1457/1413
f 1278/1460/1416 348/1461/1417 349/1459/1415
f 1279/1462/1418 346/101/90 348/1461/1417
f 337/155/135 1277/1458/1414 1275/93/84
f 340/1439/1395 1278/1460/1416 1277/1458/1414
f 339/1441/1397 1279/1462/1418 1278/1460/1416
f 338/1443/1399 1276/80/71 1279/1462/1418
f 374/187/165 1282/1463/1419 377/1464/1420
f 377/1464/1420 1283/1465/1421 376/1466/1422
f 376/1466/1422 1284/1467/1423 375/1468/1424
f 375/1468/1424 1281/172/152 373/174/154
f 1280/137/120 360/756/698 1282/1469/1419
f 1282/1463/1419 369/762/702 1283/1465/1421
f 1283/1465/1421 368/768/711 1284/1467/1423
f 1284/1467/1423 358/173/153 1281/172/152
f 1285/104/93 353/1454/1410 351/102/91
f 1287/1470/1425 354/1455/1411 353/1454/1410
f 1288/1471/1426 355/1456/1412 354/1455/1411
f 1289/1472/1427 352/179/159 355/1456/1412
f 374/187/165 1287/1470/1425 1285/104/93
f 377/1464/1420 1288/1471/1426 1287/1470/1425
f 376/1466/1422 1289/1472/1427 1288/1471/1426
f 375/1468/1424 1286/156/136 1289/1472/1427
f 1290/99/89 364/766/706 357/105/94
f 1292/1473/1428 365/771/714 364/766/706
f 1293/1474/1429 370/769/712 365/771/714
f 1294/1475/1430 358/173/153 370/769/712
f 347/185/164 1292/1473/1428 1290/99/89
f 350/1457/1413 1293/1474/1429 1292/1473/1428
f 349/1459/1415 1294/1475/1430 1293/1474/1429
f 348/1461/1417 1291/171/151 1294/1475/1430
f 316/88/79 1297/1476/1431 318/1424/1380
f 318/1424/1380 1298/1477/1432 319/1425/1381
f 319/1425/1381 1299/1478/1433 320/1426/1382
f 320/1426/1382 1296/166/146 317/124/110
f 1295/109/96 385/1479/1434 1297/1476/1431
f 1297/1476/1431 386/1480/1435 1298/1477/1432
f 1298/1477/1432 387/1481/1436 1299/1478/1433
f 1299/1478/1433 384/130/115 1296/166/146
f 379/111/98 1302/1482/1437 382/1483/1438
f 382/1483/1438 1303/1484/1439 381/1485/1440
f 381/1485/1440 1304/1486/1441 380/1487/1442
f 380/1487/1442 1301/115/101 378/114/100
f 1300/82/73 310/1428/1384 1302/1482/1437
f 1302/1482/1437 309/1430/1386 1303/1484/1439
f 1303/1484/1439 308/1432/1388 1304/1486/1441
f 1304/1486/1441 306/106/95 1301/115/101
f 1305/122/108 396/774/718 393/178/158
f 1307/1488/1443 397/783/728 396/774/718
f 1308/1489/1444 403/779/724 397/783/728
f 1309/1490/1445 394/780/725 403/779/724
f 388/118/104 1307/1488/1443 1305/122/108
f 390/1491/1446 1308/1489/1444 1307/1488/1443
f 391/1492/1447 1309/1490/1445 1308/1489/1444
f 392/1493/1448 1306/150/132 1309/1490/1445
f 383/110/97 1312/1494/1449 385/1479/1434
f 385/1479/1434 1313/1495/1450 386/1480/1435
f 386/1480/1435 1314/1496/1451 387/1481/1436
f 387/1481/1436 1311/149/131 384/130/115
f 1310/116/102 407/786/732 1312/1494/1449
f 1312/1494/1449 402/781/726 1313/1495/1450
f 1313/1495/1450 401/778/723 1314/1496/1451
f 1314/1496/1451 394/780/725 1311/149/131
f 388/118/104 1317/1497/1452 390/1491/1446
f 390/1491/1446 1318/1498/1453 391/1492/1447
f 391/1492/1447 1319/1499/1454 392/1493/1448
f 392/1493/1448 1316/148/130 389/147/129
f 1315/112/99 382/1483/1438 1317/1497/1452
f 1317/1497/1452 381/1485/1440 1318/1498/1453
f 1318/1498/1453 380/1487/1442 1319/1499/1454
f 1319/1499/1454 378/114/100 1316/148/130
f 395/117/103 1322/1500/1455 406/1501/733
f 406/773/1456 1321/175/155 393/178/158
f 1320/67/62 298/747/1457 1322/1500/1455
s 28
f 1322/1502/1458 298/1503/1459 291/740/1459
s 1
f 1322/1504/1460 288/176/156 1321/175/155
f 1323/47/43 264/1505/1461 253/48/44
f 1325/1506/1462 251/716/656 264/718/658
f 357/105/94 1325/1507/1463 1323/47/43
f 359/1508/699 1324/134/117 1325/1506/1462
s 2
f 532/259/236 1328/1509/1464 544/938/884
f 544/938/884 1329/1510/1465 545/928/874
f 1329/1510/1465 535/925/871 545/928/874
f 1330/1511/1466 530/242/219 535/925/871
f 1326/258/235 553/945/890 1328/1509/1464
f 1328/1509/1464 563/948/893 1329/1510/1465
f 563/948/893 1330/1511/1466 1329/1510/1465
f 562/956/901 1327/260/237 1330/1511/1466
f 1331/252/229 557/951/896 549/253/230
f 1333/1512/1467 558/953/898 557/951/896
f 558/953/898 1335/1513/1468 564/957/902
f 564/957/902 1332/239/217 550/300/277
f 567/230/208 1333/1512/1467 1331/252/229
f 572/961/906 1334/1514/1469 1333/1512/1467
f 1334/1514/1469 581/974/919 1335/1513/1468
f 1335/1513/1468 569/267/244 1332/239/217
s 3
f 1336/287/264 576/1515/914 568/298/275
f 1338/1516/1470 577/1517/1471 576/1515/914
s 2
f 577/977/922 1339/1518/1472 583/975/920
f 1339/1518/1472 569/267/244 583/975/920
s 3
f 1336/287/264 541/932/878 1338/1516/1470
f 1338/1516/1470 534/936/882 1339/1519/1473
s 2
f 1339/1520/1472 534/926/1474 533/924/870
f 1339/1518/1472 530/242/219 1337/241/218
f 200/297/274 1342/1521/1475 525/919/864
f 525/919/864 1343/1522/1476 526/908/852
f 1343/1522/1476 517/905/849 526/908/852
f 1344/1523/1477 513/279/256 517/905/849
f 1340/294/271 559/952/897 1342/1521/1475
f 1342/1521/1475 552/946/891 1343/1522/1476
f 552/946/891 1344/1523/1477 1343/1522/1476
f 551/944/889 1341/273/250 1344/1523/1477
s 3
f 1345/248/225 539/933/879 531/288/265
f 1347/1524/1478 540/1525/1479 539/933/879
s 2
f 540/1525/887 1348/1526/1480 546/1527/885
f 1348/1528/1480 532/259/236 546/939/885
s 3
f 1345/248/225 522/912/856 1347/1524/1478
f 1347/1524/1478 516/917/860 1348/1529/1481
s 2
f 1348/1529/1480 516/917/850 515/1530/848
f 1348/1528/1480 513/279/256 1346/227/205
s 3
f 1349/249/226 520/1531/857 514/250/227
f 1351/1532/1482 521/922/1483 520/913/857
s 2
f 521/922/867 1352/1533/1484 527/920/865
f 1352/1533/1484 200/297/1485 527/920/865
s 3
f 1349/249/226 578/968/913 1351/1534/1482
f 1351/1532/1482 571/962/917 1352/1535/1486
s 2
f 1352/1535/1484 571/962/907 570/960/905
f 1352/1533/1484 567/230/208 1350/229/207
f 436/207/185 1355/1536/1487 439/1537/1488
f 439/1537/1488 1356/1538/1489 1813/1539/1490
f 1813/1539/1491 1357/1540/1492 441/1541/1493
f 441/1541/1493 1354/245/222 437/312/289
f 410/165/145 1355/1536/1487 1353/163/143
f 415/789/737 1356/1538/1489 1355/1536/1487
f 422/792/740 1357/1540/1492 1356/1538/1489
f 423/801/748 1354/245/222 1357/1540/1492
f 1358/257/234 454/1542/1494 447/214/192
f 1360/1543/1495 1814/830/1496 454/1542/1494
f 1361/1544/1497 449/826/771 1814/830/1496
f 1362/1545/1498 445/315/292 449/826/771
f 1358/257/234 423/802/748 1360/1543/1495
f 1360/1543/1495 419/796/744 1361/1544/1497
f 1361/1544/1497 418/793/741 1362/1545/1498
f 1362/1545/1498 411/795/743 1359/235/213
f 1363/313/290 441/1546/1493 437/312/289
f 1365/1547/1499 442/824/1500 441/1546/1493
f 1366/1548/1501 444/819/1502 442/824/1500
f 1367/1549/1503 438/232/210 444/819/1502
f 1363/313/290 454/1550/1494 1365/1547/1499
f 1365/1547/1499 452/835/1504 1366/1548/1501
f 1366/1548/1501 451/834/778 1367/1549/1503
f 1367/1549/1503 446/831/777 1364/246/223
f 465/296/273 1370/1551/1505 468/850/797
f 468/850/797 1371/1552/1506 469/861/799
f 469/861/799 1372/1553/1507 473/860/806
f 473/860/806 1369/277/254 466/318/295
f 425/219/197 1370/1551/1505 1368/217/195
f 429/804/750 1371/1552/1506 1370/1551/1505
f 433/807/1508 1372/1553/1507 1371/1552/1506
f 434/1554/1509 1369/277/254 1372/1553/1507
f 479/270/247 1375/1555/1510 487/867/810
f 487/867/1511 1376/1556/1512 1816/1557/1513
f 1816/1557/1513 1377/1558/1514 485/1559/1515
f 485/1559/1515 1374/334/310 480/204/182
f 467/261/238 1375/1555/1510 1373/271/248
f 477/863/809 1376/1556/1512 1375/1555/1510
f 472/857/804 1377/1558/1514 1376/1556/1512
f 473/859/806 1374/334/310 1377/1558/1514
f 1378/206/184 485/1560/1515 480/204/182
f 1380/1561/1516 484/875/1517 485/1560/1515
f 1381/1562/1518 487/873/1519 484/875/1517
f 1382/1563/1520 481/268/245 487/873/818
f 1378/206/184 434/1564/1509 1380/1561/1516
f 1380/1561/1516 433/1565/1521 1381/1562/1518
f 1381/1562/1518 432/1566/753 1382/1563/1520
f 1382/1563/1520 426/808/752 1379/263/240
f 1383/255/232 462/1567/1522 457/193/171
f 1385/1568/1523 1386/1569/1524 1815/844/1525
f 1386/1569/1524 459/840/785 1815/844/1525
f 1387/1570/1526 455/340/316 459/840/785
f 1383/255/232 496/886/1527 1385/1568/1523
f 1385/1568/1523 492/887/824 1386/1569/1524
f 1386/1569/1524 491/876/822 1387/1570/1526
f 1387/1570/1526 488/291/268 1384/293/270
f 1388/324/300 496/883/1527 489/278/255
f 1390/1571/1528 497/891/829 496/883/1527
f 1391/1572/1529 501/889/832 497/891/829
f 1392/1573/1530 490/283/260 501/889/832
f 1388/324/300 509/1574/1531 1390/1571/1528
f 1390/1571/1528 1812/1575/1532 1391/1572/1529
f 1391/1572/1529 506/892/1533 1392/1573/1530
f 1392/1573/1530 503/196/174 1389/198/176
f 1393/338/314 509/1576/1531 504/325/301
f 1395/1577/1534 510/902/1535 509/1576/1531
f 1396/1578/1536 512/899/843 510/902/1535
f 1397/1579/1537 505/290/267 512/899/843
f 1393/338/314 462/1580/1522 1395/1577/1534
f 1395/1577/1534 463/848/1538 1396/1578/1536
f 1396/1578/1536 460/849/792 1397/1579/1537
f 1397/1579/1537 456/845/791 1394/284/261
f 587/992/307 1400/1581/1539 598/990/941
f 598/990/941 1401/1582/1540 599/984/930
f 599/984/930 1402/1583/1541 589/980/926
f 589/980/926 1399/281/258 585/978/924
f 1398/1584/306 613/1003/955 1400/1581/1539
f 1400/1581/1539 607/997/949 1401/1582/1540
f 1401/1582/1540 606/995/947 1402/1583/1541
f 606/995/947 1399/281/258 1402/1583/1541
f 1403/305/282 624/1014/964 621/316/293
f 1405/1585/1542 625/1024/974 624/1014/964
f 1406/1586/1543 632/1020/971 625/1024/974
f 1407/1587/1544 622/1021/200 632/1020/971
f 605/304/281 1405/1585/1542 1403/305/282
f 618/1010/960 1406/1586/1543 1405/1585/1542
f 612/1005/956 1407/1587/1544 1406/1586/1543
f 611/1002/954 1404/1588/198 1407/1587/1544
f 1408/306/283 593/988/934 586/307/284
f 1410/1589/1545 594/994/944 593/988/934
f 1411/1590/1546 600/991/942 594/994/944
f 1412/1591/1547 587/992/307 600/991/942
f 1408/306/283 636/1027/977 1410/1589/1545
f 1410/1589/1545 631/1022/972 1411/1590/1546
f 1411/1590/1546 630/1019/970 1412/1591/1547
f 1412/1591/1547 622/1021/200 1409/1592/199
f 1413/1593/297 652/1041/993 641/1043/296
f 1415/1594/1548 653/1033/985 652/1041/993
f 1416/1595/1549 644/1029/981 653/1033/985
f 1417/1596/1550 639/1030/982 644/1029/981
f 658/1055/299 1415/1594/1548 1413/1593/297
f 668/1054/1006 1416/1595/1549 1415/1594/1548
f 661/1058/1010 1417/1596/1550 1416/1595/1549
f 660/1048/998 1414/224/202 1417/1596/1550
f 676/1078/312 1420/1597/1551 687/1076/1031
f 687/1076/1031 1421/1598/1552 688/1070/1024
f 688/1070/1024 1422/1599/1553 678/1066/1020
f 678/1066/1020 1419/210/188 674/1064/1018
f 1418/1600/311 654/1042/994 1420/1597/1551
f 1420/1597/1551 648/1038/990 1421/1598/1552
f 1421/1598/1552 647/1036/988 1422/1599/1553
f 1422/1599/1553 640/310/287 1419/210/188
f 1423/309/286 682/1074/1028 675/311/288
f 1425/1601/1554 683/1080/1034 682/1074/1028
f 1426/1602/1555 689/1077/1032 683/1080/1034
f 1427/1603/1556 676/1078/312 689/1077/1032
f 1423/309/286 672/1061/1013 1425/1601/1554
f 1425/1601/1554 667/1056/1007 1426/1602/1555
f 1426/1602/1555 666/1053/1005 1427/1603/1556
f 1427/1603/1556 658/1055/299 1424/1604/298
f 1428/329/305 695/1083/1037 692/341/317
f 1430/1605/1557 696/1092/1045 695/1083/1037
f 1431/1606/1558 702/1093/1042 696/1092/1045
f 1432/1607/1559 693/1089/191 702/1088/1042
f 709/1101/1054 1430/1605/1557 1428/329/305
f 714/1100/1053 1431/1606/1558 1430/1605/1557
f 723/1104/1057 1432/1607/1559 1431/1606/1558
f 722/1112/1065 1429/1608/181 1432/1607/1559
f 710/301/278 1435/1609/1560 717/1107/1060
f 717/1107/1060 1436/1610/1561 718/1109/1062
f 718/1109/1062 1437/1611/1562 724/1113/1066
f 724/1113/1066 1434/1612/302 711/1114/179
f 1433/200/178 732/1119/1070 1435/1609/1560
f 1435/1609/1560 740/1123/1074 1436/1610/1561
f 1436/1610/1561 739/1130/1083 1437/1611/1562
f 1437/1611/1562 729/1132/303 1434/1612/302
f 1438/303/280 735/1128/1080 728/302/279
f 1440/1613/1563 736/1134/1087 735/1128/1080
f 1441/1614/1564 741/1131/1084 736/1134/1087
f 1442/1615/1565 729/1132/303 741/1131/1084
f 1438/303/280 706/1097/1049 1440/1613/1563
f 1440/1613/1563 701/1090/1043 1441/1614/1564
f 1441/1614/1564 700/1087/1041 1442/1615/1565
f 1442/1615/1565 693/1089/191 1439/1616/190
f 1443/164/144 413/788/736 410/165/145
f 1445/1617/1566 414/790/1567 413/788/736
f 1446/1618/1568 420/794/742 414/790/1567
f 1447/1619/1569 411/795/743 420/794/742
f 603/317/294 1445/1617/1566 1443/164/144
f 608/996/948 1446/1618/1568 1445/1617/1566
f 617/999/951 1447/1619/1569 1446/1618/1568
f 616/1009/959 1444/236/214 1447/1619/1569
f 623/308/285 1450/1620/1570 635/1621/978
f 635/1017/968 1451/1622/1571 626/1013/966
f 626/1013/963 1449/314/291 621/316/293
f 1448/247/224 453/833/779 1450/1620/1570
f 1450/1623/1571 448/825/1572 1451/1622/1571
f 1451/1622/1573 445/315/292 1449/314/291
f 1452/218/196 428/803/749 425/219/197
s 29
f 428/812/1574 1454/1624/1575 431/810/1576
s 2
f 431/810/754 1453/264/241 426/808/752
f 1452/218/196 662/1047/997 1454/1625/1577
f 1454/1625/1577 662/1047/997 671/1050/1578
f 1454/1626/1579 671/1050/1580 670/1062/1581
f 670/1062/1581 1453/264/241 1454/1624/1579
f 674/1064/1018 1457/1627/1582 677/1067/1583
f 677/1067/1021 1458/1628/1584 684/1629/1585
f 1458/1630/1586 675/311/288 684/1073/1027
f 1455/209/187 482/866/811 1457/1627/1582
f 1457/1627/1587 486/871/1588 1458/1628/1584
f 486/872/817 1456/269/246 1458/1630/1586
f 490/283/260 1461/1631/1589 499/888/831
f 1461/1631/1589 500/881/1590 499/888/831
f 1462/1632/1591 493/877/823 500/881/1590
f 1463/1633/1592 488/291/268 493/877/823
f 1459/282/259 719/1108/1061 1461/1631/1589
f 1461/1631/1589 713/1102/1055 1462/1632/1591
f 713/1102/1055 1463/1633/1592 1462/1632/1591
f 712/1099/1052 1460/328/304 1463/1633/1592
f 694/1095/1047 1466/1634/1593 705/1635/1050
f 1466/1636/1594 692/341/317 705/1082/1036
f 1464/285/262 461/847/793 1466/1634/1593
s 30
f 1466/1637/1595 461/841/1595 458/839/1595
s 2
f 458/839/1596 1465/339/315 1466/1636/1594
f 585/978/924 1469/1638/1597 588/1639/927
f 588/1639/938 1469/1638/1597 1470/1640/1598
f 588/981/938 1470/1641/1598 595/987/936
f 1470/1641/1599 586/307/284 595/987/933
f 1467/280/257 443/815/1600 1469/1638/1597
f 1469/1638/1597 443/820/1600 1470/1640/1598
f 443/818/1601 1468/234/212 1470/1641/1599
f 1471/262/239 475/862/808 467/261/238
f 1473/1642/1602 476/855/1603 475/862/808
f 476/855/1603 1475/1643/1604 470/851/798
f 1475/1643/1604 465/296/273 470/851/798
f 640/310/287 1473/1642/1602 1471/262/239
f 1473/1642/1602 643/1031/983 1474/1644/1605
f 1474/1644/1605 642/1028/980 1475/1643/1604
f 642/1028/980 1472/223/201 1475/1643/1604
f 1476/289/266 511/898/842 505/290/267
s 31
f 511/897/1606 1479/1645/1607 507/893/1608
s 2
f 1479/1645/1609 503/196/174 507/893/1610
f 728/302/279 1478/1646/1611 1476/289/266
f 1478/1646/1611 737/1127/1079 731/1121/1612
s 31
f 731/1121/1613 1479/1645/1607 1478/1647/1614
s 2
f 1479/1645/1609 727/1117/1068 1477/199/177
s 4
f 764/366/339 1482/1648/1615 767/1649/1616
f 767/1650/1616 1483/1651/1617 766/1652/1618
f 766/1652/1619 1484/1653/1620 765/1654/1621
f 1484/1653/1620 763/521/477 765/1654/1621
f 1480/365/338 750/1655/1622 1482/1648/1615
f 1482/1656/1615 751/1657/1623 1483/1651/1617
f 1483/1651/1624 752/1658/1625 1484/1653/1620
f 752/1658/1625 1481/480/439 1484/1653/1620
f 1485/402/372 772/1659/1626 769/349/324
f 1487/1660/1627 771/1661/1628 772/1659/1626
f 1488/1662/1629 770/1663/1630 771/1661/1631
f 770/1664/1630 1486/460/422 768/362/335
f 753/530/486 1487/1660/1627 1485/402/372
f 755/1665/1632 1488/1662/1633 1487/1660/1627
f 756/1666/1634 1489/1667/1635 1488/1662/1629
f 1489/1668/1635 754/359/332 1486/460/422
f 1490/470/431 747/1669/1636 744/344/320
f 1492/1670/1637 746/1671/1638 747/1672/1636
f 1493/1673/1639 745/1674/1640 746/1671/1641
f 745/1674/1640 1491/345/321 743/357/330
f 764/366/339 1492/1675/1637 1490/470/431
f 767/1650/1616 1493/1673/1642 1492/1670/1637
f 766/1652/1619 1494/1676/1643 1493/1673/1639
f 1494/1676/1643 763/521/477 1491/345/321
f 759/499/456 1497/1677/1644 762/1678/1645
f 762/1678/1645 1498/1679/1646 761/1680/1647
f 761/1680/1648 1499/1681/1649 760/1682/1650
f 1499/1683/1649 758/351/325 760/1684/1650
f 1495/367/340 772/1659/1626 1497/1677/1644
f 1497/1677/1644 771/1661/1628 1498/1679/1646
f 1498/1679/1651 770/1663/1630 1499/1681/1649
f 770/1664/1630 1496/364/337 1499/1683/1649
f 774/500/457 1502/1685/1652 777/1686/1653
f 777/1686/1653 1503/1687/1654 776/1688/1655
f 776/1688/1656 1504/1689/1657 775/1690/1658
f 1504/1691/1657 773/370/342 775/1692/1658
f 1500/494/452 762/1678/1645 1502/1685/1652
f 1502/1685/1652 761/1680/1647 1503/1687/1654
f 1503/1687/1659 760/1682/1650 1504/1689/1657
f 760/1684/1650 1501/353/327 1504/1691/1657
f 748/356/329 1507/1693/1660 750/1655/1622
f 750/1694/1622 1508/1695/1661 751/1657/1623
f 751/1657/1662 1509/1696/1663 752/1658/1625
f 1509/1696/1663 749/376/348 752/1658/1625
f 1505/355/328 780/1697/1664 1507/1693/1660
f 1507/1698/1660 781/1699/1665 1508/1695/1661
f 1508/1695/1666 782/1700/1667 1509/1696/1663
f 782/1700/1667 1506/374/346 1509/1696/1663
f 778/1701/356 1512/1702/1668 780/1703/1664
f 780/1703/1664 1513/1704/1669 781/1699/1665
f 781/1699/1670 1514/1705/1671 782/1700/1667
f 1514/1705/1671 779/373/345 782/1700/1667
f 1510/1706/364 790/1707/1672 1512/1702/1668
f 1512/1702/1668 791/1708/1673 1513/1704/1669
f 1513/1704/1674 792/1709/1675 1514/1705/1671
f 792/1709/1675 1511/371/343 1514/1705/1671
f 784/531/487 1517/1710/1676 787/1711/1677
f 787/1711/1677 1518/1712/1678 786/1713/1679
f 786/1713/1680 1519/1714/1681 785/1715/1682
f 1519/1714/1681 783/1716/352 785/1715/1682
f 1515/524/480 777/1686/1653 1517/1710/1676
f 1517/1710/1676 776/1688/1655 1518/1712/1678
f 1518/1712/1683 775/1690/1658 1519/1714/1681
f 775/1690/1658 1516/1717/350 1519/1714/1681
f 1520/1718/467 814/1719/1684 811/1720/465
f 1522/1721/1685 813/1722/1686 814/1719/1684
f 1523/1723/1687 812/1724/1688 813/1722/1686
f 1524/1725/1689 810/390/361 812/1724/1688
f 794/1726/1097 1522/1721/1685 1520/1718/467
f 803/1149/1096 1523/1723/1687 1522/1721/1685
f 797/1148/1100 1524/1725/1689 1523/1723/1687
f 796/1138/1091 1521/474/433 1524/1725/1689
f 788/1727/363 1527/1728/1690 790/1707/1672
f 790/1707/1672 1528/1729/1691 791/1708/1673
f 791/1708/1692 1529/1730/1693 792/1709/1675
f 792/1709/1675 1526/381/353 789/383/355
f 1525/1731/451 814/1719/1684 1527/1728/1690
f 1527/1728/1694 813/1722/1686 1528/1729/1691
f 1528/1729/1695 812/1724/1688 1529/1730/1693
f 812/1724/1688 1526/381/353 1529/1730/1693
f 794/1144/1097 1532/1732/1696 801/1142/1095
f 801/1142/1095 1533/1733/1697 802/1145/1098
f 802/1145/1107 1534/1734/1698 807/1153/1103
f 807/1153/1103 1531/1735/358 795/1151/360
f 1530/510/466 787/1711/1677 1532/1732/1696
f 1532/1732/1696 786/1713/1679 1533/1733/1697
f 1533/1733/1699 785/1715/1682 1534/1734/1698
f 1534/1734/1698 783/1716/352 1531/1735/358
f 1535/410/379 755/1665/1632 753/530/486
f 1537/1736/1700 756/1666/1701 755/1665/1632
f 1538/1737/1702 757/1738/1703 756/1666/1634
f 757/1739/1703 1536/503/459 754/359/332
f 820/469/430 1537/1736/1700 1535/410/379
f 822/1740/1704 1538/1737/1705 1537/1736/1700
f 823/1741/1706 1539/1742/1707 1538/1737/1702
f 1539/1743/1707 821/399/369 1536/503/459
f 1540/342/318 819/1744/1708 816/518/474
f 1542/1745/1709 818/1746/1710 819/1747/1708
f 1543/1748/1711 817/1749/1712 818/1746/1713
f 817/1749/1712 1541/395/365 815/397/367
f 744/344/320 1542/1750/1709 1540/342/318
f 747/1672/1636 1543/1748/1714 1542/1745/1709
f 746/1671/1641 1544/1751/1715 1543/1748/1711
f 1544/1751/1715 743/357/330 1541/395/365
f 832/1174/1125 1547/1752/1716 843/1172/1123
f 843/1753/1123 1548/1754/1717 844/1164/1114
f 844/1164/1114 1549/1755/1718 834/1159/1110
f 834/1159/1110 1546/461/423 830/517/473
f 1545/484/442 827/1756/1719 1547/1752/1716
f 1547/1757/1716 828/1758/1720 1548/1754/1717
f 1548/1754/1717 829/1759/1721 1549/1755/1718
f 1549/1755/1718 826/405/375 1546/461/423
f 1550/485/443 822/1740/1704 820/469/430
f 1552/1760/1722 823/1741/1723 822/1740/1704
f 1553/1761/1724 824/1762/1725 823/1741/1706
f 1554/1763/1726 821/399/369 824/1764/1725
f 832/1174/1125 1552/1760/1722 1550/485/443
f 845/1173/1124 1553/1761/1727 1552/1760/1722
f 839/1177/1728 1554/1765/1726 1553/1761/1724
f 838/1766/1119 1551/407/377 1554/1763/1726
f 1555/487/445 827/1756/1719 825/486/444
f 1557/1767/1729 828/1758/1720 827/1768/1719
f 1558/1769/1730 829/1759/1721 828/1758/1720
f 829/1759/1721 1556/403/373 826/405/375
f 816/518/474 1557/1770/1729 1555/487/445
f 819/1747/1708 1558/1769/1731 1557/1767/1729
f 818/1746/1713 1559/1771/1732 1558/1769/1730
f 817/1749/1712 1556/403/373 1559/1771/1732
f 1560/483/441 872/1772/1733 869/412/380
f 1562/1773/1734 871/1774/1735 872/1772/1733
f 1563/1775/1736 870/1776/1737 871/1774/1735
f 1564/1777/1738 868/529/485 870/1776/1737
f 853/432/398 1562/1773/1734 1560/483/441
f 855/1778/1739 1563/1775/1736 1562/1773/1734
f 856/1779/1740 1564/1777/1738 1563/1775/1736
f 857/1780/1741 1561/528/484 1564/1777/1738
f 874/426/392 1567/1781/1742 877/1782/1743
f 877/1782/1743 1568/1783/1744 876/1784/1745
f 876/1784/1745 1569/1785/1746 875/1786/1747
f 875/1786/1747 1566/464/426 873/467/429
f 1565/425/391 860/1787/1748 1567/1781/1742
f 1567/1781/1742 861/1788/1749 1568/1783/1744
f 1568/1783/1744 862/1789/1750 1569/1785/1746
f 1569/1785/1746 859/465/427 1566/464/426
f 849/422/388 1572/1790/1751 852/1791/1752
f 852/1791/1752 1573/1792/1753 851/1793/1754
f 851/1793/1754 1574/1794/1755 850/1795/1756
f 850/1795/1756 1571/481/440 848/447/412
f 1570/413/381 872/1772/1733 1572/1790/1751
f 1572/1790/1751 871/1774/1735 1573/1792/1753
f 1573/1792/1753 870/1776/1737 1574/1794/1755
f 1574/1794/1755 868/529/485 1571/481/440
f 1575/427/393 867/1796/1757 864/466/428
f 1577/1797/1758 866/1798/1759 867/1796/1757
f 1578/1799/1760 865/1800/1761 866/1798/1759
f 1579/1801/1762 863/522/478 865/1800/1761
f 874/426/392 1577/1797/1758 1575/427/393
f 877/1782/1743 1578/1799/1760 1577/1797/1758
f 876/1784/1745 1579/1801/1762 1578/1799/1760
f 875/1786/1747 1576/502/458 1579/1801/1762
f 1580/418/385 882/1802/1763 879/496/453
f 1582/1803/1764 881/1804/1765 882/1802/1763
f 1583/1805/1766 880/1806/1767 881/1804/1765
f 1584/1807/1768 878/419/386 880/1806/1767
f 864/466/428 1582/1803/1764 1580/418/385
f 867/1796/1757 1583/1805/1766 1582/1803/1764
f 866/1798/1759 1584/1807/1768 1583/1805/1766
f 865/1800/1761 1581/435/401 1584/1807/1768
f 1585/433/399 855/1778/1739 853/432/398
f 1587/1808/1769 856/1779/1740 855/1778/1739
f 1588/1809/1770 857/1780/1741 856/1779/1740
f 1589/1810/1771 854/527/483 857/1780/1741
f 883/438/403 1587/1808/1769 1585/433/399
f 885/1811/1772 1588/1809/1770 1587/1808/1769
f 886/1812/1773 1589/1810/1771 1588/1809/1770
f 887/1813/1774 1586/415/383 1589/1810/1771
f 1590/439/404 885/1811/1772 883/438/403
f 1592/1814/1775 886/1812/1773 885/1811/1772
f 1593/1815/1776 887/1813/1774 886/1812/1773
f 1594/1816/1777 884/479/438 887/1813/1774
f 893/443/408 1592/1814/1775 1590/439/404
f 895/1817/1778 1593/1815/1776 1592/1814/1775
f 896/1818/1779 1594/1816/1777 1593/1815/1776
f 897/1819/1780 1591/523/479 1594/1816/1777
f 1595/434/400 892/1820/1781 889/525/481
f 1597/1821/1782 891/1822/1783 892/1820/1781
f 1598/1823/1784 890/1824/1785 891/1822/1783
f 1599/1825/1786 888/442/407 890/1824/1785
f 879/496/453 1597/1821/1782 1595/434/400
f 882/1802/1763 1598/1823/1784 1597/1821/1782
f 881/1804/1765 1599/1825/1786 1598/1823/1784
f 880/1806/1767 1596/421/387 1599/1825/1786
f 916/526/482 1602/1826/1787 919/1827/1788
f 919/1827/1788 1603/1828/1789 918/1829/1790
f 918/1829/1790 1604/1830/1791 917/1831/1792
f 917/1831/1792 1601/513/469 915/515/471
f 1600/478/437 901/1179/1130 1602/1826/1787
f 1602/1826/1787 911/1183/1134 1603/1828/1789
f 1603/1828/1789 910/1189/1142 1604/1830/1791
f 1604/1830/1791 900/514/470 1601/513/469
f 1605/445/410 895/1817/1778 893/443/408
f 1607/1832/1793 896/1818/1779 895/1817/1778
f 1608/1833/1794 897/1819/1780 896/1818/1779
f 1609/1834/1795 894/520/476 897/1819/1780
f 916/526/482 1607/1832/1793 1605/445/410
f 919/1827/1788 1608/1833/1794 1607/1832/1793
f 918/1829/1790 1609/1834/1795 1608/1833/1794
f 917/1831/1792 1606/497/454 1609/1834/1795
f 1610/440/405 905/1187/1138 899/446/411
f 1612/1835/1796 906/1192/1145 905/1187/1138
f 1613/1836/1797 912/1190/1143 906/1192/1145
f 1614/1837/1798 900/514/470 912/1190/1143
f 889/525/481 1612/1835/1796 1610/440/405
f 892/1820/1781 1613/1836/1797 1612/1835/1796
f 891/1822/1783 1614/1837/1798 1613/1836/1797
f 890/1824/1785 1611/512/468 1614/1837/1798
f 858/429/395 1617/1838/1799 860/1787/1748
f 860/1787/1748 1618/1839/1800 861/1788/1749
f 861/1788/1749 1619/1840/1801 862/1789/1750
f 862/1789/1750 1616/507/463 859/465/427
f 1615/450/413 927/1841/1802 1617/1838/1799
f 1617/1838/1799 928/1842/1803 1618/1839/1800
f 1618/1839/1800 929/1843/1804 1619/1840/1801
f 1619/1840/1801 926/471/432 1616/507/463
f 921/452/415 1622/1844/1805 924/1845/1806
f 924/1845/1806 1623/1846/1807 923/1847/1808
f 923/1847/1808 1624/1848/1809 922/1849/1810
f 922/1849/1810 1621/456/418 920/455/417
f 1620/423/389 852/1791/1752 1622/1844/1805
f 1622/1844/1805 851/1793/1754 1623/1846/1807
f 1623/1846/1807 850/1795/1756 1624/1848/1809
f 1624/1848/1809 848/447/412 1621/456/418
f 1625/463/425 938/1195/1149 935/519/475
f 1627/1850/1811 939/1204/1159 938/1195/1149
f 1628/1851/1812 945/1200/1155 939/1204/1159
f 1629/1852/1813 936/1201/1156 945/1200/1155
f 930/459/421 1627/1850/1811 1625/463/425
f 932/1853/1814 1628/1851/1812 1627/1850/1811
f 933/1854/1815 1629/1852/1813 1628/1851/1812
f 934/1855/1816 1626/491/449 1629/1852/1813
f 925/451/414 1632/1856/1817 927/1841/1802
f 927/1841/1802 1633/1857/1818 928/1842/1803
f 928/1842/1803 1634/1858/1819 929/1843/1804
f 929/1843/1804 1631/490/448 926/471/432
f 1630/457/419 949/1207/1163 1632/1856/1817
f 1632/1856/1817 944/1202/1157 1633/1857/1818
f 1633/1857/1818 943/1199/1154 1634/1858/1819
f 1634/1858/1819 936/1201/1156 1631/490/448
f 930/459/421 1637/1859/1820 932/1853/1814
f 932/1853/1814 1638/1860/1821 933/1854/1815
f 933/1854/1815 1639/1861/1822 934/1855/1816
f 934/1855/1816 1636/489/447 931/488/446
f 1635/453/416 924/1845/1806 1637/1859/1820
f 1637/1859/1820 923/1847/1808 1638/1860/1821
f 1638/1860/1821 922/1849/1810 1639/1861/1822
f 1639/1861/1822 920/455/417 1636/489/447
f 937/458/420 1642/1862/1823 948/1863/1164
f 948/1194/1824 1641/516/472 935/519/475
f 1640/408/378 840/1864/1825 1642/1862/1823
s 32
f 1642/1865/1826 840/1866/1827 833/1867/1827
s 4
f 1642/1868/1828 830/517/473 1641/516/472
f 1643/388/359 806/1869/1829 795/389/360
f 1645/1870/1830 793/1135/1088 806/1137/1831
f 1643/388/359 907/1186/1137 1645/1871/1832
f 907/1872/1833 1644/475/434 1645/1870/1830
s 5
f 973/553/506 1648/1873/1834 976/1874/1835
f 976/1874/1835 1649/1875/1836 975/1876/1837
f 975/1876/1838 1650/1877/1839 974/1878/1840
f 1650/1877/1839 972/1879/645 974/1878/1840
f 1646/552/505 959/1880/1841 1648/1873/1834
f 1648/1873/1834 960/1881/1842 1649/1875/1836
f 1649/1875/1843 961/1882/1844 1650/1877/1839
f 961/1883/1844 1647/667/609 1650/1884/1839
f 1651/1885/540 981/1886/1845 978/1887/491
f 1653/1888/1846 980/1889/1847 981/1886/1845
f 1654/1890/1848 979/1891/1849 980/1889/1850
f 979/1891/1849 1652/647/592 977/549/502
f 962/1892/654 1653/1888/1846 1651/1885/540
f 964/1893/1851 1654/1890/1852 1653/1888/1846
f 965/1894/1853 1655/1895/1854 1654/1890/1848
f 1655/1895/1854 963/546/499 1652/647/592
f 1656/657/601 956/1896/1855 953/506/462
f 1658/1897/1856 955/1898/1857 956/1896/1855
f 1659/1899/1858 954/1900/1859 955/1898/1860
f 954/1900/1859 1657/1901/488 952/1902/497
f 973/553/506 1658/1897/1856 1656/657/601
f 976/1874/1835 1659/1899/1861 1658/1897/1856
f 975/1876/1838 1660/1903/1862 1659/1899/1858
f 1660/1903/1862 972/1879/645 1657/1901/488
f 968/1904/627 1663/1905/1863 971/1906/1864
f 971/1906/1864 1664/1907/1865 970/1908/1866
f 970/1908/1867 1665/1909/1868 969/1910/1869
f 1665/1909/1868 967/538/492 969/1910/1869
f 1661/1911/507 981/1886/1845 1663/1905/1863
f 1663/1905/1863 980/1889/1847 1664/1907/1865
f 1664/1907/1870 979/1891/1849 1665/1909/1868
f 979/1891/1849 1662/551/504 1665/1909/1868
f 983/1912/628 1668/1913/1871 986/1914/1872
f 986/1914/1872 1669/1915/1873 985/1916/1874
f 985/1916/1875 1670/1917/1876 984/1918/1877
f 1670/1917/1876 982/557/509 984/1918/1877
f 1666/1919/622 971/1906/1864 1668/1913/1871
f 1668/1913/1871 970/1908/1866 1669/1915/1873
f 1669/1915/1878 969/1910/1869 1670/1917/1876
f 969/1910/1869 1667/540/494 1670/1917/1876
f 957/543/496 1673/1920/1879 959/1880/1841
f 959/1880/1841 1674/1921/1880 960/1881/1842
f 960/1881/1881 1675/1922/1882 961/1882/1844
f 1675/1923/1882 958/563/515 961/1883/1844
f 1671/542/495 989/1924/1883 1673/1920/1879
f 1673/1920/1879 990/1925/1884 1674/1921/1880
f 1674/1921/1885 991/1926/1886 1675/1922/1882
f 991/1927/1886 1672/561/513 1675/1923/1882
f 987/572/523 1678/1928/1887 989/1924/1883
f 989/1924/1883 1679/1929/1888 990/1925/1884
f 990/1925/1889 1680/1930/1890 991/1926/1886
f 1680/1931/1890 988/560/512 991/1927/1886
f 1676/581/532 999/1932/1891 1678/1928/1887
f 1678/1928/1887 1000/1933/1892 1679/1929/1888
f 1679/1929/1893 1001/1934/1894 1680/1930/1890
f 1001/1935/1894 1677/558/510 1680/1931/1890
f 993/1936/655 1683/1937/1895 996/1938/1896
f 996/1938/1896 1684/1939/1897 995/1940/1898
f 995/1940/1899 1685/1941/1900 994/1942/1901
f 1685/1941/1900 992/567/519 994/1942/1901
f 1681/1943/648 986/1914/1872 1683/1937/1895
f 1683/1937/1895 985/1916/1874 1684/1939/1897
f 1684/1939/1902 984/1918/1877 1685/1941/1900
f 984/1918/1877 1682/565/517 1685/1941/1900
f 1686/695/635 1023/1944/1903 1020/693/633
f 1688/1945/1904 1022/1946/1905 1023/1944/1903
f 1689/1947/1906 1021/1948/1907 1022/1946/1905
f 1690/1949/1908 1019/577/528 1021/1950/1907
f 1003/1951/1177 1688/1945/1904 1686/695/635
f 1012/1225/1176 1689/1947/1906 1688/1945/1904
f 1006/1224/1180 1690/1952/1908 1689/1947/1906
f 1005/1953/1170 1687/661/603 1690/1949/1908
f 997/580/531 1693/1954/1909 999/1932/1891
f 999/1932/1891 1694/1955/1910 1000/1933/1892
f 1000/1933/1911 1695/1956/1912 1001/1934/1894
f 1001/1935/1894 1692/568/520 998/570/522
f 1691/680/621 1023/1944/1903 1693/1954/1909
f 1693/1954/1913 1022/1946/1905 1694/1955/1910
f 1694/1955/1914 1021/1948/1907 1695/1956/1912
f 1021/1950/1907 1692/568/520 1695/1957/1912
f 1003/1220/1177 1698/1958/1915 1010/1218/1175
f 1010/1218/1175 1699/1959/1916 1011/1221/1178
f 1011/1221/1187 1700/1960/1917 1016/1229/1183
f 1016/1229/1183 1697/574/525 1004/576/527
f 1696/1961/634 996/1938/1896 1698/1958/1915
f 1698/1958/1915 995/1940/1898 1699/1959/1916
f 1699/1959/1918 994/1942/1901 1700/1960/1917
f 1700/1960/1917 992/567/519 1697/574/525
f 1701/1962/547 964/1893/1851 962/1892/654
f 1703/1963/1919 965/1894/1920 964/1893/1851
f 1704/1964/1921 966/1965/1922 965/1894/1853
f 966/1965/1922 1702/690/630 963/546/499
f 1029/1966/600 1703/1963/1919 1701/1962/547
f 1031/1967/1923 1704/1964/1924 1703/1963/1919
f 1032/1968/1925 1705/1969/1926 1704/1964/1921
f 1705/1969/1926 1030/586/537 1702/690/630
f 1706/504/460 1028/1970/1927 1025/702/642
f 1708/1971/1928 1027/1972/1929 1028/1970/1927
f 1709/1973/1930 1026/1974/1931 1027/1972/1932
f 1026/1974/1931 1707/1975/533 1024/1976/535
f 953/506/462 1708/1971/1928 1706/504/460
f 956/1896/1855 1709/1973/1933 1708/1971/1928
f 955/1898/1860 1710/1977/1934 1709/1973/1930
f 1710/1977/1934 952/1902/497 1707/1975/533
f 1041/1248/1206 1713/1978/1935 1051/1246/1204
f 1051/1246/1204 1714/1979/1936 1052/1238/1194
f 1052/1238/1194 1715/1980/1937 1043/1233/1190
f 1043/1981/1190 1712/648/593 1039/701/641
f 1711/671/612 1036/1982/1938 1713/1978/1935
f 1713/1978/1935 1037/1983/1939 1714/1979/1936
f 1714/1979/1936 1038/1984/1940 1715/1980/1937
f 1715/1985/1937 1035/592/543 1712/648/593
f 1716/1986/613 1031/1967/1923 1029/1966/600
f 1718/1987/1941 1032/1968/1942 1031/1967/1923
f 1719/1988/1943 1033/1989/1944 1032/1968/1925
f 1720/1990/1945 1030/586/537 1033/1989/1944
f 1041/1991/1206 1718/1987/1941 1716/1986/613
f 1053/1252/1205 1719/1988/1946 1718/1987/1941
f 1048/1251/1947 1720/1990/1945 1719/1988/1943
f 1047/1243/1199 1717/594/545 1720/1990/1945
f 1721/674/615 1036/1982/1938 1034/673/614
f 1723/1992/1948 1037/1983/1939 1036/1982/1938
f 1724/1993/1949 1038/1984/1940 1037/1983/1939
f 1038/1984/1940 1722/1994/541 1035/1995/543
f 1025/702/642 1723/1992/1948 1721/674/615
f 1028/1970/1927 1724/1993/1950 1723/1992/1948
f 1027/1972/1932 1725/1996/1951 1724/1993/1949
f 1026/1974/1931 1722/1994/541 1725/1996/1951
f 1726/670/611 1080/1997/1952 1077/599/548
f 1728/1998/1953 1079/1999/1954 1080/1997/1952
f 1729/2000/1955 1078/2001/1956 1079/1999/1954
f 1730/2002/1957 1076/713/653 1078/2001/1956
f 1061/619/567 1728/1998/1953 1726/670/611
f 1063/2003/1958 1729/2000/1955 1728/1998/1953
f 1064/2004/1959 1730/2002/1957 1729/2000/1955
f 1065/2005/1960 1727/712/652 1730/2002/1957
f 1082/613/561 1733/2006/1961 1085/2007/1962
f 1085/2007/1962 1734/2008/1963 1084/2009/1964
f 1084/2009/1964 1735/2010/1965 1083/2011/1966
f 1083/2011/1966 1732/651/596 1081/654/599
f 1731/612/560 1068/2012/1967 1733/2006/1961
f 1733/2006/1961 1069/2013/1968 1734/2008/1963
f 1734/2008/1963 1070/2014/1969 1735/2010/1965
f 1735/2010/1965 1067/652/597 1732/651/596
f 1057/609/557 1738/2015/1970 1060/2016/1971
f 1060/2016/1971 1739/2017/1972 1059/2018/1973
f 1059/2018/1973 1740/2019/1974 1058/2020/1975
f 1058/2020/1975 1737/668/610 1056/634/582
f 1736/600/549 1080/1997/1952 1738/2015/1970
f 1738/2015/1970 1079/1999/1954 1739/2017/1972
f 1739/2017/1972 1078/2001/1956 1740/2019/1974
f 1740/2019/1974 1076/713/653 1737/668/610
f 1741/614/562 1075/2021/1976 1072/653/598
f 1743/2022/1977 1074/2023/1978 1075/2021/1976
f 1744/2024/1979 1073/2025/1980 1074/2023/1978
f 1745/2026/1981 1071/706/646 1073/2025/1980
f 1082/613/561 1743/2022/1977 1741/614/562
f 1085/2007/1962 1744/2024/1979 1743/2022/1977
f 1084/2009/1964 1745/2026/1981 1744/2024/1979
f 1083/2011/1966 1742/689/629 1745/2026/1981
f 1746/605/553 1090/2027/1982 1087/683/624
f 1748/2028/1983 1089/2029/1984 1090/2027/1982
f 1749/2030/1985 1088/2031/1986 1089/2029/1984
f 1750/2032/1987 1086/606/554 1088/2031/1986
f 1072/653/598 1748/2028/1983 1746/605/553
f 1075/2021/1976 1749/2030/1985 1748/2028/1983
f 1074/2023/1978 1750/2032/1987 1749/2030/1985
f 1073/2025/1980 1747/622/570 1750/2032/1987
f 1751/620/568 1063/2003/1958 1061/619/567
f 1753/2033/1988 1064/2004/1959 1063/2003/1958
f 1754/2034/1989 1065/2005/1960 1064/2004/1959
f 1755/2035/1990 1062/711/651 1065/2005/1960
f 1091/625/573 1753/2033/1988 1751/620/568
f 1093/2036/1991 1754/2034/1989 1753/2033/1988
f 1094/2037/1992 1755/2035/1990 1754/2034/1989
f 1095/2038/1993 1752/602/551 1755/2035/1990
f 1756/626/574 1093/2036/1991 1091/625/573
f 1758/2039/1994 1094/2037/1992 1093/2036/1991
f 1759/2040/1995 1095/2038/1993 1094/2037/1992
f 1760/2041/1996 1092/666/608 1095/2038/1993
f 1101/630/578 1758/2039/1994 1756/626/574
f 1103/2042/1997 1759/2040/1995 1758/2039/1994
f 1104/2043/1998 1760/2041/1996 1759/2040/1995
f 1105/2044/1999 1757/707/647 1760/2041/1996
f 1761/621/569 1100/2045/2000 1097/709/649
f 1763/2046/2001 1099/2047/2002 1100/2045/2000
f 1764/2048/2003 1098/2049/2004 1099/2047/2002
f 1765/2050/2005 1096/629/577 1098/2049/2004
f 1087/683/624 1763/2046/2001 1761/621/569
f 1090/2027/1982 1764/2048/2003 1763/2046/2001
f 1089/2029/1984 1765/2050/2005 1764/2048/2003
f 1088/2031/1986 1762/608/556 1765/2050/2005
f 1124/710/650 1768/2051/2006 1127/2052/2007
f 1127/2052/2007 1769/2053/2008 1126/2054/2009
f 1126/2054/2009 1770/2055/2010 1125/2056/2011
f 1125/2056/2011 1767/697/637 1123/699/639
f 1766/665/607 1109/1255/1211 1768/2051/2006
f 1768/2051/2006 1119/1259/1215 1769/2053/2008
f 1769/2053/2008 1118/1265/1223 1770/2055/2010
f 1770/2055/2010 1108/698/638 1767/697/637
f 1771/632/580 1103/2042/1997 1101/630/578
f 1773/2057/2012 1104/2043/1998 1103/2042/1997
f 1774/2058/2013 1105/2044/1999 1104/2043/1998
f 1775/2059/2014 1102/704/644 1105/2044/1999
f 1124/710/650 1773/2057/2012 1771/632/580
f 1127/2052/2007 1774/2058/2013 1773/2057/2012
f 1126/2054/2009 1775/2059/2014 1774/2058/2013
f 1125/2056/2011 1772/684/625 1775/2059/2014
f 1776/627/575 1113/1263/1219 1107/633/581
f 1778/2060/2015 1114/1268/1226 1113/1263/1219
f 1779/2061/2016 1120/1266/1224 1114/1268/1226
f 1780/2062/2017 1108/698/638 1120/1266/1224
f 1097/709/649 1778/2060/2015 1776/627/575
f 1100/2045/2000 1779/2061/2016 1778/2060/2015
f 1099/2047/2002 1780/2062/2017 1779/2061/2016
f 1098/2049/2004 1777/696/636 1780/2062/2017
f 1066/616/564 1783/2063/2018 1068/2012/1967
f 1068/2012/1967 1784/2064/2019 1069/2013/1968
f 1069/2013/1968 1785/2065/2020 1070/2014/1969
f 1070/2014/1969 1782/691/631 1067/652/597
f 1781/637/583 1135/2066/2021 1783/2063/2018
f 1783/2063/2018 1136/2067/2022 1784/2064/2019
f 1784/2064/2019 1137/2068/2023 1785/2065/2020
f 1785/2065/2020 1134/658/602 1782/691/631
f 1129/639/585 1788/2069/2024 1132/2070/2025
f 1132/2070/2025 1789/2071/2026 1131/2072/2027
f 1131/2072/2027 1790/2073/2028 1130/2074/2029
f 1130/2074/2029 1787/643/588 1128/642/587
f 1786/610/558 1060/2016/1971 1788/2069/2024
f 1788/2069/2024 1059/2018/1973 1789/2071/2026
f 1789/2071/2026 1058/2020/1975 1790/2073/2028
f 1790/2073/2028 1056/634/582 1787/643/588
f 1791/650/595 1146/1271/1230 1143/703/643
f 1793/2075/2030 1147/1280/1239 1146/1271/1230
f 1794/2076/2031 1154/1276/1235 1147/1280/1239
f 1795/2077/2032 1144/1277/1236 1154/1276/1235
f 1138/646/591 1793/2075/2030 1791/650/595
f 1140/2078/2033 1794/2076/2031 1793/2075/2030
f 1141/2079/2034 1795/2077/2032 1794/2076/2031
f 1142/2080/2035 1792/678/619 1795/2077/2032
f 1133/638/584 1798/2081/2036 1135/2066/2021
f 1135/2066/2021 1799/2082/2037 1136/2067/2022
f 1136/2067/2022 1800/2083/2038 1137/2068/2023
f 1137/2068/2023 1797/677/618 1134/658/602
f 1796/644/589 1157/1283/1243 1798/2081/2036
f 1798/2081/2036 1153/1278/1237 1799/2082/2037
f 1799/2082/2037 1152/1275/1234 1800/2083/2038
f 1800/2083/2038 1144/1277/1236 1797/677/618
f 1138/646/591 1803/2084/2039 1140/2078/2033
f 1140/2078/2033 1804/2085/2040 1141/2079/2034
f 1141/2079/2034 1805/2086/2041 1142/2080/2035
f 1142/2080/2035 1802/676/617 1139/675/616
f 1801/640/586 1132/2070/2025 1803/2084/2039
f 1803/2084/2039 1131/2072/2027 1804/2085/2040
f 1804/2085/2040 1130/2074/2029 1805/2086/2041
f 1805/2086/2041 1128/642/587 1802/676/617
f 1145/645/590 1808/2087/2042 1148/2088/1244
f 1148/1270/1229 1807/700/640 1143/703/643
f 1806/595/546 1042/1242/2043 1808/2087/2042
f 1808/2089/2044 1039/701/641 1807/700/640
f 1004/576/527 1811/2090/2045 1015/2091/1184
s 33
f 1811/2092/2046 1002/2093/2047 1015/1214/2048
s 5
f 1809/575/526 1115/1262/1218 1811/2090/2045
s 33
f 1115/2094/2049 1810/662/2050 1811/2092/2046
s 34
f 509/1574/2051 510/2095/2051 1812/1575/2051
s 18
f 485/1559/2052 484/2096/821 1816/1557/820
s 8
f 444/822/768 440/817/2053 1813/816/2054
s 35
f 434/1554/2055 433/807/2056 435/2097/2056
s 36
f 454/1542/2057 1814/830/2058 452/2098/2058
s 2
f 441/1541/1493 442/2099/1500 1813/1539/2059
s 1
f 216/10/8 24/76/68 114/11/9
f 212/18/15 1216/162/142 102/19/16
f 1191/30/27 105/96/86 19/31/28
f 10/73/66 312/188/166 1266/74/67
f 24/76/68 322/125/111 1260/77/69
f 336/78/70 8/95/66 98/79/66
f 15/83/74 103/87/78 1245/84/75
f 15/83/74 332/85/76 1255/86/77
f 103/87/78 14/20/17 316/88/79
f 1261/94/85 97/75/66 8/95/66
f 18/41/38 351/102/91 1270/98/88
f 23/38/35 347/185/164 1290/99/89
f 1276/80/71 98/79/66 11/100/66
f 113/50/46 1285/104/93 351/102/91
f 25/103/92 374/187/165 1285/104/93
f 115/45/41 1290/99/89 357/105/94
f 306/106/95 1251/140/123 96/107/66
f 14/20/17 102/19/16 1295/109/96
f 102/19/16 13/60/55 383/110/97
f 100/113/66 12/132/66 378/114/100
f 13/60/55 110/59/54 1310/116/102
f 110/59/54 1320/67/62 395/117/103
f 1166/119/105 212/18/15 14/20/17
f 7/108/66 96/107/66 1246/123/109
f 109/22/19 1255/86/77 322/125/111
f 96/107/66 9/141/66 331/126/112
f 384/130/115 1311/149/131 101/131/66
f 237/32/29 19/31/28 117/90/81
f 97/75/66 1266/74/67 342/138/121
f 226/21/18 1166/119/105 103/87/78
f 1251/140/123 326/190/168 9/141/66
f 26/34/31 311/91/82 1240/142/124
f 101/131/66 1306/150/132 389/147/129
f 1311/149/131 394/780/725 1306/150/132
f 11/100/66 352/179/159 1286/156/136
f 95/160/140 1256/161/141 331/126/112
f 10/73/66 321/181/161 1256/161/141
f 7/108/66 100/113/66 1301/115/101
f 1296/166/146 384/130/115 12/132/66
f 1291/171/151 99/157/137 1281/172/152
f 99/157/137 1286/156/136 373/174/154
f 12/132/66 101/131/66 1316/148/130
f 98/79/66 1271/182/162 352/179/159
f 321/181/161 10/73/66 97/75/66
f 8/95/66 342/138/121 1271/182/162
f 108/36/33 1275/93/84 347/185/164
f 312/188/166 10/73/66 95/160/140
f 1241/189/167 95/160/140 9/141/66
f 346/101/90 11/100/66 99/157/137
f 317/124/110 1296/166/146 100/113/66
s 2
f 457/193/171 1393/338/314 130/194/172
f 503/196/174 1477/199/177 136/197/175
f 1477/199/177 727/1117/1068 1433/200/178
f 711/201/179 1434/326/302 131/202/180
f 1429/203/181 131/202/180 1439/212/190
f 447/214/192 1363/313/290 124/215/193
f 1404/220/198 132/333/309 1409/221/199
f 27/226/204 532/259/236 1346/227/205
f 1359/235/213 411/795/743 1444/236/214
f 33/238/216 550/300/277 1332/239/217
f 34/195/173 130/194/172 1337/241/218
f 412/243/220 28/272/249 122/244/221
f 457/193/171 34/195/173 128/254/231
f 447/214/192 29/216/194 123/256/233
f 27/226/204 122/244/221 1326/258/235
f 34/195/173 530/242/219 1327/260/237
f 35/266/243 569/267/244 1337/241/218
f 35/266/243 129/240/180 1332/239/217
f 28/272/249 123/256/233 1341/273/250
f 29/216/194 513/279/256 1341/273/250
f 489/278/255 1383/255/232 128/254/231
f 29/216/194 124/215/193 1346/227/205
f 1389/198/176 136/197/175 1459/282/259
f 28/272/249 548/274/251 1326/258/235
s 3
f 568/298/275 1349/249/226 121/299/276
s 2
f 33/238/216 128/254/231 1327/260/237
f 1459/282/259 136/197/175 1433/200/178
f 120/237/215 1444/236/214 605/304/281
f 437/312/289 27/226/204 124/215/193
f 1359/235/213 120/237/215 1449/314/291
f 120/237/215 1403/305/282 621/316/293
f 489/278/255 33/238/216 129/240/180
f 504/325/301 1388/324/300 129/240/180
f 1439/212/190 131/202/180 1434/326/302
f 412/243/220 1358/257/234 123/256/233
f 437/312/289 1354/245/222 122/244/221
f 1409/221/199 132/333/309 1398/330/306
f 604/332/308 1398/330/306 132/333/309
f 504/325/301 35/266/243 130/194/172
s 4
f 758/351/325 59/417/384 166/352/326
f 1501/353/327 166/352/326 57/369/341
f 773/370/342 57/369/341 160/377/349
f 1516/378/350 160/377/349 58/379/351
f 783/380/352 58/379/351 167/386/357
f 1531/387/358 167/386/357 1643/388/359
f 1541/395/365 743/357/330 51/358/331
f 158/347/323 55/346/322 869/412/380
f 45/414/382 854/527/483 1586/415/383
f 59/417/384 864/466/428 1580/418/385
f 878/419/386 43/436/382 150/420/382
f 156/396/366 51/358/331 849/422/388
f 50/424/390 155/428/394 1565/425/391
f 50/424/390 874/426/392 1575/427/393
f 155/428/394 49/361/334 858/429/395
f 168/430/396 1560/483/441 869/412/380
f 57/369/341 879/496/453 1595/434/400
f 1581/435/401 149/416/382 43/436/382
f 58/379/351 889/525/481 1610/440/405
f 1596/421/387 150/420/382 46/441/406
f 167/386/357 1610/440/405 899/446/411
f 848/447/412 1571/481/440 148/448/382
f 49/361/334 154/360/333 1615/450/413
f 164/404/374 52/398/368 921/452/415
f 152/454/382 47/473/382 920/455/417
f 56/406/376 164/404/374 1635/453/416
f 42/449/382 148/448/382 1566/464/426
f 1496/364/337 161/363/336 59/417/384
f 161/363/336 1575/427/393 864/466/428
f 148/448/382 44/482/382 873/467/429
f 51/358/331 158/347/323 1570/413/381
f 926/471/432 1631/490/448 153/472/382
f 149/416/382 1586/415/383 884/479/438
f 1571/481/440 868/529/485 44/482/382
f 153/472/382 1626/491/449 931/488/446
f 1631/490/448 936/1201/1156 1626/491/449
f 166/352/326 1580/418/385 879/496/453
f 46/441/406 894/520/476 1606/497/454
f 147/501/382 1576/502/458 873/467/429
f 45/414/382 863/522/478 1576/502/458
f 42/449/382 152/454/382 1621/456/418
f 1616/507/463 926/471/432 47/473/382
f 1611/512/468 151/498/455 1601/513/469
f 151/498/455 1606/497/454 915/515/471
f 52/398/368 156/396/366 1620/423/389
f 47/473/382 153/472/382 1636/489/447
f 150/420/382 1591/523/479 894/520/476
f 863/522/478 45/414/382 149/416/382
f 43/436/382 884/479/438 1591/523/479
f 160/377/349 1595/434/400 889/525/481
f 854/527/483 45/414/382 147/501/382
f 1561/528/484 147/501/382 44/482/382
f 888/442/407 46/441/406 151/498/455
f 859/465/427 1616/507/463 152/454/382
s 1
f 333/1423/1379 331/126/112 1256/161/141
f 1263/1442/1398 1264/1444/1400 338/1443/1399
f 1264/1444/1400 1261/94/85 336/78/70
f 1268/1446/1402 1269/1447/1403 315/1417/1373
f 355/1456/1412 352/179/159 1271/182/162
f 1293/1474/1429 1294/1475/1430 370/769/712
f 320/1426/1382 1299/1478/1433 1296/166/146
f 1297/1476/1431 385/1479/1434 386/1480/1435
f 1299/1478/1433 387/1481/1436 384/130/115
f 1319/1499/1454 380/1487/1442 378/114/100
s 2
f 532/259/236 1326/258/235 1328/1509/1464
f 544/938/884 1328/1509/1464 1329/1510/1465
f 1329/1510/1465 1330/1511/1466 535/925/871
f 1330/1511/1466 1327/260/237 530/242/219
f 1328/1509/1464 553/945/890 563/948/893
f 563/948/893 562/956/901 1330/1511/1466
f 562/956/901 550/300/277 1327/260/237
f 564/957/902 1335/1513/1468 1332/239/217
s 3
f 1336/287/264 1338/1516/1470 576/1515/914
s 2
f 1339/1518/1472 1337/241/218 569/267/244
s 3
f 1338/1516/1470 541/932/878 534/936/882
s 2
f 1344/1523/1477 1341/273/250 513/279/256
f 1348/1528/1480 1346/227/205 532/259/236
f 1348/1528/1480 515/904/848 513/279/256
f 1813/1539/1491 1356/1538/1489 1357/1540/1492
f 423/801/748 412/243/220 1354/245/222
f 1358/257/234 1360/1543/1495 454/1542/1494
f 1360/1543/1495 1361/1544/1497 1814/830/1496
f 1361/1544/1497 1362/1545/1498 449/826/771
f 1362/1545/1498 1359/235/213 445/315/292
f 1360/1543/1495 423/802/748 419/796/744
f 1362/1545/1498 418/793/741 411/795/743
f 1363/313/290 447/214/192 454/1550/1494
f 1365/1547/1499 454/1550/1494 452/835/1504
f 1386/1569/1524 1387/1570/1526 459/840/785
f 1388/324/300 1390/1571/1528 496/883/1527
f 1391/1572/1529 1392/1573/1530 501/889/832
f 1392/1573/1530 1389/198/176 490/283/260
f 1390/1571/1528 509/1574/1531 1812/1575/1532
f 1391/1572/1529 1812/1575/1532 506/892/1533
f 1392/1573/1530 506/892/1533 503/196/174
f 1395/1577/1534 1396/1578/1536 510/902/1535
f 1393/338/314 457/193/171 462/1580/1522
f 1405/1585/1542 1406/1586/1543 625/1024/974
f 1406/1586/1543 1407/1587/1544 632/1020/971
f 605/304/281 618/1010/960 1405/1585/1542
f 618/1010/960 612/1005/956 1406/1586/1543
f 612/1005/956 611/1002/954 1407/1587/1544
f 611/1002/954 604/1004/308 1404/1588/198
f 710/301/278 1433/200/178 1435/1609/1560
f 718/1109/1062 1436/1610/1561 1437/1611/1562
f 724/1113/1066 1437/1611/1562 1434/1612/302
f 1435/1609/1560 732/1119/1070 740/1123/1074
s 4
f 851/1793/1754 1573/1792/1753 1574/1794/1755
f 875/1786/1747 873/467/429 1576/502/458
f 864/466/428 867/1796/1757 1582/1803/1764
f 1589/1810/1771 1586/415/383 854/527/483
f 882/1802/1763 881/1804/1765 1598/1823/1784
f 1610/440/405 1612/1835/1796 905/1187/1138
f 1614/1837/1798 1611/512/468 900/514/470
f 1617/1838/1799 927/1841/1802 928/1842/1803
f 1618/1839/1800 928/1842/1803 929/1843/1804
f 922/1849/1810 1624/1848/1809 1621/456/418
s 1
f 1220/1/1 93/70/2 1/2/2
f 1171/4/4 221/180/160 20/5/5
f 89/7/2 1165/61/56 227/8/7
f 4/13/2 90/43/2 1185/14/11
f 201/16/13 1171/4/4 106/6/6
f 226/21/18 15/83/74 109/22/19
f 3/9/2 88/27/24 1160/24/21
f 1175/26/23 217/158/138 4/13/2
f 1181/12/10 114/11/9 22/28/25
f 1186/33/30 117/90/81 26/34/31
f 231/29/26 22/28/25 108/36/33
f 1196/37/34 108/36/33 23/38/35
f 1206/40/37 113/50/46 18/41/38
f 90/43/2 2/154/2 236/44/40
f 241/39/36 23/38/35 115/45/41
f 1211/46/42 115/45/41 1323/47/43
f 268/49/45 25/103/92 113/50/46
f 91/51/2 5/151/2 246/52/47
f 1221/54/49 201/16/13 16/17/14
f 273/56/51 1221/54/49 104/55/50
f 279/58/53 1231/66/61 110/59/54
f 1/2/2 211/191/169 1165/61/56
f 1236/62/57 273/56/51 17/57/52
f 284/64/59 1236/62/57 112/63/58
f 1231/66/61 289/745/684 1320/67/62
f 6/68/2 278/128/113 1215/69/63
f 106/6/6 20/5/5 327/71/64
f 104/55/50 16/17/14 307/81/72
f 116/89/80 1240/142/124 327/71/64
f 117/90/81 1265/92/83 311/91/82
f 19/31/28 341/97/87 1265/92/83
f 22/28/25 337/155/135 1275/93/84
f 105/96/86 1270/98/88 341/97/87
f 112/63/58 17/57/52 379/111/98
f 21/65/60 112/63/58 1315/112/99
f 1226/120/106 284/64/59 21/65/60
f 107/121/107 21/65/60 388/118/104
f 227/8/7 1175/26/23 88/27/24
f 1176/23/20 109/22/19 24/76/68
f 94/127/24 1230/144/126 278/128/113
f 202/3/3 1/2/2 89/7/2
f 16/17/14 106/6/6 1250/72/65
f 1201/133/116 251/716/656 1324/134/117
f 111/135/118 1324/134/117 356/136/119
f 207/35/32 26/34/31 116/89/80
f 1225/143/125 290/1400/693 1230/144/126
f 283/145/127 1225/143/125 94/127/24
f 5/151/2 92/167/147 1205/152/133
f 1180/153/134 232/159/139 2/154/2
f 114/11/9 1260/77/69 337/155/135
f 217/158/138 1180/153/134 90/43/2
f 232/159/139 1195/184/163 91/51/2
f 1216/162/142 279/58/53 13/60/55
s 2
f 1353/163/143 137/208/186 1443/164/144
s 1
f 92/167/147 1200/170/150 269/168/148
f 1210/169/149 252/725/665 1200/170/150
f 1226/120/106 107/121/107 1321/175/155
f 274/177/157 6/68/2 93/70/2
f 17/57/52 104/55/50 1300/82/73
f 107/121/107 1305/122/108 393/178/158
f 247/42/39 18/41/38 105/96/86
f 1235/146/128 94/127/24 6/68/2
f 2/154/2 91/51/2 1190/53/48
f 1161/139/122 116/89/80 20/5/5
f 1201/183/116 111/186/118 25/103/92
f 1195/184/163 242/192/170 5/151/2
f 111/186/118 1280/2100/120 374/187/165
f 1170/129/114 89/7/2 3/9/2
f 88/27/24 4/13/2 206/15/12
f 93/70/2 1215/69/63 211/191/169
f 242/192/170 1210/169/149 92/167/147
s 2
f 480/204/182 32/231/209 127/205/183
f 436/207/185 1467/280/257 137/208/186
f 1455/209/187 674/1064/1018 1419/210/188
f 1368/217/195 135/225/203 1452/218/196
f 1472/223/201 639/1030/982 1414/224/202
f 31/228/206 127/205/183 1350/229/207
f 32/231/209 200/297/274 1350/229/207
f 438/232/210 1364/246/223 134/233/211
f 1364/246/223 446/831/777 1448/247/224
s 3
f 1345/248/225 121/299/276 1349/249/226
s 2
f 30/251/228 125/276/253 1331/252/229
f 467/261/238 1373/271/248 138/211/189
f 1379/263/240 426/808/752 1453/264/241
f 481/268/245 1379/263/240 119/265/242
f 479/270/247 1455/209/187 138/211/189
f 427/275/252 31/228/206 125/276/253
f 1467/280/257 585/978/924 1399/281/258
f 1394/284/261 456/845/791 1464/285/262
s 3
f 1336/287/264 121/299/276 1345/248/225
s 2
f 1394/284/261 139/286/263 1476/289/266
f 488/291/268 1460/328/304 118/292/269
f 30/251/228 549/253/230 1340/294/271
f 31/228/206 567/230/208 1331/252/229
f 465/296/273 1472/223/201 135/225/203
f 32/231/209 126/295/272 1340/294/271
f 139/286/263 1438/303/280 728/302/279
f 1464/285/262 694/1095/1047 1438/303/280
f 1468/234/212 134/233/211 1408/306/283
f 134/233/211 1448/247/224 623/308/285
f 1453/264/241 659/1059/1011 1423/309/286
f 138/211/189 1419/210/188 640/310/287
f 119/265/242 1423/309/286 675/311/288
f 137/208/186 1399/281/258 603/317/294
f 427/275/252 1378/206/184 127/205/183
f 466/318/295 1369/277/254 125/276/253
f 641/319/296 1418/335/311 133/320/253
f 1413/321/297 133/320/253 1424/322/298
f 1460/328/304 709/1101/1054 1428/329/305
f 466/318/295 30/251/228 126/295/272
f 480/204/182 1374/334/310 126/295/272
f 1424/322/298 133/320/253 1418/335/311
f 135/225/203 1414/224/202 657/337/313
f 1384/293/270 118/292/269 1465/339/315
f 118/292/269 1428/329/305 692/341/317
s 4
f 1540/342/318 145/411/319 36/343/319
f 1491/345/321 763/521/477 55/346/322
f 141/348/319 1485/402/372 769/349/324
f 39/354/319 142/384/319 1505/355/328
f 743/357/330 1491/345/321 158/347/323
f 754/359/332 1536/503/459 154/360/333
f 768/362/335 50/424/390 161/363/336
f 38/350/319 140/368/319 1480/365/338
f 1495/367/340 759/499/456 39/354/319
f 1511/371/343 157/437/402 54/372/344
f 1506/374/346 169/431/397 61/375/347
f 1526/381/353 165/391/362 53/382/354
f 142/384/319 37/495/319 778/385/356
f 810/390/361 60/444/409 165/391/362
f 143/392/319 40/492/450 788/393/363
f 815/397/367 1541/395/365 156/396/366
f 821/399/369 1551/407/377 162/400/370
f 36/343/319 753/530/486 1485/402/372
f 1556/403/373 815/397/367 52/398/368
f 826/405/375 1556/403/373 164/404/374
f 1551/407/377 831/2101/1116 1640/408/378
f 41/409/319 820/469/430 1535/410/379
f 169/431/397 1585/433/399 853/432/398
f 54/372/344 883/438/403 1585/433/399
f 157/437/402 1590/439/404 883/438/403
f 53/382/354 893/443/408 1590/439/404
f 165/391/362 1605/445/410 893/443/408
f 60/444/409 916/526/482 1605/445/410
f 154/360/333 48/401/371 925/451/414
f 48/401/371 162/400/370 1630/457/419
f 162/400/370 1640/408/378 937/458/420
f 1486/460/422 754/359/332 49/361/334
f 1546/461/423 826/405/375 56/406/376
f 159/462/424 56/406/376 930/459/421
f 769/349/324 1495/367/340 140/368/319
f 146/468/319 1550/485/443 820/469/430
f 744/344/320 36/343/319 141/348/319
f 779/373/345 54/372/344 169/431/397
f 1521/474/433 793/1135/1088 1644/475/434
f 163/476/435 1644/475/434 898/477/436
f 749/376/348 61/375/347 168/430/396
f 768/362/335 1486/460/422 155/428/394
f 61/375/347 853/432/398 1560/483/441
f 1545/484/442 832/1174/1125 1550/485/443
f 825/486/444 1545/484/442 146/468/319
f 40/492/450 144/508/464 1525/493/451
f 1500/494/452 774/500/457 37/495/319
f 759/499/456 1500/494/452 142/384/319
f 774/500/457 1515/524/480 143/392/319
f 1536/503/459 821/399/369 48/401/371
s 5
f 1706/504/460 175/598/461 62/505/461
s 4
f 144/508/464 1520/511/467 811/509/465
f 1530/510/466 794/1144/1097 1520/511/467
f 1546/461/423 159/462/424 1641/516/472
f 816/518/474 41/409/319 145/411/319
f 159/462/424 1625/463/425 935/519/475
f 789/383/355 53/382/354 157/437/402
f 1555/487/445 146/468/319 41/409/319
f 37/495/319 143/392/319 1510/394/364
f 1481/480/439 168/430/396 55/346/322
f 1521/474/433 163/476/435 60/444/409
f 1515/524/480 784/531/487 40/492/450
f 163/476/435 1600/478/437 916/526/482
f 1490/470/431 141/348/319 38/350/319
f 140/368/319 39/354/319 748/356/329
f 145/411/319 1535/410/379 753/530/486
f 784/531/487 1530/510/466 144/508/464
s 5
f 1657/532/488 972/705/645 81/533/489
f 171/535/461 1651/589/540 978/536/491
f 967/538/492 85/604/552 196/539/493
f 65/541/461 172/571/461 1671/542/495
f 952/544/497 1657/532/488 188/534/490
f 963/546/499 1702/690/630 184/547/500
f 977/549/502 76/611/559 191/550/503
f 64/537/461 170/555/461 1646/552/505
f 1661/554/507 968/686/627 65/541/461
f 1667/540/494 196/539/493 83/556/508
f 1677/558/510 187/624/572 80/559/511
f 1672/561/513 199/618/566 87/562/514
f 982/557/509 83/556/508 190/564/516
f 1682/565/517 190/564/516 84/566/518
f 1692/568/520 195/578/529 79/569/521
f 172/571/461 63/682/623 987/572/523
f 992/567/519 84/566/518 197/573/524
f 1697/574/525 197/573/524 1809/575/526
f 1019/577/528 86/631/579 195/578/529
f 173/579/530 66/679/620 997/580/531
f 1707/582/533 952/544/497 77/545/498
f 1024/584/535 1707/582/533 186/583/534
f 1030/586/537 1717/594/545 192/587/538
f 62/505/461 962/714/654 1651/589/540
f 1722/590/541 1024/584/535 78/585/536
f 1035/592/543 1722/590/541 194/591/542
f 1717/594/545 1040/1240/1196 1806/595/546
f 67/596/461 1029/656/600 1701/597/547
f 188/534/490 81/533/489 1077/599/548
f 71/601/550 1062/711/651 1752/602/551
f 85/604/552 1072/653/598 1746/605/553
f 1086/606/554 69/623/571 180/607/555
f 186/583/534 77/545/498 1057/609/557
f 76/611/559 185/615/563 1731/612/560
f 76/611/559 1082/613/561 1741/614/562
f 185/615/563 75/548/501 1066/616/564
f 198/617/565 1726/670/611 1077/599/548
f 199/618/566 1751/620/568 1061/619/567
f 80/559/511 1091/625/573 1751/620/568
f 83/556/508 1087/683/624 1761/621/569
f 1747/622/570 179/603/550 69/623/571
f 187/624/572 1756/626/574 1091/625/573
f 79/569/521 1101/630/578 1756/626/574
f 84/566/518 1097/709/649 1776/627/575
f 1762/608/556 180/607/555 72/628/576
f 195/578/529 1771/632/580 1101/630/578
f 86/631/579 1124/710/650 1771/632/580
f 197/573/524 1776/627/575 1107/633/581
f 1056/634/582 1737/668/610 178/635/550
f 75/548/501 184/547/500 1781/637/583
f 184/547/500 74/588/539 1133/638/584
f 194/591/542 78/585/536 1129/639/585
f 182/641/550 73/660/550 1128/642/587
f 74/588/539 192/587/538 1796/644/589
f 192/587/538 1806/595/546 1145/645/590
f 82/593/544 194/591/542 1801/640/586
f 1652/647/592 963/546/499 75/548/501
f 1712/648/593 1035/592/543 82/593/544
f 189/649/594 82/593/544 1138/646/591
f 68/636/550 178/635/550 1732/651/596
f 978/536/491 1661/554/507 170/555/461
f 1662/551/504 191/550/503 85/604/552
f 191/550/503 1741/614/562 1072/653/598
f 178/635/550 70/669/550 1081/654/599
f 176/655/461 1716/672/613 1029/656/600
f 953/506/462 62/505/461 171/535/461
f 77/545/498 188/534/490 1736/600/549
f 1134/658/602 1797/677/618 183/659/550
f 988/560/512 80/559/511 199/618/566
f 1687/661/603 1002/2093/2060 1810/662/604
f 193/663/605 1810/662/604 1106/664/606
f 179/603/550 1752/602/551 1092/666/608
f 958/563/515 87/562/514 198/617/565
f 977/549/502 1652/647/592 185/615/563
f 1737/668/610 1076/713/653 70/669/550
f 87/562/514 1061/619/567 1726/670/611
f 1711/671/612 1041/1248/1206 1716/672/613
f 1034/673/614 1711/671/612 176/655/461
f 183/659/550 1792/678/619 1139/675/616
f 1797/677/618 1144/1277/1236 1792/678/619
f 66/679/620 174/692/632 1691/680/621
f 1666/681/622 983/687/628 63/682/623
f 196/539/493 1746/605/553 1087/683/624
f 72/628/576 1102/704/644 1772/684/625
f 968/686/627 1666/681/622 172/571/461
f 983/687/628 1681/708/648 173/579/530
f 177/688/550 1742/689/629 1081/654/599
f 71/601/550 1071/706/646 1742/689/629
f 1702/690/630 1030/586/537 74/588/539
f 68/636/550 182/641/550 1787/643/588
f 1782/691/631 1134/658/602 73/660/550
f 174/692/632 1686/695/635 1020/693/633
f 1696/694/634 1003/1951/1177 1686/695/635
f 1777/696/636 181/685/626 1767/697/637
f 181/685/626 1772/684/625 1123/699/639
f 1712/648/593 189/649/594 1807/700/640
f 1025/702/642 67/596/461 175/598/461
f 78/585/536 186/583/534 1786/610/558
f 189/649/594 1791/650/595 1143/703/643
f 998/570/522 79/569/521 187/624/572
f 1721/674/615 176/655/461 67/596/461
f 73/660/550 183/659/550 1802/676/617
f 180/607/555 1757/707/647 1102/704/644
f 63/682/623 173/579/530 1676/581/532
f 1647/667/609 198/617/565 81/533/489
f 1071/706/646 71/601/550 179/603/550
f 69/623/571 1092/666/608 1757/707/647
f 1687/661/603 193/663/605 86/631/579
f 1681/708/648 993/715/655 66/679/620
f 190/564/516 1761/621/569 1097/709/649
f 193/663/605 1766/665/607 1124/710/650
f 1656/657/601 171/535/461 64/537/461
f 170/555/461 65/541/461 957/543/496
f 1062/711/651 71/601/550 177/688/550
f 1727/712/652 177/688/550 70/669/550
f 175/598/461 1701/597/547 962/714/654
f 993/715/655 1696/694/634 174/692/632
f 1096/629/577 72/628/576 181/685/626
f 1067/652/597 1782/691/631 182/641/550
s 1
f 251/716/656 254/719/659 256/717/657
f 254/719/659 255/730/668 257/720/660
f 256/717/657 257/720/660 258/722/662
f 259/723/663 262/729/667 261/724/664
f 260/726/666 263/736/669 262/727/667
f 262/729/667 257/720/660 255/730/668
f 263/731/669 258/722/662 257/720/660
f 253/48/44 264/1505/672 266/732/670
f 265/733/671 266/732/670 263/736/674
f 266/732/670 267/735/2061 258/737/676
f 288/176/156 291/740/679 293/738/677
f 291/740/679 298/1503/2062 294/741/680
f 292/739/678 293/738/677 305/742/681
f 293/738/677 294/741/680 295/744/683
f 289/745/684 296/748/687 299/746/685
f 296/748/687 297/754/1360 300/749/688
f 299/746/685 300/749/688 295/744/690
f 301/750/691 304/753/694 303/751/692
f 302/743/682 305/742/681 304/753/694
f 304/753/694 300/749/696 297/754/695
f 305/742/681 295/744/683 300/749/696
f 356/136/119 359/1508/699 361/755/697
f 360/760/698 361/759/697 372/761/701
f 361/759/697 362/758/700 363/763/703
f 357/105/94 364/766/706 366/764/704
f 364/766/706 365/771/714 367/767/707
f 366/764/704 367/767/707 363/763/709
f 368/768/711 371/770/713 370/769/712
f 369/762/702 372/761/715 371/770/713
f 371/770/713 367/767/707 365/771/714
f 372/761/715 363/763/709 367/767/707
f 393/178/158 396/774/718 398/772/716
f 396/774/718 397/783/728 399/775/719
f 398/772/716 399/775/719 400/777/721
f 401/778/723 404/782/727 403/779/724
f 402/781/726 405/784/729 404/782/727
f 404/782/727 399/775/730 397/783/728
f 405/784/729 400/777/735 399/775/730
f 395/117/103 406/1501/733 408/785/731
f 407/786/732 408/785/731 405/784/729
f 408/785/731 409/776/734 400/777/735
s 2
f 413/788/736 416/791/739 415/789/737
f 416/791/739 417/2102/746 422/792/740
f 418/793/741 421/797/745 420/794/742
f 419/796/744 417/2103/746 421/797/745
f 421/797/745 416/799/739 414/790/738
f 422/792/740 417/2102/746 424/800/747
f 424/800/747 417/2103/746 419/796/744
s 7
f 431/810/755 432/809/758 429/811/756
f 432/809/758 433/2104/2063 430/813/759
s 12
f 451/832/783 1814/836/776 450/838/775
s 2
f 458/839/784 460/842/2064 459/840/785
s 15
f 459/840/788 460/842/2065 464/843/789
s 2
f 463/848/794 1815/844/1525 464/843/795
f 468/850/797 478/853/800 470/851/798
f 472/857/804 471/2105/803 474/858/805
f 475/862/808 478/864/800 477/863/809
f 478/864/800 471/2105/803 472/857/804
f 491/876/822 494/879/825 493/877/823
f 497/884/829 495/882/827 492/878/824
f 499/888/831 502/890/833 501/889/832
f 500/881/826 494/880/825 502/890/833
f 502/890/833 494/880/825 495/882/827
s 19
f 506/892/834 512/895/2066 507/893/835
s 20
f 506/892/837 1812/901/2067 508/894/838
s 2
f 515/904/848 518/907/851 517/905/849
f 516/906/850 519/909/853 518/907/851
f 518/907/851 529/910/854 526/908/852
s 3
f 514/250/227 520/1531/857 523/911/855
f 520/913/857 521/922/1483 524/914/858
f 522/912/856 523/911/855 519/916/859
s 23
f 523/911/861 524/2106/2068 529/918/862
s 2
f 525/919/864 528/921/866 527/920/865
f 526/908/852 529/910/868 528/921/866
f 528/921/866 524/914/869 521/922/867
f 533/924/870 536/927/873 535/925/871
f 534/926/872 537/929/2069 536/927/873
f 536/927/873 538/930/876 545/928/874
s 3
f 531/288/265 539/933/879 542/931/877
f 539/933/879 540/1525/1479 543/934/880
f 541/932/878 542/931/877 537/935/881
f 542/931/877 543/934/880 538/937/883
s 2
f 544/938/884 547/940/886 546/939/885
f 545/928/874 538/930/876 547/940/886
f 547/940/886 543/943/2070 540/941/887
f 551/944/889 554/947/892 553/945/890
f 552/946/891 555/955/900 554/947/892
f 554/947/892 566/950/895 563/948/893
f 554/947/892 555/955/900 556/949/894
f 557/951/896 560/954/899 559/952/897
f 558/953/898 561/959/904 560/954/899
f 560/954/899 555/955/900 552/946/891
f 560/954/899 561/959/904 556/949/894
f 562/956/901 565/958/903 564/957/902
f 563/948/893 566/950/895 565/958/903
f 565/958/903 561/959/904 558/953/898
f 565/958/903 566/950/895 556/949/894
f 570/960/905 573/963/908 572/961/906
f 571/962/907 574/965/2071 573/963/908
f 573/963/908 575/966/911 582/964/909
s 3
f 568/298/275 576/1515/914 579/967/912
f 576/969/914 577/977/1471 580/970/915
f 578/972/913 579/971/912 574/965/916
f 579/971/912 580/970/915 575/973/918
s 2
f 581/974/919 584/976/921 583/975/920
f 582/964/909 575/966/911 584/976/921
f 584/976/921 580/970/2072 577/977/922
f 585/978/924 588/1639/927 590/979/925
f 589/980/926 590/979/925 602/983/929
f 590/979/925 591/982/928 592/985/931
f 586/307/284 593/988/934 596/986/932
f 593/988/934 594/994/944 597/989/935
f 595/987/936 596/986/2073 591/982/937
f 596/986/932 597/989/935 592/985/939
f 598/990/941 601/993/943 600/991/942
f 599/984/930 602/983/945 601/993/943
f 601/993/943 597/989/946 594/994/944
f 602/983/945 592/985/2074 597/989/946
f 606/995/947 609/998/950 608/996/948
f 607/997/949 610/1008/952 609/998/950
f 609/998/950 620/1001/953 617/999/951
f 611/1002/954 614/1006/957 613/1003/955
f 612/1005/956 615/1007/958 614/1006/957
f 614/1006/957 610/1008/952 607/997/949
f 616/1009/959 619/1011/961 618/1010/960
f 617/999/951 620/1001/953 619/1011/961
f 619/1011/961 615/1007/958 612/1005/956
f 620/1001/953 610/1000/952 615/1007/958
f 621/316/293 624/1014/964 627/1012/962
f 624/1014/964 625/1024/974 628/1015/965
f 626/1013/966 627/1012/962 638/1016/967
f 627/1012/962 628/1015/965 629/1018/969
f 630/1019/970 633/1023/973 632/1020/971
f 631/1022/972 634/1025/975 633/1023/973
f 633/1023/973 628/1015/965 625/1024/974
f 634/1025/975 629/1018/969 628/1015/965
f 623/308/285 635/1621/978 637/1026/976
f 636/1027/977 637/1026/976 634/1025/975
f 637/1026/976 638/1016/979 629/1018/969
f 642/1028/980 645/1032/984 644/1029/981
f 643/1031/983 646/1034/986 645/1032/984
f 645/1032/984 656/1035/987 653/1033/985
f 647/1036/988 650/1039/991 649/1037/989
f 648/1038/990 651/1040/992 650/1039/991
f 650/1039/991 646/1034/986 643/1031/983
f 651/1040/992 656/1045/987 646/1034/986
f 652/1041/993 655/1044/995 654/1042/994
f 653/1033/985 656/1035/987 655/1044/995
f 655/1044/995 651/1040/992 648/1038/990
f 657/337/313 660/1048/998 663/1046/996
f 660/1048/998 661/1058/1010 664/1049/999
s 24
f 663/1046/1000 673/1052/1004 671/1050/1001
f 663/1046/1000 664/1049/2075 665/1051/1003
s 2
f 666/1053/1005 669/1057/1009 668/1054/1006
f 667/1056/1007 664/1063/1016 669/1057/1008
f 669/1057/1009 664/1049/999 661/1058/1010
f 659/1059/1011 670/1062/1581 673/1060/1012
f 672/1061/1013 673/1060/2076 664/1063/1016
f 674/1064/1018 677/1067/1583 679/1065/1019
f 677/1067/1021 684/1629/1585 680/1068/1022
f 678/1066/1020 679/1065/1019 691/1069/1023
f 679/1065/1019 680/1068/1022 681/1071/1025
f 675/311/288 682/1074/1028 685/1072/1026
f 682/1074/1028 683/1080/1034 686/1075/1029
f 685/1072/1026 686/1075/1029 681/1071/1025
f 687/1076/1031 690/1079/1033 689/1077/1032
f 688/1070/1024 691/1069/1023 690/1079/1033
f 690/1079/1033 686/1075/1029 683/1080/1034
f 691/1069/1023 681/1071/1025 686/1075/1029
f 692/341/317 695/1083/1037 697/1081/1035
f 695/1083/1037 696/1092/1045 698/1084/1038
f 697/1081/1035 698/1084/1038 699/1086/1040
f 700/1087/1041 703/1091/1044 702/1088/1042
f 701/1090/1043 704/1094/1046 703/1091/1044
f 703/1091/1044 698/1084/1038 696/1092/1045
f 704/1094/1046 699/1086/1040 698/1084/1038
f 694/1095/1047 705/1635/1050 707/1096/1048
f 706/1097/1049 707/1096/1048 704/1094/1046
f 707/1096/1048 708/1085/1051 699/1086/1040
f 712/1099/1052 715/1103/1056 714/1100/1053
f 713/1102/1055 716/1105/1058 715/1103/1056
f 715/1103/1056 726/1106/1059 723/1104/1057
f 716/1105/1058 721/1111/1064 726/1106/1059
f 717/1107/1060 720/1110/1063 719/1108/1061
f 718/1109/1062 721/1116/1064 720/1110/1063
f 720/1110/1063 716/1105/1058 713/1102/1055
f 722/1112/1065 725/1115/1067 724/1113/1066
f 723/1104/1057 726/1106/1059 725/1115/1067
f 725/1115/1067 721/1116/1064 718/1109/1062
f 727/1117/1068 730/1120/1071 733/1118/1069
f 732/1119/1070 733/1118/1069 738/1122/1073
f 728/302/279 735/1128/1080 733/1126/1078
f 735/1128/1080 736/1134/1087 738/1129/1081
f 739/1130/1083 742/1133/1086 741/1131/1084
f 740/1123/1074 738/1122/1073 742/1133/1085
f 742/1133/1086 738/1129/1081 736/1134/1087
s 4
f 793/1135/1088 796/1138/1091 798/1136/1089
f 796/1138/1091 797/1148/1100 799/1139/1092
f 798/1136/1089 799/1139/1092 800/1141/1094
f 801/1142/1095 804/1146/1099 803/1143/1096
f 802/1145/1098 805/1156/1101 804/1146/1099
f 804/1147/1099 799/1139/1092 797/1148/1100
f 805/1150/1101 800/1141/1094 799/1139/1092
f 795/1151/360 806/2107/1104 808/1152/1102
f 807/1153/1103 808/1152/1102 805/1156/1106
f 808/1152/1102 809/1155/2077 800/1157/1108
f 830/517/473 833/1867/1111 835/1158/1109
f 833/1160/1111 840/2108/2078 836/1161/1112
f 834/1159/1110 835/1158/1109 847/1163/1113
f 835/1162/1109 836/1161/1112 837/1165/1115
f 831/1167/1116 838/1170/1119 841/1168/1117
f 838/1170/1119 839/1177/1728 842/1171/1120
f 841/1168/1117 842/1171/1120 837/1165/1122
f 843/1172/1123 846/1176/1126 845/1173/1124
f 844/1175/1114 847/1166/1113 846/1176/1126
f 846/1176/1126 842/1171/1128 839/1177/1127
f 847/1166/1113 837/1165/1115 842/1171/1128
f 898/477/436 907/1872/1131 902/1178/1129
f 901/1179/1130 902/1178/1129 914/1182/1133
f 902/1178/1129 903/1181/2079 904/1184/1135
f 899/446/411 905/1187/1138 908/1185/1136
f 905/1187/1138 906/1192/1145 909/1188/1139
f 908/1185/1136 909/1188/1139 904/1184/1141
f 910/1189/1142 913/1191/1144 912/1190/1143
f 911/1183/1134 914/1182/1146 913/1191/1144
f 913/1191/1144 909/1188/1139 906/1192/1145
f 914/1182/1146 904/1184/1141 909/1188/1139
f 935/519/475 938/1195/1149 940/1193/1147
f 938/1195/1149 939/1204/1159 941/1196/1150
f 940/1193/1147 941/1196/1150 942/1198/1152
f 943/1199/1154 946/1203/1158 945/1200/1155
f 944/1202/1157 947/1205/1160 946/1203/1158
f 946/1203/1158 941/1196/1161 939/1204/1159
f 947/1205/1160 942/1198/1166 941/1196/1161
f 937/458/420 948/1863/1164 950/1206/1162
f 949/1207/1163 950/1206/1162 947/1205/1160
f 950/1206/1162 951/1197/1165 942/1198/1166
s 5
f 1002/1209/1167 1005/1212/1170 1007/1210/1168
f 1005/1212/1170 1006/1224/1180 1008/1213/1171
f 1007/1215/1168 1008/1227/1171 1009/1217/1173
f 1010/1218/1175 1013/1222/1179 1012/1219/1176
f 1011/1221/1178 1014/1226/1181 1013/1222/1179
f 1013/1223/1179 1008/1213/1171 1006/1224/1180
f 1014/1226/1181 1009/1217/1173 1008/1227/1171
f 1004/576/527 1015/2091/1184 1017/1228/1182
f 1016/1229/1183 1017/1228/1182 1014/1226/1186
f 1017/1228/1182 1018/1216/1185 1009/1217/1188
f 1039/1231/641 1042/2109/1191 1044/1232/1189
f 1043/1233/1190 1044/1232/1189 1055/1237/1193
f 1044/1232/1189 1045/2110/1192 1046/1239/1195
f 1040/1240/1196 1047/1243/1199 1049/1241/1197
f 1047/1243/1199 1048/1251/1947 1050/1244/1200
f 1049/1241/1197 1050/1244/1200 1046/1245/1202
f 1051/1246/1204 1054/1249/1207 1053/1247/1205
f 1052/1238/1194 1055/1237/1193 1054/1249/1207
f 1054/1250/1207 1050/1244/1209 1048/1251/1208
f 1055/1237/1193 1046/1239/1195 1050/1253/1209
f 1106/664/606 1115/2094/1212 1110/1254/1210
f 1109/1255/1211 1110/1254/1210 1122/1258/1214
f 1110/1254/1210 1111/1257/2080 1112/1260/1216
f 1107/633/581 1113/1263/1219 1116/1261/1217
f 1113/1263/1219 1114/1268/1226 1117/1264/1220
f 1116/1261/1217 1117/1264/1220 1112/1260/1222
f 1118/1265/1223 1121/1267/1225 1120/1266/1224
f 1119/1259/1215 1122/1258/1227 1121/1267/1225
f 1121/1267/1225 1117/1264/1220 1114/1268/1226
f 1122/1258/1227 1112/1260/1222 1117/1264/1220
f 1143/703/643 1146/1271/1230 1149/1269/1228
f 1146/1271/1230 1147/1280/1239 1150/1272/1231
f 1149/1269/1228 1150/1272/1231 1151/1274/1233
f 1152/1275/1234 1155/1279/1238 1154/1276/1235
f 1153/1278/1237 1156/1281/1240 1155/1279/1238
f 1155/1279/1238 1150/1272/1241 1147/1280/1239
f 1156/1281/1240 1151/1274/1246 1150/1272/1241
f 1145/645/590 1148/2088/1244 1158/1282/1242
f 1157/1283/1243 1158/1282/1242 1156/1281/1240
f 1158/1282/1242 1159/1273/2081 1151/1274/1246
s 1
f 222/25/22 1160/24/21 1162/1285/1247
f 225/1286/1248 1162/1285/1247 1163/1287/1249
f 224/1288/1251 1163/1287/1256 1164/1289/1252
f 1164/1289/1252 1161/1295/122 221/1291/160
f 1160/24/21 206/15/12 208/1292/1254
f 1162/1285/1247 208/1292/1254 209/1293/1255
f 1163/1287/1256 209/1293/1294 210/1294/1257
f 210/1294/1257 207/1334/32 1161/1295/122
f 1165/1296/56 1167/1299/1259 230/1297/1258
f 1167/1299/1259 1168/1301/1265 229/1300/1260
f 1168/1301/1261 1169/1306/1267 228/1302/1262
f 228/1302/1262 1169/1306/1267 1166/119/105
f 211/1303/169 213/1304/1264 1167/1299/1259
f 213/1304/1264 214/1305/1333 1168/1301/1265
f 214/1305/1266 215/1375/1335 1169/1306/1267
f 1169/1306/1267 215/1375/1335 212/18/15
f 1170/129/114 1172/1308/1269 205/1307/1268
f 1172/1308/1269 1173/1310/1274 204/1309/1270
f 1173/1310/1271 1174/1314/1275 203/1311/1272
f 203/1311/1272 1174/1314/1275 1171/1312/4
f 222/25/22 225/1286/1248 1172/1308/1269
f 225/1286/1248 224/1288/1250 1173/1310/1274
f 224/1288/1251 223/1290/1253 1174/1314/1275
f 1174/1314/1275 223/1290/1253 221/1291/160
f 217/1315/138 1175/1322/23 1177/1316/1276
f 220/1317/1277 1177/1316/1276 1178/1318/1278
f 219/1319/1280 1178/1318/1283 1179/1320/1281
f 1179/1320/1281 1176/23/20 216/10/8
f 1175/1322/23 227/1298/7 230/1297/1258
f 1177/1316/1276 230/1297/1258 229/1300/1260
f 1178/1318/1283 229/1300/1263 228/1302/1262
f 228/1302/1262 226/21/18 1176/23/20
f 232/1323/139 1180/1330/134 1182/1324/1284
f 235/1325/1285 1182/1324/1284 1183/1326/1286
f 234/1327/1288 1183/1326/1291 1184/1328/1289
f 1184/1328/1289 1181/12/10 231/29/26
f 1180/1330/134 217/1315/138 220/1317/1277
f 1182/1324/1284 220/1317/1277 219/1319/1279
f 1183/1326/1291 219/1319/1280 218/1321/1282
f 218/1321/1282 216/10/8 1181/12/10
f 206/15/12 1185/14/11 1187/1331/1292
f 208/1292/1254 1187/1331/1292 1188/1332/1293
f 209/1293/1294 1188/1332/1298 1189/1333/1295
f 1189/1333/1295 1186/1338/30 207/1334/32
f 1185/14/11 236/44/40 238/1335/1296
f 1187/1331/1292 238/1335/1296 239/1336/1297
f 1188/1332/1298 239/1336/1302 240/1337/1299
f 240/1337/1299 237/1342/29 1186/1338/30
f 236/44/40 1190/53/48 1192/1339/1300
f 238/1335/1296 1192/1339/1300 1193/1340/1301
f 239/1336/1302 1193/1340/1306 1194/1341/1303
f 1194/1341/1303 1191/1346/27 237/1342/29
f 1190/53/48 246/52/47 248/1343/1304
f 1192/1339/1300 248/1343/1304 249/1344/1305
f 1193/1340/1306 249/1344/1324 250/1345/1307
f 250/1345/1307 247/1366/39 1191/1346/27
f 242/1347/170 1195/1354/163 1197/1348/1308
f 245/1349/1309 1197/1348/1308 1198/1350/1310
f 244/1351/1312 1198/1350/1315 1199/1352/1313
f 1199/1352/1313 1196/37/34 241/39/36
f 1195/1354/163 232/1323/139 235/1325/1285
f 1197/1348/1308 235/1325/1285 234/1327/1287
f 1198/1350/1315 234/1327/1288 233/1329/1290
f 233/1329/1290 231/29/26 1196/37/34
f 1200/170/150 1202/1356/1317 272/1355/1316
f 1202/1356/1317 1203/1358/1319 271/1357/1318
f 1203/1358/1319 1204/1360/1321 270/1359/1320
f 1204/1360/1321 1201/133/116 268/1361/45
f 252/725/665 261/724/664 1202/1356/1317
f 261/724/664 255/730/668 1203/1358/1319
f 255/730/668 254/719/659 1204/1360/1321
f 254/719/659 251/716/656 1201/133/116
f 246/52/47 1205/152/133 1207/1362/1322
f 248/1343/1304 1207/1362/1326 1208/1363/1323
f 249/1344/1324 1208/1363/1327 1209/1364/1325
f 250/1345/1307 1209/1364/1325 1206/1365/37
f 1205/152/133 269/168/148 272/1355/1316
f 1207/1362/1326 272/1355/1316 271/1357/1318
f 1208/1363/1327 271/1357/1318 270/1359/1320
f 270/1359/1320 268/1361/45 1206/1365/37
f 252/1367/665 1210/1371/149 1212/1368/1328
f 259/728/663 1212/1368/1328 1213/1369/1329
f 260/726/675 1213/1369/1331 1214/1370/1330
f 265/733/671 1214/1370/1330 1211/46/42
f 1210/1371/149 242/1347/170 245/1349/1309
f 1212/1368/1328 245/1349/1309 244/1351/1311
f 1213/1369/1331 244/1351/1312 243/1353/1314
f 1214/1370/1330 243/1353/1314 241/39/36
f 1215/1372/63 1217/1373/1332 213/1304/1264
f 1217/1373/1332 1218/1374/1337 214/1305/1333
f 1218/1374/1334 1219/1379/1339 215/1375/1335
f 215/1375/1335 1219/1379/1339 1216/162/142
f 278/128/113 280/1395/1336 1217/1376/1332
f 280/1377/1336 281/1378/1355 1218/1374/1337
f 281/1378/1338 282/1398/1357 1219/1379/1339
f 1219/1379/1339 282/1398/1357 279/58/53
f 1220/1/1 1222/1381/1341 277/1380/1340
f 1222/1381/1341 1223/1383/1346 276/1382/1342
f 1223/1383/1343 1224/1386/1347 275/1384/1344
f 275/1385/1344 1224/1387/1347 1221/54/49
f 202/3/3 205/1307/1268 1222/1381/1341
f 205/1307/1268 204/1309/1270 1223/1383/1346
f 204/1309/1273 203/1311/1272 1224/1386/1347
f 1224/1387/1347 203/2111/1272 201/16/13
f 290/752/693 1225/1391/125 1227/1388/1348
f 301/750/691 1227/1388/1348 1228/1389/1349
f 302/743/682 1228/1389/1349 1229/1390/1350
f 292/739/678 1229/1390/1350 1226/120/106
f 1225/1391/125 283/2112/127 285/1392/1351
f 1227/1388/1348 285/1392/1351 286/1393/1352
f 1228/1389/1349 286/1393/1352 287/1394/1353
f 1229/1390/1350 287/1394/1353 284/64/59
f 1230/144/126 1232/1401/1354 280/1395/1336
f 1232/1396/1354 1233/1397/1359 281/1378/1355
f 1233/1397/1356 1234/1399/1358 282/1398/1357
f 1234/1399/1358 1231/66/61 279/58/53
f 290/1400/693 303/2113/692 1232/1401/1354
f 303/751/692 297/754/695 1233/1397/1359
f 297/754/1360 296/748/687 1234/1399/1358
f 296/748/687 289/745/684 1231/66/61
f 1235/146/128 1237/1403/1361 285/1402/1351
f 1237/1403/1361 1238/1405/1363 286/1404/1352
f 1238/1405/1362 1239/1407/1364 287/1406/1353
f 287/1394/1353 1239/1408/1364 1236/62/57
f 274/177/157 277/1380/1340 1237/1403/1361
f 277/1380/1340 276/1382/1342 1238/1405/1363
f 276/1382/1345 275/1384/1344 1239/1407/1364
f 275/1385/1344 273/56/51 1236/62/57
f 1240/142/124 1242/1410/1366 330/1409/1365
f 1242/1410/1366 1243/1412/1368 329/1411/1367
f 1243/1412/1368 1244/1414/1370 328/1413/1369
f 1244/1414/1370 1241/189/167 326/190/168
f 311/91/82 313/1415/1371 1242/1410/1366
f 313/1415/1371 314/1416/1372 1243/1412/1368
f 314/1416/1372 315/1417/1373 1244/1414/1370
f 315/1417/1373 312/188/166 1241/189/167
f 332/85/76 1245/84/75 1247/1418/1374
f 335/1419/1375 1247/1418/1374 1248/1420/1376
f 334/1421/1377 1248/1420/1376 1249/1422/1378
f 333/1423/1379 1249/1422/1378 1246/123/109
f 1245/84/75 316/88/79 318/1424/1380
f 1247/1418/1374 318/1424/1380 319/1425/1381
f 1248/1420/1376 319/1425/1381 320/1426/1382
f 1249/1422/1378 320/1426/1382 317/124/110
f 307/81/72 1250/72/65 1252/1427/1383
f 310/1428/1384 1252/1427/1383 1253/1429/1385
f 309/1430/1386 1253/1429/1385 1254/1431/1387
f 308/1432/1388 1254/1431/1387 1251/140/123
f 1250/72/65 327/71/64 330/1409/1365
f 1252/1427/1383 330/1409/1365 329/1411/1367
f 1253/1429/1385 329/1411/1367 328/1413/1369
f 1254/1431/1387 328/1413/1369 326/190/168
f 1255/86/77 1257/1434/1390 325/1433/1389
f 1257/1434/1390 1258/1436/1392 324/1435/1391
f 1258/1436/1392 1259/1438/1394 323/1437/1393
f 1259/1438/1394 1256/161/141 321/181/161
f 332/85/76 335/1419/1375 1257/1434/1390
f 335/1419/1375 334/1421/1377 1258/1436/1392
f 334/1421/1377 333/1423/1379 1259/1438/1394
f 1260/77/69 1262/1440/1396 340/1439/1395
f 1262/1440/1396 1263/1442/1398 339/1441/1397
f 322/125/111 325/1433/1389 1262/1440/1396
f 325/1433/1389 324/1435/1391 1263/1442/1398
f 324/1435/1391 323/1437/1393 1264/1444/1400
f 323/1437/1393 321/181/161 1261/94/85
f 1265/92/83 1267/1445/1401 313/1415/1371
f 1267/1445/1401 1268/1446/1402 314/1416/1372
f 1269/1447/1403 1266/74/67 312/188/166
f 341/97/87 343/1448/1404 1267/1445/1401
f 343/1448/1404 344/1449/1405 1268/1446/1402
f 344/1449/1405 345/1450/1406 1269/1447/1403
f 345/1450/1406 342/138/121 1266/74/67
f 1270/98/88 1272/1451/1407 343/1448/1404
f 1272/1451/1407 1273/1452/1408 344/1449/1405
f 1273/1452/1408 1274/1453/1409 345/1450/1406
f 1274/1453/1409 1271/182/162 342/138/121
f 351/102/91 353/1454/1410 1272/1451/1407
f 353/1454/1410 354/1455/1411 1273/1452/1408
f 354/1455/1411 355/1456/1412 1274/1453/1409
f 1275/93/84 1277/1458/1414 350/1457/1413
f 1277/1458/1414 1278/1460/1416 349/1459/1415
f 1278/1460/1416 1279/1462/1418 348/1461/1417
f 1279/1462/1418 1276/80/71 346/101/90
f 337/155/135 340/1439/1395 1277/1458/1414
f 340/1439/1395 339/1441/1397 1278/1460/1416
f 339/1441/1397 338/1443/1399 1279/1462/1418
f 338/1443/1399 336/78/70 1276/80/71
f 374/187/165 1280/2100/120 1282/1463/1419
f 377/1464/1420 1282/1463/1419 1283/1465/1421
f 376/1466/1422 1283/1465/1421 1284/1467/1423
f 375/1468/1424 1284/1467/1423 1281/172/152
f 1280/137/120 356/136/119 360/756/698
f 1282/1463/1419 360/760/698 369/762/702
f 1283/1465/1421 369/762/702 368/768/711
f 1284/1467/1423 368/768/711 358/173/153
f 1285/104/93 1287/1470/1425 353/1454/1410
f 1287/1470/1425 1288/1471/1426 354/1455/1411
f 1288/1471/1426 1289/1472/1427 355/1456/1412
f 1289/1472/1427 1286/156/136 352/179/159
f 374/187/165 377/1464/1420 1287/1470/1425
f 377/1464/1420 376/1466/1422 1288/1471/1426
f 376/1466/1422 375/1468/1424 1289/1472/1427
f 375/1468/1424 373/174/154 1286/156/136
f 1290/99/89 1292/1473/1428 364/766/706
f 1292/1473/1428 1293/1474/1429 365/771/714
f 1294/1475/1430 1291/171/151 358/173/153
f 347/185/164 350/1457/1413 1292/1473/1428
f 350/1457/1413 349/1459/1415 1293/1474/1429
f 349/1459/1415 348/1461/1417 1294/1475/1430
f 348/1461/1417 346/101/90 1291/171/151
f 316/88/79 1295/109/96 1297/1476/1431
f 318/1424/1380 1297/1476/1431 1298/1477/1432
f 319/1425/1381 1298/1477/1432 1299/1478/1433
f 1295/109/96 383/110/97 385/1479/1434
f 1298/1477/1432 386/1480/1435 387/1481/1436
f 379/111/98 1300/82/73 1302/1482/1437
f 382/1483/1438 1302/1482/1437 1303/1484/1439
f 381/1485/1440 1303/1484/1439 1304/1486/1441
f 380/1487/1442 1304/1486/1441 1301/115/101
f 1300/82/73 307/81/72 310/1428/1384
f 1302/1482/1437 310/1428/1384 309/1430/1386
f 1303/1484/1439 309/1430/1386 308/1432/1388
f 1304/1486/1441 308/1432/1388 306/106/95
f 1305/122/108 1307/1488/1443 396/774/718
f 1307/1488/1443 1308/1489/1444 397/783/728
f 1308/1489/1444 1309/1490/1445 403/779/724
f 1309/1490/1445 1306/150/132 394/780/725
f 388/118/104 390/1491/1446 1307/1488/1443
f 390/1491/1446 391/1492/1447 1308/1489/1444
f 391/1492/1447 392/1493/1448 1309/1490/1445
f 392/1493/1448 389/147/129 1306/150/132
f 383/110/97 1310/116/102 1312/1494/1449
f 385/1479/1434 1312/1494/1449 1313/1495/1450
f 386/1480/1435 1313/1495/1450 1314/1496/1451
f 387/1481/1436 1314/1496/1451 1311/149/131
f 1310/116/102 395/117/103 407/786/732
f 1312/1494/1449 407/786/732 402/781/726
f 1313/1495/1450 402/781/726 401/778/723
f 1314/1496/1451 401/778/723 394/780/725
f 388/118/104 1315/112/99 1317/1497/1452
f 390/1491/1446 1317/1497/1452 1318/1498/1453
f 391/1492/1447 1318/1498/1453 1319/1499/1454
f 392/1493/1448 1319/1499/1454 1316/148/130
f 1315/112/99 379/111/98 382/1483/1438
f 1317/1497/1452 382/1483/1438 381/1485/1440
f 1318/1498/1453 381/1485/1440 380/1487/1442
f 395/117/103 1320/67/62 1322/1500/1455
f 406/773/1456 1322/1504/1460 1321/175/155
f 1320/67/62 289/745/684 298/747/1457
f 1322/1504/1460 291/740/679 288/176/156
f 1323/47/43 1325/1507/1463 264/1505/1461
f 1325/1506/1462 1324/134/117 251/716/656
f 357/105/94 359/765/705 1325/1507/1463
f 359/1508/699 356/136/119 1324/134/117
s 2
f 1326/258/235 548/274/251 553/945/890
f 1331/252/229 1333/1512/1467 557/951/896
f 1333/1512/1467 1334/1514/1469 558/953/898
f 558/953/898 1334/1514/1469 1335/1513/1468
f 567/230/208 572/961/906 1333/1512/1467
f 572/961/906 582/964/909 1334/1514/1469
f 1334/1514/1469 582/964/909 581/974/919
f 1335/1513/1468 581/974/919 569/267/244
s 3
f 1338/1516/1470 1339/1519/1473 577/1517/1471
f 1336/287/264 531/288/265 541/932/878
s 2
f 1339/1518/1472 533/924/870 530/242/219
f 200/297/274 1340/294/271 1342/1521/1475
f 525/919/864 1342/1521/1475 1343/1522/1476
f 1343/1522/1476 1344/1523/1477 517/905/849
f 1340/294/271 549/253/230 559/952/897
f 1342/1521/1475 559/952/897 552/946/891
f 552/946/891 551/944/889 1344/1523/1477
f 551/944/889 548/274/251 1341/273/250
s 3
f 1345/248/225 1347/1524/1478 539/933/879
f 1347/1524/1478 1348/1529/1481 540/1525/1479
f 1345/248/225 514/250/227 522/912/856
f 1347/1524/1478 522/912/856 516/917/860
f 1349/249/226 1351/1534/1482 520/1531/857
f 1351/1532/1482 1352/1535/1486 521/922/1483
s 2
f 1352/1533/1484 1350/229/207 200/297/1485
s 3
f 1349/249/226 568/298/275 578/968/913
f 1351/1532/1482 578/972/913 571/962/917
s 2
f 1352/1533/1484 570/960/905 567/230/208
f 436/207/185 1353/163/143 1355/1536/1487
f 439/1537/1488 1355/1536/1487 1356/1538/1489
f 441/1541/1493 1357/1540/1492 1354/245/222
f 410/165/145 415/789/737 1355/1536/1487
f 415/789/737 422/792/740 1356/1538/1489
f 422/792/740 423/801/748 1357/1540/1492
f 1358/257/234 412/243/220 423/802/748
f 1361/1544/1497 419/796/744 418/793/741
f 1363/313/290 1365/1547/1499 441/1546/1493
f 1365/1547/1499 1366/1548/1501 442/824/1500
f 1366/1548/1501 1367/1549/1503 444/819/1502
f 1367/1549/1503 1364/246/223 438/232/210
f 1366/1548/1501 452/835/1504 451/834/778
f 1367/1549/1503 451/834/778 446/831/777
f 465/296/273 1368/217/195 1370/1551/1505
f 468/850/797 1370/1551/1505 1371/1552/1506
f 469/861/799 1371/1552/1506 1372/1553/1507
f 473/860/806 1372/1553/1507 1369/277/254
f 425/219/197 429/804/750 1370/1551/1505
f 429/804/750 433/807/1508 1371/1552/1506
f 433/807/1508 434/1554/1509 1372/1553/1507
f 434/1554/1509 427/275/252 1369/277/254
f 479/270/247 1373/271/248 1375/1555/1510
f 487/867/1511 1375/1555/1510 1376/1556/1512
f 1816/1557/1513 1376/1556/1512 1377/1558/1514
f 485/1559/1515 1377/1558/1514 1374/334/310
f 467/261/238 477/863/809 1375/1555/1510
f 477/863/809 472/857/804 1376/1556/1512
f 472/857/804 473/859/806 1377/1558/1514
f 473/859/806 466/318/295 1374/334/310
f 1378/206/184 1380/1561/1516 485/1560/1515
f 1380/1561/1516 1381/1562/1518 484/875/1517
f 1381/1562/1518 1382/1563/1520 487/873/1519
f 1382/1563/1520 1379/263/240 481/268/245
f 1378/206/184 427/275/252 434/1564/1509
f 1380/1561/1516 434/1564/1509 433/1565/1521
f 1381/1562/1518 433/1565/1521 432/1566/753
f 1382/1563/1520 432/1566/753 426/808/752
f 1383/255/232 1385/1568/1523 462/1567/1522
f 463/2114/794 462/1567/1522 1815/844/1525
f 462/1567/1522 1385/1568/1523 1815/844/1525
f 1387/1570/1526 1384/293/270 455/340/316
f 1383/255/232 489/278/255 496/886/1527
f 1385/1568/1523 496/886/1527 492/887/824
f 1386/1569/1524 492/887/824 491/876/822
f 1387/1570/1526 491/876/822 488/291/268
f 1390/1571/1528 1391/1572/1529 497/891/829
f 1388/324/300 504/325/301 509/1574/1531
f 1393/338/314 1395/1577/1534 509/1576/1531
f 1396/1578/1536 1397/1579/1537 512/899/843
f 1397/1579/1537 1394/284/261 505/290/267
f 1395/1577/1534 462/1580/1522 463/848/1538
f 1396/1578/1536 463/848/1538 460/849/792
f 1397/1579/1537 460/849/792 456/845/791
f 587/992/307 1398/1584/306 1400/1581/1539
f 598/990/941 1400/1581/1539 1401/1582/1540
f 599/984/930 1401/1582/1540 1402/1583/1541
f 589/980/926 1402/1583/1541 1399/281/258
f 1398/1584/306 604/1004/308 613/1003/955
f 1400/1581/1539 613/1003/955 607/997/949
f 1401/1582/1540 607/997/949 606/995/947
f 606/995/947 603/317/294 1399/281/258
f 1403/305/282 1405/1585/1542 624/1014/964
f 1407/1587/1544 1404/1588/198 622/1021/200
f 1408/306/283 1410/1589/1545 593/988/934
f 1410/1589/1545 1411/1590/1546 594/994/944
f 1411/1590/1546 1412/1591/1547 600/991/942
f 1412/1591/1547 1409/1592/199 587/992/307
f 1408/306/283 623/308/285 636/1027/977
f 1410/1589/1545 636/1027/977 631/1022/972
f 1411/1590/1546 631/1022/972 630/1019/970
f 1412/1591/1547 630/1019/970 622/1021/200
f 1413/1593/297 1415/1594/1548 652/1041/993
f 1415/1594/1548 1416/1595/1549 653/1033/985
f 1416/1595/1549 1417/1596/1550 644/1029/981
f 1417/1596/1550 1414/224/202 639/1030/982
f 658/1055/299 668/1054/1006 1415/1594/1548
f 668/1054/1006 661/1058/1010 1416/1595/1549
f 661/1058/1010 660/1048/998 1417/1596/1550
f 660/1048/998 657/337/313 1414/224/202
f 676/1078/312 1418/1600/311 1420/1597/1551
f 687/1076/1031 1420/1597/1551 1421/1598/1552
f 688/1070/1024 1421/1598/1552 1422/1599/1553
f 678/1066/1020 1422/1599/1553 1419/210/188
f 1418/1600/311 641/1043/296 654/1042/994
f 1420/1597/1551 654/1042/994 648/1038/990
f 1421/1598/1552 648/1038/990 647/1036/988
f 1422/1599/1553 647/1036/988 640/310/287
f 1423/309/286 1425/1601/1554 682/1074/1028
f 1425/1601/1554 1426/1602/1555 683/1080/1034
f 1426/1602/1555 1427/1603/1556 689/1077/1032
f 1427/1603/1556 1424/1604/298 676/1078/312
f 1423/309/286 659/1059/1011 672/1061/1013
f 1425/1601/1554 672/1061/1013 667/1056/1007
f 1426/1602/1555 667/1056/1007 666/1053/1005
f 1427/1603/1556 666/1053/1005 658/1055/299
f 1428/329/305 1430/1605/1557 695/1083/1037
f 1430/1605/1557 1431/1606/1558 696/1092/1045
f 1431/1606/1558 1432/1607/1559 702/1093/1042
f 1432/1607/1559 1429/1608/181 693/1089/191
f 709/1101/1054 714/1100/1053 1430/1605/1557
f 714/1100/1053 723/1104/1057 1431/1606/1558
f 723/1104/1057 722/1112/1065 1432/1607/1559
f 722/1112/1065 711/1114/179 1429/1608/181
f 717/1107/1060 1435/1609/1560 1436/1610/1561
f 1433/200/178 727/1117/1068 732/1119/1070
f 1436/1610/1561 740/1123/1074 739/1130/1083
f 1437/1611/1562 739/1130/1083 729/1132/303
f 1438/303/280 1440/1613/1563 735/1128/1080
f 1440/1613/1563 1441/1614/1564 736/1134/1087
f 1441/1614/1564 1442/1615/1565 741/1131/1084
f 1442/1615/1565 1439/1616/190 729/1132/303
f 1438/303/280 694/1095/1047 706/1097/1049
f 1440/1613/1563 706/1097/1049 701/1090/1043
f 1441/1614/1564 701/1090/1043 700/1087/1041
f 1442/1615/1565 700/1087/1041 693/1089/191
f 1443/164/144 1445/1617/1566 413/788/736
f 1445/1617/1566 1446/1618/1568 414/790/1567
f 1446/1618/1568 1447/1619/1569 420/794/742
f 1447/1619/1569 1444/236/214 411/795/743
f 603/317/294 608/996/948 1445/1617/1566
f 608/996/948 617/999/951 1446/1618/1568
f 617/999/951 616/1009/959 1447/1619/1569
f 616/1009/959 605/304/281 1444/236/214
f 623/308/285 1448/247/224 1450/1620/1570
f 635/1017/968 1450/1623/1571 1451/1622/1571
f 626/1013/963 1451/1622/1573 1449/314/291
f 1448/247/224 446/831/777 453/833/779
f 1450/1623/1571 453/827/2082 448/825/1572
f 1451/1622/1573 448/825/770 445/315/292
f 1452/218/196 1454/1625/1577 428/803/749
f 431/810/754 1454/1624/1579 1453/264/241
f 1452/218/196 657/337/313 662/1047/997
f 670/1062/1581 659/1059/1011 1453/264/241
f 674/1064/1018 1455/209/187 1457/1627/1582
f 677/1067/1021 1457/1627/1587 1458/1628/1584
f 1458/1630/1586 1456/269/246 675/311/288
f 1455/209/187 479/270/247 482/866/811
f 1457/1627/1587 482/866/1588 486/871/1588
f 486/872/817 481/268/245 1456/269/246
f 490/283/260 1459/282/259 1461/1631/1589
f 1461/1631/1589 1462/1632/1591 500/881/1590
f 1462/1632/1591 1463/1633/1592 493/877/823
f 1463/1633/1592 1460/328/304 488/291/268
f 1459/282/259 710/301/278 719/1108/1061
f 1461/1631/1589 719/1108/1061 713/1102/1055
f 713/1102/1055 712/1099/1052 1463/1633/1592
f 712/1099/1052 709/1101/1054 1460/328/304
f 694/1095/1047 1464/285/262 1466/1634/1593
f 1466/1636/1594 1465/339/315 692/341/317
f 1464/285/262 456/845/791 461/847/793
f 458/839/1596 455/340/316 1465/339/315
f 585/978/924 1467/280/257 1469/1638/1597
f 1470/1641/1599 1468/234/212 586/307/284
f 1467/280/257 436/207/185 443/815/1600
f 443/818/1601 438/232/210 1468/234/212
f 1471/262/239 1473/1642/1602 475/862/808
f 1473/1642/1602 1474/1644/1605 476/855/1603
f 476/855/1603 1474/1644/1605 1475/1643/1604
f 1475/1643/1604 1472/223/201 465/296/273
f 640/310/287 649/1037/989 1473/1642/1602
f 1473/1642/1602 649/1037/989 643/1031/983
f 1474/1644/1605 643/1031/983 642/1028/980
f 642/1028/980 639/1030/982 1472/223/201
f 1476/289/266 1478/1646/1611 511/898/842
s 31
f 511/897/1606 1478/1647/1614 1479/1645/1607
s 2
f 1479/1645/1609 1477/199/177 503/196/174
f 728/302/279 737/1127/1079 1478/1646/1611
s 31
f 731/1121/1613 730/1120/2083 1479/1645/1607
s 2
f 1479/1645/1609 730/1120/1071 727/1117/1068
s 4
f 764/366/339 1480/365/338 1482/1648/1615
f 767/1650/1616 1482/1656/1615 1483/1651/1617
f 766/1652/1619 1483/1651/1624 1484/1653/1620
f 1484/1653/1620 1481/480/439 763/521/477
f 1480/365/338 748/356/329 750/1655/1622
f 1482/1656/1615 750/1694/1622 751/1657/1623
f 1483/1651/1624 751/1657/1662 752/1658/1625
f 752/1658/1625 749/376/348 1481/480/439
f 1485/402/372 1487/1660/1627 772/1659/1626
f 1487/1660/1627 1488/1662/1633 771/1661/1628
f 1488/1662/1629 1489/1667/1635 770/1663/1630
f 770/1664/1630 1489/1668/1635 1486/460/422
f 753/530/486 755/1665/1632 1487/1660/1627
f 755/1665/1632 756/1666/1701 1488/1662/1633
f 756/1666/1634 757/1738/1703 1489/1667/1635
f 1489/1668/1635 757/1739/1703 754/359/332
f 1490/470/431 1492/1675/1637 747/1669/1636
f 1492/1670/1637 1493/1673/1642 746/1671/1638
f 1493/1673/1639 1494/1676/1643 745/1674/1640
f 745/1674/1640 1494/1676/1643 1491/345/321
f 764/366/339 767/1649/1616 1492/1675/1637
f 767/1650/1616 766/1652/1618 1493/1673/1642
f 766/1652/1619 765/1654/1621 1494/1676/1643
f 1494/1676/1643 765/1654/1621 763/521/477
f 759/499/456 1495/367/340 1497/1677/1644
f 762/1678/1645 1497/1677/1644 1498/1679/1646
f 761/1680/1648 1498/1679/1651 1499/1681/1649
f 1499/1683/1649 1496/364/337 758/351/325
f 1495/367/340 769/349/324 772/1659/1626
f 1497/1677/1644 772/1659/1626 771/1661/1628
f 1498/1679/1651 771/1661/1631 770/1663/1630
f 770/1664/1630 768/362/335 1496/364/337
f 774/500/457 1500/494/452 1502/1685/1652
f 777/1686/1653 1502/1685/1652 1503/1687/1654
f 776/1688/1656 1503/1687/1659 1504/1689/1657
f 1504/1691/1657 1501/353/327 773/370/342
f 1500/494/452 759/499/456 762/1678/1645
f 1502/1685/1652 762/1678/1645 761/1680/1647
f 1503/1687/1659 761/1680/1648 760/1682/1650
f 760/1684/1650 758/351/325 1501/353/327
f 748/356/329 1505/355/328 1507/1693/1660
f 750/1694/1622 1507/1698/1660 1508/1695/1661
f 751/1657/1662 1508/1695/1666 1509/1696/1663
f 1509/1696/1663 1506/374/346 749/376/348
f 1505/355/328 778/385/356 780/1697/1664
f 1507/1698/1660 780/1703/1664 781/1699/1665
f 1508/1695/1666 781/1699/1670 782/1700/1667
f 782/1700/1667 779/373/345 1506/374/346
f 778/1701/356 1510/1706/364 1512/1702/1668
f 780/1703/1664 1512/1702/1668 1513/1704/1669
f 781/1699/1670 1513/1704/1674 1514/1705/1671
f 1514/1705/1671 1511/371/343 779/373/345
f 1510/1706/364 788/1727/363 790/1707/1672
f 1512/1702/1668 790/1707/1672 791/1708/1673
f 1513/1704/1674 791/1708/1692 792/1709/1675
f 792/1709/1675 789/383/355 1511/371/343
f 784/531/487 1515/524/480 1517/1710/1676
f 787/1711/1677 1517/1710/1676 1518/1712/1678
f 786/1713/1680 1518/1712/1683 1519/1714/1681
f 1519/1714/1681 1516/1717/350 783/1716/352
f 1515/524/480 774/500/457 777/1686/1653
f 1517/1710/1676 777/1686/1653 776/1688/1655
f 1518/1712/1683 776/1688/1656 775/1690/1658
f 775/1690/1658 773/2115/342 1516/1717/350
f 1520/1718/467 1522/1721/1685 814/1719/1684
f 1522/1721/1685 1523/1723/1687 813/1722/1686
f 1523/1723/1687 1524/1725/1689 812/1724/1688
f 1524/1725/1689 1521/474/433 810/390/361
f 794/1726/1097 803/1149/1096 1522/1721/1685
f 803/1149/1096 797/1148/1100 1523/1723/1687
f 797/1148/1100 796/1138/1091 1524/1725/1689
f 796/1138/1091 793/1135/1088 1521/474/433
f 788/1727/363 1525/1731/451 1527/1728/1690
f 790/1707/1672 1527/1728/1694 1528/1729/1691
f 791/1708/1692 1528/1729/1695 1529/1730/1693
f 792/1709/1675 1529/1730/1693 1526/381/353
f 1525/1731/451 811/1720/465 814/1719/1684
f 1527/1728/1694 814/1719/1684 813/1722/1686
f 1528/1729/1695 813/1722/1686 812/1724/1688
f 812/1724/1688 810/390/361 1526/381/353
f 794/1144/1097 1530/510/466 1532/1732/1696
f 801/1142/1095 1532/1732/1696 1533/1733/1697
f 802/1145/1107 1533/1733/1699 1534/1734/1698
f 807/1153/1103 1534/1734/1698 1531/1735/358
f 1530/510/466 784/531/487 787/1711/1677
f 1532/1732/1696 787/1711/1677 786/1713/1679
f 1533/1733/1699 786/1713/1680 785/1715/1682
f 1534/1734/1698 785/1715/1682 783/1716/352
f 1535/410/379 1537/1736/1700 755/1665/1632
f 1537/1736/1700 1538/1737/1705 756/1666/1701
f 1538/1737/1702 1539/1742/1707 757/1738/1703
f 757/1739/1703 1539/1743/1707 1536/503/459
f 820/469/430 822/1740/1704 1537/1736/1700
f 822/1740/1704 823/1741/1723 1538/1737/1705
f 823/1741/1706 824/1762/1725 1539/1742/1707
f 1539/1743/1707 824/1764/1725 821/399/369
f 1540/342/318 1542/1750/1709 819/1744/1708
f 1542/1745/1709 1543/1748/1714 818/1746/1710
f 1543/1748/1711 1544/1751/1715 817/1749/1712
f 817/1749/1712 1544/1751/1715 1541/395/365
f 744/344/320 747/1669/1636 1542/1750/1709
f 747/1672/1636 746/1671/1638 1543/1748/1714
f 746/1671/1641 745/1674/1640 1544/1751/1715
f 1544/1751/1715 745/1674/1640 743/357/330
f 832/1174/1125 1545/484/442 1547/1752/1716
f 843/1753/1123 1547/1757/1716 1548/1754/1717
f 844/1164/1114 1548/1754/1717 1549/1755/1718
f 834/1159/1110 1549/1755/1718 1546/461/423
f 1545/484/442 825/486/444 827/1756/1719
f 1547/1757/1716 827/1768/1719 828/1758/1720
f 1548/1754/1717 828/1758/1720 829/1759/1721
f 1549/1755/1718 829/1759/1721 826/405/375
f 1550/485/443 1552/1760/1722 822/1740/1704
f 1552/1760/1722 1553/1761/1727 823/1741/1723
f 1553/1761/1724 1554/1765/1726 824/1762/1725
f 1554/1763/1726 1551/407/377 821/399/369
f 832/1174/1125 845/1173/1124 1552/1760/1722
f 845/1173/1124 839/1177/1127 1553/1761/1727
f 839/1177/1728 838/1170/1119 1554/1765/1726
f 838/1766/1119 831/2101/1116 1551/407/377
f 1555/487/445 1557/1770/1729 827/1756/1719
f 1557/1767/1729 1558/1769/1731 828/1758/1720
f 1558/1769/1730 1559/1771/1732 829/1759/1721
f 829/1759/1721 1559/1771/1732 1556/403/373
f 816/518/474 819/1744/1708 1557/1770/1729
f 819/1747/1708 818/1746/1710 1558/1769/1731
f 818/1746/1713 817/1749/1712 1559/1771/1732
f 817/1749/1712 815/397/367 1556/403/373
f 1560/483/441 1562/1773/1734 872/1772/1733
f 1562/1773/1734 1563/1775/1736 871/1774/1735
f 1563/1775/1736 1564/1777/1738 870/1776/1737
f 1564/1777/1738 1561/528/484 868/529/485
f 853/432/398 855/1778/1739 1562/1773/1734
f 855/1778/1739 856/1779/1740 1563/1775/1736
f 856/1779/1740 857/1780/1741 1564/1777/1738
f 857/1780/1741 854/527/483 1561/528/484
f 874/426/392 1565/425/391 1567/1781/1742
f 877/1782/1743 1567/1781/1742 1568/1783/1744
f 876/1784/1745 1568/1783/1744 1569/1785/1746
f 875/1786/1747 1569/1785/1746 1566/464/426
f 1565/425/391 858/429/395 860/1787/1748
f 1567/1781/1742 860/1787/1748 861/1788/1749
f 1568/1783/1744 861/1788/1749 862/1789/1750
f 1569/1785/1746 862/1789/1750 859/465/427
f 849/422/388 1570/413/381 1572/1790/1751
f 852/1791/1752 1572/1790/1751 1573/1792/1753
f 850/1795/1756 1574/1794/1755 1571/481/440
f 1570/413/381 869/412/380 872/1772/1733
f 1572/1790/1751 872/1772/1733 871/1774/1735
f 1573/1792/1753 871/1774/1735 870/1776/1737
f 1574/1794/1755 870/1776/1737 868/529/485
f 1575/427/393 1577/1797/1758 867/1796/1757
f 1577/1797/1758 1578/1799/1760 866/1798/1759
f 1578/1799/1760 1579/1801/1762 865/1800/1761
f 1579/1801/1762 1576/502/458 863/522/478
f 874/426/392 877/1782/1743 1577/1797/1758
f 877/1782/1743 876/1784/1745 1578/1799/1760
f 876/1784/1745 875/1786/1747 1579/1801/1762
f 1580/418/385 1582/1803/1764 882/1802/1763
f 1582/1803/1764 1583/1805/1766 881/1804/1765
f 1583/1805/1766 1584/1807/1768 880/1806/1767
f 1584/1807/1768 1581/435/401 878/419/386
f 867/1796/1757 866/1798/1759 1583/1805/1766
f 866/1798/1759 865/1800/1761 1584/1807/1768
f 865/1800/1761 863/522/478 1581/435/401
f 1585/433/399 1587/1808/1769 855/1778/1739
f 1587/1808/1769 1588/1809/1770 856/1779/1740
f 1588/1809/1770 1589/1810/1771 857/1780/1741
f 883/438/403 885/1811/1772 1587/1808/1769
f 885/1811/1772 886/1812/1773 1588/1809/1770
f 886/1812/1773 887/1813/1774 1589/1810/1771
f 887/1813/1774 884/479/438 1586/415/383
f 1590/439/404 1592/1814/1775 885/1811/1772
f 1592/1814/1775 1593/1815/1776 886/1812/1773
f 1593/1815/1776 1594/1816/1777 887/1813/1774
f 1594/1816/1777 1591/523/479 884/479/438
f 893/443/408 895/1817/1778 1592/1814/1775
f 895/1817/1778 896/1818/1779 1593/1815/1776
f 896/1818/1779 897/1819/1780 1594/1816/1777
f 897/1819/1780 894/520/476 1591/523/479
f 1595/434/400 1597/1821/1782 892/1820/1781
f 1597/1821/1782 1598/1823/1784 891/1822/1783
f 1598/1823/1784 1599/1825/1786 890/1824/1785
f 1599/1825/1786 1596/421/387 888/442/407
f 879/496/453 882/1802/1763 1597/1821/1782
f 881/1804/1765 880/1806/1767 1599/1825/1786
f 880/1806/1767 878/419/386 1596/421/387
f 916/526/482 1600/478/437 1602/1826/1787
f 919/1827/1788 1602/1826/1787 1603/1828/1789
f 918/1829/1790 1603/1828/1789 1604/1830/1791
f 917/1831/1792 1604/1830/1791 1601/513/469
f 1600/478/437 898/477/436 901/1179/1130
f 1602/1826/1787 901/1179/1130 911/1183/1134
f 1603/1828/1789 911/1183/1134 910/1189/1142
f 1604/1830/1791 910/1189/1142 900/514/470
f 1605/445/410 1607/1832/1793 895/1817/1778
f 1607/1832/1793 1608/1833/1794 896/1818/1779
f 1608/1833/1794 1609/1834/1795 897/1819/1780
f 1609/1834/1795 1606/497/454 894/520/476
f 916/526/482 919/1827/1788 1607/1832/1793
f 919/1827/1788 918/1829/1790 1608/1833/1794
f 918/1829/1790 917/1831/1792 1609/1834/1795
f 917/1831/1792 915/515/471 1606/497/454
f 1612/1835/1796 1613/1836/1797 906/1192/1145
f 1613/1836/1797 1614/1837/1798 912/1190/1143
f 889/525/481 892/1820/1781 1612/1835/1796
f 892/1820/1781 891/1822/1783 1613/1836/1797
f 891/1822/1783 890/1824/1785 1614/1837/1798
f 890/1824/1785 888/442/407 1611/512/468
f 858/429/395 1615/450/413 1617/1838/1799
f 860/1787/1748 1617/1838/1799 1618/1839/1800
f 861/1788/1749 1618/1839/1800 1619/1840/1801
f 862/1789/1750 1619/1840/1801 1616/507/463
f 1615/450/413 925/451/414 927/1841/1802
f 1619/1840/1801 929/1843/1804 926/471/432
f 921/452/415 1620/423/389 1622/1844/1805
f 924/1845/1806 1622/1844/1805 1623/1846/1807
f 923/1847/1808 1623/1846/1807 1624/1848/1809
f 1620/423/389 849/422/388 852/1791/1752
f 1622/1844/1805 852/1791/1752 851/1793/1754
f 1623/1846/1807 851/1793/1754 850/1795/1756
f 1624/1848/1809 850/1795/1756 848/447/412
f 1625/463/425 1627/1850/1811 938/1195/1149
f 1627/1850/1811 1628/1851/1812 939/1204/1159
f 1628/1851/1812 1629/1852/1813 945/1200/1155
f 1629/1852/1813 1626/491/449 936/1201/1156
f 930/459/421 932/1853/1814 1627/1850/1811
f 932/1853/1814 933/1854/1815 1628/1851/1812
f 933/1854/1815 934/1855/1816 1629/1852/1813
f 934/1855/1816 931/488/446 1626/491/449
f 925/451/414 1630/457/419 1632/1856/1817
f 927/1841/1802 1632/1856/1817 1633/1857/1818
f 928/1842/1803 1633/1857/1818 1634/1858/1819
f 929/1843/1804 1634/1858/1819 1631/490/448
f 1630/457/419 937/458/420 949/1207/1163
f 1632/1856/1817 949/1207/1163 944/1202/1157
f 1633/1857/1818 944/1202/1157 943/1199/1154
f 1634/1858/1819 943/1199/1154 936/1201/1156
f 930/459/421 1635/453/416 1637/1859/1820
f 932/1853/1814 1637/1859/1820 1638/1860/1821
f 933/1854/1815 1638/1860/1821 1639/1861/1822
f 934/1855/1816 1639/1861/1822 1636/489/447
f 1635/453/416 921/452/415 924/1845/1806
f 1637/1859/1820 924/1845/1806 923/1847/1808
f 1638/1860/1821 923/1847/1808 922/1849/1810
f 1639/1861/1822 922/1849/1810 920/455/417
f 937/458/420 1640/408/378 1642/1862/1823
f 948/1194/1824 1642/1868/1828 1641/516/472
f 1640/408/378 831/2101/1116 840/1864/1825
f 1642/1868/1828 833/1867/1111 830/517/473
f 1643/388/359 1645/1871/1832 806/1869/1829
f 1645/1870/1830 1644/475/434 793/1135/1088
f 1643/388/359 899/446/411 907/1186/1137
f 907/1872/1833 898/477/2084 1644/475/434
s 5
f 973/553/506 1646/552/505 1648/1873/1834
f 976/1874/1835 1648/1873/1834 1649/1875/1836
f 975/1876/1838 1649/1875/1843 1650/1877/1839
f 1650/1877/1839 1647/2116/609 972/1879/645
f 1646/552/505 957/543/496 959/1880/1841
f 1648/1873/1834 959/1880/1841 960/1881/1842
f 1649/1875/1843 960/1881/1881 961/1882/1844
f 961/1883/1844 958/563/515 1647/667/609
f 1651/1885/540 1653/1888/1846 981/1886/1845
f 1653/1888/1846 1654/1890/1852 980/1889/1847
f 1654/1890/1848 1655/1895/1854 979/1891/1849
f 979/1891/1849 1655/1895/1854 1652/647/592
f 962/1892/654 964/1893/1851 1653/1888/1846
f 964/1893/1851 965/1894/1920 1654/1890/1852
f 965/1894/1853 966/1965/1922 1655/1895/1854
f 1655/1895/1854 966/1965/1922 963/546/499
f 1656/657/601 1658/1897/1856 956/1896/1855
f 1658/1897/1856 1659/1899/1861 955/1898/1857
f 1659/1899/1858 1660/1903/1862 954/1900/1859
f 954/1900/1859 1660/1903/1862 1657/1901/488
f 973/553/506 976/1874/1835 1658/1897/1856
f 976/1874/1835 975/1876/1837 1659/1899/1861
f 975/1876/1838 974/1878/1840 1660/1903/1862
f 1660/1903/1862 974/1878/1840 972/1879/645
f 968/1904/627 1661/1911/507 1663/1905/1863
f 971/1906/1864 1663/1905/1863 1664/1907/1865
f 970/1908/1867 1664/1907/1870 1665/1909/1868
f 1665/1909/1868 1662/551/504 967/538/492
f 1661/1911/507 978/1887/491 981/1886/1845
f 1663/1905/1863 981/1886/1845 980/1889/1847
f 1664/1907/1870 980/1889/1850 979/1891/1849
f 979/1891/1849 977/549/502 1662/551/504
f 983/1912/628 1666/1919/622 1668/1913/1871
f 986/1914/1872 1668/1913/1871 1669/1915/1873
f 985/1916/1875 1669/1915/1878 1670/1917/1876
f 1670/1917/1876 1667/540/494 982/557/509
f 1666/1919/622 968/1904/627 971/1906/1864
f 1668/1913/1871 971/1906/1864 970/1908/1866
f 1669/1915/1878 970/1908/1867 969/1910/1869
f 969/1910/1869 967/538/492 1667/540/494
f 957/543/496 1671/542/495 1673/1920/1879
f 959/1880/1841 1673/1920/1879 1674/1921/1880
f 960/1881/1881 1674/1921/1885 1675/1922/1882
f 1675/1923/1882 1672/561/513 958/563/515
f 1671/542/495 987/572/523 989/1924/1883
f 1673/1920/1879 989/1924/1883 990/1925/1884
f 1674/1921/1885 990/1925/1889 991/1926/1886
f 991/1927/1886 988/560/512 1672/561/513
f 987/572/523 1676/581/532 1678/1928/1887
f 989/1924/1883 1678/1928/1887 1679/1929/1888
f 990/1925/1889 1679/1929/1893 1680/1930/1890
f 1680/1931/1890 1677/558/510 988/560/512
f 1676/581/532 997/580/531 999/1932/1891
f 1678/1928/1887 999/1932/1891 1000/1933/1892
f 1679/1929/1893 1000/1933/1911 1001/1934/1894
f 1001/1935/1894 998/570/522 1677/558/510
f 993/1936/655 1681/1943/648 1683/1937/1895
f 996/1938/1896 1683/1937/1895 1684/1939/1897
f 995/1940/1899 1684/1939/1902 1685/1941/1900
f 1685/1941/1900 1682/565/517 992/567/519
f 1681/1943/648 983/1912/628 986/1914/1872
f 1683/1937/1895 986/1914/1872 985/1916/1874
f 1684/1939/1902 985/1916/1875 984/1918/1877
f 984/1918/1877 982/557/509 1682/565/517
f 1686/695/635 1688/1945/1904 1023/1944/1903
f 1688/1945/1904 1689/1947/1906 1022/1946/1905
f 1689/1947/1906 1690/1952/1908 1021/1948/1907
f 1690/1949/1908 1687/661/603 1019/577/528
f 1003/1951/1177 1012/1225/1176 1688/1945/1904
f 1012/1225/1176 1006/1224/1180 1689/1947/1906
f 1006/1224/1180 1005/1212/1170 1690/1952/1908
f 1005/1953/1170 1002/2093/2060 1687/661/603
f 997/580/531 1691/680/621 1693/1954/1909
f 999/1932/1891 1693/1954/1913 1694/1955/1910
f 1000/1933/1911 1694/1955/1914 1695/1956/1912
f 1001/1935/1894 1695/1957/1912 1692/568/520
f 1691/680/621 1020/693/633 1023/1944/1903
f 1693/1954/1913 1023/1944/1903 1022/1946/1905
f 1694/1955/1914 1022/1946/1905 1021/1948/1907
f 1021/1950/1907 1019/577/528 1692/568/520
f 1003/1220/1177 1696/1961/634 1698/1958/1915
f 1010/1218/1175 1698/1958/1915 1699/1959/1916
f 1011/1221/1187 1699/1959/1918 1700/1960/1917
f 1016/1229/1183 1700/1960/1917 1697/574/525
f 1696/1961/634 993/1936/655 996/1938/1896
f 1698/1958/1915 996/1938/1896 995/1940/1898
f 1699/1959/1918 995/1940/1899 994/1942/1901
f 1700/1960/1917 994/1942/1901 992/567/519
f 1701/1962/547 1703/1963/1919 964/1893/1851
f 1703/1963/1919 1704/1964/1924 965/1894/1920
f 1704/1964/1921 1705/1969/1926 966/1965/1922
f 966/1965/1922 1705/1969/1926 1702/690/630
f 1029/1966/600 1031/1967/1923 1703/1963/1919
f 1031/1967/1923 1032/1968/1942 1704/1964/1924
f 1032/1968/1925 1033/1989/1944 1705/1969/1926
f 1705/1969/1926 1033/1989/1944 1030/586/537
f 1706/504/460 1708/1971/1928 1028/1970/1927
f 1708/1971/1928 1709/1973/1933 1027/1972/1929
f 1709/1973/1930 1710/1977/1934 1026/1974/1931
f 1026/1974/1931 1710/1977/1934 1707/1975/533
f 953/506/462 956/1896/1855 1708/1971/1928
f 956/1896/1855 955/1898/1857 1709/1973/1933
f 955/1898/1860 954/1900/1859 1710/1977/1934
f 1710/1977/1934 954/1900/1859 952/1902/497
f 1041/1248/1206 1711/671/612 1713/1978/1935
f 1051/1246/1204 1713/1978/1935 1714/1979/1936
f 1052/1238/1194 1714/1979/1936 1715/1980/1937
f 1043/1981/1190 1715/1985/1937 1712/648/593
f 1711/671/612 1034/673/614 1036/1982/1938
f 1713/1978/1935 1036/1982/1938 1037/1983/1939
f 1714/1979/1936 1037/1983/1939 1038/1984/1940
f 1715/1985/1937 1038/2117/1940 1035/592/543
f 1716/1986/613 1718/1987/1941 1031/1967/1923
f 1718/1987/1941 1719/1988/1946 1032/1968/1942
f 1719/1988/1943 1720/1990/1945 1033/1989/1944
f 1720/1990/1945 1717/594/545 1030/586/537
f 1041/1991/1206 1053/1252/1205 1718/1987/1941
f 1053/1252/1205 1048/1251/1208 1719/1988/1946
f 1048/1251/1947 1047/1243/1199 1720/1990/1945
f 1047/1243/1199 1040/1240/1196 1717/594/545
f 1721/674/615 1723/1992/1948 1036/1982/1938
f 1723/1992/1948 1724/1993/1950 1037/1983/1939
f 1724/1993/1949 1725/1996/1951 1038/1984/1940
f 1038/1984/1940 1725/1996/1951 1722/1994/541
f 1025/702/642 1028/1970/1927 1723/1992/1948
f 1028/1970/1927 1027/1972/1929 1724/1993/1950
f 1027/1972/1932 1026/1974/1931 1725/1996/1951
f 1026/1974/1931 1024/1976/535 1722/1994/541
f 1726/670/611 1728/1998/1953 1080/1997/1952
f 1728/1998/1953 1729/2000/1955 1079/1999/1954
f 1729/2000/1955 1730/2002/1957 1078/2001/1956
f 1730/2002/1957 1727/712/652 1076/713/653
f 1061/619/567 1063/2003/1958 1728/1998/1953
f 1063/2003/1958 1064/2004/1959 1729/2000/1955
f 1064/2004/1959 1065/2005/1960 1730/2002/1957
f 1065/2005/1960 1062/711/651 1727/712/652
f 1082/613/561 1731/612/560 1733/2006/1961
f 1085/2007/1962 1733/2006/1961 1734/2008/1963
f 1084/2009/1964 1734/2008/1963 1735/2010/1965
f 1083/2011/1966 1735/2010/1965 1732/651/596
f 1731/612/560 1066/616/564 1068/2012/1967
f 1733/2006/1961 1068/2012/1967 1069/2013/1968
f 1734/2008/1963 1069/2013/1968 1070/2014/1969
f 1735/2010/1965 1070/2014/1969 1067/652/597
f 1057/609/557 1736/600/549 1738/2015/1970
f 1060/2016/1971 1738/2015/1970 1739/2017/1972
f 1059/2018/1973 1739/2017/1972 1740/2019/1974
f 1058/2020/1975 1740/2019/1974 1737/668/610
f 1736/600/549 1077/599/548 1080/1997/1952
f 1738/2015/1970 1080/1997/1952 1079/1999/1954
f 1739/2017/1972 1079/1999/1954 1078/2001/1956
f 1740/2019/1974 1078/2001/1956 1076/713/653
f 1741/614/562 1743/2022/1977 1075/2021/1976
f 1743/2022/1977 1744/2024/1979 1074/2023/1978
f 1744/2024/1979 1745/2026/1981 1073/2025/1980
f 1745/2026/1981 1742/689/629 1071/706/646
f 1082/613/561 1085/2007/1962 1743/2022/1977
f 1085/2007/1962 1084/2009/1964 1744/2024/1979
f 1084/2009/1964 1083/2011/1966 1745/2026/1981
f 1083/2011/1966 1081/654/599 1742/689/629
f 1746/605/553 1748/2028/1983 1090/2027/1982
f 1748/2028/1983 1749/2030/1985 1089/2029/1984
f 1749/2030/1985 1750/2032/1987 1088/2031/1986
f 1750/2032/1987 1747/622/570 1086/606/554
f 1072/653/598 1075/2021/1976 1748/2028/1983
f 1075/2021/1976 1074/2023/1978 1749/2030/1985
f 1074/2023/1978 1073/2025/1980 1750/2032/1987
f 1073/2025/1980 1071/706/646 1747/622/570
f 1751/620/568 1753/2033/1988 1063/2003/1958
f 1753/2033/1988 1754/2034/1989 1064/2004/1959
f 1754/2034/1989 1755/2035/1990 1065/2005/1960
f 1755/2035/1990 1752/602/551 1062/711/651
f 1091/625/573 1093/2036/1991 1753/2033/1988
f 1093/2036/1991 1094/2037/1992 1754/2034/1989
f 1094/2037/1992 1095/2038/1993 1755/2035/1990
f 1095/2038/1993 1092/666/608 1752/602/551
f 1756/626/574 1758/2039/1994 1093/2036/1991
f 1758/2039/1994 1759/2040/1995 1094/2037/1992
f 1759/2040/1995 1760/2041/1996 1095/2038/1993
f 1760/2041/1996 1757/707/647 1092/666/608
f 1101/630/578 1103/2042/1997 1758/2039/1994
f 1103/2042/1997 1104/2043/1998 1759/2040/1995
f 1104/2043/1998 1105/2044/1999 1760/2041/1996
f 1105/2044/1999 1102/704/644 1757/707/647
f 1761/621/569 1763/2046/2001 1100/2045/2000
f 1763/2046/2001 1764/2048/2003 1099/2047/2002
f 1764/2048/2003 1765/2050/2005 1098/2049/2004
f 1765/2050/2005 1762/608/556 1096/629/577
f 1087/683/624 1090/2027/1982 1763/2046/2001
f 1090/2027/1982 1089/2029/1984 1764/2048/2003
f 1089/2029/1984 1088/2031/1986 1765/2050/2005
f 1088/2031/1986 1086/606/554 1762/608/556
f 1124/710/650 1766/665/607 1768/2051/2006
f 1127/2052/2007 1768/2051/2006 1769/2053/2008
f 1126/2054/2009 1769/2053/2008 1770/2055/2010
f 1125/2056/2011 1770/2055/2010 1767/697/637
f 1766/665/607 1106/664/606 1109/1255/1211
f 1768/2051/2006 1109/1255/1211 1119/1259/1215
f 1769/2053/2008 1119/1259/1215 1118/1265/1223
f 1770/2055/2010 1118/1265/1223 1108/698/638
f 1771/632/580 1773/2057/2012 1103/2042/1997
f 1773/2057/2012 1774/2058/2013 1104/2043/1998
f 1774/2058/2013 1775/2059/2014 1105/2044/1999
f 1775/2059/2014 1772/684/625 1102/704/644
f 1124/710/650 1127/2052/2007 1773/2057/2012
f 1127/2052/2007 1126/2054/2009 1774/2058/2013
f 1126/2054/2009 1125/2056/2011 1775/2059/2014
f 1125/2056/2011 1123/699/639 1772/684/625
f 1776/627/575 1778/2060/2015 1113/1263/1219
f 1778/2060/2015 1779/2061/2016 1114/1268/1226
f 1779/2061/2016 1780/2062/2017 1120/1266/1224
f 1780/2062/2017 1777/696/636 1108/698/638
f 1097/709/649 1100/2045/2000 1778/2060/2015
f 1100/2045/2000 1099/2047/2002 1779/2061/2016
f 1099/2047/2002 1098/2049/2004 1780/2062/2017
f 1098/2049/2004 1096/629/577 1777/696/636
f 1066/616/564 1781/637/583 1783/2063/2018
f 1068/2012/1967 1783/2063/2018 1784/2064/2019
f 1069/2013/1968 1784/2064/2019 1785/2065/2020
f 1070/2014/1969 1785/2065/2020 1782/691/631
f 1781/637/583 1133/638/584 1135/2066/2021
f 1783/2063/2018 1135/2066/2021 1136/2067/2022
f 1784/2064/2019 1136/2067/2022 1137/2068/2023
f 1785/2065/2020 1137/2068/2023 1134/658/602
f 1129/639/585 1786/610/558 1788/2069/2024
f 1132/2070/2025 1788/2069/2024 1789/2071/2026
f 1131/2072/2027 1789/2071/2026 1790/2073/2028
f 1130/2074/2029 1790/2073/2028 1787/643/588
f 1786/610/558 1057/609/557 1060/2016/1971
f 1788/2069/2024 1060/2016/1971 1059/2018/1973
f 1789/2071/2026 1059/2018/1973 1058/2020/1975
f 1790/2073/2028 1058/2020/1975 1056/634/582
f 1791/650/595 1793/2075/2030 1146/1271/1230
f 1793/2075/2030 1794/2076/2031 1147/1280/1239
f 1794/2076/2031 1795/2077/2032 1154/1276/1235
f 1795/2077/2032 1792/678/619 1144/1277/1236
f 1138/646/591 1140/2078/2033 1793/2075/2030
f 1140/2078/2033 1141/2079/2034 1794/2076/2031
f 1141/2079/2034 1142/2080/2035 1795/2077/2032
f 1142/2080/2035 1139/675/616 1792/678/619
f 1133/638/584 1796/644/589 1798/2081/2036
f 1135/2066/2021 1798/2081/2036 1799/2082/2037
f 1136/2067/2022 1799/2082/2037 1800/2083/2038
f 1137/2068/2023 1800/2083/2038 1797/677/618
f 1796/644/589 1145/645/590 1157/1283/1243
f 1798/2081/2036 1157/1283/1243 1153/1278/1237
f 1799/2082/2037 1153/1278/1237 1152/1275/1234
f 1800/2083/2038 1152/1275/1234 1144/1277/1236
f 1138/646/591 1801/640/586 1803/2084/2039
f 1140/2078/2033 1803/2084/2039 1804/2085/2040
f 1141/2079/2034 1804/2085/2040 1805/2086/2041
f 1142/2080/2035 1805/2086/2041 1802/676/617
f 1801/640/586 1129/639/585 1132/2070/2025
f 1803/2084/2039 1132/2070/2025 1131/2072/2027
f 1804/2085/2040 1131/2072/2027 1130/2074/2029
f 1805/2086/2041 1130/2074/2029 1128/642/587
f 1145/645/590 1806/595/546 1808/2087/2042
f 1148/1270/1229 1808/2089/2044 1807/700/640
f 1806/595/546 1040/1240/1196 1042/1242/2043
f 1808/2089/2044 1042/2118/1191 1039/701/641
f 1004/576/527 1809/575/526 1811/2090/2045
s 33
f 1811/2092/2046 1810/662/2050 1002/2093/2047
s 5
f 1809/575/526 1107/633/581 1115/1262/1218
s 33
f 1115/2094/2049 1106/664/2085 1810/662/2050
s 8
f 444/822/768 439/821/761 440/817/2053
