# Blender 5.2.2 LTS
# www.blender.org
mtllib holocron_inf2.mtl
g holocron_inf2_Holocron.005
v -1.178847 1.019042 0.016518
v -1.183314 -0.155167 1.223503
v -1.180549 0.569627 0.384041
v -1.182063 0.171621 0.798019
v -1.184432 -0.448883 1.727257
v -1.176715 1.583521 -0.327675
v -1.290527 1.023080 0.020599
v -1.294990 -0.151133 1.227585
v -1.292228 0.573665 0.388123
v -1.293742 0.175655 0.802101
v -1.296107 -0.444847 1.731339
v -1.288394 1.587557 -0.323593
v -1.231784 1.794889 -0.195236
v -1.234176 1.160874 0.176552
v -1.235877 0.711235 0.543819
v -1.235198 0.881248 -0.139435
v -1.233329 1.376188 -0.456039
v -1.240695 -0.561033 1.519470
v -1.239665 -0.293029 1.067474
v -1.236899 0.432057 0.228340
v -1.231189 1.943596 -0.750664
v -1.238639 -0.013271 1.383614
v -1.239844 -0.332700 1.939133
v -1.237392 0.313442 0.958046
v -1.241603 -0.795870 2.016792
v -1.238414 0.033833 0.642075
v -1.329574 -1.018346 3.357002
v -1.329017 -0.948429 -1.048767
v -1.319854 3.460092 -0.967171
v -1.088607 -0.945950 -1.290825
v 3.322801 -0.943950 -1.287102
v -1.079417 3.471244 -1.209061
v -1.090083 -1.188743 -1.056000
v -1.073184 -1.251976 3.359577
v 3.306134 -1.173394 -1.087948
v -0.093429 -1.088603 1.012650
v 1.110253 -1.084323 -0.164944
v 0.272828 -1.086591 0.562210
v 0.685689 -1.085160 0.163040
v 1.613183 -1.084037 -0.460075
v -0.436042 -1.091592 1.578087
v -0.089770 -1.200333 1.015396
v 1.113912 -1.196056 -0.162193
v 0.276486 -1.198323 0.564957
v 0.689343 -1.196892 0.165787
v 1.623418 -1.188611 -0.466141
v -0.432384 -1.203322 1.580833
v -0.303226 -1.149584 1.788437
v 0.066781 -1.146167 1.153385
v 0.432782 -1.144155 0.702721
v -0.249984 -1.142767 0.874664
v -0.565200 -1.145331 1.370483
v 1.411427 -1.134375 -0.578140
v 0.953626 -1.138487 -0.302998
v 0.116528 -1.140759 0.424442
v -0.858230 -1.148536 1.938713
v 1.270539 -1.141889 -0.024143
v 1.825173 -1.138272 -0.348076
v 0.845891 -1.142727 0.303768
v 0.529141 -1.139326 0.025059
v 1.003659 0.028802 -1.173325
v -0.181064 1.224779 -1.132442
v 0.551385 0.392776 -1.168816
v 0.149754 0.802988 -1.154385
v -0.478641 1.720274 -1.103004
v 1.570275 -0.311768 -1.165138
v 1.016766 0.046113 -1.283020
v -0.167956 1.242091 -1.242138
v 0.564496 0.410085 -1.278511
v 0.162866 0.820300 -1.264080
v -0.465533 1.737586 -1.212700
v 1.583386 -0.294457 -1.274837
v 1.783788 -0.173186 -1.186520
v 1.147553 0.194633 -1.197456
v 0.695058 0.558353 -1.192997
v 0.872872 -0.119717 -1.258888
v 1.369870 -0.433038 -1.253460
v -0.584495 1.524418 -1.187874
v -0.311915 1.076186 -1.218021
v 0.420823 0.244507 -1.254330
v 1.938798 -0.724382 -1.239174
v -0.037105 1.390682 -1.156559
v -0.359675 1.933442 -1.127831
v 0.293641 0.968812 -1.178520
v -0.824596 2.017737 -1.149513
v 0.018975 0.654479 -1.239944
v -1.181338 0.362557 0.587719
v -1.179717 0.789316 0.193161
v -1.182719 -0.000471 1.009380
v -1.183860 -0.298285 1.450546
v -1.185077 -0.623120 2.082066
v -1.177909 1.267003 -0.149967
v -1.175117 2.008527 -0.534946
v -1.293014 0.366591 0.591801
v -1.291392 0.793352 0.197243
v -1.294398 0.003567 1.013462
v -1.295539 -0.294251 1.454628
v -1.296756 -0.619085 2.086147
v -1.289588 1.271039 -0.145885
v -1.286792 2.012563 -0.530869
v -1.233203 1.417582 0.006680
v -1.235046 0.931006 0.353039
v -1.234294 1.120458 -0.302536
v -1.240199 -0.432932 1.288048
v -1.236068 0.651660 0.037369
v -1.229110 2.500263 -0.758640
v -1.239196 -0.159603 1.617123
v -1.236663 0.504244 0.747589
v -1.229625 2.367505 -0.461315
v -1.241614 -0.810265 2.485451
v -1.232284 1.653586 -0.604500
v -1.241157 -0.680630 1.764275
v -1.238048 0.141418 1.169479
v -1.240680 -0.561574 2.403938
v -1.237685 0.224907 0.431931
v -1.239070 -0.138321 0.853363
v -0.842029 -1.175888 1.027939
v 0.993703 1.128964 -1.203156
v -1.276908 1.121113 -0.767113
v 0.389748 0.511608 0.452587
v -1.329295 -0.983388 1.154118
v -1.324435 1.255832 -1.007969
v -1.324714 1.220873 1.194916
v 1.117097 -0.944950 -1.288963
v -1.084010 1.262648 -1.249939
v 1.121693 1.263648 -1.248081
v -1.081634 -1.220360 1.151787
v 1.108025 -1.181069 -1.071976
v 1.116475 -1.212685 1.135811
v 0.374318 -1.126120 0.414295
v -1.230613 0.488379 0.443840
v 0.379880 0.515256 -1.167187
v -1.277148 1.089511 1.066818
v 0.989778 -0.714399 -1.238342
v 0.979268 -1.145729 -0.833412
v -1.281051 -0.745180 1.031799
v -0.843822 1.133935 -1.203312
v 0.475926 -1.085799 0.354565
v 0.082570 -1.087530 0.782429
v 0.896569 -1.084669 -0.009644
v 1.336892 -1.084115 -0.308701
v 1.967496 -1.084068 -0.635311
v -0.259219 -1.089854 1.261074
v -0.642119 -1.094047 2.003670
v 0.479581 -1.197532 0.357315
v 0.086224 -1.199262 0.785179
v 0.900224 -1.196402 -0.006897
v 1.341370 -1.194951 -0.307053
v 1.991715 -1.173431 -0.660091
v -0.255565 -1.201587 1.263824
v -0.638465 -1.205778 2.006416
v -0.102370 -1.147474 1.410568
v 0.242619 -1.145095 0.923027
v -0.412414 -1.143967 1.114326
v 1.174622 -1.137801 -0.444256
v -0.073829 -1.141698 0.644581
v -0.864650 -1.152794 2.495384
v 1.503640 -1.141266 -0.171501
v 0.635972 -1.143366 0.495155
v -0.567702 -1.152943 2.361790
v 2.389874 -1.118550 -0.850658
v -0.712882 -1.146882 1.648293
v 1.669850 -1.126274 -0.710892
v 1.056844 -1.142236 0.131149
v 2.289361 -1.131227 -0.584511
v 0.319535 -1.139969 0.216721
v 0.739949 -1.138835 -0.147690
v 0.342572 0.594577 -1.162689
v 0.772611 0.203710 -1.172340
v -0.024303 1.012495 -1.144325
v -0.326293 1.449403 -1.118607
v -0.653930 2.063534 -1.085976
v 1.252744 -0.135985 -1.171532
v 1.996251 -0.516676 -1.152859
v 0.355683 0.611890 -1.272385
v 0.785718 0.221021 -1.282040
v -0.011191 1.029806 -1.254025
v -0.313182 1.466714 -1.228302
v -0.640819 2.080845 -1.195671
v 1.265859 -0.118673 -1.281231
v 2.009362 -0.499365 -1.262558
v 1.405400 0.026502 -1.195309
v 0.916367 0.369383 -1.196507
v 1.113202 -0.281160 -1.257454
v -0.454017 1.294902 -1.204094
v 0.641961 0.055348 -1.257877
v 2.493482 -0.731121 -1.192009
v -0.185458 1.621215 -1.142815
v 0.486325 0.760246 -1.186852
v 2.357549 -0.436177 -1.168419
v -0.837157 2.458566 -1.123039
v 1.648068 -0.579862 -1.246998
v -0.706672 1.767242 -1.169334
v 0.119649 1.178388 -1.168449
v -0.588077 2.377134 -1.112312
v 0.211930 0.446221 -1.248222
v -0.155143 0.863913 -1.229904
v -1.183265 0.863973 -0.158733
v -1.179408 0.865582 -0.156898
v -1.181792 0.863702 -0.159031
v -1.180545 0.863913 -0.158787
v -1.179706 0.864571 -0.158035
v -1.182624 0.018183 0.624626
v -1.186481 0.016558 0.622776
v -1.182922 0.017168 0.623482
v -1.183757 0.016504 0.622726
v -1.185008 0.016289 0.622478
v -1.178287 1.172493 0.189922
v -1.182250 1.174362 0.192017
v -1.178584 1.173524 0.191086
v -1.179443 1.174242 0.191895
v -1.180728 1.174536 0.192223
v -1.185466 0.326931 0.973503
v -1.181502 0.325056 0.971405
v -1.183948 0.327102 0.973709
v -1.182658 0.326809 0.973381
v -1.181800 0.326088 0.972572
v -1.184962 0.414781 0.209038
v -1.181110 0.416389 0.210876
v -1.183494 0.414511 0.208740
v -1.182243 0.414723 0.208984
v -1.181407 0.415381 0.209732
v -1.183951 0.724721 0.559280
v -1.179992 0.722860 0.557198
v -1.182433 0.724895 0.559486
v -1.181144 0.724603 0.559162
v -1.180289 0.723889 0.558357
v -1.186721 0.000213 1.399071
v -1.182750 -0.001692 1.396935
v -1.185199 0.000385 1.399269
v -1.183910 0.000084 1.398937
v -1.183051 -0.000646 1.398117
v -1.183871 -0.308642 1.050072
v -1.187747 -0.310300 1.048183
v -1.184169 -0.309672 1.048908
v -1.185012 -0.310345 1.048141
v -1.186267 -0.310565 1.047890
v -1.187934 -0.319216 1.954590
v -1.183955 -0.320641 1.951477
v -1.186408 -0.319006 1.954720
v -1.185115 -0.319205 1.954170
v -1.184253 -0.319780 1.953033
v -1.184905 -0.577125 1.503044
v -1.188800 -0.578295 1.500183
v -1.185207 -0.577968 1.501507
v -1.186050 -0.578487 1.500420
v -1.187312 -0.578601 1.499954
v -1.189738 -0.811202 2.965130
v -1.185714 -0.805960 2.952560
v -1.189708 -0.809320 2.965687
v -1.188201 -0.810494 2.962292
v -1.186896 -0.809249 2.958908
v -1.188369 -0.810280 2.964516
v -1.187095 -0.809274 2.962311
v -1.187495 -0.809143 2.963799
v -1.186015 -0.805914 2.955826
v -1.186881 -0.806535 2.959469
v -1.186023 -0.807656 2.955490
v -1.186465 -0.807788 2.959377
v -1.187087 -0.808122 2.962551
v -1.190082 -0.810734 2.967026
v -1.188178 -0.807732 2.962929
v -1.188357 -0.808982 2.964817
v -1.188464 -0.809927 2.965832
v -1.189738 -0.813123 1.997520
v -1.185809 -0.810162 1.996361
v -1.188239 -0.813296 1.996986
v -1.186969 -0.812794 1.996574
v -1.186114 -0.811694 1.996357
v -1.181411 1.358916 -0.475334
v -1.177535 1.361613 -0.474136
v -1.179931 1.358727 -0.475681
v -1.178676 1.359174 -0.475578
v -1.177833 1.360188 -0.475037
v -1.175899 1.805344 -0.181267
v -1.179858 1.808376 -0.179771
v -1.176196 1.806821 -0.180332
v -1.177051 1.807915 -0.179718
v -1.178340 1.808461 -0.179523
v -1.175410 1.925673 -0.767117
v -1.179294 1.926335 -0.769947
v -1.175704 1.925530 -0.768642
v -1.176547 1.925606 -0.769718
v -1.177810 1.925889 -0.770172
v -1.175143 3.066011 -0.751244
v -1.175124 3.066494 -0.749420
v -1.171203 3.052554 -0.746063
v -1.175357 3.067336 -0.751144
v -1.173629 3.062968 -0.750526
v -1.173770 3.065222 -0.750286
v -1.173850 3.066551 -0.749924
v -1.172912 3.064381 -0.749146
v -1.173617 3.063514 -0.747810
v -1.172340 3.059817 -0.746609
v -1.175349 3.067600 -0.750160
v -1.173766 3.065479 -0.749012
v -1.172523 3.063046 -0.748138
v -1.171497 3.055689 -0.747723
v -1.172347 3.059345 -0.749290
v -1.171493 3.055969 -0.745995
v -1.171920 3.059725 -0.747822
v -1.172526 3.062845 -0.749275
v -1.290965 0.902698 -0.115433
v -1.287135 0.898526 -0.120132
v -1.290675 0.901493 -0.116795
v -1.289847 0.900277 -0.118164
v -1.288604 0.899235 -0.119335
v -1.290347 0.051109 0.661377
v -1.294185 0.055296 0.666092
v -1.291820 0.051820 0.662170
v -1.293063 0.052866 0.663345
v -1.293895 0.054087 0.664722
v -1.286101 1.147386 0.161087
v -1.290084 1.143449 0.156624
v -1.287624 1.146771 0.160385
v -1.288913 1.145806 0.159294
v -1.289779 1.144639 0.157970
v -1.293300 0.296015 0.938110
v -1.289317 0.299956 0.942581
v -1.292995 0.297207 0.939457
v -1.292129 0.298374 0.940781
v -1.290835 0.299341 0.941879
v -1.292667 0.453504 0.252335
v -1.288837 0.449336 0.247643
v -1.292380 0.452299 0.250977
v -1.291549 0.451087 0.249607
v -1.290309 0.450045 0.248436
v -1.291789 0.693819 0.523899
v -1.287803 0.697747 0.528355
v -1.291480 0.695005 0.525238
v -1.290618 0.696168 0.526558
v -1.289325 0.697132 0.527653
v -1.294551 -0.030732 1.363640
v -1.290557 -0.026757 1.368149
v -1.294242 -0.029529 1.365002
v -1.293376 -0.028351 1.366337
v -1.292083 -0.027376 1.367439
v -1.291583 -0.275756 1.086769
v -1.295432 -0.271528 1.091534
v -1.293059 -0.275039 1.087574
v -1.294307 -0.273986 1.088760
v -1.295142 -0.272753 1.090149
v -1.295753 -0.349550 1.917923
v -1.291759 -0.346184 1.923676
v -1.295444 -0.348580 1.919762
v -1.294578 -0.347599 1.921494
v -1.293285 -0.346758 1.922871
v -1.292598 -0.543766 1.538757
v -1.296466 -0.540147 1.544754
v -1.294078 -0.543094 1.539654
v -1.295337 -0.542174 1.541107
v -1.296172 -0.541137 1.542900
v -1.293517 -0.837836 2.934258
v -1.293529 -0.836286 2.934769
v -1.297504 -0.833437 2.916035
v -1.293864 -0.837596 2.936127
v -1.295047 -0.837655 2.930107
v -1.295112 -0.837607 2.932373
v -1.295131 -0.837383 2.933754
v -1.295890 -0.836863 2.930851
v -1.295051 -0.835232 2.930565
v -1.296340 -0.834320 2.925522
v -1.295112 -0.836469 2.932594
v -1.296203 -0.835974 2.929146
v -1.297210 -0.835273 2.920242
v -1.296344 -0.836756 2.925190
v -1.297202 -0.833689 2.920425
v -1.296767 -0.835597 2.925041
v -1.296207 -0.837006 2.929001
v -1.297366 -0.773060 2.037766
v -1.293479 -0.778612 2.036072
v -1.297076 -0.774787 2.037563
v -1.296233 -0.776449 2.037170
v -1.294971 -0.777791 2.036644
v -1.289092 1.399005 -0.432838
v -1.285251 1.393461 -0.436745
v -1.288806 1.397276 -0.433895
v -1.287974 1.395615 -0.435005
v -1.286727 1.394276 -0.436005
v -1.283706 1.781401 -0.210697
v -1.287700 1.776005 -0.214409
v -1.285228 1.780675 -0.211342
v -1.286521 1.779393 -0.212276
v -1.287391 1.777753 -0.213352
v -1.283092 1.960863 -0.731377
v -1.286967 1.962803 -0.725700
v -1.284576 1.961407 -0.730499
v -1.285831 1.961965 -0.729115
v -1.286670 1.962456 -0.727432
v -1.278957 3.039069 -0.781860
v -1.283015 3.020312 -0.777908
v -1.278968 3.039521 -0.780342
v -1.280498 3.034810 -0.781799
v -1.281810 3.029752 -0.781029
v -1.280536 3.037123 -0.781708
v -1.281654 3.033659 -0.781204
v -1.281325 3.035546 -0.781021
v -1.282695 3.024783 -0.778069
v -1.281814 3.030007 -0.778591
v -1.282695 3.024659 -0.779659
v -1.282237 3.029571 -0.779884
v -1.281654 3.033769 -0.780174
v -1.279246 3.040939 -0.781593
v -1.280505 3.035180 -0.779388
v -1.280536 3.037301 -0.780579
v -1.280543 3.038520 -0.781464
v -1.324306 -0.713563 -0.797882
v -1.324298 -0.709229 -0.802059
v -1.328574 -0.717893 -0.806774
v -1.324306 -0.713209 -0.799507
v -1.324302 -0.712262 -0.800869
v -1.325938 -0.713865 -0.799835
v -1.325877 -0.713529 -0.800854
v -1.325931 -0.711141 -0.802444
v -1.327319 -0.713458 -0.803474
v -1.324302 -0.710863 -0.801765
v -1.325877 -0.712181 -0.802143
v -1.328246 -0.716212 -0.804649
v -1.327773 -0.714830 -0.803574
v -1.327140 -0.714091 -0.802200
v 2.823052 -0.718526 -1.281677
v 2.824311 -0.715513 -1.281616
v 2.836823 -0.722786 -1.285957
v 2.824452 -0.718301 -1.281670
v 2.826192 -0.718834 -1.283302
v 2.828141 -0.718941 -1.284126
v 2.830312 -0.719963 -1.284695
v 2.825135 -0.716672 -1.281639
v 2.826966 -0.718072 -1.283234
v 2.833764 -0.721719 -1.285633
v 2.831151 -0.720286 -1.285149
v -1.324786 -0.776616 2.861465
v -1.329059 -0.781305 2.875126
v -1.324779 -0.773623 2.862770
v -1.326419 -0.777003 2.864513
v -1.324786 -0.776409 2.862869
v -1.328731 -0.780196 2.872166
v -1.328254 -0.778643 2.869511
v -1.324782 -0.774789 2.863579
v -1.326358 -0.776290 2.865414
v -1.316512 2.951637 -0.732178
v -1.316508 2.952829 -0.729134
v -1.320747 2.965519 -0.736572
v -1.316508 2.953750 -0.731251
v -1.318137 2.954619 -0.732475
v -1.318950 2.956733 -0.732624
v -1.318133 2.955705 -0.731541
v -1.320430 2.962130 -0.734856
v -1.319961 2.959771 -0.734032
v -0.818049 -1.239994 2.866684
v -0.815005 -1.239825 2.867741
v -0.820609 -1.244073 2.879131
v -0.817050 -1.240174 2.868752
v -0.817691 -1.241518 2.869400
v -0.817523 -1.242312 2.871490
v -0.816901 -1.241430 2.870693
v -0.818629 -1.242800 2.873894
v -0.819079 -1.243726 2.876137
v -0.818011 -1.242849 2.872734
v -0.819934 -1.243728 2.876858
v -0.843482 -0.708608 -1.281990
v -0.852237 -0.712950 -1.286331
v -0.847732 -0.704340 -1.281906
v -0.845431 -0.708912 -1.283623
v -0.845111 -0.708280 -1.281982
v -0.846450 -0.708588 -1.283562
v -0.847777 -0.709142 -1.284832
v -0.849055 -0.708536 -1.285004
v -0.850169 -0.711259 -1.285980
v -0.849128 -0.709887 -1.285480
v -0.847415 -0.705969 -1.281937
v -0.846492 -0.707354 -1.281967
v -0.848079 -0.706235 -1.283577
v -0.847762 -0.707265 -1.283539
v -0.839900 2.973867 -1.211693
v -0.844565 2.987828 -1.215740
v -0.836890 2.975103 -1.211670
v -0.840251 2.976876 -1.213272
v -0.839671 2.975267 -1.211670
v -0.840442 2.979008 -1.214058
v -0.842776 2.984432 -1.215462
v -0.841903 2.982062 -1.215023
v -0.838039 2.975935 -1.211655
v -0.839557 2.977879 -1.213196
v -0.850638 -1.189906 -0.812263
v -0.854438 -1.194023 -0.820343
v -0.846419 -1.189829 -0.816605
v -0.850947 -1.191506 -0.814304
v -0.850329 -1.189873 -0.813896
v -0.850619 -1.191429 -0.815254
v -0.851138 -1.192670 -0.816536
v -0.852717 -1.193731 -0.818909
v -0.850593 -1.192831 -0.817699
v -0.851802 -1.193282 -0.817734
v -0.848048 -1.189832 -0.816250
v -0.849418 -1.189848 -0.815300
v -0.848380 -1.191462 -0.816891
v -0.849345 -1.191407 -0.816536
v 2.790849 -1.174556 -0.884357
v 2.801938 -1.177285 -0.890739
v 2.792203 -1.174575 -0.881199
v 2.792317 -1.174539 -0.884129
v 2.793981 -1.175570 -0.885574
v 2.797284 -1.176490 -0.888214
v 2.799748 -1.177092 -0.889320
v 2.793050 -1.174549 -0.882420
v 2.793092 -1.174537 -0.883450
v -1.318957 3.954666 -1.197769
v -1.315471 3.957269 -1.198891
v -1.314281 3.954686 -1.202381
v -1.318690 3.955756 -1.197243
v -1.317935 3.956634 -1.197266
v -1.318603 3.954685 -1.199547
v -1.318195 3.956646 -1.199287
v -1.317577 3.957927 -1.199230
v -1.314418 3.957197 -1.200218
v -1.313823 3.956681 -1.201347
v -1.316806 3.957165 -1.197845
v -1.316211 3.957848 -1.199623
v -1.315814 3.957947 -1.200977
v -1.316070 3.954696 -1.202042
v -1.317588 3.954695 -1.201046
v -1.313773 3.955799 -1.202110
v -1.315848 3.956664 -1.201607
v -1.317420 3.957093 -1.200840
v -1.325450 -1.259866 3.839439
v -1.326610 -1.256412 3.841385
v -1.330093 -1.255392 3.838890
v -1.324954 -1.259613 3.840294
v -1.325000 -1.258866 3.840961
v -1.327228 -1.259529 3.839298
v -1.327010 -1.259150 3.841061
v -1.326976 -1.258555 3.842194
v -1.327941 -1.255424 3.841362
v -1.329070 -1.254883 3.840881
v -1.325580 -1.257744 3.841347
v -1.327365 -1.257206 3.842049
v -1.328723 -1.256850 3.842155
v -1.329742 -1.257107 3.839005
v -1.328738 -1.258559 3.839146
v -1.329826 -1.254872 3.840012
v -1.329333 -1.256891 3.840919
v -1.328570 -1.258416 3.841412
v -1.329463 -1.178959 -1.290756
v -1.324943 -1.178917 -1.295311
v -1.325393 -1.183471 -1.291321
v -1.329120 -1.178937 -1.292500
v -1.328139 -1.178918 -1.293976
v -1.329158 -1.180678 -1.290901
v -1.328662 -1.180596 -1.292549
v -1.327998 -1.180537 -1.293865
v -1.327644 -1.181510 -1.293526
v -1.325050 -1.180629 -1.295029
v -1.325175 -1.182098 -1.294174
v -1.326671 -1.178912 -1.294964
v -1.326690 -1.180572 -1.294537
v -1.326717 -1.181906 -1.293953
v -1.326957 -1.183118 -1.291206
v -1.328277 -1.182139 -1.291061
v -1.325294 -1.183096 -1.292870
v -1.326827 -1.182595 -1.292732
v -1.328059 -1.181926 -1.292610
v 3.808755 -1.165105 -1.288254
v 3.811326 -1.166027 -1.284744
v 3.809529 -1.169511 -1.284847
v 3.809922 -1.164554 -1.287956
v 3.810819 -1.164535 -1.287186
v 3.808961 -1.166779 -1.288002
v 3.810884 -1.166524 -1.287605
v 3.812146 -1.166457 -1.286995
v 3.811547 -1.167371 -1.284065
v 3.811284 -1.168504 -1.283844
v 3.811311 -1.165055 -1.286057
v 3.812119 -1.166815 -1.285728
v 3.812348 -1.168155 -1.285568
v 3.809381 -1.169163 -1.286163
v 3.809182 -1.168204 -1.287270
v 3.810575 -1.169256 -1.284119
v 3.811200 -1.168764 -1.285774
v 3.811448 -1.168021 -1.287029
v -1.237796 -0.776801 2.861473
v -1.237788 -0.773806 2.862778
v -1.233523 -0.772447 2.855541
v -1.237796 -0.776795 2.863335
v -1.237792 -0.776223 2.864235
v -1.236163 -0.776274 2.860565
v -1.236205 -0.775759 2.863167
v -1.235332 -0.775277 2.862053
v -1.236156 -0.773508 2.861771
v -1.234775 -0.773144 2.860043
v -1.237792 -0.775174 2.864040
v -1.233852 -0.773917 2.857353
v -1.234779 -0.775260 2.859119
v -1.233848 -0.772772 2.857857
v -1.234244 -0.774295 2.859791
v -1.234996 -0.775373 2.861111
v -1.237315 -0.713748 -0.797874
v -1.233043 -0.709496 -0.797791
v -1.237304 -0.709414 -0.802052
v -1.235683 -0.713427 -0.797867
v -1.234298 -0.712506 -0.797848
v -1.237315 -0.713394 -0.799496
v -1.235641 -0.713008 -0.799530
v -1.234515 -0.712262 -0.799431
v -1.233371 -0.709468 -0.799423
v -1.234294 -0.709442 -0.800804
v -1.233371 -0.711127 -0.797821
v -1.233764 -0.711136 -0.799496
v -1.234511 -0.711032 -0.800617
v -1.237308 -0.711051 -0.801758
v -1.237311 -0.712447 -0.800865
v -1.235675 -0.709422 -0.801727
v -1.235637 -0.711101 -0.801369
v -1.235725 -0.712238 -0.800636
v -1.229522 2.951452 -0.732166
v -1.225272 2.945348 -0.728020
v -1.229518 2.952644 -0.729126
v -1.227893 2.950519 -0.731667
v -1.226512 2.949033 -0.730705
v -1.229518 2.953312 -0.732090
v -1.227847 2.952349 -0.731537
v -1.226726 2.951028 -0.730743
v -1.227061 2.951968 -0.730614
v -1.225593 2.947672 -0.728264
v -1.226512 2.949876 -0.728554
v -1.225593 2.947215 -0.729424
v -1.225978 2.949663 -0.729713
v -1.229514 2.953957 -0.730446
v -1.229514 2.954191 -0.731487
v -1.227889 2.951621 -0.728859
v -1.227847 2.952873 -0.730202
v -0.843494 -0.710272 -1.195011
v -0.847747 -0.706000 -1.194931
v -0.843486 -0.706094 -1.190670
v -0.845126 -0.709944 -1.195007
v -0.846503 -0.709017 -1.194988
v -0.843494 -0.709979 -1.193375
v -0.845164 -0.709584 -1.193329
v -0.846286 -0.708831 -1.193398
v -0.847423 -0.706033 -1.193298
v -0.846500 -0.706060 -1.191917
v -0.847426 -0.707632 -1.194962
v -0.847034 -0.707705 -1.193291
v -0.846286 -0.707643 -1.192169
v -0.843490 -0.707717 -1.191025
v -0.843494 -0.709081 -1.191975
v -0.845115 -0.706084 -1.190994
v -0.845161 -0.707746 -1.191418
v -0.845080 -0.708856 -1.192188
v 2.823037 -0.720187 -1.194695
v 2.817044 -0.715993 -1.190357
v 2.824300 -0.717174 -1.194641
v 2.822125 -0.719701 -1.193054
v 2.820664 -0.718734 -1.191654
v 2.824899 -0.720153 -1.194695
v 2.823956 -0.719610 -1.193012
v 2.823598 -0.718699 -1.192207
v 2.819364 -0.716278 -1.190685
v 2.821553 -0.716603 -1.191612
v 2.818879 -0.717433 -1.190704
v 2.821321 -0.717766 -1.191105
v 2.823010 -0.717957 -1.191856
v 2.825582 -0.718524 -1.194664
v 2.825791 -0.719568 -1.194687
v 2.823289 -0.716919 -1.193001
v 2.824510 -0.718285 -1.192989
v -0.839915 2.972206 -1.124718
v -0.836902 2.973440 -1.124695
v -0.835666 2.966062 -1.120575
v -0.839683 2.973606 -1.124695
v -0.839595 2.970786 -1.123116
v -0.839236 2.972482 -1.123138
v -0.838725 2.973562 -1.123161
v -0.838241 2.972365 -1.122269
v -0.836158 2.972195 -1.123089
v -0.835658 2.970357 -1.121742
v -0.838054 2.974275 -1.124680
v -0.837604 2.973152 -1.123131
v -0.837276 2.971841 -1.121895
v -0.837295 2.967461 -1.120872
v -0.838672 2.969119 -1.121765
v -0.835486 2.968202 -1.120857
v -0.837226 2.969877 -1.121300
v -0.838561 2.971312 -1.121902
v -0.849082 -1.170705 2.867981
v -0.846564 -1.166724 2.862007
v -0.845859 -1.170915 2.869087
v -0.849425 -1.169193 2.866623
v -0.849067 -1.167906 2.865009
v -0.848743 -1.170954 2.869370
v -0.848987 -1.169390 2.868301
v -0.848842 -1.168150 2.867165
v -0.848304 -1.168569 2.868164
v -0.846080 -1.167071 2.863960
v -0.845775 -1.167988 2.865993
v -0.848064 -1.167038 2.863388
v -0.847716 -1.167529 2.865700
v -0.847438 -1.168187 2.867584
v -0.846999 -1.171067 2.869965
v -0.848014 -1.171083 2.870064
v -0.845698 -1.169339 2.867790
v -0.847217 -1.169461 2.868858
v -0.848395 -1.169517 2.869347
v -0.850341 -1.102949 -0.810654
v -0.846080 -1.102886 -0.814911
v -0.846065 -1.098706 -0.810574
v -0.850017 -1.102919 -0.812283
v -0.849093 -1.102897 -0.813667
v -0.850013 -1.101321 -0.810623
v -0.849620 -1.101250 -0.812294
v -0.848872 -1.101317 -0.813419
v -0.846076 -1.101262 -0.814556
v -0.846072 -1.099898 -0.813606
v -0.847713 -1.102885 -0.814587
v -0.847747 -1.101221 -0.814163
v -0.847659 -1.100114 -0.813400
v -0.847697 -1.099025 -0.810581
v -0.849082 -1.099940 -0.810600
v -0.846065 -1.099001 -0.812210
v -0.847739 -1.099385 -0.812260
v -0.848868 -1.100130 -0.812187
v 2.818337 -1.115652 -0.817787
v 2.819650 -1.115715 -0.814636
v 2.813851 -1.112890 -0.810341
v 2.819802 -1.115662 -0.817551
v 2.820569 -1.115678 -0.816864
v 2.817311 -1.114572 -0.816242
v 2.819142 -1.114624 -0.815918
v 2.820317 -1.114664 -0.815437
v 2.819428 -1.114063 -0.814289
v 2.819127 -1.114643 -0.812843
v 2.817842 -1.113731 -0.811394
v 2.820516 -1.115696 -0.815842
v 2.814881 -1.113078 -0.812210
v 2.816094 -1.113670 -0.814285
v 2.815988 -1.113116 -0.810516
v 2.817296 -1.113402 -0.812546
v 2.818395 -1.113799 -0.814316
v -0.269130 -1.090564 0.858032
v -0.267276 -1.086736 0.859684
v -0.269424 -1.089089 0.857780
v -0.269172 -1.087842 0.858009
v -0.268420 -1.087017 0.858673
v 0.511872 -1.083294 0.010094
v 0.509995 -1.087117 0.008430
v 0.510720 -1.083573 0.009079
v 0.509957 -1.084399 0.008408
v 0.509705 -1.085642 0.008179
v 0.080403 -1.090468 1.165604
v 0.082486 -1.094460 1.167423
v 0.081567 -1.090783 1.166630
v 0.082375 -1.091650 1.167336
v 0.082696 -1.092942 1.167614
v 0.861592 -1.091020 0.317802
v 0.859502 -1.087026 0.315979
v 0.861802 -1.089503 0.317993
v 0.861478 -1.088210 0.317715
v 0.860673 -1.087341 0.317009
v 0.097379 -1.088548 0.407814
v 0.099236 -1.084728 0.409462
v 0.097089 -1.087075 0.407562
v 0.097340 -1.085832 0.407787
v 0.098092 -1.085008 0.408455
v 0.448487 -1.092446 0.716759
v 0.446412 -1.088454 0.714947
v 0.448697 -1.090928 0.716949
v 0.448377 -1.089637 0.716671
v 0.447575 -1.088767 0.715969
v 1.286240 -1.090191 -0.010109
v 1.284116 -1.086189 -0.011963
v 1.286446 -1.088670 -0.009922
v 1.286118 -1.087375 -0.010208
v 1.285298 -1.086506 -0.010925
v 0.936395 -1.082456 -0.317924
v 0.934483 -1.086286 -0.319626
v 0.935227 -1.082739 -0.318954
v 0.934453 -1.083564 -0.319637
v 0.934194 -1.084811 -0.319874
v 1.840817 -1.089800 -0.331360
v 1.837754 -1.085896 -0.332474
v 1.840966 -1.088318 -0.331032
v 1.840436 -1.087054 -0.331131
v 1.839307 -1.086204 -0.331638
v 1.388608 -1.082175 -0.587681
v 1.386315 -1.086022 -0.589241
v 1.387112 -1.082458 -0.588551
v 1.386151 -1.083287 -0.589153
v 1.385873 -1.084539 -0.589394
v 2.849671 -1.089145 -0.827728
v 2.837472 -1.085988 -0.820610
v 2.850423 -1.088980 -0.825706
v 2.846875 -1.087934 -0.826309
v 2.843575 -1.086910 -0.824455
v 2.851045 -1.089275 -0.827698
v 2.849179 -1.088032 -0.826138
v 2.847043 -1.087054 -0.824558
v 2.848542 -1.087353 -0.824589
v 2.840653 -1.086228 -0.820667
v 2.844228 -1.086878 -0.821655
v 2.840272 -1.086228 -0.822456
v 2.844155 -1.086570 -0.822769
v 2.851453 -1.089185 -0.826603
v 2.847661 -1.087847 -0.823425
v 2.849553 -1.087988 -0.824783
v 1.895928 -1.086115 -0.828346
v 1.880345 -1.086342 -0.824833
v 1.881268 -1.082327 -0.822109
v 1.892228 -1.086106 -0.828072
v 1.887971 -1.086146 -0.827309
v 1.892568 -1.084664 -0.827259
v 1.888898 -1.084721 -0.826885
v 1.885716 -1.084777 -0.826492
v 1.884580 -1.083957 -0.825840
v 1.880223 -1.084796 -0.824921
v 1.880357 -1.083487 -0.824436
v 1.883794 -1.086231 -0.826172
v 1.882905 -1.084787 -0.825733
v 1.882394 -1.083630 -0.825230
v 1.884633 -1.082615 -0.823887
v 1.888600 -1.083435 -0.825695
v 1.880723 -1.082619 -0.823448
v 1.883309 -1.083046 -0.824631
v 1.885991 -1.083604 -0.825790
v -0.584338 -1.093139 1.353859
v -0.583121 -1.089303 1.356598
v -0.584682 -1.091660 1.353691
v -0.584571 -1.090409 1.354149
v -0.584025 -1.089581 1.355171
v -0.289016 -1.093877 1.799488
v -0.287524 -1.097879 1.802471
v -0.288074 -1.094194 1.800961
v -0.287463 -1.095066 1.802044
v -0.287269 -1.096359 1.802574
v -0.874518 -1.092492 1.921471
v -0.877360 -1.096373 1.922096
v -0.876044 -1.092780 1.921329
v -0.877124 -1.093618 1.921398
v -0.877585 -1.094880 1.921669
v -0.855468 -1.105325 3.061691
v -0.853641 -1.105322 3.062168
v -0.850310 -1.101254 3.048264
v -0.854983 -1.105638 3.063572
v -0.854755 -1.103778 3.058662
v -0.854510 -1.103949 3.060913
v -0.854144 -1.104047 3.062241
v -0.853366 -1.103088 3.060081
v -0.852035 -1.103784 3.059196
v -0.850837 -1.102472 3.055511
v -0.853232 -1.103952 3.061165
v -0.852363 -1.102685 3.058746
v -0.851962 -1.101574 3.051399
v -0.853522 -1.102460 3.055050
v -0.850230 -1.101581 3.051674
v -0.852050 -1.102045 3.055431
v -0.853499 -1.102681 3.058548
v -0.226150 -1.198870 0.895401
v -0.230838 -1.194979 0.891289
v -0.227508 -1.198563 0.894203
v -0.228877 -1.197716 0.893005
v -0.230044 -1.196459 0.891979
v 0.548295 -1.191547 0.041691
v 0.552987 -1.195429 0.045803
v 0.549085 -1.193020 0.042381
v 0.550252 -1.194277 0.043404
v 0.551625 -1.195122 0.044605
v 0.051076 -1.197875 1.139351
v 0.046586 -1.201798 1.135384
v 0.050370 -1.199388 1.138718
v 0.049264 -1.200665 1.137741
v 0.047936 -1.201512 1.136570
v 0.825696 -1.198355 0.285763
v 0.830190 -1.194430 0.289734
v 0.827046 -1.198068 0.286953
v 0.828374 -1.197221 0.288124
v 0.829476 -1.195943 0.289101
v 0.140359 -1.196862 0.445175
v 0.135678 -1.192978 0.441078
v 0.139001 -1.196557 0.443985
v 0.137635 -1.195710 0.442787
v 0.136468 -1.194454 0.441765
v 0.412602 -1.199785 0.684727
v 0.417081 -1.195863 0.688683
v 0.413945 -1.199497 0.685913
v 0.415273 -1.198651 0.687080
v 0.416371 -1.197374 0.688053
v 1.250310 -1.197518 -0.042175
v 1.254838 -1.193586 -0.038177
v 1.251675 -1.197230 -0.040977
v 1.253011 -1.196381 -0.039795
v 1.254125 -1.195101 -0.038811
v 0.972775 -1.190707 -0.286362
v 0.977502 -1.194591 -0.282223
v 0.973569 -1.192182 -0.285675
v 0.974744 -1.193438 -0.284645
v 0.976125 -1.194285 -0.283432
v 1.803895 -1.190565 -0.368504
v 1.809529 -1.186742 -0.364796
v 1.805665 -1.190287 -0.367493
v 1.807359 -1.189464 -0.366436
v 1.808717 -1.188219 -0.365486
v 1.436566 -1.182771 -0.567028
v 1.442922 -1.186654 -0.563789
v 1.437661 -1.184241 -0.566513
v 1.439252 -1.185497 -0.565716
v 1.441098 -1.186344 -0.564758
v 2.819001 -1.154299 -0.887363
v 2.819596 -1.154636 -0.885719
v 2.803433 -1.157659 -0.885468
v 2.815385 -1.155486 -0.888023
v 2.817498 -1.155584 -0.887901
v 2.818780 -1.155661 -0.887623
v 2.816213 -1.156280 -0.887554
v 2.815942 -1.155840 -0.885509
v 2.811585 -1.156838 -0.885384
v 2.820653 -1.154699 -0.886559
v 2.817765 -1.155753 -0.886726
v 2.814733 -1.156605 -0.886864
v 2.806962 -1.157305 -0.886993
v 2.811158 -1.156542 -0.887894
v 2.807195 -1.157474 -0.885368
v 2.811151 -1.157013 -0.886917
v 2.814549 -1.156480 -0.887924
v 2.002152 -1.144585 -0.859283
v 2.001630 -1.149194 -0.856880
v 1.987470 -1.145320 -0.855618
v 2.001996 -1.146118 -0.859653
v 2.001843 -1.147533 -0.859325
v 1.998654 -1.144718 -0.858971
v 1.999432 -1.146182 -0.859192
v 1.999921 -1.147396 -0.859131
v 1.997895 -1.147116 -0.858665
v 1.998273 -1.148821 -0.857002
v 1.994405 -1.147950 -0.856808
v 2.001714 -1.148615 -0.858353
v 1.999249 -1.148155 -0.858238
v 1.996671 -1.147578 -0.858044
v 1.990704 -1.145116 -0.856987
v 1.994634 -1.144904 -0.858162
v 1.990609 -1.146723 -0.856319
v 1.993894 -1.146474 -0.857590
v 1.996770 -1.146262 -0.858635
v -0.542159 -1.201441 1.392593
v -0.546058 -1.197526 1.387108
v -0.543216 -1.201130 1.390869
v -0.544326 -1.200277 1.389225
v -0.545325 -1.199013 1.387905
v -0.318931 -1.201289 1.774399
v -0.322673 -1.205206 1.768970
v -0.319583 -1.202801 1.773659
v -0.320525 -1.204075 1.772362
v -0.321609 -1.204920 1.770718
v -0.839099 -1.200712 1.955330
v -0.833434 -1.204627 1.957199
v -0.838229 -1.202204 1.955853
v -0.836848 -1.203472 1.956390
v -0.835162 -1.204323 1.956863
v -0.886569 -1.208709 3.033653
v -0.882682 -1.212565 3.014839
v -0.885047 -1.208728 3.034096
v -0.886523 -1.210201 3.029377
v -0.885772 -1.211458 3.024303
v -0.886428 -1.210263 3.031689
v -0.885936 -1.211344 3.028214
v -0.885745 -1.211038 3.030098
v -0.882831 -1.212296 3.019318
v -0.883330 -1.211472 3.024548
v -0.884421 -1.212288 3.019196
v -0.884631 -1.211884 3.024117
v -0.884906 -1.211351 3.028316
v -0.886294 -1.209016 3.035515
v -0.884109 -1.210220 3.029739
v -0.885299 -1.210272 3.031860
v -0.886180 -1.210285 3.033081
v 0.851644 -0.145083 -1.211208
v 0.852910 -0.143718 -1.207039
v 0.851258 -0.145556 -1.209808
v 0.851365 -0.145463 -1.208523
v 0.851945 -0.144815 -1.207550
v -0.000972 0.630497 -1.188095
v -0.002250 0.629114 -1.192268
v -0.001941 0.629390 -1.188606
v -0.002528 0.628739 -1.189583
v -0.002635 0.628641 -1.190868
v 1.154393 0.201308 -1.139610
v 1.156556 0.203862 -1.143131
v 1.155431 0.202501 -1.139683
v 1.156205 0.203406 -1.140377
v 1.156602 0.203883 -1.141586
v 0.302644 0.978040 -1.124191
v 0.300477 0.975482 -1.120674
v 0.302689 0.978061 -1.122650
v 0.302297 0.977582 -1.121441
v 0.301518 0.976677 -1.120750
v 0.399594 0.219139 -1.206646
v 0.400857 0.220506 -1.202484
v 0.399205 0.218668 -1.205246
v 0.399312 0.218762 -1.203964
v 0.399892 0.219407 -1.202995
v 0.704060 0.567583 -1.138672
v 0.701909 0.565037 -1.135151
v 0.704110 0.567605 -1.137131
v 0.703717 0.567128 -1.135918
v 0.702943 0.566227 -1.135223
v -0.028106 1.399911 -1.102238
v -0.030299 1.397321 -1.098724
v -0.028064 1.399930 -1.100697
v -0.028461 1.399446 -1.099487
v -0.029246 1.398528 -1.098793
v -0.331828 1.052242 -1.166161
v -0.333133 1.050829 -1.170357
v -0.332812 1.051122 -1.166679
v -0.333407 1.050460 -1.167656
v -0.333518 1.050359 -1.168949
v -0.350677 1.942671 -1.073509
v -0.352416 1.939164 -1.069984
v -0.350597 1.942621 -1.071968
v -0.350902 1.941936 -1.070755
v -0.351539 1.940724 -1.070061
v -0.604861 1.501400 -1.136017
v -0.605704 1.499078 -1.140236
v -0.605670 1.499927 -1.136536
v -0.606116 1.498969 -1.137520
v -0.606128 1.498671 -1.138817
v -0.840743 2.904267 -1.042465
v -0.835918 2.892010 -1.038933
v -0.838801 2.904794 -1.042370
v -0.840182 2.901482 -1.041077
v -0.839072 2.898175 -1.039917
v -0.840621 2.905607 -1.042595
v -0.839938 2.903620 -1.041084
v -0.839061 2.901423 -1.039909
v -0.838885 2.902868 -1.040203
v -0.835837 2.895177 -1.039028
v -0.836356 2.898719 -1.039719
v -0.837573 2.894850 -1.039162
v -0.837649 2.898580 -1.039375
v -0.837909 2.901654 -1.039822
v -0.839572 2.905895 -1.042545
v -0.837398 2.902096 -1.040890
v -0.838630 2.903911 -1.040993
v -0.839564 2.904890 -1.041069
v -0.845786 1.992414 -1.101913
v -0.843135 1.990842 -1.098396
v -0.846080 1.991704 -1.100536
v -0.845676 1.991157 -1.099384
v -0.844642 1.990854 -1.098633
v 1.348649 -0.458399 -1.205788
v 1.351006 -0.457668 -1.201591
v 1.348344 -0.458922 -1.204384
v 1.348687 -0.458967 -1.203091
v 1.349618 -0.458526 -1.202110
v 1.789464 -0.165924 -1.128700
v 1.792790 -0.163959 -1.132195
v 1.790948 -0.164954 -1.128761
v 1.792100 -0.164240 -1.129448
v 1.792748 -0.163891 -1.130653
v 1.916573 -0.747382 -1.187401
v 1.917584 -0.749729 -1.191528
v 1.916474 -0.748862 -1.187885
v 1.916631 -0.749830 -1.188843
v 1.917020 -0.750133 -1.190117
v 3.052781 -0.728727 -1.090935
v 3.053239 -0.726916 -1.090660
v 3.038987 -0.724086 -1.087540
v 3.054120 -0.728599 -1.091026
v 3.049619 -0.728204 -1.089600
v 3.051873 -0.727942 -1.089531
v 3.053201 -0.727569 -1.089455
v 3.050950 -0.726909 -1.088615
v 3.050126 -0.725506 -1.089226
v 3.046323 -0.724472 -1.088127
v 3.054368 -0.727619 -1.090881
v 3.052114 -0.726677 -1.089352
v 3.049573 -0.725964 -1.088219
v 3.042153 -0.725692 -1.087761
v 3.045888 -0.727141 -1.088486
v 3.042413 -0.723974 -1.087532
v 3.046212 -0.725728 -1.087860
v 3.049390 -0.727093 -1.088371
v 0.898515 -0.089217 -1.309471
v 0.894101 -0.094349 -1.306572
v 0.897309 -0.090607 -1.309441
v 0.896047 -0.092068 -1.308884
v 0.894917 -0.093383 -1.307877
v 0.040204 0.679843 -1.287628
v 0.044633 0.684993 -1.290520
v 0.041024 0.680812 -1.288933
v 0.042153 0.682131 -1.289940
v 0.043420 0.683600 -1.290497
v 1.138551 0.185402 -1.251785
v 1.135011 0.181432 -1.256577
v 1.138070 0.184885 -1.253422
v 1.137231 0.183948 -1.254910
v 1.136155 0.182737 -1.256016
v 0.281098 0.955609 -1.237640
v 0.284642 0.959581 -1.232845
v 0.282243 0.956911 -1.237076
v 0.283318 0.958124 -1.235970
v 0.284161 0.959064 -1.234482
v 0.446462 0.275004 -1.304909
v 0.442052 0.269880 -1.302017
v 0.445256 0.273619 -1.304886
v 0.443993 0.272157 -1.304325
v 0.442868 0.270844 -1.303322
v 0.682527 0.545162 -1.252113
v 0.686059 0.549123 -1.247326
v 0.683667 0.546461 -1.251556
v 0.684739 0.547670 -1.250450
v 0.685578 0.548604 -1.248962
v -0.049682 1.377445 -1.215687
v -0.046107 1.381453 -1.210884
v -0.048526 1.378763 -1.215126
v -0.047439 1.379988 -1.214012
v -0.046592 1.380933 -1.212524
v -0.290694 1.101544 -1.265686
v -0.286224 1.106742 -1.268593
v -0.289870 1.102517 -1.266994
v -0.288730 1.103848 -1.268005
v -0.287452 1.105330 -1.268566
v -0.371669 1.919054 -1.186947
v -0.368678 1.924213 -1.182152
v -0.370738 1.920813 -1.186386
v -0.369838 1.922410 -1.185280
v -0.369117 1.923604 -1.183792
v -0.563289 1.549765 -1.235512
v -0.559386 1.556134 -1.238453
v -0.562503 1.550832 -1.236832
v -0.561488 1.552417 -1.237854
v -0.560390 1.554278 -1.238426
v -0.858436 2.885814 -1.151203
v -0.856803 2.886338 -1.151009
v -0.853755 2.869076 -1.155922
v -0.858432 2.887152 -1.151302
v -0.858134 2.882084 -1.152935
v -0.858062 2.884280 -1.152824
v -0.857818 2.885610 -1.152729
v -0.857242 2.882940 -1.153648
v -0.855643 2.882535 -1.152725
v -0.854659 2.877918 -1.154263
v -0.856891 2.884498 -1.152725
v -0.856326 2.881353 -1.154015
v -0.855601 2.873025 -1.155487
v -0.857139 2.877591 -1.154442
v -0.853995 2.873193 -1.155384
v -0.855929 2.877527 -1.154793
v -0.857375 2.881211 -1.154091
v -0.797557 2.045312 -1.200974
v -0.803401 2.043064 -1.197121
v -0.799300 2.045040 -1.200607
v -0.801024 2.044518 -1.199745
v -0.802466 2.043823 -1.198517
v 1.396886 -0.403330 -1.304016
v 1.391095 -0.407676 -1.301132
v 1.395154 -0.404415 -1.304001
v 1.393445 -0.405621 -1.303444
v 1.392018 -0.406768 -1.302441
v 1.774789 -0.182417 -1.240841
v 1.769780 -0.185643 -1.245674
v 1.774197 -0.182877 -1.242481
v 1.773038 -0.183654 -1.243980
v 1.771485 -0.184624 -1.245098
v 1.960015 -0.699027 -1.286835
v 1.962193 -0.692928 -1.289837
v 1.960667 -0.697982 -1.288151
v 1.961308 -0.696457 -1.289185
v 1.961846 -0.694680 -1.289776
v 3.034806 -0.746881 -1.199509
v 3.016397 -0.742524 -1.204605
v 3.035237 -0.745373 -1.199303
v 3.030690 -0.746650 -1.201378
v 3.025746 -0.745740 -1.203003
v 3.032994 -0.746550 -1.201210
v 3.029630 -0.745926 -1.202545
v 3.031480 -0.745776 -1.202042
v 3.020829 -0.742713 -1.203941
v 3.025968 -0.743319 -1.202698
v 3.020726 -0.744293 -1.204140
v 3.025586 -0.744556 -1.203304
v 3.029725 -0.744900 -1.202415
v 3.036374 -0.746053 -1.199497
v 3.031026 -0.744255 -1.201069
v 3.033158 -0.745431 -1.201065
v 3.034383 -0.746304 -1.201073
v -1.181895 0.209243 0.414471
v -1.185752 0.207631 0.412628
v -1.182193 0.208233 0.413330
v -1.183032 0.207572 0.412575
v -1.184280 0.207361 0.412331
v -1.179156 0.942632 0.366413
v -1.183120 0.944494 0.368500
v -1.179454 0.943661 0.367577
v -1.180312 0.944376 0.368378
v -1.181598 0.944670 0.368706
v -1.180278 0.635990 0.019897
v -1.184131 0.634383 0.018066
v -1.180575 0.634984 0.018761
v -1.181411 0.634325 0.018013
v -1.182658 0.634116 0.017769
v -1.180774 0.515864 0.760963
v -1.184741 0.517732 0.763054
v -1.181075 0.516895 0.762123
v -1.181934 0.517612 0.762932
v -1.183219 0.517906 0.763256
v -1.182159 0.153016 1.182823
v -1.186126 0.154904 1.184940
v -1.182460 0.154056 1.183998
v -1.183314 0.154780 1.184814
v -1.184604 0.155078 1.185143
v -1.183284 -0.153955 0.835938
v -1.187144 -0.155594 0.834068
v -1.183578 -0.154975 0.834785
v -1.184417 -0.155644 0.834023
v -1.185672 -0.155861 0.833771
v -1.184413 -0.448595 1.270775
v -1.188293 -0.450199 1.268757
v -1.184711 -0.449604 1.269562
v -1.185550 -0.450263 1.268753
v -1.186809 -0.450472 1.268471
v -1.183311 -0.147972 1.630318
v -1.187282 -0.146119 1.632584
v -1.183608 -0.146946 1.631546
v -1.184470 -0.146232 1.632408
v -1.185760 -0.145943 1.632774
v -1.185760 -0.808061 2.474457
v -1.189910 -0.812134 2.483562
v -1.186080 -0.809666 2.477898
v -1.186984 -0.811003 2.480835
v -1.188327 -0.811869 2.482826
v -1.185374 -0.697736 1.749985
v -1.189277 -0.697888 1.744991
v -1.185672 -0.698193 1.747627
v -1.186519 -0.698382 1.745850
v -1.187785 -0.698274 1.744926
v -1.184783 -0.548496 2.414165
v -1.188766 -0.548092 2.419399
v -1.185084 -0.548025 2.416534
v -1.185947 -0.547780 2.418358
v -1.187240 -0.547805 2.419365
v -1.177318 1.429051 0.020126
v -1.181281 1.431068 0.022144
v -1.177615 1.430140 0.021263
v -1.178474 1.430906 0.022041
v -1.179759 1.431232 0.022354
v -1.178504 1.104935 -0.320084
v -1.182368 1.103184 -0.321831
v -1.178802 1.103871 -0.321190
v -1.179641 1.103166 -0.321915
v -1.180892 1.102926 -0.322136
v -1.173305 2.489361 -0.756584
v -1.177421 2.498394 -0.760529
v -1.173610 2.492772 -0.758141
v -1.174495 2.495687 -0.759438
v -1.175834 2.497662 -0.760277
v -1.173751 2.375525 -0.446239
v -1.177703 2.380991 -0.445854
v -1.174045 2.377934 -0.445728
v -1.174899 2.379818 -0.445477
v -1.176185 2.380892 -0.445518
v -1.176482 1.641177 -0.623741
v -1.180373 1.636317 -0.623787
v -1.176784 1.638923 -0.624199
v -1.177631 1.637209 -0.624367
v -1.178893 1.636293 -0.624222
v -1.289626 0.242183 0.451233
v -1.293456 0.246359 0.455933
v -1.291095 0.242894 0.452026
v -1.292338 0.243937 0.453201
v -1.293166 0.245152 0.454571
v -1.286971 0.917520 0.337574
v -1.290954 0.913590 0.333115
v -1.288493 0.916905 0.336872
v -1.289783 0.915941 0.335777
v -1.290649 0.914778 0.334457
v -1.288005 0.668938 0.056671
v -1.291835 0.673106 0.061363
v -1.289474 0.669647 0.057465
v -1.290717 0.670689 0.058636
v -1.291545 0.671902 0.060005
v -1.288589 0.490756 0.732124
v -1.292575 0.486824 0.727665
v -1.290111 0.490140 0.731422
v -1.291404 0.489177 0.730331
v -1.292270 0.488012 0.729012
v -1.289970 0.127930 1.154015
v -1.293956 0.123976 1.149529
v -1.291492 0.127313 1.153313
v -1.292785 0.126344 1.152210
v -1.293651 0.125173 1.150883
v -1.291000 -0.121046 0.872665
v -1.294841 -0.116841 0.877396
v -1.292472 -0.120333 0.873463
v -1.293719 -0.119284 0.874641
v -1.294551 -0.118057 0.876022
v -1.292113 -0.415663 1.307339
v -1.295970 -0.411497 1.312271
v -1.293590 -0.414953 1.308155
v -1.294845 -0.413911 1.309380
v -1.295680 -0.412698 1.310822
v -1.291114 -0.173087 1.601662
v -1.295108 -0.176997 1.596985
v -1.292640 -0.173702 1.600945
v -1.293933 -0.174661 1.599800
v -1.294803 -0.175818 1.598412
v -1.293300 -0.808397 2.487343
v -1.297435 -0.803246 2.476887
v -1.294887 -0.807960 2.486595
v -1.296233 -0.806825 2.484344
v -1.297126 -0.805172 2.480934
v -1.293048 -0.663367 1.783554
v -1.296931 -0.661037 1.792267
v -1.294536 -0.662795 1.784660
v -1.295795 -0.662149 1.786705
v -1.296638 -0.661532 1.789375
v -1.292590 -0.575058 2.388481
v -1.296580 -0.577128 2.380051
v -1.294116 -0.575535 2.387474
v -1.295409 -0.576094 2.385521
v -1.296275 -0.576654 2.382912
v -1.285129 1.404094 -0.008781
v -1.289115 1.399970 -0.013149
v -1.286651 1.403463 -0.009476
v -1.287944 1.402458 -0.010551
v -1.288810 1.401233 -0.011841
v -1.286224 1.137735 -0.283234
v -1.290061 1.142086 -0.278641
v -1.287696 1.138459 -0.282448
v -1.288943 1.139538 -0.281296
v -1.289771 1.140812 -0.279961
v -1.280784 2.502129 -0.756752
v -1.284991 2.491916 -0.751823
v -1.282382 2.501397 -0.756329
v -1.283740 2.499201 -0.755245
v -1.284656 2.495870 -0.753662
v -1.281547 2.354018 -0.476780
v -1.285556 2.345598 -0.479111
v -1.283073 2.353061 -0.477318
v -1.284370 2.351125 -0.477951
v -1.285243 2.348504 -0.478584
v -1.284198 1.670855 -0.585205
v -1.288036 1.679047 -0.582695
v -1.285674 1.671872 -0.584572
v -1.286922 1.673787 -0.583874
v -1.287753 1.676305 -0.583214
v -1.227046 3.053006 -0.764881
v -1.227050 3.052538 -0.766556
v -1.227042 3.054171 -0.765541
v -1.241618 -0.822804 2.950226
v -1.241626 -0.824525 2.949692
v -1.241626 -0.824079 2.951679
v -1.329776 -1.217184 1.274128
v -1.325427 -1.221672 1.274254
v -1.329448 -1.218910 1.274849
v -1.328509 -1.220369 1.275124
v -1.327094 -1.221340 1.274918
v 1.241990 -1.172016 -1.291782
v 1.242070 -1.176492 -1.288063
v 1.242738 -1.173704 -1.291515
v 1.243016 -1.175149 -1.290714
v 1.242780 -1.176128 -1.289501
v 1.242356 -1.211220 1.278324
v 1.241834 -1.214692 1.277451
v 1.242848 -1.212559 1.278774
v 1.242566 -1.214440 1.278301
v -1.319625 1.388012 -1.248844
v -1.324210 1.387908 -1.244274
v -1.321380 1.388752 -1.248489
v -1.322868 1.388992 -1.247498
v -1.323859 1.388695 -1.246017
v -1.321040 1.350427 1.321251
v -1.324527 1.349605 1.320549
v -1.322375 1.350888 1.321739
v -1.324260 1.350442 1.321358
v 1.247929 1.395622 -1.241814
v 1.247178 1.394813 -1.245316
v 1.248406 1.396110 -1.243137
v 1.248433 1.396128 -1.244267
v -1.324546 -0.745089 1.031792
v -1.328815 -0.749589 1.034107
v -1.326179 -0.745430 1.031967
v -1.327563 -0.746403 1.032471
v -1.328487 -0.747864 1.033222
v -1.324660 1.123756 -0.771664
v -1.320403 1.121205 -0.767117
v -1.324340 1.122782 -0.769924
v -1.323417 1.121957 -0.768448
v -1.322036 1.121402 -0.767464
v -1.324901 1.092141 1.069283
v -1.320644 1.089605 1.066818
v -1.324580 1.091173 1.068340
v -1.323657 1.090352 1.067539
v -1.322276 1.089800 1.067005
v 0.989785 -0.713567 -1.281830
v 0.992192 -0.717864 -1.286144
v 0.989968 -0.713872 -1.283466
v 0.990491 -0.714792 -1.284859
v 0.991269 -0.716195 -1.285801
v -0.843818 1.134764 -1.246803
v -0.848392 1.137278 -1.251038
v -0.844165 1.134982 -1.248428
v -0.845157 1.135534 -1.249809
v -0.846641 1.136342 -1.250725
v 0.996205 1.132483 -1.250847
v 0.993710 1.129794 -1.246643
v 0.995252 1.131478 -1.250542
v 0.994439 1.130615 -1.249638
v 0.993901 1.130023 -1.248268
v -0.837531 -1.219045 1.029167
v -0.834308 -1.214845 1.027210
v -0.836043 -1.218719 1.028397
v -0.834910 -1.217806 1.027752
v -0.834300 -1.216446 1.027336
v 0.973786 -1.185653 -0.855576
v 0.972375 -1.181872 -0.850311
v 0.973023 -1.185386 -0.854111
v 0.972485 -1.184574 -0.852596
v 0.972257 -1.183338 -0.851265
v 0.991872 -1.206569 0.990463
v 0.990937 -1.210675 0.993973
v 0.985589 -1.206687 0.997005
v 0.991021 -1.208127 0.990936
v 0.990544 -1.209453 0.991768
v 0.990300 -1.206599 0.992100
v 0.989999 -1.208094 0.992104
v 0.989732 -1.209296 0.992355
v 0.989484 -1.210368 0.993912
v 0.987954 -1.209504 0.994469
v 0.990514 -1.210350 0.992836
v 0.988587 -1.209316 0.993546
v 0.987161 -1.206657 0.995369
v 0.988732 -1.206628 0.993736
v 0.986588 -1.208211 0.995552
v 0.987824 -1.208133 0.994370
v 0.988919 -1.208075 0.993202
v -1.233283 -0.740986 1.029755
v -1.237556 -0.745274 1.031799
v -1.233615 -0.742633 1.030540
v -1.234538 -0.744024 1.031204
v -1.235923 -0.744953 1.031647
v -1.233413 1.121019 -0.767109
v -1.229159 1.118807 -0.762890
v -1.231784 1.120848 -0.766785
v -1.230403 1.120366 -0.765873
v -1.229480 1.119652 -0.764503
v -1.233653 1.089418 1.066826
v -1.229400 1.086452 1.063759
v -1.232024 1.089189 1.066589
v -1.230643 1.088547 1.065926
v -1.229720 1.087585 1.064934
v 0.987657 -0.711045 -1.190514
v 0.989774 -0.715231 -1.194855
v 0.988465 -0.712672 -1.190868
v 0.989152 -0.714038 -1.191818
v 0.989610 -0.714935 -1.193218
v -0.839576 1.130874 -1.155605
v -0.843829 1.133103 -1.159828
v -0.841205 1.131703 -1.155914
v -0.842582 1.132417 -1.156822
v -0.843509 1.132911 -1.158195
v 0.993699 1.128133 -1.159664
v 0.990682 1.125042 -1.155464
v 0.993466 1.127874 -1.158039
v 0.992814 1.127195 -1.156670
v 0.991837 1.126201 -1.155769
v -0.849750 -1.136932 1.028664
v -0.846316 -1.132730 1.026604
v -0.849742 -1.135331 1.028530
v -0.849086 -1.133969 1.028091
v -0.847884 -1.133057 1.027416
v 0.986157 -1.109589 -0.816521
v 0.984769 -1.105801 -0.810455
v 0.986276 -1.108116 -0.815506
v 0.986054 -1.106878 -0.813995
v 0.985524 -1.106066 -0.812225
v 0.989964 -1.143836 1.023540
v 0.983567 -1.143929 1.029961
v 0.983636 -1.139807 1.025841
v 0.988366 -1.143860 1.025146
v 0.986768 -1.143882 1.026749
v 0.989121 -1.142305 1.024689
v 0.987714 -1.142379 1.025967
v 0.986508 -1.142435 1.027218
v 0.984193 -1.142378 1.029633
v 0.984425 -1.141050 1.028732
v 0.985166 -1.143906 1.028351
v 0.985314 -1.142413 1.028374
v 0.985463 -1.141214 1.028069
v 0.985696 -1.140123 1.025932
v 0.987622 -1.141001 1.025524
v 0.984227 -1.140147 1.027401
v 0.985616 -1.140594 1.027107
v 0.986863 -1.141193 1.026665
v -1.280810 -0.713655 -0.797878
v -1.280803 -0.709322 -0.802055
v -1.280810 -0.713303 -0.799500
v -1.280807 -0.712356 -0.800865
v -1.280803 -0.710957 -0.801762
v -1.273013 2.952737 -0.729134
v -1.273017 2.951545 -0.732170
v -1.273013 2.953586 -0.730270
v -1.273013 2.952942 -0.731911
v 2.823045 -0.719359 -1.238186
v 2.824304 -0.716345 -1.238129
v 2.825177 -0.718480 -1.238167
v -0.839908 2.973037 -1.168205
v -0.836898 2.974272 -1.168182
v -0.839023 2.975163 -1.168167
v -0.846252 -1.146358 -0.815758
v -0.850490 -1.146427 -0.811459
v -0.847880 -1.146364 -0.815418
v -0.849258 -1.146379 -0.814484
v -0.850173 -1.146402 -0.813091
v -0.830436 -1.205366 2.868412
v -0.833564 -1.205349 2.867332
v -0.831626 -1.205382 2.869305
v -0.832641 -1.205384 2.869415
v -1.281291 -0.776709 2.861473
v -1.281283 -0.773714 2.862774
v -1.281291 -0.775861 2.863617
v -0.847739 -0.705168 -1.238419
v -0.843490 -0.709440 -1.238499
v -0.847419 -0.706799 -1.238449
v -0.846500 -0.708184 -1.238476
v -0.845119 -0.709110 -1.238495
v 2.805924 -1.145150 -0.847923
v 2.804593 -1.145101 -0.851070
v 2.806779 -1.145130 -0.849136
v 2.806825 -1.145114 -0.850166
v 2.806058 -1.145104 -0.850845
v 0.302251 -1.083935 0.201744
v 0.300389 -1.087758 0.200092
v 0.301103 -1.084213 0.200737
v 0.300347 -1.085039 0.200066
v 0.300095 -1.086282 0.199841
v 0.256249 -1.089394 0.935249
v 0.258325 -1.093384 0.937061
v 0.257409 -1.089710 0.936272
v 0.258214 -1.090578 0.936977
v 0.258534 -1.091869 0.937256
v -0.091121 -1.085665 0.629601
v -0.092975 -1.089488 0.627953
v -0.092265 -1.085947 0.628593
v -0.093017 -1.086772 0.627926
v -0.093268 -1.088018 0.627701
v 0.649598 -1.087665 0.507378
v 0.651677 -1.091657 0.509193
v 0.650762 -1.087979 0.508404
v 0.651566 -1.088848 0.509109
v 0.651887 -1.090141 0.509384
v 1.070439 -1.086536 0.143349
v 1.072545 -1.090533 0.145180
v 1.071614 -1.086852 0.144379
v 1.072427 -1.087721 0.145088
v 1.072751 -1.089017 0.145370
v 0.722695 -1.082802 -0.162636
v 0.720803 -1.086629 -0.164314
v 0.721539 -1.083083 -0.163658
v 0.720773 -1.083909 -0.164333
v 0.720513 -1.085154 -0.164566
v 1.156705 -1.082248 -0.458500
v 1.154729 -1.086084 -0.460190
v 1.155492 -1.082528 -0.459511
v 1.154691 -1.083356 -0.460186
v 1.154424 -1.084603 -0.460426
v 1.517079 -1.085981 -0.158901
v 1.519334 -1.089974 -0.157127
v 1.518311 -1.086293 -0.157883
v 1.519174 -1.087165 -0.157188
v 1.519532 -1.088454 -0.156925
v 2.359365 -1.084158 -0.821358
v 2.370469 -1.087608 -0.828117
v 2.362950 -1.084421 -0.823174
v 2.366323 -1.085170 -0.825096
v 2.368962 -1.086289 -0.826836
v 1.635209 -1.082221 -0.708992
v 1.632428 -1.086118 -0.710461
v 1.633023 -1.082505 -0.709541
v 1.631726 -1.083348 -0.710014
v 1.631520 -1.084616 -0.710335
v 2.299802 -1.085915 -0.561630
v 2.304898 -1.089518 -0.562122
v 2.302159 -1.086201 -0.561234
v 2.303956 -1.086989 -0.561188
v 2.304917 -1.088152 -0.561501
v -0.088672 -1.091774 1.422638
v -0.086669 -1.095767 1.424603
v -0.087539 -1.092088 1.423721
v -0.086757 -1.092961 1.424473
v -0.086452 -1.094251 1.424782
v -0.429786 -1.087935 1.099491
v -0.431556 -1.091768 1.097702
v -0.430896 -1.088215 1.098427
v -0.431625 -1.089042 1.097717
v -0.431857 -1.090289 1.097462
v -0.862407 -1.096874 2.485115
v -0.866344 -1.101078 2.494110
v -0.863956 -1.097211 2.488525
v -0.865249 -1.098126 2.491436
v -0.866088 -1.099484 2.493401
v -0.552386 -1.097223 2.370407
v -0.552001 -1.101239 2.375824
v -0.551868 -1.097545 2.372810
v -0.551616 -1.098423 2.374680
v -0.551662 -1.099719 2.375740
v -0.731940 -1.090867 1.636581
v -0.732017 -1.094703 1.631676
v -0.732406 -1.091142 1.634323
v -0.732585 -1.091969 1.632599
v -0.732448 -1.093220 1.631668
v 0.338685 -1.192186 0.233353
v 0.343369 -1.196069 0.237457
v 0.339475 -1.193661 0.234043
v 0.340642 -1.194918 0.235062
v 0.342011 -1.195762 0.236263
v 0.226918 -1.196803 0.908989
v 0.222436 -1.200724 0.905029
v 0.226209 -1.198314 0.908360
v 0.225106 -1.199591 0.907387
v 0.223782 -1.200437 0.906216
v -0.054679 -1.193914 0.661209
v -0.049998 -1.197799 0.665314
v -0.053889 -1.195390 0.661900
v -0.052722 -1.196647 0.662922
v -0.051356 -1.197492 0.664120
v 0.620271 -1.195071 0.481121
v 0.615788 -1.198995 0.477161
v 0.619561 -1.196584 0.480492
v 0.618459 -1.197860 0.479515
v 0.617135 -1.198706 0.478348
v 1.041139 -1.193938 0.117111
v 1.036633 -1.197865 0.113129
v 1.040425 -1.195450 0.116478
v 1.039319 -1.196729 0.115501
v 1.037988 -1.197575 0.114326
v 0.759099 -1.191054 -0.131058
v 0.763810 -1.194936 -0.126930
v 0.759892 -1.192528 -0.130363
v 0.761064 -1.193784 -0.129341
v 0.762441 -1.194629 -0.128132
v 1.194524 -1.189542 -0.428314
v 1.199460 -1.193427 -0.424274
v 1.195355 -1.191018 -0.427643
v 1.196584 -1.192272 -0.426643
v 1.198026 -1.193119 -0.425457
v 1.487946 -1.192557 -0.185867
v 1.483270 -1.196478 -0.189838
v 1.487218 -1.194068 -0.186512
v 1.486073 -1.195345 -0.187492
v 1.484689 -1.196190 -0.188660
v 2.409249 -1.149444 -0.873161
v 2.402593 -1.153375 -0.871162
v 2.409413 -1.150817 -0.873791
v 2.408208 -1.152044 -0.873634
v 2.405812 -1.152943 -0.872711
v 1.707410 -1.166582 -0.711327
v 1.717492 -1.170433 -0.710167
v 1.709256 -1.168035 -0.711250
v 1.711823 -1.169277 -0.711006
v 1.714715 -1.170120 -0.710625
v 2.273824 -1.172934 -0.606903
v 2.265862 -1.176428 -0.610031
v 2.272809 -1.174293 -0.607727
v 2.270940 -1.175433 -0.608612
v 2.268498 -1.176183 -0.609421
v -0.118075 -1.199182 1.396530
v -0.122466 -1.203104 1.392376
v -0.118777 -1.200693 1.395885
v -0.119857 -1.201969 1.394867
v -0.121154 -1.202817 1.393639
v -0.393268 -1.196170 1.130955
v -0.388682 -1.200070 1.135246
v -0.392486 -1.197651 1.131660
v -0.391337 -1.198911 1.132721
v -0.390002 -1.199761 1.133980
v -0.862960 -1.204493 2.496658
v -0.858073 -1.208599 2.486382
v -0.862548 -1.206083 2.495907
v -0.861472 -1.207421 2.493690
v -0.859904 -1.208306 2.490345
v -0.583407 -1.204649 2.347755
v -0.585776 -1.208547 2.339298
v -0.583957 -1.206158 2.346779
v -0.584598 -1.207429 2.344833
v -0.585239 -1.208268 2.342201
v -0.693744 -1.199067 1.664917
v -0.691226 -1.203005 1.673050
v -0.693114 -1.200557 1.665916
v -0.692416 -1.201828 1.667809
v -0.691752 -1.202687 1.670319
v -0.869346 -1.157024 3.048134
v -0.871020 -1.157016 3.047668
v -0.870910 -1.157024 3.049049
v 2.835011 -1.121806 -0.855713
v 2.834340 -1.121708 -0.857536
v 2.836129 -1.121778 -0.856430
v 2.835767 -1.121725 -0.857418
v 1.933602 -1.115656 -0.840122
v 1.949162 -1.115421 -0.843838
v 1.937028 -1.115547 -0.841507
v 1.941193 -1.115465 -0.842697
v 1.945451 -1.115420 -0.843513
v 0.191972 0.422226 -1.196369
v 0.190701 0.420853 -1.200539
v 0.191003 0.421125 -1.196884
v 0.190423 0.420478 -1.197853
v 0.190316 0.420382 -1.199135
v 0.923215 0.376067 -1.138660
v 0.925366 0.378614 -1.142181
v 0.924249 0.377258 -1.138733
v 0.925023 0.378161 -1.139427
v 0.925416 0.378636 -1.140640
v 0.621995 0.031344 -1.206028
v 0.620732 0.029980 -1.210190
v 0.621030 0.030246 -1.206539
v 0.620450 0.029603 -1.207512
v 0.620347 0.029509 -1.208794
v 0.493173 0.766928 -1.129005
v 0.495328 0.769477 -1.132526
v 0.494210 0.768120 -1.129078
v 0.494981 0.769021 -1.129772
v 0.495374 0.769500 -1.130985
v 0.126473 1.185045 -1.110607
v 0.128652 1.187617 -1.114124
v 0.127519 1.186247 -1.110680
v 0.128297 1.187157 -1.111370
v 0.128697 1.187638 -1.112579
v -0.175075 0.839948 -1.178047
v -0.176364 0.838550 -1.182236
v -0.176051 0.838835 -1.178562
v -0.176639 0.838179 -1.179539
v -0.176749 0.838079 -1.180828
v -0.473975 1.271089 -1.152233
v -0.475230 1.269553 -1.156448
v -0.474944 1.269920 -1.152756
v -0.475520 1.269218 -1.153736
v -0.475623 1.269088 -1.155033
v -0.178603 1.627727 -1.084976
v -0.176459 1.630444 -1.088493
v -0.177569 1.628984 -1.085045
v -0.176799 1.629942 -1.085739
v -0.176410 1.630453 -1.086952
v -0.839526 2.441381 -1.068588
v -0.843234 2.450544 -1.072212
v -0.841090 2.444692 -1.068741
v -0.842345 2.447597 -1.069489
v -0.843097 2.449651 -1.070709
v -0.728007 1.746254 -1.117500
v -0.727870 1.741907 -1.121716
v -0.728446 1.744002 -1.118011
v -0.728572 1.742386 -1.118992
v -0.728370 1.741650 -1.120293
v -0.579829 2.380882 -1.054447
v -0.579074 2.386363 -1.057995
v -0.579330 2.383196 -1.054527
v -0.579013 2.385050 -1.055229
v -0.578921 2.386163 -1.056446
v 1.412091 0.033255 -1.137466
v 1.414399 0.035733 -1.140984
v 1.413186 0.034418 -1.137539
v 1.414006 0.035300 -1.138229
v 1.414433 0.035759 -1.139442
v 1.093385 -0.305241 -1.205601
v 1.091977 -0.306525 -1.209778
v 1.092362 -0.306310 -1.206116
v 1.091737 -0.306928 -1.207088
v 1.091603 -0.307004 -1.208374
v 2.478024 -0.735728 -1.137447
v 2.487412 -0.739132 -1.141235
v 2.481469 -0.737228 -1.137650
v 2.484464 -0.738401 -1.138439
v 2.486550 -0.739070 -1.139702
v 2.360784 -0.427814 -1.110680
v 2.366551 -0.426949 -1.114094
v 2.363202 -0.427269 -1.110710
v 2.365148 -0.426909 -1.111374
v 2.366323 -0.426797 -1.112560
v 1.631371 -0.605621 -1.195076
v 1.626847 -0.605219 -1.199333
v 1.629155 -0.606047 -1.195618
v 1.627519 -0.606121 -1.196617
v 1.626706 -0.605829 -1.197922
v 0.233159 0.471590 -1.295906
v 0.237576 0.476722 -1.298798
v 0.233975 0.472555 -1.297211
v 0.235104 0.473869 -1.298218
v 0.236367 0.475333 -1.298775
v 0.907365 0.360154 -1.250832
v 0.903832 0.356191 -1.255623
v 0.906884 0.359635 -1.252472
v 0.906045 0.358701 -1.253956
v 0.904973 0.357489 -1.255066
v 0.663190 0.080719 -1.305565
v 0.667600 0.085844 -1.308456
v 0.664006 0.081684 -1.306866
v 0.665132 0.082999 -1.307873
v 0.666394 0.084458 -1.308430
v 0.477326 0.751015 -1.241177
v 0.473790 0.747053 -1.245972
v 0.476846 0.750498 -1.242817
v 0.476006 0.749563 -1.244301
v 0.474934 0.748353 -1.245407
v 0.110646 1.169161 -1.222771
v 0.107091 1.165170 -1.227570
v 0.110166 1.168641 -1.224411
v 0.109319 1.167699 -1.225899
v 0.108239 1.166481 -1.227013
v -0.133918 0.889275 -1.277580
v -0.129470 0.894446 -1.280479
v -0.133098 0.890248 -1.278885
v -0.131965 0.891571 -1.279892
v -0.130687 0.893045 -1.280453
v -0.432803 1.320256 -1.251751
v -0.428386 1.325616 -1.254662
v -0.431983 1.321244 -1.253063
v -0.430854 1.322611 -1.254078
v -0.429591 1.324145 -1.254639
v -0.194461 1.611986 -1.197136
v -0.197970 1.607825 -1.201942
v -0.194938 1.611452 -1.198776
v -0.195773 1.610474 -1.200264
v -0.196838 1.609200 -1.201378
v -0.831088 2.466582 -1.173847
v -0.825645 2.457128 -1.178356
v -0.830524 2.466058 -1.175430
v -0.829291 2.464077 -1.176842
v -0.827579 2.460940 -1.177872
v -0.685466 1.792579 -1.216961
v -0.682811 1.801543 -1.219940
v -0.684775 1.793848 -1.218285
v -0.684028 1.795997 -1.219322
v -0.683337 1.798700 -1.219898
v -0.597076 2.367905 -1.166634
v -0.598811 2.360235 -1.171398
v -0.597419 2.367106 -1.168270
v -0.597869 2.365367 -1.169750
v -0.598361 2.362955 -1.170853
v 1.396397 0.017275 -1.249634
v 1.392667 0.013403 -1.254433
v 1.395902 0.016762 -1.251274
v 1.395020 0.015848 -1.252762
v 1.393884 0.014668 -1.253872
v 1.134431 -0.255792 -1.305138
v 1.139024 -0.250766 -1.308029
v 1.135262 -0.254834 -1.306438
v 1.136430 -0.253543 -1.307449
v 1.137750 -0.252114 -1.308006
v 2.499547 -0.723110 -1.242767
v 2.489652 -0.717743 -1.247192
v 2.498944 -0.722504 -1.244358
v 2.496854 -0.721271 -1.245758
v 2.493588 -0.719599 -1.246754
v 2.348550 -0.445408 -1.222740
v 2.340516 -0.447267 -1.227673
v 2.347726 -0.445764 -1.224392
v 2.345910 -0.446244 -1.225906
v 2.343381 -0.446772 -1.227058
v 1.669286 -0.554504 -1.294662
v 1.677731 -0.551535 -1.297489
v 1.670415 -0.553699 -1.295967
v 1.672414 -0.552851 -1.296963
v 1.674985 -0.552092 -1.297497
v 3.044240 -0.736147 -1.144981
v 3.043790 -0.737808 -1.145218
v 3.045407 -0.736797 -1.144958
v -0.847804 2.895566 -1.096687
v -0.849597 2.895037 -1.096832
v -0.848525 2.896700 -1.096664
v -0.849498 2.896414 -1.096741
v 2.796010 -1.176392 -0.887245
v 2.795217 -1.176132 -0.886581
v -1.327861 -0.778007 2.868179
v 0.984578 -1.175312 1.013481
v 0.990918 -1.175206 1.007000
v 0.986165 -1.175284 1.011864
v 0.987748 -1.175259 1.010239
v 0.989335 -1.175231 1.008621
v 2.828992 -0.719325 -1.284515
v -1.319385 2.957662 -0.733078
v -0.840903 2.979951 -1.214462
v -1.327560 -0.777515 2.867195
vn 0.9950 -0.0570 -0.0821
vn 1.0000 -0.0037 0.0001
vn 0.9950 -0.0608 -0.0789
vn -0.3550 -0.5914 -0.7240
vn -0.4463 -0.6066 -0.6579
vn -0.4460 -0.5660 -0.6934
vn 0.9958 0.0601 0.0691
vn -0.2695 0.7310 0.6269
vn -0.3611 0.7405 0.5668
vn -0.2669 0.7653 0.5858
vn 0.9950 -0.0805 -0.0587
vn 0.9950 -0.0775 -0.0632
vn -0.3543 -0.5481 -0.7577
vn -0.4444 -0.5247 -0.7261
vn -0.2719 0.5594 0.7830
vn -0.3625 0.4785 0.7998
vn -0.3660 0.5414 0.7569
vn -0.2728 0.6541 0.7055
vn -0.3663 0.6720 0.6436
vn -0.2709 0.6951 0.6659
vn 0.9952 -0.0718 -0.0668
vn 0.9951 -0.0695 -0.0710
vn 0.9957 0.0651 0.0663
vn -0.3566 0.7754 0.5212
vn -0.2622 0.8010 0.5382
vn -0.3403 -0.8081 -0.4807
vn -0.4356 -0.7447 -0.5056
vn -0.3446 -0.7766 -0.5275
vn -0.3497 -0.7431 -0.5706
vn -0.4434 -0.6786 -0.5856
vn -0.3533 -0.7083 -0.6111
vn -0.3504 0.8101 0.4701
vn -0.2572 0.8361 0.4846
vn -0.3446 0.8349 0.4291
vn -0.2532 0.8606 0.4418
vn -0.3324 -0.8521 -0.4041
vn -0.4230 -0.8034 -0.4191
vn -0.3353 -0.8352 -0.4359
vn 0.9948 -0.0862 -0.0545
vn -0.3417 0.8457 0.4098
vn -0.2508 0.8713 0.4219
vn -0.3556 0.7810 0.5134
vn -0.0468 0.7736 0.6319
vn -0.2745 -0.9414 -0.1962
vn -0.4176 -0.8213 -0.3887
vn 1.0000 -0.0037 -0.0000
vn 0.9944 -0.0948 -0.0462
vn 0.9948 -0.0891 -0.0501
vn -0.3515 -0.5041 -0.7889
vn -0.4416 -0.4826 -0.7563
vn -0.3492 -0.4619 -0.8153
vn -0.4380 -0.4423 -0.7826
vn -0.2647 0.4308 0.8628
vn -0.3541 0.3875 0.8511
vn -0.3573 0.4183 0.8350
vn 0.9958 0.0558 0.0728
vn -0.3483 -0.4318 -0.8320
vn -0.4349 -0.4138 -0.7998
vn -0.2995 -0.2049 -0.9318
vn -0.3957 -0.2052 -0.8952
vn -0.2643 0.3975 0.8787
vn -0.3575 0.4207 0.8338
vn 0.9957 0.0449 0.0804
vn -0.5170 -0.5801 -0.6295
vn -0.5170 -0.5418 -0.6627
vn -1.0000 0.0037 -0.0001
vn -0.9968 -0.0619 -0.0501
vn -0.3642 0.7071 0.6062
vn -0.4407 0.7130 0.5453
vn -0.9962 0.0729 0.0471
vn -1.0000 0.0037 -0.0000
vn -0.9961 0.0768 0.0429
vn -0.5162 -0.5011 -0.6946
vn -0.5125 -0.4618 -0.7239
vn -0.3674 0.6322 0.6822
vn -0.4480 0.5652 0.6927
vn -0.4471 0.6088 0.6554
vn -0.4462 0.6466 0.6188
vn -0.3673 0.5892 0.7197
vn -0.4459 0.5208 0.7279
vn -0.4454 -0.6445 -0.6215
vn -0.4402 -0.7116 -0.5475
vn -0.5143 -0.6491 -0.5605
vn -0.5115 -0.6811 -0.5240
vn -0.4296 0.7813 0.4527
vn -0.9963 0.0692 0.0505
vn -0.4297 -0.7762 -0.4614
vn -0.5079 -0.7125 -0.4842
vn -0.5010 -0.7439 -0.4423
vn -0.4195 0.8171 0.3954
vn -1.0000 0.0038 -0.0000
vn -0.9959 0.0805 0.0403
vn -0.4948 -0.7701 -0.4025
vn -0.3703 -0.9074 -0.1989
vn -0.4876 -0.7888 -0.3743
vn -0.4871 0.7347 0.4722
vn -0.9968 -0.0443 -0.0666
vn -0.4431 0.4606 0.7691
vn -0.4354 0.4028 0.8051
vn -0.5091 -0.4237 -0.7492
vn -0.5050 -0.3970 -0.7664
vn -0.9967 -0.0368 -0.0729
vn -0.9967 -0.0411 -0.0695
vn -0.4297 0.3734 0.8221
vn -0.4998 0.4486 0.7409
vn -0.4690 -0.2077 -0.8584
vn -0.2731 0.6091 0.7446
vn 0.0639 0.0019 -0.9980
vn -0.0376 -0.0294 -0.9989
vn -0.1378 -0.0461 -0.9894
vn -0.9964 0.0563 0.0634
vn -0.9965 0.0513 0.0665
vn -0.4442 0.6804 0.5828
vn -0.9964 0.0598 0.0606
vn 0.9954 0.0407 0.0868
vn 0.9950 -0.0653 -0.0753
vn -0.9963 0.0422 0.0752
vn 0.0650 -0.9978 -0.0130
vn 0.2142 -0.9714 0.1019
vn -0.0379 -0.9982 -0.0469
vn 0.0277 -0.9981 0.0556
vn -0.1381 -0.9883 -0.0655
vn -0.9969 -0.0644 -0.0462
vn -0.3557 -0.6715 -0.6501
vn -0.9968 -0.0481 -0.0635
vn -0.5169 -0.6160 -0.5945
vn 0.9953 -0.0019 -0.0967
vn 0.9951 0.0384 0.0916
vn 0.9937 -0.0307 -0.1073
vn 0.9946 -0.0507 -0.0905
vn -0.9954 -0.0211 -0.0940
vn -0.9965 -0.0353 -0.0763
vn -0.9960 0.0409 0.0796
vn -0.9959 -0.0008 -0.0904
vn 0.9941 -0.0996 -0.0442
vn 0.9958 0.0710 0.0584
vn -0.4366 0.7469 0.5015
vn -0.9964 -0.0766 -0.0372
vn -1.0000 0.0038 0.0001
vn 0.9958 0.0679 0.0619
vn 0.9957 0.0756 0.0541
vn -0.9964 0.0625 0.0566
vn -0.2688 0.4938 0.8270
vn -0.1265 0.9880 0.0882
vn 0.0021 0.9998 0.0172
vn 0.0021 0.9933 0.1152
vn -0.9965 0.0467 0.0699
vn 1.0000 -0.0038 -0.0000
vn 0.9932 -0.1135 -0.0275
vn 0.9950 0.0898 0.0448
vn 0.9950 -0.0995 0.0003
vn -0.9958 0.0833 0.0390
vn -0.9959 -0.0898 -0.0063
vn -0.9994 -0.0108 0.0323
vn -0.9958 -0.0878 -0.0249
vn 0.2060 0.2713 -0.9402
vn 0.4417 0.1046 -0.8911
vn 0.9949 -0.0518 -0.0863
vn 0.0498 0.0752 -0.9959
vn -0.9964 -0.0748 -0.0392
vn -0.3561 -0.6336 -0.6868
vn -0.9964 0.0658 0.0536
vn -0.9968 -0.0681 -0.0426
vn 0.9955 0.0804 0.0493
vn -0.4237 0.8057 0.4138
vn -0.4454 -0.8720 -0.2031
vn -0.9968 -0.0593 -0.0532
vn -0.9969 -0.0545 -0.0564
vn -0.9969 -0.0512 -0.0594
vn 0.9958 0.0502 0.0766
vn 0.9956 0.0811 0.0462
vn 0.0018 -0.9996 -0.0292
vn 0.0019 -0.9999 -0.0158
vn 0.0018 -0.9999 -0.0150
vn -0.0137 -0.6738 0.7388
vn 0.0089 -0.4243 0.9055
vn 0.0158 -0.5052 0.8629
vn -0.0497 -0.6689 0.7417
vn 0.0013 -0.4649 0.8854
vn 0.0934 -0.9928 0.0746
vn -0.0039 -0.9998 -0.0185
vn 0.0961 -0.9952 -0.0184
vn 0.0053 0.0048 -1.0000
vn 0.0014 0.0197 -0.9998
vn -0.0811 -0.0617 -0.9948
vn -0.1010 0.9947 0.0171
vn 0.0041 0.9845 -0.1751
vn 1.0000 -0.0021 0.0001
vn 0.9815 -0.1030 -0.1611
vn 0.9953 -0.0003 -0.0971
vn -0.0725 -0.9936 -0.0872
vn 0.0302 -0.9954 -0.0915
vn -1.0000 -0.0080 0.0041
vn -1.0000 0.0018 -0.0004
vn -1.0000 0.0018 -0.0001
vn -0.0500 0.9932 -0.1056
vn 0.0027 0.9998 0.0191
vn -0.1892 0.9817 0.0207
vn -0.9950 0.0002 0.1001
vn -0.9951 -0.0672 -0.0726
vn -0.9972 -0.0687 0.0277
vn 0.1011 0.9947 0.0191
vn 0.0027 0.9968 -0.0797
vn -1.0000 0.0020 -0.0001
vn -0.9938 0.0769 0.0803
vn 0.0054 0.0173 -0.9998
vn 0.1797 0.1964 -0.9639
vn 0.1400 -0.0152 -0.9900
vn 0.0015 0.0146 -0.9999
vn -0.0663 -0.6925 -0.7183
vn 0.0009 -0.5432 -0.8396
vn -0.0710 -0.6556 -0.7518
vn -0.1057 -0.0188 0.9942
vn 0.0001 0.0792 0.9969
vn -0.0001 -0.0191 0.9998
vn -0.0008 -0.9998 -0.0185
vn 0.0030 -0.9913 -0.1317
vn 0.0038 -0.9998 -0.0188
vn 0.0816 -0.9946 0.0642
vn -0.0363 -0.9885 0.1470
vn -0.9995 0.0222 0.0219
vn -0.9940 0.1093 0.0018
vn -0.0015 -0.7497 -0.6618
vn -0.0014 -0.6940 -0.7200
vn 0.4608 0.7504 0.4740
vn 0.5767 0.5672 0.5880
vn 0.6062 0.5978 0.5246
vn 0.0012 0.0180 -0.9998
vn 0.0013 -0.0716 -0.9974
vn -0.0948 -0.0691 -0.9931
vn -0.0016 -0.9999 -0.0139
vn 0.0999 -0.9949 -0.0146
vn -1.0000 0.0021 0.0002
vn -0.9959 0.0004 0.0907
vn -0.9956 -0.0934 -0.0015
vn -0.9882 -0.0572 0.1419
vn -0.1027 -0.9946 -0.0146
vn 0.9945 -0.0001 -0.1049
vn 0.9954 0.0954 0.0020
vn 0.9893 0.0710 -0.1274
vn -0.7443 -0.6653 -0.0573
vn -0.7100 -0.7041 -0.0135
vn -0.7075 -0.7000 -0.0969
vn 0.0022 -0.9999 -0.0152
vn 0.1535 -0.9831 -0.1001
vn -0.6725 -0.7383 -0.0519
vn -0.5611 -0.8276 -0.0159
vn 0.9899 -0.0526 -0.1315
vn -0.9952 0.0038 -0.0979
vn -0.9920 -0.0820 -0.0956
vn -0.0060 0.0222 -0.9997
vn 0.0005 0.0127 -0.9999
vn 0.0004 0.1077 -0.9942
vn 0.0271 -0.9996 0.0058
vn -0.9866 0.1525 -0.0579
vn -0.2061 0.9780 -0.0312
vn -0.0950 0.9953 0.0171
vn 0.1086 -0.1205 0.9868
vn 0.0884 -0.1829 0.9791
vn -0.6565 -0.0969 -0.7481
vn -0.7063 0.1664 -0.6881
vn -0.7191 0.0707 -0.6913
vn 0.6028 0.5105 0.6132
vn 0.5151 0.5941 0.6178
vn 0.4712 0.4715 0.7454
vn -0.6975 0.2554 -0.6695
vn -0.5329 0.7302 -0.4275
vn -0.4806 0.7855 -0.3898
vn 0.9969 0.0778 -0.0072
vn 0.9957 -0.0045 0.0922
vn 0.9809 0.1944 -0.0014
vn -0.0936 0.0184 -0.9954
vn 0.0053 0.0188 -0.9998
vn 0.0024 0.9966 -0.0821
vn -0.0557 0.1570 -0.9860
vn 0.7266 0.4834 0.4882
vn -0.1256 -0.9814 -0.1452
vn 0.0971 -0.2159 0.9716
vn -0.6764 0.3283 -0.6593
vn -0.5258 0.7164 -0.4587
vn -0.6525 -0.1151 -0.7490
vn -0.7048 0.1345 -0.6965
vn -0.0991 -0.0188 0.9949
vn -0.2004 -0.6439 -0.7384
vn -0.1532 -0.6971 -0.7005
vn -0.1280 -0.6881 -0.7142
vn -0.7116 -0.6806 -0.1743
vn -0.7065 -0.6988 -0.1119
vn 0.9909 0.0957 -0.0951
vn -0.6245 -0.7613 -0.1744
vn -0.9999 0.0036 -0.0121
vn -0.9932 -0.0800 -0.0850
vn -0.0971 -0.1242 0.9875
vn -0.0003 -0.1012 0.9949
vn -0.1608 -0.0349 0.9864
vn -0.0948 0.9889 0.1146
vn 0.0223 0.0389 -0.9990
vn 0.0974 0.1156 -0.9885
vn 0.0001 0.0191 -0.9998
vn 0.0004 0.1168 -0.9932
vn -0.0700 -0.0506 -0.9963
vn -0.0738 0.0484 -0.9961
vn 0.0058 -0.9970 0.0767
vn -0.0053 -1.0000 -0.0074
vn -0.0039 -0.9976 0.0688
vn -0.0625 -0.9980 -0.0131
vn 0.9901 -0.1041 0.0939
vn 0.9952 0.0981 0.0003
vn -0.9950 0.0994 0.0016
vn -0.9969 0.0304 -0.0732
vn -0.9903 0.0974 0.0989
vn -1.0000 0.0021 -0.0001
vn 0.0958 0.0188 -0.9952
vn 0.0982 0.0188 -0.9950
vn 0.0306 -0.0548 -0.9980
vn -0.0128 0.9897 -0.1427
vn -0.1004 -0.9884 -0.1138
vn 0.9397 0.3215 -0.1168
vn 0.8952 0.4061 -0.1835
vn 0.9667 0.2202 -0.1307
vn -0.0786 0.9959 -0.0444
vn 0.0040 1.0000 0.0077
vn -0.0749 0.9960 -0.0489
vn -0.7267 -0.3466 -0.5931
vn -0.6613 -0.4368 -0.6098
vn -0.6967 -0.4367 -0.5691
vn 0.0729 0.9948 0.0710
vn 0.6280 -0.2795 0.7263
vn 0.5675 -0.3718 0.7347
vn 0.5866 -0.2792 0.7602
vn -0.0553 0.9960 -0.0696
vn -0.0591 0.9961 -0.0655
vn -0.7607 -0.3443 -0.5502
vn -0.7293 -0.4355 -0.5277
vn 0.7836 -0.2808 0.5541
vn 0.7997 -0.3710 0.4721
vn 0.7570 -0.3751 0.5350
vn 0.7067 -0.2827 0.6486
vn 0.6440 -0.3764 0.6660
vn 0.6667 -0.2818 0.6900
vn -0.0626 0.9961 -0.0614
vn -0.0671 0.9961 -0.0577
vn 0.0695 0.9947 0.0754
vn 0.5227 -0.3682 0.7689
vn 0.5397 -0.2734 0.7962
vn -0.4843 -0.3286 -0.8108
vn -0.5093 -0.4252 -0.7482
vn -0.5307 -0.3347 -0.7786
vn -0.5746 -0.3397 -0.7446
vn -0.5892 -0.4333 -0.6819
vn -0.6146 -0.3425 -0.7106
vn 0.4717 -0.3806 0.7954
vn 0.4855 -0.2822 0.8275
vn 0.4258 -0.4350 0.7934
vn 0.4359 -0.3388 0.8338
vn -0.4154 -0.2768 -0.8665
vn -0.4262 -0.4046 -0.8091
vn -0.4412 -0.3165 -0.8397
vn -0.0511 0.9959 -0.0740
vn 0.3807 -0.5573 0.7379
vn 0.3910 -0.4748 0.7885
vn 0.3729 -0.6746 0.6371
vn 0.3384 -0.6726 0.6581
vn -0.3852 -0.1702 -0.9070
vn -0.4068 -0.3703 -0.8351
vn -0.0424 0.9957 -0.0829
vn -0.0462 0.9959 -0.0777
vn -0.7915 -0.3430 -0.5058
vn -0.7594 -0.4331 -0.4855
vn -0.8186 -0.3388 -0.4639
vn -0.7856 -0.4298 -0.4451
vn 0.8625 -0.2747 0.4251
vn 0.8508 -0.3618 0.3810
vn 0.8348 -0.3653 0.4119
vn 0.0776 0.9947 0.0675
vn -0.8343 -0.3408 -0.4333
vn -0.8026 -0.4270 -0.4165
vn -0.9338 -0.2925 -0.2061
vn -0.8973 -0.3899 -0.2071
vn 0.8787 -0.2705 0.3933
vn 0.6930 -0.3794 0.6130
vn 0.0845 0.9948 0.0561
vn -0.6329 -0.5084 -0.5839
vn -0.6665 -0.5089 -0.5448
vn -0.0040 -1.0000 -0.0077
vn -0.0541 -0.9959 -0.0731
vn 0.6067 -0.3746 0.7011
vn 0.5455 -0.4513 0.7062
vn 0.0443 -0.9972 0.0599
vn 0.0029 -0.9998 -0.0191
vn 0.0462 -0.9974 0.0557
vn -0.6977 -0.5077 -0.5054
vn -0.7269 -0.5051 -0.4653
vn 0.6825 -0.3772 0.6260
vn 0.6918 -0.4564 0.5596
vn 0.6561 -0.4560 0.6014
vn 0.6188 -0.4559 0.6397
vn 0.7199 -0.3768 0.5829
vn 0.7276 -0.4547 0.5137
vn -0.6251 -0.4355 -0.6478
vn -0.5512 -0.4299 -0.7151
vn -0.5643 -0.5051 -0.6531
vn -0.5276 -0.5031 -0.6845
vn 0.4577 -0.4544 0.7642
vn 0.0472 -0.9972 0.0581
vn -0.0028 -1.0000 -0.0091
vn -0.4652 -0.4191 -0.7797
vn -0.4882 -0.4970 -0.7174
vn -0.4455 -0.4919 -0.7481
vn 0.3705 -0.6246 0.6875
vn 0.0086 -0.9989 -0.0457
vn 0.0454 -0.9984 0.0339
vn -0.4092 -0.4765 -0.7781
vn -0.3901 -0.2471 -0.8870
vn -0.3902 -0.4436 -0.8068
vn 0.3487 -0.7595 0.5491
vn -0.0703 -0.9960 -0.0553
vn 0.7692 -0.4506 0.4531
vn 0.8048 -0.4424 0.3957
vn -0.7527 -0.5007 -0.4275
vn -0.7695 -0.4974 -0.4005
vn -0.0772 -0.9958 -0.0482
vn -0.0738 -0.9959 -0.0517
vn 0.8207 -0.4385 0.3663
vn 0.7409 -0.5034 0.4445
vn -0.8611 -0.4627 -0.2107
vn 0.7452 -0.2829 0.6038
vn -0.9977 0.0671 0.0054
vn -0.9991 -0.0334 -0.0270
vn -0.9900 -0.1338 -0.0449
vn 0.0594 -0.9973 0.0439
vn 0.0623 -0.9973 0.0396
vn 0.5829 -0.4546 0.6735
vn 0.0564 -0.9973 0.0478
vn 0.0903 0.9946 0.0515
vn -0.0714 0.9960 -0.0536
vn 0.0717 -0.9970 0.0308
vn 0.0587 0.7459 -0.6635
vn -0.0089 0.5849 -0.8110
vn -0.0007 0.6433 -0.7656
vn 0.0326 0.6612 -0.7495
vn -0.0200 0.5029 -0.8641
vn -0.0491 -0.9958 -0.0777
vn -0.6520 -0.3451 -0.6751
vn -0.0673 -0.9960 -0.0591
vn -0.5980 -0.5080 -0.6200
vn -0.0922 0.9957 0.0093
vn 0.0951 0.9943 0.0493
vn -0.1036 0.9944 -0.0194
vn -0.0868 0.9955 -0.0384
vn -0.0945 -0.9950 -0.0322
vn -0.0807 -0.9956 -0.0466
vn 0.0758 -0.9967 0.0288
vn -0.0984 -0.9951 -0.0120
vn 0.0039 1.0000 0.0077
vn -0.0400 0.9955 -0.0865
vn 0.0627 0.9946 0.0832
vn 0.5034 -0.4466 0.7397
vn -0.0289 -0.9848 -0.1711
vn 0.0021 -0.9962 -0.0874
vn 0.0660 0.9947 0.0792
vn 0.0582 0.9945 0.0868
vn 0.0534 -0.9972 0.0516
vn 0.8275 -0.2769 0.4884
vn -0.1366 -0.2005 0.9701
vn -0.0856 -0.1186 0.9893
vn -0.1409 -0.1964 0.9703
vn 0.0660 -0.9972 0.0344
vn 0.0039 1.0000 0.0076
vn -0.0176 0.9928 -0.1183
vn 0.0463 0.9945 0.0938
vn 0.0039 0.9979 -0.0644
vn 0.0384 -0.9992 0.0049
vn -0.0138 -0.9789 -0.2037
vn 0.0144 -0.9923 -0.1228
vn -0.0531 -0.9601 -0.2745
vn -0.9615 0.2713 0.0434
vn -0.8745 0.4443 0.1946
vn -0.0825 0.9958 -0.0402
vn -0.9954 0.0535 0.0795
vn -0.0258 -0.9922 -0.1216
vn -0.6901 -0.3455 -0.6359
vn 0.0500 -0.9973 0.0545
vn -0.0384 -0.9951 -0.0910
vn -0.0413 0.4091 -0.9116
vn -0.0319 0.4891 -0.8717
vn 0.0530 0.9945 0.0902
vn 0.4142 -0.5143 0.7509
vn -0.0563 0.3307 -0.9421
vn -0.0572 -0.9959 -0.0694
vn -0.0606 -0.9959 -0.0665
vn -0.0637 -0.9960 -0.0626
vn 0.0807 0.9948 0.0624
vn 0.0496 0.9943 0.0946
vn -0.5511 -0.6779 -0.4865
vn -0.5599 -0.6019 -0.5695
vn -0.5190 -0.6371 -0.5699
vn -0.0225 -0.0493 0.9985
vn 0.7429 0.6563 -0.1319
vn 0.7605 0.6076 -0.2292
vn 0.7773 0.6153 -0.1316
vn -0.1619 -0.1770 0.9708
vn -0.1574 -0.1805 0.9709
vn -0.5078 -0.7116 -0.4856
vn -0.4776 -0.6696 -0.5688
vn 0.5701 0.8113 -0.1294
vn 0.4967 0.8384 -0.2247
vn 0.5601 0.7964 -0.2281
vn 0.6651 0.7349 -0.1327
vn 0.6918 0.6842 -0.2309
vn 0.7066 0.6951 -0.1325
vn -0.1545 -0.1853 0.9705
vn -0.1498 -0.1887 0.9706
vn -0.0182 -0.0529 0.9984
vn 0.7954 0.5619 -0.2272
vn 0.8130 0.5678 -0.1293
vn -0.7714 -0.4388 -0.4609
vn -0.7002 -0.4523 -0.5524
vn -0.7387 -0.4844 -0.4686
vn -0.7042 -0.5277 -0.4750
vn -0.6327 -0.5306 -0.5640
vn -0.6692 -0.5665 -0.4808
vn 0.8303 0.5102 -0.2243
vn 0.8478 0.5147 -0.1280
vn 0.8556 0.4679 -0.2213
vn 0.8724 0.4722 -0.1262
vn -0.8164 -0.3636 -0.4487
vn -0.7609 -0.3680 -0.5345
vn -0.7991 -0.3954 -0.4529
vn -0.1665 -0.1730 0.9707
vn 0.8669 0.4474 -0.2197
vn 0.8831 0.4521 -0.1253
vn 0.8459 0.4848 -0.2225
vn 0.8408 0.5412 0.0143
vn -0.9126 -0.1633 -0.3747
vn -0.7795 -0.3385 -0.5271
vn -0.0864 -0.1131 0.9898
vn -0.1641 -0.1555 0.9741
vn -0.1701 -0.1675 0.9711
vn -0.4639 -0.7430 -0.4824
vn -0.4355 -0.6999 -0.5662
vn -0.4215 -0.7688 -0.4810
vn -0.3953 -0.7263 -0.5624
vn 0.4403 0.8891 -0.1249
vn 0.4046 0.8881 -0.2179
vn 0.4358 0.8726 -0.2205
vn -0.0267 -0.0456 0.9986
vn -0.3914 -0.7856 -0.4793
vn -0.3669 -0.7436 -0.5589
vn -0.1682 -0.8899 -0.4240
vn -0.1610 -0.8424 -0.5142
vn 0.4081 0.9044 -0.1243
vn 0.4380 0.8715 -0.2206
vn -0.0373 -0.0375 0.9986
vn -0.5280 -0.5652 -0.6338
vn -0.4886 -0.5985 -0.6349
vn 0.0855 0.1186 -0.9893
vn 0.0199 0.0679 -0.9975
vn 0.0856 0.1186 -0.9893
vn 0.7269 0.6469 -0.2303
vn 0.7399 0.5956 -0.3129
vn 0.1535 0.1632 -0.9746
vn 0.0857 0.1129 -0.9899
vn 0.1618 0.1522 -0.9750
vn -0.4494 -0.6301 -0.6332
vn -0.4090 -0.6588 -0.6314
vn 0.6516 0.7226 -0.2307
vn 0.5928 0.7415 -0.3144
vn 0.6343 0.7057 -0.3157
vn 0.6733 0.6690 -0.3148
vn 0.6083 0.7597 -0.2299
vn 0.5465 0.7770 -0.3126
vn -0.5981 -0.5660 -0.5674
vn -0.6664 -0.4933 -0.5591
vn -0.5975 -0.4969 -0.6293
vn -0.6299 -0.4614 -0.6248
vn 0.8091 0.5013 -0.3067
vn 0.1489 0.1678 -0.9745
vn 0.0858 0.1180 -0.9893
vn -0.7327 -0.4091 -0.5438
vn -0.6629 -0.4227 -0.6179
vn -0.6948 -0.3820 -0.6094
vn 0.8465 0.4387 -0.3016
vn 0.0773 0.0980 -0.9922
vn 0.1651 0.1334 -0.9772
vn -0.7231 -0.3436 -0.5993
vn -0.8705 -0.1590 -0.4658
vn -0.7434 -0.3169 -0.5891
vn 0.6449 0.6449 -0.4101
vn 0.0376 0.0511 -0.9980
vn 0.4854 0.8177 -0.3095
vn 0.4271 0.8521 -0.3025
vn -0.3717 -0.6853 -0.6263
vn -0.3450 -0.7024 -0.6227
vn 0.0458 0.0458 -0.9979
vn 0.0424 0.0494 -0.9979
vn 0.3976 0.8680 -0.2975
vn 0.4180 0.8418 -0.3417
vn -0.1580 -0.7973 -0.5826
vn 0.6201 0.7733 -0.1318
vn 0.0089 -0.9985 -0.0533
vn -0.0139 -0.9874 -0.1575
vn -0.0225 -0.9663 -0.2565
vn 0.1357 0.1807 -0.9741
vn 0.1318 0.1842 -0.9740
vn 0.7073 0.6332 -0.3143
vn 0.1394 0.1775 -0.9742
vn -0.0422 -0.0321 0.9986
vn -0.1453 -0.1926 0.9705
vn 0.1227 0.1930 -0.9735
vn -0.9998 -0.0092 -0.0153
vn -0.9882 0.0188 0.1523
vn -0.9915 -0.0379 -0.1246
vn -0.9998 -0.0137 -0.0161
vn -0.9728 -0.0516 -0.2258
vn 0.0161 0.0714 -0.9973
vn -0.6338 -0.6040 -0.4831
vn 0.0345 0.0552 -0.9979
vn -0.5646 -0.5309 -0.6319
vn -0.0822 -0.2138 0.9734
vn -0.0444 -0.0271 0.9986
vn -0.1109 -0.2245 0.9681
vn -0.1303 -0.2084 0.9693
vn 0.0613 0.0271 -0.9978
vn 0.0474 0.0423 -0.9980
vn 0.1209 0.1976 -0.9728
vn 0.0817 0.0236 -0.9964
vn -0.0817 -0.0997 0.9917
vn -0.1375 -0.1360 0.9811
vn -0.0105 -0.0599 0.9982
vn -0.0858 -0.1179 0.9893
vn 0.7740 0.5516 -0.3109
vn -0.0449 0.0489 -0.9978
vn 0.0510 0.0750 -0.9959
vn -0.0134 -0.0555 0.9984
vn -0.0085 -0.0633 0.9980
vn 0.1442 0.1755 -0.9739
vn 0.5039 0.8544 -0.1267
vn 0.1264 0.1874 -0.9741
vn -0.0635 -0.0805 0.9947
vn -0.1034 -0.0983 0.9898
vn 0.0093 -0.0314 0.9995
vn -0.1468 -0.0662 0.9869
vn 0.1505 0.1133 -0.9821
vn -0.0552 0.0528 -0.9971
vn 0.0412 0.0930 -0.9948
vn -0.1084 0.0357 -0.9935
vn 0.2670 -0.9572 0.1116
vn 0.0792 -0.9367 0.3412
vn -0.1321 -0.2041 0.9700
vn 0.1907 -0.9506 -0.2448
vn -0.0053 0.0681 -0.9977
vn -0.5939 -0.6415 -0.4855
vn 0.1476 0.1725 -0.9739
vn 0.0115 0.0741 -0.9972
vn -0.0084 -0.0598 0.9982
vn 0.8349 0.4595 -0.3029
vn -0.8326 -0.1594 -0.5304
vn 0.0244 0.0655 -0.9976
vn 0.0278 0.0625 -0.9977
vn 0.0314 0.0592 -0.9978
vn -0.0315 -0.0419 0.9986
vn -0.0041 -0.0463 0.9989
vn 0.4072 -0.8945 0.1846
vn 0.7114 -0.6764 0.1907
vn 0.3529 -0.8940 0.2761
vn 0.6003 -0.7984 0.0477
vn 0.9088 -0.3856 0.1591
vn 0.6486 -0.7223 0.2401
vn 0.8792 -0.3994 0.2596
vn 0.9339 0.2966 0.1997
vn 0.9655 -0.2552 0.0521
vn 0.9989 -0.0004 0.0464
vn 0.9126 0.3235 0.2500
vn 0.9867 -0.0095 0.1623
vn 0.8440 -0.5350 0.0372
vn 0.9751 -0.0063 0.2218
vn 0.4406 0.6716 0.5956
vn 0.1630 0.8602 0.4831
vn 0.2426 0.6614 0.7097
vn 0.1466 0.7172 0.6813
vn 0.4793 0.7315 0.4850
vn 0.3178 0.8529 0.4142
vn 0.7295 0.4009 0.5542
vn 0.7373 0.1716 -0.6534
vn 0.6205 0.0537 -0.7823
vn 0.6729 0.5257 -0.5204
vn 0.7336 0.3296 -0.5943
vn 0.9173 0.1507 -0.3686
vn 0.8523 0.0398 -0.5216
vn 0.8907 0.2454 -0.3826
vn -0.1002 0.5062 0.8566
vn 0.4441 0.5485 0.7085
vn 0.2585 0.6011 0.7562
vn 0.1506 0.4554 0.8775
vn 0.4673 0.4530 0.7592
vn 0.4021 0.6104 0.6825
vn 0.7380 0.5213 0.4284
vn 0.9679 0.0505 -0.2464
vn 0.9330 0.1885 0.3065
vn 0.9991 0.0411 0.0060
vn 0.9882 0.1532 0.0034
vn 0.9126 0.2325 0.3363
vn 0.9785 0.2062 0.0038
vn -0.4943 -0.8667 0.0665
vn -0.2276 -0.9731 -0.0343
vn 0.0599 -0.9873 0.1468
vn -0.4159 -0.8985 0.1406
vn -0.5075 -0.8615 -0.0139
vn -0.7258 -0.6877 -0.0181
vn -0.8365 -0.5197 0.1734
vn -0.7551 0.5464 0.3622
vn -0.4941 0.6803 0.5414
vn -0.6370 0.6862 0.3513
vn -0.9231 0.2995 0.2412
vn -0.7412 0.5350 0.4054
vn -0.9126 0.2766 0.3013
vn -0.9472 -0.3200 0.0201
vn -0.9668 0.2125 0.1419
vn -0.9927 -0.0402 0.1140
vn -0.8558 0.4574 0.2415
vn -0.9890 -0.0494 0.1393
vn -0.4826 0.0865 -0.8716
vn 0.0957 0.1672 -0.9813
vn -0.2056 -0.0129 -0.9785
vn -0.4871 0.0043 -0.8734
vn -0.3815 0.1574 -0.9109
vn -0.8287 0.1874 -0.5274
vn -0.7653 0.1060 -0.6349
vn -0.9674 0.1378 0.2126
vn -0.9460 0.0286 -0.3229
vn -0.9992 0.0356 -0.0152
vn -0.8587 0.2299 0.4581
vn -0.9923 0.1161 -0.0440
vn -0.7159 -0.0022 -0.6982
vn -0.9245 0.2337 0.3011
vn -0.9886 0.1425 -0.0485
vn -0.7604 0.3457 0.5497
vn -0.6440 0.3323 0.6891
vn -0.5009 0.5194 0.6924
vn -0.7448 0.3904 0.5412
vn -0.9134 0.2949 0.2807
vn -0.2416 0.9006 0.3612
vn -0.3265 0.9371 0.1232
vn -0.5341 0.5864 0.6091
vn -0.5823 0.7078 0.3999
vn -0.7757 0.5302 0.3423
vn -0.4691 0.0796 0.8795
vn -0.2435 0.3287 0.9125
vn -0.1313 0.0528 0.9899
vn -0.8691 0.3669 0.3317
vn -0.6449 0.3751 0.6659
vn -0.7398 0.1502 0.6559
vn -0.9640 0.1690 0.2053
vn -0.9560 0.1651 0.2425
vn -0.1553 0.9533 -0.2591
vn -0.0101 0.8303 -0.5573
vn -0.6137 0.2694 -0.7422
vn -0.5506 0.3226 -0.7699
vn -0.4153 0.3912 -0.8213
vn -0.3973 -0.6394 -0.6583
vn -0.2125 0.4442 -0.8704
vn -0.2458 0.3668 -0.8972
vn -0.6159 -0.5868 -0.5258
vn -0.7936 -0.5528 -0.2542
vn 0.3974 0.8846 -0.2440
vn 0.3973 0.8847 -0.2437
vn -0.3399 0.4435 -0.8293
vn -0.1238 0.9916 -0.0367
vn -0.5029 0.8643 0.0016
vn -0.2724 0.9514 -0.1435
vn -0.8460 -0.3239 -0.4235
vn -0.2385 -0.5530 -0.7983
vn -0.4808 -0.6015 -0.6380
vn -0.7683 0.3386 -0.5432
vn -0.8247 0.4176 -0.3814
vn -0.8443 0.4437 -0.3004
vn -0.4575 0.8453 0.2759
vn -0.4851 0.8346 0.2608
vn -0.4557 0.8460 0.2766
vn -0.6704 -0.2965 0.6802
vn -0.6749 -0.3455 0.6520
vn -0.7497 -0.3948 0.5312
vn -0.9163 -0.3389 0.2136
vn -0.9221 -0.3450 0.1753
vn -0.7192 -0.6364 -0.2788
vn -0.7192 -0.6363 -0.2788
vn -0.7736 0.0040 0.6336
vn -0.6824 0.1371 0.7180
vn -0.8518 -0.1633 0.4978
vn -0.8087 -0.3814 0.4479
vn 0.7353 -0.5446 -0.4033
vn 0.7340 -0.5446 -0.4057
vn 0.7107 -0.5842 -0.3920
vn 0.1021 -0.9264 -0.3624
vn 0.1021 -0.9263 -0.3626
vn 0.1021 -0.9264 -0.3625
vn -0.1207 -0.8371 -0.5336
vn 0.8814 -0.0319 0.4713
vn 0.8814 -0.0320 0.4713
vn 0.8814 -0.0321 0.4713
vn 0.6739 -0.6669 -0.3180
vn 0.8359 -0.5481 0.0307
vn 0.3233 0.8646 0.3845
vn 0.1973 0.9516 0.2355
vn 0.1641 0.9667 0.1964
vn 0.1110 0.9449 -0.3080
vn 0.3471 0.9104 -0.2251
vn 0.0735 0.9912 -0.1102
vn 0.3358 0.5523 -0.7630
vn 0.3910 0.7262 -0.5655
vn 0.5996 0.6073 -0.5212
vn 0.3275 0.3906 -0.8603
vn 0.2446 0.1876 -0.9513
vn 0.2063 0.1921 -0.9594
vn 0.9079 0.3476 -0.2344
vn 0.8812 0.1048 -0.4610
vn 0.6619 0.3991 -0.6345
vn 0.6572 0.1733 -0.7336
vn 0.9021 -0.0071 -0.4315
vn 0.9486 -0.1531 -0.2770
vn 0.4304 -0.3586 -0.8283
vn 0.4174 -0.1785 -0.8910
vn 0.4913 -0.1434 -0.8591
vn -0.5649 -0.7843 -0.2564
vn -0.6140 -0.6130 -0.4971
vn 0.3419 -0.5302 -0.7759
vn 0.4930 -0.2572 -0.8312
vn 0.8541 0.2812 -0.4375
vn 0.8541 0.2813 -0.4375
vn 0.9560 -0.2887 0.0517
vn 0.9126 -0.2369 0.3334
vn 0.9896 -0.1401 0.0323
vn 0.5821 -0.7449 0.3261
vn 0.7286 -0.5601 0.3942
vn 0.6894 -0.2842 0.6663
vn 0.2573 -0.8372 0.4826
vn 0.3402 -0.9294 0.1431
vn 0.1586 -0.9794 0.1249
vn -0.4022 -0.7076 0.5809
vn -0.4022 -0.7076 0.5810
vn 0.3644 -0.2449 0.8985
vn 0.1358 -0.5318 0.8359
vn 0.4184 -0.6227 0.6612
vn -0.0278 -0.8214 0.5697
vn -0.1369 -0.8326 0.5367
vn -0.6564 -0.0305 -0.7538
vn -0.6566 -0.0331 -0.7535
vn -0.6565 -0.0321 -0.7536
vn -0.2825 -0.9031 0.3234
vn -0.5955 0.6971 -0.3993
vn -0.4348 0.8232 -0.3651
vn -0.7927 -0.6084 -0.0389
vn 0.6082 -0.0866 0.7890
vn 0.5939 -0.1654 0.7873
vn 0.6092 -0.0802 0.7890
vn -0.8649 0.4473 0.2275
vn -0.9179 0.1286 -0.3753
vn -0.4309 0.7407 0.5155
vn -0.9196 0.3422 -0.1932
vn -0.6999 0.0987 -0.7074
vn -0.8917 0.4397 -0.1071
vn -0.8961 0.2258 -0.3822
vn 0.3091 0.8946 0.3227
vn 0.1800 0.7836 0.5946
vn 0.5807 0.7913 0.1912
vn 0.4331 0.8969 0.0895
vn 0.0766 0.8911 0.4473
vn -0.2899 0.9145 -0.2821
vn -0.2886 0.9145 -0.2836
vn -0.0845 0.8793 -0.4687
vn -0.3661 0.1338 -0.9209
vn 0.2202 0.4556 -0.8625
vn -0.1919 0.3463 -0.9183
vn 0.2454 0.6006 -0.7610
vn -0.3754 0.2294 -0.8980
vn -0.1094 0.4408 -0.8909
vn -0.1854 -0.9107 0.3691
vn -0.3843 -0.9163 0.1125
vn 0.1355 -0.7264 0.6738
vn 0.0722 -0.9067 0.4155
vn -0.7055 -0.7041 0.0807
vn -0.0904 -0.8808 0.4648
vn -0.3744 -0.9018 0.2158
vn 0.3314 0.3384 0.8807
vn 0.5850 0.1895 0.7886
vn 0.1519 0.5838 0.7976
vn 0.0894 0.4479 0.8896
vn 0.4517 0.1420 0.8808
vn 0.6553 -0.2113 0.7252
vn -0.2556 -0.2379 0.9371
vn -0.2519 -0.2419 0.9370
vn -0.4424 -0.0279 0.8964
vn -0.9201 -0.3750 0.1131
vn -0.8692 0.2155 0.4451
vn -0.9204 -0.1876 0.3429
vn -0.5005 0.4813 0.7196
vn -0.8986 -0.3767 0.2250
vn -0.8906 -0.0983 0.4441
vn -0.9173 -0.0985 -0.3858
vn -0.9272 -0.3509 -0.1311
vn -0.7074 -0.0735 -0.7030
vn -0.8733 -0.3109 -0.3751
vn -0.7449 -0.6574 -0.1134
vn -0.6021 -0.5191 -0.6066
vn -0.7069 -0.5995 -0.3753
vn -0.1239 -0.3355 -0.9339
vn -0.3888 -0.0903 -0.9169
vn -0.0995 -0.6404 -0.7616
vn -0.3745 -0.3044 -0.8758
vn -0.6803 -0.2709 -0.6811
vn -0.3887 -0.8300 -0.4001
vn -0.1411 -0.8954 -0.4223
vn -0.4006 -0.9023 -0.1595
vn -0.3682 -0.5955 -0.7140
vn 0.4309 0.2520 -0.8665
vn 0.1206 -0.2854 -0.9508
vn 0.5730 0.3120 -0.7578
vn 0.3391 -0.0929 -0.9362
vn 0.0839 -0.5985 -0.7967
vn 0.4345 0.0037 -0.9007
vn 0.2532 -0.2627 -0.9311
vn 0.8822 0.3542 0.3103
vn 0.7793 0.5968 0.1911
vn 0.7948 0.1773 0.5804
vn 0.8987 0.0947 0.4281
vn 0.8752 0.4795 0.0637
vn 0.7464 0.6652 -0.0192
vn 0.9303 -0.1727 -0.3235
vn 0.9296 -0.1675 -0.3282
vn 0.9081 -0.4080 -0.0944
vn 0.4194 -0.8790 -0.2267
vn 0.4675 -0.8651 0.1815
vn 0.1161 -0.8833 -0.4542
vn 0.3215 -0.8119 -0.4874
vn 0.6002 -0.7557 0.2621
vn 0.4845 -0.8664 -0.1212
vn -0.5078 0.8412 -0.1857
vn -0.4581 0.8868 -0.0614
vn -0.2686 0.9252 -0.2680
vn -0.5205 0.7203 -0.4585
vn -0.6420 0.7611 -0.0924
vn -0.7350 0.6777 -0.0210
vn -0.7389 0.5905 -0.3245
vn -0.7389 0.5905 -0.3247
vn -0.5982 -0.4045 -0.6918
vn -0.2712 -0.4326 -0.8599
vn -0.5304 -0.4878 -0.6933
vn -0.7679 -0.2641 -0.5836
vn -0.5202 -0.1537 -0.8401
vn -0.9424 0.3289 -0.0615
vn -0.9445 -0.1749 -0.2779
vn -0.8919 0.4456 -0.0768
vn -0.8071 -0.2528 -0.5336
vn -0.7346 -0.3966 -0.5505
vn -0.3762 0.9196 0.1132
vn -0.0948 0.9143 0.3939
vn -0.7026 0.7039 0.1042
vn -0.3721 0.8427 0.3890
vn -0.0911 0.6913 0.7168
vn -0.6598 0.6558 0.3668
vn -0.3549 0.6499 0.6721
vn -0.9201 0.0917 0.3808
vn -0.9197 0.3785 0.1043
vn -0.7040 0.0796 0.7057
vn -0.8487 0.3676 0.3802
vn -0.6601 0.3456 0.6670
vn -0.0964 0.3604 0.9278
vn -0.3782 0.0802 0.9222
vn -0.0970 0.0785 0.9922
vn -0.3731 0.3585 0.8557
vn -0.4832 -0.0950 0.8703
vn -0.1362 -0.0403 0.9899
vn -0.4593 -0.0347 0.8876
vn -0.6962 -0.1073 0.7098
vn -0.5143 -0.4827 0.7088
vn -0.7790 -0.3472 0.5221
vn -0.9462 -0.2664 -0.1834
vn -0.9438 -0.0708 0.3228
vn -0.7337 -0.5377 -0.4154
vn -0.8073 -0.5220 -0.2755
vn -0.8915 -0.0910 0.4438
vn -0.7362 -0.0442 0.6753
vn -0.3302 -0.6769 -0.6579
vn -0.5258 -0.6331 -0.5681
vn -0.6137 -0.7894 -0.0133
vn -0.7724 -0.6344 -0.0294
vn -0.5160 -0.8356 -0.1884
vn -0.7802 -0.5094 -0.3629
vn -0.7051 -0.3251 -0.6301
vn 0.3809 0.9212 -0.0797
vn 0.0998 0.9273 -0.3609
vn 0.0993 0.9920 -0.0781
vn 0.7073 0.7025 -0.0785
vn 0.3757 0.8553 -0.3569
vn 0.0941 0.7171 -0.6906
vn 0.6617 0.6670 -0.3424
vn 0.3576 0.6724 -0.6480
vn 0.9208 0.1023 -0.3763
vn 0.9221 0.3762 -0.0901
vn 0.7040 0.1043 -0.7025
vn 0.8495 0.3793 -0.3668
vn 0.6624 0.3666 -0.6534
vn 0.0984 0.3955 -0.9132
vn 0.3783 0.1140 -0.9186
vn 0.3752 0.3893 -0.8413
vn -0.0297 0.9504 -0.3096
vn -0.2267 0.9717 -0.0665
vn -0.0603 0.8489 -0.5250
vn -0.1789 0.6104 -0.7716
vn -0.0095 0.5688 -0.8224
vn -0.4711 0.7276 -0.4987
vn -0.4711 0.7277 -0.4986
vn 0.5361 0.6652 -0.5198
vn -0.2781 -0.1639 -0.9465
vn -0.0666 0.3425 -0.9372
vn -0.5025 -0.4379 -0.7455
vn -0.3746 -0.2355 -0.8968
vn -0.1851 0.5765 -0.7959
vn -0.0951 0.6856 -0.7218
vn -0.6672 -0.6096 -0.4280
vn -0.6438 -0.6037 -0.4702
vn -0.7915 0.0161 -0.6110
vn -0.7015 0.1695 -0.6922
vn -0.8415 -0.1593 -0.5163
vn -0.5556 -0.4810 -0.6782
vn -0.6620 0.0450 -0.7481
vn -0.6163 -0.1108 -0.7797
vn 0.7858 -0.2740 -0.5545
vn 0.9017 -0.0747 -0.4258
vn 0.9520 -0.2105 -0.2221
vn 0.7152 -0.3543 -0.6025
vn 0.4966 -0.2399 -0.8342
vn 0.6393 -0.0542 -0.7671
vn 0.2241 -0.5319 -0.8166
vn -0.3600 -0.7444 -0.5624
vn -0.5776 -0.7999 -0.1628
vn -0.5832 -0.6845 -0.4373
vn -0.1743 -0.5158 -0.8388
vn 0.2618 -0.9424 -0.2081
vn -0.0689 -0.8434 -0.5329
vn 0.3798 -0.9170 -0.1220
vn 0.3182 -0.0709 -0.9454
vn -0.1634 -0.2687 -0.9493
vn 0.1041 -0.2355 -0.9663
vn -0.4062 -0.4839 -0.7751
vn 0.8634 -0.3150 -0.3940
vn 0.8655 0.1245 -0.4852
vn 0.9869 -0.1119 -0.1160
vn 0.8461 -0.4445 -0.2941
vn 0.7741 -0.3184 -0.5472
vn 0.6618 -0.1717 -0.7297
vn 0.6104 -0.5982 -0.5192
vn -0.1360 -0.9449 -0.2978
vn 0.3548 -0.9283 -0.1116
vn -0.3319 -0.7966 -0.5053
vn 0.0905 -0.9579 -0.2725
vn 0.4249 -0.8904 -0.1634
vn -0.1620 -0.8488 -0.5033
vn 0.1565 -0.9356 -0.3165
vn -0.5347 -0.3706 -0.7594
vn -0.3239 -0.6242 -0.7110
vn -0.5230 -0.5782 -0.6262
vn -0.1623 -0.5364 -0.8282
vn -0.3659 -0.4743 -0.8007
vn -0.0715 -0.8044 -0.5898
vn 0.9204 -0.1072 0.3760
vn 0.9192 -0.3834 0.0900
vn 0.7033 -0.1075 0.7028
vn 0.8480 -0.3830 0.3664
vn 0.7010 -0.7088 0.0790
vn 0.6595 -0.3693 0.6547
vn 0.6579 -0.6706 0.3427
vn 0.1610 -0.4453 0.8808
vn 0.3771 -0.1163 0.9188
vn 0.1231 -0.7452 0.6554
vn 0.3710 -0.3900 0.8428
vn 0.3514 -0.6741 0.6497
vn 0.3744 -0.9238 0.0802
vn 0.0936 -0.9358 0.3400
vn 0.3694 -0.8578 0.3573
vn -0.1024 -0.7747 0.6239
vn -0.1738 -0.8774 0.4471
vn -0.0460 -0.8623 0.5043
vn -0.4162 -0.7496 0.5147
vn -0.3610 -0.7144 0.5994
vn -0.1122 -0.9333 0.3412
vn -0.0355 -0.9334 0.3570
vn -0.2177 -0.9100 0.3527
vn -0.8760 -0.0208 -0.4818
vn -0.9201 -0.0344 -0.3902
vn -0.9573 -0.0816 -0.2774
vn -0.8328 0.0583 -0.5506
vn -0.9866 -0.1538 -0.0550
vn -0.0565 -0.9858 0.1579
vn -0.3068 -0.9248 -0.2250
vn -0.3030 -0.9518 0.0471
vn -0.4638 -0.8799 -0.1030
vn -0.4175 -0.8617 -0.2882
vn -0.4863 -0.8535 -0.1873
vn 0.3398 0.8839 -0.3214
vn 0.0838 0.7260 -0.6826
vn 0.0299 0.8365 -0.5472
vn 0.0642 0.9150 -0.3983
vn 0.3537 0.9349 -0.0283
vn 0.5146 0.8565 -0.0404
vn 0.0948 0.9887 -0.1164
vn 0.3948 0.9013 0.1785
vn 0.2046 0.9216 0.3297
vn 0.0417 0.9851 -0.1671
vn 0.0423 0.9989 0.0184
vn 0.2977 0.9159 0.2693
vn 0.1978 0.9796 0.0355
vn 0.0255 0.9346 -0.3549
vn 0.3326 0.8254 0.4562
vn 0.3010 0.8506 0.4311
vn 0.5501 -0.2570 0.7945
vn 0.3681 -0.5745 0.7311
vn -0.6306 0.1519 -0.7611
vn 0.4682 0.8384 -0.2791
vn -0.1257 0.3559 -0.9260
vn -0.0387 0.6557 -0.7541
vn -0.2080 0.1914 -0.9592
vn -0.1071 0.5269 -0.8432
vn -0.0190 0.8169 -0.5764
vn -0.1907 0.3403 -0.9208
vn -0.0756 0.7258 -0.6837
vn -0.2826 0.1847 -0.9413
vn -0.3187 -0.0101 -0.9478
vn -0.3603 0.1332 -0.9233
vn -0.2018 0.5699 -0.7965
vn -0.1757 0.5489 -0.8172
vn -0.0802 0.8579 -0.5075
vn -0.1177 0.9057 -0.4073
vn -0.0247 0.9483 -0.3164
vn -0.2234 0.7716 -0.5957
vn -0.6530 0.7325 0.1924
vn -0.7797 0.6230 0.0631
vn -0.8750 0.3928 0.2829
vn -0.6981 0.6738 0.2423
vn -0.3654 0.9165 0.1629
vn -0.5172 0.8544 0.0503
vn -0.3786 0.8887 0.2586
vn 0.7987 -0.0554 0.5991
vn 0.7064 0.4301 0.5621
vn 0.6956 0.2468 0.6747
vn 0.8791 0.1424 0.4549
vn 0.7613 0.4608 0.4561
vn 0.7496 0.1431 0.6462
vn 0.4344 0.7293 0.5287
vn 0.5134 0.7006 0.4956
vn -0.2422 0.9683 0.0616
vn 0.3113 0.9298 0.1964
vn 0.0099 0.9986 0.0521
vn 0.0087 0.9864 0.1643
vn 0.3408 0.9085 0.2418
vn 0.0085 0.9758 0.2185
vn 0.2656 0.3440 -0.9006
vn 0.1280 0.2459 -0.9608
vn 0.0105 0.2099 -0.9777
vn 0.4543 0.3790 -0.8063
vn 0.2117 0.5102 -0.8336
vn 0.0045 -0.1029 -0.9947
vn -0.0328 0.0086 -0.9994
vn 0.1414 -0.6376 -0.7573
vn 0.2188 -0.7283 -0.6494
vn 0.2295 -0.7396 -0.6327
vn 0.2776 -0.9174 0.2852
vn 0.3601 -0.7994 0.4809
vn 0.3018 -0.8697 0.3907
vn 0.1846 -0.9786 0.0907
vn 0.2953 -0.9250 0.2393
vn 0.2393 -0.9681 0.0739
vn 0.0139 -0.8941 -0.4476
vn 0.1106 -0.9916 0.0674
vn 0.0330 -0.8873 -0.4601
vn 0.0896 -0.9794 -0.1809
vn 0.1752 -0.9583 0.2257
vn 0.1183 -0.9783 -0.1698
vn -0.1781 -0.0216 -0.9838
vn -0.1407 0.1771 -0.9741
vn -0.0976 0.0235 -0.9950
vn -0.1919 -0.4242 -0.8850
vn -0.2538 -0.1746 -0.9514
vn -0.2523 -0.0183 -0.9675
vn -0.2272 -0.4004 -0.8877
vn -0.1786 -0.7526 -0.6337
vn -0.0971 -0.8202 -0.5637
vn -0.1423 -0.8724 -0.4676
vn -0.2594 -0.5896 -0.7649
vn -0.0749 -0.6617 -0.7460
vn -0.3154 -0.1878 -0.9302
vn -0.3245 -0.5089 -0.7973
vn -0.3810 -0.3278 -0.8645
vn -0.2994 -0.3690 -0.8799
vn -0.2634 -0.6963 -0.6676
vn -0.8719 -0.4825 0.0840
vn -0.9810 0.1000 0.1663
vn -0.9808 -0.1946 -0.0131
vn -0.8798 -0.4753 0.0012
vn -0.9155 -0.3704 0.1569
vn -0.5232 -0.8333 0.1784
vn -0.6321 -0.7683 0.1006
vn 0.2089 -0.9698 0.1262
vn -0.3264 -0.9451 0.0188
vn -0.0189 -0.9995 0.0242
vn 0.4559 -0.8627 0.2189
vn -0.0469 -0.9934 0.1048
vn -0.7033 -0.7109 -0.0088
vn 0.2972 -0.9286 0.2222
vn -0.0521 -0.9899 0.1321
vn 0.5455 -0.7678 0.3360
vn 0.6883 -0.6495 0.3231
vn 0.6952 -0.5017 0.5148
vn 0.5370 -0.7537 0.3788
vn 0.2781 -0.9174 0.2847
vn -0.9356 0.0782 0.3443
vn -0.7191 0.1458 0.6794
vn -0.9286 0.1331 0.3464
vn -0.8415 0.0200 0.5400
vn -0.4417 0.1114 0.8902
vn -0.7036 0.1955 0.6831
vn -0.4446 0.2192 0.8685
vn 0.2285 0.1446 0.9627
vn -0.3171 -0.0054 0.9484
vn -0.0645 -0.0164 0.9978
vn 0.2700 0.1993 0.9420
vn -0.0686 0.1074 0.9918
vn -0.5919 -0.0100 0.8059
vn -0.0602 0.1674 0.9840
vn 0.6411 0.5534 0.5317
vn 0.8337 0.4781 0.2764
vn -0.0353 0.8256 0.5631
vn 0.4735 0.6884 0.5495
vn 0.6809 0.4584 0.5712
vn 0.8099 0.3989 0.4300
vn 0.3534 0.5081 0.7854
vn 0.1180 -0.7358 0.6669
vn 0.0133 -0.8505 0.5258
vn 0.1459 -0.8052 0.5748
vn 0.1662 -0.7279 0.6652
vn 0.0810 -0.4738 0.8769
vn -0.0241 -0.6187 0.7853
vn 0.1790 -0.4849 0.8561
vn 0.5021 0.8637 0.0445
vn 0.5016 0.6528 0.5677
vn 0.5458 0.7705 0.3292
vn 0.4306 0.8546 0.2903
vn 0.4037 0.6996 0.5895
vn 0.7688 -0.0866 0.6335
vn 0.6324 0.5167 0.5771
vn 0.7371 -0.2805 0.6148
vn 0.4540 0.3410 0.8232
vn -0.0265 -0.3583 0.9332
vn 0.1057 0.1952 0.9750
vn -0.0414 -0.1120 0.9928
vn 0.0715 -0.1118 0.9912
vn 0.1534 0.2279 0.9615
vn 0.1269 -0.1106 0.9857
vn -0.8099 0.1170 -0.5748
vn -0.9461 -0.0076 -0.3238
vn -0.9995 0.0308 -0.0116
vn -0.7777 0.1842 -0.6011
vn -0.8048 0.0349 -0.5925
vn -0.6290 0.0319 -0.7767
vn -0.4606 0.2460 -0.8529
vn 0.5875 0.4560 -0.6685
vn 0.5015 0.7638 -0.4064
vn 0.7312 0.4106 -0.5448
vn 0.3587 0.3142 -0.8790
vn 0.7256 0.5998 -0.3372
vn 0.3297 0.3817 -0.8635
vn 0.4555 0.3743 -0.8077
vn -0.2572 0.0800 -0.9630
vn 0.2693 0.2077 -0.9404
vn 0.0203 0.1818 -0.9831
vn 0.5136 0.3083 -0.8008
vn 0.0065 0.2086 -0.9780
vn 0.1539 -0.8087 -0.5678
vn 0.3470 -0.8254 -0.4453
vn 0.0155 -0.9477 -0.3189
vn 0.0546 -0.8094 -0.5847
vn 0.1799 -0.9811 -0.0717
vn 0.2613 -0.4195 -0.8693
vn 0.1771 -0.5365 -0.8251
vn 0.2137 0.3261 -0.9209
vn 0.1098 -0.2092 -0.9717
vn 0.1171 0.1041 -0.9876
vn 0.2937 0.5574 -0.7766
vn 0.1975 0.0738 -0.9775
vn 0.0645 -0.6087 -0.7908
vn 0.3051 0.4095 -0.8597
vn 0.2244 0.0695 -0.9720
vn 0.3954 0.6367 -0.6621
vn 0.3748 0.7613 -0.5292
vn 0.4526 0.8164 -0.3588
vn 0.4218 0.6001 -0.6797
vn 0.3663 0.3886 -0.8455
vn -0.7289 -0.0498 -0.6828
vn -0.7045 0.2423 -0.6670
vn -0.6290 -0.4321 -0.6462
vn -0.7155 0.0458 -0.6971
vn -0.7212 0.0807 -0.6880
vn -0.7042 0.2375 -0.6691
vn -0.6646 -0.0105 -0.7471
vn -0.3801 -0.8449 -0.3764
vn -0.3910 -0.8317 -0.3944
vn -0.6473 -0.4832 -0.5895
vn -0.5502 -0.6510 -0.5230
vn -0.5364 -0.6470 -0.5419
vn -0.6971 0.2451 -0.6738
vn -0.7049 -0.1333 -0.6967
vn -0.7240 0.0356 -0.6888
vn -0.7523 -0.0315 -0.6580
vn -0.6867 0.2205 -0.6927
vn -0.6938 -0.1015 -0.7130
vn -0.6911 0.2317 -0.6846
vn -0.6953 0.2121 -0.6867
vn -0.7124 -0.0605 -0.6991
vn -0.7119 -0.2698 -0.6484
vn -0.7095 -0.0045 -0.7046
vn -0.7185 -0.2359 -0.6543
vn -0.7473 -0.1650 -0.6436
vn -0.6969 0.2152 -0.6842
vn -0.5777 -0.6122 -0.5399
vn -0.6992 -0.0465 -0.7134
vn -0.5744 -0.4409 -0.6897
vn -0.2996 -0.9108 -0.2839
vn -0.2658 -0.9150 -0.3035
vn -0.4679 -0.7865 -0.4032
vn -0.4360 -0.7785 -0.4515
vn 0.9011 -0.3139 -0.2990
vn 0.9007 -0.2962 -0.3177
vn 0.7660 -0.4642 -0.4447
vn 0.7666 -0.4366 -0.4708
vn 0.2502 -0.6579 -0.7104
vn -0.0073 -0.7199 -0.6940
vn -0.0069 -0.6793 -0.7338
vn 0.8997 -0.3336 -0.2815
vn 0.7644 -0.4904 -0.4185
vn 0.2488 -0.6993 -0.6701
vn -0.0051 -0.7581 -0.6521
vn 0.9106 0.2787 0.3053
vn 0.9099 0.2601 0.3231
vn 0.7824 0.4213 0.4587
vn 0.3240 0.5971 0.7338
vn 0.0763 0.6772 0.7319
vn 0.3213 0.6415 0.6966
vn 0.9105 0.2366 0.3391
vn 0.7808 0.3931 0.4856
vn 0.3221 0.5507 0.7701
vn 0.0771 0.6304 0.7725
vn 0.9001 -0.2575 -0.3515
vn 0.9005 -0.2775 -0.3349
vn 0.7644 -0.3810 -0.5201
vn 0.2495 -0.6133 -0.7494
vn -0.0064 -0.5877 -0.8090
vn 0.2496 -0.5687 -0.7838
vn 0.7654 -0.4104 -0.4958
vn -0.0063 -0.6335 -0.7737
vn 0.9095 0.2988 0.2888
vn 0.9097 0.3134 0.2726
vn 0.7822 0.4486 0.4324
vn 0.7801 0.4755 0.4065
vn 0.3203 0.7181 0.6178
vn 0.0773 0.7196 0.6901
vn 0.0774 0.7568 0.6490
vn 0.3209 0.6830 0.6562
vn 0.9094 0.3283 0.2552
vn 0.9083 0.3455 0.2360
vn 0.7805 0.4963 0.3802
vn 0.7777 0.5223 0.3499
vn 0.3198 0.7846 0.5312
vn 0.0783 0.7910 0.6068
vn 0.0804 0.8274 0.5559
vn 0.3205 0.7505 0.5779
vn 0.8997 -0.3481 -0.2634
vn 0.7645 -0.5114 -0.3925
vn 0.2512 -0.7356 -0.6291
vn -0.0036 -0.7927 -0.6096
vn 0.8977 -0.3667 -0.2444
vn 0.7605 -0.5372 -0.3648
vn 0.2518 -0.7676 -0.5894
vn -0.0006 -0.8267 -0.5626
vn 0.8968 -0.3818 -0.2236
vn 0.7589 -0.5591 -0.3337
vn 0.2502 -0.8016 -0.5430
vn 0.0002 -0.8592 -0.5116
vn 0.8928 -0.4012 -0.2048
vn 0.7538 -0.5810 -0.3070
vn 0.2485 -0.8345 -0.4917
vn -0.0010 -0.8865 -0.4628
vn 0.9058 0.3655 0.2145
vn 0.9046 0.3767 0.1995
vn 0.7723 0.5507 0.3166
vn 0.7671 0.5712 0.2920
vn 0.3169 0.8407 0.4390
vn 0.0813 0.8628 0.4990
vn 0.0801 0.8869 0.4549
vn 0.3189 0.8182 0.4785
vn 0.8860 -0.4495 -0.1135
vn 0.9229 -0.3851 0.0015
vn 0.5364 -0.8215 -0.1936
vn 0.7027 -0.7115 0.0025
vn 0.0610 -0.9761 -0.2084
vn 0.3631 -0.9317 0.0027
vn 0.9790 -0.1841 -0.0882
vn 0.7433 -0.6031 -0.2894
vn 0.2412 -0.8635 -0.4429
vn -0.0071 -0.9031 -0.4294
vn 0.7356 -0.6149 -0.2841
vn 0.2248 -0.8828 -0.4124
vn 0.8985 0.3949 0.1916
vn 0.7620 0.5829 0.2819
vn 0.0771 0.8968 0.4356
vn 0.3099 0.8533 0.4194
vn 0.9089 0.2120 0.3591
vn 0.7819 0.3579 0.5104
vn 0.3212 0.4842 0.8139
vn 0.0762 0.5789 0.8119
vn 0.9050 0.1889 0.3812
vn 0.7763 0.3189 0.5438
vn 0.3099 0.4287 0.8486
vn 0.0777 0.5093 0.8571
vn 0.8964 -0.2197 -0.3849
vn 0.8991 -0.2385 -0.3670
vn 0.7574 -0.3293 -0.5639
vn 0.2447 -0.5225 -0.8168
vn -0.0087 -0.4950 -0.8688
vn 0.2394 -0.4749 -0.8469
vn 0.7634 -0.3519 -0.5417
vn -0.0077 -0.5396 -0.8419
vn 0.9250 0.0035 -0.3800
vn 0.7027 0.0100 -0.7114
vn 0.3618 0.0148 -0.9321
vn 0.8888 -0.1183 -0.4428
vn 0.5315 -0.2051 -0.8218
vn 0.0404 -0.2211 -0.9744
vn 0.8997 0.1781 0.3986
vn 0.7686 0.2784 0.5760
vn 0.3025 0.3960 0.8670
vn 0.0714 0.4433 0.8935
vn 0.0652 0.4095 0.9100
vn 0.7580 0.2641 0.5964
vn 0.3067 0.3884 0.8689
vn 0.8913 -0.2106 -0.4016
vn 0.2239 -0.4459 -0.8666
vn 0.7473 -0.3140 -0.5857
vn -0.0151 -0.4625 -0.8865
vn -0.6906 -0.4891 -0.5328
vn -0.6900 -0.5204 -0.5031
vn -0.8525 -0.3531 -0.3854
vn -0.8524 -0.3753 -0.3640
vn -0.9571 -0.1948 -0.2146
vn -0.9572 -0.2068 -0.2027
vn -0.6878 -0.5490 -0.4749
vn -0.8512 -0.3967 -0.3437
vn -0.9565 -0.2205 -0.1911
vn -0.6447 0.4837 0.5920
vn -0.6439 0.5210 0.5603
vn -0.8314 0.3538 0.4284
vn -0.8318 0.3785 0.4060
vn -0.9519 0.1970 0.2348
vn -0.9521 0.2095 0.2227
vn -0.6423 0.4469 0.6227
vn -0.8309 0.3253 0.4514
vn -0.9522 0.1799 0.2468
vn -0.6894 -0.4586 -0.5607
vn -0.6891 -0.4225 -0.5887
vn -0.8524 -0.3292 -0.4062
vn -0.8515 -0.3052 -0.4265
vn -0.9570 -0.1816 -0.2263
vn -0.9567 -0.1682 -0.2374
vn -0.6411 0.5832 0.4988
vn -0.6421 0.5543 0.5296
vn -0.8294 0.4254 0.3621
vn -0.8301 0.4038 0.3846
vn -0.9515 0.2343 0.1991
vn -0.9519 0.2227 0.2105
vn -0.6345 0.6420 0.4305
vn -0.6381 0.6119 0.4673
vn -0.8252 0.4697 0.3137
vn -0.8279 0.4461 0.3399
vn -0.9503 0.2589 0.1730
vn -0.9510 0.2463 0.1867
vn -0.6853 -0.5767 -0.4447
vn -0.8503 -0.4159 -0.3225
vn -0.9564 -0.2302 -0.1795
vn -0.6822 -0.6047 -0.4110
vn -0.8473 -0.4388 -0.2991
vn -0.9561 -0.2414 -0.1664
vn -0.6765 -0.6327 -0.3769
vn -0.8440 -0.4610 -0.2743
vn -0.9545 -0.2558 -0.1530
vn -0.6702 -0.6573 -0.3448
vn -0.8391 -0.4821 -0.2520
vn -0.9525 -0.2700 -0.1407
vn -0.6222 0.6961 0.3582
vn -0.6276 0.6740 0.3896
vn -0.8158 0.5147 0.2637
vn -0.8222 0.4923 0.2856
vn -0.9469 0.2861 0.1468
vn -0.9490 0.2729 0.1577
vn -0.4224 -0.9043 -0.0609
vn -0.6378 -0.7486 -0.1811
vn -0.7305 -0.6814 -0.0462
vn -0.8228 -0.5520 -0.1353
vn -0.9316 -0.3625 -0.0250
vn -0.9461 -0.3139 -0.0794
vn -0.6620 -0.6770 -0.3215
vn -0.8327 -0.5005 -0.2370
vn -0.9502 -0.2815 -0.1336
vn -0.6140 0.7109 0.3429
vn -0.8125 0.5244 0.2546
vn -0.9455 0.2929 0.1422
vn -0.6396 0.3953 0.6592
vn -0.8292 0.2879 0.4791
vn -0.9517 0.1604 0.2616
vn -0.6309 0.3485 0.6932
vn -0.8228 0.2565 0.5071
vn -0.9491 0.1445 0.2797
vn -0.6854 -0.3908 -0.6144
vn -0.6815 -0.3602 -0.6371
vn -0.8501 -0.2804 -0.4458
vn -0.8457 -0.2619 -0.4650
vn -0.9561 -0.1550 -0.2485
vn -0.9547 -0.1433 -0.2607
vn -0.4191 -0.0417 -0.9070
vn -0.7302 -0.0303 -0.6825
vn -0.9381 -0.0135 -0.3461
vn -0.6543 -0.1824 -0.7339
vn -0.8248 -0.1343 -0.5492
vn -0.9426 -0.0771 -0.3249
vn -0.6222 0.3250 0.7122
vn -0.8156 0.2418 0.5257
vn -0.9464 0.1369 0.2925
vn -0.6761 -0.3381 -0.6547
vn -0.8410 -0.2467 -0.4816
vn -0.9528 -0.1365 -0.2713
vn -0.3611 0.4619 0.8101
vn -0.3615 0.4665 0.8072
vn -0.1726 0.9522 -0.2520
vn -0.1726 0.9522 -0.2519
vn 0.1196 0.5202 -0.8456
vn -0.3654 0.6894 0.6255
vn 0.1828 -0.9591 0.2160
vn -0.3643 0.7012 0.6129
vn -0.9271 -0.3747 -0.0057
vn -0.7147 -0.6993 -0.0105
vn -0.3925 -0.9197 -0.0137
vn 0.0022 -0.3279 -0.9447
vn 0.0030 -0.8945 -0.4471
vn 0.0028 -0.6442 -0.7649
vn 0.6942 -0.1982 0.6920
vn 0.7678 -0.0599 0.6379
vn 0.5226 -0.6819 0.5119
vn 0.6262 0.4515 0.6356
vn 0.6934 -0.2027 0.6914
vn 0.6133 -0.5068 0.6058
vn 0.1603 -0.9766 0.1434
vn -0.3791 0.0175 -0.9252
vn -0.7055 0.0143 -0.7085
vn -0.9240 0.0088 -0.3823
vn -0.2401 0.6764 0.6963
vn -0.2369 0.6770 0.6968
vn -0.9755 0.1510 0.1600
vn 0.4515 0.6172 0.6444
vn 0.6866 0.6831 0.2489
vn 0.6607 0.7507 0.0052
vn 0.3460 0.3607 -0.8661
vn 0.7067 0.7070 0.0269
vn -0.3925 0.9196 0.0158
vn -0.7323 0.6809 0.0117
vn -0.8577 0.5140 0.0088
vn -0.9385 0.3451 0.0059
vn -0.9942 0.0483 -0.0962
vn -0.8885 0.4588 0.0077
vn -0.9839 0.1411 0.1096
vn -0.9931 -0.1167 -0.0079
vn -0.9316 -0.0048 0.3636
vn -0.8264 -0.0091 0.5630
vn -0.7073 -0.0120 0.7068
vn -0.4854 -0.0158 0.8742
vn -0.4071 -0.0034 0.9134
vn -0.7777 -0.0104 0.6285
vn -0.9163 -0.2770 -0.2892
vn -0.7049 -0.5280 -0.4736
vn -0.6878 -0.5030 -0.5234
vn -0.3289 -0.6551 -0.6802
vn -0.8080 -0.4061 -0.4268
vn -0.4482 -0.6198 -0.6441
vn -0.0753 -0.7627 -0.6424
vn 0.0025 0.9274 -0.3742
vn 0.0020 0.7101 -0.7041
vn 0.0014 0.4756 -0.8796
vn 0.0012 0.3873 -0.9220
vn 0.1133 0.1585 -0.9808
vn 0.0016 0.5197 -0.8543
vn -0.0917 0.0917 -0.9916
vn 0.9151 0.0057 -0.4032
vn 0.6855 0.0124 -0.7279
vn 0.5633 0.0146 -0.8261
vn 0.3645 0.0170 -0.9311
vn -0.0009 -0.0986 -0.9951
vn 0.6776 0.0127 -0.7353
vn -0.3075 -0.2879 -0.9069
vn -0.3486 -0.3292 -0.8776
vn -0.5384 -0.5216 -0.6618
vn -0.6692 -0.6572 -0.3468
vn -0.4501 -0.4317 -0.7817
vn 0.2980 -0.9545 0.0067
vn 0.4281 -0.9037 -0.0119
vn 0.6236 -0.7815 -0.0163
vn 0.6877 -0.7254 0.0289
vn 0.9319 -0.3624 -0.0133
vn 0.9814 -0.1918 -0.0116
vn 0.9646 -0.2632 -0.0124
vn 0.9815 -0.1911 -0.0114
vn 0.5718 -0.8203 -0.0162
vn 0.0104 -0.9478 0.3186
vn 0.0146 -0.8176 0.5757
vn 0.0456 -0.6418 0.7655
vn -0.1217 -0.9922 -0.0277
vn 0.0124 -0.8985 0.4389
vn -0.4115 -0.8141 -0.4097
vn -0.6794 -0.3239 -0.6584
vn -0.2392 -0.9392 -0.2465
vn -0.5204 -0.6831 -0.5124
vn -0.6648 -0.3753 -0.6459
vn -0.9230 0.3848 0.0065
vn -0.7053 0.7088 0.0121
vn -0.3799 0.9249 0.0158
vn -0.3830 -0.0169 0.9236
vn -0.7069 -0.0120 0.7072
vn -0.9225 -0.0054 0.3859
vn -0.3843 -0.6163 -0.6874
vn -0.7073 -0.4898 -0.5098
vn -0.9245 -0.2690 -0.2700
vn 0.0011 0.4001 -0.9165
vn 0.0020 0.7208 -0.6932
vn 0.0025 0.9309 -0.3653
vn 0.3828 0.0168 -0.9237
vn 0.7064 0.0120 -0.7077
vn 0.9240 0.0053 -0.3824
vn -0.6562 -0.6432 -0.3946
vn -0.5016 -0.4840 -0.7170
vn -0.2715 -0.2517 -0.9289
vn 0.9747 -0.2237 -0.0043
vn 0.9511 -0.3071 -0.0328
vn 0.7722 -0.6353 -0.0118
vn 0.4073 -0.9131 -0.0169
vn -0.0031 -0.8400 0.5425
vn -0.0037 -0.9524 0.3049
vn -0.0020 -0.6491 0.7607
vn -0.5523 0.6350 -0.5401
vn -0.7042 0.1219 -0.6995
vn -0.4475 -0.7730 -0.4496
vn 0.0014 0.6941 0.7199
vn 0.0014 0.6936 0.7204
vn 0.0007 0.3648 0.9311
vn 0.0019 0.9171 0.3986
vn -0.0014 -0.8035 -0.5953
vn -0.0867 -0.8378 -0.5390
vn 0.0074 -0.9758 -0.2186
vn 0.0086 -0.5774 0.8164
vn 0.0057 -0.9293 0.3694
vn 0.0082 -0.5655 0.8247
vn -0.0003 -0.1844 0.9828
vn 0.0057 -0.9309 0.3653
vn -0.0117 -0.9308 0.3653
vn -0.9220 0.3869 0.0170
vn -0.8318 -0.5550 -0.0087
vn -0.3823 0.9238 0.0217
vn -0.5441 0.8385 0.0285
vn -0.9261 -0.3773 -0.0032
vn -0.9799 -0.1991 0.0089
vn -0.8510 -0.5165 -0.0950
vn 0.9809 -0.1946 -0.0036
vn 0.3812 -0.9241 -0.0274
vn 0.9228 -0.3851 -0.0072
vn 0.3787 -0.9255 -0.0079
vn -0.3873 -0.9218 -0.0177
vn 0.3903 -0.0191 0.9205
vn 0.7123 -0.0159 0.7017
vn 0.9259 -0.0106 0.3775
vn -0.3604 -0.1406 -0.9221
vn -0.0970 -0.0248 -0.9950
vn -0.1082 -0.0293 -0.9937
vn -0.0969 -0.0247 -0.9950
vn 0.6811 0.3180 -0.6595
vn 0.8436 0.3889 -0.3703
vn -0.4136 -0.1675 -0.8949
vn 0.0062 0.9294 -0.3691
vn 0.0146 0.8438 -0.5364
vn 0.0124 -0.1824 -0.9832
vn 0.0034 -0.3640 -0.9314
vn 0.0107 0.4012 -0.9159
vn 0.9249 0.3800 0.0074
vn 0.7077 0.7064 0.0136
vn 0.7103 0.7038 0.0136
vn 0.3851 0.9227 0.0177
vn -0.5780 0.7140 -0.3952
vn -0.8921 0.4508 -0.0302
vn -0.8894 0.4560 -0.0336
vn -0.8921 0.4508 -0.0303
vn -0.5786 -0.4775 0.6612
vn -0.5888 -0.4695 0.6579
vn -0.5788 -0.4771 0.6613
vn -0.5720 0.7167 -0.3990
vn -0.8887 0.4572 -0.0338
vn -0.8850 0.4640 -0.0390
vn -0.5889 -0.4693 0.6580
vn -0.1062 -0.7226 0.6831
vn -0.2960 0.9058 -0.3031
vn -0.3143 0.9054 -0.2854
vn -0.4431 0.7729 -0.4542
vn -0.4677 0.7741 -0.4266
vn -0.7107 0.2628 -0.6526
vn -0.6955 0.0057 -0.7185
vn -0.7362 0.0057 -0.6767
vn -0.2788 0.9055 -0.3198
vn -0.4170 0.7734 -0.4775
vn -0.6710 0.2628 -0.6933
vn -0.6550 0.0072 -0.7556
vn 0.3104 0.9056 0.2890
vn 0.3268 0.9058 0.2696
vn 0.4642 0.7743 0.4302
vn 0.7368 0.3117 0.6000
vn 0.7343 0.0656 0.6756
vn 0.6986 0.3127 0.6436
vn 0.3426 0.9062 0.2478
vn 0.4876 0.7766 0.3989
vn 0.7741 0.3109 0.5514
vn 0.7746 0.0659 0.6290
vn -0.3489 0.9041 -0.2467
vn -0.3310 0.9056 -0.2653
vn -0.5185 0.7704 -0.3710
vn -0.7502 0.2572 -0.6092
vn -0.8110 0.0037 -0.5851
vn -0.7848 0.2575 -0.5637
vn -0.4917 0.7748 -0.3973
vn -0.7754 0.0013 -0.6315
vn 0.2925 0.9060 0.3060
vn 0.2775 0.9046 0.3235
vn 0.4354 0.7768 0.4550
vn 0.4118 0.7741 0.4808
vn 0.6219 0.3086 0.7197
vn 0.6925 0.0672 0.7183
vn 0.6518 0.0664 0.7555
vn 0.6594 0.3128 0.6836
vn 0.2605 0.9039 0.3391
vn 0.2403 0.9035 0.3549
vn 0.3856 0.7724 0.5047
vn 0.3545 0.7708 0.5294
vn 0.5346 0.3091 0.7866
vn 0.6087 0.0660 0.7906
vn 0.5585 0.0694 0.8266
vn 0.5812 0.3096 0.7525
vn -0.2609 0.9047 -0.3367
vn -0.3906 0.7723 -0.5011
vn -0.6316 0.2623 -0.7296
vn -0.6118 0.0093 -0.7909
vn -0.2409 0.9040 -0.3533
vn -0.3609 0.7715 -0.5239
vn -0.5888 0.2654 -0.7635
vn -0.5642 0.0113 -0.8256
vn -0.2207 0.9021 -0.3709
vn -0.3318 0.7673 -0.5489
vn -0.5424 0.2644 -0.7974
vn -0.5139 0.0151 -0.8577
vn -0.2009 0.9002 -0.3864
vn -0.3031 0.7647 -0.5687
vn -0.4931 0.2646 -0.8288
vn -0.4665 0.0209 -0.8843
vn 0.2196 0.9010 0.3741
vn 0.2057 0.8957 0.3942
vn 0.3228 0.7627 0.5604
vn 0.3005 0.7504 0.5887
vn 0.4485 0.2532 0.8572
vn 0.5025 0.0639 0.8622
vn 0.4590 0.0089 0.8884
vn 0.4834 0.3031 0.8213
vn 0.0040 0.9687 -0.2482
vn 0.0038 0.8934 -0.4493
vn 0.0032 0.7763 -0.6304
vn -0.1874 0.8985 -0.3969
vn -0.2816 0.7611 -0.5843
vn -0.4464 0.2636 -0.8551
vn -0.4315 0.0541 -0.9005
vn -0.3562 0.3561 -0.8639
vn -0.4113 0.2874 -0.8650
vn 0.0882 0.9794 0.1819
vn 0.3007 0.7243 0.6205
vn 0.4323 -0.1045 0.8957
vn 0.4348 -0.1368 0.8901
vn 0.4322 -0.1044 0.8957
vn 0.3028 0.7291 0.6138
vn 0.4386 0.1232 0.8902
vn 0.3632 0.9051 0.2213
vn 0.5133 0.7760 0.3664
vn 0.8166 0.3075 0.4886
vn 0.8141 0.0667 0.5769
vn 0.3847 0.9016 0.1978
vn 0.5471 0.7717 0.3243
vn 0.8488 0.3105 0.4280
vn 0.8589 0.0671 0.5077
vn -0.3821 0.9003 -0.2084
vn -0.3643 0.9034 -0.2264
vn -0.5618 0.7639 -0.3175
vn -0.8167 0.2566 -0.5169
vn -0.8702 0.0029 -0.4927
vn -0.8460 0.2501 -0.4709
vn -0.5408 0.7684 -0.3423
vn -0.8432 0.0024 -0.5376
vn -0.3772 0.9260 0.0152
vn -0.7093 0.7046 0.0202
vn -0.9310 0.3645 0.0215
vn -0.4402 0.8914 -0.1078
vn -0.8199 0.5376 -0.1969
vn -0.9747 0.0488 -0.2180
vn 0.4032 0.8956 0.1881
vn 0.5788 0.7640 0.2851
vn 0.8696 0.2932 0.3972
vn 0.8949 0.0651 0.4415
vn 0.9107 0.0589 0.4090
vn 0.6019 0.7509 0.2718
vn 0.8734 0.2912 0.3904
vn -0.3974 0.8960 -0.1981
vn -0.8671 0.2317 -0.4409
vn -0.5837 0.7538 -0.3018
vn -0.8878 -0.0079 -0.4602
vn -0.5366 -0.6826 -0.4961
vn -0.5074 -0.6818 -0.5270
vn -0.3896 -0.8470 -0.3617
vn -0.3687 -0.8463 -0.3844
vn -0.2187 -0.9540 -0.2050
vn -0.2065 -0.9540 -0.2172
vn -0.4791 -0.6796 -0.5555
vn -0.3483 -0.8453 -0.4051
vn -0.1954 -0.9536 -0.2290
vn 0.5905 -0.6514 0.4765
vn 0.5606 -0.6502 0.5128
vn 0.4267 -0.8369 0.3428
vn 0.4050 -0.8365 0.3690
vn 0.2316 -0.9553 0.1839
vn 0.2196 -0.9553 0.1980
vn 0.6204 -0.6514 0.4367
vn 0.4490 -0.8363 0.3145
vn 0.2445 -0.9548 0.1690
vn -0.5643 -0.6840 -0.4623
vn -0.5917 -0.6821 -0.4297
vn -0.4103 -0.8471 -0.3377
vn -0.4309 -0.8458 -0.3144
vn -0.2303 -0.9541 -0.1916
vn -0.2422 -0.9536 -0.1789
vn 0.4981 -0.6494 0.5746
vn 0.5278 -0.6518 0.5446
vn 0.3609 -0.8352 0.4150
vn 0.3819 -0.8366 0.3927
vn 0.1962 -0.9547 0.2237
vn 0.2081 -0.9549 0.2119
vn 0.4316 -0.6428 0.6329
vn 0.4669 -0.6462 0.6037
vn 0.3140 -0.8316 0.4582
vn 0.3385 -0.8336 0.4364
vn 0.1717 -0.9536 0.2475
vn 0.1843 -0.9542 0.2358
vn -0.4484 -0.6779 -0.5825
vn -0.3266 -0.8439 -0.4256
vn -0.1837 -0.9530 -0.2410
vn -0.4154 -0.6730 -0.6119
vn -0.3023 -0.8415 -0.4477
vn -0.1696 -0.9522 -0.2543
vn -0.3776 -0.6682 -0.6410
vn -0.2729 -0.8373 -0.4737
vn -0.1496 -0.9500 -0.2741
vn -0.3448 -0.6532 -0.6741
vn -0.2467 -0.8234 -0.5111
vn -0.1290 -0.9424 -0.3086
vn 0.3599 -0.6824 0.6363
vn 0.3964 -0.6439 0.6545
vn 0.2692 -0.8463 0.4598
vn 0.2919 -0.8308 0.4739
vn 0.1509 -0.9603 0.2344
vn 0.1632 -0.9533 0.2541
vn -0.0358 -0.0924 -0.9951
vn -0.0771 -0.2175 -0.9730
vn -0.0283 -0.8392 -0.5431
vn -0.0326 0.1670 -0.9854
vn -0.0337 -0.6710 -0.7407
vn -0.3297 -0.6239 -0.7086
vn -0.2398 -0.7943 -0.5582
vn -0.1293 -0.9219 -0.3653
vn 0.3203 -0.7543 0.5731
vn 0.2252 -0.8976 0.3790
vn 0.1364 -0.9714 0.1942
vn 0.6580 -0.6465 0.3862
vn 0.4770 -0.8336 0.2785
vn 0.2589 -0.9543 0.1492
vn 0.6928 -0.6365 0.3390
vn 0.5049 -0.8274 0.2458
vn 0.2770 -0.9516 0.1330
vn -0.6167 -0.6804 -0.3960
vn -0.6421 -0.6736 -0.3660
vn -0.4487 -0.8454 -0.2896
vn -0.4702 -0.8405 -0.2693
vn -0.2526 -0.9534 -0.1652
vn -0.2650 -0.9519 -0.1536
vn -0.9088 -0.4150 -0.0439
vn -0.6885 -0.7243 -0.0368
vn -0.3730 -0.9275 -0.0241
vn -0.7376 -0.6486 -0.1880
vn -0.5432 -0.8275 -0.1421
vn -0.3123 -0.9460 -0.0864
vn 0.7097 -0.6300 0.3154
vn 0.5232 -0.8203 0.2310
vn 0.2892 -0.9490 0.1253
vn -0.6586 -0.6693 -0.3441
vn -0.4854 -0.8363 -0.2549
vn -0.2751 -0.9502 -0.1464
vn 0.4737 -0.3654 0.8013
vn 0.7063 -0.3773 0.5989
vn -0.9607 0.2655 0.0807
vn 0.3724 -0.7166 0.5898
vn 0.9297 -0.1241 -0.3469
vn 0.9323 -0.1322 -0.3365
vn 0.9323 -0.1323 -0.3365
vn 0.0707 0.6496 -0.7570
vn 0.3908 -0.7139 0.5811
vn 0.9306 -0.1152 -0.3476
vn 0.9302 -0.1182 -0.3474
vn -0.3212 -0.0884 -0.9429
vn -0.2321 0.0871 -0.9688
vn -0.1352 0.2585 -0.9565
vn -0.3845 -0.4054 0.8293
vn -0.3656 -0.4226 0.8293
vn -0.5197 -0.5335 0.6673
vn -0.4928 -0.5590 0.6668
vn -0.6674 -0.7367 0.1089
vn -0.7090 -0.6898 -0.1469
vn -0.6668 -0.7300 -0.1499
vn -0.4007 -0.3877 0.8301
vn -0.5450 -0.5092 0.6661
vn -0.7082 -0.6972 0.1109
vn -0.7463 -0.6495 -0.1458
vn 0.1999 0.1963 0.9600
vn 0.1807 0.2128 0.9602
vn 0.3507 0.3642 0.8628
vn 0.5613 0.6925 0.4531
vn 0.6592 0.7197 0.2178
vn 0.6050 0.6546 0.4533
vn 0.1594 0.2294 0.9602
vn 0.3207 0.3890 0.8636
vn 0.5119 0.7285 0.4553
vn 0.6124 0.7597 0.2185
vn -0.3262 -0.4563 0.8279
vn -0.3465 -0.4406 0.8282
vn -0.4356 -0.6076 0.6641
vn -0.6229 -0.7748 0.1078
vn -0.5747 -0.8043 -0.1510
vn -0.5775 -0.8094 0.1068
vn -0.4652 -0.5851 0.6642
vn -0.6212 -0.7689 -0.1513
vn 0.2189 0.1804 0.9589
vn 0.2350 0.1640 0.9581
vn 0.3789 0.3390 0.8611
vn 0.4013 0.3120 0.8612
vn 0.6810 0.5777 0.4501
vn 0.7021 0.6781 0.2173
vn 0.7394 0.6374 0.2169
vn 0.6455 0.6156 0.4521
vn 0.2504 0.1469 0.9569
vn 0.2654 0.1288 0.9555
vn 0.4254 0.2863 0.8585
vn 0.4515 0.2592 0.8538
vn 0.7483 0.4924 0.4445
vn 0.7746 0.5944 0.2161
vn 0.8106 0.5453 0.2136
vn 0.7140 0.5372 0.4491
vn -0.4182 -0.3702 0.8295
vn -0.5686 -0.4826 0.6662
vn -0.7447 -0.6579 0.1120
vn -0.7821 -0.6069 -0.1410
vn -0.4350 -0.3502 0.8296
vn -0.5914 -0.4528 0.6672
vn -0.7794 -0.6159 0.1147
vn -0.8172 -0.5597 -0.1376
vn -0.4523 -0.3294 0.8288
vn -0.6153 -0.4228 0.6654
vn -0.8139 -0.5694 0.1154
vn -0.8499 -0.5101 -0.1321
vn -0.4599 -0.3050 0.8339
vn -0.6313 -0.3929 0.6687
vn -0.8456 -0.5203 0.1193
vn -0.8770 -0.4628 -0.1290
vn 0.2770 0.1166 0.9538
vn 0.2901 0.1178 0.9497
vn 0.4728 0.2352 0.8492
vn 0.4890 0.2256 0.8426
vn 0.8003 0.4138 0.4340
vn 0.8439 0.4932 0.2112
vn 0.8660 0.4544 0.2087
vn 0.7796 0.4467 0.4390
vn -0.4281 -0.1792 0.8858
vn -0.4175 -0.0564 0.9069
vn -0.8348 -0.2393 0.4958
vn -0.7476 -0.0381 0.6631
vn -0.9780 -0.2067 -0.0294
vn -0.9545 -0.0134 0.2981
vn -0.2110 -0.1778 0.9612
vn -0.6310 -0.3652 0.6844
vn -0.8741 -0.4717 0.1161
vn -0.8943 -0.4279 -0.1307
vn -0.6420 -0.3597 0.6771
vn -0.8928 -0.4373 0.1081
vn 0.3061 0.1255 0.9437
vn 0.5054 0.2287 0.8320
vn 0.8758 0.4375 0.2038
vn 0.8112 0.3998 0.4267
vn 0.1318 0.2483 0.9597
vn 0.2884 0.4151 0.8628
vn 0.4495 0.7716 0.4502
vn 0.5600 0.7987 0.2201
vn 0.1099 0.2724 0.9559
vn 0.2447 0.4462 0.8608
vn 0.3905 0.8066 0.4437
vn 0.4907 0.8434 0.2191
vn -0.2877 -0.4892 0.8234
vn -0.3063 -0.4725 0.8264
vn -0.3819 -0.6508 0.6563
vn -0.5305 -0.8412 0.1044
vn -0.4818 -0.8628 -0.1528
vn -0.4838 -0.8697 0.0976
vn -0.4068 -0.6298 0.6617
vn -0.5272 -0.8364 -0.1501
vn -0.0674 -0.4876 0.8705
vn -0.0386 -0.7899 0.6120
vn -0.0034 -0.9683 0.2496
vn -0.1859 -0.5460 0.8169
vn -0.2378 -0.8792 0.4129
vn -0.2119 -0.9729 -0.0930
vn 0.0997 0.2900 0.9518
vn 0.2081 0.4825 0.8508
vn 0.3594 0.8263 0.4337
vn 0.4249 0.8798 0.2133
vn 0.3929 0.8963 0.2057
vn 0.1941 0.5037 0.8418
vn 0.3514 0.8277 0.4375
vn -0.2771 -0.5046 0.8177
vn -0.4519 -0.8882 0.0828
vn -0.3645 -0.6703 0.6464
vn -0.4487 -0.8795 -0.1584
vn -0.4252 -0.4484 -0.7862
vn -0.4567 -0.4197 -0.7844
vn -0.2773 -0.2824 -0.9183
vn -0.2998 -0.2613 -0.9175
vn -0.1130 -0.0998 -0.9886
vn -0.1251 -0.0875 -0.9883
vn -0.4847 -0.3911 -0.7824
vn -0.3208 -0.2411 -0.9160
vn -0.1369 -0.0764 -0.9876
vn 0.5291 0.6647 -0.5274
vn 0.5647 0.6342 -0.5281
vn 0.4151 0.5255 -0.7427
vn 0.4407 0.5033 -0.7433
vn 0.2698 0.3465 -0.8984
vn 0.2833 0.3340 -0.8990
vn 0.4899 0.6956 -0.5255
vn 0.3866 0.5477 -0.7420
vn 0.2542 0.3584 -0.8983
vn -0.3920 -0.4767 -0.7868
vn -0.3591 -0.5039 -0.7855
vn -0.2533 -0.3030 -0.9187
vn -0.2294 -0.3226 -0.9183
vn -0.0997 -0.1115 -0.9887
vn -0.0871 -0.1235 -0.9885
vn 0.6276 0.5728 -0.5272
vn 0.5982 0.6031 -0.5277
vn 0.4865 0.4591 -0.7433
vn 0.4649 0.4807 -0.7435
vn 0.3101 0.3116 -0.8982
vn 0.2980 0.3232 -0.8982
vn 0.6870 0.5039 -0.5235
vn 0.6561 0.5412 -0.5260
vn 0.5323 0.4103 -0.7405
vn 0.5085 0.4371 -0.7419
vn 0.3350 0.2837 -0.8985
vn 0.3210 0.2987 -0.8987
vn -0.5127 -0.3613 -0.7788
vn -0.3421 -0.2203 -0.9135
vn -0.1503 -0.0659 -0.9864
vn -0.5420 -0.3294 -0.7731
vn -0.3645 -0.1977 -0.9100
vn -0.1636 -0.0536 -0.9851
vn -0.5713 -0.2961 -0.7655
vn -0.3875 -0.1744 -0.9052
vn -0.1770 -0.0407 -0.9834
vn -0.6011 -0.2668 -0.7534
vn -0.4189 -0.1581 -0.8942
vn -0.2046 -0.0367 -0.9781
vn 0.7474 0.4211 -0.5139
vn 0.7207 0.4596 -0.5190
vn 0.5844 0.3434 -0.7353
vn 0.5609 0.3761 -0.7375
vn 0.3705 0.2363 -0.8983
vn 0.3555 0.2621 -0.8972
vn -0.8703 -0.0311 -0.4915
vn -0.7120 -0.1290 -0.6902
vn -0.6407 -0.0011 -0.7678
vn -0.5381 -0.0789 -0.8392
vn -0.3350 0.0287 -0.9418
vn -0.3357 -0.0240 -0.9416
vn -0.6293 -0.2498 -0.7360
vn -0.4578 -0.1548 -0.8755
vn -0.2527 -0.0476 -0.9664
vn 0.7582 0.4012 -0.5139
vn 0.5917 0.3245 -0.7380
vn 0.3696 0.2175 -0.9034
vn 0.4381 0.7314 -0.5227
vn 0.3501 0.5748 -0.7396
vn 0.2345 0.3730 -0.8977
vn 0.3898 0.7645 -0.5133
vn 0.3167 0.6018 -0.7331
vn 0.2178 0.3901 -0.8947
vn -0.3257 -0.5295 -0.7833
vn -0.2946 -0.5532 -0.7792
vn -0.2061 -0.3427 -0.9166
vn -0.1844 -0.3621 -0.9137
vn -0.0728 -0.1332 -0.9884
vn -0.0617 -0.1464 -0.9873
vn 0.0039 -0.8512 -0.5248
vn 0.0377 -0.5941 -0.8035
vn 0.0661 -0.2566 -0.9642
vn -0.1192 -0.6519 -0.7489
vn -0.0590 -0.4375 -0.8973
vn 0.0051 -0.1944 -0.9809
vn 0.3658 0.7813 -0.5057
vn 0.3010 0.6188 -0.7256
vn 0.2104 0.4033 -0.8905
vn -0.2738 -0.5713 -0.7737
vn -0.1710 -0.3789 -0.9095
vn -0.0545 -0.1564 -0.9862
vn 0.4765 0.8504 -0.2231
vn 0.4704 -0.8796 0.0706
vn 0.4693 -0.8802 0.0708
vn 0.4842 0.8458 -0.2241
vn 0.9648 -0.2332 -0.1214
vn 0.9648 -0.2331 -0.1214
vn 0.5207 -0.8518 0.0573
vn 0.8227 0.5576 -0.1105
vn -0.2565 0.9590 -0.1205
vn -0.2715 0.9552 -0.1177
vn -0.2566 0.9590 -0.1205
vn -0.2714 0.9553 -0.1168
vn -0.9869 0.0584 0.1506
vn 0.8175 0.5300 -0.2255
vn -0.2713 0.9554 -0.1165
vn -0.6089 -0.0822 0.7890
vn -0.6086 -0.0823 0.7892
vn -0.6075 -0.6208 -0.4955
vn -0.6789 0.3249 -0.6585
vn -0.6788 0.3252 -0.6584
vn -0.6783 0.3259 -0.6585
vn 0.3928 0.8100 0.4354
vn -0.5013 -0.7848 -0.3643
vn -0.8615 0.4202 -0.2851
vn 0.8044 -0.0612 -0.5910
vn 0.8043 -0.0614 -0.5911
vn 0.8043 -0.0613 -0.5910
vn 0.7061 0.4777 0.5227
vn 0.5843 0.7825 -0.2152
vn -0.7662 -0.6364 0.0891
vn -0.7300 0.2769 -0.6248
vn -0.8904 0.4492 -0.0735
vn -0.6658 0.1579 0.7292
vn 0.8669 -0.4829 0.1233
vn 0.3483 0.8409 0.4142
vn 0.2650 -0.6308 -0.7293
vn 0.5731 -0.2535 0.7793
vn -0.4721 0.8783 -0.0751
vn -0.0423 -0.4330 0.9004
vn 0.8515 0.0814 -0.5179
vn -0.6892 -0.6749 0.2637
vn -0.6706 0.2902 -0.6828
vn -0.2841 -0.5935 -0.7530
vn -0.2121 -0.8696 0.4458
vn -0.9684 -0.0829 -0.2351
vn -0.2190 -0.8877 -0.4050
vn 0.1299 -0.6231 -0.7712
vn -0.2449 0.8006 0.5469
vn 0.2397 0.1119 -0.9644
vn 0.7466 0.5491 0.3755
vn 0.0055 -0.9170 -0.3988
vn 0.0064 -0.4018 0.9157
vn 0.8436 0.3852 -0.3742
vn -0.8849 0.4641 -0.0391
vn 0.1031 -0.9857 0.1333
vt 0.804176 0.053784
vt 0.800411 0.059951
vt 0.798445 0.055530
vt 0.864542 0.344510
vt 0.849199 0.342331
vt 0.864366 0.341481
vt 0.794701 0.062003
vt 0.790950 0.068841
vt 0.789065 0.064343
vt 0.817222 0.313404
vt 0.802785 0.315517
vt 0.802807 0.312558
vt 0.778304 0.069754
vt 0.771659 0.068135
vt 0.776534 0.065256
vt 0.879667 0.343082
vt 0.879450 0.340045
vt 0.878326 0.311075
vt 0.894777 0.311562
vt 0.878584 0.314026
vt 0.847657 0.313499
vt 0.832349 0.316700
vt 0.832270 0.313741
vt 0.781744 0.062480
vt 0.787197 0.059887
vt 0.785392 0.071476
vt 0.783563 0.066957
vt 0.788816 0.314143
vt 0.788897 0.311191
vt 0.777678 0.341105
vt 0.791290 0.339988
vt 0.791261 0.343029
vt 0.805036 0.344398
vt 0.819223 0.342214
vt 0.819279 0.345250
vt 0.774383 0.312057
vt 0.774523 0.309129
vt 0.755616 0.308501
vt 0.755788 0.305626
vt 0.749929 0.335273
vt 0.764119 0.335494
vt 0.763970 0.338549
vt 0.773380 0.072651
vt 0.767075 0.071144
vt 0.729669 0.303326
vt 0.729772 0.300436
vt 0.698909 0.298502
vt 0.698335 0.295358
vt 0.735936 0.331148
vt 0.750180 0.332201
vt 0.764219 0.078987
vt 0.758416 0.077814
vt 0.762694 0.074343
vt 0.894747 0.341046
vt 0.894486 0.338007
vt 0.910237 0.338335
vt 0.909929 0.335290
vt 0.916501 0.303788
vt 0.948831 0.298409
vt 0.916909 0.306690
vt 0.796642 0.066479
vt 0.926518 0.334832
vt 0.926164 0.331797
vt 0.943109 0.330810
vt 0.942730 0.327786
vt 0.948415 0.295532
vt 0.986533 0.288819
vt 0.813680 0.056450
vt 0.808629 0.062559
vt 0.806377 0.058151
vt 0.849062 0.339311
vt 0.864190 0.338458
vt 0.818237 0.329314
vt 0.804975 0.337932
vt 0.803901 0.328468
vt 0.817251 0.316364
vt 0.802762 0.318488
vt 0.788765 0.317511
vt 0.776066 0.325060
vt 0.774280 0.315398
vt 0.879231 0.337014
vt 0.894224 0.334974
vt 0.847789 0.316458
vt 0.863431 0.318532
vt 0.847922 0.319424
vt 0.832428 0.319670
vt 0.863240 0.315565
vt 0.878841 0.316990
vt 0.834044 0.342557
vt 0.805020 0.341361
vt 0.819167 0.339186
vt 0.805005 0.338333
vt 0.774237 0.314998
vt 0.802792 0.318889
vt 0.790049 0.327094
vt 0.777761 0.338058
vt 0.791322 0.336958
vt 0.777846 0.335022
vt 0.729561 0.306189
vt 0.759873 0.321902
vt 0.755544 0.311778
vt 0.764270 0.332453
vt 0.736408 0.328257
vt 0.750424 0.329173
vt 0.700195 0.301452
vt 0.879217 0.336614
vt 0.863815 0.328552
vt 0.879039 0.327060
vt 0.895118 0.314518
vt 0.917322 0.309599
vt 0.909618 0.332253
vt 0.925813 0.328768
vt 0.894665 0.324806
vt 0.909690 0.331834
vt 0.894223 0.334570
vt 0.949251 0.301284
vt 0.986647 0.291872
vt 0.942348 0.324763
vt 0.863050 0.312611
vt 0.833409 0.052023
vt 0.823071 0.048878
vt 0.833653 0.051030
vt 0.823601 0.047889
vt 0.833894 0.050035
vt 0.863449 0.318932
vt 0.878858 0.317391
vt 0.817281 0.319335
vt 0.847943 0.319824
vt 0.822972 0.054688
vt 0.817279 0.060612
vt 0.792783 0.057566
vt 0.917249 0.310014
vt 0.937556 0.314855
vt 0.913448 0.320945
vt 0.746065 0.094058
vt 0.741192 0.102187
vt 0.745099 0.093655
vt 0.740312 0.101466
vt 0.744134 0.093246
vt 0.791288 0.336556
vt 0.834140 0.345591
vt 0.864172 0.338059
vt 0.848498 0.329427
vt 0.833948 0.339531
vt 0.833208 0.052111
vt 0.829716 0.058035
vt 0.822512 0.049973
vt 0.816490 0.050924
vt 0.942205 0.324401
vt 0.926039 0.328313
vt 0.949007 0.301733
vt 0.964316 0.308460
vt 0.759147 0.083129
vt 0.754186 0.081602
vt 0.775108 0.077212
vt 0.768749 0.075676
vt 0.788733 0.317109
vt 0.750174 0.328718
vt 0.740046 0.317395
vt 0.780082 0.074294
vt 0.770426 0.080258
vt 0.833197 0.329656
vt 0.832453 0.320070
vt 0.894438 0.308621
vt 0.846891 0.182066
vt 0.860997 0.137109
vt 0.848135 0.181724
vt 0.895122 0.314920
vt 0.753073 0.088409
vt 0.750299 0.085336
vt 0.751745 0.095217
vt 0.746260 0.093946
vt 0.729825 0.306602
vt 0.718607 0.313617
vt 0.701066 0.301942
vt 0.737001 0.325083
vt 0.844467 0.053387
vt 0.844354 0.054533
vt 0.810147 0.052237
vt 0.844482 0.052261
vt 0.764165 0.332033
vt 0.849336 0.345363
vt 0.817309 0.319735
vt 0.777802 0.334616
vt 0.715364 0.318145
vt 0.765736 0.083677
vt 0.755436 0.311375
vt 0.716672 0.315882
vt 0.736867 0.325424
vt 0.819139 0.338787
vt 0.833923 0.339133
vt 0.849041 0.338913
vt 0.802412 0.064406
vt 0.759832 0.088459
vt 0.844007 0.075967
vt 0.757201 0.116539
vt 0.859248 0.060305
vt 0.719197 0.203258
vt 0.778491 0.189522
vt 0.778946 0.190580
vt 0.721480 0.201212
vt 0.778045 0.188468
vt 0.823211 0.174226
vt 0.796273 0.146012
vt 0.824095 0.132786
vt 0.901768 0.277142
vt 0.810185 0.286748
vt 0.811396 0.280772
vt 0.859895 0.136707
vt 0.882655 0.087795
vt 0.864633 0.232894
vt 0.896393 0.274449
vt 0.863748 0.233677
vt 0.782824 0.131925
vt 0.824978 0.091385
vt 0.927669 0.248535
vt 0.932336 0.159132
vt 0.934782 0.268194
vt 0.731066 0.237286
vt 0.785149 0.213970
vt 0.733752 0.237325
vt 0.887188 0.202025
vt 0.907320 0.165753
vt 0.923486 0.222106
vt 0.831079 0.199392
vt 0.785594 0.215103
vt 0.879421 0.064635
vt 0.938617 0.157614
vt 0.708107 0.234720
vt 0.808840 0.293389
vt 0.684650 0.231444
vt 0.921310 0.283157
vt 0.926321 0.160596
vt 0.882907 0.087784
vt 0.882820 0.085291
vt 0.881683 0.214793
vt 0.848186 0.181909
vt 0.882427 0.213887
vt 0.830550 0.181504
vt 0.774730 0.203567
vt 0.776901 0.196800
vt 0.752350 0.111038
vt 0.875473 0.044110
vt 0.846642 0.182239
vt 0.855458 0.132078
vt 0.859728 0.136570
vt 0.926135 0.245459
vt 0.924890 0.160988
vt 0.988743 0.053896
vt 0.941022 0.084511
vt 0.937342 0.050844
vt 0.833175 0.191541
vt 0.774813 0.203847
vt 0.834669 0.185774
vt 0.843371 0.128674
vt 0.837417 0.130160
vt 0.880246 0.221216
vt 0.881610 0.214996
vt 0.850599 0.127131
vt 0.875842 0.044309
vt 0.850332 0.127046
vt 0.865514 0.232109
vt 0.831270 0.199438
vt 0.831582 0.198155
vt 0.731075 0.237574
vt 0.811821 0.278914
vt 0.811474 0.280409
vt 0.701775 0.216861
vt 0.684435 0.231061
vt 0.900872 0.276863
vt 0.898443 0.275680
vt 0.901013 0.276612
vt 0.840479 0.183991
vt 0.878596 0.228195
vt 0.834844 0.185593
vt 0.730107 0.237432
vt 0.779934 0.208564
vt 0.784562 0.212667
vt 0.826106 0.177033
vt 0.941956 0.288813
vt 0.882784 0.089948
vt 0.862096 0.137515
vt 0.824888 0.175996
vt 0.825831 0.176910
vt 0.843373 0.076726
vt 0.763395 0.122046
vt 0.761984 0.121436
vt 0.917162 0.099818
vt 0.968563 0.102870
vt 0.948383 0.151844
vt 0.761634 0.121752
vt 0.721424 0.200919
vt 0.719192 0.202923
vt 0.837208 0.130191
vt 0.825023 0.175855
vt 0.836171 0.129999
vt 0.878401 0.228399
vt 0.871729 0.230374
vt 0.784709 0.212836
vt 0.941659 0.289122
vt 0.885941 0.047792
vt 0.834609 0.185540
vt 0.823984 0.175124
vt 0.763128 0.122350
vt 0.723305 0.199180
vt 0.842212 0.078869
vt 0.764933 0.122576
vt 0.883170 0.212974
vt 0.883021 0.089938
vt 0.925110 0.243539
vt 0.923475 0.161375
vt 0.736043 0.237647
vt 0.812164 0.277434
vt 0.830968 0.200668
vt 0.896293 0.274658
vt 0.882664 0.084401
vt 0.926667 0.160507
vt 0.927123 0.247823
vt 0.925910 0.245580
vt 0.924900 0.243653
vt 0.849334 0.181398
vt 0.831552 0.197848
vt 0.829953 0.201963
vt 0.821460 0.241070
vt 0.794257 0.224821
vt 0.817219 0.260595
vt 0.758596 0.247658
vt 0.778947 0.190800
vt 0.718457 0.203709
vt 0.781920 0.173345
vt 0.740669 0.172466
vt 0.824114 0.174988
vt 0.835133 0.129810
vt 0.871013 0.145644
vt 0.891153 0.109399
vt 0.850854 0.181924
vt 0.888516 0.171138
vt 0.865716 0.232026
vt 0.852908 0.237765
vt 0.875842 0.273532
vt 0.736046 0.237395
vt 0.761447 0.121346
vt 0.843606 0.076918
vt 0.842423 0.079073
vt 0.841350 0.080938
vt 0.793308 0.034341
vt 0.789494 0.040475
vt 0.787548 0.036069
vt 0.871618 0.424528
vt 0.856350 0.422371
vt 0.871447 0.421512
vt 0.783816 0.042518
vt 0.780155 0.049313
vt 0.778238 0.044887
vt 0.824105 0.393727
vt 0.809649 0.396102
vt 0.809611 0.393129
vt 0.767664 0.050468
vt 0.761005 0.049061
vt 0.765781 0.046040
vt 0.886636 0.423159
vt 0.886442 0.420142
vt 0.885561 0.391171
vt 0.902032 0.391844
vt 0.885793 0.394133
vt 0.854714 0.393523
vt 0.839340 0.396848
vt 0.839231 0.393875
vt 0.770920 0.043149
vt 0.776325 0.040473
vt 0.774717 0.052004
vt 0.772817 0.047570
vt 0.795595 0.395052
vt 0.795594 0.392081
vt 0.785105 0.422137
vt 0.798640 0.420786
vt 0.798664 0.423817
vt 0.812420 0.424938
vt 0.826514 0.422510
vt 0.826615 0.425527
vt 0.780968 0.393415
vt 0.780991 0.390443
vt 0.761549 0.390758
vt 0.761596 0.387898
vt 0.757361 0.416829
vt 0.771064 0.416923
vt 0.771420 0.419808
vt 0.762873 0.053488
vt 0.756573 0.052233
vt 0.733952 0.386798
vt 0.734094 0.384129
vt 0.701690 0.382161
vt 0.702300 0.379846
vt 0.743418 0.413607
vt 0.756116 0.414242
vt 0.754061 0.060100
vt 0.748296 0.059194
vt 0.752369 0.055578
vt 0.901610 0.421309
vt 0.901392 0.418286
vt 0.917025 0.418887
vt 0.916770 0.415850
vt 0.923818 0.384564
vt 0.955820 0.380473
vt 0.924144 0.387446
vt 0.785752 0.046938
vt 0.933274 0.415731
vt 0.932957 0.412673
vt 0.949940 0.411715
vt 0.949366 0.408803
vt 0.955543 0.377623
vt 0.993391 0.373247
vt 0.802834 0.037164
vt 0.797623 0.043124
vt 0.795460 0.038728
vt 0.856205 0.419363
vt 0.871275 0.418501
vt 0.825351 0.409659
vt 0.812245 0.418489
vt 0.811008 0.409052
vt 0.824179 0.396699
vt 0.809687 0.399082
vt 0.795640 0.398431
vt 0.783038 0.406314
vt 0.781004 0.396790
vt 0.886248 0.417129
vt 0.901173 0.415268
vt 0.854858 0.396499
vt 0.870569 0.398575
vt 0.855001 0.399479
vt 0.839449 0.399829
vt 0.870386 0.395598
vt 0.886027 0.397105
vt 0.841264 0.422685
vt 0.812351 0.421907
vt 0.826415 0.419498
vt 0.812283 0.418885
vt 0.780946 0.396388
vt 0.809725 0.399482
vt 0.797138 0.407966
vt 0.785079 0.419125
vt 0.798617 0.417765
vt 0.785056 0.416124
vt 0.733811 0.389470
vt 0.766155 0.403866
vt 0.761616 0.394031
vt 0.770713 0.414044
vt 0.740988 0.411403
vt 0.754872 0.411646
vt 0.701241 0.384656
vt 0.886237 0.416731
vt 0.870923 0.408613
vt 0.886135 0.407195
vt 0.902328 0.394800
vt 0.924478 0.390330
vt 0.916513 0.412822
vt 0.932642 0.409651
vt 0.901738 0.405116
vt 0.916592 0.412408
vt 0.901177 0.414867
vt 0.956105 0.383304
vt 0.993099 0.376626
vt 0.948805 0.405951
vt 0.870204 0.392629
vt 0.974213 0.396035
vt 0.972865 0.393832
vt 0.971521 0.391623
vt 0.870587 0.398977
vt 0.886041 0.397506
vt 0.824254 0.399678
vt 0.855024 0.399879
vt 0.812453 0.035656
vt 0.806333 0.041428
vt 0.781887 0.038109
vt 0.924395 0.390738
vt 0.944327 0.396114
vt 0.920463 0.401591
vt 0.733404 0.085179
vt 0.735983 0.076266
vt 0.736845 0.076175
vt 0.732687 0.084554
vt 0.735123 0.076356
vt 0.798576 0.417368
vt 0.841384 0.425702
vt 0.871258 0.418104
vt 0.855610 0.409498
vt 0.841144 0.419673
vt 0.823165 0.034022
vt 0.819138 0.039570
vt 0.812219 0.030617
vt 0.805802 0.031656
vt 0.948680 0.405597
vt 0.932871 0.409208
vt 0.955845 0.383730
vt 0.970910 0.391630
vt 0.749226 0.064419
vt 0.744283 0.063140
vt 0.764731 0.057937
vt 0.758402 0.056649
vt 0.795597 0.398030
vt 0.754509 0.411197
vt 0.744506 0.400557
vt 0.769547 0.054911
vt 0.760224 0.061097
vt 0.840310 0.409824
vt 0.839478 0.400230
vt 0.901741 0.388898
vt 0.783439 0.012334
vt 0.779714 0.018460
vt 0.777745 0.014103
vt 0.902326 0.395201
vt 0.743404 0.070006
vt 0.740480 0.067127
vt 0.742409 0.076786
vt 0.737070 0.076023
vt 0.734428 0.389874
vt 0.720436 0.396759
vt 0.702953 0.384844
vt 0.737927 0.408682
vt 0.995199 0.378630
vt 0.997248 0.380438
vt 0.799348 0.032884
vt 0.993161 0.376815
vt 0.770572 0.413631
vt 0.856497 0.425388
vt 0.824287 0.400079
vt 0.785001 0.415724
vt 0.739234 0.068088
vt 0.740234 0.067348
vt 0.755741 0.064650
vt 0.761502 0.393617
vt 0.738242 0.068842
vt 0.826382 0.419102
vt 0.841116 0.419277
vt 0.856182 0.418967
vt 0.791448 0.044891
vt 0.750113 0.069647
vt 0.872511 0.383383
vt 0.856995 0.381377
vt 0.872303 0.380324
vt 0.774085 0.020531
vt 0.770466 0.027313
vt 0.768547 0.022908
vt 0.823806 0.352719
vt 0.809102 0.355386
vt 0.809012 0.352353
vt 0.758027 0.028447
vt 0.751418 0.027009
vt 0.756177 0.024041
vt 0.887739 0.381837
vt 0.887510 0.378775
vt 0.886287 0.349311
vt 0.902997 0.349788
vt 0.886559 0.352316
vt 0.854958 0.352087
vt 0.839369 0.355674
vt 0.839218 0.352649
vt 0.761279 0.021187
vt 0.766638 0.018528
vt 0.765045 0.029995
vt 0.763159 0.025578
vt 0.794731 0.354563
vt 0.794683 0.351528
vt 0.784792 0.382543
vt 0.798448 0.380731
vt 0.798556 0.383795
vt 0.812482 0.384614
vt 0.826716 0.381947
vt 0.826863 0.385009
vt 0.779844 0.353167
vt 0.779850 0.350141
vt 0.760641 0.350855
vt 0.760686 0.347873
vt 0.756446 0.378609
vt 0.770784 0.377733
vt 0.770849 0.380829
vt 0.753240 0.031427
vt 0.746961 0.030120
vt 0.734390 0.347731
vt 0.734393 0.344772
vt 0.703879 0.345184
vt 0.703438 0.341964
vt 0.741627 0.375917
vt 0.756407 0.375491
vt 0.744399 0.037963
vt 0.738609 0.037038
vt 0.742725 0.033434
vt 0.902925 0.379810
vt 0.902667 0.376740
vt 0.918532 0.377181
vt 0.918229 0.374096
vt 0.924815 0.342156
vt 0.956513 0.338412
vt 0.925169 0.345047
vt 0.776036 0.024922
vt 0.934912 0.373679
vt 0.934532 0.370608
vt 0.951432 0.369174
vt 0.950773 0.366329
vt 0.956411 0.335528
vt 0.991508 0.334423
vt 0.792929 0.015022
vt 0.787818 0.020993
vt 0.785621 0.016660
vt 0.856808 0.378328
vt 0.872095 0.377270
vt 0.825331 0.368913
vt 0.812181 0.378093
vt 0.810736 0.368545
vt 0.823929 0.355747
vt 0.809194 0.358426
vt 0.794830 0.358019
vt 0.782268 0.366394
vt 0.779899 0.356614
vt 0.887281 0.375717
vt 0.902409 0.373676
vt 0.855143 0.355111
vt 0.871140 0.357020
vt 0.855328 0.358138
vt 0.839522 0.358705
vt 0.870916 0.353995
vt 0.886833 0.355331
vt 0.841691 0.381905
vt 0.812354 0.381553
vt 0.826570 0.378890
vt 0.812227 0.378497
vt 0.779835 0.356206
vt 0.809240 0.358834
vt 0.796591 0.367733
vt 0.784705 0.379468
vt 0.798342 0.377671
vt 0.784622 0.376396
vt 0.734374 0.350662
vt 0.765701 0.364294
vt 0.760716 0.354248
vt 0.770724 0.374642
vt 0.741791 0.372859
vt 0.756377 0.372400
vt 0.704724 0.348545
vt 0.887265 0.375313
vt 0.871620 0.367224
vt 0.887054 0.365605
vt 0.903335 0.352767
vt 0.925538 0.347932
vt 0.917925 0.371022
vt 0.934165 0.367578
vt 0.902856 0.363310
vt 0.917999 0.370602
vt 0.902409 0.373269
vt 0.956660 0.341299
vt 0.988495 0.335857
vt 0.950142 0.363542
vt 0.870692 0.350978
vt 0.974156 0.352925
vt 0.972574 0.350897
vt 0.971036 0.348840
vt 0.871163 0.357428
vt 0.886853 0.355738
vt 0.824052 0.358782
vt 0.855357 0.358545
vt 0.802525 0.013423
vt 0.796454 0.019223
vt 0.772146 0.016164
vt 0.925457 0.348337
vt 0.945469 0.353860
vt 0.921699 0.359486
vt 0.720646 0.364437
vt 0.702042 0.350798
vt 0.721730 0.361963
vt 0.704676 0.348740
vt 0.722800 0.359495
vt 0.798289 0.377265
vt 0.841857 0.384965
vt 0.872073 0.376867
vt 0.856077 0.368314
vt 0.841525 0.378849
vt 0.813235 0.011836
vt 0.809204 0.017318
vt 0.802263 0.008353
vt 0.795812 0.009508
vt 0.950010 0.363201
vt 0.934386 0.367129
vt 0.956421 0.341683
vt 0.970499 0.348868
vt 0.739580 0.042208
vt 0.734528 0.040982
vt 0.755067 0.035872
vt 0.748756 0.034549
vt 0.794779 0.357609
vt 0.756092 0.371950
vt 0.745367 0.361372
vt 0.759883 0.032878
vt 0.750554 0.039003
vt 0.840538 0.368855
vt 0.839556 0.359112
vt 0.902669 0.346821
vt 0.903338 0.353172
vt 0.733836 0.047681
vt 0.730615 0.044977
vt 0.733205 0.054328
vt 0.727708 0.053653
vt 0.734658 0.351065
vt 0.723412 0.359445
vt 0.705583 0.348947
vt 0.742058 0.369472
vt 0.991592 0.334679
vt 0.995286 0.332667
vt 0.789412 0.010819
vt 0.988550 0.336027
vt 0.770592 0.374221
vt 0.857182 0.384435
vt 0.824093 0.359189
vt 0.784554 0.375987
vt 0.746071 0.042508
vt 0.760587 0.353841
vt 0.741951 0.369852
vt 0.826530 0.378487
vt 0.841491 0.378446
vt 0.856780 0.377925
vt 0.781699 0.022838
vt 0.740556 0.047377
vt 0.742135 0.102887
vt 0.742175 0.102885
vt 0.742123 0.102915
vt 0.742193 0.102840
vt 0.742227 0.102854
vt 0.742169 0.102912
vt 0.742212 0.102884
vt 0.742345 0.102759
vt 0.742317 0.102739
vt 0.742372 0.102701
vt 0.742305 0.102825
vt 0.742281 0.102810
vt 0.742256 0.102789
vt 0.742247 0.102870
vt 0.698389 0.295293
vt 0.698511 0.295302
vt 0.742125 0.102934
vt 0.742199 0.102914
vt 0.742256 0.102898
vt 0.844328 0.054562
vt 0.844282 0.054551
vt 0.844382 0.054540
vt 0.844354 0.054572
vt 0.844271 0.054585
vt 0.844200 0.054569
vt 0.844304 0.054590
vt 0.986199 0.285853
vt 0.986129 0.285797
vt 0.986271 0.285849
vt 0.844290 0.054633
vt 0.844272 0.054611
vt 0.844337 0.054597
vt 0.844391 0.054565
vt 0.844120 0.054587
vt 0.844119 0.054621
vt 0.844053 0.054607
vt 0.844200 0.054602
vt 0.844198 0.054628
vt 0.700120 0.301644
vt 0.700285 0.301654
vt 0.700378 0.301736
vt 0.700083 0.301506
vt 0.700235 0.301594
vt 0.700465 0.301718
vt 0.700619 0.301817
vt 0.700389 0.301661
vt 0.700316 0.301580
vt 0.700115 0.301480
vt 0.700447 0.301579
vt 0.700487 0.301673
vt 0.700856 0.301894
vt 0.700892 0.301830
vt 0.700660 0.301773
vt 0.700676 0.301706
vt 0.844450 0.052222
vt 0.844508 0.052263
vt 0.986521 0.292181
vt 0.986422 0.292174
vt 0.986609 0.292064
vt 0.986756 0.291930
vt 0.986643 0.291993
vt 0.986498 0.292096
vt 0.985955 0.292333
vt 0.985999 0.292398
vt 0.985775 0.292467
vt 0.986183 0.292180
vt 0.986207 0.292252
vt 0.986255 0.292295
vt 0.986392 0.292127
vt 0.986560 0.291998
vt 0.986425 0.292020
vt 0.986758 0.291891
vt 0.846890 0.182116
vt 0.846830 0.182118
vt 0.846898 0.182167
vt 0.846830 0.182153
vt 0.846760 0.182179
vt 0.846865 0.182246
vt 0.846917 0.182216
vt 0.846944 0.182258
vt 0.846775 0.182230
vt 0.846847 0.182215
vt 0.846800 0.182195
vt 0.846838 0.182184
vt 0.846697 0.182218
vt 0.846780 0.182188
vt 0.846739 0.182212
vt 0.846700 0.182229
vt 0.731004 0.237365
vt 0.730768 0.237360
vt 0.730987 0.237430
vt 0.730751 0.237395
vt 0.730528 0.237425
vt 0.730458 0.237425
vt 0.730753 0.237428
vt 0.730604 0.237426
vt 0.730540 0.237426
vt 0.730740 0.237458
vt 0.731007 0.237495
vt 0.730744 0.237484
vt 0.730431 0.237435
vt 0.882552 0.085287
vt 0.882645 0.084998
vt 0.882625 0.085228
vt 0.882612 0.085017
vt 0.882666 0.084787
vt 0.882667 0.084804
vt 0.882746 0.085228
vt 0.882724 0.084982
vt 0.882676 0.084997
vt 0.882703 0.084982
vt 0.882675 0.084699
vt 0.927216 0.247836
vt 0.927306 0.248024
vt 0.927349 0.248025
vt 0.927467 0.248181
vt 0.927503 0.248247
vt 0.927354 0.247679
vt 0.927411 0.248013
vt 0.927322 0.247773
vt 0.927430 0.248006
vt 0.927474 0.248199
vt 0.927379 0.248011
vt 0.843584 0.076796
vt 0.843694 0.076630
vt 0.843657 0.076548
vt 0.843733 0.076441
vt 0.843757 0.076413
vt 0.843648 0.076515
vt 0.843483 0.076699
vt 0.843638 0.076498
vt 0.843813 0.076274
vt 0.843766 0.076381
vt 0.843921 0.076161
vt 0.843919 0.076101
vt 0.831435 0.198043
vt 0.831434 0.198105
vt 0.831383 0.198107
vt 0.831504 0.197990
vt 0.831470 0.198043
vt 0.831503 0.198049
vt 0.831487 0.198112
vt 0.831547 0.197984
vt 0.831527 0.197948
vt 0.831543 0.197907
vt 0.831532 0.197904
vt 0.831494 0.197971
vt 0.831538 0.198129
vt 0.831566 0.198075
vt 0.831534 0.198058
vt 0.831528 0.197996
vt 0.901231 0.276844
vt 0.901030 0.276709
vt 0.901229 0.276796
vt 0.901423 0.276963
vt 0.901387 0.276942
vt 0.900968 0.276825
vt 0.901217 0.276924
vt 0.901219 0.276874
vt 0.901223 0.276905
vt 0.901498 0.277015
vt 0.901349 0.276929
vt 0.826001 0.176840
vt 0.825950 0.176806
vt 0.825974 0.176760
vt 0.826012 0.176925
vt 0.825984 0.176869
vt 0.825962 0.176893
vt 0.825916 0.176848
vt 0.825996 0.176963
vt 0.826035 0.176964
vt 0.826061 0.176996
vt 0.826069 0.176990
vt 0.826033 0.176926
vt 0.825875 0.176883
vt 0.825910 0.176935
vt 0.825939 0.176915
vt 0.825995 0.176941
vt 0.718959 0.203333
vt 0.719127 0.203215
vt 0.718974 0.203360
vt 0.718789 0.203461
vt 0.718852 0.203412
vt 0.718951 0.203305
vt 0.719114 0.203152
vt 0.719132 0.203064
vt 0.718913 0.203283
vt 0.718929 0.203290
vt 0.718806 0.203451
vt 0.718706 0.203504
vt 0.942054 0.288833
vt 0.941889 0.288899
vt 0.942146 0.288896
vt 0.941996 0.288991
vt 0.941819 0.288977
vt 0.942050 0.289078
vt 0.941932 0.289084
vt 0.942159 0.289302
vt 0.942048 0.289195
vt 0.942262 0.289046
vt 0.941909 0.289415
vt 0.941932 0.289202
vt 0.941980 0.289129
vt 0.941743 0.289050
vt 0.941685 0.289219
vt 0.941842 0.289153
vt 0.941754 0.289308
vt 0.875609 0.044023
vt 0.875570 0.044145
vt 0.948336 0.151845
vt 0.948344 0.151869
vt 0.948321 0.151845
vt 0.875663 0.044190
vt 0.875664 0.043945
vt 0.875722 0.044053
vt 0.948381 0.151865
vt 0.948358 0.151845
vt 0.876014 0.044059
vt 0.875849 0.044014
vt 0.875915 0.043898
vt 0.948360 0.151875
vt 0.948374 0.151881
vt 0.875752 0.044246
vt 0.875918 0.044253
vt 0.875818 0.044124
vt 0.875967 0.044173
vt 0.875745 0.043992
vt 0.834807 0.185646
vt 0.834786 0.185568
vt 0.834767 0.185693
vt 0.834756 0.185618
vt 0.834729 0.185551
vt 0.834704 0.185633
vt 0.834713 0.185600
vt 0.834642 0.185716
vt 0.834721 0.185735
vt 0.834623 0.185660
vt 0.834691 0.185685
vt 0.834728 0.185656
vt 0.834668 0.185597
vt 0.834612 0.185602
vt 0.834671 0.185541
vt 0.834671 0.185643
vt 0.684582 0.231534
vt 0.684581 0.231347
vt 0.684487 0.231598
vt 0.684435 0.231419
vt 0.684525 0.231250
vt 0.684299 0.231456
vt 0.684356 0.231306
vt 0.885918 0.047781
vt 0.885946 0.047770
vt 0.885925 0.047809
vt 0.885899 0.047792
vt 0.684356 0.231661
vt 0.885901 0.047778
vt 0.885915 0.047765
vt 0.684327 0.231192
vt 0.684317 0.231029
vt 0.684477 0.231154
vt 0.684222 0.231054
vt 0.684276 0.231334
vt 0.684223 0.231241
vt 0.882868 0.089978
vt 0.882817 0.090031
vt 0.882857 0.089904
vt 0.882896 0.089894
vt 0.882879 0.090050
vt 0.882843 0.090119
vt 0.882898 0.089962
vt 0.882897 0.090016
vt 0.882928 0.089978
vt 0.882937 0.089901
vt 0.882980 0.090034
vt 0.882915 0.090050
vt 0.882866 0.090213
vt 0.882916 0.090215
vt 0.883814 0.089316
vt 0.882894 0.090119
vt 0.882945 0.090123
vt 0.849381 0.181402
vt 0.849337 0.181446
vt 0.849425 0.181411
vt 0.849382 0.181446
vt 0.849346 0.181490
vt 0.849409 0.181473
vt 0.849386 0.181479
vt 0.848624 0.181451
vt 0.849468 0.181425
vt 0.847397 0.182089
vt 0.849455 0.181518
vt 0.849445 0.181463
vt 0.849426 0.181490
vt 0.849415 0.181450
vt 0.849361 0.181533
vt 0.849422 0.181549
vt 0.849382 0.181576
vt 0.849399 0.181510
vt 0.924958 0.243583
vt 0.924986 0.243653
vt 0.924886 0.243564
vt 0.924930 0.243516
vt 0.924992 0.243582
vt 0.925025 0.243641
vt 0.924963 0.243535
vt 0.924878 0.243354
vt 0.924836 0.243381
vt 0.926037 0.243292
vt 0.924950 0.243418
vt 0.924908 0.243448
vt 0.924864 0.243474
vt 0.925009 0.243553
vt 0.925026 0.243478
vt 0.925057 0.243615
vt 0.924961 0.243497
vt 0.830833 0.200625
vt 0.830789 0.200671
vt 0.830784 0.200623
vt 0.830879 0.200633
vt 0.830835 0.200671
vt 0.830800 0.200716
vt 0.830863 0.200698
vt 0.830840 0.200704
vt 0.830940 0.200708
vt 0.830923 0.200647
vt 0.830911 0.200743
vt 0.830900 0.200687
vt 0.830881 0.200714
vt 0.830869 0.200674
vt 0.830816 0.200759
vt 0.830877 0.200774
vt 0.831190 0.198703
vt 0.830854 0.200735
vt 0.736081 0.237484
vt 0.736002 0.237474
vt 0.736136 0.237428
vt 0.736157 0.237493
vt 0.736064 0.237516
vt 0.735992 0.237516
vt 0.736122 0.237514
vt 0.736332 0.237528
vt 0.736329 0.237476
vt 0.735671 0.238537
vt 0.736236 0.237562
vt 0.736231 0.237508
vt 0.736230 0.237454
vt 0.736082 0.237547
vt 0.736143 0.237601
vt 0.736000 0.237559
vt 0.736159 0.237532
vt 0.896313 0.274487
vt 0.896290 0.274417
vt 0.896378 0.274567
vt 0.896316 0.274536
vt 0.896243 0.274466
vt 0.896197 0.274395
vt 0.896262 0.274507
vt 0.896274 0.274563
vt 0.896352 0.274605
vt 0.896201 0.274582
vt 0.896217 0.274513
vt 0.896109 0.274378
vt 0.896072 0.274442
vt 0.896396 0.275607
vt 0.896165 0.274453
vt 0.896132 0.274511
vt 0.841279 0.080944
vt 0.841315 0.080869
vt 0.841285 0.081018
vt 0.841237 0.080997
vt 0.841261 0.080899
vt 0.841285 0.080831
vt 0.841234 0.080951
vt 0.841099 0.081098
vt 0.841169 0.081135
vt 0.840522 0.079365
vt 0.841105 0.081003
vt 0.841178 0.081042
vt 0.841227 0.081079
vt 0.841191 0.080963
vt 0.841164 0.080777
vt 0.841208 0.080887
vt 0.841121 0.080898
vt 0.841248 0.080802
vt 0.824087 0.175029
vt 0.824069 0.174968
vt 0.824057 0.175064
vt 0.824047 0.175008
vt 0.824026 0.174954
vt 0.824027 0.175035
vt 0.824016 0.174995
vt 0.823962 0.175081
vt 0.824024 0.175095
vt 0.823946 0.175037
vt 0.824001 0.175056
vt 0.823986 0.175025
vt 0.823980 0.174946
vt 0.823936 0.174992
vt 0.825310 0.176847
vt 0.823982 0.174992
vt 0.824010 0.175019
vt 0.723382 0.199397
vt 0.723393 0.199276
vt 0.723471 0.199310
vt 0.723314 0.199297
vt 0.723325 0.199340
vt 0.723442 0.199209
vt 0.723539 0.199216
vt 0.723399 0.199202
vt 0.723364 0.199196
vt 0.723311 0.199255
vt 0.723354 0.199243
vt 0.723592 0.199123
vt 0.723543 0.199057
vt 0.722723 0.198562
vt 0.723493 0.199142
vt 0.723468 0.199097
vt 0.723421 0.199159
vt 0.733444 0.085185
vt 0.733392 0.085205
vt 0.733459 0.085141
vt 0.733495 0.085158
vt 0.733439 0.085214
vt 0.733392 0.085220
vt 0.733481 0.085186
vt 0.733618 0.085068
vt 0.733587 0.085047
vt 0.733642 0.085008
vt 0.733572 0.085130
vt 0.733551 0.085118
vt 0.733523 0.085094
vt 0.733514 0.085174
vt 0.702365 0.379794
vt 0.702487 0.379794
vt 0.702200 0.379858
vt 0.702286 0.379800
vt 0.733467 0.085207
vt 0.740263 0.067281
vt 0.740291 0.067299
vt 0.740300 0.067202
vt 0.740321 0.067232
vt 0.740356 0.067239
vt 0.740348 0.067173
vt 0.740371 0.067188
vt 0.740383 0.067054
vt 0.740378 0.067120
vt 0.740340 0.067122
vt 0.740412 0.067072
vt 0.740406 0.067123
vt 0.740377 0.067159
vt 0.740415 0.067147
vt 0.740457 0.067107
vt 0.740421 0.067178
vt 0.740435 0.067089
vt 0.834371 0.037435
vt 0.834344 0.037464
vt 0.834299 0.037449
vt 0.834410 0.037449
vt 0.834372 0.037476
vt 0.834286 0.037482
vt 0.834215 0.037462
vt 0.834319 0.037489
vt 0.993068 0.370278
vt 0.993004 0.370218
vt 0.993136 0.370278
vt 0.992887 0.370231
vt 0.992863 0.370171
vt 0.993079 0.370206
vt 0.992953 0.370168
vt 0.834130 0.037474
vt 0.834126 0.037509
vt 0.834060 0.037488
vt 0.834213 0.037496
vt 0.834209 0.037524
vt 0.834286 0.037506
vt 0.732024 0.083896
vt 0.732010 0.083860
vt 0.732025 0.083823
vt 0.732003 0.083928
vt 0.732000 0.083883
vt 0.732012 0.083802
vt 0.732034 0.083742
vt 0.732002 0.083833
vt 0.701287 0.384774
vt 0.701168 0.384658
vt 0.731958 0.083822
vt 0.731992 0.083801
vt 0.731981 0.083865
vt 0.731989 0.083926
vt 0.732046 0.083655
vt 0.732013 0.083646
vt 0.732046 0.083577
vt 0.732014 0.083733
vt 0.731981 0.083733
vt 0.738233 0.068781
vt 0.738266 0.068777
vt 0.738214 0.068828
vt 0.738206 0.068780
vt 0.738253 0.068729
vt 0.738296 0.068700
vt 0.738227 0.068743
vt 0.738137 0.068782
vt 0.738193 0.068756
vt 0.738164 0.068799
vt 0.738063 0.408795
vt 0.738091 0.408911
vt 0.737979 0.408828
vt 0.738189 0.068814
vt 0.738355 0.409135
vt 0.738395 0.409052
vt 0.738537 0.409169
vt 0.738274 0.068670
vt 0.738328 0.068623
vt 0.738213 0.409014
vt 0.738228 0.408923
vt 0.738228 0.068713
vt 0.993001 0.376827
vt 0.993214 0.376730
vt 0.992905 0.376909
vt 0.992819 0.376893
vt 0.993053 0.376767
vt 0.992897 0.376836
vt 0.992383 0.377017
vt 0.992421 0.377080
vt 0.992205 0.377134
vt 0.992603 0.376887
vt 0.992620 0.376954
vt 0.992662 0.376996
vt 0.992797 0.376849
vt 0.992971 0.376754
vt 0.992837 0.376755
vt 0.993229 0.376681
vt 0.724716 0.062395
vt 0.724751 0.062379
vt 0.724720 0.062426
vt 0.724750 0.062329
vt 0.724788 0.062335
vt 0.724756 0.062405
vt 0.724783 0.062367
vt 0.724893 0.062233
vt 0.724863 0.062215
vt 0.724913 0.062173
vt 0.724862 0.062300
vt 0.724836 0.062287
vt 0.724808 0.062269
vt 0.724811 0.062348
vt 0.724774 0.062430
vt 0.724781 0.062396
vt 0.724825 0.062373
vt 0.724746 0.062442
vt 0.824352 0.015274
vt 0.824319 0.015291
vt 0.824279 0.015264
vt 0.824383 0.015305
vt 0.824338 0.015308
vt 0.824260 0.015295
vt 0.824190 0.015269
vt 0.824289 0.015309
vt 0.995125 0.332415
vt 0.995084 0.332346
vt 0.995220 0.332468
vt 0.824269 0.015341
vt 0.824256 0.015319
vt 0.824316 0.015323
vt 0.824373 0.015317
vt 0.824104 0.015281
vt 0.824100 0.015316
vt 0.824034 0.015295
vt 0.824187 0.015304
vt 0.824182 0.015332
vt 0.704819 0.348732
vt 0.704913 0.348803
vt 0.704602 0.348618
vt 0.704768 0.348679
vt 0.704990 0.348775
vt 0.705143 0.348861
vt 0.704916 0.348727
vt 0.704844 0.348655
vt 0.704639 0.348583
vt 0.704970 0.348642
vt 0.705010 0.348728
vt 0.705374 0.348916
vt 0.705407 0.348848
vt 0.705180 0.348812
vt 0.705194 0.348745
vt 0.988406 0.336040
vt 0.988577 0.335957
vt 0.988324 0.336112
vt 0.988249 0.336100
vt 0.988451 0.335986
vt 0.988314 0.336049
vt 0.987881 0.336211
vt 0.987914 0.336264
vt 0.987733 0.336313
vt 0.988064 0.336098
vt 0.988080 0.336155
vt 0.988117 0.336190
vt 0.988229 0.336062
vt 0.988378 0.335974
vt 0.988262 0.335978
vt 0.988580 0.335924
vt 0.761586 0.121667
vt 0.761700 0.121660
vt 0.761544 0.121570
vt 0.761641 0.121594
vt 0.761707 0.121527
vt 0.761786 0.121574
vt 0.761598 0.121524
vt 0.761593 0.121453
vt 0.761502 0.121464
vt 0.761594 0.121374
vt 0.761733 0.121391
vt 0.761680 0.121445
vt 0.761658 0.121496
vt 0.761884 0.121500
vt 0.761864 0.121410
vt 0.761782 0.121465
vt 0.764690 0.122838
vt 0.764724 0.122921
vt 0.764620 0.122929
vt 0.764764 0.122748
vt 0.764781 0.122845
vt 0.764828 0.122898
vt 0.764875 0.122796
vt 0.764859 0.122840
vt 0.764958 0.122659
vt 0.764844 0.122660
vt 0.764973 0.122739
vt 0.764894 0.122718
vt 0.764835 0.122777
vt 0.764923 0.122771
vt 0.764926 0.122880
vt 0.764990 0.122813
vt 0.767985 0.124354
vt 0.764924 0.122824
vt 0.781732 0.062450
vt 0.787185 0.059857
vt 0.781721 0.062425
vt 0.787174 0.059832
vt 0.781710 0.062400
vt 0.787163 0.059807
vt 0.834141 0.345671
vt 0.849339 0.345443
vt 0.776522 0.065225
vt 0.776511 0.065200
vt 0.776499 0.065176
vt 0.819279 0.345330
vt 0.790963 0.068872
vt 0.796655 0.066510
vt 0.790974 0.068899
vt 0.796666 0.066536
vt 0.790986 0.068925
vt 0.847653 0.313417
vt 0.802425 0.064437
vt 0.802437 0.064464
vt 0.796677 0.066563
vt 0.863044 0.312529
vt 0.798432 0.055501
vt 0.792770 0.057536
vt 0.798421 0.055476
vt 0.792760 0.057511
vt 0.798412 0.055450
vt 0.879673 0.343162
vt 0.792750 0.057486
vt 0.864547 0.344590
vt 0.785405 0.071507
vt 0.780094 0.074325
vt 0.785416 0.071534
vt 0.780105 0.074352
vt 0.785429 0.071560
vt 0.780118 0.074378
vt 0.832269 0.313659
vt 0.817223 0.313322
vt 0.775119 0.077244
vt 0.770437 0.080290
vt 0.775131 0.077271
vt 0.770449 0.080317
vt 0.775144 0.077296
vt 0.770463 0.080342
vt 0.802811 0.312476
vt 0.788903 0.311109
vt 0.771647 0.068105
vt 0.771636 0.068080
vt 0.771623 0.068056
vt 0.805033 0.344478
vt 0.767063 0.071113
vt 0.767052 0.071088
vt 0.767038 0.071065
vt 0.791256 0.343110
vt 0.762684 0.074311
vt 0.762673 0.074285
vt 0.762659 0.074262
vt 0.777671 0.341186
vt 0.758411 0.077777
vt 0.758405 0.077747
vt 0.758393 0.077722
vt 0.763957 0.338629
vt 0.765746 0.083709
vt 0.759836 0.088496
vt 0.765757 0.083737
vt 0.759841 0.088527
vt 0.765771 0.083761
vt 0.759853 0.088554
vt 0.774532 0.309049
vt 0.755802 0.305548
vt 0.750271 0.085323
vt 0.746201 0.093995
vt 0.750244 0.085314
vt 0.746146 0.094035
vt 0.750217 0.085306
vt 0.715352 0.318234
vt 0.735925 0.331230
vt 0.746100 0.094058
vt 0.754195 0.081553
vt 0.754201 0.081513
vt 0.754196 0.081481
vt 0.749903 0.335350
vt 0.751734 0.095265
vt 0.751727 0.095306
vt 0.751730 0.095339
vt 0.729794 0.300359
vt 0.808645 0.062589
vt 0.808657 0.062615
vt 0.802447 0.064490
vt 0.878317 0.310994
vt 0.817303 0.060639
vt 0.817323 0.060663
vt 0.808667 0.062642
vt 0.894425 0.308541
vt 0.810124 0.052211
vt 0.804161 0.053755
vt 0.810105 0.052188
vt 0.804150 0.053731
vt 0.810092 0.052163
vt 0.804133 0.053675
vt 0.810085 0.052133
vt 0.804141 0.053705
vt 0.798404 0.055420
vt 0.833280 0.052094
vt 0.833343 0.052074
vt 0.833388 0.052051
vt 0.822517 0.049944
vt 0.822523 0.049918
vt 0.822530 0.049893
vt 0.822538 0.049863
vt 0.829761 0.058056
vt 0.829799 0.058075
vt 0.817337 0.060688
vt 0.948384 0.295457
vt 0.916481 0.303710
vt 0.829824 0.058097
vt 0.986011 0.285818
vt 0.816449 0.050901
vt 0.816416 0.050881
vt 0.816384 0.050829
vt 0.816394 0.050859
vt 0.849058 0.339217
vt 0.833943 0.339437
vt 0.849052 0.339113
vt 0.833937 0.339333
vt 0.849046 0.339008
vt 0.833930 0.339228
vt 0.819163 0.339092
vt 0.819156 0.338987
vt 0.819148 0.338883
vt 0.863436 0.318627
vt 0.847926 0.319519
vt 0.863441 0.318731
vt 0.847932 0.319623
vt 0.863446 0.318835
vt 0.847938 0.319727
vt 0.878848 0.317085
vt 0.878853 0.317189
vt 0.878856 0.317294
vt 0.864185 0.338364
vt 0.879226 0.336920
vt 0.864180 0.338259
vt 0.879222 0.336815
vt 0.864176 0.338155
vt 0.879219 0.336710
vt 0.817284 0.319430
vt 0.832432 0.319765
vt 0.817291 0.319534
vt 0.832438 0.319869
vt 0.817299 0.319638
vt 0.832445 0.319973
vt 0.788734 0.317205
vt 0.802764 0.318584
vt 0.788741 0.317308
vt 0.802771 0.318687
vt 0.788752 0.317413
vt 0.802781 0.318792
vt 0.805003 0.338238
vt 0.804995 0.338133
vt 0.804985 0.338028
vt 0.791320 0.336863
vt 0.791312 0.336758
vt 0.791301 0.336652
vt 0.777844 0.334927
vt 0.777834 0.334821
vt 0.777819 0.334714
vt 0.764265 0.332356
vt 0.764242 0.332247
vt 0.764206 0.332136
vt 0.755441 0.311469
vt 0.774238 0.315092
vt 0.755464 0.311573
vt 0.774247 0.315196
vt 0.755501 0.311679
vt 0.774263 0.315300
vt 0.718065 0.313558
vt 0.736887 0.325336
vt 0.718205 0.313552
vt 0.736917 0.325244
vt 0.718393 0.313576
vt 0.736956 0.325158
vt 0.717990 0.313605
vt 0.750410 0.329074
vt 0.750355 0.328957
vt 0.750272 0.328835
vt 0.729580 0.306282
vt 0.729637 0.306387
vt 0.729724 0.306497
vt 0.895126 0.314613
vt 0.895128 0.314717
vt 0.895126 0.314822
vt 0.917325 0.309694
vt 0.917311 0.309801
vt 0.917284 0.309911
vt 0.894218 0.334878
vt 0.909617 0.332156
vt 0.894217 0.334773
vt 0.909631 0.332047
vt 0.894219 0.334667
vt 0.909658 0.331937
vt 0.844405 0.052213
vt 0.964870 0.308373
vt 0.964726 0.308373
vt 0.964534 0.308406
vt 0.964951 0.308419
vt 0.942323 0.324672
vt 0.942289 0.324575
vt 0.942248 0.324483
vt 0.949241 0.301381
vt 0.949190 0.301495
vt 0.949107 0.301616
vt 0.925823 0.328668
vt 0.925871 0.328551
vt 0.925947 0.328429
vt 0.986605 0.288808
vt 0.986722 0.291878
vt 0.844507 0.053402
vt 0.844395 0.054549
vt 0.844494 0.053396
vt 0.698260 0.295367
vt 0.741181 0.102214
vt 0.698831 0.298517
vt 0.740297 0.101489
vt 0.850540 0.127082
vt 0.850476 0.127051
vt 0.850406 0.127039
vt 0.774761 0.203787
vt 0.774718 0.203647
vt 0.774728 0.203720
vt 0.917143 0.099830
vt 0.885911 0.047824
vt 0.917115 0.099844
vt 0.885903 0.047834
vt 0.917126 0.099839
vt 0.752254 0.110927
vt 0.878471 0.228368
vt 0.878527 0.228325
vt 0.878569 0.228267
vt 0.948405 0.151848
vt 0.939019 0.157518
vt 0.938750 0.157583
vt 0.988756 0.053921
vt 0.968580 0.102884
vt 0.938885 0.157551
vt 0.988727 0.053873
vt 0.808755 0.293809
vt 0.808812 0.293527
vt 0.937337 0.050822
vt 0.808784 0.293669
vt 0.859849 0.136684
vt 0.859807 0.136652
vt 0.882665 0.084734
vt 0.859768 0.136614
vt 0.882657 0.084573
vt 0.927574 0.248388
vt 0.881622 0.214938
vt 0.881636 0.214886
vt 0.881656 0.214836
vt 0.882675 0.084553
vt 0.926576 0.160530
vt 0.926491 0.160551
vt 0.926407 0.160573
vt 0.927603 0.248402
vt 0.927534 0.248280
vt 0.784684 0.212789
vt 0.784650 0.212746
vt 0.784609 0.212707
vt 0.730291 0.237420
vt 0.865556 0.232079
vt 0.865605 0.232057
vt 0.901465 0.276984
vt 0.865658 0.232040
vt 0.901615 0.277053
vt 0.901630 0.277081
vt 0.811415 0.280677
vt 0.811434 0.280587
vt 0.811453 0.280499
vt 0.730278 0.237440
vt 0.837361 0.130177
vt 0.837309 0.130189
vt 0.843790 0.076363
vt 0.837258 0.130195
vt 0.778963 0.190740
vt 0.778967 0.190684
vt 0.778961 0.190631
vt 0.718632 0.203605
vt 0.718742 0.203505
vt 0.718599 0.203595
vt 0.862221 0.137601
vt 0.862182 0.137565
vt 0.862140 0.137536
vt 0.865017 0.139271
vt 0.883198 0.212933
vt 0.883218 0.212886
vt 0.884122 0.210831
vt 0.850834 0.181960
vt 0.887186 0.202071
vt 0.923393 0.161398
vt 0.923311 0.161420
vt 0.923229 0.161443
vt 0.919571 0.162208
vt 0.787589 0.217747
vt 0.785687 0.215231
vt 0.785648 0.215191
vt 0.785617 0.215148
vt 0.863610 0.233746
vt 0.863661 0.233728
vt 0.863708 0.233706
vt 0.860438 0.235351
vt 0.812184 0.277348
vt 0.812203 0.277262
vt 0.812223 0.277175
vt 0.813303 0.273246
vt 0.835085 0.129806
vt 0.835035 0.129812
vt 0.834983 0.129826
vt 0.830316 0.130974
vt 0.778023 0.188364
vt 0.778025 0.188307
vt 0.778348 0.185469
vt 0.778030 0.188419
vt 0.723398 0.199137
vt 0.848161 0.181816
vt 0.848173 0.181863
vt 0.848148 0.181770
vt 0.926068 0.245495
vt 0.926022 0.245520
vt 0.925977 0.245544
vt 0.733749 0.237460
vt 0.733746 0.237595
vt 0.733750 0.237405
vt 0.733748 0.237515
vt 0.898562 0.275431
vt 0.896391 0.274523
vt 0.898479 0.275605
vt 0.898527 0.275504
vt 0.898503 0.275554
vt 0.901015 0.276775
vt 0.824922 0.175961
vt 0.824956 0.175926
vt 0.824990 0.175891
vt 0.842272 0.078935
vt 0.842308 0.078983
vt 0.842349 0.079025
vt 0.843545 0.076728
vt 0.882780 0.087790
vt 0.882832 0.087787
vt 0.882729 0.087792
vt 0.882685 0.085212
vt 0.831222 0.199426
vt 0.831174 0.199415
vt 0.831127 0.199403
vt 0.721453 0.201006
vt 0.721451 0.201068
vt 0.721451 0.201127
vt 0.770907 0.043119
vt 0.776312 0.040444
vt 0.770895 0.043094
vt 0.776301 0.040419
vt 0.856503 0.425535
vt 0.841386 0.425782
vt 0.856500 0.425467
vt 0.765768 0.046010
vt 0.765757 0.045985
vt 0.841385 0.425849
vt 0.826616 0.425607
vt 0.780168 0.049344
vt 0.785765 0.046968
vt 0.780180 0.049370
vt 0.870192 0.392475
vt 0.854710 0.393441
vt 0.854708 0.393369
vt 0.791462 0.044922
vt 0.785776 0.046995
vt 0.885542 0.391018
vt 0.870199 0.392547
vt 0.787535 0.036040
vt 0.781874 0.038080
vt 0.787524 0.036015
vt 0.871629 0.424674
vt 0.886642 0.423239
vt 0.886651 0.423305
vt 0.781864 0.038055
vt 0.871623 0.424607
vt 0.774730 0.052035
vt 0.769560 0.054941
vt 0.774742 0.052061
vt 0.769572 0.054968
vt 0.824111 0.393573
vt 0.839230 0.393793
vt 0.824106 0.393645
vt 0.839231 0.393721
vt 0.764744 0.057967
vt 0.760237 0.061128
vt 0.764756 0.057994
vt 0.760249 0.061154
vt 0.795610 0.391928
vt 0.809613 0.393047
vt 0.795598 0.391999
vt 0.809622 0.392976
vt 0.760993 0.049031
vt 0.760981 0.049006
vt 0.826612 0.425674
vt 0.812419 0.425018
vt 0.756560 0.052202
vt 0.756548 0.052178
vt 0.756533 0.052156
vt 0.760967 0.048984
vt 0.798661 0.423897
vt 0.752357 0.055548
vt 0.752346 0.055523
vt 0.752330 0.055501
vt 0.785100 0.422217
vt 0.748289 0.059159
vt 0.748279 0.059131
vt 0.748263 0.059110
vt 0.771422 0.419889
vt 0.755753 0.064682
vt 0.750119 0.069684
vt 0.761689 0.387689
vt 0.781015 0.390291
vt 0.761639 0.387751
vt 0.780997 0.390361
vt 0.761607 0.387817
vt 0.781045 0.390222
vt 0.737010 0.076076
vt 0.736947 0.076125
vt 0.736890 0.076160
vt 0.744287 0.063093
vt 0.744282 0.063060
vt 0.744263 0.063041
vt 0.757388 0.416917
vt 0.743403 0.413687
vt 0.742400 0.076834
vt 0.702893 0.379746
vt 0.734180 0.383997
vt 0.702695 0.379769
vt 0.734119 0.384052
vt 0.734272 0.383949
vt 0.797638 0.043154
vt 0.791473 0.044948
vt 0.901711 0.388748
vt 0.885553 0.391090
vt 0.806357 0.041456
vt 0.797650 0.043180
vt 0.923766 0.384421
vt 0.901729 0.388818
vt 0.799325 0.032857
vt 0.793294 0.034312
vt 0.799307 0.032834
vt 0.901633 0.421455
vt 0.917040 0.418966
vt 0.917069 0.419030
vt 0.793283 0.034287
vt 0.901619 0.421389
vt 0.823242 0.034011
vt 0.823308 0.033997
vt 0.823355 0.033978
vt 0.823379 0.033951
vt 0.812225 0.030586
vt 0.812233 0.030559
vt 0.812247 0.030535
vt 0.974227 0.396125
vt 0.819182 0.039594
vt 0.806376 0.041481
vt 0.955452 0.377490
vt 0.923800 0.384486
vt 0.955516 0.377548
vt 0.819219 0.039616
vt 0.992677 0.370200
vt 0.805760 0.031633
vt 0.933361 0.415865
vt 0.949954 0.411796
vt 0.949947 0.411868
vt 0.805726 0.031612
vt 0.933301 0.415808
vt 0.856200 0.419269
vt 0.841139 0.419579
vt 0.856194 0.419166
vt 0.841132 0.419475
vt 0.856188 0.419062
vt 0.841124 0.419372
vt 0.826410 0.419404
vt 0.826402 0.419300
vt 0.826392 0.419196
vt 0.870574 0.398671
vt 0.855006 0.399574
vt 0.870579 0.398775
vt 0.855012 0.399678
vt 0.870583 0.398880
vt 0.855018 0.399782
vt 0.886033 0.397200
vt 0.886037 0.397304
vt 0.886040 0.397409
vt 0.871270 0.418407
vt 0.886243 0.417035
vt 0.871266 0.418304
vt 0.886240 0.416931
vt 0.871262 0.418200
vt 0.886238 0.416827
vt 0.824258 0.399774
vt 0.839454 0.399925
vt 0.824266 0.399877
vt 0.839461 0.400028
vt 0.824276 0.399982
vt 0.839470 0.400133
vt 0.795600 0.398126
vt 0.809691 0.399177
vt 0.795611 0.398230
vt 0.809700 0.399281
vt 0.795625 0.398334
vt 0.809712 0.399385
vt 0.812278 0.418791
vt 0.812269 0.418688
vt 0.812258 0.418584
vt 0.798613 0.417671
vt 0.798603 0.417568
vt 0.798590 0.417463
vt 0.785051 0.416029
vt 0.785038 0.415925
vt 0.785020 0.415820
vt 0.770693 0.413947
vt 0.770659 0.413839
vt 0.770616 0.413730
vt 0.761511 0.393714
vt 0.780950 0.396484
vt 0.761537 0.393821
vt 0.780964 0.396588
vt 0.761574 0.393930
vt 0.780983 0.396693
vt 0.735080 0.076317
vt 0.735075 0.076262
vt 0.735072 0.076190
vt 0.735094 0.076348
vt 0.754808 0.411541
vt 0.754715 0.411423
vt 0.754610 0.411305
vt 0.701405 0.384781
vt 0.733826 0.389570
vt 0.701599 0.384922
vt 0.730496 0.071186
vt 0.734334 0.389765
vt 0.702796 0.384723
vt 0.733879 0.389685
vt 0.729120 0.060395
vt 0.730532 0.071143
vt 0.729156 0.060369
vt 0.730563 0.071096
vt 0.902334 0.394895
vt 0.902335 0.394999
vt 0.902332 0.395103
vt 0.924478 0.390424
vt 0.924461 0.390529
vt 0.924432 0.390637
vt 0.901169 0.415173
vt 0.916514 0.412726
vt 0.901169 0.415069
vt 0.916530 0.412618
vt 0.901172 0.414964
vt 0.916558 0.412509
vt 0.971445 0.391576
vt 0.971307 0.391568
vt 0.971121 0.391591
vt 0.948784 0.405862
vt 0.948755 0.405768
vt 0.948720 0.405677
vt 0.956090 0.383398
vt 0.956035 0.383507
vt 0.955948 0.383621
vt 0.932653 0.409553
vt 0.932701 0.409439
vt 0.932779 0.409320
vt 0.993470 0.373241
vt 0.993188 0.376653
vt 0.834908 0.035173
vt 0.834624 0.036311
vt 0.834881 0.035165
vt 0.834650 0.036325
vt 0.702234 0.379854
vt 0.732675 0.084597
vt 0.732676 0.084582
vt 0.701617 0.382149
vt 0.732010 0.083917
vt 0.740798 0.411362
vt 0.739299 0.067941
vt 0.739264 0.068020
vt 0.743228 0.413566
vt 0.739335 0.067862
vt 0.761267 0.021157
vt 0.766625 0.018499
vt 0.857192 0.384654
vt 0.841860 0.385114
vt 0.857190 0.384584
vt 0.841860 0.385046
vt 0.857187 0.384516
vt 0.756164 0.024012
vt 0.841857 0.385183
vt 0.826861 0.385158
vt 0.826864 0.385089
vt 0.770480 0.027343
vt 0.776049 0.024952
vt 0.770491 0.027369
vt 0.776061 0.024978
vt 0.770503 0.027395
vt 0.854953 0.352004
vt 0.781712 0.022868
vt 0.781724 0.022894
vt 0.776072 0.025005
vt 0.870686 0.350895
vt 0.777732 0.014074
vt 0.872531 0.383600
vt 0.887756 0.381986
vt 0.887769 0.382053
vt 0.872523 0.383531
vt 0.887746 0.381918
vt 0.772133 0.016135
vt 0.872517 0.383463
vt 0.765058 0.030026
vt 0.759895 0.032908
vt 0.765069 0.030052
vt 0.759907 0.032934
vt 0.765082 0.030077
vt 0.759920 0.032959
vt 0.839215 0.352565
vt 0.823805 0.352636
vt 0.755079 0.035903
vt 0.750566 0.039034
vt 0.755091 0.035929
vt 0.750578 0.039060
vt 0.755105 0.035954
vt 0.750593 0.039084
vt 0.809013 0.352269
vt 0.794686 0.351445
vt 0.751406 0.026980
vt 0.826853 0.385227
vt 0.812476 0.384764
vt 0.812482 0.384695
vt 0.746949 0.030090
vt 0.812463 0.384832
vt 0.798546 0.383945
vt 0.798555 0.383877
vt 0.742714 0.033403
vt 0.798527 0.384013
vt 0.784775 0.382693
vt 0.784789 0.382625
vt 0.738603 0.037002
vt 0.784749 0.382759
vt 0.770814 0.380976
vt 0.770842 0.380910
vt 0.746083 0.042539
vt 0.740562 0.047413
vt 0.746095 0.042566
vt 0.740570 0.047444
vt 0.746110 0.042590
vt 0.740582 0.047470
vt 0.779856 0.350057
vt 0.760697 0.347791
vt 0.730585 0.044966
vt 0.727656 0.053705
vt 0.730559 0.044963
vt 0.727608 0.053749
vt 0.730532 0.044964
vt 0.720643 0.364529
vt 0.741626 0.376002
vt 0.727566 0.053777
vt 0.700165 0.353071
vt 0.734534 0.040934
vt 0.770768 0.381038
vt 0.756372 0.378748
vt 0.756428 0.378689
vt 0.756284 0.378799
vt 0.741646 0.376072
vt 0.733199 0.054376
vt 0.733196 0.054416
vt 0.733202 0.054449
vt 0.703606 0.341895
vt 0.734412 0.344691
vt 0.787833 0.021022
vt 0.787845 0.021048
vt 0.781734 0.022921
vt 0.886278 0.349228
vt 0.796478 0.019251
vt 0.924763 0.342013
vt 0.902656 0.346740
vt 0.902634 0.346671
vt 0.789389 0.010792
vt 0.902970 0.380025
vt 0.918579 0.377325
vt 0.918624 0.377386
vt 0.902949 0.379959
vt 0.918548 0.377261
vt 0.783425 0.012305
vt 0.902934 0.379891
vt 0.813310 0.011825
vt 0.813376 0.011811
vt 0.995166 0.333036
vt 0.974180 0.353010
vt 0.995235 0.332839
vt 0.802269 0.008321
vt 0.802278 0.008295
vt 0.974157 0.353135
vt 0.951449 0.369253
vt 0.809248 0.017343
vt 0.796497 0.019275
vt 0.956328 0.335389
vt 0.924798 0.342078
vt 0.956388 0.335451
vt 0.809284 0.017365
vt 0.994755 0.332286
vt 0.994960 0.332340
vt 0.935094 0.373861
vt 0.951461 0.369322
vt 0.951451 0.369394
vt 0.935004 0.373814
vt 0.795770 0.009486
vt 0.934941 0.373757
vt 0.856802 0.378232
vt 0.841519 0.378753
vt 0.856795 0.378127
vt 0.841510 0.378648
vt 0.856787 0.378021
vt 0.841500 0.378543
vt 0.826563 0.378794
vt 0.826554 0.378689
vt 0.826542 0.378583
vt 0.871146 0.357117
vt 0.855334 0.358235
vt 0.871153 0.357222
vt 0.855342 0.358340
vt 0.871158 0.357329
vt 0.855349 0.358446
vt 0.886841 0.355427
vt 0.886846 0.355533
vt 0.886850 0.355639
vt 0.872089 0.377175
vt 0.887275 0.375621
vt 0.872083 0.377070
vt 0.887271 0.375516
vt 0.872078 0.376964
vt 0.887267 0.375410
vt 0.824058 0.358879
vt 0.839528 0.358802
vt 0.824068 0.358984
vt 0.839536 0.358907
vt 0.824080 0.359090
vt 0.839546 0.359014
vt 0.794784 0.357707
vt 0.809200 0.358523
vt 0.794796 0.357813
vt 0.809211 0.358629
vt 0.794813 0.357920
vt 0.809225 0.358735
vt 0.812221 0.378401
vt 0.812209 0.378296
vt 0.812195 0.378190
vt 0.798335 0.377575
vt 0.798322 0.377469
vt 0.798306 0.377362
vt 0.784614 0.376299
vt 0.784598 0.376192
vt 0.784577 0.376085
vt 0.770712 0.374543
vt 0.770682 0.374433
vt 0.770639 0.374322
vt 0.760597 0.353937
vt 0.779840 0.356303
vt 0.760625 0.354042
vt 0.779855 0.356409
vt 0.760667 0.354149
vt 0.779876 0.356515
vt 0.722870 0.359438
vt 0.741963 0.369757
vt 0.723007 0.359417
vt 0.741985 0.369654
vt 0.723196 0.359422
vt 0.742018 0.369556
vt 0.756354 0.372299
vt 0.756291 0.372181
vt 0.756199 0.372061
vt 0.734397 0.350757
vt 0.734459 0.350860
vt 0.734551 0.350966
vt 0.903343 0.352862
vt 0.903345 0.352967
vt 0.903343 0.353073
vt 0.925539 0.348026
vt 0.925522 0.348130
vt 0.925493 0.348236
vt 0.902404 0.373580
vt 0.917925 0.370925
vt 0.902403 0.373474
vt 0.917939 0.370815
vt 0.902405 0.373367
vt 0.917966 0.370704
vt 0.970968 0.348801
vt 0.970846 0.348799
vt 0.970683 0.348826
vt 0.950118 0.363456
vt 0.950087 0.363366
vt 0.950050 0.363278
vt 0.956645 0.341384
vt 0.956594 0.341482
vt 0.956514 0.341585
vt 0.934174 0.367480
vt 0.934221 0.367364
vt 0.934296 0.367243
vt 0.991554 0.334498
vt 0.988561 0.335895
vt 0.995232 0.332519
vt 0.991574 0.334587
vt 0.703361 0.341981
vt 0.703759 0.345205
vt 0.703322 0.341994
vt 0.724728 0.062442
vt 0.723422 0.062666
vt 0.723414 0.062651
vt 0.703798 0.345193
vt 0.722038 0.062887
vt 0.704621 0.348668
vt 0.701976 0.350747
vt 0.901530 0.277018
vt 0.882665 0.084665
vt 0.763329 0.122121
vt 0.763262 0.122197
vt 0.763195 0.122274
vt 0.927442 0.248134
vt 0.718692 0.203528
vt 0.730389 0.237428
vt 0.927540 0.248310
vt 0.885023 0.208774
vt 0.729189 0.060341
vt 0.700086 0.352928
vt 0.700069 0.301551
vt 0.846787 0.182211
vt 0.843851 0.076268
vt 0.875450 0.044030
vt 0.948394 0.151877
vt 0.684173 0.231535
vt 0.834398 0.037442
vt 0.738177 0.068724
vt 0.824376 0.015291
vt 0.833886 0.050000
vt 0.812414 0.425085
vt 0.795635 0.391857
vt 0.741670 0.376139
vt 0.787855 0.021075
vt 0.995245 0.332569
vt 0.723401 0.062621
s 1
g off
g holocron_inf2_Holocron_Corners.002
usemtl Holocron_Corners.002
f 1244/1/1 1/2/2 199/3/3
f 1195/4/4 20/5/5 105/6/6
f 88/7/2 224/8/7 3/9/2
f 213/10/8 113/11/9 1205/12/10
f 4/13/2 1209/14/11 203/15/12
f 198/16/13 105/6/6 16/17/14
f 209/18/15 101/19/16 14/20/17
f 223/21/18 108/22/19 1200/23/20
f 3/9/2 1184/24/21 219/25/22
f 1199/26/23 4/13/2 87/27/2
f 1205/12/10 22/28/24 228/29/25
f 1215/30/26 19/31/27 234/32/28
f 1210/33/29 26/34/30 204/35/31
f 228/29/25 107/36/32 1220/37/33
f 1220/37/33 23/38/34 238/39/35
f 1230/40/36 18/41/37 244/42/38
f 89/43/2 233/44/39 1209/14/11
f 238/39/35 114/45/40 1235/46/41
f 1235/46/41 1347/47/42 250/48/43
f 265/49/44 112/50/45 1230/40/36
f 90/51/46 243/52/47 1214/53/48
f 1245/54/49 16/17/14 103/55/50
f 270/56/51 103/55/50 17/57/52
f 276/58/53 109/59/54 13/60/55
f 1/2/2 1189/61/56 88/7/2
f 1260/62/57 17/57/52 111/63/58
f 281/64/59 111/63/58 21/65/60
f 1255/66/61 1344/67/62 109/59/54
f 6/68/2 1239/69/63 92/70/2
f 105/6/6 324/71/64 1274/72/65
f 10/73/66 1290/74/67 96/75/66
f 24/76/68 1284/77/69 113/11/9
f 333/78/70 97/79/71 1300/80/72
f 103/55/50 304/81/73 1324/82/74
f 15/83/75 1269/84/76 329/85/77
f 15/83/75 1279/86/78 108/22/19
f 102/87/79 313/88/80 1269/84/76
f 115/89/81 324/71/64 20/5/5
f 116/90/82 308/91/83 26/34/30
f 19/31/27 1289/92/84 116/90/82
f 22/28/24 1299/93/85 107/36/32
f 1285/94/86 8/95/66 333/78/70
f 104/96/87 338/97/88 19/31/27
f 18/41/37 1294/98/89 104/96/87
f 23/38/34 1314/99/90 114/45/40
f 1300/80/72 11/100/91 343/101/92
f 112/50/45 348/102/93 18/41/37
f 25/103/94 1309/104/95 112/50/45
f 114/45/40 354/105/96 1347/47/42
f 303/106/97 95/107/66 7/108/66
f 14/20/17 1319/109/98 313/88/80
f 101/19/16 380/110/99 1319/109/98
f 111/63/58 376/111/100 1339/112/101
f 99/113/66 375/114/102 1325/115/103
f 13/60/55 1334/116/104 380/110/99
f 109/59/54 392/117/105 1334/116/104
f 21/65/60 1339/112/101 385/118/106
f 1190/119/107 14/20/17 102/87/79
f 1250/120/108 21/121/60 106/122/109
f 106/122/109 385/123/106 1329/124/110
f 7/108/66 1270/125/111 314/126/112
f 224/8/7 87/27/2 3/9/2
f 1200/23/20 24/76/68 213/10/8
f 108/22/19 319/127/113 24/76/68
f 95/107/66 328/128/114 1270/125/111
f 93/129/2 275/130/115 6/68/2
f 199/3/3 88/7/2 1194/131/116
f 16/17/14 1274/72/65 304/81/73
f 381/132/117 100/133/66 12/134/66
f 234/32/28 116/90/82 1210/33/29
f 1225/135/118 1348/136/119 110/137/120
f 110/137/120 353/138/121 1304/139/122
f 96/75/66 339/140/123 8/95/66
f 204/35/31 115/89/81 1185/141/124
f 223/21/18 102/87/79 15/83/75
f 1275/142/125 9/143/66 95/107/66
f 26/34/30 1264/144/126 115/89/81
f 1249/145/127 1254/146/128 93/129/2
f 280/147/129 93/129/2 1259/148/130
f 100/133/66 386/149/131 1340/150/132
f 1335/151/133 1330/152/134 100/133/66
f 5/153/46 1229/154/135 243/52/47
f 1204/155/136 2/156/2 89/43/2
f 113/11/9 334/157/137 22/28/24
f 11/100/91 1310/158/138 98/159/139
f 214/160/140 89/43/2 4/13/2
f 229/161/141 90/51/46 2/156/2
f 94/162/66 328/128/114 9/143/66
f 10/73/66 1280/163/142 94/162/66
f 1240/164/143 13/60/55 101/19/16
f 7/108/66 1325/115/103 303/106/97
s 2
f 407/165/144 136/166/145 1492/167/146
s 1
f 1320/168/147 12/134/66 99/113/66
f 91/169/148 266/170/149 1229/154/135
f 1234/171/150 1224/172/151 91/169/148
f 1315/173/152 1305/174/153 355/175/154
f 98/159/139 370/176/155 1305/174/153
f 1250/120/108 1345/177/156 285/178/157
f 271/179/158 92/70/2 1244/1/1
f 17/57/52 1324/82/74 376/111/100
f 106/122/109 390/180/159 1345/177/156
f 244/42/38 104/96/87 1215/30/26
f 1259/148/130 6/68/2 271/179/158
f 12/134/66 1340/150/132 375/114/102
f 97/79/71 349/181/160 11/100/91
f 2/156/2 1214/53/48 233/44/39
f 1185/141/124 20/5/5 218/182/161
f 318/183/162 96/75/66 1285/94/86
f 8/95/66 1295/184/163 97/79/71
f 1225/185/118 25/103/94 265/49/44
f 1219/186/164 5/153/46 90/51/46
f 107/36/32 344/187/165 23/38/34
f 110/188/120 371/189/166 25/103/94
f 1194/131/116 3/9/2 219/25/22
f 87/27/2 203/15/12 1184/24/21
f 309/190/167 94/162/66 1265/191/168
f 1265/191/168 9/143/66 323/192/169
f 92/70/2 208/193/170 1/2/2
f 239/194/171 91/169/148 5/153/46
f 343/101/92 98/159/139 1315/173/152
f 314/126/112 99/113/66 7/108/66
s 2
f 452/195/172 129/196/173 34/197/174
f 499/198/175 135/199/176 1413/200/177
f 1525/201/178 1469/202/179 135/199/176
f 706/203/180 130/204/181 1465/205/182
f 476/206/183 126/207/184 1402/208/185
f 1377/209/186 1516/210/187 136/166/145
f 137/211/188 667/212/189 1455/213/190
f 1465/205/182 1476/214/191 686/215/192
f 443/216/193 123/217/194 29/218/195
f 421/219/196 134/220/197 1501/221/198
f 1440/222/199 1445/223/200 616/224/201
f 1520/225/202 1450/226/203 134/220/197
f 27/227/204 1370/228/205 123/217/194
f 31/229/206 1374/230/207 563/231/208
f 32/232/209 1374/230/207 126/207/184
f 1388/233/210 1517/234/211 434/235/212
f 1383/236/213 1493/237/214 119/238/215
f 33/239/216 1356/240/217 128/241/218
f 34/197/174 1361/242/219 526/243/220
f 409/244/221 121/245/204 1378/246/222
f 1388/233/210 1497/247/223 133/248/224
f 509/249/225 120/250/226 1373/251/227
f 30/252/228 1355/253/229 545/254/230
f 452/195/172 127/255/231 1407/256/232
f 443/216/193 122/257/233 1382/258/234
f 27/227/204 1350/259/235 528/260/236
f 34/197/174 1351/261/237 127/255/231
f 1397/262/238 1519/263/239 463/264/240
f 422/265/241 118/266/242 1403/267/243
f 35/268/244 1361/242/219 129/196/173
f 35/268/244 1356/240/217 565/269/245
f 477/270/246 118/266/242 1505/271/247
f 475/272/248 137/211/188 1397/262/238
f 28/273/204 1365/274/249 544/275/250
f 29/218/195 1365/274/249 122/257/233
f 423/276/251 124/277/252 1393/278/253
f 486/279/254 127/255/231 33/239/216
f 29/218/195 1370/228/205 508/280/255
f 136/166/145 581/281/256 1435/282/257
f 1413/200/177 1507/283/258 487/284/259
f 451/285/260 1871/286/261 1419/287/262
f 1360/288/263 1369/289/264 527/290/265
f 28/273/204 1350/259/235 121/245/204
f 1417/291/266 1524/292/267 501/293/268
f 1408/294/269 1508/295/270 117/296/271
f 30/252/228 1364/297/272 125/298/273
f 31/229/206 1355/253/229 124/277/252
f 1392/299/274 1520/225/202 134/220/197
f 32/232/209 1364/297/272 510/300/275
f 1373/251/227 1360/288/263 564/301/276
f 33/239/216 1351/261/237 546/302/277
f 135/199/176 705/303/278 1507/283/258
f 1872/304/279 723/305/280 1524/292/267
f 1512/306/281 1475/307/282 1871/286/261
f 1493/237/214 1439/308/283 119/238/215
f 133/248/224 582/309/284 1517/234/211
f 133/248/224 617/310/285 1444/311/286
f 118/266/242 652/312/287 1459/313/288
f 1519/263/239 1455/213/190 633/314/289
f 118/266/242 668/315/290 1505/271/247
f 433/316/291 123/217/194 1387/317/292
f 441/318/293 119/238/215 1498/319/294
f 119/238/215 615/320/295 1498/319/294
f 136/166/145 597/321/296 1492/167/146
f 423/276/251 126/207/184 31/229/206
f 462/322/297 124/277/252 30/252/228
f 634/323/298 132/324/299 1449/325/300
f 1449/325/300 1460/326/301 651/327/302
f 486/279/254 128/241/218 1412/328/303
f 500/329/304 128/241/218 35/268/244
f 1476/214/191 1470/330/305 724/331/306
f 117/296/271 704/332/307 1464/333/308
f 409/244/221 122/257/233 28/273/204
f 433/316/291 121/245/204 27/227/204
f 1445/223/200 1434/334/309 583/335/310
f 598/336/311 131/337/312 1440/222/199
f 462/322/297 125/298/273 1398/338/313
f 476/206/183 125/298/273 32/232/209
f 1460/326/301 1454/339/314 669/340/315
f 134/220/197 650/341/316 1501/221/198
f 500/329/304 129/196/173 1418/342/317
f 450/343/318 117/296/271 1513/344/319
f 1513/344/319 1464/333/308 685/345/320
s 3
f 1589/346/321 36/347/322 740/348/323
f 1540/349/324 55/350/325 156/351/326
f 139/352/322 765/353/327 38/354/322
f 754/355/328 164/356/329 1550/357/330
f 39/358/322 1554/359/331 744/360/332
f 739/361/333 156/351/326 51/362/334
f 750/363/335 152/364/336 49/365/337
f 764/366/338 159/367/339 1545/368/340
f 38/354/322 1529/369/341 760/370/342
f 1544/371/343 39/358/322 138/372/322
f 1550/357/330 57/373/344 769/374/345
f 1560/375/346 54/376/347 775/377/348
f 1555/378/349 60/379/350 745/380/351
f 769/374/345 158/381/352 1565/382/353
f 1565/382/353 58/383/354 779/384/355
f 1575/385/356 53/386/357 785/387/358
f 140/388/322 774/389/359 1554/359/331
f 779/384/355 165/390/360 1580/391/361
f 1580/391/361 1692/392/362 791/393/363
f 806/394/364 163/395/365 1575/385/356
f 141/396/322 784/397/366 1559/398/367
f 1590/399/368 51/362/334 154/400/369
f 824/401/370 154/400/369 52/402/371
f 830/403/372 160/404/373 48/405/374
f 36/347/322 1534/406/375 139/352/322
f 1605/407/376 52/402/371 162/408/377
f 835/409/378 162/408/377 56/410/379
f 1600/411/380 1689/412/381 160/404/373
f 41/413/322 1584/414/382 143/415/322
f 156/351/326 877/416/383 1619/417/384
f 45/418/385 1635/419/386 147/420/385
f 59/421/387 1629/422/388 164/356/329
f 886/423/389 148/424/390 1645/425/391
f 154/400/369 857/426/392 1669/427/393
f 50/428/394 1614/429/395 882/430/396
f 50/428/394 1624/431/397 159/367/339
f 153/432/398 866/433/399 1614/429/395
f 166/434/400 877/416/383 55/350/325
f 167/435/401 861/436/402 60/379/350
f 54/376/347 1634/437/403 167/435/401
f 57/373/344 1644/438/404 158/381/352
f 1630/439/405 43/440/406 886/423/389
f 155/441/407 891/442/408 54/376/347
f 53/386/357 1639/443/409 155/441/407
f 58/383/354 1659/444/410 165/390/360
f 1645/425/391 46/445/411 896/446/412
f 163/395/365 901/447/413 53/386/357
f 1696/448/414 1654/449/415 163/395/365
f 165/390/360 907/450/416 1692/392/362
f 856/451/417 146/452/385 42/453/385
f 49/365/337 1664/454/418 866/433/399
f 152/364/336 947/455/419 1664/454/418
f 162/408/377 943/456/420 1684/457/421
f 150/458/385 942/459/422 1670/460/423
f 48/405/374 1679/461/424 947/455/419
f 160/404/373 959/462/425 1679/461/424
f 56/410/379 1684/457/421 952/463/426
f 1535/464/427 49/365/337 153/432/398
f 1595/465/428 56/410/379 157/466/429
f 157/466/429 952/463/426 1674/467/430
f 42/453/385 1615/468/431 867/469/432
f 765/353/327 138/372/322 38/354/322
f 1545/368/340 59/421/387 754/355/328
f 159/367/339 872/470/433 59/421/387
f 146/452/385 881/471/434 1615/468/431
f 144/472/322 829/473/435 41/413/322
f 740/348/323 139/352/322 1539/474/436
f 51/362/334 1619/417/384 857/426/392
f 948/475/437 151/476/385 47/477/385
f 775/377/348 167/435/401 1555/378/349
f 789/478/438 161/479/439 1570/480/440
f 1693/481/441 1649/482/442 161/479/439
f 147/420/385 892/483/443 43/440/406
f 745/380/351 166/434/400 1530/484/444
f 764/366/338 153/432/398 50/428/394
f 1620/485/445 44/486/385 146/452/385
f 60/379/350 1609/487/446 166/434/400
f 1594/488/447 1599/489/448 144/472/322
f 834/490/449 144/472/322 1604/491/450
f 151/476/385 953/492/451 1685/493/452
f 1680/494/453 1675/495/454 151/476/385
f 40/496/455 1574/497/456 784/397/366
f 1549/498/457 37/499/322 140/388/322
f 164/356/329 887/500/458 57/373/344
f 46/445/411 1655/501/459 149/502/460
f 755/503/461 140/388/322 39/358/322
f 770/504/462 141/396/322 37/499/322
f 145/505/385 881/471/434 44/486/385
f 45/418/385 1625/506/463 145/505/385
f 1585/507/464 48/405/374 152/364/336
f 42/453/385 1670/460/423 856/451/417
s 4
f 1761/508/465 61/509/466 975/510/467
s 3
f 1665/511/468 47/477/385 150/458/385
f 142/512/469 807/513/470 1574/497/456
f 1579/514/471 1569/515/472 142/512/469
f 1660/516/473 1650/517/474 908/518/475
f 149/502/460 924/519/476 1650/517/474
f 1595/465/428 1690/520/477 839/521/478
f 825/522/479 143/415/322 1589/346/321
f 52/402/371 1669/427/393 943/456/420
f 157/466/429 957/523/480 1690/520/477
f 785/387/358 155/441/407 1560/375/346
f 1604/491/450 41/413/322 825/522/479
f 47/477/385 1685/493/452 942/459/422
f 148/424/390 902/524/481 46/445/411
f 37/499/322 1559/398/367 774/389/359
f 1530/484/444 55/350/325 759/525/482
f 871/526/483 147/420/385 1630/439/405
f 43/440/406 1640/527/484 148/424/390
f 1570/480/440 1697/528/485 805/529/486
f 1564/530/487 40/496/455 141/396/322
f 158/381/352 897/531/488 58/383/354
f 161/479/439 923/532/489 1697/528/485
f 1539/474/436 38/354/322 760/370/342
f 138/372/322 744/360/332 1529/369/341
f 862/533/490 145/505/385 1610/534/491
f 1610/534/491 44/486/385 876/535/492
f 143/415/322 749/536/493 36/347/322
f 780/537/494 142/512/469 40/496/455
f 896/446/412 149/502/460 1660/516/473
f 867/469/432 150/458/385 42/453/385
s 4
f 1712/538/495 80/539/496 186/540/497
f 169/541/466 1000/542/498 63/543/466
f 989/544/499 194/545/500 1722/546/501
f 64/547/466 1726/548/502 979/549/503
f 974/550/504 186/540/497 76/551/505
f 985/552/506 182/553/507 74/554/508
f 999/555/509 189/556/510 1717/557/511
f 63/543/466 1701/558/512 995/559/513
f 1716/560/514 64/547/466 168/561/466
f 1722/546/501 82/562/515 1004/563/516
f 1732/564/517 79/565/518 1010/566/519
f 1727/567/520 86/568/521 980/569/522
f 1004/563/516 188/570/523 1737/571/524
f 1737/571/524 83/572/525 1014/573/526
f 1747/574/527 78/575/528 1020/576/529
f 170/577/466 1009/578/530 1726/548/502
f 1014/573/526 195/579/531 1752/580/532
f 1752/580/532 1864/581/533 1026/582/534
f 1042/583/535 193/584/536 1747/574/527
f 171/585/537 1019/586/538 1731/587/539
f 1762/588/540 76/551/505 184/589/541
f 1047/590/542 184/589/541 77/591/543
f 1053/592/544 190/593/545 73/594/546
f 61/509/466 1706/595/547 169/541/466
f 1777/596/548 77/591/543 192/597/549
f 1058/598/550 192/597/549 81/599/551
f 1772/600/552 1861/601/553 190/593/545
f 66/602/466 1756/603/554 173/604/466
f 186/540/497 1101/605/555 1791/606/556
f 70/607/557 1807/608/558 177/609/559
f 84/610/560 1801/611/561 194/545/500
f 1110/612/562 178/613/563 1817/614/564
f 184/589/541 1081/615/565 1841/616/566
f 75/617/567 1786/618/568 1106/619/569
f 75/617/567 1796/620/570 189/556/510
f 183/621/571 1090/622/572 1786/618/568
f 196/623/573 1101/605/555 80/539/496
f 197/624/574 1085/625/575 86/568/521
f 79/565/518 1806/626/576 197/624/574
f 82/562/515 1816/627/577 188/570/523
f 1802/628/578 68/629/579 1110/612/562
f 185/630/580 1115/631/581 79/565/518
f 78/575/528 1811/632/582 185/630/580
f 83/572/525 1831/633/583 195/579/531
f 1817/614/564 71/634/584 1120/635/585
f 193/584/536 1125/636/586 78/575/528
f 85/637/587 1826/638/588 193/584/536
f 195/579/531 1131/639/589 1864/581/533
f 1080/640/590 176/641/559 67/642/559
f 74/554/508 1836/643/591 1090/622/572
f 182/553/507 1157/644/592 1836/643/591
f 192/597/549 1153/645/593 1856/646/594
f 180/647/557 1152/648/595 1842/649/596
f 73/594/546 1851/650/597 1157/644/592
f 190/593/545 1169/651/598 1851/650/597
f 81/599/551 1856/646/594 1162/652/599
f 1707/653/600 74/554/508 183/621/571
f 1767/654/601 81/599/551 187/655/602
f 187/655/602 1162/652/599 1846/656/603
f 67/642/559 1787/657/604 1091/658/605
f 1000/542/498 168/561/466 63/543/466
f 1717/557/511 84/610/560 989/544/499
f 189/556/510 1096/659/606 84/610/560
f 176/641/559 1105/660/607 1787/657/604
f 174/661/466 1052/662/608 66/602/466
f 975/510/467 169/541/466 1711/663/609
f 76/551/505 1791/606/556 1081/615/565
f 1158/664/610 181/665/559 72/666/559
f 1010/566/519 197/624/574 1727/567/520
f 1742/667/611 1865/668/612 191/669/613
f 191/669/613 1130/670/614 1821/671/615
f 177/609/559 1116/672/616 68/629/579
f 980/569/522 196/623/573 1702/673/617
f 999/555/509 183/621/571 75/617/567
f 1792/674/618 69/675/559 176/641/559
f 86/568/521 1781/676/619 196/623/573
f 1766/677/620 1771/678/621 174/661/466
f 1057/679/622 174/661/466 1776/680/623
f 181/665/559 1163/681/624 1857/682/625
f 1852/683/626 1847/684/627 181/665/559
f 65/685/628 1746/686/629 1019/586/538
f 1721/687/630 62/688/631 170/577/466
f 194/545/500 1111/689/632 82/562/515
f 71/634/584 1827/690/633 179/691/634
f 990/692/635 170/577/466 64/547/466
f 1005/693/636 171/585/537 62/688/631
f 175/694/557 1105/660/607 69/675/559
f 70/607/557 1797/695/637 175/694/557
f 1757/696/638 73/594/546 182/553/507
f 67/642/559 1842/649/596 1080/640/590
f 1837/697/639 72/666/559 180/647/557
f 172/698/640 1043/699/641 1746/686/629
f 1751/700/642 1741/701/643 172/698/640
f 1832/702/644 1822/703/645 1132/704/646
f 179/691/634 1147/705/647 1822/703/645
f 1767/654/601 1862/706/648 1062/707/649
f 1048/708/650 173/604/466 1761/508/465
f 77/591/543 1841/616/566 1153/645/593
f 187/655/602 1167/709/651 1862/706/648
f 1020/576/529 185/630/580 1732/564/517
f 1776/680/623 66/602/466 1048/708/650
f 72/666/559 1857/682/625 1152/648/595
f 178/613/563 1126/710/652 71/634/584
f 62/688/631 1731/587/539 1009/578/530
f 1702/673/617 80/539/496 994/711/653
f 1095/712/654 177/609/559 1802/628/578
f 68/629/579 1812/713/655 178/613/563
f 1742/667/611 85/637/587 1042/583/535
f 1736/714/656 65/685/628 171/585/537
f 188/570/523 1121/715/657 83/572/525
f 191/669/613 1148/716/658 85/637/587
f 1711/663/609 63/543/466 995/559/513
f 168/561/466 979/549/503 1701/558/512
f 1086/717/659 175/694/557 1782/718/660
f 1782/718/660 69/675/559 1100/719/661
f 173/604/466 984/720/662 61/509/466
f 1015/721/663 172/698/640 65/685/628
f 1120/635/585 179/691/634 1832/702/644
f 1091/658/605 180/647/557 67/642/559
s 1
f 248/722/664 253/723/665 261/724/666
f 251/725/667 254/726/668 253/723/665
f 261/724/666 253/723/665 264/727/669
f 253/723/665 255/728/670 264/727/669
f 256/729/671 258/730/672 249/731/673
f 257/732/674 259/733/675 256/729/671
f 259/733/675 252/734/676 258/730/672
f 260/735/677 254/726/668 259/733/675
f 250/48/43 263/736/678 262/737/679
f 261/738/680 264/727/681 263/739/678
f 262/740/679 260/735/682 257/732/683
f 263/739/678 255/728/684 260/735/682
f 285/178/157 290/741/685 289/742/686
f 288/743/687 291/744/688 290/741/685
f 289/742/686 302/745/689 299/746/690
f 290/741/685 292/747/691 302/745/689
f 286/748/692 296/749/693 295/750/694
f 293/751/695 297/752/696 296/753/693
f 295/754/694 296/753/693 291/744/697
f 296/753/693 292/747/698 291/744/697
f 298/755/699 300/756/700 287/757/701
f 299/746/690 301/758/702 298/755/699
f 301/758/702 294/759/703 300/756/700
f 302/745/689 297/752/704 301/758/702
f 353/760/121 358/761/705 357/762/706
f 356/763/707 359/764/708 358/761/705
f 357/762/706 369/765/709 366/766/710
f 358/761/705 360/767/711 369/765/709
f 354/105/96 363/768/712 356/769/713
f 361/770/714 364/771/715 363/768/712
f 356/769/713 363/768/712 359/764/716
f 363/768/712 360/767/717 359/764/716
f 365/772/718 367/773/719 355/175/154
f 366/766/710 368/774/720 365/772/718
f 368/774/720 362/775/721 367/773/719
f 369/765/722 364/771/715 368/774/720
f 390/180/159 395/776/723 403/777/724
f 393/778/725 396/779/726 395/780/723
f 403/781/724 395/780/723 406/782/727
f 395/780/723 397/783/728 406/782/729
f 398/784/730 400/785/731 391/786/732
f 399/787/733 401/788/734 398/784/730
f 401/788/734 394/789/735 400/785/731
f 402/790/736 396/779/737 401/788/734
f 392/117/105 405/791/738 404/792/739
f 403/793/740 406/782/741 405/791/738
f 404/792/739 402/790/736 399/787/733
f 405/791/738 397/783/742 402/790/736
s 2
f 410/794/743 412/795/744 407/165/144
f 410/794/743 411/796/745 413/797/746
f 412/795/744 413/797/746 420/798/747
f 414/799/748 416/800/749 408/801/750
f 415/802/751 417/803/752 414/799/753
f 417/803/752 411/796/745 416/800/749
f 417/803/752 420/804/747 413/805/746
f 418/806/754 420/807/747 419/808/755
f 419/808/755 415/802/751 418/809/754
f 421/219/196 424/810/756 425/811/757
s 5
f 424/810/758 428/812/759 425/813/760
s 6
f 425/813/761 1876/814/761 427/815/761
s 5
f 425/816/760 426/817/762 1876/818/763
s 2
f 422/265/241 429/819/764 428/820/765
s 7
f 429/821/766 427/822/766 1876/818/767
s 5
f 428/820/759 429/819/768 425/816/760
s 2
f 432/823/769 435/824/770 436/825/771
s 8
f 435/826/772 1870/827/772 1879/828/772
s 2
f 434/235/212 439/829/773 440/830/774
s 9
f 439/829/775 435/831/776 440/832/777
s 10
f 1879/828/778 438/833/779 440/832/780
s 11
f 441/318/781 444/834/782 445/835/783
f 445/836/783 446/837/784 1877/838/785
s 12
f 442/839/786 447/840/786 444/841/787
s 13
f 447/842/788 1877/843/789 446/837/790
s 11
f 444/841/782 447/840/791 445/844/783
s 14
f 450/343/792 453/845/793 454/846/794
s 15
f 454/847/795 455/848/796 459/849/797
s 16
f 451/285/798 456/850/798 453/851/798
s 17
f 456/852/799 457/853/800 459/854/801
s 14
f 453/851/793 456/850/802 454/847/794
f 456/850/802 455/848/803 454/847/794
s 18
f 458/855/804 460/856/805 452/195/806
s 2
f 464/857/807 465/858/808 461/859/809
f 464/857/807 467/860/810 466/861/811
f 465/858/808 466/862/811 472/863/812
f 468/864/813 470/865/814 469/866/815
f 469/867/815 470/865/814 467/868/810
f 471/869/816 473/870/817 463/264/240
f 472/863/812 474/871/818 471/869/816
f 474/871/818 468/864/813 473/870/819
f 474/871/818 466/862/811 467/872/810
f 475/272/248 478/873/820 479/874/821
s 19
f 478/875/822 1878/876/823 480/877/824
s 2
f 477/270/246 483/878/825 484/879/826
s 19
f 483/878/827 478/880/822 484/881/828
s 20
f 484/881/829 1878/876/830 482/882/830
s 19
f 484/881/828 480/883/824 1878/876/823
s 2
f 488/884/831 489/885/832 485/886/833
f 488/884/831 491/887/834 490/888/835
f 489/885/832 490/889/835 496/890/836
f 493/891/837 494/892/838 492/893/839
s 21
f 492/894/840 494/892/841 491/895/841
s 2
f 495/896/842 497/897/843 487/284/259
f 496/890/836 498/898/844 495/896/842
f 498/898/844 493/891/837 497/897/843
f 498/898/844 490/889/835 491/899/834
f 499/198/175 503/900/845 502/901/846
s 22
f 503/902/847 1868/903/848 1869/904/849
s 2
f 502/901/846 503/905/845 507/906/850
f 501/293/268 506/907/851 503/908/852
s 23
f 506/907/853 507/906/853 503/909/853
s 24
f 1869/910/854 504/911/855 503/909/856
s 2
f 511/912/857 513/913/858 508/280/255
f 512/914/859 514/915/860 511/912/857
f 514/915/860 522/916/861 513/913/858
f 514/915/860 515/917/862 525/918/863
f 509/919/225 519/920/864 518/921/865
f 516/922/866 520/923/867 519/920/864
f 518/921/865 515/917/868 512/914/859
s 25
f 519/920/869 525/924/870 515/917/871
s 2
f 521/925/872 523/926/873 510/300/275
f 522/916/861 524/927/874 521/925/872
f 524/927/874 517/928/875 523/926/873
f 524/927/874 525/924/876 520/923/877
f 526/243/220 532/929/878 531/930/879
f 530/931/880 532/932/878 529/933/881
f 532/929/878 540/934/882 531/930/879
f 532/929/878 533/935/883 543/936/884
f 527/290/265 537/937/885 536/938/886
f 534/939/887 538/940/888 537/941/885
f 536/938/886 533/942/889 530/931/890
s 26
f 537/937/891 543/943/892 533/942/893
s 2
f 539/944/894 541/945/895 528/260/236
f 540/934/882 542/946/896 539/944/894
f 542/946/896 535/947/897 541/945/895
f 542/946/896 543/948/898 538/940/899
f 547/949/900 549/950/901 544/275/250
f 548/951/902 550/952/903 547/949/900
f 550/952/903 559/953/904 549/950/901
f 550/952/903 552/954/905 562/955/906
f 553/956/907 555/957/908 545/254/230
f 554/958/909 556/959/910 553/956/907
f 556/959/910 548/951/902 555/957/908
f 556/959/910 552/954/905 551/960/911
f 546/302/277 561/961/912 560/962/913
f 558/963/914 562/955/906 561/961/912
f 560/962/913 557/964/915 554/958/909
f 561/961/912 552/954/905 557/964/915
f 566/965/916 568/966/917 563/231/208
f 567/967/918 569/968/919 566/965/916
f 569/968/919 577/969/920 568/966/917
f 569/968/919 570/970/921 580/971/922
f 564/301/276 574/972/923 573/973/924
f 571/974/925 575/975/926 574/972/923
f 573/976/924 570/970/927 567/967/928
s 27
f 574/972/929 580/977/930 570/978/931
s 2
f 565/269/245 579/979/932 578/980/933
f 576/981/934 580/971/935 579/979/932
f 579/979/932 572/982/936 578/980/933
f 579/979/932 580/983/935 575/984/937
f 581/281/256 587/985/938 586/986/939
f 584/987/940 585/988/941 587/985/938
f 586/986/939 596/989/942 593/990/943
s 28
f 587/991/944 588/992/945 596/989/944
s 2
f 582/309/284 587/993/946 591/994/947
f 589/995/948 596/996/949 587/993/946
f 591/994/947 587/991/946 585/988/950
f 592/997/951 594/998/952 583/999/310
f 593/990/943 595/1000/953 592/997/951
f 595/1000/954 590/1001/955 594/998/952
f 600/1002/956 602/1003/957 597/321/296
f 601/1004/958 603/1005/959 600/1002/956
f 603/1005/959 611/1006/960 602/1003/957
f 603/1005/959 604/1007/961 614/1008/962
f 605/1009/963 607/1010/964 598/1011/311
f 606/1012/965 608/1013/966 605/1009/963
f 608/1013/966 601/1004/958 607/1010/964
f 608/1013/966 609/1014/967 604/1015/961
f 610/1016/968 612/1017/969 599/1018/970
f 611/1006/960 613/1019/971 610/1016/968
f 613/1019/971 606/1012/965 612/1017/969
f 614/1008/962 609/1014/967 613/1019/971
f 615/320/295 621/1020/972 620/1021/973
f 618/1022/974 622/1023/975 621/1020/972
s 29
f 620/1021/976 621/1024/976 629/1025/976
s 2
f 621/1020/972 622/1023/975 623/1026/977
f 624/1027/978 626/1028/979 616/1029/201
f 625/1030/980 627/1031/981 624/1027/978
f 627/1031/982 619/1032/983 626/1028/979
f 617/310/285 631/1033/984 630/1034/985
f 629/1025/986 631/1033/987 628/1035/988
f 630/1034/985 622/1036/989 625/1030/980
f 631/1033/987 623/1026/990 622/1036/989
f 635/1037/991 637/1038/992 632/1039/993
f 636/1040/994 638/1041/995 635/1037/991
f 638/1041/995 646/1042/996 637/1038/992
f 638/1041/995 639/1043/997 649/1044/998
f 640/1045/999 642/1046/1000 633/314/289
f 641/1047/1001 643/1048/1002 640/1045/999
f 643/1048/1002 636/1040/994 642/1046/1000
f 643/1048/1002 644/1049/1003 639/1050/997
f 645/1051/1004 647/1052/1005 634/1053/298
f 646/1042/996 648/1054/1006 645/1051/1004
f 648/1054/1006 641/1047/1001 647/1052/1005
f 649/1044/998 644/1049/1003 648/1054/1006
f 650/341/316 656/1055/1007 655/1056/1008
f 653/1057/1009 662/1058/1010 656/1055/1011
s 30
f 655/1056/1012 656/1059/1013 664/1060/1013
s 31
f 656/1055/1014 662/1058/1014 657/1061/1014
s 2
f 658/1062/1015 660/1063/1016 651/1064/302
f 659/1065/1017 661/1066/1018 658/1062/1015
f 661/1066/1019 654/1067/1020 660/1063/1016
f 652/312/287 666/1068/1021 665/1069/1022
s 32
f 664/1060/1023 666/1068/1024 663/1070/1025
s 2
f 665/1069/1022 662/1071/1026 659/1065/1017
s 32
f 666/1068/1024 657/1061/1027 662/1071/1028
s 2
f 667/212/189 672/1072/1029 671/1073/1030
f 670/1074/1031 673/1075/1032 672/1072/1029
f 671/1073/1030 684/1076/1033 681/1077/1034
f 672/1072/1029 674/1078/1035 684/1076/1033
f 668/315/290 678/1079/1036 677/1080/1037
f 675/1081/1038 679/1082/1039 678/1079/1036
f 677/1080/1040 673/1075/1041 670/1074/1042
f 678/1079/1036 674/1078/1035 673/1075/1041
f 680/1083/1043 682/1084/1044 669/1085/315
f 681/1077/1034 683/1086/1045 680/1083/1043
f 683/1086/1045 676/1087/1046 682/1084/1044
f 684/1076/1033 679/1082/1039 683/1086/1045
f 685/345/320 691/1088/1047 690/1089/1048
f 688/1090/1049 692/1091/1050 691/1088/1047
f 690/1089/1048 703/1092/1051 700/1093/1052
f 691/1088/1047 693/1094/1053 703/1092/1051
f 694/1095/1054 696/1096/1055 686/1097/192
f 695/1098/1056 697/1099/1057 694/1095/1054
f 697/1099/1057 689/1100/1058 696/1096/1055
f 698/1101/1059 692/1091/1060 697/1099/1057
f 687/1102/1061 702/1103/1062 701/1104/1063
f 700/1093/1064 702/1103/1062 699/1105/1065
f 701/1104/1063 698/1101/1059 695/1098/1056
f 702/1103/1062 693/1094/1066 698/1101/1059
f 707/1106/1067 709/1107/1068 704/332/307
f 708/1108/1069 710/1109/1070 707/1106/1067
f 710/1109/1070 718/1110/1071 709/1107/1068
f 710/1109/1070 711/1111/1072 721/1112/1073
f 712/1113/1074 714/1114/1075 705/303/278
f 713/1115/1076 715/1116/1077 712/1113/1074
f 715/1116/1077 708/1108/1069 714/1114/1075
f 716/1117/1078 711/1111/1072 715/1116/1077
f 717/1118/1079 719/1119/1080 706/1120/180
f 718/1110/1071 720/1121/1081 717/1118/1079
f 720/1121/1081 713/1115/1076 719/1119/1080
f 720/1121/1081 721/1122/1073 716/1117/1078
f 722/1123/1082 728/1124/1083 727/1125/1084
f 726/1126/1085 728/1124/1083 725/1127/1086
f 727/1125/1084 738/1128/1087 735/1129/1088
f 728/1124/1083 730/1130/1089 738/1128/1087
s 33
f 723/305/1090 730/1131/1091 733/1132/1092
f 733/1132/1092 729/1133/1093 726/1126/1094
s 2
f 734/1134/1095 736/1135/1096 724/1136/306
f 735/1129/1088 737/1137/1097 734/1134/1095
f 737/1137/1097 732/1138/1098 736/1135/1096
f 738/1128/1099 731/1139/1100 737/1137/1097
s 3
f 789/478/438 795/1140/1101 794/1141/1102
f 792/1142/1103 796/1143/1104 795/1140/1101
f 794/1141/1105 791/1144/1106 802/1145/1107
f 795/1140/1101 797/1146/1108 791/1144/1106
f 798/1147/1109 800/1148/1110 790/1149/1111
f 799/1150/1112 801/1151/1113 798/1147/1109
f 801/1151/1113 793/1152/1114 800/1148/1110
f 803/1153/1115 796/1143/1116 801/1151/1113
f 791/393/363 804/1154/1117 803/1155/1118
s 34
f 802/1156/1119 791/1157/1119 804/1154/1119
s 3
f 804/1158/1120 797/1146/1108 803/1153/1115
f 808/1159/1121 810/1160/1122 805/529/486
f 809/1161/1123 811/1162/1124 808/1159/1121
f 811/1162/1124 820/1163/1125 810/1160/1122
f 812/1164/1126 823/1165/1127 811/1162/1124
f 806/1166/364 817/1167/1128 816/1168/1129
f 814/1169/1130 818/1170/1131 817/1167/1128
f 816/1168/1129 812/1164/1126 809/1161/1123
f 817/1167/1128 813/1171/1132 812/1164/1126
f 807/513/470 822/1172/1133 821/1173/1134
f 819/1174/1135 823/1165/1127 822/1172/1133
f 821/1173/1134 818/1170/1131 815/1175/1136
f 822/1172/1133 813/1171/1132 818/1170/1131
f 839/1176/478 844/1177/1137 843/1178/1138
f 842/1179/1139 845/1180/1140 844/1177/1137
f 843/1178/1138 855/1181/1141 852/1182/1142
f 844/1177/1137 846/1183/1143 855/1181/1141
f 840/1184/1144 849/1185/1145 842/1186/1146
f 847/1187/1147 850/1188/1148 849/1185/1145
f 842/1186/1146 849/1185/1145 845/1189/1149
f 849/1185/1145 846/1190/1150 845/1189/1151
f 851/1191/1152 853/1192/1153 841/1193/1154
f 852/1182/1142 854/1194/1155 851/1191/1152
f 854/1194/1155 848/1195/1156 853/1192/1153
f 855/1181/1141 850/1196/1157 854/1194/1155
f 906/1197/1158 910/1198/1159 909/1199/1160
f 915/1200/1161 911/1201/1162 910/1198/1159
f 909/1199/1160 922/1202/1163 919/1203/1164
s 35
f 910/1198/1165 912/1204/1166 922/1202/1167
s 3
f 907/450/416 916/1205/1168 915/1206/1169
f 913/1207/1170 917/1208/1171 916/1209/1168
f 915/1210/1169 916/1209/1168 911/1201/1172
f 916/1209/1168 912/1204/1173 911/1201/1172
f 918/1211/1174 920/1212/1175 908/1213/475
f 919/1203/1176 921/1214/1177 918/1211/1174
f 921/1214/1177 914/1215/1178 920/1212/1175
f 922/1202/1179 917/1208/1171 921/1214/1177
f 923/532/489 929/1216/1180 928/1217/1181
f 926/1218/1182 930/1219/1183 929/1216/1180
f 928/1217/1181 941/1220/1184 938/1221/1185
f 929/1216/1180 931/1222/1186 941/1220/1184
f 924/1223/476 935/1224/1187 934/1225/1188
f 932/1226/1189 936/1227/1190 935/1228/1187
f 934/1225/1188 930/1219/1183 927/1229/1191
f 935/1224/1187 931/1222/1186 930/1219/1183
f 937/1230/1192 939/1231/1193 925/1232/1194
f 938/1221/1185 940/1233/1195 937/1234/1192
f 940/1235/1195 933/1236/1196 939/1231/1193
f 941/1220/1184 936/1237/1190 940/1233/1195
f 957/523/480 962/1238/1197 970/1239/1198
f 960/1240/1199 963/1241/1200 962/1238/1197
f 970/1239/1198 962/1238/1197 973/1242/1201
f 962/1238/1197 964/1243/1202 973/1242/1203
f 965/1244/1204 967/1245/1205 958/1246/1206
f 966/1247/1207 968/1248/1208 965/1244/1204
f 968/1248/1208 961/1249/1209 967/1245/1205
f 969/1250/1210 963/1241/1211 968/1248/1208
f 959/462/425 972/1251/1212 971/1252/1213
f 970/1253/1214 973/1242/1215 972/1251/1212
f 971/1252/1213 969/1250/1210 966/1247/1207
f 972/1251/1212 964/1243/1216 969/1250/1210
s 4
f 1024/1254/1217 1030/1255/1218 1029/1256/1219
f 1027/1257/1220 1031/1258/1221 1030/1255/1218
f 1029/1256/1219 1030/1255/1218 1041/1259/1222
f 1030/1255/1218 1032/1260/1223 1041/1259/1222
f 1033/1261/1224 1035/1262/1225 1025/1263/1226
f 1034/1264/1227 1036/1265/1228 1033/1261/1224
f 1036/1265/1228 1028/1266/1229 1035/1262/1225
f 1037/1267/1230 1031/1258/1221 1036/1265/1228
f 1026/1268/534 1040/1269/1231 1039/1270/1232
f 1038/1271/1233 1041/1259/1234 1040/1269/1231
f 1039/1270/1232 1037/1267/1235 1034/1264/1236
f 1040/1269/1231 1032/1260/1237 1037/1267/1235
f 1062/1272/649 1067/1273/1238 1066/1274/1239
f 1065/1275/1240 1068/1276/1241 1067/1273/1238
f 1066/1274/1239 1079/1277/1242 1076/1278/1243
f 1067/1273/1238 1069/1279/1244 1079/1277/1242
f 1063/1280/1245 1073/1281/1246 1072/1282/1247
f 1070/1283/1248 1074/1284/1249 1073/1285/1246
f 1072/1286/1250 1068/1276/1251 1065/1275/1252
f 1073/1285/1246 1069/1279/1253 1068/1276/1251
f 1075/1287/1254 1077/1288/1255 1064/1289/1256
f 1076/1278/1243 1078/1290/1257 1075/1287/1254
f 1078/1290/1257 1071/1291/1258 1077/1288/1255
f 1079/1277/1242 1074/1284/1259 1078/1290/1257
f 1130/670/614 1135/1292/1260 1134/1293/1261
f 1133/1294/1262 1136/1295/1263 1135/1292/1260
f 1134/1293/1261 1146/1296/1264 1143/1297/1265
f 1135/1292/1260 1137/1298/1266 1146/1296/1264
f 1131/639/589 1140/1299/1267 1133/1300/1268
f 1138/1301/1269 1141/1302/1270 1140/1299/1267
f 1133/1300/1268 1140/1299/1267 1136/1295/1271
f 1140/1299/1267 1137/1298/1272 1136/1295/1273
f 1142/1303/1274 1144/1304/1275 1132/704/646
f 1143/1297/1265 1145/1305/1276 1142/1303/1274
f 1145/1305/1276 1139/1306/1277 1144/1304/1275
f 1146/1296/1278 1141/1302/1270 1145/1305/1276
f 1167/709/651 1172/1307/1279 1180/1308/1280
f 1170/1309/1281 1173/1310/1282 1172/1307/1279
f 1180/1308/1280 1172/1307/1279 1183/1311/1283
f 1172/1307/1279 1174/1312/1284 1183/1311/1285
f 1175/1313/1286 1177/1314/1287 1168/1315/1288
f 1176/1316/1289 1178/1317/1290 1175/1313/1286
f 1178/1317/1290 1171/1318/1291 1177/1314/1287
f 1179/1319/1292 1173/1310/1293 1178/1317/1290
f 1169/651/598 1182/1320/1294 1181/1321/1295
f 1180/1322/1296 1183/1311/1297 1182/1320/1294
f 1181/1321/1295 1179/1319/1292 1176/1316/1289
f 1182/1320/1294 1174/1312/1298 1179/1319/1292
s 2
f 1420/1323/1299 1422/1324/1300 1417/291/266
f 1421/1325/1301 1423/1326/1302 1420/1323/1299
f 1422/1324/1300 1433/1327/1303 1430/1328/1304
f 1424/1329/1305 1433/1327/1303 1423/1326/1302
f 1418/342/317 1425/1330/1306 1427/1331/1307
f 1425/1332/1306 1426/1333/1308 1428/1334/1309
f 1427/1331/1307 1424/1329/1310 1421/1325/1301
f 1425/1330/1306 1428/1335/1309 1424/1329/1310
f 1429/1336/1311 1431/1337/1312 1419/287/262
f 1430/1328/1304 1432/1338/1313 1429/1336/1311
f 1432/1338/1313 1426/1333/1308 1431/1337/1312
f 1432/1338/1313 1433/1327/1303 1428/1334/1314
f 1477/1339/1315 1479/1340/1316 1474/1341/1317
f 1478/1342/1318 1480/1343/1319 1477/1339/1315
f 1480/1343/1319 1488/1344/1320 1479/1340/1316
f 1480/1343/1319 1481/1345/1321 1491/1346/1322
f 1482/1347/1323 1484/1348/1324 1475/307/282
f 1483/1349/1325 1485/1350/1326 1482/1347/1323
f 1484/1348/1324 1481/1351/1321 1478/1342/1318
f 1485/1350/1326 1486/1352/1327 1481/1351/1321
f 1487/1353/1328 1489/1354/1329 1476/1355/191
f 1487/1353/1328 1491/1346/1330 1490/1356/1331
f 1489/1354/1329 1486/1352/1327 1483/1349/1325
f 1491/1346/1322 1486/1352/1327 1490/1356/1331
s 1
f 219/25/22 1186/1357/1332 222/1358/1333
f 222/1358/1333 1187/1359/1334 221/1360/1335
f 221/1360/1336 1188/1361/1337 220/1362/1338
f 1188/1363/1337 218/182/161 220/1364/1338
f 1184/24/21 205/1365/1339 1186/1357/1332
f 1186/1357/1332 206/1366/1340 1187/1359/1334
f 1187/1359/1341 207/1367/1342 1188/1361/1337
f 207/1368/1342 1185/141/124 1188/1363/1337
f 1189/61/56 227/1369/1343 224/8/7
f 1191/1370/1344 226/1371/1345 227/1369/1343
f 1192/1372/1346 225/1373/1347 226/1371/1348
f 225/1374/1347 1190/119/107 223/21/18
f 208/193/170 1191/1370/1344 1189/61/56
f 210/1375/1349 1192/1372/1350 1191/1370/1344
f 211/1376/1351 1193/1377/1352 1192/1372/1346
f 1193/1378/1352 209/18/15 1190/119/107
f 1194/131/116 202/1379/1353 199/3/3
f 1196/1380/1354 201/1381/1355 202/1379/1353
f 1197/1382/1356 200/1383/1357 201/1381/1358
f 200/1384/1357 1195/4/4 198/16/13
f 219/25/22 1196/1380/1354 1194/131/116
f 222/1358/1333 1197/1382/1359 1196/1380/1354
f 221/1360/1336 1198/1385/1360 1197/1382/1356
f 1198/1386/1360 218/182/161 1195/4/4
f 214/160/140 1201/1387/1361 217/1388/1362
f 217/1388/1362 1202/1389/1363 216/1390/1364
f 216/1390/1365 1203/1391/1366 215/1392/1367
f 1203/1393/1366 213/10/8 215/1394/1367
f 1199/26/23 227/1369/1343 1201/1387/1361
f 1201/1387/1361 226/1371/1345 1202/1389/1363
f 1202/1389/1368 225/1373/1347 1203/1391/1366
f 225/1374/1347 1200/23/20 1203/1393/1366
f 229/161/141 1206/1395/1369 232/1396/1370
f 232/1396/1370 1207/1397/1371 231/1398/1372
f 231/1398/1373 1208/1399/1374 230/1400/1375
f 1208/1401/1374 228/29/25 230/1402/1375
f 1204/155/136 217/1388/1362 1206/1395/1369
f 1206/1395/1369 216/1390/1364 1207/1397/1371
f 1207/1397/1376 215/1392/1367 1208/1399/1374
f 215/1394/1367 1205/12/10 1208/1401/1374
f 203/15/12 1211/1403/1377 205/1365/1339
f 205/1365/1339 1212/1404/1378 206/1366/1340
f 206/1366/1379 1213/1405/1380 207/1367/1342
f 1213/1406/1380 204/35/31 207/1368/1342
f 1209/14/11 235/1407/1381 1211/1403/1377
f 1211/1403/1377 236/1408/1382 1212/1404/1378
f 1212/1404/1383 237/1409/1384 1213/1405/1380
f 237/1410/1384 1210/33/29 1213/1406/1380
f 233/44/39 1216/1411/1385 235/1407/1381
f 235/1407/1381 1217/1412/1386 236/1408/1382
f 236/1408/1387 1218/1413/1388 237/1409/1384
f 1218/1414/1388 234/32/28 237/1410/1384
f 1214/53/48 245/1415/1389 1216/1411/1385
f 1216/1411/1385 246/1416/1390 1217/1412/1386
f 1217/1412/1391 247/1417/1392 1218/1413/1388
f 247/1418/1392 1215/30/26 1218/1414/1388
f 239/194/171 1221/1419/1393 242/1420/1394
f 242/1420/1394 1222/1421/1395 241/1422/1396
f 241/1422/1397 1223/1423/1398 240/1424/1399
f 1223/1425/1398 238/39/35 240/1426/1399
f 1219/186/164 232/1396/1370 1221/1419/1393
f 1221/1419/1393 231/1398/1372 1222/1421/1395
f 1222/1421/1400 230/1400/1375 1223/1423/1398
f 230/1402/1375 1220/37/33 1223/1425/1398
f 1224/172/151 269/1427/1401 266/170/149
f 1226/1428/1402 268/1429/1403 269/1427/1401
f 1227/1430/1404 267/1431/1405 268/1429/1403
f 1228/1432/1406 265/49/44 267/1433/1405
f 249/731/673 1226/1428/1402 1224/172/151
f 258/730/672 1227/1430/1404 1226/1428/1402
f 252/734/676 1228/1434/1406 1227/1430/1404
f 251/725/667 1225/135/118 1228/1434/1406
f 243/52/47 1231/1435/1407 245/1415/1389
f 245/1415/1389 1232/1436/1408 246/1416/1390
f 246/1416/1409 1233/1437/1410 247/1417/1392
f 247/1418/1392 1230/40/36 244/42/38
f 1229/154/135 269/1427/1401 1231/1435/1407
f 1231/1435/1411 268/1429/1403 1232/1436/1408
f 1232/1436/1412 267/1431/1405 1233/1437/1410
f 267/1433/1405 1230/40/36 1233/1438/1410
f 249/731/673 1236/1439/1413 256/729/671
f 256/729/671 1237/1440/1414 257/732/674
f 257/732/683 1238/1441/1415 262/740/679
f 262/737/679 1235/46/41 250/48/43
f 1234/171/150 242/1420/1394 1236/1439/1413
f 1236/1439/1413 241/1422/1396 1237/1440/1414
f 1237/1440/1416 240/1424/1399 1238/1441/1415
f 1238/1442/1415 238/39/35 1235/46/41
f 1239/69/63 210/1375/1349 208/193/170
f 1241/1443/1417 211/1376/1418 210/1375/1349
f 1242/1444/1419 212/1445/1420 211/1376/1351
f 212/1446/1420 1240/164/143 209/18/15
f 275/130/115 1241/1443/1417 1239/69/63
f 277/1447/1421 1242/1444/1422 1241/1443/1417
f 278/1448/1423 1243/1449/1424 1242/1444/1419
f 1243/1450/1424 276/58/53 1240/164/143
f 1244/1/1 274/1451/1425 271/179/158
f 1246/1452/1426 273/1453/1427 274/1451/1425
f 1247/1454/1428 272/1455/1429 273/1453/1430
f 272/1455/1429 1245/1456/49 270/1457/51
f 199/3/3 1246/1452/1426 1244/1/1
f 202/1379/1353 1247/1454/1431 1246/1452/1426
f 201/1381/1358 1248/1458/1432 1247/1454/1428
f 1248/1458/1432 198/1459/13 1245/1456/49
f 287/757/701 1251/1460/1433 298/755/699
f 298/755/699 1252/1461/1434 299/746/690
f 299/746/690 1253/1462/1435 289/742/686
f 289/742/686 1250/120/108 285/178/157
f 1249/145/127 282/1463/1436 1251/1460/1433
f 1251/1460/1433 283/1464/1437 1252/1461/1434
f 1252/1461/1434 284/1465/1438 1253/1462/1435
f 1253/1462/1435 281/1466/59 1250/120/108
f 1254/146/128 277/1447/1421 275/130/115
f 1256/1467/1439 278/1448/1440 277/1447/1421
f 1257/1468/1441 279/1469/1442 278/1448/1423
f 1258/1470/1443 276/58/53 279/1471/1442
f 287/757/701 1256/1467/1439 1254/146/128
f 300/756/700 1257/1468/1444 1256/1467/1439
f 294/759/1445 1258/1472/1443 1257/1468/1441
f 293/1473/695 1255/66/61 1258/1470/1443
f 1259/148/130 282/1463/1436 280/147/129
f 1261/1474/1446 283/1464/1437 282/1463/1436
f 1262/1475/1447 284/1465/1438 283/1464/1437
f 284/1465/1438 1260/1476/57 281/1466/59
f 271/179/158 1261/1474/1446 1259/148/130
f 274/1451/1425 1262/1475/1448 1261/1474/1446
f 273/1453/1430 1263/1477/1449 1262/1475/1447
f 272/1455/1429 1260/1476/57 1263/1477/1449
f 1264/144/126 327/1478/1450 324/71/64
f 1266/1479/1451 326/1480/1452 327/1478/1450
f 1267/1481/1453 325/1482/1454 326/1480/1452
f 1268/1483/1455 323/192/169 325/1482/1454
f 308/91/83 1266/1479/1451 1264/144/126
f 310/1484/1456 1267/1481/1453 1266/1479/1451
f 311/1485/1457 1268/1483/1455 1267/1481/1453
f 312/1486/1458 1265/191/168 1268/1483/1455
f 329/85/77 1271/1487/1459 332/1488/1460
f 332/1488/1460 1272/1489/1461 331/1490/1462
f 331/1490/1462 1273/1491/1463 330/1492/1464
f 330/1492/1464 1270/125/111 328/128/114
f 1269/84/76 315/1493/1465 1271/1487/1459
f 1271/1487/1459 316/1494/1466 1272/1489/1461
f 1272/1489/1461 317/1495/1467 1273/1491/1463
f 1273/1491/1463 314/126/112 1270/125/111
f 304/81/73 1276/1496/1468 307/1497/1469
f 307/1497/1469 1277/1498/1470 306/1499/1471
f 306/1499/1471 1278/1500/1472 305/1501/1473
f 305/1501/1473 1275/142/125 303/106/97
f 1274/72/65 327/1478/1450 1276/1496/1468
f 1276/1496/1468 326/1480/1452 1277/1498/1470
f 1277/1498/1470 325/1482/1454 1278/1500/1472
f 1278/1500/1472 323/192/169 1275/142/125
f 1279/86/78 322/1502/1474 319/127/113
f 1281/1503/1475 321/1504/1476 322/1502/1474
f 1282/1505/1477 320/1506/1478 321/1504/1476
f 1283/1507/1479 318/183/162 320/1506/1478
f 329/85/77 1281/1503/1475 1279/86/78
f 332/1488/1460 1282/1505/1477 1281/1503/1475
f 331/1490/1462 1283/1507/1479 1282/1505/1477
f 330/1492/1464 1280/163/142 1283/1507/1479
f 1284/77/69 337/1508/1480 334/157/137
f 1286/1509/1481 336/1510/1482 337/1508/1480
f 1287/1511/1483 335/1512/1484 336/1510/1482
f 1288/1513/1485 333/78/70 335/1512/1484
f 319/127/113 1286/1509/1481 1284/77/69
f 322/1502/1474 1287/1511/1483 1286/1509/1481
f 321/1504/1476 1288/1513/1485 1287/1511/1483
f 320/1506/1478 1285/94/86 1288/1513/1485
f 1289/92/84 310/1484/1456 308/91/83
f 1291/1514/1486 311/1485/1457 310/1484/1456
f 1292/1515/1487 312/1486/1458 311/1485/1457
f 1293/1516/1488 309/190/167 312/1486/1458
f 338/97/88 1291/1514/1486 1289/92/84
f 340/1517/1489 1292/1515/1487 1291/1514/1486
f 341/1518/1490 1293/1516/1488 1292/1515/1487
f 342/1519/1491 1290/74/67 1293/1516/1488
f 1294/98/89 340/1517/1489 338/97/88
f 1296/1520/1492 341/1518/1490 340/1517/1489
f 1297/1521/1493 342/1519/1491 341/1518/1490
f 1298/1522/1494 339/140/123 342/1519/1491
f 348/102/93 1296/1520/1492 1294/98/89
f 350/1523/1495 1297/1521/1493 1296/1520/1492
f 351/1524/1496 1298/1522/1494 1297/1521/1493
f 352/1525/1497 1295/184/163 1298/1522/1494
f 1299/93/85 347/1526/1498 344/187/165
f 1301/1527/1499 346/1528/1500 347/1526/1498
f 1302/1529/1501 345/1530/1502 346/1528/1500
f 1303/1531/1503 343/101/92 345/1530/1502
f 334/157/137 1301/1527/1499 1299/93/85
f 337/1508/1480 1302/1529/1501 1301/1527/1499
f 336/1510/1482 1303/1531/1503 1302/1529/1501
f 335/1512/1484 1300/80/72 1303/1531/1503
f 371/189/166 1306/1532/1504 374/1533/1505
f 374/1533/1505 1307/1534/1506 373/1535/1507
f 373/1535/1507 1308/1536/1508 372/1537/1509
f 372/1537/1509 1305/174/153 370/176/155
f 1304/1538/122 357/762/706 1306/1532/1504
f 1306/1532/1504 366/766/710 1307/1534/1506
f 1307/1534/1506 365/772/718 1308/1536/1508
f 1308/1536/1508 355/175/154 1305/174/153
f 1309/104/95 350/1523/1495 348/102/93
f 1311/1539/1510 351/1524/1496 350/1523/1495
f 1312/1540/1511 352/1525/1497 351/1524/1496
f 1313/1541/1512 349/181/160 352/1525/1497
f 371/189/166 1311/1539/1510 1309/104/95
f 374/1533/1505 1312/1540/1511 1311/1539/1510
f 373/1535/1507 1313/1541/1512 1312/1540/1511
f 372/1537/1509 1310/158/138 1313/1541/1512
f 1314/99/90 361/770/714 354/105/96
f 1316/1542/1513 362/775/721 361/770/714
f 1317/1543/1514 367/773/719 362/775/721
f 1318/1544/1515 355/175/154 367/773/719
f 344/187/165 1316/1542/1513 1314/99/90
f 347/1526/1498 1317/1543/1514 1316/1542/1513
f 346/1528/1500 1318/1544/1515 1317/1543/1514
f 345/1530/1502 1315/173/152 1318/1544/1515
f 313/88/80 1321/1545/1516 315/1493/1465
f 315/1493/1465 1322/1546/1517 316/1494/1466
f 316/1494/1466 1323/1547/1518 317/1495/1467
f 317/1495/1467 1320/168/147 314/126/112
f 1319/109/98 382/1548/1519 1321/1545/1516
f 1321/1545/1516 383/1549/1520 1322/1546/1517
f 1322/1546/1517 384/1550/1521 1323/1547/1518
f 1323/1547/1518 381/132/117 1320/168/147
f 376/111/100 1326/1551/1522 379/1552/1523
f 379/1552/1523 1327/1553/1524 378/1554/1525
f 378/1554/1525 1328/1555/1526 377/1556/1527
f 377/1556/1527 1325/115/103 375/114/102
f 1324/82/74 307/1497/1469 1326/1551/1522
f 1326/1551/1522 306/1499/1471 1327/1553/1524
f 1327/1553/1524 305/1501/1473 1328/1555/1526
f 1328/1555/1526 303/106/97 1325/115/103
f 1329/124/110 393/1557/725 390/180/159
f 1331/1558/1528 394/789/735 393/778/725
f 1332/1559/1529 400/785/731 394/789/735
f 1333/1560/1530 391/786/732 400/785/731
f 385/118/106 1331/1558/1528 1329/1561/110
f 387/1562/1531 1332/1559/1529 1331/1558/1528
f 388/1563/1532 1333/1560/1530 1332/1559/1529
f 389/1564/1533 1330/152/134 1333/1560/1530
f 380/110/99 1336/1565/1534 382/1548/1519
f 382/1548/1519 1337/1566/1535 383/1549/1520
f 383/1549/1520 1338/1567/1536 384/1550/1521
f 384/1550/1521 1335/151/133 381/132/117
f 1334/116/104 404/792/739 1336/1565/1534
f 1336/1565/1534 399/787/733 1337/1566/1535
f 1337/1566/1535 398/784/730 1338/1567/1536
f 1338/1567/1536 391/786/732 1335/151/133
f 385/118/106 1341/1568/1537 387/1562/1531
f 387/1562/1531 1342/1569/1538 388/1563/1532
f 388/1563/1532 1343/1570/1539 389/1564/1533
f 389/1564/1533 1340/150/132 386/149/131
f 1339/112/101 379/1552/1523 1341/1568/1537
f 1341/1568/1537 378/1554/1525 1342/1569/1538
f 1342/1569/1538 377/1556/1527 1343/1570/1539
f 1343/1570/1539 375/114/102 1340/150/132
f 392/117/105 1346/1571/1540 403/1572/740
f 403/777/724 1345/177/156 390/180/159
f 1344/67/62 295/750/1541 1346/1571/1540
s 36
f 1346/1573/1542 295/1574/1543 288/743/1542
s 1
f 1346/1575/1544 285/178/157 1345/177/156
f 1347/47/42 261/1576/1545 250/48/43
f 1349/1577/1546 248/722/664 261/724/666
f 354/105/96 1349/1578/1547 1347/47/42
f 356/1579/707 1348/136/119 1349/1577/1546
s 2
f 528/260/236 1352/1580/1548 539/944/894
f 539/944/894 1353/1581/1549 540/934/882
f 1353/1581/1549 531/930/879 540/934/882
f 1354/1582/1550 526/243/220 531/930/879
f 1350/259/235 549/950/901 1352/1580/1548
f 1352/1580/1548 559/953/904 1353/1581/1549
f 559/953/904 1354/1582/1550 1353/1581/1549
f 558/963/914 1351/261/237 1354/1582/1550
f 1355/253/229 553/956/907 545/254/230
f 1357/1583/1551 554/958/909 553/956/907
f 554/958/909 1359/1584/1552 560/962/913
f 560/962/913 1356/240/217 546/302/277
f 563/231/208 1357/1583/1551 1355/253/229
f 568/966/917 1358/1585/1553 1357/1583/1551
f 1358/1585/1553 576/981/934 1359/1584/1552
f 1359/1584/1552 565/269/245 1356/240/217
f 1360/288/263 571/974/925 564/301/276
f 1362/1586/1554 572/1587/1555 571/974/925
f 572/1587/936 1363/1588/1556 578/1589/933
f 578/980/933 1361/242/219 565/269/245
f 1360/288/263 536/938/886 1362/1586/1557
f 1362/1586/1554 530/931/890 1363/1590/1558
f 1363/1590/1558 530/931/890 529/933/1559
f 1363/1591/1560 526/243/220 1361/242/219
f 510/300/275 1366/1592/1561 521/925/872
f 521/925/872 1367/1593/1562 522/916/861
f 1367/1593/1562 513/913/858 522/916/861
f 1368/1594/1563 508/280/255 513/913/858
f 1364/297/272 555/957/908 1366/1592/1561
f 1366/1592/1561 548/951/902 1367/1593/1562
f 548/951/902 1368/1594/1563 1367/1593/1562
f 547/949/900 1365/274/249 1368/1594/1563
f 1369/289/264 534/1595/887 527/290/265
f 1371/1596/1564 535/947/897 534/939/887
f 535/947/897 1372/1597/1565 541/945/895
f 1372/1597/1566 528/260/236 541/945/895
f 1369/289/264 518/1598/865 1371/1599/1567
f 1371/1596/1564 512/914/859 1372/1600/1565
f 1372/1600/1565 512/914/859 511/912/857
f 1372/1597/1566 508/280/255 1370/228/205
f 1373/251/227 516/1601/866 509/249/225
f 1375/1602/1568 517/928/1569 516/922/866
f 517/928/875 1376/1603/1570 523/926/873
f 1376/1603/1570 510/300/275 523/926/873
f 1373/251/227 573/973/924 1375/1604/1568
f 1375/1602/1568 567/967/928 1376/1605/1571
f 1376/1605/1570 567/967/918 566/965/916
f 1376/1603/1570 563/231/208 1374/230/207
f 432/823/769 1379/1606/1572 435/826/770
f 435/826/770 1380/1607/1573 1870/1608/1574
f 1870/1608/1574 1381/1609/1575 437/1610/1576
f 437/1610/1576 1378/246/222 433/316/291
f 407/165/144 1379/1606/1572 1377/209/186
f 412/795/744 1380/1607/1573 1379/1606/1572
f 420/798/1577 1381/1609/1575 1380/1607/1573
f 418/806/1578 1378/246/222 1381/1609/1575
f 1382/258/234 448/1611/1579 443/216/193
f 1384/1612/1580 1877/838/1581 448/1611/1579
f 1385/1613/1582 445/835/1583 1877/838/1581
f 1386/1614/1584 441/318/293 445/835/1583
f 1382/258/234 418/809/1578 1384/1612/1580
f 1384/1612/1580 415/802/1585 1385/1613/1582
f 1385/1613/1582 414/799/748 1386/1614/1584
f 1386/1614/1584 408/801/750 1383/236/213
f 1387/317/292 437/1615/1576 433/316/291
f 1389/1616/1586 438/833/1587 437/1615/1576
f 1390/1617/1588 440/830/774 438/833/1587
f 1391/1618/1589 434/235/212 440/830/774
f 1387/317/292 448/1619/1579 1389/1616/1586
f 1389/1616/1586 449/1620/1590 1390/1617/1588
f 1390/1617/1588 447/842/1591 1391/1618/1589
f 1391/1618/1589 442/839/1592 1388/233/210
f 461/859/809 1394/1621/1593 464/857/807
f 464/857/807 1395/1622/1594 467/868/810
f 467/868/1595 1396/1623/1596 469/867/1597
f 469/867/1597 1393/278/253 462/322/297
f 421/219/196 1394/1621/1593 1392/299/274
f 425/811/757 1395/1622/1594 1394/1621/1593
f 427/815/1598 1396/1623/1596 1395/1622/1594
f 430/1624/1599 1393/278/253 1396/1623/1596
f 475/272/248 1399/1625/1600 478/875/820
f 478/875/820 1400/1626/1601 1878/1627/1602
f 1878/1627/1602 1401/1628/1603 481/1629/1604
f 481/1629/1604 1398/338/313 476/206/183
f 463/264/240 1399/1625/1600 1397/262/238
f 473/870/817 1400/1626/1601 1399/1625/1600
f 468/864/1605 1401/1628/1603 1400/1626/1601
f 469/866/1597 1398/338/313 1401/1628/1603
f 1402/208/185 481/1630/1604 476/206/183
f 1404/1631/1606 482/882/1607 481/1630/1604
f 1405/1632/1608 484/879/826 482/882/1607
f 1406/1633/1609 477/270/246 484/879/826
f 1402/208/185 430/1634/1599 1404/1631/1606
f 1404/1631/1606 427/822/1610 1405/1632/1608
f 1405/1632/1608 429/821/764 1406/1633/1609
f 1406/1633/1609 422/265/241 1403/267/243
f 1407/256/232 458/855/1611 452/195/172
f 1409/1635/1612 1410/1636/1613 459/1637/1614
f 1410/1636/1615 454/846/1616 459/1637/1617
f 1411/1638/1618 450/343/318 454/846/1616
f 1407/256/232 492/894/839 1409/1635/1612
f 1409/1635/1612 491/895/1619 1410/1636/1613
f 1410/1636/1615 488/884/831 1411/1638/1618
f 1411/1638/1618 485/886/833 1408/294/269
f 1412/328/303 492/893/839 486/279/254
f 1414/1639/1620 493/891/837 492/893/839
f 1415/1640/1621 497/897/843 493/891/837
f 1416/1641/1622 487/284/259 497/897/843
f 1412/328/303 505/1642/1623 1414/1639/1620
f 1414/1639/1620 1868/1643/1624 1415/1640/1621
f 1415/1640/1621 503/902/845 1416/1641/1622
f 1416/1641/1622 499/198/175 1413/200/177
f 1418/342/317 505/1644/1623 500/329/304
f 1427/1331/1307 504/911/1625 505/1644/1623
f 1421/1325/1301 503/908/1626 504/911/1625
f 1420/1323/1299 501/293/268 503/908/852
f 1418/342/317 460/856/1627 1425/1332/1306
f 1425/1332/1306 457/853/1628 1426/1333/1308
f 1426/1333/1308 456/852/1629 1431/1337/1312
f 1431/1337/1312 451/285/260 1419/287/262
f 583/999/310 1436/1645/1630 592/997/951
f 592/997/951 1437/1646/1631 593/990/943
f 593/990/943 1438/1647/1632 586/986/939
f 586/986/939 1435/282/257 581/281/256
f 1434/1648/309 607/1010/964 1436/1645/1630
f 1436/1645/1630 601/1004/958 1437/1646/1631
f 1437/1646/1631 600/1002/956 1438/1647/1632
f 1438/1647/1632 597/321/296 1435/282/257
f 1439/308/283 618/1022/974 615/320/295
f 1441/1649/1633 619/1032/983 618/1022/974
f 1442/1650/1634 626/1028/979 619/1032/983
f 1443/1651/1635 616/1029/201 626/1028/979
f 599/1018/970 1441/1649/1633 1439/308/283
f 612/1017/969 1442/1650/1634 1441/1649/1633
f 606/1012/965 1443/1651/1635 1442/1650/1634
f 605/1652/963 1440/222/199 1443/1653/1635
f 1444/311/286 589/995/948 582/309/284
f 1446/1654/1636 590/1001/955 589/995/948
f 1447/1655/1637 594/998/952 590/1001/955
f 1448/1656/1638 583/999/310 594/998/952
f 1444/311/286 630/1034/985 1446/1654/1636
f 1446/1654/1636 625/1030/980 1447/1655/1637
f 1447/1655/1637 624/1027/978 1448/1656/1638
f 1448/1656/1638 616/1029/201 1445/1657/200
f 1449/1658/300 645/1051/1004 634/1053/298
f 1451/1659/1639 646/1042/996 645/1051/1004
f 1452/1660/1640 637/1038/992 646/1042/996
f 1453/1661/1641 632/1039/993 637/1038/992
f 651/1064/302 1451/1659/1639 1449/1658/300
f 660/1063/1016 1452/1660/1640 1451/1659/1639
f 654/1067/1020 1453/1661/1641 1452/1660/1640
f 653/1057/1009 1450/226/203 1453/1661/1641
f 669/1085/315 1456/1662/1642 680/1083/1043
f 680/1083/1043 1457/1663/1643 681/1077/1034
f 681/1077/1034 1458/1664/1644 671/1073/1030
f 671/1073/1030 1455/213/190 667/212/189
f 1454/1665/314 647/1052/1005 1456/1662/1642
f 1456/1662/1642 641/1047/1001 1457/1663/1643
f 1457/1663/1643 640/1045/999 1458/1664/1644
f 1458/1664/1644 633/314/289 1455/213/190
f 1459/313/288 675/1081/1038 668/315/290
f 1461/1666/1645 676/1087/1046 675/1081/1038
f 1462/1667/1646 682/1084/1044 676/1087/1046
f 1463/1668/1647 669/1085/315 682/1084/1044
f 1459/313/288 665/1069/1022 1461/1666/1645
f 1461/1666/1645 659/1065/1017 1462/1667/1646
f 1462/1667/1646 658/1062/1015 1463/1668/1647
f 1463/1668/1647 651/1064/302 1460/1669/301
f 1464/333/308 688/1090/1049 685/345/320
f 1466/1670/1648 689/1100/1649 688/1090/1049
f 1467/1671/1650 696/1096/1055 689/1100/1058
f 1468/1672/1651 686/1097/192 696/1096/1055
f 704/332/307 1466/1670/1648 1464/333/308
f 709/1107/1068 1467/1671/1650 1466/1670/1648
f 718/1110/1071 1468/1672/1651 1467/1671/1650
f 717/1118/1079 1465/1673/182 1468/1672/1651
f 1469/202/179 712/1113/1074 705/303/278
f 712/1113/1074 1472/1674/1652 713/1115/1076
f 713/1115/1076 1473/1675/1653 719/1119/1080
f 719/1119/1080 1470/1676/305 706/1120/180
f 1469/202/179 727/1125/1084 1471/1677/1654
f 1471/1677/1654 735/1129/1088 1472/1674/1652
f 1472/1674/1652 734/1134/1095 1473/1675/1653
f 1473/1675/1653 724/1136/306 1470/1676/305
f 1474/1341/1317 731/1678/1655 723/305/280
f 1479/1340/1316 732/1138/1656 731/1678/1656
f 1488/1344/1657 736/1135/1096 732/1138/1098
f 1487/1353/1328 724/1136/306 736/1135/1096
f 1475/307/282 701/1104/1063 1482/1347/1323
f 1482/1347/1323 695/1098/1056 1483/1349/1325
f 1483/1349/1325 694/1095/1054 1489/1354/1329
f 1489/1354/1329 686/1097/192 1476/1355/191
f 1492/167/146 410/794/743 407/165/144
f 410/794/743 1495/1679/1658 411/796/1659
f 411/796/1659 1496/1680/1660 416/800/749
f 416/800/749 1493/237/214 408/801/750
f 597/321/296 1494/1681/1661 1492/167/146
f 1494/1681/1661 611/1006/960 1495/1679/1658
f 611/1006/960 1496/1680/1660 1495/1679/1658
f 1496/1680/1660 599/1018/970 1493/237/214
f 617/310/285 1499/1682/1662 628/1035/1663
f 628/1035/1663 1499/1683/1662 629/1025/1664
s 37
f 629/1025/1665 1500/1684/1666 620/1021/1667
s 2
f 1500/1684/1668 615/320/295 620/1021/973
f 442/839/1592 1499/1682/1662 1497/247/223
s 37
f 1499/1683/1669 444/834/1670 1500/1684/1666
s 2
f 1500/1684/1668 441/318/293 1498/319/294
f 1501/221/198 424/810/756 421/219/196
s 38
f 424/810/1671 1503/1685/1671 428/812/1671
s 2
f 428/820/765 1502/1686/1672 422/265/241
f 1501/221/198 655/1056/1008 1503/1687/1673
f 1503/1687/1673 655/1056/1008 664/1060/1674
f 1503/1685/1675 664/1060/1676 663/1070/1677
f 663/1070/1677 1502/1686/1672 1503/1688/1675
f 1504/1689/1678 670/1690/1031 667/212/189
f 670/1074/1042 1506/1691/1679 677/1080/1040
f 677/1080/1037 1505/271/247 668/315/290
f 1504/1689/1678 479/874/821 1506/1692/1680
s 39
f 1506/1693/1681 479/1694/1681 483/878/1681
s 2
f 483/878/825 1505/271/247 1506/1691/1682
f 487/284/259 1509/1695/1683 495/896/842
f 495/896/842 1510/1696/1684 496/890/836
f 496/890/836 1511/1697/1685 489/885/832
f 489/885/832 1508/295/270 485/886/833
f 1507/283/258 714/1114/1075 1509/1695/1683
f 1509/1695/1683 708/1108/1069 1510/1696/1684
f 708/1108/1069 1511/1697/1685 1510/1696/1684
f 707/1106/1067 1508/295/270 1511/1697/1685
f 687/1102/1061 1514/1698/1686 699/1105/1065
f 699/1105/1687 1515/1699/1688 700/1093/1689
f 700/1093/1690 1515/1700/1691 690/1089/1048
f 690/1089/1048 1513/344/319 685/345/320
f 1512/306/281 453/851/1692 1514/1698/1686
f 1514/1698/1686 453/1701/1692 1515/1699/1688
f 1515/1700/1691 450/343/318 1513/344/319
f 1516/210/187 584/987/940 581/281/256
f 584/987/940 1518/1702/1693 585/988/1694
f 585/988/1695 1518/1703/1696 591/994/947
f 591/994/947 1517/234/211 582/309/284
f 1516/210/187 436/825/771 1518/1704/1693
s 40
f 1518/1702/1697 436/1705/1697 439/829/1697
s 2
f 439/829/773 1517/234/211 1518/1703/1696
f 463/264/240 1521/1706/1698 471/869/816
f 471/869/816 1522/1707/1699 472/863/1700
f 1522/1707/1699 465/858/808 472/863/1700
f 1523/1708/1701 461/859/809 465/858/808
f 1519/263/239 642/1046/1000 1521/1706/1698
f 1521/1706/1698 636/1040/994 1522/1707/1699
f 636/1040/994 1523/1708/1701 1522/1707/1699
f 635/1037/991 1520/225/202 1523/1708/1701
f 501/293/268 1526/1709/1702 506/907/851
s 41
f 506/907/1703 1527/1710/1704 507/906/1705
s 2
f 507/906/1706 1528/1711/1707 502/901/1708
f 502/901/846 1525/201/178 499/198/175
f 1524/292/267 733/1132/1709 1526/1709/1702
s 41
f 1526/1709/1710 726/1126/1711 1527/1710/1704
s 2
f 1527/1710/1712 725/1127/1086 1528/1711/1707
f 1528/1711/1713 722/1123/1082 1525/201/178
s 3
f 760/370/342 1531/1712/1714 763/1713/1715
f 763/1713/1715 1532/1714/1716 762/1715/1717
f 762/1716/1718 1533/1717/1719 761/1718/1720
f 1533/1717/1719 759/525/482 761/1718/1720
f 1529/369/341 746/1719/1721 1531/1712/1714
f 1531/1712/1714 747/1720/1722 1532/1714/1716
f 1532/1721/1723 748/1722/1724 1533/1717/1719
f 748/1722/1724 1530/484/444 1533/1717/1719
f 1534/406/375 768/1723/1725 765/353/327
f 1536/1724/1726 767/1725/1727 768/1723/1725
f 1537/1726/1728 766/1727/1729 767/1728/1730
f 766/1727/1729 1535/464/427 764/366/338
f 749/536/493 1536/1724/1726 1534/406/375
f 751/1729/1731 1537/1730/1732 1536/1724/1726
f 752/1731/1733 1538/1732/1734 1537/1726/1728
f 1538/1732/1734 750/363/335 1535/464/427
f 1539/474/436 743/1733/1735 740/348/323
f 1541/1734/1736 742/1735/1737 743/1733/1735
f 1542/1736/1738 741/1737/1739 742/1738/1740
f 741/1737/1739 1540/349/324 739/361/333
f 760/370/342 1541/1734/1736 1539/474/436
f 763/1713/1715 1542/1739/1741 1541/1734/1736
f 762/1716/1718 1543/1740/1742 1542/1736/1738
f 1543/1740/1742 759/525/482 1540/349/324
f 755/503/461 1546/1741/1743 758/1742/1744
f 758/1742/1744 1547/1743/1745 757/1744/1746
f 757/1745/1747 1548/1746/1748 756/1747/1749
f 1548/1746/1748 754/355/328 756/1747/1749
f 1544/371/343 768/1723/1725 1546/1741/1743
f 1546/1741/1743 767/1725/1727 1547/1743/1745
f 1547/1748/1750 766/1727/1729 1548/1746/1748
f 766/1727/1729 1545/368/340 1548/1746/1748
f 770/504/462 1551/1749/1751 773/1750/1752
f 773/1750/1752 1552/1751/1753 772/1752/1754
f 772/1753/1755 1553/1754/1756 771/1755/1757
f 1553/1754/1756 769/374/345 771/1755/1757
f 1549/498/457 758/1742/1744 1551/1749/1751
f 1551/1749/1751 757/1744/1746 1552/1751/1753
f 1552/1756/1758 756/1747/1749 1553/1754/1756
f 756/1747/1749 1550/357/330 1553/1754/1756
f 744/360/332 1556/1757/1759 746/1719/1721
f 746/1719/1721 1557/1758/1760 747/1720/1722
f 747/1759/1761 1558/1760/1762 748/1722/1724
f 1558/1760/1762 745/380/351 748/1722/1724
f 1554/359/331 776/1761/1763 1556/1757/1759
f 1556/1757/1759 777/1762/1764 1557/1758/1760
f 1557/1758/1765 778/1763/1766 1558/1764/1762
f 778/1765/1766 1555/378/349 1558/1760/1762
f 774/389/359 1561/1766/1767 776/1761/1763
f 776/1761/1763 1562/1767/1768 777/1762/1764
f 777/1762/1769 1563/1768/1770 778/1763/1766
f 1563/1769/1770 775/377/348 778/1765/1766
f 1559/398/367 786/1770/1771 1561/1766/1767
f 1561/1766/1767 787/1771/1772 1562/1767/1768
f 1562/1767/1773 788/1772/1774 1563/1768/1770
f 788/1773/1774 1560/375/346 1563/1769/1770
f 780/537/494 1566/1774/1775 783/1775/1776
f 783/1776/1776 1567/1777/1777 782/1778/1778
f 782/1778/1779 1568/1779/1780 781/1780/1781
f 1568/1779/1780 779/384/355 781/1780/1781
f 1564/530/487 773/1750/1752 1566/1774/1775
f 1566/1781/1775 772/1753/1754 1567/1777/1777
f 1567/1777/1782 771/1755/1757 1568/1779/1780
f 771/1755/1757 1565/382/353 1568/1779/1780
f 1569/515/472 819/1174/1135 807/513/470
f 1571/1782/1783 820/1163/1125 819/1174/1135
f 1572/1783/1784 810/1160/1122 820/1163/1125
f 1573/1784/1785 805/529/486 810/1160/1122
f 790/1149/1111 1571/1782/1783 1569/515/472
f 800/1148/1110 1572/1783/1784 1571/1782/1783
f 793/1152/1114 1573/1784/1785 1572/1783/1784
f 792/1142/1103 1570/480/440 1573/1784/1785
f 784/397/366 1576/1785/1786 786/1770/1771
f 786/1770/1771 1577/1786/1787 787/1771/1772
f 787/1771/1788 1578/1787/1789 788/1772/1774
f 1578/1788/1789 785/387/358 788/1773/1774
f 1574/497/456 821/1173/1134 1576/1785/1786
f 1576/1785/1786 815/1175/1136 1577/1786/1787
f 815/1175/1790 1578/1787/1789 1577/1786/1791
f 814/1789/1130 1575/385/356 1578/1788/1789
f 790/1149/1111 1581/1790/1792 798/1147/1109
f 798/1791/1109 1582/1792/1793 799/1793/1112
f 799/1793/1794 1583/1794/1795 803/1155/1796
f 803/1155/1118 1580/391/361 791/393/363
f 1579/514/471 783/1775/1776 1581/1790/1792
f 1581/1795/1797 782/1778/1778 1582/1792/1793
f 1582/1792/1798 781/1780/1781 1583/1794/1795
f 1583/1794/1795 779/384/355 1580/391/361
f 1584/414/382 751/1729/1731 749/536/493
f 1586/1796/1799 752/1797/1800 751/1729/1731
f 1587/1798/1801 753/1799/1802 752/1731/1733
f 753/1799/1802 1585/507/464 750/363/335
f 829/473/435 1586/1796/1799 1584/414/382
f 831/1800/1803 1587/1801/1804 1586/1796/1799
f 832/1802/1805 1588/1803/1806 1587/1798/1801
f 1588/1803/1806 830/403/372 1585/507/464
f 1589/346/321 828/1804/1807 825/522/479
f 1591/1805/1808 827/1806/1809 828/1804/1807
f 1592/1807/1810 826/1808/1811 827/1809/1812
f 826/1808/1811 1590/399/368 824/401/370
f 740/348/323 1591/1805/1808 1589/346/321
f 743/1733/1735 1592/1810/1813 1591/1805/1808
f 742/1738/1740 1593/1811/1814 1592/1807/1810
f 1593/1811/1814 739/361/333 1590/399/368
f 841/1193/1154 1596/1812/1815 851/1191/1152
f 851/1191/1152 1597/1813/1816 852/1182/1142
f 852/1182/1142 1598/1814/1817 843/1178/1138
f 843/1178/1138 1595/1815/428 839/1176/478
f 1594/488/447 836/1816/1818 1596/1812/1815
f 1596/1812/1815 837/1817/1819 1597/1813/1816
f 1597/1813/1816 838/1818/1820 1598/1814/1817
f 1598/1819/1817 835/409/378 1595/465/428
f 1599/489/448 831/1800/1803 829/473/435
f 1601/1820/1821 832/1821/1822 831/1800/1803
f 1602/1822/1823 833/1823/1824 832/1802/1805
f 1603/1824/1825 830/403/372 833/1823/1824
f 841/1193/1154 1601/1820/1821 1599/489/448
f 853/1192/1153 1602/1825/1826 1601/1820/1821
f 848/1826/1827 1603/1824/1825 1602/1822/1823
f 847/1187/1147 1600/411/380 1603/1824/1825
f 1604/491/450 836/1816/1818 834/490/449
f 1606/1827/1828 837/1817/1819 836/1816/1818
f 1607/1828/1829 838/1829/1820 837/1830/1819
f 838/1829/1820 1605/407/376 835/409/378
f 825/522/479 1606/1827/1828 1604/491/450
f 828/1804/1807 1607/1831/1830 1606/1827/1828
f 827/1809/1812 1608/1832/1831 1607/1828/1829
f 826/1808/1811 1605/407/376 1608/1832/1831
f 1609/487/446 880/1833/1832 877/416/383
f 1611/1834/1833 879/1835/1834 880/1833/1832
f 1612/1836/1835 878/1837/1836 879/1835/1834
f 1613/1838/1837 876/535/492 878/1837/1836
f 861/436/402 1611/1834/1833 1609/487/446
f 863/1839/1838 1612/1836/1835 1611/1834/1833
f 864/1840/1839 1613/1838/1837 1612/1836/1835
f 865/1841/1840 1610/534/491 1613/1838/1837
f 882/430/396 1616/1842/1841 885/1843/1842
f 885/1843/1842 1617/1844/1843 884/1845/1844
f 884/1845/1844 1618/1846/1845 883/1847/1846
f 883/1847/1846 1615/468/431 881/471/434
f 1614/429/395 868/1848/1847 1616/1842/1841
f 1616/1842/1841 869/1849/1848 1617/1844/1843
f 1617/1844/1843 870/1850/1849 1618/1846/1845
f 1618/1846/1845 867/469/432 1615/468/431
f 857/426/392 1621/1851/1850 860/1852/1851
f 860/1852/1851 1622/1853/1852 859/1854/1853
f 859/1854/1853 1623/1855/1854 858/1856/1855
f 858/1856/1855 1620/485/445 856/451/417
f 1619/417/384 880/1833/1832 1621/1851/1850
f 1621/1851/1850 879/1835/1834 1622/1853/1852
f 1622/1853/1852 878/1837/1836 1623/1855/1854
f 1623/1855/1854 876/535/492 1620/485/445
f 1624/431/397 875/1857/1856 872/470/433
f 1626/1858/1857 874/1859/1858 875/1857/1856
f 1627/1860/1859 873/1861/1860 874/1859/1858
f 1628/1862/1861 871/526/483 873/1861/1860
f 882/430/396 1626/1858/1857 1624/431/397
f 885/1843/1842 1627/1860/1859 1626/1858/1857
f 884/1845/1844 1628/1862/1861 1627/1860/1859
f 883/1847/1846 1625/506/463 1628/1862/1861
f 1629/422/388 890/1863/1862 887/500/458
f 1631/1864/1863 889/1865/1864 890/1863/1862
f 1632/1866/1865 888/1867/1866 889/1865/1864
f 1633/1868/1867 886/423/389 888/1867/1866
f 872/470/433 1631/1864/1863 1629/422/388
f 875/1857/1856 1632/1866/1865 1631/1864/1863
f 874/1859/1858 1633/1868/1867 1632/1866/1865
f 873/1861/1860 1630/439/405 1633/1868/1867
f 1634/437/403 863/1839/1838 861/436/402
f 1636/1869/1868 864/1840/1839 863/1839/1838
f 1637/1870/1869 865/1841/1840 864/1840/1839
f 1638/1871/1870 862/533/490 865/1841/1840
f 891/442/408 1636/1869/1868 1634/437/403
f 893/1872/1871 1637/1870/1869 1636/1869/1868
f 894/1873/1872 1638/1871/1870 1637/1870/1869
f 895/1874/1873 1635/419/386 1638/1871/1870
f 1639/443/409 893/1872/1871 891/442/408
f 1641/1875/1874 894/1873/1872 893/1872/1871
f 1642/1876/1875 895/1874/1873 894/1873/1872
f 1643/1877/1876 892/483/443 895/1874/1873
f 901/447/413 1641/1875/1874 1639/443/409
f 903/1878/1877 1642/1876/1875 1641/1875/1874
f 904/1879/1878 1643/1877/1876 1642/1876/1875
f 905/1880/1879 1640/527/484 1643/1877/1876
f 1644/438/404 900/1881/1880 897/531/488
f 1646/1882/1881 899/1883/1882 900/1881/1880
f 1647/1884/1883 898/1885/1884 899/1883/1882
f 1648/1886/1885 896/446/412 898/1885/1884
f 887/500/458 1646/1882/1881 1644/438/404
f 890/1863/1862 1647/1884/1883 1646/1882/1881
f 889/1865/1864 1648/1886/1885 1647/1884/1883
f 888/1867/1866 1645/425/391 1648/1886/1885
f 1649/482/442 926/1218/1182 923/532/489
f 926/1218/1182 1652/1887/1886 927/1229/1887
f 927/1229/1191 1653/1888/1888 934/1225/1188
f 934/1225/1188 1650/1889/474 924/1223/476
f 1649/482/442 909/1199/1160 1651/1890/1889
f 1651/1890/1889 919/1203/1164 1652/1887/1886
f 1652/1887/1890 918/1211/1174 1653/1888/1888
f 1653/1888/1888 908/1213/475 1650/1889/474
f 1654/449/415 903/1878/1877 901/447/413
f 1656/1891/1891 904/1879/1878 903/1878/1877
f 1657/1892/1892 905/1880/1879 904/1879/1878
f 1658/1893/1893 902/524/481 905/1880/1879
f 925/1232/1194 1656/1891/1891 1654/449/415
f 939/1231/1193 1657/1892/1892 1656/1891/1891
f 933/1236/1196 1658/1893/1893 1657/1892/1892
f 932/1226/1189 1655/501/459 1658/1893/1893
f 1659/444/410 913/1894/1170 907/450/416
f 1661/1895/1894 914/1896/1178 913/1894/1170
f 1662/1897/1895 920/1212/1175 914/1215/1178
f 1663/1898/1896 908/518/475 920/1899/1175
f 897/531/488 1661/1895/1894 1659/444/410
f 900/1881/1880 1662/1900/1895 1661/1895/1894
f 899/1901/1882 1663/1902/1896 1662/1897/1895
f 898/1903/1884 1660/1904/473 1663/1902/1896
f 866/433/399 1666/1905/1897 868/1848/1847
f 868/1848/1847 1667/1906/1898 869/1849/1848
f 869/1849/1848 1668/1907/1899 870/1850/1849
f 870/1850/1849 1665/511/468 867/469/432
f 1664/454/418 949/1908/1900 1666/1905/1897
f 1666/1905/1897 950/1909/1901 1667/1906/1898
f 1667/1906/1898 951/1910/1902 1668/1907/1899
f 1668/1907/1899 948/475/437 1665/511/468
f 943/456/420 1671/1911/1903 946/1912/1904
f 946/1912/1904 1672/1913/1905 945/1914/1906
f 945/1914/1906 1673/1915/1907 944/1916/1908
f 944/1916/1908 1670/460/423 942/459/422
f 1669/427/393 860/1852/1851 1671/1911/1903
f 1671/1911/1903 859/1854/1853 1672/1913/1905
f 1672/1913/1905 858/1856/1855 1673/1915/1907
f 1673/1915/1907 856/451/417 1670/460/423
f 1674/467/430 960/1240/1199 957/523/480
f 1676/1917/1909 961/1249/1209 960/1240/1199
f 1677/1918/1910 967/1245/1205 961/1249/1209
f 1678/1919/1911 958/1246/1206 967/1245/1205
f 952/463/426 1676/1917/1909 1674/467/430
f 954/1920/1912 1677/1918/1910 1676/1917/1909
f 955/1921/1913 1678/1919/1911 1677/1918/1910
f 956/1922/1914 1675/495/454 1678/1919/1911
f 947/455/419 1681/1923/1915 949/1908/1900
f 949/1908/1900 1682/1924/1916 950/1909/1901
f 950/1909/1901 1683/1925/1917 951/1910/1902
f 951/1910/1902 1680/494/453 948/475/437
f 1679/461/424 971/1252/1213 1681/1923/1915
f 1681/1923/1915 966/1247/1207 1682/1924/1916
f 1682/1924/1916 965/1244/1204 1683/1925/1917
f 1683/1925/1917 958/1246/1206 1680/494/453
f 952/463/426 1686/1926/1918 954/1920/1912
f 954/1920/1912 1687/1927/1919 955/1921/1913
f 955/1921/1913 1688/1928/1920 956/1922/1914
f 956/1922/1914 1685/493/452 953/492/451
f 1684/457/421 946/1912/1904 1686/1926/1918
f 1686/1926/1918 945/1914/1906 1687/1927/1919
f 1687/1927/1919 944/1916/1908 1688/1928/1920
f 1688/1928/1920 942/459/422 1685/493/452
f 959/462/425 1691/1929/1921 970/1930/1214
f 970/1931/1198 1690/1932/477 957/1933/480
f 1689/412/381 842/1186/1922 1691/1929/1921
f 1691/1934/1923 839/1176/478 1690/1932/477
f 1692/392/362 802/1935/1924 791/393/363
s 42
f 1694/1936/1925 794/1141/1926 802/1145/1927
s 3
f 1695/1937/1928 789/478/438 794/1141/1102
f 907/450/416 1694/1938/1929 1692/392/362
s 42
f 1694/1936/1925 915/1939/1930 1695/1937/1931
s 3
f 915/1939/1161 1693/481/441 1695/1937/1928
f 925/1232/1194 1698/1940/1932 937/1230/1192
f 937/1234/1192 1699/1941/1933 938/1221/1185
f 938/1221/1185 1700/1942/1934 928/1217/1181
f 928/1217/1181 1697/528/485 923/532/489
f 1696/448/414 816/1943/1129 1698/1940/1932
f 1698/1944/1932 809/1161/1123 1699/1941/1933
f 1699/1941/1933 808/1159/1121 1700/1942/1934
f 1700/1942/1934 805/529/486 1697/528/485
s 4
f 995/559/513 1703/1945/1935 998/1946/1936
f 998/1947/1936 1704/1948/1937 997/1949/1938
f 997/1949/1939 1705/1950/1940 996/1951/1941
f 1705/1950/1940 994/711/653 996/1951/1941
f 1701/558/512 981/1952/1942 1703/1945/1935
f 1703/1953/1935 982/1954/1943 1704/1948/1937
f 1704/1948/1944 983/1955/1945 1705/1950/1940
f 983/1955/1945 1702/673/617 1705/1950/1940
f 1706/595/547 1003/1956/1946 1000/542/498
f 1708/1957/1947 1002/1958/1948 1003/1956/1946
f 1709/1959/1949 1001/1960/1950 1002/1958/1951
f 1001/1961/1950 1707/653/600 999/555/509
f 984/720/662 1708/1957/1947 1706/595/547
f 986/1962/1952 1709/1959/1953 1708/1957/1947
f 987/1963/1954 1710/1964/1955 1709/1959/1949
f 1710/1965/1955 985/552/506 1707/653/600
f 1711/663/609 978/1966/1956 975/510/467
f 1713/1967/1957 977/1968/1958 978/1969/1956
f 1714/1970/1959 976/1971/1960 977/1968/1961
f 976/1971/1960 1712/538/495 974/550/504
f 995/559/513 1713/1972/1957 1711/663/609
f 998/1947/1936 1714/1970/1962 1713/1967/1957
f 997/1949/1939 1715/1973/1963 1714/1970/1959
f 1715/1973/1963 994/711/653 1712/538/495
f 990/692/635 1718/1974/1964 993/1975/1965
f 993/1975/1965 1719/1976/1966 992/1977/1967
f 992/1977/1968 1720/1978/1969 991/1979/1970
f 1720/1980/1969 989/544/499 991/1981/1970
f 1716/560/514 1003/1956/1946 1718/1974/1964
f 1718/1974/1964 1002/1958/1948 1719/1976/1966
f 1719/1976/1971 1001/1960/1950 1720/1978/1969
f 1001/1961/1950 1717/557/511 1720/1980/1969
f 1005/693/636 1723/1982/1972 1008/1983/1973
f 1008/1983/1973 1724/1984/1974 1007/1985/1975
f 1007/1985/1976 1725/1986/1977 1006/1987/1978
f 1725/1988/1977 1004/563/516 1006/1989/1978
f 1721/687/630 993/1975/1965 1723/1982/1972
f 1723/1982/1972 992/1977/1967 1724/1984/1974
f 1724/1984/1979 991/1979/1970 1725/1986/1977
f 991/1981/1970 1722/546/501 1725/1988/1977
f 979/549/503 1728/1990/1980 981/1952/1942
f 981/1991/1942 1729/1992/1981 982/1954/1943
f 982/1954/1982 1730/1993/1983 983/1955/1945
f 1730/1993/1983 980/569/522 983/1955/1945
f 1726/548/502 1011/1994/1984 1728/1990/1980
f 1728/1995/1980 1012/1996/1985 1729/1992/1981
f 1729/1992/1986 1013/1997/1987 1730/1993/1983
f 1013/1997/1987 1727/567/520 1730/1993/1983
f 1009/578/530 1733/1998/1988 1011/1994/1984
f 1011/1999/1984 1734/2000/1989 1012/1996/1985
f 1012/1996/1990 1735/2001/1991 1013/1997/1987
f 1735/2001/1991 1010/566/519 1013/1997/1987
f 1731/587/539 1021/2002/1992 1733/1998/1988
f 1733/2003/1988 1022/2004/1993 1734/2000/1989
f 1734/2000/1994 1023/2005/1995 1735/2001/1991
f 1023/2005/1995 1732/564/517 1735/2001/1991
f 1015/721/663 1738/2006/1996 1018/2007/1997
f 1018/2007/1997 1739/2008/1998 1017/2009/1999
f 1017/2009/2000 1740/2010/2001 1016/2011/2002
f 1740/2012/2001 1014/573/526 1016/2013/2002
f 1736/714/656 1008/1983/1973 1738/2006/1996
f 1738/2006/1996 1007/1985/1975 1739/2008/1998
f 1739/2008/2003 1006/1987/1978 1740/2010/2001
f 1006/1989/1978 1737/571/524 1740/2012/2001
f 1741/701/643 1046/2014/2004 1043/699/641
f 1743/2015/2005 1045/2016/2006 1046/2014/2004
f 1744/2017/2007 1044/2018/2008 1045/2016/2006
f 1745/2019/2009 1042/583/535 1044/2020/2008
f 1025/1263/1226 1743/2015/2005 1741/701/643
f 1035/1262/1225 1744/2017/2007 1743/2015/2005
f 1028/1266/1229 1745/2021/2009 1744/2017/2007
f 1027/2022/1220 1742/667/611 1745/2019/2009
f 1019/586/538 1748/2023/2010 1021/2002/1992
f 1021/2024/1992 1749/2025/2011 1022/2004/1993
f 1022/2004/2012 1750/2026/2013 1023/2005/1995
f 1023/2005/1995 1747/574/527 1020/576/529
f 1746/686/629 1046/2014/2004 1748/2023/2010
f 1748/2027/2014 1045/2028/2006 1749/2025/2011
f 1749/2025/2015 1044/2020/2008 1750/2026/2013
f 1044/2020/2008 1747/574/527 1750/2026/2013
f 1025/1263/1226 1753/2029/2016 1033/1261/1224
f 1033/1261/1224 1754/2030/2017 1034/1264/1227
f 1034/1264/1236 1755/2031/2018 1039/1270/1232
f 1039/2032/1232 1752/580/532 1026/582/534
f 1751/700/642 1018/2007/1997 1753/2029/2016
f 1753/2029/2016 1017/2009/1999 1754/2030/2017
f 1754/2030/2019 1016/2011/2002 1755/2031/2018
f 1755/2033/2018 1014/573/526 1752/580/532
f 1756/603/554 986/1962/1952 984/720/662
f 1758/2034/2020 987/1963/2021 986/1962/1952
f 1759/2035/2022 988/2036/2023 987/1963/1954
f 988/2037/2023 1757/696/638 985/552/506
f 1052/662/608 1758/2034/2020 1756/603/554
f 1054/2038/2024 1759/2035/2025 1758/2034/2020
f 1055/2039/2026 1760/2040/2027 1759/2041/2022
f 1760/2040/2027 1053/592/544 1757/696/638
f 1761/508/465 1051/2042/2028 1048/708/650
f 1763/2043/2029 1050/2044/2030 1051/2045/2028
f 1764/2046/2031 1049/2047/2032 1050/2044/2033
f 1049/2047/2032 1762/588/540 1047/590/542
f 975/510/467 1763/2048/2029 1761/508/465
f 978/1969/1956 1764/2046/2034 1763/2043/2029
f 977/1968/1961 1765/2049/2035 1764/2046/2031
f 1765/2049/2035 974/550/504 1762/588/540
f 1064/1289/1256 1768/2050/2036 1075/1287/1254
f 1075/1287/1254 1769/2051/2037 1076/1278/1243
f 1076/2052/1243 1770/2053/2038 1066/2054/1239
f 1066/2054/1239 1767/654/601 1062/707/649
f 1766/677/620 1059/2055/2039 1768/2050/2036
f 1768/2050/2036 1060/2056/2040 1769/2051/2037
f 1769/2057/2037 1061/2058/2041 1770/2053/2038
f 1770/2053/2038 1058/598/550 1767/654/601
f 1771/678/621 1054/2038/2024 1052/662/608
f 1773/2059/2042 1055/2060/2043 1054/2038/2024
f 1774/2061/2044 1056/2062/2045 1055/2039/2026
f 1775/2063/2046 1053/592/544 1056/2062/2045
f 1064/1289/1256 1773/2059/2042 1771/678/621
f 1077/1288/1255 1774/2064/2047 1773/2059/2042
f 1071/2065/2048 1775/2063/2046 1774/2061/2044
f 1070/2066/1248 1772/600/552 1775/2063/2046
f 1776/680/623 1059/2055/2039 1057/679/622
f 1778/2067/2049 1060/2068/2040 1059/2069/2039
f 1779/2070/2050 1061/2058/2041 1060/2068/2040
f 1061/2058/2041 1777/596/548 1058/598/550
f 1048/708/650 1778/2071/2049 1776/680/623
f 1051/2045/2028 1779/2070/2051 1778/2067/2049
f 1050/2044/2033 1780/2072/2052 1779/2070/2050
f 1049/2047/2032 1777/596/548 1780/2072/2052
f 1781/676/619 1104/2073/2053 1101/605/555
f 1783/2074/2054 1103/2075/2055 1104/2073/2053
f 1784/2076/2056 1102/2077/2057 1103/2075/2055
f 1785/2078/2058 1100/719/661 1102/2077/2057
f 1085/625/575 1783/2074/2054 1781/676/619
f 1087/2079/2059 1784/2076/2056 1783/2074/2054
f 1088/2080/2060 1785/2078/2058 1784/2076/2056
f 1089/2081/2061 1782/718/660 1785/2078/2058
f 1106/619/569 1788/2082/2062 1109/2083/2063
f 1109/2083/2063 1789/2084/2064 1108/2085/2065
f 1108/2085/2065 1790/2086/2066 1107/2087/2067
f 1107/2087/2067 1787/657/604 1105/660/607
f 1786/618/568 1092/2088/2068 1788/2082/2062
f 1788/2082/2062 1093/2089/2069 1789/2084/2064
f 1789/2084/2064 1094/2090/2070 1790/2086/2066
f 1790/2086/2066 1091/658/605 1787/657/604
f 1081/615/565 1793/2091/2071 1084/2092/2072
f 1084/2092/2072 1794/2093/2073 1083/2094/2074
f 1083/2094/2074 1795/2095/2075 1082/2096/2076
f 1082/2096/2076 1792/674/618 1080/640/590
f 1791/606/556 1104/2073/2053 1793/2091/2071
f 1793/2091/2071 1103/2075/2055 1794/2093/2073
f 1794/2093/2073 1102/2077/2057 1795/2095/2075
f 1795/2095/2075 1100/719/661 1792/674/618
f 1796/620/570 1099/2097/2077 1096/659/606
f 1798/2098/2078 1098/2099/2079 1099/2097/2077
f 1799/2100/2080 1097/2101/2081 1098/2099/2079
f 1800/2102/2082 1095/712/654 1097/2101/2081
f 1106/619/569 1798/2098/2078 1796/620/570
f 1109/2083/2063 1799/2100/2080 1798/2098/2078
f 1108/2085/2065 1800/2102/2082 1799/2100/2080
f 1107/2087/2067 1797/695/637 1800/2102/2082
f 1801/611/561 1114/2103/2083 1111/689/632
f 1803/2104/2084 1113/2105/2085 1114/2103/2083
f 1804/2106/2086 1112/2107/2087 1113/2105/2085
f 1805/2108/2088 1110/612/562 1112/2107/2087
f 1096/659/606 1803/2104/2084 1801/611/561
f 1099/2097/2077 1804/2106/2086 1803/2104/2084
f 1098/2099/2079 1805/2108/2088 1804/2106/2086
f 1097/2101/2081 1802/628/578 1805/2108/2088
f 1806/626/576 1087/2079/2059 1085/625/575
f 1808/2109/2089 1088/2080/2060 1087/2079/2059
f 1809/2110/2090 1089/2081/2061 1088/2080/2060
f 1810/2111/2091 1086/717/659 1089/2081/2061
f 1115/631/581 1808/2109/2089 1806/626/576
f 1117/2112/2092 1809/2110/2090 1808/2109/2089
f 1118/2113/2093 1810/2111/2091 1809/2110/2090
f 1119/2114/2094 1807/608/558 1810/2111/2091
f 1811/632/582 1117/2112/2092 1115/631/581
f 1813/2115/2095 1118/2113/2093 1117/2112/2092
f 1814/2116/2096 1119/2114/2094 1118/2113/2093
f 1815/2117/2097 1116/672/616 1119/2114/2094
f 1125/636/586 1813/2115/2095 1811/632/582
f 1127/2118/2098 1814/2116/2096 1813/2115/2095
f 1128/2119/2099 1815/2117/2097 1814/2116/2096
f 1129/2120/2100 1812/713/655 1815/2117/2097
f 1816/627/577 1124/2121/2101 1121/715/657
f 1818/2122/2102 1123/2123/2103 1124/2121/2101
f 1819/2124/2104 1122/2125/2105 1123/2123/2103
f 1820/2126/2106 1120/635/585 1122/2125/2105
f 1111/689/632 1818/2122/2102 1816/627/577
f 1114/2103/2083 1819/2124/2104 1818/2122/2102
f 1113/2105/2085 1820/2126/2106 1819/2124/2104
f 1112/2107/2087 1817/614/564 1820/2126/2106
f 1148/716/658 1823/2127/2107 1151/2128/2108
f 1151/2128/2108 1824/2129/2109 1150/2130/2110
f 1150/2130/2110 1825/2131/2111 1149/2132/2112
f 1149/2132/2112 1822/703/645 1147/705/647
f 1821/671/615 1134/1293/1261 1823/2127/2107
f 1823/2127/2107 1143/1297/1265 1824/2129/2109
f 1824/2129/2109 1142/1303/1274 1825/2131/2111
f 1825/2131/2111 1132/704/646 1822/703/645
f 1826/638/588 1127/2118/2098 1125/636/586
f 1828/2133/2113 1128/2119/2099 1127/2118/2098
f 1829/2134/2114 1129/2120/2100 1128/2119/2099
f 1830/2135/2115 1126/710/652 1129/2120/2100
f 1148/716/658 1828/2133/2113 1826/638/588
f 1151/2128/2108 1829/2134/2114 1828/2133/2113
f 1150/2130/2110 1830/2135/2115 1829/2134/2114
f 1149/2132/2112 1827/690/633 1830/2135/2115
f 1831/633/583 1138/1301/1269 1131/639/589
f 1833/2136/2116 1139/1306/1277 1138/1301/1269
f 1834/2137/2117 1144/1304/1275 1139/1306/1277
f 1835/2138/2118 1132/704/646 1144/1304/1275
f 1121/715/657 1833/2136/2116 1831/633/583
f 1124/2121/2101 1834/2137/2117 1833/2136/2116
f 1123/2123/2103 1835/2138/2118 1834/2137/2117
f 1122/2125/2105 1832/702/644 1835/2138/2118
f 1090/622/572 1838/2139/2119 1092/2088/2068
f 1092/2088/2068 1839/2140/2120 1093/2089/2069
f 1093/2089/2069 1840/2141/2121 1094/2090/2070
f 1094/2090/2070 1837/697/639 1091/658/605
f 1836/643/591 1159/2142/2122 1838/2139/2119
f 1838/2139/2119 1160/2143/2123 1839/2140/2120
f 1839/2140/2120 1161/2144/2124 1840/2141/2121
f 1840/2141/2121 1158/664/610 1837/697/639
f 1153/645/593 1843/2145/2125 1156/2146/2126
f 1156/2146/2126 1844/2147/2127 1155/2148/2128
f 1155/2148/2128 1845/2149/2129 1154/2150/2130
f 1154/2150/2130 1842/649/596 1152/648/595
f 1841/616/566 1084/2092/2072 1843/2145/2125
f 1843/2145/2125 1083/2094/2074 1844/2147/2127
f 1844/2147/2127 1082/2096/2076 1845/2149/2129
f 1845/2149/2129 1080/640/590 1842/649/596
f 1846/656/603 1170/1309/1281 1167/709/651
f 1848/2151/2131 1171/1318/1291 1170/1309/1281
f 1849/2152/2132 1177/1314/1287 1171/1318/1291
f 1850/2153/2133 1168/1315/1288 1177/1314/1287
f 1162/652/599 1848/2151/2131 1846/656/603
f 1164/2154/2134 1849/2152/2132 1848/2151/2131
f 1165/2155/2135 1850/2153/2133 1849/2152/2132
f 1166/2156/2136 1847/684/627 1850/2153/2133
f 1157/644/592 1853/2157/2137 1159/2142/2122
f 1159/2142/2122 1854/2158/2138 1160/2143/2123
f 1160/2143/2123 1855/2159/2139 1161/2144/2124
f 1161/2144/2124 1852/683/626 1158/664/610
f 1851/650/597 1181/1321/1295 1853/2157/2137
f 1853/2157/2137 1176/1316/1289 1854/2158/2138
f 1854/2158/2138 1175/1313/1286 1855/2159/2139
f 1855/2159/2139 1168/1315/1288 1852/683/626
f 1162/652/599 1858/2160/2140 1164/2154/2134
f 1164/2154/2134 1859/2161/2141 1165/2155/2135
f 1165/2155/2135 1860/2162/2142 1166/2156/2136
f 1166/2156/2136 1857/682/625 1163/681/624
f 1856/646/594 1156/2146/2126 1858/2160/2140
f 1858/2160/2140 1155/2148/2128 1859/2161/2141
f 1859/2161/2141 1154/2150/2130 1860/2162/2142
f 1860/2162/2142 1152/648/595 1857/682/625
f 1169/651/598 1863/2163/2143 1180/2164/1296
f 1180/1308/2144 1862/706/648 1167/709/2145
f 1861/601/553 1072/1282/2146 1863/2163/2143
s 43
f 1863/2163/2147 1072/1282/2148 1065/2165/2147
s 4
f 1863/2166/2149 1062/707/649 1862/706/648
f 1864/581/533 1038/2167/2150 1026/582/534
s 44
f 1038/2167/2151 1866/2168/2152 1029/2169/2153
f 1029/2170/2153 1866/2171/2152 1867/2172/2154
s 4
f 1867/2172/2155 1024/1254/1217 1029/1256/1219
f 1131/639/589 1866/2173/2156 1864/581/533
s 44
f 1866/2171/2152 1133/2174/2157 1867/2172/2154
s 4
f 1133/2175/1262 1865/668/612 1867/2176/2155
s 45
f 481/1629/2158 482/2177/2159 1878/1627/2159
s 2
f 437/1610/1576 438/2178/1587 1870/1608/2160
f 1419/287/262 1873/2179/2161 1429/1336/1311
f 1429/1336/1311 1874/2180/2162 1430/1328/1304
f 1430/1328/1304 1875/2181/2163 1422/1324/1300
f 1422/1324/1300 1872/304/279 1417/291/266
f 1474/1341/1317 1875/2181/2163 1477/1339/1315
f 1477/1339/1315 1874/2180/2162 1478/1342/1318
f 1478/1342/1318 1873/2179/2161 1484/1348/1324
f 1484/1348/1324 1871/286/261 1475/307/282
s 11
f 447/840/791 446/2182/784 445/844/783
s 5
f 429/819/768 426/817/762 425/816/760
s 46
f 505/1642/2164 504/2183/2164 1868/1643/2164
s 47
f 430/1624/2165 427/815/2165 431/2184/2165
s 9
f 440/832/777 435/831/776 1879/828/2166
s 48
f 448/1611/2167 1877/838/2168 449/2185/2169
s 1
f 213/10/8 24/76/68 113/11/9
f 1220/37/33 107/36/32 23/38/34
f 238/39/35 23/38/34 114/45/40
f 105/6/6 20/5/5 324/71/64
f 10/73/66 309/190/167 1290/74/67
f 24/76/68 319/127/113 1284/77/69
f 333/78/70 8/95/66 97/79/71
f 103/55/50 16/17/14 304/81/73
f 15/83/75 102/87/79 1269/84/76
f 15/83/75 329/85/77 1279/86/78
f 102/87/79 14/20/17 313/88/80
f 115/89/81 1264/144/126 324/71/64
f 116/90/82 1289/92/84 308/91/83
f 19/31/27 338/97/88 1289/92/84
f 22/28/24 334/157/137 1299/93/85
f 1285/94/86 96/75/66 8/95/66
f 104/96/87 1294/98/89 338/97/88
f 18/41/37 348/102/93 1294/98/89
f 23/38/34 344/187/165 1314/99/90
f 1300/80/72 97/79/71 11/100/91
f 112/50/45 1309/104/95 348/102/93
f 25/103/94 371/189/166 1309/104/95
f 114/45/40 1314/99/90 354/105/96
f 303/106/97 1275/142/125 95/107/66
f 14/20/17 101/19/16 1319/109/98
f 101/19/16 13/60/55 380/110/99
f 111/63/58 17/57/52 376/111/100
f 99/113/66 12/134/66 375/114/102
f 13/60/55 109/59/54 1334/116/104
f 109/59/54 1344/67/62 392/117/105
f 21/65/60 111/63/58 1339/112/101
f 7/108/66 95/107/66 1270/125/111
f 108/22/19 1279/86/78 319/127/113
f 95/107/66 9/143/66 328/128/114
f 16/17/14 105/6/6 1274/72/65
f 381/132/117 1335/151/133 100/133/66
f 234/32/28 19/31/27 116/90/82
f 96/75/66 1290/74/67 339/140/123
f 1275/142/125 323/192/169 9/143/66
f 26/34/30 308/91/83 1264/144/126
f 100/133/66 1330/152/134 386/149/131
f 1335/151/133 391/786/732 1330/152/134
f 113/11/9 1284/77/69 334/157/137
f 11/100/91 349/181/160 1310/158/138
f 94/162/66 1280/163/142 328/128/114
f 10/73/66 318/183/162 1280/163/142
f 7/108/66 99/113/66 1325/115/103
s 2
f 407/165/144 1377/209/186 136/166/145
s 1
f 1320/168/147 381/132/117 12/134/66
f 1315/173/152 98/159/139 1305/174/153
f 98/159/139 1310/158/138 370/176/155
f 17/57/52 103/55/50 1324/82/74
f 12/134/66 100/133/66 1340/150/132
f 97/79/71 1295/184/163 349/181/160
f 318/183/162 10/73/66 96/75/66
f 8/95/66 339/140/123 1295/184/163
f 107/36/32 1299/93/85 344/187/165
f 309/190/167 10/73/66 94/162/66
f 1265/191/168 94/162/66 9/143/66
f 343/101/92 11/100/91 98/159/139
f 314/126/112 1320/168/147 99/113/66
s 2
f 452/195/172 1418/342/317 129/196/173
f 499/198/175 1525/201/178 135/199/176
f 1525/201/178 722/1123/1082 1469/202/179
f 706/203/180 1470/330/305 130/204/181
f 1377/209/186 432/823/769 1516/210/187
f 1465/205/182 130/204/181 1476/214/191
f 443/216/193 1387/317/292 123/217/194
f 1440/222/199 131/337/312 1445/223/200
f 27/227/204 528/260/236 1370/228/205
f 1388/233/210 133/248/224 1517/234/211
f 1383/236/213 408/801/750 1493/237/214
f 33/239/216 546/302/277 1356/240/217
f 34/197/174 129/196/173 1361/242/219
f 409/244/221 28/273/204 121/245/204
f 1388/233/210 442/839/1592 1497/247/223
f 509/249/225 1369/289/264 120/250/226
f 452/195/172 34/197/174 127/255/231
f 443/216/193 29/218/195 122/257/233
f 27/227/204 121/245/204 1350/259/235
f 34/197/174 526/243/220 1351/261/237
f 35/268/244 565/269/245 1361/242/219
f 35/268/244 128/241/218 1356/240/217
f 28/273/204 122/257/233 1365/274/249
f 29/218/195 508/280/255 1365/274/249
f 486/279/254 1407/256/232 127/255/231
f 29/218/195 123/217/194 1370/228/205
f 136/166/145 1516/210/187 581/281/256
f 1413/200/177 135/199/176 1507/283/258
f 451/285/260 1512/306/281 1871/286/261
f 1360/288/263 120/250/226 1369/289/264
f 28/273/204 544/275/250 1350/259/235
f 30/252/228 545/254/230 1364/297/272
f 32/232/209 125/298/273 1364/297/272
f 1373/251/227 120/250/226 1360/288/263
f 33/239/216 127/255/231 1351/261/237
f 135/199/176 1469/202/179 705/303/278
f 1512/306/281 687/1102/1061 1475/307/282
f 1493/237/214 599/1018/970 1439/308/283
f 133/248/224 1444/311/286 582/309/284
f 133/248/224 1497/247/223 617/310/285
f 433/316/291 27/227/204 123/217/194
f 441/318/293 1383/236/213 119/238/215
f 119/238/215 1439/308/283 615/320/295
f 136/166/145 1435/282/257 597/321/296
f 486/279/254 33/239/216 128/241/218
f 500/329/304 1412/328/303 128/241/218
f 1476/214/191 130/204/181 1470/330/305
f 409/244/221 1382/258/234 122/257/233
f 433/316/291 1378/246/222 121/245/204
f 1445/223/200 131/337/312 1434/334/309
f 598/336/311 1434/334/309 131/337/312
f 500/329/304 35/268/244 129/196/173
s 3
f 1540/349/324 759/525/482 55/350/325
f 754/355/328 59/421/387 164/356/329
f 739/361/333 1540/349/324 156/351/326
f 1560/375/346 155/441/407 54/376/347
f 769/374/345 57/373/344 158/381/352
f 1565/382/353 158/381/352 58/383/354
f 779/384/355 58/383/354 165/390/360
f 1580/391/361 165/390/360 1692/392/362
f 1590/399/368 739/361/333 51/362/334
f 824/401/370 1590/399/368 154/400/369
f 1605/407/376 824/401/370 52/402/371
f 156/351/326 55/350/325 877/416/383
f 45/418/385 862/533/490 1635/419/386
f 886/423/389 43/440/406 148/424/390
f 154/400/369 51/362/334 857/426/392
f 50/428/394 153/432/398 1614/429/395
f 153/432/398 49/365/337 866/433/399
f 166/434/400 1609/487/446 877/416/383
f 167/435/401 1634/437/403 861/436/402
f 54/376/347 891/442/408 1634/437/403
f 1630/439/405 147/420/385 43/440/406
f 155/441/407 1639/443/409 891/442/408
f 53/386/357 901/447/413 1639/443/409
f 58/383/354 897/531/488 1659/444/410
f 1645/425/391 148/424/390 46/445/411
f 163/395/365 1654/449/415 901/447/413
f 165/390/360 1659/444/410 907/450/416
f 856/451/417 1620/485/445 146/452/385
f 162/408/377 52/402/371 943/456/420
f 150/458/385 47/477/385 942/459/422
f 56/410/379 162/408/377 1684/457/421
f 42/453/385 146/452/385 1615/468/431
f 159/367/339 1624/431/397 872/470/433
f 146/452/385 44/486/385 881/471/434
f 51/362/334 156/351/326 1619/417/384
f 948/475/437 1680/494/453 151/476/385
f 775/377/348 54/376/347 167/435/401
f 147/420/385 1635/419/386 892/483/443
f 745/380/351 60/379/350 166/434/400
f 1620/485/445 876/535/492 44/486/385
f 60/379/350 861/436/402 1609/487/446
f 151/476/385 1675/495/454 953/492/451
f 1680/494/453 958/1246/1206 1675/495/454
f 164/356/329 1629/422/388 887/500/458
f 46/445/411 902/524/481 1655/501/459
f 145/505/385 1625/506/463 881/471/434
f 45/418/385 871/526/483 1625/506/463
f 42/453/385 150/458/385 1670/460/423
f 1665/511/468 948/475/437 47/477/385
f 1660/516/473 149/502/460 1650/517/474
f 149/502/460 1655/501/459 924/519/476
f 52/402/371 154/400/369 1669/427/393
f 785/387/358 53/386/357 155/441/407
f 47/477/385 151/476/385 1685/493/452
f 148/424/390 1640/527/484 902/524/481
f 1530/484/444 166/434/400 55/350/325
f 871/526/483 45/418/385 147/420/385
f 43/440/406 892/483/443 1640/527/484
f 158/381/352 1644/438/404 897/531/488
f 862/533/490 45/418/385 145/505/385
f 1610/534/491 145/505/385 44/486/385
f 896/446/412 46/445/411 149/502/460
f 867/469/432 1665/511/468 150/458/385
s 1
f 1266/1479/1451 1267/1481/1453 326/1480/1452
f 310/1484/1456 311/1485/1457 1267/1481/1453
f 329/85/77 1269/84/76 1271/1487/1459
f 331/1490/1462 1272/1489/1461 1273/1491/1463
f 305/1501/1473 1278/1500/1472 1275/142/125
f 1276/1496/1468 327/1478/1450 326/1480/1452
f 1277/1498/1470 326/1480/1452 325/1482/1454
f 1279/86/78 1281/1503/1475 322/1502/1474
f 1282/1505/1477 1283/1507/1479 320/1506/1478
f 329/85/77 332/1488/1460 1281/1503/1475
f 330/1492/1464 328/128/114 1280/163/142
f 1286/1509/1481 1287/1511/1483 336/1510/1482
f 1287/1511/1483 1288/1513/1485 335/1512/1484
f 338/97/88 340/1517/1489 1291/1514/1486
f 1296/1520/1492 1297/1521/1493 341/1518/1490
f 1297/1521/1493 1298/1522/1494 342/1519/1491
f 1298/1522/1494 1295/184/163 339/140/123
f 351/1524/1496 352/1525/1497 1298/1522/1494
f 352/1525/1497 349/181/160 1295/184/163
f 1303/1531/1503 1300/80/72 343/101/92
f 337/1508/1480 336/1510/1482 1302/1529/1501
f 1309/104/95 1311/1539/1510 350/1523/1495
f 1314/99/90 1316/1542/1513 361/770/714
f 315/1493/1465 1321/1545/1516 1322/1546/1517
f 1319/109/98 380/110/99 382/1548/1519
f 1324/82/74 304/81/73 307/1497/1469
f 1328/1555/1526 305/1501/1473 303/106/97
f 388/1563/1532 389/1564/1533 1333/1560/1530
f 389/1564/1533 386/149/131 1330/152/134
f 380/110/99 1334/116/104 1336/1565/1534
f 382/1548/1519 1336/1565/1534 1337/1566/1535
f 383/1549/1520 1337/1566/1535 1338/1567/1536
f 384/1550/1521 1338/1567/1536 1335/151/133
f 1334/116/104 392/117/105 404/792/739
f 1342/1569/1538 378/1554/1525 377/1556/1527
s 2
f 528/260/236 1350/259/235 1352/1580/1548
f 539/944/894 1352/1580/1548 1353/1581/1549
f 1353/1581/1549 1354/1582/1550 531/930/879
f 1354/1582/1550 1351/261/237 526/243/220
f 1350/259/235 544/275/250 549/950/901
f 1352/1580/1548 549/950/901 559/953/904
f 559/953/904 558/963/914 1354/1582/1550
f 558/963/914 546/302/277 1351/261/237
f 1357/1583/1551 1358/1585/1553 554/958/909
f 554/958/909 1358/1585/1553 1359/1584/1552
f 560/962/913 1359/1584/1552 1356/240/217
f 1358/1585/1553 577/969/920 576/981/934
f 1359/1584/1552 576/981/934 565/269/245
f 578/980/933 1363/1591/1560 1361/242/219
f 1360/288/263 527/290/265 536/938/886
f 1362/1586/1554 536/938/886 530/931/890
f 1367/1593/1562 1368/1594/1563 513/913/858
f 1364/297/272 545/254/230 555/957/908
f 547/949/900 544/275/250 1365/274/249
f 1369/289/264 1371/1599/1567 534/1595/887
f 1371/1596/1564 1372/1600/1565 535/947/897
f 1372/1597/1566 1370/228/205 528/260/236
f 1369/289/264 509/249/225 518/1598/865
f 1372/1597/1566 511/912/857 508/280/255
f 435/826/770 1379/1606/1572 1380/1607/1573
f 1870/1608/1574 1380/1607/1573 1381/1609/1575
f 437/1610/1576 1381/1609/1575 1378/246/222
f 407/165/144 412/795/744 1379/1606/1572
f 1382/258/234 1384/1612/1580 448/1611/1579
f 1384/1612/1580 1385/1613/1582 1877/838/1581
f 1385/1613/1582 1386/1614/1584 445/835/1583
f 1384/1612/1580 418/809/1578 415/802/1585
f 1385/1613/1582 415/802/1585 414/799/748
f 1387/317/292 1389/1616/1586 437/1615/1576
f 1389/1616/1586 1390/1617/1588 438/833/1587
f 1390/1617/1588 1391/1618/1589 440/830/774
f 1391/1618/1589 1388/233/210 434/235/212
f 1389/1616/1586 448/1619/1579 449/1620/1590
f 1391/1618/1589 447/842/1591 442/839/1592
f 1407/256/232 486/279/254 492/894/839
f 1410/1636/1615 491/895/834 488/884/831
f 1411/1638/1618 488/884/831 485/886/833
f 1412/328/303 1414/1639/1620 492/893/839
f 1414/1639/1620 1415/1640/1621 493/891/837
f 1415/1640/1621 1416/1641/1622 497/897/843
f 1412/328/303 500/329/304 505/1642/1623
f 1414/1639/1620 505/1642/1623 1868/1643/1624
f 1415/1640/1621 1868/1643/1624 503/902/845
f 1416/1641/1622 503/902/845 499/198/175
f 1418/342/317 1427/1331/1307 505/1644/1623
f 1421/1325/1301 1420/1323/1299 503/908/1626
f 1418/342/317 452/195/172 460/856/1627
f 1425/1332/1306 460/856/1627 457/853/1628
f 1426/1333/1308 457/853/1628 456/852/1629
f 1431/1337/1312 456/852/1629 451/285/260
f 1434/1648/309 598/1011/311 607/1010/964
f 1436/1645/1630 607/1010/964 601/1004/958
f 1437/1646/1631 601/1004/958 600/1002/956
f 1438/1647/1632 600/1002/956 597/321/296
f 1443/1651/1635 1440/2186/199 616/1029/201
f 599/1018/970 612/1017/969 1441/1649/1633
f 612/1017/969 606/1012/965 1442/1650/1634
f 606/1012/965 605/1009/963 1443/1651/1635
f 605/1652/963 598/336/311 1440/222/199
f 1444/311/286 1446/1654/1636 589/995/948
f 1447/1655/1637 1448/1656/1638 594/998/952
f 1444/311/286 617/310/285 630/1034/985
f 1446/1654/1636 630/1034/985 625/1030/980
f 1447/1655/1637 625/1030/980 624/1027/978
f 1448/1656/1638 624/1027/978 616/1029/201
f 1469/202/179 1471/1677/1654 712/1113/1074
f 712/1113/1074 1471/1677/1654 1472/1674/1652
f 713/1115/1076 1472/1674/1652 1473/1675/1653
f 719/1119/1080 1473/1675/1653 1470/1676/305
f 1471/1677/1654 727/1125/1084 735/1129/1088
f 1482/1347/1323 701/1104/1063 695/1098/1056
f 1483/1349/1325 695/1098/1056 694/1095/1054
f 1489/1354/1329 694/1095/1054 686/1097/192
s 3
f 865/1841/1840 862/533/490 1610/534/491
f 860/1852/1851 1621/1851/1850 1622/1853/1852
f 1621/1851/1850 880/1833/1832 879/1835/1834
f 1628/1862/1861 1625/506/463 871/526/483
f 883/1847/1846 881/471/434 1625/506/463
f 872/470/433 875/1857/1856 1631/1864/1863
f 874/1859/1858 873/1861/1860 1633/1868/1867
f 894/1873/1872 895/1874/1873 1638/1871/1870
f 1643/1877/1876 1640/527/484 892/483/443
f 889/1865/1864 888/1867/1866 1648/1886/1885
f 1656/1891/1891 1657/1892/1892 904/1879/1878
f 1659/444/410 1661/1895/1894 913/1894/1170
f 1662/1897/1895 1663/1902/1896 920/1212/1175
f 897/531/488 900/1881/1880 1661/1895/1894
f 898/1903/1884 896/2187/412 1660/1904/473
f 868/1848/1847 1666/1905/1897 1667/1906/1898
f 946/1912/1904 1671/1911/1903 1672/1913/1905
f 1672/1913/1905 859/1854/1853 858/1856/1855
f 951/1910/1902 1683/1925/1917 1680/494/453
f 955/1921/1913 1687/1927/1919 1688/1928/1920
f 956/1922/1914 1688/1928/1920 1685/493/452
f 1687/1927/1919 945/1914/1906 944/1916/1908
f 1688/1928/1920 944/1916/1908 942/459/422
s 1
f 1244/1/1 92/70/2 1/2/2
f 1195/4/4 218/182/161 20/5/5
f 88/7/2 1189/61/56 224/8/7
f 4/13/2 89/43/2 1209/14/11
f 198/16/13 1195/4/4 105/6/6
f 209/18/15 1240/164/143 101/19/16
f 223/21/18 15/83/75 108/22/19
f 3/9/2 87/27/2 1184/24/21
f 1199/26/23 214/160/140 4/13/2
f 1205/12/10 113/11/9 22/28/24
f 1215/30/26 104/96/87 19/31/27
f 1210/33/29 116/90/82 26/34/30
f 228/29/25 22/28/24 107/36/32
f 1230/40/36 112/50/45 18/41/37
f 89/43/2 2/156/2 233/44/39
f 1235/46/41 114/45/40 1347/47/42
f 265/49/44 25/103/94 112/50/45
f 90/51/46 5/153/46 243/52/47
f 1245/54/49 198/16/13 16/17/14
f 270/56/51 1245/54/49 103/55/50
f 276/58/53 1255/66/61 109/59/54
f 1/2/2 208/193/170 1189/61/56
f 1260/62/57 270/56/51 17/57/52
f 281/64/59 1260/62/57 111/63/58
f 1255/66/61 286/748/692 1344/67/62
f 6/68/2 275/130/115 1239/69/63
f 1190/119/107 209/18/15 14/20/17
f 1250/120/108 281/1466/59 21/121/60
f 106/122/109 21/121/60 385/123/106
f 224/8/7 1199/26/23 87/27/2
f 1200/23/20 108/22/19 24/76/68
f 93/129/2 1254/146/128 275/130/115
f 199/3/3 1/2/2 88/7/2
f 1225/135/118 248/722/664 1348/136/119
f 110/137/120 1348/136/119 353/138/121
f 204/35/31 26/34/30 115/89/81
f 223/21/18 1190/119/107 102/87/79
f 1249/145/127 287/757/701 1254/146/128
f 280/147/129 1249/145/127 93/129/2
f 5/153/46 91/169/148 1229/154/135
f 1204/155/136 229/161/141 2/156/2
f 214/160/140 1204/155/136 89/43/2
f 229/161/141 1219/186/164 90/51/46
f 1240/164/143 276/58/53 13/60/55
f 91/169/148 1224/172/151 266/170/149
f 1234/171/150 249/731/673 1224/172/151
f 1250/120/108 106/122/109 1345/177/156
f 271/179/158 6/68/2 92/70/2
f 106/122/109 1329/124/110 390/180/159
f 244/42/38 18/41/37 104/96/87
f 1259/148/130 93/129/2 6/68/2
f 2/156/2 90/51/46 1214/53/48
f 1185/141/124 115/89/81 20/5/5
f 1225/185/118 110/188/120 25/103/94
f 1219/186/164 239/194/171 5/153/46
f 110/188/120 1304/1538/122 371/189/166
f 1194/131/116 88/7/2 3/9/2
f 87/27/2 4/13/2 203/15/12
f 92/70/2 1239/69/63 208/193/170
f 239/194/171 1234/171/150 91/169/148
s 2
f 476/206/183 32/232/209 126/207/184
f 137/211/188 1504/1689/1678 667/212/189
f 421/219/196 1392/299/274 134/220/197
f 1520/225/202 632/1039/993 1450/226/203
f 31/229/206 126/207/184 1374/230/207
f 32/232/209 510/300/275 1374/230/207
f 30/252/228 124/277/252 1355/253/229
f 1397/262/238 137/211/188 1519/263/239
f 422/265/241 1502/1686/1672 118/266/242
f 477/270/246 1403/267/243 118/266/242
f 475/272/248 1504/1689/1678 137/211/188
f 423/276/251 31/229/206 124/277/252
f 1417/291/266 1872/304/279 1524/292/267
f 1408/294/269 485/886/833 1508/295/270
f 31/229/206 563/231/208 1355/253/229
f 1392/299/274 461/859/809 1520/225/202
f 1872/304/279 1474/1341/1317 723/305/280
f 118/266/242 1502/1686/1672 652/312/287
f 1519/263/239 137/211/188 1455/213/190
f 118/266/242 1459/313/288 668/315/290
f 423/276/251 1402/208/185 126/207/184
f 462/322/297 1393/278/253 124/277/252
f 634/323/298 1454/339/314 132/324/299
f 1449/325/300 132/324/299 1460/326/301
f 117/296/271 1508/295/270 704/332/307
f 462/322/297 30/252/228 125/298/273
f 476/206/183 1398/338/313 125/298/273
f 1460/326/301 132/324/299 1454/339/314
f 134/220/197 1450/226/203 650/341/316
f 450/343/318 1408/294/269 117/296/271
f 1513/344/319 117/296/271 1464/333/308
s 3
f 1589/346/321 143/415/322 36/347/322
f 139/352/322 1534/406/375 765/353/327
f 39/358/322 140/388/322 1554/359/331
f 750/363/335 1585/507/464 152/364/336
f 764/366/338 50/428/394 159/367/339
f 38/354/322 138/372/322 1529/369/341
f 1544/371/343 755/503/461 39/358/322
f 1550/357/330 164/356/329 57/373/344
f 1555/378/349 167/435/401 60/379/350
f 1575/385/356 163/395/365 53/386/357
f 140/388/322 37/499/322 774/389/359
f 806/394/364 1696/448/414 163/395/365
f 141/396/322 40/496/455 784/397/366
f 830/403/372 1600/411/380 160/404/373
f 36/347/322 749/536/493 1534/406/375
f 835/409/378 1605/407/376 162/408/377
f 1600/411/380 840/1184/1144 1689/412/381
f 41/413/322 829/473/435 1584/414/382
f 59/421/387 872/470/433 1629/422/388
f 50/428/394 882/430/396 1624/431/397
f 57/373/344 887/500/458 1644/438/404
f 1696/448/414 925/1232/1194 1654/449/415
f 49/365/337 152/364/336 1664/454/418
f 152/364/336 48/405/374 947/455/419
f 48/405/374 160/404/373 1679/461/424
f 160/404/373 1689/412/381 959/462/425
f 1535/464/427 750/363/335 49/365/337
f 1595/465/428 835/409/378 56/410/379
f 157/466/429 56/410/379 952/463/426
f 765/353/327 1544/371/343 138/372/322
f 1545/368/340 159/367/339 59/421/387
f 144/472/322 1599/489/448 829/473/435
f 740/348/323 36/347/322 139/352/322
f 789/478/438 1693/481/441 161/479/439
f 1693/481/441 906/1197/1158 1649/482/442
f 764/366/338 1535/464/427 153/432/398
f 1594/488/447 841/1193/1154 1599/489/448
f 834/490/449 1594/488/447 144/472/322
f 40/496/455 142/512/469 1574/497/456
f 1549/498/457 770/504/462 37/499/322
f 755/503/461 1549/498/457 140/388/322
f 770/504/462 1564/530/487 141/396/322
f 1585/507/464 830/403/372 48/405/374
s 4
f 1761/508/465 173/604/466 61/509/466
s 3
f 142/512/469 1569/515/472 807/513/470
f 1579/514/471 790/1149/1111 1569/515/472
f 1595/465/428 157/466/429 1690/520/477
f 825/522/479 41/413/322 143/415/322
f 157/466/429 1674/467/430 957/523/480
f 1604/491/450 144/472/322 41/413/322
f 37/499/322 141/396/322 1559/398/367
f 1570/480/440 161/479/439 1697/528/485
f 1564/530/487 780/537/494 40/496/455
f 161/479/439 1649/482/442 923/532/489
f 1539/474/436 139/352/322 38/354/322
f 138/372/322 39/358/322 744/360/332
f 143/415/322 1584/414/382 749/536/493
f 780/537/494 1579/514/471 142/512/469
s 4
f 1712/538/495 994/711/653 80/539/496
f 169/541/466 1706/595/547 1000/542/498
f 989/544/499 84/610/560 194/545/500
f 64/547/466 170/577/466 1726/548/502
f 974/550/504 1712/538/495 186/540/497
f 985/552/506 1757/696/638 182/553/507
f 999/555/509 75/617/567 189/556/510
f 63/543/466 168/561/466 1701/558/512
f 1716/560/514 990/692/635 64/547/466
f 1722/546/501 194/545/500 82/562/515
f 1732/564/517 185/630/580 79/565/518
f 1727/567/520 197/624/574 86/568/521
f 1004/563/516 82/562/515 188/570/523
f 1737/571/524 188/570/523 83/572/525
f 1747/574/527 193/584/536 78/575/528
f 170/577/466 62/688/631 1009/578/530
f 1014/573/526 83/572/525 195/579/531
f 1752/580/532 195/579/531 1864/581/533
f 1042/583/535 85/637/587 193/584/536
f 171/585/537 65/685/628 1019/586/538
f 1762/588/540 974/550/504 76/551/505
f 1047/590/542 1762/588/540 184/589/541
f 1053/592/544 1772/600/552 190/593/545
f 61/509/466 984/720/662 1706/595/547
f 1777/596/548 1047/590/542 77/591/543
f 1058/598/550 1777/596/548 192/597/549
f 1772/600/552 1063/1280/1245 1861/601/553
f 66/602/466 1052/662/608 1756/603/554
f 186/540/497 80/539/496 1101/605/555
f 70/607/557 1086/717/659 1807/608/558
f 84/610/560 1096/659/606 1801/611/561
f 1110/612/562 68/629/579 178/613/563
f 184/589/541 76/551/505 1081/615/565
f 75/617/567 183/621/571 1786/618/568
f 75/617/567 1106/619/569 1796/620/570
f 183/621/571 74/554/508 1090/622/572
f 196/623/573 1781/676/619 1101/605/555
f 197/624/574 1806/626/576 1085/625/575
f 79/565/518 1115/631/581 1806/626/576
f 82/562/515 1111/689/632 1816/627/577
f 1802/628/578 177/609/559 68/629/579
f 185/630/580 1811/632/582 1115/631/581
f 78/575/528 1125/636/586 1811/632/582
f 83/572/525 1121/715/657 1831/633/583
f 1817/614/564 178/613/563 71/634/584
f 193/584/536 1826/638/588 1125/636/586
f 85/637/587 1148/716/658 1826/638/588
f 195/579/531 1831/633/583 1131/639/589
f 1080/640/590 1792/674/618 176/641/559
f 74/554/508 182/553/507 1836/643/591
f 182/553/507 73/594/546 1157/644/592
f 192/597/549 77/591/543 1153/645/593
f 180/647/557 72/666/559 1152/648/595
f 73/594/546 190/593/545 1851/650/597
f 190/593/545 1861/601/553 1169/651/598
f 81/599/551 192/597/549 1856/646/594
f 1707/653/600 985/552/506 74/554/508
f 1767/654/601 1058/598/550 81/599/551
f 187/655/602 81/599/551 1162/652/599
f 67/642/559 176/641/559 1787/657/604
f 1000/542/498 1716/560/514 168/561/466
f 1717/557/511 189/556/510 84/610/560
f 189/556/510 1796/620/570 1096/659/606
f 176/641/559 69/675/559 1105/660/607
f 174/661/466 1771/678/621 1052/662/608
f 975/510/467 61/509/466 169/541/466
f 76/551/505 186/540/497 1791/606/556
f 1158/664/610 1852/683/626 181/665/559
f 1010/566/519 79/565/518 197/624/574
f 1742/667/611 1024/2188/1217 1865/668/612
f 191/669/613 1865/668/612 1130/670/614
f 177/609/559 1807/608/558 1116/672/616
f 980/569/522 86/568/521 196/623/573
f 999/555/509 1707/653/600 183/621/571
f 1792/674/618 1100/719/661 69/675/559
f 86/568/521 1085/625/575 1781/676/619
f 1766/677/620 1064/1289/1256 1771/678/621
f 1057/679/622 1766/677/620 174/661/466
f 181/665/559 1847/684/627 1163/681/624
f 1852/683/626 1168/1315/1288 1847/684/627
f 65/685/628 172/698/640 1746/686/629
f 1721/687/630 1005/693/636 62/688/631
f 194/545/500 1801/611/561 1111/689/632
f 71/634/584 1126/710/652 1827/690/633
f 990/692/635 1721/687/630 170/577/466
f 1005/693/636 1736/714/656 171/585/537
f 175/694/557 1797/695/637 1105/660/607
f 70/607/557 1095/712/654 1797/695/637
f 1757/696/638 1053/592/544 73/594/546
f 67/642/559 180/647/557 1842/649/596
f 1837/697/639 1158/664/610 72/666/559
f 172/698/640 1741/701/643 1043/699/641
f 1751/700/642 1025/1263/1226 1741/701/643
f 1832/702/644 179/691/634 1822/703/645
f 179/691/634 1827/690/633 1147/705/647
f 1767/654/601 187/655/602 1862/706/648
f 1048/708/650 66/602/466 173/604/466
f 77/591/543 184/589/541 1841/616/566
f 187/655/602 1846/656/603 1167/709/651
f 1020/576/529 78/575/528 185/630/580
f 1776/680/623 174/661/466 66/602/466
f 72/666/559 181/665/559 1857/682/625
f 178/613/563 1812/713/655 1126/710/652
f 62/688/631 171/585/537 1731/587/539
f 1702/673/617 196/623/573 80/539/496
f 1095/712/654 70/607/557 177/609/559
f 68/629/579 1116/672/616 1812/713/655
f 1742/667/611 191/669/613 85/637/587
f 1736/714/656 1015/721/663 65/685/628
f 188/570/523 1816/627/577 1121/715/657
f 191/669/613 1821/671/615 1148/716/658
f 1711/663/609 169/541/466 63/543/466
f 168/561/466 64/547/466 979/549/503
f 1086/717/659 70/607/557 175/694/557
f 1782/718/660 175/694/557 69/675/559
f 173/604/466 1756/603/554 984/720/662
f 1015/721/663 1751/700/642 172/698/640
f 1120/635/585 71/634/584 179/691/634
f 1091/658/605 1837/697/639 180/647/557
s 1
f 248/722/664 251/725/667 253/723/665
f 251/725/667 252/734/676 254/726/668
f 253/723/665 254/726/668 255/728/670
f 256/729/671 259/733/675 258/730/672
f 257/732/674 260/735/677 259/733/675
f 259/733/675 254/726/668 252/734/676
f 260/735/677 255/728/670 254/726/668
f 250/48/43 261/1576/680 263/736/678
f 262/740/679 263/739/678 260/735/682
f 263/739/678 264/727/2170 255/728/684
f 285/178/157 288/743/687 290/741/685
f 288/743/687 295/1574/2171 291/744/688
f 289/742/686 290/741/685 302/745/689
f 290/741/685 291/744/688 292/747/691
f 286/748/692 293/1473/695 296/749/693
f 293/751/695 294/759/1445 297/752/696
f 296/753/693 297/752/696 292/747/698
f 298/755/699 301/758/702 300/756/700
f 299/746/690 302/745/689 301/758/702
f 301/758/702 297/752/704 294/759/703
f 302/745/689 292/747/691 297/752/704
f 353/760/121 356/2189/707 358/761/705
f 357/762/706 358/761/705 369/765/709
f 358/761/705 359/764/2172 360/767/711
f 354/105/96 361/770/714 363/768/712
f 361/770/714 362/775/721 364/771/715
f 363/768/712 364/771/715 360/767/717
f 365/772/718 368/774/720 367/773/719
f 366/766/710 369/765/722 368/774/720
f 368/774/720 364/771/715 362/775/721
f 369/765/722 360/767/717 364/771/715
f 390/180/159 393/1557/725 395/776/723
f 393/778/725 394/789/735 396/779/726
f 395/780/723 396/779/726 397/783/728
f 398/784/730 401/788/734 400/785/731
f 399/787/733 402/790/736 401/788/734
f 401/788/734 396/779/737 394/789/735
f 402/790/736 397/783/742 396/779/737
f 392/117/105 403/1572/740 405/791/738
f 404/792/739 405/791/738 402/790/736
f 405/791/738 406/782/741 397/783/742
s 2
f 410/794/743 413/797/746 412/795/744
f 414/799/748 417/803/752 416/800/749
f 415/802/751 420/2190/747 417/803/752
f 417/803/752 413/805/746 411/796/745
f 419/808/755 420/2190/747 415/802/751
s 9
f 439/829/775 436/1705/2173 435/831/776
s 10
f 1879/828/778 1870/827/2174 438/833/779
s 13
f 447/842/788 449/1620/2175 1877/843/789
s 14
f 456/850/802 459/854/2176 455/848/803
s 18
f 458/855/804 457/2191/2177 460/856/805
s 2
f 464/857/807 466/861/811 465/858/808
f 468/864/813 467/872/810 470/865/814
f 471/869/816 474/871/818 473/870/817
f 472/863/812 466/862/811 474/871/818
f 474/871/818 467/872/810 468/864/813
s 19
f 483/878/827 479/1694/2178 478/880/822
f 484/881/828 478/880/822 480/883/824
s 2
f 488/884/831 490/888/835 489/885/832
f 493/891/837 491/899/834 494/892/838
f 495/896/842 498/898/844 497/897/843
f 496/890/836 490/889/835 498/898/844
f 498/898/844 491/899/834 493/891/837
s 24
f 1869/910/854 1868/903/2179 504/911/855
s 2
f 511/912/857 514/915/860 513/913/858
f 512/914/859 515/917/862 514/915/860
f 514/915/860 525/918/863 522/916/861
f 509/919/225 516/922/866 519/920/864
f 516/922/866 517/928/1569 520/923/867
f 518/921/865 519/920/864 515/917/868
s 25
f 519/920/869 520/923/2180 525/924/870
s 2
f 521/925/872 524/927/874 523/926/873
f 522/916/861 525/918/876 524/927/874
f 524/927/874 520/923/877 517/928/875
f 526/243/220 529/2192/881 532/929/878
f 530/931/880 533/942/883 532/932/878
f 532/929/878 543/936/884 540/934/882
f 527/290/265 534/1595/887 537/937/885
f 534/939/887 535/947/897 538/940/888
f 536/938/886 537/937/885 533/942/889
s 26
f 537/937/891 538/2193/2181 543/943/892
s 2
f 539/944/894 542/946/896 541/945/895
f 540/934/882 543/936/898 542/946/896
f 542/946/896 538/940/899 535/947/897
f 547/949/900 550/952/903 549/950/901
f 548/951/902 551/960/911 550/952/903
f 550/952/903 562/955/906 559/953/904
f 550/952/903 551/960/911 552/954/905
f 553/956/907 556/959/910 555/957/908
f 554/958/909 557/964/915 556/959/910
f 556/959/910 551/960/911 548/951/902
f 556/959/910 557/964/915 552/954/905
f 546/302/277 558/963/914 561/961/912
f 558/963/914 559/953/904 562/955/906
f 560/962/913 561/961/912 557/964/915
f 561/961/912 562/955/906 552/954/905
f 566/965/916 569/968/919 568/966/917
f 567/967/918 570/970/921 569/968/919
f 569/968/919 580/971/922 577/969/920
f 564/301/276 571/974/925 574/972/923
f 571/974/925 572/1587/1555 575/975/926
f 573/976/924 574/2194/923 570/970/927
s 27
f 574/972/929 575/975/2182 580/977/930
s 2
f 565/269/245 576/981/934 579/979/932
f 576/981/934 577/969/920 580/971/935
f 579/979/932 575/984/937 572/982/936
f 581/281/256 584/987/940 587/985/938
f 586/986/939 587/985/938 596/989/942
f 582/309/284 589/995/948 587/993/946
f 589/995/948 590/1001/955 596/996/949
f 592/997/951 595/1000/953 594/998/952
f 593/990/943 596/989/942 595/1000/953
f 595/1000/954 596/996/949 590/1001/955
f 600/1002/956 603/1005/959 602/1003/957
f 601/1004/958 604/1015/961 603/1005/959
f 603/1005/959 614/1008/962 611/1006/960
f 605/1009/963 608/1013/966 607/1010/964
f 606/1012/965 609/1014/967 608/1013/966
f 608/1013/966 604/1015/961 601/1004/958
f 610/1016/968 613/1019/971 612/1017/969
f 611/1006/960 614/1008/962 613/1019/971
f 613/1019/971 609/1014/967 606/1012/965
f 614/1008/962 604/1007/961 609/1014/967
f 615/320/295 618/1022/974 621/1020/972
f 618/1022/974 619/1032/983 622/1023/975
f 624/1027/978 627/1031/982 626/1028/979
f 625/1030/980 622/1036/989 627/1031/981
f 627/1031/982 622/1023/975 619/1032/983
f 617/310/285 628/1035/1663 631/1033/984
f 629/1025/986 621/1024/2183 631/1033/987
f 630/1034/985 631/1033/987 622/1036/989
f 631/1033/987 621/1024/2183 623/1026/990
f 635/1037/991 638/1041/995 637/1038/992
f 636/1040/994 639/1050/997 638/1041/995
f 638/1041/995 649/1044/998 646/1042/996
f 640/1045/999 643/1048/1002 642/1046/1000
f 641/1047/1001 644/1049/1003 643/1048/1002
f 643/1048/1002 639/1050/997 636/1040/994
f 645/1051/1004 648/1054/1006 647/1052/1005
f 646/1042/996 649/1044/998 648/1054/1006
f 648/1054/1006 644/1049/1003 641/1047/1001
f 649/1044/998 639/1043/997 644/1049/1003
f 650/341/316 653/1057/1009 656/1055/1007
f 653/1057/1009 654/1067/1020 662/1058/1010
f 658/1062/1015 661/1066/1018 660/1063/1016
f 659/1065/1017 662/1071/1026 661/1066/1018
f 661/1066/1019 662/1058/1010 654/1067/1020
f 652/312/287 663/1070/1677 666/1068/1021
s 32
f 664/1060/1023 656/1059/2184 666/1068/1024
s 2
f 665/1069/1022 666/1068/1021 662/1071/1026
s 32
f 666/1068/1024 656/1059/2184 657/1061/1027
s 2
f 667/212/189 670/1690/1031 672/1072/1029
f 671/1073/1030 672/1072/1029 684/1076/1033
f 672/1072/1029 673/1075/1032 674/1078/1035
f 668/315/290 675/1081/1038 678/1079/1036
f 675/1081/1038 676/1087/1046 679/1082/1039
f 677/1080/1040 678/1079/1036 673/1075/1041
f 678/1079/1036 679/1082/1039 674/1078/1035
f 680/1083/1043 683/1086/1045 682/1084/1044
f 681/1077/1034 684/1076/1033 683/1086/1045
f 683/1086/1045 679/1082/1039 676/1087/1046
f 684/1076/1033 674/1078/1035 679/1082/1039
f 685/345/320 688/1090/1049 691/1088/1047
f 688/1090/1049 689/1100/1649 692/1091/1050
f 690/1089/1048 691/1088/1047 703/1092/1051
f 691/1088/1047 692/1091/1050 693/1094/1053
f 694/1095/1054 697/1099/1057 696/1096/1055
f 695/1098/1056 698/1101/1059 697/1099/1057
f 697/1099/1057 692/1091/1060 689/1100/1058
f 698/1101/1059 693/1094/1066 692/1091/1060
f 687/1102/1061 699/1105/1065 702/1103/1062
f 700/1093/1064 703/1092/2185 702/1103/1062
f 701/1104/1063 702/1103/1062 698/1101/1059
f 702/1103/1062 703/1092/2185 693/1094/1066
f 707/1106/1067 710/1109/1070 709/1107/1068
f 708/1108/1069 711/1111/1072 710/1109/1070
f 710/1109/1070 721/1112/1073 718/1110/1071
f 712/1113/1074 715/1116/1077 714/1114/1075
f 713/1115/1076 716/1117/1078 715/1116/1077
f 715/1116/1077 711/1111/1072 708/1108/1069
f 716/1117/1078 721/1122/1073 711/1111/1072
f 717/1118/1079 720/1121/1081 719/1119/1080
f 718/1110/1071 721/1112/1073 720/1121/1081
f 720/1121/1081 716/1117/1078 713/1115/1076
f 722/1123/1082 725/1127/1086 728/1124/1083
f 726/1126/1085 729/1133/2186 728/1124/1083
f 727/1125/1084 728/1124/1083 738/1128/1087
f 728/1124/1083 729/1133/2186 730/1130/1089
s 33
f 723/305/1090 731/1678/2187 730/1131/1091
f 733/1132/1092 730/1131/1091 729/1133/1093
s 2
f 734/1134/1095 737/1137/1097 736/1135/1096
f 735/1129/1088 738/1128/1087 737/1137/1097
f 737/1137/1097 731/1139/1100 732/1138/1098
f 738/1128/1099 730/1130/2188 731/1139/1100
s 3
f 789/478/438 792/1142/1103 795/1140/1101
f 792/1142/1103 793/1152/1114 796/1143/1104
f 794/1141/1105 795/1140/1101 791/1144/1106
f 795/1140/1101 796/1143/1104 797/1146/1108
f 798/1147/1109 801/1151/1113 800/1148/1110
f 799/1150/1112 803/1153/1115 801/1151/1113
f 801/1151/1113 796/1143/1104 793/1152/1114
f 803/1153/1115 797/1146/1108 796/1143/1116
f 804/1158/1120 791/1144/1106 797/1146/1108
f 808/1159/1121 811/1162/1124 810/1160/1122
f 809/1161/1123 812/1164/1126 811/1162/1124
f 811/1162/1124 823/1165/1127 820/1163/1125
f 812/1164/1126 813/1171/1132 823/1165/1127
f 806/1166/364 814/1169/1130 817/1167/1128
f 814/1169/1130 815/1175/1790 818/1170/1131
f 816/1168/1129 817/1167/1128 812/1164/1126
f 817/1167/1128 818/1170/1131 813/1171/1132
f 807/513/470 819/1174/1135 822/1172/1133
f 819/1174/1135 820/1163/1125 823/1165/1127
f 821/1173/1134 822/1172/1133 818/1170/1131
f 822/1172/1133 823/1165/1127 813/1171/1132
f 839/1176/478 842/2195/1139 844/1177/1137
f 843/1178/1138 844/1177/1137 855/1181/1141
f 844/1177/1137 845/1180/1140 846/1183/1143
f 840/1184/1144 847/1187/1147 849/1185/1145
f 847/1187/1147 848/1826/1827 850/1188/1148
f 849/1185/1145 850/1188/1148 846/1190/1150
f 851/1191/1152 854/1194/1155 853/1192/1153
f 852/1182/1142 855/1181/1141 854/1194/1155
f 854/1194/1155 850/1196/1157 848/1195/1156
f 855/1181/1141 846/1183/1143 850/1196/1157
f 906/1197/1158 915/1939/1161 910/1198/1159
f 909/1199/1160 910/1198/1159 922/1202/1163
s 35
f 910/1198/1165 911/1201/2189 912/1204/1166
s 3
f 907/450/416 913/1894/1170 916/1205/1168
f 913/1207/1170 914/1215/1178 917/1208/1171
f 916/1209/1168 917/1208/1171 912/1204/1173
f 918/1211/1174 921/1214/1177 920/1212/1175
f 919/1203/1176 922/1202/1179 921/1214/1177
f 921/1214/1177 917/1208/1171 914/1215/1178
f 922/1202/1179 912/1204/1173 917/1208/1171
f 923/532/489 926/1218/1182 929/1216/1180
f 926/1218/1182 927/1229/1887 930/1219/1183
f 928/1217/1181 929/1216/1180 941/1220/1184
f 929/1216/1180 930/1219/1183 931/1222/1186
f 924/1223/476 932/2196/1189 935/1224/1187
f 932/1226/1189 933/1236/1196 936/1227/1190
f 934/1225/1188 935/1224/1187 930/1219/1183
f 935/1224/1187 936/1237/1190 931/1222/1186
f 937/1230/1192 940/1235/1195 939/1231/1193
f 938/1221/1185 941/1220/1184 940/1233/1195
f 940/1235/1195 936/1227/1190 933/1236/1196
f 941/1220/1184 931/1222/1186 936/1237/1190
f 957/523/480 960/1240/1199 962/1238/1197
f 960/1240/1199 961/1249/1209 963/1241/1200
f 962/1238/1197 963/1241/1200 964/1243/1202
f 965/1244/1204 968/1248/1208 967/1245/1205
f 966/1247/1207 969/1250/1210 968/1248/1208
f 968/1248/1208 963/1241/1211 961/1249/1209
f 969/1250/1210 964/1243/1216 963/1241/1211
f 959/462/425 970/1930/1214 972/1251/1212
f 971/1252/1213 972/1251/1212 969/1250/1210
f 972/1251/1212 973/1242/1215 964/1243/1216
s 4
f 1024/1254/1217 1027/1257/1220 1030/1255/1218
f 1027/1257/1220 1028/1266/1229 1031/1258/1221
f 1030/1255/1218 1031/1258/1221 1032/1260/1223
f 1033/1261/1224 1036/1265/1228 1035/1262/1225
f 1034/1264/1227 1037/1267/1230 1036/1265/1228
f 1036/1265/1228 1031/1258/1221 1028/1266/1229
f 1037/1267/1230 1032/1260/1223 1031/1258/1221
f 1026/1268/534 1038/1271/2150 1040/1269/1231
f 1038/1271/1233 1029/2170/2190 1041/1259/1234
f 1039/1270/1232 1040/1269/1231 1037/1267/1235
f 1040/1269/1231 1041/1259/1234 1032/1260/1237
f 1062/1272/649 1065/2197/1240 1067/1273/1238
f 1066/1274/1239 1067/1273/1238 1079/1277/1242
f 1067/1273/1238 1068/1276/1241 1069/1279/1244
f 1063/1280/1245 1070/2066/1248 1073/1281/1246
f 1070/1283/1248 1071/1291/2048 1074/1284/1249
f 1072/1286/1250 1073/1285/1246 1068/1276/1251
f 1073/1285/1246 1074/1284/1249 1069/1279/1253
f 1075/1287/1254 1078/1290/1257 1077/1288/1255
f 1076/1278/1243 1079/1277/1242 1078/1290/1257
f 1078/1290/1257 1074/1284/1259 1071/1291/1258
f 1079/1277/1242 1069/1279/1244 1074/1284/1259
f 1130/670/614 1133/2175/1262 1135/1292/1260
f 1134/1293/1261 1135/1292/1260 1146/1296/1264
f 1135/1292/1260 1136/1295/1263 1137/1298/1266
f 1131/639/589 1138/1301/1269 1140/1299/1267
f 1138/1301/1269 1139/1306/1277 1141/1302/1270
f 1140/1299/1267 1141/1302/1270 1137/1298/1272
f 1142/1303/1274 1145/1305/1276 1144/1304/1275
f 1143/1297/1265 1146/1296/1278 1145/1305/1276
f 1145/1305/1276 1141/1302/1270 1139/1306/1277
f 1146/1296/1278 1137/1298/1272 1141/1302/1270
f 1167/709/651 1170/1309/1281 1172/1307/1279
f 1170/1309/1281 1171/1318/1291 1173/1310/1282
f 1172/1307/1279 1173/1310/1282 1174/1312/1284
f 1175/1313/1286 1178/1317/1290 1177/1314/1287
f 1176/1316/1289 1179/1319/1292 1178/1317/1290
f 1178/1317/1290 1173/1310/1293 1171/1318/1291
f 1179/1319/1292 1174/1312/1298 1173/1310/1293
f 1169/651/598 1180/2164/1296 1182/1320/1294
f 1181/1321/1295 1182/1320/1294 1179/1319/1292
f 1182/1320/1294 1183/1311/1297 1174/1312/1298
s 2
f 1420/1323/1299 1423/1326/1302 1422/1324/1300
f 1421/1325/1301 1424/1329/1305 1423/1326/1302
f 1422/1324/1300 1423/1326/1302 1433/1327/1303
f 1424/1329/1305 1428/1335/1314 1433/1327/1303
f 1427/1331/1307 1425/1330/1306 1424/1329/1310
f 1429/1336/1311 1432/1338/1313 1431/1337/1312
f 1430/1328/1304 1433/1327/1303 1432/1338/1313
f 1432/1338/1313 1428/1334/1314 1426/1333/1308
f 1477/1339/1315 1480/1343/1319 1479/1340/1316
f 1478/1342/1318 1481/1351/1321 1480/1343/1319
f 1480/1343/1319 1491/1346/1322 1488/1344/1320
f 1482/1347/1323 1485/1350/1326 1484/1348/1324
f 1483/1349/1325 1486/1352/1327 1485/1350/1326
f 1484/1348/1324 1485/1350/1326 1481/1351/1321
f 1487/1353/1328 1490/1356/1331 1489/1354/1329
f 1487/1353/1328 1488/1344/1657 1491/1346/1330
f 1489/1354/1329 1490/1356/1331 1486/1352/1327
f 1491/1346/1322 1481/1345/1321 1486/1352/1327
s 1
f 219/25/22 1184/24/21 1186/1357/1332
f 222/1358/1333 1186/1357/1332 1187/1359/1334
f 221/1360/1336 1187/1359/1341 1188/1361/1337
f 1188/1363/1337 1185/141/124 218/182/161
f 1184/24/21 203/15/12 205/1365/1339
f 1186/1357/1332 205/1365/1339 206/1366/1340
f 1187/1359/1341 206/1366/1379 207/1367/1342
f 207/1368/1342 204/35/31 1185/141/124
f 1189/61/56 1191/1370/1344 227/1369/1343
f 1191/1370/1344 1192/1372/1350 226/1371/1345
f 1192/1372/1346 1193/1377/1352 225/1373/1347
f 225/1374/1347 1193/1378/1352 1190/119/107
f 208/193/170 210/1375/1349 1191/1370/1344
f 210/1375/1349 211/1376/1418 1192/1372/1350
f 211/1376/1351 212/1445/1420 1193/1377/1352
f 1193/1378/1352 212/1446/1420 209/18/15
f 1194/131/116 1196/1380/1354 202/1379/1353
f 1196/1380/1354 1197/1382/1359 201/1381/1355
f 1197/1382/1356 1198/1385/1360 200/1383/1357
f 200/1384/1357 1198/1386/1360 1195/4/4
f 219/25/22 222/1358/1333 1196/1380/1354
f 222/1358/1333 221/1360/1335 1197/1382/1359
f 221/1360/1336 220/1362/1338 1198/1385/1360
f 1198/1386/1360 220/1364/1338 218/182/161
f 214/160/140 1199/26/23 1201/1387/1361
f 217/1388/1362 1201/1387/1361 1202/1389/1363
f 216/1390/1365 1202/1389/1368 1203/1391/1366
f 1203/1393/1366 1200/23/20 213/10/8
f 1199/26/23 224/8/7 227/1369/1343
f 1201/1387/1361 227/1369/1343 226/1371/1345
f 1202/1389/1368 226/1371/1348 225/1373/1347
f 225/1374/1347 223/21/18 1200/23/20
f 229/161/141 1204/155/136 1206/1395/1369
f 232/1396/1370 1206/1395/1369 1207/1397/1371
f 231/1398/1373 1207/1397/1376 1208/1399/1374
f 1208/1401/1374 1205/12/10 228/29/25
f 1204/155/136 214/160/140 217/1388/1362
f 1206/1395/1369 217/1388/1362 216/1390/1364
f 1207/1397/1376 216/1390/1365 215/1392/1367
f 215/1394/1367 213/10/8 1205/12/10
f 203/15/12 1209/14/11 1211/1403/1377
f 205/1365/1339 1211/1403/1377 1212/1404/1378
f 206/1366/1379 1212/1404/1383 1213/1405/1380
f 1213/1406/1380 1210/33/29 204/35/31
f 1209/14/11 233/44/39 235/1407/1381
f 1211/1403/1377 235/1407/1381 236/1408/1382
f 1212/1404/1383 236/1408/1387 237/1409/1384
f 237/1410/1384 234/32/28 1210/33/29
f 233/44/39 1214/53/48 1216/1411/1385
f 235/1407/1381 1216/1411/1385 1217/1412/1386
f 236/1408/1387 1217/1412/1391 1218/1413/1388
f 1218/1414/1388 1215/30/26 234/32/28
f 1214/53/48 243/52/47 245/1415/1389
f 1216/1411/1385 245/1415/1389 246/1416/1390
f 1217/1412/1391 246/1416/1409 247/1417/1392
f 247/1418/1392 244/42/38 1215/30/26
f 239/194/171 1219/186/164 1221/1419/1393
f 242/1420/1394 1221/1419/1393 1222/1421/1395
f 241/1422/1397 1222/1421/1400 1223/1423/1398
f 1223/1425/1398 1220/37/33 238/39/35
f 1219/186/164 229/161/141 232/1396/1370
f 1221/1419/1393 232/1396/1370 231/1398/1372
f 1222/1421/1400 231/1398/1373 230/1400/1375
f 230/1402/1375 228/29/25 1220/37/33
f 1224/172/151 1226/1428/1402 269/1427/1401
f 1226/1428/1402 1227/1430/1404 268/1429/1403
f 1227/1430/1404 1228/1434/1406 267/1431/1405
f 1228/1432/1406 1225/185/118 265/49/44
f 249/731/673 258/730/672 1226/1428/1402
f 258/730/672 252/734/676 1227/1430/1404
f 252/734/676 251/725/667 1228/1434/1406
f 251/725/667 248/722/664 1225/135/118
f 243/52/47 1229/154/135 1231/1435/1407
f 245/1415/1389 1231/1435/1411 1232/1436/1408
f 246/1416/1409 1232/1436/1412 1233/1437/1410
f 247/1418/1392 1233/1438/1410 1230/40/36
f 1229/154/135 266/170/149 269/1427/1401
f 1231/1435/1411 269/1427/1401 268/1429/1403
f 1232/1436/1412 268/1429/1403 267/1431/1405
f 267/1433/1405 265/49/44 1230/40/36
f 249/731/673 1234/171/150 1236/1439/1413
f 256/729/671 1236/1439/1413 1237/1440/1414
f 257/732/683 1237/1440/1416 1238/1441/1415
f 262/737/679 1238/1442/1415 1235/46/41
f 1234/171/150 239/194/171 242/1420/1394
f 1236/1439/1413 242/1420/1394 241/1422/1396
f 1237/1440/1416 241/1422/1397 240/1424/1399
f 1238/1442/1415 240/1426/1399 238/39/35
f 1239/69/63 1241/1443/1417 210/1375/1349
f 1241/1443/1417 1242/1444/1422 211/1376/1418
f 1242/1444/1419 1243/1449/1424 212/1445/1420
f 212/1446/1420 1243/1450/1424 1240/164/143
f 275/130/115 277/1447/1421 1241/1443/1417
f 277/1447/1421 278/1448/1440 1242/1444/1422
f 278/1448/1423 279/1469/1442 1243/1449/1424
f 1243/1450/1424 279/1471/1442 276/58/53
f 1244/1/1 1246/1452/1426 274/1451/1425
f 1246/1452/1426 1247/1454/1431 273/1453/1427
f 1247/1454/1428 1248/1458/1432 272/1455/1429
f 272/1455/1429 1248/1458/1432 1245/1456/49
f 199/3/3 202/1379/1353 1246/1452/1426
f 202/1379/1353 201/1381/1355 1247/1454/1431
f 201/1381/1358 200/1383/1357 1248/1458/1432
f 1248/1458/1432 200/1383/1357 198/1459/13
f 287/757/701 1249/145/127 1251/1460/1433
f 298/755/699 1251/1460/1433 1252/1461/1434
f 299/746/690 1252/1461/1434 1253/1462/1435
f 289/742/686 1253/1462/1435 1250/120/108
f 1249/145/127 280/147/129 282/1463/1436
f 1251/1460/1433 282/1463/1436 283/1464/1437
f 1252/1461/1434 283/1464/1437 284/1465/1438
f 1253/1462/1435 284/1465/1438 281/1466/59
f 1254/146/128 1256/1467/1439 277/1447/1421
f 1256/1467/1439 1257/1468/1444 278/1448/1440
f 1257/1468/1441 1258/1472/1443 279/1469/1442
f 1258/1470/1443 1255/66/61 276/58/53
f 287/757/701 300/756/700 1256/1467/1439
f 300/756/700 294/759/703 1257/1468/1444
f 294/759/1445 293/751/695 1258/1472/1443
f 293/1473/695 286/748/692 1255/66/61
f 1259/148/130 1261/1474/1446 282/1463/1436
f 1261/1474/1446 1262/1475/1448 283/1464/1437
f 1262/1475/1447 1263/1477/1449 284/1465/1438
f 284/1465/1438 1263/1477/1449 1260/1476/57
f 271/179/158 274/1451/1425 1261/1474/1446
f 274/1451/1425 273/1453/1427 1262/1475/1448
f 273/1453/1430 272/1455/1429 1263/1477/1449
f 272/1455/1429 270/1457/51 1260/1476/57
f 1264/144/126 1266/1479/1451 327/1478/1450
f 1267/1481/1453 1268/1483/1455 325/1482/1454
f 1268/1483/1455 1265/191/168 323/192/169
f 308/91/83 310/1484/1456 1266/1479/1451
f 311/1485/1457 312/1486/1458 1268/1483/1455
f 312/1486/1458 309/190/167 1265/191/168
f 332/1488/1460 1271/1487/1459 1272/1489/1461
f 330/1492/1464 1273/1491/1463 1270/125/111
f 1269/84/76 313/88/80 315/1493/1465
f 1271/1487/1459 315/1493/1465 316/1494/1466
f 1272/1489/1461 316/1494/1466 317/1495/1467
f 1273/1491/1463 317/1495/1467 314/126/112
f 304/81/73 1274/72/65 1276/1496/1468
f 307/1497/1469 1276/1496/1468 1277/1498/1470
f 306/1499/1471 1277/1498/1470 1278/1500/1472
f 1274/72/65 324/71/64 327/1478/1450
f 1278/1500/1472 325/1482/1454 323/192/169
f 1281/1503/1475 1282/1505/1477 321/1504/1476
f 1283/1507/1479 1280/163/142 318/183/162
f 332/1488/1460 331/1490/1462 1282/1505/1477
f 331/1490/1462 330/1492/1464 1283/1507/1479
f 1284/77/69 1286/1509/1481 337/1508/1480
f 1288/1513/1485 1285/94/86 333/78/70
f 319/127/113 322/1502/1474 1286/1509/1481
f 322/1502/1474 321/1504/1476 1287/1511/1483
f 321/1504/1476 320/1506/1478 1288/1513/1485
f 320/1506/1478 318/183/162 1285/94/86
f 1289/92/84 1291/1514/1486 310/1484/1456
f 1291/1514/1486 1292/1515/1487 311/1485/1457
f 1292/1515/1487 1293/1516/1488 312/1486/1458
f 1293/1516/1488 1290/74/67 309/190/167
f 340/1517/1489 341/1518/1490 1292/1515/1487
f 341/1518/1490 342/1519/1491 1293/1516/1488
f 342/1519/1491 339/140/123 1290/74/67
f 1294/98/89 1296/1520/1492 340/1517/1489
f 348/102/93 350/1523/1495 1296/1520/1492
f 350/1523/1495 351/1524/1496 1297/1521/1493
f 1299/93/85 1301/1527/1499 347/1526/1498
f 1301/1527/1499 1302/1529/1501 346/1528/1500
f 1302/1529/1501 1303/1531/1503 345/1530/1502
f 334/157/137 337/1508/1480 1301/1527/1499
f 336/1510/1482 335/1512/1484 1303/1531/1503
f 335/1512/1484 333/78/70 1300/80/72
f 371/189/166 1304/1538/122 1306/1532/1504
f 374/1533/1505 1306/1532/1504 1307/1534/1506
f 373/1535/1507 1307/1534/1506 1308/1536/1508
f 372/1537/1509 1308/1536/1508 1305/174/153
f 1304/1538/122 353/760/121 357/762/706
f 1306/1532/1504 357/762/706 366/766/710
f 1307/1534/1506 366/766/710 365/772/718
f 1308/1536/1508 365/772/718 355/175/154
f 1311/1539/1510 1312/1540/1511 351/1524/1496
f 1312/1540/1511 1313/1541/1512 352/1525/1497
f 1313/1541/1512 1310/158/138 349/181/160
f 371/189/166 374/1533/1505 1311/1539/1510
f 374/1533/1505 373/1535/1507 1312/1540/1511
f 373/1535/1507 372/1537/1509 1313/1541/1512
f 372/1537/1509 370/176/155 1310/158/138
f 1316/1542/1513 1317/1543/1514 362/775/721
f 1317/1543/1514 1318/1544/1515 367/773/719
f 1318/1544/1515 1315/173/152 355/175/154
f 344/187/165 347/1526/1498 1316/1542/1513
f 347/1526/1498 346/1528/1500 1317/1543/1514
f 346/1528/1500 345/1530/1502 1318/1544/1515
f 345/1530/1502 343/101/92 1315/173/152
f 313/88/80 1319/109/98 1321/1545/1516
f 316/1494/1466 1322/1546/1517 1323/1547/1518
f 317/1495/1467 1323/1547/1518 1320/168/147
f 1321/1545/1516 382/1548/1519 383/1549/1520
f 1322/1546/1517 383/1549/1520 384/1550/1521
f 1323/1547/1518 384/1550/1521 381/132/117
f 376/111/100 1324/82/74 1326/1551/1522
f 379/1552/1523 1326/1551/1522 1327/1553/1524
f 378/1554/1525 1327/1553/1524 1328/1555/1526
f 377/1556/1527 1328/1555/1526 1325/115/103
f 1326/1551/1522 307/1497/1469 306/1499/1471
f 1327/1553/1524 306/1499/1471 305/1501/1473
f 1329/124/110 1331/2198/1528 393/1557/725
f 1331/1558/1528 1332/1559/1529 394/789/735
f 1332/1559/1529 1333/1560/1530 400/785/731
f 1333/1560/1530 1330/152/134 391/786/732
f 385/118/106 387/1562/1531 1331/1558/1528
f 387/1562/1531 388/1563/1532 1332/1559/1529
f 1336/1565/1534 404/792/739 399/787/733
f 1337/1566/1535 399/787/733 398/784/730
f 1338/1567/1536 398/784/730 391/786/732
f 385/118/106 1339/112/101 1341/1568/1537
f 387/1562/1531 1341/1568/1537 1342/1569/1538
f 388/1563/1532 1342/1569/1538 1343/1570/1539
f 389/1564/1533 1343/1570/1539 1340/150/132
f 1339/112/101 376/111/100 379/1552/1523
f 1341/1568/1537 379/1552/1523 378/1554/1525
f 1343/1570/1539 377/1556/1527 375/114/102
f 392/117/105 1344/67/62 1346/1571/1540
f 403/777/724 1346/1575/1544 1345/177/156
f 1344/67/62 286/748/692 295/750/1541
f 1346/1575/1544 288/743/2191 285/178/157
f 1347/47/42 1349/1578/1547 261/1576/1545
f 1349/1577/1546 1348/136/119 248/722/664
f 354/105/96 356/769/713 1349/1578/1547
f 356/1579/707 353/138/121 1348/136/119
s 2
f 1355/253/229 1357/1583/1551 553/956/907
f 563/231/208 568/966/917 1357/1583/1551
f 568/966/917 577/969/920 1358/1585/1553
f 1360/288/263 1362/1586/1557 571/974/925
f 1362/1586/1554 1363/1590/1558 572/1587/1555
f 1363/1591/1560 529/2192/881 526/243/220
f 510/300/275 1364/297/272 1366/1592/1561
f 521/925/872 1366/1592/1561 1367/1593/1562
f 1368/1594/1563 1365/274/249 508/280/255
f 1366/1592/1561 555/957/908 548/951/902
f 548/951/902 547/949/900 1368/1594/1563
f 1371/1596/1564 518/921/865 512/914/859
f 1373/251/227 1375/1604/1568 516/1601/866
f 1375/1602/1568 1376/1605/1571 517/928/1569
f 1376/1603/1570 1374/230/207 510/300/275
f 1373/251/227 564/301/276 573/973/924
f 1375/1602/1568 573/976/924 567/967/928
f 1376/1603/1570 566/965/916 563/231/208
f 432/823/769 1377/209/186 1379/1606/1572
f 412/795/744 420/798/747 1380/1607/1573
f 420/798/1577 418/806/1578 1381/1609/1575
f 418/806/1578 409/244/221 1378/246/222
f 1386/1614/1584 1383/236/213 441/318/293
f 1382/258/234 409/244/221 418/809/1578
f 1386/1614/1584 414/799/748 408/801/750
f 1387/317/292 443/216/193 448/1619/1579
f 1390/1617/1588 449/1620/1590 447/842/1591
f 461/859/809 1392/299/274 1394/1621/1593
f 464/857/807 1394/1621/1593 1395/1622/1594
f 467/868/1595 1395/1622/1594 1396/1623/1596
f 469/867/1597 1396/1623/1596 1393/278/253
f 421/219/196 425/811/757 1394/1621/1593
f 425/811/757 427/815/1598 1395/1622/1594
f 427/815/1598 430/1624/1599 1396/1623/1596
f 430/1624/1599 423/276/251 1393/278/253
f 475/272/248 1397/262/238 1399/1625/1600
f 478/875/820 1399/1625/1600 1400/1626/1601
f 1878/1627/1602 1400/1626/1601 1401/1628/1603
f 481/1629/1604 1401/1628/1603 1398/338/313
f 463/264/240 473/870/817 1399/1625/1600
f 473/870/817 468/864/1605 1400/1626/1601
f 468/864/1605 469/866/1597 1401/1628/1603
f 469/866/1597 462/322/297 1398/338/313
f 1402/208/185 1404/1631/1606 481/1630/1604
f 1404/1631/1606 1405/1632/1608 482/882/1607
f 1405/1632/1608 1406/1633/1609 484/879/826
f 1406/1633/1609 1403/267/243 477/270/246
f 1402/208/185 423/276/251 430/1634/1599
f 1404/1631/1606 430/1634/1599 427/822/1610
f 1405/1632/1608 427/822/1610 429/821/764
f 1406/1633/1609 429/821/764 422/265/241
f 1407/256/232 1409/1635/1612 458/855/1611
f 457/2191/2192 458/855/1611 459/1637/1614
f 458/855/1611 1409/1635/1612 459/1637/1614
f 1410/1636/1615 1411/1638/1618 454/846/1616
f 1411/1638/1618 1408/294/269 450/343/318
f 1409/1635/1612 492/894/839 491/895/1619
f 1416/1641/1622 1413/200/177 487/284/259
f 1427/1331/1307 1421/1325/1301 504/911/1625
f 1420/1323/1299 1417/291/266 501/293/268
f 583/999/310 1434/1648/309 1436/1645/1630
f 592/997/951 1436/1645/1630 1437/1646/1631
f 593/990/943 1437/1646/1631 1438/1647/1632
f 586/986/939 1438/1647/1632 1435/282/257
f 1439/308/283 1441/1649/1633 618/1022/974
f 1441/1649/1633 1442/1650/1634 619/1032/983
f 1442/1650/1634 1443/1651/1635 626/1028/979
f 1446/1654/1636 1447/1655/1637 590/1001/955
f 1448/1656/1638 1445/1657/200 583/999/310
f 1449/1658/300 1451/1659/1639 645/1051/1004
f 1451/1659/1639 1452/1660/1640 646/1042/996
f 1452/1660/1640 1453/1661/1641 637/1038/992
f 1453/1661/1641 1450/226/203 632/1039/993
f 651/1064/302 660/1063/1016 1451/1659/1639
f 660/1063/1016 654/1067/1020 1452/1660/1640
f 654/1067/1020 653/1057/1009 1453/1661/1641
f 653/1057/1009 650/341/316 1450/226/203
f 669/1085/315 1454/1665/314 1456/1662/1642
f 680/1083/1043 1456/1662/1642 1457/1663/1643
f 681/1077/1034 1457/1663/1643 1458/1664/1644
f 671/1073/1030 1458/1664/1644 1455/213/190
f 1454/1665/314 634/1053/298 647/1052/1005
f 1456/1662/1642 647/1052/1005 641/1047/1001
f 1457/1663/1643 641/1047/1001 640/1045/999
f 1458/1664/1644 640/1045/999 633/314/289
f 1459/313/288 1461/1666/1645 675/1081/1038
f 1461/1666/1645 1462/1667/1646 676/1087/1046
f 1462/1667/1646 1463/1668/1647 682/1084/1044
f 1463/1668/1647 1460/1669/301 669/1085/315
f 1459/313/288 652/312/287 665/1069/1022
f 1461/1666/1645 665/1069/1022 659/1065/1017
f 1462/1667/1646 659/1065/1017 658/1062/1015
f 1463/1668/1647 658/1062/1015 651/1064/302
f 1464/333/308 1466/1670/1648 688/1090/1049
f 1466/1670/1648 1467/1671/1650 689/1100/1649
f 1467/1671/1650 1468/1672/1651 696/1096/1055
f 1468/1672/1651 1465/1673/182 686/1097/192
f 704/332/307 709/1107/1068 1466/1670/1648
f 709/1107/1068 718/1110/1071 1467/1671/1650
f 718/1110/1071 717/1118/1079 1468/1672/1651
f 717/1118/1079 706/1120/180 1465/1673/182
f 1469/202/179 722/1123/1082 727/1125/1084
f 1472/1674/1652 735/1129/1088 734/1134/1095
f 1473/1675/1653 734/1134/1095 724/1136/306
f 1474/1341/1317 1479/1340/1316 731/1678/1655
f 1479/1340/1316 1488/1344/1320 732/1138/1656
f 1488/1344/1657 1487/1353/1328 736/1135/1096
f 1487/1353/1328 1476/1355/191 724/1136/306
f 1475/307/282 687/1102/1061 701/1104/1063
f 1492/167/146 1494/1681/1661 410/794/743
f 410/794/743 1494/1681/1661 1495/1679/1658
f 411/796/1659 1495/1679/1658 1496/1680/1660
f 416/800/749 1496/1680/1660 1493/237/214
f 597/321/296 602/1003/957 1494/1681/1661
f 1494/1681/1661 602/1003/957 611/1006/960
f 611/1006/960 610/1016/968 1496/1680/1660
f 1496/1680/1660 610/1016/968 599/1018/970
f 617/310/285 1497/247/223 1499/1682/1662
s 37
f 629/1025/1665 1499/1683/1669 1500/1684/1666
s 2
f 1500/1684/1668 1498/319/294 615/320/295
f 442/839/1592 444/841/2193 1499/1682/1662
f 1500/1684/1668 444/834/2194 441/318/293
f 1501/221/198 1503/1687/1673 424/810/756
f 428/820/765 1503/1688/1675 1502/1686/1672
f 1501/221/198 650/341/316 655/1056/1008
f 663/1070/1677 652/312/287 1502/1686/1672
f 1504/1689/1678 1506/1692/1680 670/1690/1031
f 677/1080/1037 1506/1691/1682 1505/271/247
f 1504/1689/1678 475/272/248 479/874/821
f 483/878/825 477/270/246 1505/271/247
f 487/284/259 1507/283/258 1509/1695/1683
f 495/896/842 1509/1695/1683 1510/1696/1684
f 496/890/836 1510/1696/1684 1511/1697/1685
f 489/885/832 1511/1697/1685 1508/295/270
f 1507/283/258 705/303/278 714/1114/1075
f 1509/1695/1683 714/1114/1075 708/1108/1069
f 708/1108/1069 707/1106/1067 1511/1697/1685
f 707/1106/1067 704/332/307 1508/295/270
f 687/1102/1061 1512/306/281 1514/1698/1686
f 699/1105/1687 1514/1698/1686 1515/1699/1688
f 690/1089/1048 1515/1700/1691 1513/344/319
f 1512/306/281 451/285/260 453/851/1692
f 1515/1700/1691 453/845/2195 450/343/318
f 1516/210/187 1518/1704/1693 584/987/940
f 591/994/947 1518/1703/1696 1517/234/211
f 1516/210/187 432/823/769 436/825/771
f 439/829/773 434/235/212 1517/234/211
f 463/264/240 1519/263/239 1521/1706/1698
f 471/869/816 1521/1706/1698 1522/1707/1699
f 1522/1707/1699 1523/1708/1701 465/858/808
f 1523/1708/1701 1520/225/202 461/859/809
f 1519/263/239 633/314/289 642/1046/1000
f 1521/1706/1698 642/1046/1000 636/1040/994
f 636/1040/994 635/1037/991 1523/1708/1701
f 635/1037/991 632/1039/993 1520/225/202
f 501/293/268 1524/292/267 1526/1709/1702
s 41
f 506/907/1703 1526/1709/1710 1527/1710/1704
s 2
f 507/906/1706 1527/1710/1712 1528/1711/1707
f 502/901/846 1528/1711/1713 1525/201/178
f 1524/292/267 723/305/280 733/1132/1709
s 41
f 1526/1709/1710 733/1132/2196 726/1126/1711
s 2
f 1527/1710/1712 726/1126/1085 725/1127/1086
f 1528/1711/1713 725/1127/1086 722/1123/1082
s 3
f 760/370/342 1529/369/341 1531/1712/1714
f 763/1713/1715 1531/1712/1714 1532/1714/1716
f 762/1716/1718 1532/1721/1723 1533/1717/1719
f 1533/1717/1719 1530/484/444 759/525/482
f 1529/369/341 744/360/332 746/1719/1721
f 1531/1712/1714 746/1719/1721 747/1720/1722
f 1532/1721/1723 747/1759/1761 748/1722/1724
f 748/1722/1724 745/380/351 1530/484/444
f 1534/406/375 1536/1724/1726 768/1723/1725
f 1536/1724/1726 1537/1730/1732 767/1725/1727
f 1537/1726/1728 1538/1732/1734 766/1727/1729
f 766/1727/1729 1538/1732/1734 1535/464/427
f 749/536/493 751/1729/1731 1536/1724/1726
f 751/1729/1731 752/1797/1800 1537/1730/1732
f 752/1731/1733 753/1799/1802 1538/1732/1734
f 1538/1732/1734 753/1799/1802 750/363/335
f 1539/474/436 1541/1734/1736 743/1733/1735
f 1541/1734/1736 1542/1739/1741 742/1735/1737
f 1542/1736/1738 1543/1740/1742 741/1737/1739
f 741/1737/1739 1543/1740/1742 1540/349/324
f 760/370/342 763/1713/1715 1541/1734/1736
f 763/1713/1715 762/1715/1717 1542/1739/1741
f 762/1716/1718 761/1718/1720 1543/1740/1742
f 1543/1740/1742 761/1718/1720 759/525/482
f 755/503/461 1544/371/343 1546/1741/1743
f 758/1742/1744 1546/1741/1743 1547/1743/1745
f 757/1745/1747 1547/1748/1750 1548/1746/1748
f 1548/1746/1748 1545/368/340 754/355/328
f 1544/371/343 765/353/327 768/1723/1725
f 1546/1741/1743 768/1723/1725 767/1725/1727
f 1547/1748/1750 767/1728/1730 766/1727/1729
f 766/1727/1729 764/366/338 1545/368/340
f 770/504/462 1549/498/457 1551/1749/1751
f 773/1750/1752 1551/1749/1751 1552/1751/1753
f 772/1753/1755 1552/1756/1758 1553/1754/1756
f 1553/1754/1756 1550/357/330 769/374/345
f 1549/498/457 755/503/461 758/1742/1744
f 1551/1749/1751 758/1742/1744 757/1744/1746
f 1552/1756/1758 757/1745/1747 756/1747/1749
f 756/1747/1749 754/355/328 1550/357/330
f 744/360/332 1554/359/331 1556/1757/1759
f 746/1719/1721 1556/1757/1759 1557/1758/1760
f 747/1759/1761 1557/2199/1765 1558/1760/1762
f 1558/1760/1762 1555/378/349 745/380/351
f 1554/359/331 774/389/359 776/1761/1763
f 1556/1757/1759 776/1761/1763 777/1762/1764
f 1557/1758/1765 777/1762/1769 778/1763/1766
f 778/1765/1766 775/377/348 1555/378/349
f 774/389/359 1559/398/367 1561/1766/1767
f 776/1761/1763 1561/1766/1767 1562/1767/1768
f 777/1762/1769 1562/1767/1773 1563/1768/1770
f 1563/1769/1770 1560/375/346 775/377/348
f 1559/398/367 784/397/366 786/1770/1771
f 1561/1766/1767 786/1770/1771 787/1771/1772
f 1562/1767/1773 787/1771/1788 788/1772/1774
f 788/1773/1774 785/387/358 1560/375/346
f 780/537/494 1564/530/487 1566/1774/1775
f 783/1776/1776 1566/1781/1775 1567/1777/1777
f 782/1778/1779 1567/1777/1782 1568/1779/1780
f 1568/1779/1780 1565/382/353 779/384/355
f 1564/530/487 770/504/462 773/1750/1752
f 1566/1781/1775 773/2200/1752 772/1753/1754
f 1567/1777/1782 772/1753/1755 771/1755/1757
f 771/1755/1757 769/374/345 1565/382/353
f 1569/515/472 1571/1782/1783 819/1174/1135
f 1571/1782/1783 1572/1783/1784 820/1163/1125
f 1572/1783/1784 1573/1784/1785 810/1160/1122
f 1573/1784/1785 1570/480/440 805/529/486
f 790/1149/1111 800/1148/1110 1571/1782/1783
f 800/1148/1110 793/1152/1114 1572/1783/1784
f 793/1152/1114 792/1142/1103 1573/1784/1785
f 792/1142/1103 789/478/438 1570/480/440
f 784/397/366 1574/497/456 1576/1785/1786
f 786/1770/1771 1576/1785/1786 1577/1786/1787
f 787/1771/1788 1577/1786/1791 1578/1787/1789
f 1578/1788/1789 1575/385/356 785/387/358
f 1574/497/456 807/513/470 821/1173/1134
f 1576/1785/1786 821/1173/1134 815/1175/1136
f 815/1175/1790 814/1169/1130 1578/1787/1789
f 814/1789/1130 806/394/364 1575/385/356
f 790/1149/1111 1579/514/471 1581/1790/1792
f 798/1791/1109 1581/1795/1797 1582/1792/1793
f 799/1793/1794 1582/1792/1798 1583/1794/1795
f 803/1155/1118 1583/1794/1795 1580/391/361
f 1579/514/471 780/537/494 783/1775/1776
f 1581/1795/1797 783/1776/1776 782/1778/1778
f 1582/1792/1798 782/1778/1779 781/1780/1781
f 1583/1794/1795 781/1780/1781 779/384/355
f 1584/414/382 1586/1796/1799 751/1729/1731
f 1586/1796/1799 1587/1801/1804 752/1797/1800
f 1587/1798/1801 1588/1803/1806 753/1799/1802
f 753/1799/1802 1588/1803/1806 1585/507/464
f 829/473/435 831/1800/1803 1586/1796/1799
f 831/1800/1803 832/1821/1822 1587/1801/1804
f 832/1802/1805 833/1823/1824 1588/1803/1806
f 1588/1803/1806 833/1823/1824 830/403/372
f 1589/346/321 1591/1805/1808 828/1804/1807
f 1591/1805/1808 1592/1810/1813 827/1806/1809
f 1592/1807/1810 1593/1811/1814 826/1808/1811
f 826/1808/1811 1593/1811/1814 1590/399/368
f 740/348/323 743/1733/1735 1591/1805/1808
f 743/1733/1735 742/1735/1737 1592/1810/1813
f 742/1738/1740 741/1737/1739 1593/1811/1814
f 1593/1811/1814 741/1737/1739 739/361/333
f 841/1193/1154 1594/488/447 1596/1812/1815
f 851/1191/1152 1596/1812/1815 1597/1813/1816
f 852/1182/1142 1597/1813/1816 1598/1814/1817
f 843/1178/1138 1598/1814/1817 1595/1815/428
f 1594/488/447 834/490/449 836/1816/1818
f 1596/1812/1815 836/1816/1818 837/1817/1819
f 1597/1813/1816 837/1817/1819 838/1818/1820
f 1598/1819/1817 838/1829/1820 835/409/378
f 1599/489/448 1601/1820/1821 831/1800/1803
f 1601/1820/1821 1602/1825/1826 832/1821/1822
f 1602/1822/1823 1603/1824/1825 833/1823/1824
f 1603/1824/1825 1600/411/380 830/403/372
f 841/1193/1154 853/1192/1153 1601/1820/1821
f 853/1192/1153 848/1195/1156 1602/1825/1826
f 848/1826/1827 847/1187/1147 1603/1824/1825
f 847/1187/1147 840/1184/1144 1600/411/380
f 1604/491/450 1606/1827/1828 836/1816/1818
f 1606/1827/1828 1607/1831/1830 837/1817/1819
f 1607/1828/1829 1608/1832/1831 838/1829/1820
f 838/1829/1820 1608/1832/1831 1605/407/376
f 825/522/479 828/1804/1807 1606/1827/1828
f 828/1804/1807 827/1806/1809 1607/1831/1830
f 827/1809/1812 826/1808/1811 1608/1832/1831
f 826/1808/1811 824/401/370 1605/407/376
f 1609/487/446 1611/1834/1833 880/1833/1832
f 1611/1834/1833 1612/1836/1835 879/1835/1834
f 1612/1836/1835 1613/1838/1837 878/1837/1836
f 1613/1838/1837 1610/534/491 876/535/492
f 861/436/402 863/1839/1838 1611/1834/1833
f 863/1839/1838 864/1840/1839 1612/1836/1835
f 864/1840/1839 865/1841/1840 1613/1838/1837
f 882/430/396 1614/429/395 1616/1842/1841
f 885/1843/1842 1616/1842/1841 1617/1844/1843
f 884/1845/1844 1617/1844/1843 1618/1846/1845
f 883/1847/1846 1618/1846/1845 1615/468/431
f 1614/429/395 866/433/399 868/1848/1847
f 1616/1842/1841 868/1848/1847 869/1849/1848
f 1617/1844/1843 869/1849/1848 870/1850/1849
f 1618/1846/1845 870/1850/1849 867/469/432
f 857/426/392 1619/417/384 1621/1851/1850
f 859/1854/1853 1622/1853/1852 1623/1855/1854
f 858/1856/1855 1623/1855/1854 1620/485/445
f 1619/417/384 877/416/383 880/1833/1832
f 1622/1853/1852 879/1835/1834 878/1837/1836
f 1623/1855/1854 878/1837/1836 876/535/492
f 1624/431/397 1626/1858/1857 875/1857/1856
f 1626/1858/1857 1627/1860/1859 874/1859/1858
f 1627/1860/1859 1628/1862/1861 873/1861/1860
f 882/430/396 885/1843/1842 1626/1858/1857
f 885/1843/1842 884/1845/1844 1627/1860/1859
f 884/1845/1844 883/1847/1846 1628/1862/1861
f 1629/422/388 1631/1864/1863 890/1863/1862
f 1631/1864/1863 1632/1866/1865 889/1865/1864
f 1632/1866/1865 1633/1868/1867 888/1867/1866
f 1633/1868/1867 1630/439/405 886/423/389
f 875/1857/1856 874/1859/1858 1632/1866/1865
f 873/1861/1860 871/526/483 1630/439/405
f 1634/437/403 1636/1869/1868 863/1839/1838
f 1636/1869/1868 1637/1870/1869 864/1840/1839
f 1637/1870/1869 1638/1871/1870 865/1841/1840
f 1638/1871/1870 1635/419/386 862/533/490
f 891/442/408 893/1872/1871 1636/1869/1868
f 893/1872/1871 894/1873/1872 1637/1870/1869
f 895/1874/1873 892/483/443 1635/419/386
f 1639/443/409 1641/1875/1874 893/1872/1871
f 1641/1875/1874 1642/1876/1875 894/1873/1872
f 1642/1876/1875 1643/1877/1876 895/1874/1873
f 901/447/413 903/1878/1877 1641/1875/1874
f 903/1878/1877 904/1879/1878 1642/1876/1875
f 904/1879/1878 905/1880/1879 1643/1877/1876
f 905/1880/1879 902/524/481 1640/527/484
f 1644/438/404 1646/1882/1881 900/1881/1880
f 1646/1882/1881 1647/1884/1883 899/1883/1882
f 1647/1884/1883 1648/1886/1885 898/1885/1884
f 1648/1886/1885 1645/425/391 896/446/412
f 887/500/458 890/1863/1862 1646/1882/1881
f 890/1863/1862 889/1865/1864 1647/1884/1883
f 888/1867/1866 886/423/389 1645/425/391
f 1649/482/442 1651/1890/1889 926/1218/1182
f 926/1218/1182 1651/1890/1889 1652/1887/1886
f 927/1229/1191 1652/1887/1890 1653/1888/1888
f 934/1225/1188 1653/1888/1888 1650/1889/474
f 1649/482/442 906/1197/1158 909/1199/1160
f 1651/1890/1889 909/1199/1160 919/1203/1164
f 1652/1887/1890 919/1203/1176 918/1211/1174
f 1653/1888/1888 918/1211/1174 908/1213/475
f 1654/449/415 1656/1891/1891 903/1878/1877
f 1657/1892/1892 1658/1893/1893 905/1880/1879
f 1658/1893/1893 1655/501/459 902/524/481
f 925/1232/1194 939/1231/1193 1656/1891/1891
f 939/1231/1193 933/1236/1196 1657/1892/1892
f 933/1236/1196 932/1226/1189 1658/1893/1893
f 932/1226/1189 924/519/476 1655/501/459
f 1661/1895/1894 1662/1900/1895 914/1896/1178
f 1663/1898/1896 1660/516/473 908/518/475
f 900/1881/1880 899/1883/1882 1662/1900/1895
f 899/1901/1882 898/1903/1884 1663/1902/1896
f 866/433/399 1664/454/418 1666/1905/1897
f 869/1849/1848 1667/1906/1898 1668/1907/1899
f 870/1850/1849 1668/1907/1899 1665/511/468
f 1664/454/418 947/455/419 949/1908/1900
f 1666/1905/1897 949/1908/1900 950/1909/1901
f 1667/1906/1898 950/1909/1901 951/1910/1902
f 1668/1907/1899 951/1910/1902 948/475/437
f 943/456/420 1669/427/393 1671/1911/1903
f 945/1914/1906 1672/1913/1905 1673/1915/1907
f 944/1916/1908 1673/1915/1907 1670/460/423
f 1669/427/393 857/426/392 860/1852/1851
f 1671/1911/1903 860/1852/1851 859/1854/1853
f 1673/1915/1907 858/1856/1855 856/451/417
f 1674/467/430 1676/1917/1909 960/1240/1199
f 1676/1917/1909 1677/1918/1910 961/1249/1209
f 1677/1918/1910 1678/1919/1911 967/1245/1205
f 1678/1919/1911 1675/495/454 958/1246/1206
f 952/463/426 954/1920/1912 1676/1917/1909
f 954/1920/1912 955/1921/1913 1677/1918/1910
f 955/1921/1913 956/1922/1914 1678/1919/1911
f 956/1922/1914 953/492/451 1675/495/454
f 947/455/419 1679/461/424 1681/1923/1915
f 949/1908/1900 1681/1923/1915 1682/1924/1916
f 950/1909/1901 1682/1924/1916 1683/1925/1917
f 1679/461/424 959/462/425 971/1252/1213
f 1681/1923/1915 971/1252/1213 966/1247/1207
f 1682/1924/1916 966/1247/1207 965/1244/1204
f 1683/1925/1917 965/1244/1204 958/1246/1206
f 952/463/426 1684/457/421 1686/1926/1918
f 954/1920/1912 1686/1926/1918 1687/1927/1919
f 1684/457/421 943/456/420 946/1912/1904
f 1686/1926/1918 946/1912/1904 945/1914/1906
f 959/462/425 1689/412/381 1691/1929/1921
f 970/1931/1198 1691/1934/1923 1690/1932/477
f 1689/412/381 840/1184/1144 842/1186/1922
f 1691/1934/1923 842/2195/1139 839/1176/478
f 1692/392/362 1694/1938/1929 802/1935/1924
s 42
f 1694/1936/1925 1695/1937/1931 794/1141/1926
s 3
f 1695/1937/1928 1693/481/441 789/478/438
f 907/450/416 915/1206/1169 1694/1938/1929
f 915/1939/1161 906/1197/1158 1693/481/441
f 925/1232/1194 1696/448/414 1698/1940/1932
f 937/1234/1192 1698/1944/1932 1699/1941/1933
f 938/1221/1185 1699/1941/1933 1700/1942/1934
f 928/1217/1181 1700/1942/1934 1697/528/485
f 1696/448/414 806/394/364 816/1943/1129
f 1698/1944/1932 816/1168/1129 809/1161/1123
f 1699/1941/1933 809/1161/1123 808/1159/1121
f 1700/1942/1934 808/1159/1121 805/529/486
s 4
f 995/559/513 1701/558/512 1703/1945/1935
f 998/1947/1936 1703/1953/1935 1704/1948/1937
f 997/1949/1939 1704/1948/1944 1705/1950/1940
f 1705/1950/1940 1702/673/617 994/711/653
f 1701/558/512 979/549/503 981/1952/1942
f 1703/1953/1935 981/1991/1942 982/1954/1943
f 1704/1948/1944 982/1954/1982 983/1955/1945
f 983/1955/1945 980/569/522 1702/673/617
f 1706/595/547 1708/1957/1947 1003/1956/1946
f 1708/1957/1947 1709/1959/1953 1002/1958/1948
f 1709/1959/1949 1710/1964/1955 1001/1960/1950
f 1001/1961/1950 1710/1965/1955 1707/653/600
f 984/720/662 986/1962/1952 1708/1957/1947
f 986/1962/1952 987/1963/2021 1709/1959/1953
f 987/1963/1954 988/2036/2023 1710/1964/1955
f 1710/1965/1955 988/2037/2023 985/552/506
f 1711/663/609 1713/1972/1957 978/1966/1956
f 1713/1967/1957 1714/1970/1962 977/1968/1958
f 1714/1970/1959 1715/1973/1963 976/1971/1960
f 976/1971/1960 1715/1973/1963 1712/538/495
f 995/559/513 998/1946/1936 1713/1972/1957
f 998/1947/1936 997/1949/1938 1714/1970/1962
f 997/1949/1939 996/1951/1941 1715/1973/1963
f 1715/1973/1963 996/1951/1941 994/711/653
f 990/692/635 1716/560/514 1718/1974/1964
f 993/1975/1965 1718/1974/1964 1719/1976/1966
f 992/1977/1968 1719/1976/1971 1720/1978/1969
f 1720/1980/1969 1717/557/511 989/544/499
f 1716/560/514 1000/542/498 1003/1956/1946
f 1718/1974/1964 1003/1956/1946 1002/1958/1948
f 1719/1976/1971 1002/1958/1951 1001/1960/1950
f 1001/1961/1950 999/555/509 1717/557/511
f 1005/693/636 1721/687/630 1723/1982/1972
f 1008/1983/1973 1723/1982/1972 1724/1984/1974
f 1007/1985/1976 1724/1984/1979 1725/1986/1977
f 1725/1988/1977 1722/546/501 1004/563/516
f 1721/687/630 990/692/635 993/1975/1965
f 1723/1982/1972 993/1975/1965 992/1977/1967
f 1724/1984/1979 992/1977/1968 991/1979/1970
f 991/1981/1970 989/544/499 1722/546/501
f 979/549/503 1726/548/502 1728/1990/1980
f 981/1991/1942 1728/1995/1980 1729/1992/1981
f 982/1954/1982 1729/1992/1986 1730/1993/1983
f 1730/1993/1983 1727/567/520 980/569/522
f 1726/548/502 1009/578/530 1011/1994/1984
f 1728/1995/1980 1011/1999/1984 1012/1996/1985
f 1729/1992/1986 1012/1996/1990 1013/1997/1987
f 1013/1997/1987 1010/566/519 1727/567/520
f 1009/578/530 1731/587/539 1733/1998/1988
f 1011/1999/1984 1733/2003/1988 1734/2000/1989
f 1012/1996/1990 1734/2000/1994 1735/2001/1991
f 1735/2001/1991 1732/564/517 1010/566/519
f 1731/587/539 1019/586/538 1021/2002/1992
f 1733/2003/1988 1021/2024/1992 1022/2004/1993
f 1734/2000/1994 1022/2004/2012 1023/2005/1995
f 1023/2005/1995 1020/576/529 1732/564/517
f 1015/721/663 1736/714/656 1738/2006/1996
f 1018/2007/1997 1738/2006/1996 1739/2008/1998
f 1017/2009/2000 1739/2008/2003 1740/2010/2001
f 1740/2012/2001 1737/571/524 1014/573/526
f 1736/714/656 1005/693/636 1008/1983/1973
f 1738/2006/1996 1008/1983/1973 1007/1985/1975
f 1739/2008/2003 1007/1985/1976 1006/1987/1978
f 1006/1989/1978 1004/563/516 1737/571/524
f 1741/701/643 1743/2015/2005 1046/2014/2004
f 1743/2015/2005 1744/2017/2007 1045/2016/2006
f 1744/2017/2007 1745/2021/2009 1044/2018/2008
f 1745/2019/2009 1742/667/611 1042/583/535
f 1025/1263/1226 1035/1262/1225 1743/2015/2005
f 1035/1262/1225 1028/1266/1229 1744/2017/2007
f 1028/1266/1229 1027/1257/1220 1745/2021/2009
f 1027/2022/1220 1024/2188/1217 1742/667/611
f 1019/586/538 1746/686/629 1748/2023/2010
f 1021/2024/1992 1748/2027/2014 1749/2025/2011
f 1022/2004/2012 1749/2025/2015 1750/2026/2013
f 1023/2005/1995 1750/2026/2013 1747/574/527
f 1746/686/629 1043/699/641 1046/2014/2004
f 1748/2027/2014 1046/2201/2004 1045/2028/2006
f 1749/2025/2015 1045/2028/2006 1044/2020/2008
f 1044/2020/2008 1042/583/535 1747/574/527
f 1025/1263/1226 1751/700/642 1753/2029/2016
f 1033/1261/1224 1753/2029/2016 1754/2030/2017
f 1034/1264/1236 1754/2030/2019 1755/2031/2018
f 1039/2032/1232 1755/2033/2018 1752/580/532
f 1751/700/642 1015/721/663 1018/2007/1997
f 1753/2029/2016 1018/2007/1997 1017/2009/1999
f 1754/2030/2019 1017/2009/2000 1016/2011/2002
f 1755/2033/2018 1016/2013/2002 1014/573/526
f 1756/603/554 1758/2034/2020 986/1962/1952
f 1758/2034/2020 1759/2035/2025 987/1963/2021
f 1759/2035/2022 1760/2202/2027 988/2036/2023
f 988/2037/2023 1760/2040/2027 1757/696/638
f 1052/662/608 1054/2038/2024 1758/2034/2020
f 1054/2038/2024 1055/2060/2043 1759/2035/2025
f 1055/2039/2026 1056/2062/2045 1760/2040/2027
f 1760/2040/2027 1056/2062/2045 1053/592/544
f 1761/508/465 1763/2048/2029 1051/2042/2028
f 1763/2043/2029 1764/2046/2034 1050/2044/2030
f 1764/2046/2031 1765/2049/2035 1049/2047/2032
f 1049/2047/2032 1765/2049/2035 1762/588/540
f 975/510/467 978/1966/1956 1763/2048/2029
f 978/1969/1956 977/1968/1958 1764/2046/2034
f 977/1968/1961 976/1971/1960 1765/2049/2035
f 1765/2049/2035 976/1971/1960 974/550/504
f 1064/1289/1256 1766/677/620 1768/2050/2036
f 1075/1287/1254 1768/2050/2036 1769/2051/2037
f 1076/2052/1243 1769/2057/2037 1770/2053/2038
f 1066/2054/1239 1770/2053/2038 1767/654/601
f 1766/677/620 1057/679/622 1059/2055/2039
f 1768/2050/2036 1059/2055/2039 1060/2056/2040
f 1769/2057/2037 1060/2068/2040 1061/2058/2041
f 1770/2053/2038 1061/2058/2041 1058/598/550
f 1771/678/621 1773/2059/2042 1054/2038/2024
f 1773/2059/2042 1774/2064/2047 1055/2060/2043
f 1774/2061/2044 1775/2063/2046 1056/2062/2045
f 1775/2063/2046 1772/600/552 1053/592/544
f 1064/1289/1256 1077/1288/1255 1773/2059/2042
f 1077/1288/1255 1071/1291/1258 1774/2064/2047
f 1071/2065/2048 1070/2066/1248 1775/2063/2046
f 1070/2066/1248 1063/1280/1245 1772/600/552
f 1776/680/623 1778/2071/2049 1059/2055/2039
f 1778/2067/2049 1779/2070/2051 1060/2068/2040
f 1779/2070/2050 1780/2072/2052 1061/2058/2041
f 1061/2058/2041 1780/2072/2052 1777/596/548
f 1048/708/650 1051/2042/2028 1778/2071/2049
f 1051/2045/2028 1050/2044/2030 1779/2070/2051
f 1050/2044/2033 1049/2047/2032 1780/2072/2052
f 1049/2047/2032 1047/590/542 1777/596/548
f 1781/676/619 1783/2074/2054 1104/2073/2053
f 1783/2074/2054 1784/2076/2056 1103/2075/2055
f 1784/2076/2056 1785/2078/2058 1102/2077/2057
f 1785/2078/2058 1782/718/660 1100/719/661
f 1085/625/575 1087/2079/2059 1783/2074/2054
f 1087/2079/2059 1088/2080/2060 1784/2076/2056
f 1088/2080/2060 1089/2081/2061 1785/2078/2058
f 1089/2081/2061 1086/717/659 1782/718/660
f 1106/619/569 1786/618/568 1788/2082/2062
f 1109/2083/2063 1788/2082/2062 1789/2084/2064
f 1108/2085/2065 1789/2084/2064 1790/2086/2066
f 1107/2087/2067 1790/2086/2066 1787/657/604
f 1786/618/568 1090/622/572 1092/2088/2068
f 1788/2082/2062 1092/2088/2068 1093/2089/2069
f 1789/2084/2064 1093/2089/2069 1094/2090/2070
f 1790/2086/2066 1094/2090/2070 1091/658/605
f 1081/615/565 1791/606/556 1793/2091/2071
f 1084/2092/2072 1793/2091/2071 1794/2093/2073
f 1083/2094/2074 1794/2093/2073 1795/2095/2075
f 1082/2096/2076 1795/2095/2075 1792/674/618
f 1791/606/556 1101/605/555 1104/2073/2053
f 1793/2091/2071 1104/2073/2053 1103/2075/2055
f 1794/2093/2073 1103/2075/2055 1102/2077/2057
f 1795/2095/2075 1102/2077/2057 1100/719/661
f 1796/620/570 1798/2098/2078 1099/2097/2077
f 1798/2098/2078 1799/2100/2080 1098/2099/2079
f 1799/2100/2080 1800/2102/2082 1097/2101/2081
f 1800/2102/2082 1797/695/637 1095/712/654
f 1106/619/569 1109/2083/2063 1798/2098/2078
f 1109/2083/2063 1108/2085/2065 1799/2100/2080
f 1108/2085/2065 1107/2087/2067 1800/2102/2082
f 1107/2087/2067 1105/660/607 1797/695/637
f 1801/611/561 1803/2104/2084 1114/2103/2083
f 1803/2104/2084 1804/2106/2086 1113/2105/2085
f 1804/2106/2086 1805/2108/2088 1112/2107/2087
f 1805/2108/2088 1802/628/578 1110/612/562
f 1096/659/606 1099/2097/2077 1803/2104/2084
f 1099/2097/2077 1098/2099/2079 1804/2106/2086
f 1098/2099/2079 1097/2101/2081 1805/2108/2088
f 1097/2101/2081 1095/712/654 1802/628/578
f 1806/626/576 1808/2109/2089 1087/2079/2059
f 1808/2109/2089 1809/2110/2090 1088/2080/2060
f 1809/2110/2090 1810/2111/2091 1089/2081/2061
f 1810/2111/2091 1807/608/558 1086/717/659
f 1115/631/581 1117/2112/2092 1808/2109/2089
f 1117/2112/2092 1118/2113/2093 1809/2110/2090
f 1118/2113/2093 1119/2114/2094 1810/2111/2091
f 1119/2114/2094 1116/672/616 1807/608/558
f 1811/632/582 1813/2115/2095 1117/2112/2092
f 1813/2115/2095 1814/2116/2096 1118/2113/2093
f 1814/2116/2096 1815/2117/2097 1119/2114/2094
f 1815/2117/2097 1812/713/655 1116/672/616
f 1125/636/586 1127/2118/2098 1813/2115/2095
f 1127/2118/2098 1128/2119/2099 1814/2116/2096
f 1128/2119/2099 1129/2120/2100 1815/2117/2097
f 1129/2120/2100 1126/710/652 1812/713/655
f 1816/627/577 1818/2122/2102 1124/2121/2101
f 1818/2122/2102 1819/2124/2104 1123/2123/2103
f 1819/2124/2104 1820/2126/2106 1122/2125/2105
f 1820/2126/2106 1817/614/564 1120/635/585
f 1111/689/632 1114/2103/2083 1818/2122/2102
f 1114/2103/2083 1113/2105/2085 1819/2124/2104
f 1113/2105/2085 1112/2107/2087 1820/2126/2106
f 1112/2107/2087 1110/612/562 1817/614/564
f 1148/716/658 1821/671/615 1823/2127/2107
f 1151/2128/2108 1823/2127/2107 1824/2129/2109
f 1150/2130/2110 1824/2129/2109 1825/2131/2111
f 1149/2132/2112 1825/2131/2111 1822/703/645
f 1821/671/615 1130/670/614 1134/1293/1261
f 1823/2127/2107 1134/1293/1261 1143/1297/1265
f 1824/2129/2109 1143/1297/1265 1142/1303/1274
f 1825/2131/2111 1142/1303/1274 1132/704/646
f 1826/638/588 1828/2133/2113 1127/2118/2098
f 1828/2133/2113 1829/2134/2114 1128/2119/2099
f 1829/2134/2114 1830/2135/2115 1129/2120/2100
f 1830/2135/2115 1827/690/633 1126/710/652
f 1148/716/658 1151/2128/2108 1828/2133/2113
f 1151/2128/2108 1150/2130/2110 1829/2134/2114
f 1150/2130/2110 1149/2132/2112 1830/2135/2115
f 1149/2132/2112 1147/705/647 1827/690/633
f 1831/633/583 1833/2136/2116 1138/1301/1269
f 1833/2136/2116 1834/2137/2117 1139/1306/1277
f 1834/2137/2117 1835/2138/2118 1144/1304/1275
f 1835/2138/2118 1832/702/644 1132/704/646
f 1121/715/657 1124/2121/2101 1833/2136/2116
f 1124/2121/2101 1123/2123/2103 1834/2137/2117
f 1123/2123/2103 1122/2125/2105 1835/2138/2118
f 1122/2125/2105 1120/635/585 1832/702/644
f 1090/622/572 1836/643/591 1838/2139/2119
f 1092/2088/2068 1838/2139/2119 1839/2140/2120
f 1093/2089/2069 1839/2140/2120 1840/2141/2121
f 1094/2090/2070 1840/2141/2121 1837/697/639
f 1836/643/591 1157/644/592 1159/2142/2122
f 1838/2139/2119 1159/2142/2122 1160/2143/2123
f 1839/2140/2120 1160/2143/2123 1161/2144/2124
f 1840/2141/2121 1161/2144/2124 1158/664/610
f 1153/645/593 1841/616/566 1843/2145/2125
f 1156/2146/2126 1843/2145/2125 1844/2147/2127
f 1155/2148/2128 1844/2147/2127 1845/2149/2129
f 1154/2150/2130 1845/2149/2129 1842/649/596
f 1841/616/566 1081/615/565 1084/2092/2072
f 1843/2145/2125 1084/2092/2072 1083/2094/2074
f 1844/2147/2127 1083/2094/2074 1082/2096/2076
f 1845/2149/2129 1082/2096/2076 1080/640/590
f 1846/656/603 1848/2151/2131 1170/1309/1281
f 1848/2151/2131 1849/2152/2132 1171/1318/1291
f 1849/2152/2132 1850/2153/2133 1177/1314/1287
f 1850/2153/2133 1847/684/627 1168/1315/1288
f 1162/652/599 1164/2154/2134 1848/2151/2131
f 1164/2154/2134 1165/2155/2135 1849/2152/2132
f 1165/2155/2135 1166/2156/2136 1850/2153/2133
f 1166/2156/2136 1163/681/624 1847/684/627
f 1157/644/592 1851/650/597 1853/2157/2137
f 1159/2142/2122 1853/2157/2137 1854/2158/2138
f 1160/2143/2123 1854/2158/2138 1855/2159/2139
f 1161/2144/2124 1855/2159/2139 1852/683/626
f 1851/650/597 1169/651/598 1181/1321/1295
f 1853/2157/2137 1181/1321/1295 1176/1316/1289
f 1854/2158/2138 1176/1316/1289 1175/1313/1286
f 1855/2159/2139 1175/1313/1286 1168/1315/1288
f 1162/652/599 1856/646/594 1858/2160/2140
f 1164/2154/2134 1858/2160/2140 1859/2161/2141
f 1165/2155/2135 1859/2161/2141 1860/2162/2142
f 1166/2156/2136 1860/2162/2142 1857/682/625
f 1856/646/594 1153/645/593 1156/2146/2126
f 1858/2160/2140 1156/2146/2126 1155/2148/2128
f 1859/2161/2141 1155/2148/2128 1154/2150/2130
f 1860/2162/2142 1154/2150/2130 1152/648/595
f 1169/651/598 1861/601/553 1863/2163/2143
f 1180/1308/2144 1863/2166/2149 1862/706/648
f 1861/601/553 1063/1280/1245 1072/1282/2146
f 1863/2166/2149 1065/2203/2197 1062/707/649
f 1864/581/533 1866/2173/2156 1038/2167/2150
f 1867/2172/2155 1865/2204/612 1024/1254/1217
f 1131/639/589 1133/1300/1268 1866/2173/2156
f 1133/2175/1262 1130/670/614 1865/668/612
s 2
f 1419/287/262 1871/286/261 1873/2179/2161
f 1429/1336/1311 1873/2179/2161 1874/2180/2162
f 1430/1328/1304 1874/2180/2162 1875/2181/2163
f 1422/1324/1300 1875/2181/2163 1872/304/279
f 1474/1341/1317 1872/304/279 1875/2181/2163
f 1477/1339/1315 1875/2181/2163 1874/2180/2162
f 1478/1342/1318 1874/2180/2162 1873/2179/2161
f 1484/1348/1324 1873/2179/2161 1871/286/261
s 5
f 429/819/768 1876/818/763 426/817/762
