# Blender 5.2.2 LTS
# www.blender.org
mtllib holocron_inf4.mtl
g holocron_inf4_Holocron.007
v 1.087186 0.928924 -0.018234
v 1.080178 -0.199538 -1.268084
v 1.085588 0.493504 -0.402231
v 1.083158 0.111184 -0.830738
v 1.076097 -0.474298 -1.782410
v 1.089868 1.480927 0.348478
v 1.198804 0.933391 -0.023443
v 1.191793 -0.195071 -1.273293
v 1.197202 0.497971 -0.407440
v 1.194772 0.115652 -0.835945
v 1.187711 -0.469832 -1.787619
v 1.201486 1.485394 0.343271
v 1.144979 1.698009 0.221676
v 1.140367 1.076751 -0.173498
v 1.138772 0.641098 -0.557249
v 1.145623 0.785563 0.131823
v 1.146371 1.268311 0.470076
v 1.134988 -0.593960 -1.579599
v 1.138616 -0.342968 -1.117958
v 1.144021 0.350378 -0.252420
v 1.133355 -0.051642 -1.423420
v 1.128816 -0.350171 -1.990431
v 1.136335 0.259005 -0.985992
v 1.130651 -0.810124 -2.085302
v 1.141591 -0.032169 -0.680689
v 1.269185 -1.005005 -3.409185
v 1.253774 -1.076447 0.971251
v 1.231153 3.321671 1.056080
v 1.016168 -1.083584 1.215965
v -3.393462 -1.109720 1.266523
v 0.993505 3.323132 1.305149
v 1.015443 -1.317466 0.972261
v 1.000070 -1.259806 -3.428804
v -3.402117 -1.345737 1.021971
v -0.005240 -1.142922 -1.079664
v -1.195250 -1.185512 0.110991
v -0.366275 -1.158600 -0.625292
v -0.774501 -1.173069 -0.221642
v -1.694735 -1.197479 0.411676
v 0.330827 -1.124001 -1.648710
v -0.008693 -1.254483 -1.086531
v -1.198706 -1.297072 0.104126
v -0.369727 -1.270161 -0.632158
v -0.777953 -1.284631 -0.228506
v -1.698191 -1.309040 0.404810
v 0.327375 -1.235562 -1.655575
v 0.195714 -1.174460 -1.859537
v -0.166945 -1.195616 -1.220602
v -0.527720 -1.211302 -0.766008
v 0.153013 -1.201792 -0.945593
v 0.462484 -1.185103 -1.444746
v -1.485022 -1.255262 0.519381
v -1.036925 -1.244380 0.245127
v -0.208281 -1.217464 -0.491442
v 0.748945 -1.166421 -2.016020
v -1.357028 -1.238202 -0.030010
v -1.907908 -1.251258 0.297106
v -0.936194 -1.225762 -0.362570
v -1.978923 -1.265462 0.761126
v -0.616259 -1.231938 -0.087576
v -1.079352 -0.110422 1.158842
v 0.102311 1.089236 1.148954
v -0.627928 0.254609 1.162706
v -0.227351 0.666086 1.158962
v 0.401956 1.597492 1.139982
v -1.645312 -0.451880 1.144472
v -1.091231 -0.097239 1.269249
v 0.090432 1.102419 1.259363
v -0.639807 0.267789 1.273115
v -0.239230 0.679271 1.269373
v 0.390077 1.610677 1.250391
v -1.657191 -0.438699 1.254881
v -1.858855 -0.314731 1.173441
v -1.223307 0.054031 1.190779
v -0.771659 0.418807 1.194685
v -0.947276 -0.261692 1.237310
v -1.443648 -0.575849 1.225910
v 0.515138 1.387623 1.210878
v 0.234449 0.937891 1.227434
v -0.496073 0.103590 1.241140
v -2.012088 -0.867892 1.207306
v -0.041709 1.253762 1.180883
v 0.276891 1.820544 1.179493
v -0.371295 0.830533 1.190903
v -0.095282 0.514827 1.237431
v 1.084455 0.294158 -0.613478
v 1.086496 0.705933 -0.203308
v 1.081735 -0.052917 -1.048357
v 1.078405 -0.334106 -1.500290
v 1.073011 -0.635206 -2.143444
v 1.087903 1.170604 0.157589
v 1.094068 1.899477 0.575119
v 1.196073 0.298625 -0.618687
v 1.198114 0.710400 -0.208517
v 1.193349 -0.048451 -1.053564
v 1.190019 -0.329639 -1.505497
v 1.184625 -0.630742 -2.148651
v 1.199521 1.175070 0.152382
v 1.205682 1.903945 0.569910
v 1.141324 1.327147 0.005821
v 1.139680 0.853615 -0.358419
v 1.146100 1.018527 0.304150
v 1.136899 -0.474564 -1.343576
v 1.144933 0.562716 -0.053404
v 1.155423 2.384789 0.821312
v 1.131524 -0.189181 -1.662209
v 1.137639 0.441838 -0.768585
v 1.153291 2.263565 0.508963
v 1.125276 -0.807066 -2.554142
v 1.146459 1.539860 0.636065
v 1.132875 -0.704363 -1.828676
v 1.134912 0.094969 -1.203682
v 1.124761 -0.561585 -2.463419
v 1.142892 0.150948 -0.463579
v 1.140172 -0.196338 -0.898239
v 0.752031 -1.238052 -1.112467
v -1.067240 0.987845 1.232006
v 1.194074 1.002006 0.767483
v -0.468638 0.400651 -0.435150
v 1.261480 -1.040727 -1.218969
v 1.242463 1.122612 1.013662
v 1.250169 1.158334 -1.176556
v -1.188647 -1.096652 1.241243
v 1.004834 1.119773 1.260559
v -1.199980 1.106705 1.285835
v 1.007756 -1.288638 -1.228270
v -1.193335 -1.331603 0.997118
v -1.201022 -1.302772 -1.203417
v -0.465968 -1.203864 -0.477800
v 1.135129 0.414664 -0.465586
v -0.456710 0.377496 1.163677
v 1.188527 1.038710 -1.066292
v -1.059043 -0.855496 1.196371
v -1.064055 -1.278523 0.757160
v 1.196679 -0.796000 -1.099667
v 0.766031 0.997452 1.210888
v -1.085047 -1.249802 -1.091791
v -0.566962 -1.166051 -0.415449
v -0.178569 -1.150866 -0.847561
v -0.983371 -1.179538 -0.046654
v -1.420214 -1.191225 0.257244
v -2.047004 -1.204927 0.590837
v 0.157674 -1.134511 -1.329847
v 0.531984 -1.110095 -2.076422
v -0.570414 -1.277613 -0.422316
v -0.182025 -1.262426 -0.854427
v -0.986827 -1.291099 -0.053518
v -1.423667 -1.302788 0.250378
v -2.050456 -1.316490 0.583971
v 0.154222 -1.246072 -1.336712
v 0.528531 -1.221656 -2.083288
v -0.000769 -1.186924 -1.479574
v -0.340113 -1.203561 -0.988361
v 0.312665 -1.193660 -1.186983
v -1.255465 -1.249960 0.388075
v -0.020480 -1.209728 -0.713627
v 0.748945 -1.149937 -2.572504
v -1.588416 -1.244053 0.119545
v -0.728503 -1.218748 -0.556246
v 0.453557 -1.155810 -2.435612
v -2.447318 -1.268893 0.782143
v 0.606954 -1.175941 -1.724096
v -1.728083 -1.260402 0.642374
v -1.145140 -1.232228 -0.187647
v -2.369380 -1.261016 0.532433
v -0.408877 -1.224916 -0.281519
v -0.825057 -1.238408 0.087473
v -0.419623 0.457026 1.161707
v -0.848696 0.064986 1.161726
v -0.053862 0.876261 1.154720
v 0.247331 1.315991 1.142504
v 0.583684 1.965509 1.145218
v -1.328101 -0.275656 1.153769
v -2.070971 -0.657265 1.129450
v -0.431502 0.470209 1.272116
v -0.860575 0.078169 1.272135
v -0.065741 0.889446 1.265129
v 0.235452 1.329175 1.252913
v 0.571805 1.978693 1.255625
v -1.339980 -0.262473 1.264175
v -2.082850 -0.644080 1.239859
v -1.480807 -0.114553 1.185326
v -0.992514 0.229280 1.193689
v -1.187270 -0.423576 1.232618
v 0.377099 1.157332 1.220037
v -0.716761 -0.086128 1.240171
v -2.567263 -0.874272 1.166285
v 0.105680 1.487837 1.175383
v -0.563433 0.621315 1.193670
v -2.432235 -0.578313 1.152136
v 0.776471 2.391716 1.210394
v -1.721591 -0.723031 1.217173
v 0.656587 1.631274 1.199997
v -0.197871 1.040778 1.186651
v 0.498899 2.312927 1.200844
v -0.287692 0.305918 1.240152
v 0.078267 0.724927 1.233198
v 1.227727 3.799410 1.308191
v 1.228845 3.797809 1.307549
v 1.226098 3.800128 1.309063
v 1.226976 3.799405 1.307449
v 1.093934 0.767442 0.151066
v 1.090074 0.769109 0.149338
v 1.092473 0.767159 0.151371
v 1.091226 0.767376 0.151148
v 1.090383 0.768060 0.150434
v 1.086042 -0.048602 -0.663197
v 1.089917 -0.050284 -0.661451
v 1.086354 -0.049655 -0.662094
v 1.087201 -0.050346 -0.661373
v 1.088453 -0.050566 -0.661148
v 1.084302 1.088718 -0.185783
v 1.088235 1.090676 -0.187853
v 1.084584 1.089793 -0.186913
v 1.085431 1.090544 -0.187702
v 1.086713 1.090852 -0.188032
v 1.084207 0.272924 -1.000347
v 1.080274 0.270966 -0.998272
v 1.082685 0.273103 -1.000526
v 1.081403 0.272793 -1.000195
v 1.080556 0.272043 -0.999403
v 1.092336 0.332259 -0.233179
v 1.088468 0.333924 -0.234907
v 1.090875 0.331977 -0.232876
v 1.089624 0.332195 -0.233097
v 1.088781 0.332879 -0.233810
v 1.086641 0.655020 -0.571604
v 1.082708 0.653072 -0.569544
v 1.085119 0.655198 -0.571785
v 1.083837 0.654891 -0.571457
v 1.082990 0.654145 -0.570669
v 1.081235 -0.037722 -1.437773
v 1.077291 -0.039714 -1.435665
v 1.079709 -0.037548 -1.437950
v 1.078424 -0.037862 -1.437611
v 1.077577 -0.038623 -1.436808
v 1.083062 -0.359362 -1.100504
v 1.086957 -0.361075 -1.098724
v 1.083379 -0.360430 -1.099386
v 1.084226 -0.361129 -1.098654
v 1.085485 -0.361357 -1.098423
v 1.076699 -0.336251 -2.004782
v 1.072763 -0.337804 -2.001673
v 1.075174 -0.336042 -2.004883
v 1.073888 -0.336264 -2.004328
v 1.073041 -0.336882 -2.003201
v 1.079431 -0.610796 -1.563143
v 1.083356 -0.612062 -1.560375
v 1.079747 -0.611696 -1.561642
v 1.080606 -0.612250 -1.560591
v 1.081872 -0.612381 -1.560144
v 1.067865 -0.790279 -3.032896
v 1.063977 -0.785520 -3.020096
v 1.067830 -0.788378 -3.033381
v 1.066362 -0.789681 -3.030016
v 1.065095 -0.788566 -3.026573
v 1.068109 -0.790150 -3.034218
v 1.066503 -0.789385 -3.032230
v 1.065252 -0.788465 -3.029978
v 1.065637 -0.788279 -3.031462
v 1.064241 -0.785352 -3.023363
v 1.065065 -0.785836 -3.027035
v 1.064260 -0.787107 -3.023088
v 1.064653 -0.787090 -3.026983
v 1.065240 -0.787305 -3.030176
v 1.068090 -0.789119 -3.034481
v 1.066327 -0.786898 -3.030554
v 1.066488 -0.788077 -3.032486
v 1.066583 -0.788982 -3.033535
v 1.079046 -0.828214 -2.066090
v 1.075124 -0.825308 -2.064774
v 1.077554 -0.828412 -2.065546
v 1.076284 -0.827928 -2.065104
v 1.075429 -0.826839 -2.064833
v 1.094686 1.250190 0.489321
v 1.090856 1.252888 0.488266
v 1.093225 1.249989 0.489676
v 1.091985 1.250427 0.489599
v 1.091153 1.251447 0.489103
v 1.088880 1.708852 0.208765
v 1.092851 1.711931 0.207319
v 1.089177 1.710356 0.207872
v 1.090036 1.711471 0.207287
v 1.091329 1.712023 0.207092
v 1.095029 1.810509 0.821978
v 1.091073 1.805535 0.819208
v 1.094758 1.802242 0.819881
v 1.093492 1.809376 0.822222
v 1.092202 1.808033 0.821785
v 1.095098 1.808537 0.821775
v 1.093557 1.807514 0.821917
v 1.092344 1.806576 0.821819
v 1.092691 1.805598 0.821634
v 1.091317 1.804326 0.820169
v 1.092103 1.803276 0.820637
v 1.091352 1.806684 0.820726
v 1.091745 1.805479 0.821115
v 1.092298 1.804507 0.821321
v 1.094953 1.804064 0.820642
v 1.095071 1.806273 0.821306
v 1.093313 1.802542 0.820536
v 1.093469 1.804205 0.821096
v 1.112310 2.955039 0.825483
v 1.112211 2.955597 0.823593
v 1.108003 2.942368 0.820087
v 1.112516 2.956375 0.825396
v 1.110692 2.952140 0.824728
v 1.110860 2.954372 0.824516
v 1.110948 2.955699 0.824167
v 1.109960 2.953638 0.823362
v 1.110635 2.952819 0.821972
v 1.109281 2.949330 0.820736
v 1.112462 2.956676 0.824369
v 1.110830 2.954696 0.823223
v 1.109533 2.952394 0.822332
v 1.108361 2.945282 0.821806
v 1.109308 2.948717 0.823435
v 1.108354 2.945661 0.820074
v 1.108865 2.949194 0.821970
v 1.109548 2.952134 0.823481
v 1.201066 0.808022 0.108011
v 1.197294 0.803678 0.112585
v 1.200795 0.806770 0.109325
v 1.199983 0.805504 0.110655
v 1.198755 0.804418 0.111801
v 1.193265 -0.014054 -0.699926
v 1.197034 -0.009689 -0.704523
v 1.194722 -0.013312 -0.700714
v 1.195951 -0.012219 -0.701864
v 1.196763 -0.010948 -0.703201
v 1.192495 1.062829 -0.159142
v 1.196538 1.058737 -0.154873
v 1.194028 1.062190 -0.158482
v 1.195333 1.061188 -0.157438
v 1.196214 1.059977 -0.156170
v 1.192510 0.240985 -0.967363
v 1.188462 0.245080 -0.971640
v 1.192182 0.242228 -0.968662
v 1.191301 0.243440 -0.969933
v 1.189992 0.244442 -0.970976
v 1.199460 0.372837 -0.276234
v 1.195695 0.368493 -0.271660
v 1.199193 0.371584 -0.274920
v 1.198381 0.370322 -0.273590
v 1.197152 0.369234 -0.272446
v 1.194944 0.623094 -0.538635
v 1.190904 0.627175 -0.542896
v 1.194619 0.624330 -0.539927
v 1.193738 0.625539 -0.541191
v 1.192434 0.626537 -0.542233
v 1.189527 -0.069695 -1.404755
v 1.185476 -0.065562 -1.409067
v 1.189203 -0.068440 -1.406067
v 1.188318 -0.067214 -1.407349
v 1.187009 -0.066205 -1.408401
v 1.190271 -0.324859 -1.137190
v 1.194055 -0.320449 -1.141832
v 1.191739 -0.324111 -1.137981
v 1.192971 -0.323008 -1.139141
v 1.193784 -0.321724 -1.140493
v 1.184999 -0.367657 -1.970507
v 1.180932 -0.364090 -1.976080
v 1.184671 -0.366620 -1.972301
v 1.183782 -0.365578 -1.973989
v 1.182466 -0.364688 -1.975317
v 1.186628 -0.575858 -1.598822
v 1.190419 -0.572011 -1.604725
v 1.188100 -0.575150 -1.599712
v 1.189336 -0.574172 -1.601147
v 1.190152 -0.573069 -1.602907
v 1.172052 -0.817784 -3.004229
v 1.172055 -0.816217 -3.004681
v 1.176240 -0.814056 -2.985899
v 1.172292 -0.817777 -3.005543
v 1.173631 -0.817753 -3.000093
v 1.173665 -0.817620 -3.002357
v 1.173673 -0.817349 -3.003725
v 1.174463 -0.816932 -3.000814
v 1.173623 -0.815315 -3.000454
v 1.174970 -0.814589 -2.995399
v 1.173665 -0.816478 -3.002533
v 1.174794 -0.816106 -2.999079
v 1.175901 -0.815737 -2.990175
v 1.174981 -0.817035 -2.995159
v 1.175889 -0.814146 -2.990288
v 1.175405 -0.815882 -2.994974
v 1.174802 -0.817142 -2.998974
v 1.186116 -0.786408 -2.106047
v 1.182260 -0.792030 -2.104517
v 1.185830 -0.788142 -2.105904
v 1.184999 -0.789820 -2.105564
v 1.183744 -0.791185 -2.105076
v 1.201860 1.292058 0.447107
v 1.198030 1.286418 0.450844
v 1.201570 1.290313 0.448099
v 1.200742 1.288630 0.449158
v 1.199498 1.287261 0.450121
v 1.197110 1.684086 0.236031
v 1.201108 1.678586 0.239511
v 1.198636 1.683341 0.236631
v 1.199933 1.682034 0.237505
v 1.200803 1.680365 0.238514
v 1.198079 1.842154 0.783583
v 1.202100 1.844505 0.777945
v 1.199571 1.842747 0.782713
v 1.200856 1.843405 0.781334
v 1.201745 1.844022 0.779659
v 1.216478 2.927248 0.853882
v 1.220170 2.909552 0.849586
v 1.216466 2.927753 0.852301
v 1.217935 2.923221 0.853731
v 1.219148 2.918441 0.852861
v 1.216691 2.928568 0.853905
v 1.218007 2.925467 0.853666
v 1.219064 2.922184 0.853094
v 1.218770 2.923994 0.852934
v 1.219938 2.913805 0.849804
v 1.219152 2.918756 0.850397
v 1.219934 2.913641 0.851406
v 1.219571 2.918324 0.851700
v 1.219068 2.922318 0.852049
v 1.217935 2.923656 0.851274
v 1.218004 2.925675 0.852516
v 1.218030 2.926826 0.853434
v 1.245744 -0.832415 0.729353
v 1.245702 -0.828241 0.733690
v 1.250055 -0.837135 0.738100
v 1.245744 -0.832123 0.730991
v 1.245736 -0.831228 0.732389
v 1.247373 -0.832796 0.731287
v 1.247312 -0.832497 0.732317
v 1.248189 -0.832524 0.733641
v 1.247346 -0.830157 0.733988
v 1.248750 -0.832520 0.734934
v 1.245721 -0.829865 0.733337
v 1.247300 -0.831192 0.733652
v 1.249704 -0.835349 0.736021
v 1.248761 -0.833825 0.733625
v 1.249215 -0.833910 0.734983
v -2.879977 -0.865885 1.261736
v -2.881285 -0.862848 1.261843
v -2.892905 -0.870466 1.266047
v -2.882102 -0.865010 1.262045
v -2.883395 -0.865755 1.263445
v -2.886309 -0.867282 1.264837
v -2.890086 -0.869473 1.265715
v -2.887519 -0.867908 1.265245
v 1.265233 -0.759117 -2.929789
v 1.269513 -0.763623 -2.942980
v 1.265229 -0.756076 -2.930979
v 1.266877 -0.759421 -2.932562
v 1.265226 -0.758862 -2.931185
v 1.268083 -0.759913 -2.935257
v 1.269201 -0.762774 -2.940519
v 1.268277 -0.761039 -2.937374
v 1.269193 -0.761861 -2.939701
v 1.265222 -0.757216 -2.931829
v 1.266816 -0.758797 -2.933800
v 1.229436 2.832655 0.800293
v 1.229444 2.833961 0.797300
v 1.233632 2.845788 0.804993
v 1.229436 2.834063 0.800087
v 1.230962 2.836286 0.800180
v 1.231866 2.837650 0.800892
v 1.232412 2.839993 0.802193
v 1.229444 2.834767 0.798470
v 1.233316 2.843163 0.804001
v 0.731317 -1.264422 -2.968134
v 0.728276 -1.264463 -2.969389
v 0.735952 -1.268465 -2.981228
v 0.731069 -1.264209 -2.969517
v 0.731450 -1.265862 -2.971573
v 0.731916 -1.266748 -2.973444
v 0.731015 -1.266018 -2.972767
v 0.729425 -1.264232 -2.970198
v 0.734166 -1.268200 -2.978004
v 0.732660 -1.267341 -2.974382
v 0.735170 -1.268184 -2.979176
v 0.733434 -1.267777 -2.976282
v 0.770459 -0.846700 1.218790
v 0.779332 -0.851232 1.222868
v 0.774701 -0.842421 1.218826
v 0.772424 -0.847062 1.220390
v 0.774801 -0.848049 1.221727
v 0.772092 -0.846368 1.218781
v 0.773450 -0.846736 1.220327
v 0.774789 -0.846750 1.221191
v 0.776086 -0.846733 1.221739
v 0.777227 -0.849514 1.222595
v 0.776170 -0.848112 1.222162
v 0.774385 -0.844051 1.218800
v 0.773469 -0.845438 1.218782
v 0.775075 -0.844371 1.220413
v 0.774762 -0.845406 1.220343
v 0.758352 2.835672 1.294117
v 0.763028 2.849412 1.298595
v 0.755346 2.836895 1.294178
v 0.758710 2.838603 1.295803
v 0.758115 2.837070 1.294147
v 0.758916 2.840717 1.296663
v 0.761243 2.846038 1.298227
v 0.760385 2.843722 1.297720
v 0.756490 2.837732 1.294180
v 0.757833 2.839746 1.295837
v 0.773244 -1.310208 0.731413
v 0.777654 -1.314572 0.739826
v 0.769033 -1.310287 0.735720
v 0.773603 -1.311863 0.733335
v 0.774568 -1.313272 0.735609
v 0.772939 -1.310235 0.733047
v 0.773290 -1.311821 0.734343
v 0.773313 -1.312716 0.735632
v 0.775663 -1.314231 0.738216
v 0.773328 -1.313296 0.736868
v 0.774640 -1.313744 0.736906
v 0.770658 -1.310277 0.735376
v 0.772031 -1.310259 0.734438
v 0.771001 -1.311913 0.735992
v 0.772001 -1.311846 0.735661
v -2.896605 -1.333735 0.776968
v -2.908839 -1.338144 0.780848
v -2.897898 -1.333704 0.773954
v -2.899619 -1.335390 0.777262
v -2.906432 -1.337784 0.780027
v -2.904113 -1.337277 0.778635
v -2.898749 -1.333740 0.776106
v -2.900416 -1.335330 0.776533
v 1.225198 3.799510 1.308290
v 1.224019 3.796929 1.311705
v 1.227922 3.798549 1.306622
v 1.227659 3.798815 1.306650
v 1.228322 3.797298 1.308840
v 1.224145 3.799334 1.309618
v 1.223539 3.798691 1.310888
v 1.224931 3.799552 1.310642
v 1.225801 3.797033 1.311337
v 1.227315 3.797163 1.310329
v 1.223508 3.798006 1.311466
v 1.225572 3.798947 1.310974
v 1.226892 3.799725 1.309544
v 1.263978 -1.251154 -3.876026
v 1.265340 -1.247632 -3.877293
v 1.268861 -1.246349 -3.875320
v 1.263669 -1.250111 -3.877102
v 1.265840 -1.250777 -3.875872
v 1.265668 -1.250345 -3.877407
v 1.265672 -1.249715 -3.878342
v 1.266668 -1.246559 -3.877226
v 1.267804 -1.245938 -3.876827
v 1.264295 -1.248972 -3.877331
v 1.266080 -1.248347 -3.878052
v 1.267446 -1.247928 -3.878220
v 1.268480 -1.248178 -3.875488
v 1.267419 -1.249731 -3.875683
v 1.268575 -1.245865 -3.876158
v 1.268064 -1.247954 -3.877167
v 1.267270 -1.249542 -3.877729
v 1.257493 -1.315763 1.204405
v 1.253000 -1.315930 1.209066
v 1.253099 -1.320359 1.204569
v 1.257165 -1.315811 1.206175
v 1.256196 -1.315860 1.207684
v 1.257184 -1.317518 1.204433
v 1.256692 -1.317498 1.206123
v 1.256025 -1.317492 1.207481
v 1.255635 -1.318465 1.207075
v 1.253034 -1.317650 1.208698
v 1.253064 -1.319094 1.207716
v 1.254731 -1.315902 1.208696
v 1.254697 -1.317561 1.208174
v 1.254674 -1.318886 1.207495
v 1.254808 -1.320007 1.204523
v 1.256242 -1.319009 1.204475
v 1.253091 -1.320045 1.206264
v 1.254735 -1.319532 1.206171
v 1.256047 -1.318849 1.206099
v -3.893901 -1.348915 1.266998
v -3.896415 -1.349885 1.263556
v -3.894831 -1.353322 1.262819
v -3.895011 -1.348377 1.266756
v -3.895880 -1.348373 1.266016
v -3.894114 -1.350624 1.266653
v -3.896010 -1.350385 1.266287
v -3.897235 -1.350327 1.265699
v -3.896525 -1.351203 1.262655
v -3.896373 -1.348901 1.264894
v -3.897166 -1.350675 1.264391
v -3.897406 -1.352017 1.264067
v -3.894618 -1.353009 1.264391
v -3.894366 -1.352060 1.265738
v -3.895667 -1.353064 1.262260
v -3.896331 -1.352618 1.264143
v -3.896590 -1.351899 1.265575
v 1.117048 -0.759646 -2.928574
v 1.117021 -0.756605 -2.929766
v 1.112836 -0.755521 -2.922449
v 1.117032 -0.759390 -2.929972
v 1.115430 -0.759356 -2.927174
v 1.115468 -0.758967 -2.928862
v 1.115495 -0.758435 -2.929932
v 1.114587 -0.757976 -2.928741
v 1.115400 -0.755889 -2.928534
v 1.114038 -0.755430 -2.926710
v 1.117017 -0.757745 -2.930614
v 1.115453 -0.757320 -2.929508
v 1.114206 -0.757021 -2.928211
v 1.113153 -0.757124 -2.923859
v 1.114064 -0.758469 -2.925520
v 1.113134 -0.755301 -2.924574
v 1.113595 -0.757010 -2.926262
v 1.114221 -0.758320 -2.927704
v 1.158685 -0.832821 0.730335
v 1.154409 -0.828581 0.730463
v 1.158715 -0.828647 0.734674
v 1.157056 -0.832505 0.730360
v 1.155668 -0.831586 0.730392
v 1.158704 -0.832530 0.731970
v 1.157033 -0.832145 0.732040
v 1.156247 -0.831080 0.732855
v 1.154752 -0.828613 0.732088
v 1.155690 -0.828635 0.733459
v 1.154737 -0.830210 0.730429
v 1.155149 -0.830281 0.732096
v 1.158719 -0.830270 0.734320
v 1.158715 -0.831632 0.733370
v 1.157083 -0.828647 0.734367
v 1.157045 -0.830309 0.733946
v 1.142450 2.832252 0.801273
v 1.138166 2.826295 0.796953
v 1.142408 2.833557 0.798283
v 1.140821 2.830872 0.800941
v 1.139436 2.829254 0.800005
v 1.142442 2.833656 0.801069
v 1.140867 2.832571 0.800617
v 1.139604 2.831439 0.799938
v 1.139982 2.832490 0.799631
v 1.138479 2.828430 0.796814
v 1.139398 2.830556 0.797016
v 1.138505 2.827645 0.798603
v 1.138967 2.830050 0.798580
v 1.139589 2.831995 0.798660
v 1.142419 2.834363 0.799452
v 1.140775 2.832357 0.797531
v 1.140847 2.833279 0.799000
v 1.140897 2.833660 0.800129
v 0.769471 -0.845121 1.131815
v 0.773713 -0.840841 1.131847
v 0.769403 -0.840786 1.127634
v 0.771100 -0.844789 1.131804
v 0.772481 -0.843858 1.131805
v 0.769452 -0.844768 1.130190
v 0.771123 -0.844367 1.130138
v 0.772245 -0.843615 1.130222
v 0.773370 -0.840813 1.130220
v 0.772432 -0.840793 1.128847
v 0.773397 -0.842474 1.131819
v 0.772985 -0.842486 1.130152
v 0.772226 -0.842383 1.129038
v 0.769414 -0.842421 1.127928
v 0.769433 -0.843822 1.128828
v 0.771039 -0.840785 1.127937
v 0.771093 -0.842462 1.128302
v 0.771020 -0.843600 1.129028
v -2.896010 -0.864278 1.173143
v -2.890857 -0.859912 1.168901
v -2.897322 -0.861245 1.173183
v -2.894831 -0.863918 1.171507
v -2.893439 -0.862960 1.170126
v -2.897403 -0.864059 1.173342
v -2.896582 -0.863573 1.171667
v -2.895663 -0.862862 1.170351
v -2.896674 -0.862543 1.170776
v -2.892867 -0.859693 1.169252
v -2.894801 -0.859869 1.170187
v -2.892043 -0.861554 1.169210
v -2.894397 -0.861482 1.169706
v -2.896247 -0.861542 1.170378
v -2.898112 -0.862416 1.173365
v -2.896365 -0.860416 1.171568
v -2.897307 -0.861910 1.171698
v -2.897689 -0.863060 1.171764
v 0.757356 2.837398 1.198767
v 0.754342 2.838624 1.198824
v 0.753076 2.831401 1.194445
v 0.757119 2.838798 1.198795
v 0.757020 2.836038 1.197115
v 0.756658 2.837730 1.197208
v 0.756147 2.838807 1.197273
v 0.755655 2.837643 1.196341
v 0.753579 2.837439 1.197180
v 0.753072 2.835649 1.195770
v 0.755491 2.839461 1.198826
v 0.755025 2.838397 1.197239
v 0.754686 2.837131 1.195959
v 0.754705 2.832794 1.194777
v 0.756089 2.834421 1.195713
v 0.752897 2.833529 1.194809
v 0.754636 2.835193 1.195292
v 0.755975 2.836606 1.195934
v 0.730867 -1.154366 -2.946039
v 0.726655 -1.150262 -2.939157
v 0.727819 -1.154328 -2.947285
v 0.730359 -1.152769 -2.944801
v 0.729379 -1.151426 -2.943060
v 0.730802 -1.154325 -2.947912
v 0.730237 -1.152686 -2.946636
v 0.729432 -1.151597 -2.945107
v 0.729306 -1.151907 -2.946121
v 0.726915 -1.150532 -2.941555
v 0.727224 -1.151399 -2.943941
v 0.728078 -1.150547 -2.941078
v 0.728383 -1.150880 -2.943611
v 0.729154 -1.154304 -2.948586
v 0.730203 -1.154302 -2.948807
v 0.727544 -1.152732 -2.945953
v 0.728898 -1.152669 -2.947184
v 0.772706 -1.223206 0.733047
v 0.768495 -1.223311 0.737352
v 0.768419 -1.218974 0.733173
v 0.772397 -1.223238 0.734678
v 0.771489 -1.223270 0.736073
v 0.772371 -1.221578 0.733080
v 0.771997 -1.221571 0.734756
v 0.771260 -1.221680 0.735889
v 0.768480 -1.221678 0.737061
v 0.768461 -1.220277 0.736162
v 0.770120 -1.223296 0.737013
v 0.770147 -1.221617 0.736652
v 0.770047 -1.220479 0.735926
v 0.770051 -1.219286 0.733150
v 0.771440 -1.220201 0.733114
v 0.768438 -1.219328 0.734798
v 0.770112 -1.219710 0.734812
v 0.771241 -1.220450 0.734699
v -2.897143 -1.246758 0.778601
v -2.898429 -1.246709 0.775600
v -2.891219 -1.242380 0.774355
v -2.899001 -1.246767 0.778584
v -2.899901 -1.246762 0.778008
v -2.896243 -1.245111 0.778109
v -2.898837 -1.245162 0.777576
v -2.897731 -1.244273 0.777117
v -2.897433 -1.245066 0.775333
v -2.895713 -1.243667 0.775003
v -2.899699 -1.246742 0.776958
v -2.893039 -1.242743 0.775808
v -2.894801 -1.243701 0.777126
v -2.893531 -1.242723 0.774658
v -2.895468 -1.243153 0.776167
v -2.896788 -1.243931 0.777224
v 0.172235 -1.150197 -0.927254
v 0.170354 -1.146312 -0.928738
v 0.172529 -1.148730 -0.926950
v 0.172277 -1.147477 -0.927126
v 0.171510 -1.146627 -0.927753
v -0.598933 -1.176456 -0.070736
v -0.597033 -1.180344 -0.069239
v -0.597769 -1.176771 -0.069746
v -0.597003 -1.177622 -0.069115
v -0.596743 -1.178876 -0.068935
v -0.180819 -1.139535 -1.230581
v -0.182917 -1.143461 -1.232523
v -0.181998 -1.139813 -1.231604
v -0.182811 -1.140658 -1.232332
v -0.183131 -1.141937 -1.232653
v -0.952170 -1.173609 -0.374489
v -0.950064 -1.169681 -0.372543
v -0.952384 -1.172085 -0.374620
v -0.952060 -1.170803 -0.374296
v -0.951243 -1.169959 -0.373568
v -0.189055 -1.165865 -0.473101
v -0.190936 -1.161986 -0.474583
v -0.188761 -1.164400 -0.472799
v -0.189017 -1.163147 -0.472973
v -0.189780 -1.162301 -0.473600
v -0.543696 -1.159146 -0.777927
v -0.541606 -1.155220 -0.775995
v -0.543910 -1.157624 -0.778061
v -0.543589 -1.156342 -0.777739
v -0.542781 -1.155498 -0.777014
v -1.373000 -1.186055 -0.041929
v -1.370864 -1.182121 -0.039953
v -1.373214 -1.184530 -0.042059
v -1.372882 -1.183247 -0.041729
v -1.372058 -1.182401 -0.040991
v -1.019641 -1.188902 0.261932
v -1.017707 -1.192801 0.263460
v -1.018462 -1.189217 0.262934
v -1.017680 -1.190071 0.263578
v -1.017413 -1.191329 0.263762
v -1.923877 -1.199117 0.285189
v -1.920764 -1.195156 0.286673
v -1.924014 -1.197588 0.285021
v -1.923472 -1.196296 0.285244
v -1.922328 -1.195442 0.285824
v -1.468711 -1.199802 0.536678
v -1.465811 -1.203704 0.537706
v -1.467158 -1.200112 0.537493
v -1.466063 -1.200961 0.537973
v -1.465590 -1.202223 0.538050
v -2.927241 -1.220181 0.791206
v -2.914775 -1.215939 0.785892
v -2.927829 -1.220107 0.789331
v -2.924422 -1.218608 0.790497
v -2.921065 -1.217249 0.789238
v -2.928565 -1.220445 0.791136
v -2.926646 -1.218784 0.790310
v -2.924468 -1.217470 0.789305
v -2.925952 -1.217877 0.789186
v -2.918040 -1.216261 0.785883
v -2.921668 -1.217167 0.786535
v -2.917674 -1.216311 0.787622
v -2.921557 -1.216783 0.787796
v -2.924727 -1.217434 0.788158
v -2.928881 -1.220407 0.790121
v -2.925101 -1.218518 0.787746
v -2.926970 -1.218742 0.789019
v -2.927970 -1.218877 0.789972
v -1.959719 -1.213936 0.779440
v -1.958628 -1.209922 0.776567
v -1.959193 -1.212436 0.779646
v -1.958800 -1.211148 0.779171
v -1.958602 -1.210265 0.778090
v 0.481706 -1.133522 -1.426413
v 0.480451 -1.129586 -1.428991
v 0.482049 -1.132047 -1.426191
v 0.481931 -1.130780 -1.426603
v 0.481370 -1.129917 -1.427586
v 0.181260 -1.118416 -1.868345
v 0.179742 -1.122306 -1.871456
v 0.180303 -1.118680 -1.869816
v 0.179677 -1.119514 -1.870924
v 0.179483 -1.120788 -1.871500
v 0.765313 -1.111014 -1.996893
v 0.768155 -1.114863 -1.997694
v 0.766843 -1.111304 -1.996778
v 0.767919 -1.112137 -1.996893
v 0.768380 -1.113387 -1.997213
v 0.733121 -1.081450 -3.136505
v 0.731290 -1.081432 -3.136961
v 0.728109 -1.077893 -3.122881
v 0.733007 -1.081633 -3.137836
v 0.732438 -1.080020 -3.133417
v 0.732167 -1.080106 -3.135668
v 0.731790 -1.080156 -3.136995
v 0.731031 -1.079279 -3.134789
v 0.729715 -1.080011 -3.133919
v 0.728559 -1.078840 -3.130175
v 0.732015 -1.081625 -3.138083
v 0.730890 -1.080103 -3.135906
v 0.730043 -1.078929 -3.133429
v 0.729730 -1.078094 -3.126043
v 0.731248 -1.078840 -3.129744
v 0.727994 -1.078095 -3.126299
v 0.729772 -1.078414 -3.130091
v 0.731183 -1.078930 -3.133244
v 0.129052 -1.257141 -0.968136
v 0.133783 -1.253388 -0.963932
v 0.130426 -1.256876 -0.966942
v 0.131810 -1.256068 -0.965725
v 0.132985 -1.254844 -0.964668
v -0.635485 -1.283532 -0.105917
v -0.640235 -1.287289 -0.110134
v -0.636283 -1.284990 -0.106653
v -0.637465 -1.286216 -0.107714
v -0.638854 -1.287022 -0.108936
v -0.150969 -1.247773 -1.208681
v -0.146422 -1.251825 -1.204912
v -0.150248 -1.249305 -1.208115
v -0.149131 -1.250612 -1.207201
v -0.147788 -1.251498 -1.206076
v -0.915671 -1.281974 -0.346876
v -0.920222 -1.277915 -0.350651
v -0.917037 -1.281645 -0.348042
v -0.918383 -1.280757 -0.349169
v -0.919501 -1.279448 -0.350084
v -0.232238 -1.272816 -0.513981
v -0.227511 -1.269066 -0.509783
v -0.230864 -1.272550 -0.512791
v -0.229483 -1.271743 -0.511574
v -0.228305 -1.270520 -0.510519
v -0.507212 -1.267511 -0.750326
v -0.511748 -1.263456 -0.754087
v -0.508570 -1.267184 -0.751486
v -0.509913 -1.266296 -0.752607
v -0.511027 -1.264989 -0.753521
v -1.336467 -1.294415 -0.014284
v -1.341059 -1.290349 -0.018093
v -1.337851 -1.294085 -0.015463
v -1.339206 -1.293197 -0.016600
v -1.340335 -1.291885 -0.017523
v -1.056147 -1.295963 0.226791
v -1.060946 -1.299731 0.222536
v -1.056948 -1.297427 0.226051
v -1.058142 -1.298655 0.224981
v -1.059546 -1.299466 0.223745
v -1.886119 -1.307442 0.312201
v -1.891936 -1.303398 0.309023
v -1.887969 -1.307120 0.311266
v -1.889724 -1.306242 0.310333
v -1.891120 -1.304933 0.309546
v -1.504233 -1.306824 0.501051
v -1.510264 -1.310637 0.497419
v -1.505133 -1.308296 0.500357
v -1.506594 -1.309535 0.499422
v -1.508395 -1.310360 0.498390
v -2.895354 -1.324409 0.814707
v -2.895888 -1.324386 0.813164
v -2.877173 -1.328164 0.809948
v -2.897227 -1.324763 0.814486
v -2.891207 -1.325907 0.814428
v -2.893470 -1.325983 0.814409
v -2.894847 -1.326008 0.814207
v -2.891951 -1.326735 0.813623
v -2.891688 -1.325851 0.812010
v -2.886657 -1.327086 0.810993
v -2.893702 -1.325957 0.813278
v -2.890254 -1.327014 0.812704
v -2.881366 -1.327940 0.811853
v -2.886290 -1.327149 0.813427
v -2.881556 -1.327899 0.810268
v -2.886157 -1.327540 0.812254
v -2.890097 -1.327042 0.813734
v -1.999877 -1.320751 0.737181
v -1.998126 -1.317000 0.742807
v -1.999652 -1.320505 0.738913
v -1.999236 -1.319706 0.740589
v -1.998702 -1.318475 0.741957
v 0.439306 -1.240408 -1.468668
v 0.443265 -1.236688 -1.463083
v 0.440381 -1.240159 -1.466948
v 0.441514 -1.239364 -1.465282
v 0.442525 -1.238144 -1.463926
v 0.211690 -1.226613 -1.847618
v 0.215501 -1.230718 -1.842379
v 0.212354 -1.228150 -1.846939
v 0.213311 -1.229469 -1.845705
v 0.214418 -1.230371 -1.844103
v 0.729730 -1.217985 -2.034349
v 0.724054 -1.221843 -2.036310
v 0.728856 -1.219461 -2.034918
v 0.727472 -1.220712 -2.035490
v 0.725785 -1.221549 -2.035978
v 0.764760 -1.185724 -3.112696
v 0.761098 -1.190291 -3.093994
v 0.763234 -1.185733 -3.113125
v 0.764768 -1.187376 -3.108479
v 0.764077 -1.188824 -3.103445
v 0.764646 -1.187351 -3.110788
v 0.764196 -1.188563 -3.107347
v 0.763982 -1.188190 -3.109221
v 0.761197 -1.189854 -3.098461
v 0.761636 -1.188836 -3.103664
v 0.762788 -1.189848 -3.098358
v 0.762941 -1.189261 -3.103260
v 0.763166 -1.188568 -3.107443
v 0.763932 -1.185906 -3.114252
v 0.762353 -1.187388 -3.108812
v 0.763517 -1.187358 -3.110950
v 0.764383 -1.187325 -3.112181
v -0.926547 -0.285217 1.188471
v -0.927859 -0.283700 1.184378
v -0.926177 -0.285635 1.187052
v -0.926295 -0.285494 1.185774
v -0.926886 -0.284817 1.184835
v -0.075869 0.492824 1.184498
v -0.074549 0.491297 1.188583
v -0.074893 0.491706 1.184956
v -0.074301 0.491025 1.185894
v -0.074179 0.490881 1.187166
v -1.230826 0.062833 1.133307
v -1.232955 0.065253 1.136942
v -1.231868 0.064023 1.133436
v -1.232638 0.064899 1.134172
v -1.233020 0.065333 1.135403
v -0.380942 0.841754 1.137064
v -0.378806 0.839323 1.133432
v -0.381007 0.841832 1.135525
v -0.380622 0.841398 1.134295
v -0.379847 0.840517 1.133558
v -0.475341 0.080063 1.192291
v -0.476649 0.081576 1.188208
v -0.474971 0.079648 1.190876
v -0.475093 0.079788 1.189602
v -0.475680 0.080464 1.188665
v -0.781306 0.430032 1.140844
v -0.779185 0.427616 1.137209
v -0.781371 0.430107 1.139307
v -0.780989 0.429678 1.138075
v -0.780223 0.428802 1.137341
v -0.051356 1.264984 1.127047
v -0.049182 1.262511 1.123417
v -0.051417 1.265059 1.125505
v -0.051024 1.264616 1.124277
v -0.050238 1.263721 1.123543
v 0.253839 0.915915 1.174498
v 0.255182 0.914365 1.178589
v 0.254823 0.914790 1.174955
v 0.255422 0.914100 1.175898
v 0.255548 0.913950 1.177172
v 0.267244 1.831767 1.125658
v 0.268995 1.828305 1.121876
v 0.267152 1.831764 1.124105
v 0.267453 1.831107 1.122843
v 0.268098 1.829894 1.122059
v 0.535005 1.366528 1.158098
v 0.535871 1.364099 1.162037
v 0.535806 1.365066 1.158499
v 0.536252 1.364089 1.159388
v 0.536275 1.363749 1.160631
v 0.742822 2.907698 1.178680
v 0.738786 2.895847 1.173893
v 0.740793 2.908104 1.178572
v 0.742440 2.905045 1.176962
v 0.741540 2.901862 1.175447
v 0.742593 2.909019 1.178869
v 0.742040 2.907135 1.177147
v 0.741307 2.905025 1.175755
v 0.741029 2.906404 1.176197
v 0.738492 2.898862 1.174314
v 0.738771 2.902249 1.175354
v 0.740255 2.898632 1.174368
v 0.740079 2.902229 1.174965
v 0.740129 2.905190 1.175714
v 0.741494 2.909242 1.178812
v 0.739576 2.905496 1.176847
v 0.740693 2.907351 1.177095
v 0.741571 2.908360 1.177248
v 0.820997 1.864101 1.139935
v 0.819406 1.855380 1.139502
v 0.818780 1.858181 1.136293
v 0.820928 1.862038 1.139988
v 0.820600 1.859657 1.139927
v 0.821370 1.862837 1.138409
v 0.821195 1.860811 1.138451
v 0.821019 1.858978 1.138441
v 0.820104 1.855531 1.138128
v 0.820226 1.856117 1.137033
v 0.820066 1.857320 1.139755
v 0.820581 1.857275 1.138311
v 0.820844 1.857442 1.137197
v 0.820169 1.859632 1.136438
v 0.821080 1.861268 1.137180
v 0.819761 1.857049 1.136389
v 0.820607 1.858397 1.136726
v 0.821214 1.859678 1.137262
v -1.422923 -0.599365 1.177084
v -1.425326 -0.598484 1.172949
v -1.422633 -0.599832 1.175659
v -1.422992 -0.599829 1.174372
v -1.423934 -0.599356 1.173420
v -1.865206 -0.305339 1.116007
v -1.868502 -0.303509 1.119606
v -1.866694 -0.304374 1.116121
v -1.867842 -0.303689 1.116846
v -1.868479 -0.303387 1.118069
v -1.990405 -0.888896 1.154461
v -1.991374 -0.891397 1.158504
v -1.990302 -0.890391 1.154890
v -1.990447 -0.891394 1.155809
v -1.990824 -0.891746 1.157078
v -3.127700 -0.869529 1.071779
v -3.128161 -0.867713 1.071581
v -3.113948 -0.864731 1.068403
v -3.129039 -0.869409 1.071894
v -3.124552 -0.868948 1.070433
v -3.126803 -0.868692 1.070396
v -3.128134 -0.868321 1.070354
v -3.125895 -0.867626 1.069513
v -3.125071 -0.866242 1.070162
v -3.121283 -0.865159 1.069061
v -3.129290 -0.868426 1.071787
v -3.127051 -0.867423 1.070271
v -3.124530 -0.866661 1.069138
v -3.117110 -0.866353 1.068605
v -3.120833 -0.867834 1.069319
v -3.117377 -0.864629 1.068443
v -3.121169 -0.866405 1.068748
v -3.124335 -0.867795 1.069246
v -0.972392 -0.233168 1.289282
v -0.968009 -0.238166 1.286154
v -0.971183 -0.234549 1.289190
v -0.969928 -0.235981 1.288565
v -0.968814 -0.237252 1.287498
v -0.116015 0.538353 1.286280
v -0.120398 0.543355 1.289404
v -0.116820 0.539266 1.287622
v -0.117934 0.540537 1.288687
v -0.119193 0.541973 1.289312
v -1.213660 0.042809 1.244619
v -1.210051 0.038669 1.249220
v -1.213160 0.042230 1.246231
v -1.212298 0.041240 1.247671
v -1.211207 0.039989 1.248720
v -0.358031 0.815160 1.249344
v -0.361647 0.819310 1.244741
v -0.359191 0.816484 1.248844
v -0.360282 0.817739 1.247795
v -0.361148 0.818728 1.246353
v -0.521182 0.132108 1.293112
v -0.516810 0.127120 1.289989
v -0.519976 0.130731 1.293024
v -0.518725 0.129300 1.292397
v -0.517611 0.128031 1.291330
v -0.758410 0.403451 1.253124
v -0.762011 0.407583 1.248526
v -0.759562 0.404768 1.252625
v -0.760653 0.406019 1.251577
v -0.761512 0.407006 1.250135
v -0.028407 1.238345 1.239330
v -0.032061 1.242541 1.234720
v -0.029578 1.239687 1.238829
v -0.030684 1.240957 1.237776
v -0.031558 1.241960 1.236332
v 0.213716 0.961416 1.276279
v 0.209310 0.966446 1.279402
v 0.212911 0.962333 1.277622
v 0.211789 0.963610 1.278688
v 0.210527 0.965055 1.279312
v 0.289647 1.803900 1.237749
v 0.286538 1.809323 1.233330
v 0.288686 1.805712 1.237320
v 0.287755 1.807378 1.236332
v 0.287004 1.808645 1.234930
v 0.494409 1.411148 1.259720
v 0.490598 1.417270 1.263044
v 0.493646 1.412148 1.261080
v 0.492658 1.413662 1.262190
v 0.491586 1.415462 1.262880
v 0.761838 2.885282 1.286200
v 0.760087 2.885663 1.286245
v 0.758569 2.869443 1.289566
v 0.761853 2.881628 1.287621
v 0.761583 2.883790 1.287743
v 0.761216 2.885077 1.287806
v 0.760869 2.882486 1.288511
v 0.759259 2.881981 1.287643
v 0.758680 2.877606 1.288765
v 0.760762 2.886806 1.286442
v 0.760366 2.883961 1.287754
v 0.760076 2.880939 1.288782
v 0.760083 2.873055 1.289442
v 0.761239 2.877336 1.288759
v 0.758435 2.873205 1.289440
v 0.760019 2.877316 1.289198
v 0.761159 2.880823 1.288778
v 0.780179 1.910732 1.236839
v 0.774335 1.908797 1.241364
v 0.777944 1.902428 1.237183
v 0.779226 1.910269 1.238371
v 0.777780 1.909739 1.239769
v 0.779924 1.908763 1.237055
v 0.778936 1.908640 1.238434
v 0.777929 1.908473 1.239586
v 0.777990 1.907396 1.239269
v 0.775430 1.907212 1.240856
v 0.776502 1.905444 1.239883
v 0.776063 1.909220 1.240820
v 0.776746 1.907887 1.240274
v 0.777368 1.906597 1.239637
v 0.778711 1.904270 1.237242
v 0.779409 1.906496 1.237196
v 0.777383 1.903764 1.238594
v 0.778039 1.905479 1.238544
v 0.778642 1.907057 1.238474
v -1.470134 -0.548114 1.277845
v -1.464373 -0.552329 1.274742
v -1.468402 -0.549192 1.277769
v -1.466700 -0.550372 1.277151
v -1.465285 -0.551473 1.276087
v -1.849208 -0.325953 1.227276
v -1.844134 -0.329348 1.231930
v -1.848593 -0.326476 1.228895
v -1.847415 -0.327302 1.230347
v -1.845851 -0.328312 1.231413
v -2.032809 -0.844381 1.256117
v -2.034953 -0.838405 1.259367
v -2.033446 -0.843389 1.257483
v -2.034075 -0.841905 1.258577
v -2.034606 -0.840156 1.259239
v -3.108435 -0.891670 1.179392
v -3.089968 -0.887458 1.184439
v -3.108870 -0.890157 1.179247
v -3.104296 -0.891496 1.181223
v -3.099334 -0.890635 1.182825
v -3.109763 -0.891663 1.179508
v -3.106604 -0.891398 1.181086
v -3.103221 -0.890815 1.182404
v -3.105078 -0.890650 1.181929
v -3.094413 -0.887630 1.183817
v -3.099562 -0.888205 1.182611
v -3.094302 -0.889218 1.183952
v -3.099173 -0.889464 1.183167
v -3.103320 -0.889785 1.182314
v -3.104640 -0.889092 1.181007
v -3.106772 -0.890271 1.180984
v -3.107993 -0.891148 1.180975
v 1.087339 0.134503 -0.446074
v 1.091211 0.132833 -0.444338
v 1.087651 0.133455 -0.444975
v 1.088498 0.132766 -0.444260
v 1.089746 0.132549 -0.444035
v 1.083616 0.865587 -0.370712
v 1.087548 0.867540 -0.372774
v 1.083898 0.866661 -0.371838
v 1.084745 0.867409 -0.372625
v 1.086026 0.867718 -0.372953
v 1.089383 0.546262 -0.035887
v 1.093244 0.544599 -0.034161
v 1.089692 0.545216 -0.034792
v 1.090535 0.544532 -0.034079
v 1.091783 0.544315 -0.033857
v 1.081575 0.453806 -0.780872
v 1.085508 0.455759 -0.782938
v 1.081857 0.454880 -0.782000
v 1.082704 0.455630 -0.782789
v 1.083989 0.455936 -0.783117
v 1.078847 0.106915 -1.215946
v 1.082788 0.108891 -1.218035
v 1.079129 0.107998 -1.217081
v 1.079980 0.108755 -1.217878
v 1.081262 0.109067 -1.218212
v 1.084619 -0.212753 -0.880764
v 1.088506 -0.214451 -0.879004
v 1.084932 -0.213814 -0.879654
v 1.085782 -0.214510 -0.878929
v 1.087034 -0.214732 -0.878700
v 1.081346 -0.491001 -1.326262
v 1.085252 -0.492669 -1.324348
v 1.081659 -0.492053 -1.325090
v 1.082513 -0.492740 -1.324314
v 1.083776 -0.492954 -1.324055
v 1.075464 -0.177208 -1.674318
v 1.079408 -0.175261 -1.676561
v 1.075746 -0.176134 -1.675514
v 1.076593 -0.175389 -1.676361
v 1.077878 -0.175082 -1.676729
v 1.069551 -0.805414 -2.542431
v 1.073602 -0.809134 -2.551731
v 1.069837 -0.806891 -2.545933
v 1.070703 -0.808113 -2.548929
v 1.072026 -0.808901 -2.550964
v 1.077298 -0.722132 -1.814392
v 1.081254 -0.722458 -1.809458
v 1.077623 -0.722674 -1.812061
v 1.078489 -0.722926 -1.810305
v 1.079767 -0.722850 -1.809391
v 1.068727 -0.548279 -2.472509
v 1.072648 -0.547666 -2.477768
v 1.068998 -0.547714 -2.474861
v 1.069841 -0.547401 -2.476686
v 1.071119 -0.547385 -2.477709
v 1.085256 1.338969 -0.006546
v 1.089193 1.341069 -0.008533
v 1.085542 1.340097 -0.007643
v 1.086389 1.340895 -0.008408
v 1.087674 1.341237 -0.008718
v 1.090554 1.002208 0.321754
v 1.094411 1.000410 0.323393
v 1.090863 1.001110 0.322817
v 1.091707 1.000381 0.323502
v 1.092950 1.000135 0.323704
v 1.099523 2.374273 0.819647
v 1.103875 2.382727 0.823717
v 1.099881 2.377456 0.821266
v 1.100835 2.380181 0.822607
v 1.102239 2.382030 0.823465
v 1.097120 2.272096 0.494900
v 1.101163 2.277487 0.494608
v 1.097444 2.274487 0.494452
v 1.098325 2.276350 0.494238
v 1.099630 2.277404 0.494295
v 1.091012 1.526397 0.655437
v 1.094770 1.521743 0.655310
v 1.091283 1.524204 0.655823
v 1.092092 1.522552 0.655935
v 1.093320 1.521683 0.655754
v 1.194566 0.169063 -0.482817
v 1.198331 0.173416 -0.487400
v 1.196023 0.169806 -0.483603
v 1.197252 0.170894 -0.484749
v 1.198064 0.172161 -0.486082
v 1.191812 0.839690 -0.344065
v 1.195852 0.835609 -0.339802
v 1.193341 0.839052 -0.343403
v 1.194646 0.838054 -0.342361
v 1.195527 0.836846 -0.341097
v 1.196607 0.580832 -0.072643
v 1.200376 0.585174 -0.077213
v 1.198064 0.581573 -0.073427
v 1.199292 0.582659 -0.074572
v 1.200105 0.583923 -0.075901
v 1.189771 0.427913 -0.754229
v 1.193811 0.423829 -0.749964
v 1.191301 0.427276 -0.753567
v 1.192605 0.426277 -0.752525
v 1.193486 0.425065 -0.751259
v 1.187036 0.081048 -1.189329
v 1.191083 0.076938 -1.185036
v 1.188569 0.080407 -1.188663
v 1.189878 0.079401 -1.187616
v 1.190759 0.078182 -1.186342
v 1.191835 -0.178225 -0.917473
v 1.195615 -0.173841 -0.922091
v 1.193300 -0.177481 -0.918262
v 1.194532 -0.176385 -0.919418
v 1.195340 -0.175106 -0.920761
v 1.188546 -0.456459 -1.362806
v 1.192338 -0.452105 -1.367620
v 1.190015 -0.455714 -1.363611
v 1.191251 -0.454623 -1.364809
v 1.192067 -0.453358 -1.366217
v 1.183641 -0.203100 -1.647858
v 1.187700 -0.207171 -1.643379
v 1.185178 -0.203737 -1.647181
v 1.186486 -0.204735 -1.646090
v 1.187375 -0.205940 -1.644756
v 1.176934 -0.805000 -2.556553
v 1.181180 -0.800232 -2.545959
v 1.178529 -0.804586 -2.555805
v 1.179895 -0.803534 -2.553530
v 1.180829 -0.802006 -2.550074
v 1.184503 -0.686265 -1.847897
v 1.188283 -0.683601 -1.856556
v 1.185975 -0.685647 -1.848997
v 1.187211 -0.684922 -1.851030
v 1.188024 -0.684205 -1.853685
v 1.176877 -0.575502 -2.449068
v 1.180970 -0.577876 -2.440767
v 1.178415 -0.576011 -2.448099
v 1.179731 -0.576640 -2.446182
v 1.180631 -0.577295 -2.443609
v 1.193456 1.313224 0.020176
v 1.197492 1.308953 0.024342
v 1.194986 1.312572 0.020830
v 1.196290 1.311532 0.021852
v 1.197171 1.310261 0.023085
v 1.197767 1.036638 0.284916
v 1.201551 1.041157 0.280453
v 1.199228 1.037395 0.284138
v 1.200460 1.038517 0.283016
v 1.201276 1.039839 0.281723
v 1.207086 2.386858 0.818901
v 1.211122 2.377488 0.813795
v 1.208665 2.386196 0.818451
v 1.209985 2.384182 0.817326
v 1.210851 2.381125 0.815691
v 1.205419 2.249640 0.523317
v 1.209333 2.241297 0.525377
v 1.206941 2.248678 0.523809
v 1.208219 2.246756 0.524376
v 1.209058 2.244164 0.524927
v 1.198106 1.557966 0.616838
v 1.202028 1.565969 0.614525
v 1.199586 1.558989 0.616220
v 1.200849 1.560868 0.615566
v 1.201707 1.563318 0.614969
v 1.146520 1.828541 0.802954
v 1.146447 1.820359 0.800640
v 1.150239 1.825382 0.801394
v 1.146489 1.826541 0.802732
v 1.146466 1.824286 0.802214
v 1.146451 1.822114 0.801477
v 1.164342 2.941676 0.837946
v 1.164331 2.941156 0.839672
v 1.164354 2.942535 0.839582
v 1.119943 -0.802299 -3.019032
v 1.119958 -0.804040 -3.018559
v 1.119943 -0.803897 -3.019951
v 1.263177 -1.281073 -1.335432
v 1.258554 -1.285758 -1.335686
v 1.262834 -1.282850 -1.336142
v 1.261838 -1.284363 -1.336435
v 1.260335 -1.285385 -1.336275
v -1.320399 -1.332431 1.238031
v -1.320613 -1.336838 1.233690
v -1.321185 -1.334146 1.237682
v -1.321501 -1.335587 1.236734
v -1.321299 -1.336531 1.235334
v -1.315543 -1.298760 -1.306864
v -1.316046 -1.300085 -1.307402
v -1.315856 -1.301968 -1.307341
v 1.238523 1.240629 1.260387
v 1.243085 1.240741 1.255758
v 1.240270 1.241364 1.260035
v 1.241754 1.241643 1.259029
v 1.242742 1.241423 1.257528
v 1.245271 1.275934 -1.284508
v 1.248769 1.275439 -1.284143
v 1.246602 1.276439 -1.285007
v 1.248494 1.276170 -1.284809
v -1.335620 1.224802 1.285923
v -1.334738 1.224170 1.289352
v -1.336093 1.225267 1.287256
v -1.336093 1.225311 1.288376
v 1.255491 -0.795765 -1.100220
v 1.259782 -0.800365 -1.102497
v 1.257123 -0.796111 -1.100405
v 1.258512 -0.797106 -1.100903
v 1.259446 -0.798598 -1.101637
v 1.241842 1.004468 0.771536
v 1.237569 1.002207 0.766993
v 1.241513 1.003608 0.769783
v 1.240583 1.002877 0.768303
v 1.239202 1.002384 0.767324
v 1.251573 1.041202 -1.068943
v 1.247339 1.038943 -1.066841
v 1.251256 1.040343 -1.068150
v 1.250341 1.039612 -1.067472
v 1.248967 1.039120 -1.067015
v -1.054789 -0.856293 1.240263
v -1.056880 -0.860841 1.244457
v -1.054824 -0.856663 1.241888
v -1.055232 -0.857657 1.243256
v -1.055953 -0.859125 1.244158
v 0.766526 0.996626 1.256472
v 0.771169 0.998928 1.260727
v 0.766893 0.996779 1.258102
v 0.767904 0.997271 1.259483
v 0.769407 0.998023 1.260405
v -1.065215 0.989235 1.282318
v -1.062968 0.987012 1.278000
v -1.064234 0.988363 1.281971
v -1.063464 0.987633 1.281025
v -1.063021 0.987158 1.279634
v 0.756791 -1.291519 -1.120789
v 0.752279 -1.287315 -1.118357
v 0.755071 -1.291216 -1.120012
v 0.753610 -1.290309 -1.119280
v 0.752630 -1.288940 -1.118696
v -1.065959 -1.326360 0.760347
v -1.063784 -1.322011 0.756346
v -1.065120 -1.326005 0.758791
v -1.064410 -1.325050 0.757484
v -1.063945 -1.323648 0.756622
v -1.086745 -1.303309 -1.099974
v -1.084796 -1.299076 -1.097687
v -1.085994 -1.302990 -1.099255
v -1.085360 -1.302075 -1.098566
v -1.084941 -1.300699 -1.098015
v 1.133611 -0.792032 -1.096872
v 1.137868 -0.796235 -1.099119
v 1.133935 -0.793645 -1.097721
v 1.134855 -0.795010 -1.098444
v 1.136235 -0.795918 -1.098934
v 1.150583 1.001802 0.767973
v 1.146283 0.999737 0.763723
v 1.148950 1.001640 0.767664
v 1.147557 1.001189 0.766748
v 1.146623 1.000520 0.765364
v 1.129712 1.038476 -1.065741
v 1.125501 1.035388 -1.062748
v 1.128087 1.038235 -1.065500
v 1.126718 1.037565 -1.064846
v 1.125810 1.036566 -1.063881
v -1.061606 -0.850353 1.148277
v -1.063296 -0.854699 1.152479
v -1.062377 -0.851991 1.148582
v -1.062972 -0.853394 1.149487
v -1.063292 -0.854345 1.150854
v 0.761235 0.996196 1.161055
v 0.765535 0.998280 1.165306
v 0.762868 0.997016 1.161377
v 0.764257 0.997700 1.162296
v 0.765191 0.998143 1.163675
v -1.071509 0.988677 1.186010
v -1.068881 0.985754 1.181673
v -1.071429 0.988478 1.184381
v -1.070903 0.987853 1.182981
v -1.070010 0.986897 1.182032
v 0.751786 -1.188785 -1.106573
v 0.747529 -1.184601 -1.103880
v 0.751455 -1.187165 -1.106213
v 0.750528 -1.185800 -1.105576
v 0.749151 -1.184898 -1.104753
v -1.064322 -1.235034 0.757978
v -1.062278 -1.230683 0.753775
v -1.064177 -1.233397 0.757681
v -1.063735 -1.231995 0.756781
v -1.063067 -1.231042 0.755407
v -1.085295 -1.200523 -1.085897
v -1.082274 -1.196321 -1.082411
v -1.085070 -1.198906 -1.085480
v -1.084418 -1.197538 -1.084665
v -1.083438 -1.196630 -1.083590
v 1.202214 -0.832618 0.729845
v 1.202207 -0.828444 0.734182
v 1.202218 -0.832326 0.731483
v 1.202218 -0.831431 0.732882
v 1.202214 -0.830069 0.733829
v 1.185926 2.833758 0.797792
v 1.185945 2.832455 0.800783
v 1.185926 2.834566 0.798962
v 1.185933 2.833858 0.800579
v -2.887995 -0.865081 1.217440
v -2.889304 -0.862048 1.217510
v -2.889418 -0.864857 1.217459
v -2.890124 -0.863217 1.217501
v 0.757852 2.836534 1.246441
v 0.754846 2.837759 1.246502
v 0.757619 2.837934 1.246471
v 0.755990 2.838596 1.246502
v 0.768762 -1.266801 0.736536
v 0.772977 -1.266709 0.732227
v 0.770391 -1.266786 0.736195
v 0.771764 -1.266762 0.735252
v 0.772672 -1.266736 0.733862
v 0.728048 -1.209396 -2.958336
v 0.731092 -1.209395 -2.957087
v 0.729200 -1.209375 -2.959187
v 0.730844 -1.209375 -2.958509
v 1.191140 -0.759381 -2.929182
v 1.191125 -0.756343 -2.930372
v 1.191137 -0.759124 -2.930578
v 1.191129 -0.757480 -2.931223
v 0.774209 -0.841631 1.175337
v 0.769967 -0.845911 1.175304
v 0.773889 -0.843261 1.175306
v 0.772973 -0.844648 1.175291
v 0.771596 -0.845578 1.175291
v -2.898165 -1.290206 0.774778
v -2.896872 -1.290245 0.777784
v -2.899016 -1.290245 0.776926
v -0.391539 -1.169437 -0.264669
v -0.389651 -1.173318 -0.263182
v -0.390380 -1.169754 -0.263683
v -0.389613 -1.170600 -0.263054
v -0.389357 -1.171855 -0.262877
v -0.353995 -1.147478 -0.998346
v -0.356086 -1.151404 -1.000280
v -0.355170 -1.147758 -0.999367
v -0.355983 -1.148603 -1.000092
v -0.356303 -1.149883 -1.000414
v -0.003131 -1.154248 -0.696768
v -0.001250 -1.158131 -0.695288
v -0.001975 -1.154563 -0.695786
v -0.001212 -1.155411 -0.695160
v -0.000960 -1.156664 -0.694984
v -0.742381 -1.162664 -0.566227
v -0.744475 -1.166593 -0.568165
v -0.743556 -1.162946 -0.567247
v -0.744368 -1.163790 -0.567976
v -0.744693 -1.165072 -0.568296
v -1.158995 -1.176149 -0.197607
v -1.161113 -1.180079 -0.199564
v -1.160182 -1.176429 -0.198635
v -1.160998 -1.177273 -0.199369
v -1.161326 -1.178556 -0.199696
v -0.807750 -1.182926 0.104298
v -0.805835 -1.186820 0.105808
v -0.806578 -1.183245 0.105293
v -0.805804 -1.184095 0.105930
v -0.805545 -1.185350 0.106112
v -1.238314 -1.194480 0.404932
v -1.236247 -1.198390 0.406404
v -1.237082 -1.194799 0.405914
v -1.236258 -1.195653 0.406540
v -1.235965 -1.196915 0.406712
v -1.602114 -1.187970 0.109552
v -1.604384 -1.191908 0.107630
v -1.603358 -1.188250 0.108536
v -1.604228 -1.189098 0.107813
v -1.604590 -1.190382 0.107494
v -2.436698 -1.212929 0.781229
v -2.445719 -1.217244 0.785320
v -2.440108 -1.213313 0.782873
v -2.443022 -1.214268 0.784227
v -2.444995 -1.215648 0.785088
v -1.713893 -1.204985 0.660719
v -1.708876 -1.208857 0.660696
v -1.711528 -1.205278 0.661131
v -1.709746 -1.206118 0.661272
v -1.708815 -1.207376 0.661119
v -2.380133 -1.204870 0.520950
v -2.385348 -1.208875 0.520515
v -2.382506 -1.205175 0.520504
v -2.384330 -1.206043 0.520264
v -2.385325 -1.207344 0.520267
v -0.014720 -1.130845 -1.489405
v -0.016742 -1.134769 -1.491495
v -0.015872 -1.131123 -1.490484
v -0.016658 -1.131966 -1.491261
v -0.016963 -1.133248 -1.491615
v 0.330091 -1.138174 -1.170271
v 0.331891 -1.142071 -1.168646
v 0.331216 -1.138494 -1.169233
v 0.331952 -1.139344 -1.168558
v 0.332189 -1.140599 -1.168352
v 0.746701 -1.094445 -2.560133
v 0.750543 -1.098301 -2.569324
v 0.748212 -1.094651 -2.563574
v 0.749471 -1.095454 -2.566528
v 0.750287 -1.096737 -2.568548
v 0.438028 -1.099845 -2.441969
v 0.437589 -1.103659 -2.447531
v 0.437482 -1.100080 -2.444378
v 0.437207 -1.100888 -2.446280
v 0.437246 -1.102143 -2.447388
v 0.626027 -1.120352 -1.710524
v 0.626168 -1.124369 -1.705767
v 0.626523 -1.120710 -1.708284
v 0.626722 -1.121600 -1.706594
v 0.626596 -1.122884 -1.705711
v -0.428103 -1.276515 -0.299860
v -0.432841 -1.280268 -0.304066
v -0.428900 -1.277971 -0.300596
v -0.430079 -1.279196 -0.301653
v -0.431464 -1.280003 -0.302874
v -0.324137 -1.255714 -0.976442
v -0.319602 -1.259771 -0.972679
v -0.323416 -1.257247 -0.975876
v -0.322303 -1.258556 -0.974962
v -0.320964 -1.259441 -0.973839
v -0.039706 -1.261327 -0.731968
v -0.044432 -1.265081 -0.736166
v -0.040503 -1.262784 -0.732702
v -0.041678 -1.264007 -0.733759
v -0.043059 -1.264813 -0.734976
v -0.712527 -1.270903 -0.544325
v -0.707988 -1.274957 -0.540562
v -0.711806 -1.272437 -0.543760
v -0.710692 -1.273744 -0.542845
v -0.709349 -1.274632 -0.541723
v -1.129168 -1.284379 -0.175726
v -1.124598 -1.288439 -0.171938
v -1.128443 -1.285913 -0.175158
v -1.127322 -1.287225 -0.174238
v -1.125972 -1.288111 -0.173109
v -0.844279 -1.289999 0.069136
v -0.849051 -1.293759 0.064899
v -0.845080 -1.291457 0.068398
v -0.846267 -1.292684 0.067331
v -0.847663 -1.293492 0.066105
v -1.274684 -1.301533 0.369743
v -1.279650 -1.305314 0.365551
v -1.275500 -1.302999 0.369005
v -1.276728 -1.304232 0.367950
v -1.278186 -1.305044 0.366737
v -1.572444 -1.296197 0.131464
v -1.567691 -1.300261 0.135201
v -1.571707 -1.297733 0.132029
v -1.570544 -1.299044 0.132936
v -1.569136 -1.299934 0.134050
v -2.448916 -1.320525 0.778967
v -2.438510 -1.324457 0.773563
v -2.448161 -1.322097 0.778475
v -2.445922 -1.323397 0.777277
v -2.442530 -1.324225 0.775553
v -1.747290 -1.311951 0.624052
v -1.756011 -1.315833 0.621744
v -1.748397 -1.313432 0.623457
v -1.750441 -1.314690 0.622808
v -1.753119 -1.315532 0.622206
v -2.353411 -1.313154 0.544348
v -2.344928 -1.317144 0.546194
v -2.352389 -1.314687 0.544769
v -2.350417 -1.315984 0.545269
v -2.347796 -1.316847 0.545769
v 0.015203 -1.239077 -1.467655
v 0.019655 -1.243138 -1.463697
v 0.015916 -1.240611 -1.467075
v 0.017015 -1.241921 -1.466118
v 0.018327 -1.242810 -1.464933
v 0.293439 -1.245253 -1.205320
v 0.288808 -1.249004 -1.209705
v 0.292653 -1.246708 -1.206072
v 0.291494 -1.247935 -1.207169
v 0.290143 -1.248739 -1.208445
v 0.747346 -1.201555 -2.575680
v 0.742589 -1.206057 -2.565510
v 0.746946 -1.203174 -2.574984
v 0.745900 -1.204599 -2.572807
v 0.744371 -1.205611 -2.569481
v 0.469533 -1.207962 -2.423693
v 0.472009 -1.212167 -2.415413
v 0.470098 -1.209507 -2.422783
v 0.470765 -1.210849 -2.420889
v 0.471437 -1.211783 -2.418301
v 0.587732 -1.227518 -1.742430
v 0.585130 -1.231158 -1.750681
v 0.587095 -1.228972 -1.743475
v 0.586377 -1.230175 -1.745411
v 0.585691 -1.230942 -1.747940
v 0.747266 -1.133584 -3.125044
v 0.748945 -1.133586 -3.124598
v 0.748815 -1.133545 -3.125977
v -2.911856 -1.272244 0.801249
v -2.911296 -1.272293 0.802961
v -2.913291 -1.272293 0.802542
v -0.268271 0.283908 1.187222
v -0.266955 0.282390 1.191303
v -0.267298 0.282794 1.187679
v -0.266707 0.282114 1.188616
v -0.266585 0.281974 1.189890
v -1.000037 0.238089 1.136215
v -1.002162 0.240503 1.139851
v -1.001078 0.239277 1.136345
v -1.001845 0.240152 1.137081
v -1.002227 0.240582 1.138311
v -0.697337 -0.108142 1.187243
v -0.696028 -0.109653 1.191328
v -0.696368 -0.109252 1.187700
v -0.695777 -0.109931 1.188639
v -0.695658 -0.110072 1.189913
v -0.570952 0.630118 1.136198
v -0.573081 0.632540 1.139832
v -0.571994 0.631309 1.136326
v -0.572764 0.632184 1.137060
v -0.573146 0.632617 1.138292
v -0.205363 1.049551 1.129181
v -0.207518 1.052001 1.132812
v -0.206412 1.050751 1.129309
v -0.207190 1.051640 1.130043
v -0.207579 1.052078 1.131273
v 0.097673 0.702939 1.180265
v 0.099004 0.701401 1.184353
v 0.098649 0.701818 1.180723
v 0.099248 0.701133 1.181662
v 0.099370 0.700986 1.182936
v 0.396547 1.135482 1.167120
v 0.397832 1.133807 1.171194
v 0.397508 1.134307 1.167572
v 0.398092 1.133578 1.168505
v 0.398206 1.133404 1.169777
v 0.098165 1.496443 1.117899
v 0.096036 1.499058 1.121546
v 0.097127 1.497708 1.118032
v 0.096353 1.498648 1.118773
v 0.095971 1.499121 1.120005
v 0.778737 2.377367 1.155005
v 0.781953 2.385633 1.159452
v 0.780107 2.380373 1.155397
v 0.781202 2.382999 1.156385
v 0.781850 2.384846 1.157806
v 0.677335 1.611736 1.147509
v 0.677316 1.607751 1.151159
v 0.677797 1.609678 1.147799
v 0.677957 1.608196 1.148594
v 0.677789 1.607521 1.149775
v 0.490175 2.318743 1.142929
v 0.489255 2.324149 1.147009
v 0.489595 2.321074 1.143229
v 0.489217 2.322922 1.144108
v 0.489099 2.324002 1.145433
v -1.488177 -0.105672 1.127859
v -1.490454 -0.103331 1.131491
v -1.489276 -0.104513 1.127985
v -1.490092 -0.103660 1.128719
v -1.490508 -0.103247 1.129951
v -1.167994 -0.445665 1.179682
v -1.166541 -0.447098 1.183784
v -1.166968 -0.446750 1.180141
v -1.166331 -0.447402 1.181082
v -1.166182 -0.447525 1.182362
v -2.552428 -0.876810 1.111414
v -2.561766 -0.880376 1.115179
v -2.555865 -0.878324 1.111597
v -2.558848 -0.879531 1.112379
v -2.560920 -0.880253 1.113638
v -2.436148 -0.567818 1.094793
v -2.441882 -0.567093 1.098303
v -2.438567 -0.567278 1.094872
v -2.440509 -0.566950 1.095566
v -2.441672 -0.566884 1.096771
v -1.705436 -0.746799 1.164141
v -1.700869 -0.746542 1.168358
v -1.703215 -0.747239 1.164639
v -1.701567 -0.747346 1.165617
v -1.700743 -0.747101 1.166922
v -0.308425 0.329447 1.289001
v -0.312800 0.334440 1.292124
v -0.309226 0.330359 1.290344
v -0.310340 0.331628 1.291409
v -0.311595 0.333059 1.292036
v -0.982867 0.218058 1.247530
v -0.979266 0.213923 1.252129
v -0.982367 0.217481 1.249140
v -0.981505 0.216491 1.250582
v -0.980418 0.215243 1.251631
v -0.737494 -0.062601 1.289021
v -0.741870 -0.057610 1.292147
v -0.738295 -0.061686 1.290363
v -0.739409 -0.060418 1.291430
v -0.740664 -0.058988 1.292055
v -0.553786 0.610094 1.247511
v -0.550181 0.605953 1.252111
v -0.553286 0.609515 1.249125
v -0.552424 0.608526 1.250565
v -0.551333 0.607275 1.251612
v -0.188224 1.029557 1.240490
v -0.184588 1.025387 1.245094
v -0.187720 1.028977 1.242102
v -0.186854 1.027979 1.243544
v -0.185755 1.026720 1.244596
v 0.057534 0.748455 1.282047
v 0.053140 0.753467 1.285170
v 0.056733 0.749369 1.283390
v 0.055616 0.750643 1.284454
v 0.054353 0.752084 1.285080
v 0.356370 1.180860 1.268881
v 0.352033 1.186042 1.272030
v 0.355569 1.181787 1.270227
v 0.354463 1.183098 1.271299
v 0.353223 1.184592 1.271931
v 0.115327 1.476614 1.229219
v 0.118924 1.472248 1.233809
v 0.115827 1.476017 1.230829
v 0.116689 1.474977 1.232267
v 0.117772 1.473654 1.233313
v 0.770990 2.397799 1.261332
v 0.766420 2.389623 1.265390
v 0.770505 2.397332 1.262947
v 0.769464 2.395617 1.264288
v 0.768029 2.392910 1.265144
v 0.635854 1.654800 1.248838
v 0.633111 1.662776 1.252512
v 0.635175 1.655940 1.250225
v 0.634416 1.657856 1.251411
v 0.633691 1.660256 1.252214
v 0.508550 2.301706 1.254683
v 0.510633 2.293900 1.258732
v 0.508931 2.300848 1.256254
v 0.509465 2.299062 1.257576
v 0.510061 2.296623 1.258444
v -1.471160 -0.125774 1.239162
v -1.467364 -0.129817 1.243773
v -1.470645 -0.126343 1.240778
v -1.469744 -0.127314 1.242220
v -1.468592 -0.128531 1.243271
v -1.207999 -0.400054 1.281456
v -1.212565 -0.395159 1.284586
v -1.208819 -0.399148 1.282803
v -1.209971 -0.397899 1.283869
v -1.211287 -0.396495 1.284496
v -2.572760 -0.868173 1.217371
v -2.562827 -0.862950 1.221876
v -2.572139 -0.867623 1.218977
v -2.570033 -0.866438 1.220396
v -2.566764 -0.864797 1.221415
v -2.422587 -0.589535 1.205969
v -2.414489 -0.591560 1.210737
v -2.421744 -0.589952 1.207594
v -2.419909 -0.590484 1.209074
v -2.417361 -0.591049 1.210176
v -1.742312 -0.699516 1.265995
v -1.750720 -0.696679 1.269024
v -1.743426 -0.698763 1.267340
v -1.745414 -0.697961 1.268385
v -1.747973 -0.697229 1.268978
v -3.118518 -0.878935 1.125414
v -3.118064 -0.880603 1.125586
v -3.120009 -0.880137 1.125402
v 0.750440 2.896883 1.232409
v 0.752336 2.896491 1.232431
v 0.751100 2.898056 1.232473
v 0.752126 2.897840 1.232489
v 0.798677 1.878903 1.188343
v 0.800588 1.887414 1.188375
v 0.799478 1.880693 1.188292
v 0.800122 1.882941 1.188280
v 0.800512 1.885300 1.188309
v -2.902072 -1.336543 0.777660
v -2.885310 -0.866778 1.264566
v 1.232431 2.839104 0.801661
v 0.759389 2.841658 1.297098
v -2.902991 -1.336844 0.778101
vn -0.9940 -0.0619 0.0902
vn -0.9999 -0.0060 0.0114
vn -0.9941 -0.0655 0.0870
vn 0.3654 -0.6168 0.6971
vn 0.4551 -0.6296 0.6297
vn 0.4551 -0.5902 0.6667
vn -0.9999 -0.0063 0.0113
vn -0.9966 0.0604 -0.0558
vn 0.2610 0.7548 -0.6018
vn 0.3530 0.7619 -0.5430
vn 0.2581 0.7873 -0.5599
vn -0.9999 -0.0063 0.0112
vn -0.9939 -0.0870 0.0672
vn -0.9942 -0.0803 0.0718
vn 0.3647 -0.5754 0.7321
vn 0.4539 -0.5507 0.7005
vn 0.2610 0.5886 -0.7651
vn 0.3520 0.5067 -0.7870
vn 0.3561 0.5697 -0.7407
vn 0.2632 0.6802 -0.6841
vn 0.3574 0.6964 -0.6223
vn 0.2623 0.7196 -0.6429
vn -0.9940 -0.0785 0.0757
vn -0.9942 -0.0722 0.0795
vn -0.9967 0.0622 -0.0521
vn 0.3490 0.7951 -0.4960
vn 0.2544 0.8211 -0.5110
vn 0.3472 -0.8247 0.4464
vn 0.4430 -0.7619 0.4725
vn 0.3534 -0.7945 0.4939
vn 0.3578 -0.7624 0.5392
vn 0.4515 -0.6988 0.5548
vn 0.3616 -0.7297 0.5803
vn 0.3433 0.8279 -0.4435
vn 0.2496 0.8542 -0.4561
vn 0.3379 0.8512 -0.4016
vn 0.2457 0.8773 -0.4124
vn 0.3390 -0.8657 0.3683
vn 0.4295 -0.8174 0.3840
vn 0.3418 -0.8502 0.4004
vn -0.9938 -0.0909 0.0635
vn 0.3352 0.8613 -0.3819
vn 0.2442 0.8870 -0.3920
vn 0.3602 0.6970 -0.6200
vn 0.0794 0.8582 -0.5072
vn 0.2791 -0.9472 0.1578
vn 0.4238 -0.8341 0.3530
vn -0.9939 -0.0965 0.0542
vn -0.9938 -0.0953 0.0581
vn 0.3627 -0.5356 0.7626
vn 0.4516 -0.5128 0.7302
vn 0.3601 -0.5021 0.7863
vn 0.4489 -0.4805 0.7534
vn 0.2536 0.4592 -0.8514
vn 0.3427 0.4135 -0.8435
vn 0.3463 0.4453 -0.8257
vn -0.9966 0.0574 -0.0598
vn 0.3608 -0.4801 0.7996
vn 0.4469 -0.4597 0.7675
vn 0.3636 -0.4388 0.8217
vn 0.4354 -0.4299 0.7910
vn 0.2511 0.4267 -0.8688
vn 0.3611 0.6446 -0.6739
vn -1.0000 0.0021 0.0087
vn -0.9966 0.0498 -0.0652
vn -0.9999 -0.0038 0.0114
vn 0.5263 -0.6014 0.6011
vn 0.5261 -0.5640 0.6366
vn 0.9999 0.0063 -0.0113
vn 0.9975 -0.0614 0.0364
vn 0.3557 0.7300 -0.5836
vn 0.4333 0.7342 -0.5227
vn 0.9955 0.0764 -0.0553
vn 0.9955 0.0798 -0.0511
vn 0.5241 -0.5265 0.6694
vn 0.5227 -0.4902 0.6975
vn 0.3581 0.6580 -0.6624
vn 0.4386 0.5931 -0.6752
vn 0.4393 0.6329 -0.6375
vn 0.4379 0.6702 -0.5993
vn 0.3578 0.6165 -0.7014
vn 0.4368 0.5474 -0.7139
vn 0.4539 -0.6660 0.5920
vn 0.4480 -0.7304 0.5156
vn 0.5230 -0.6677 0.5297
vn 0.5187 -0.6987 0.4927
vn 0.4225 0.7988 -0.4282
vn 0.9955 0.0734 -0.0592
vn 0.4366 -0.7918 0.4272
vn 0.5139 -0.7293 0.4518
vn 0.5079 -0.7583 0.4087
vn 0.4130 0.8324 -0.3695
vn 0.9951 0.0861 -0.0485
vn 0.5006 -0.7836 0.3680
vn 0.3745 -0.9132 0.1607
vn 0.4945 -0.8001 0.3395
vn 0.5183 0.6383 -0.5692
vn 0.9976 -0.0443 0.0534
vn 0.9999 0.0060 -0.0113
vn 0.4326 0.4872 -0.7586
vn 0.4250 0.4280 -0.7976
vn 0.5188 -0.4601 0.7205
vn 0.5153 -0.4408 0.7349
vn 0.9999 0.0037 -0.0111
vn 0.9968 -0.0437 0.0662
vn 0.9975 -0.0418 0.0576
vn 0.4195 0.3979 -0.8159
vn 0.5248 0.5926 -0.6111
vn 0.4773 -0.2454 0.8438
vn 0.2624 0.6372 -0.7247
vn -0.0524 -0.0162 0.9985
vn 0.3486 -0.0532 0.9358
vn 0.0486 -0.0486 0.9976
vn 0.3845 -0.2590 0.8860
vn 0.9955 0.0603 -0.0725
vn 0.9955 0.0557 -0.0761
vn 0.4362 0.7024 -0.5625
vn 0.9956 0.0639 -0.0692
vn -1.0000 0.0097 0.0015
vn -0.9960 0.0515 -0.0726
vn -0.9941 -0.0698 0.0833
vn 0.9958 0.0361 -0.0846
vn 0.9999 -0.0117 0.0026
vn 1.0000 -0.0029 -0.0070
vn -0.0627 -0.9978 -0.0234
vn -0.2350 -0.9702 -0.0588
vn 0.0405 -0.9991 0.0093
vn -0.0900 -0.9959 -0.0097
vn 0.1411 -0.9896 0.0271
vn 0.9974 -0.0638 0.0324
vn 0.3641 -0.6954 0.6195
vn 0.9976 -0.0479 0.0502
vn 0.9999 0.0062 -0.0113
vn 0.5253 -0.6362 0.5650
vn -0.9953 0.0140 0.0958
vn -0.9950 0.0558 -0.0830
vn -0.9911 -0.0215 0.1312
vn -0.9957 -0.0457 0.0801
vn 0.9927 -0.0446 0.1118
vn 0.9955 -0.0506 0.0804
vn 0.9962 0.0279 -0.0831
vn 0.9947 -0.0230 0.1004
vn -0.9934 -0.1024 0.0514
vn -0.9965 0.0711 -0.0440
vn 0.4299 0.7654 -0.4789
vn 0.9969 -0.0755 0.0229
vn 0.9999 0.0064 -0.0114
vn -0.9965 0.0691 -0.0480
vn -0.9964 0.0746 -0.0400
vn 0.9955 0.0674 -0.0659
vn 0.2577 0.5228 -0.8126
vn 0.1261 0.9907 -0.0505
vn -0.0038 0.9998 0.0200
vn -0.0055 0.9969 -0.0782
vn 0.9956 0.0469 -0.0808
vn -0.9999 -0.0063 0.0114
vn -0.9926 -0.1167 0.0347
vn -0.9959 0.0858 -0.0295
vn -0.9947 -0.1024 0.0073
vn 0.9951 0.0871 -0.0473
vn 0.9962 -0.0871 -0.0084
vn 0.9990 -0.0104 -0.0443
vn 0.9963 -0.0858 0.0102
vn -0.2521 0.0266 0.9673
vn -0.4197 0.0885 0.9033
vn -0.9946 -0.0535 0.0889
vn -0.0923 -0.0173 0.9956
vn 0.9971 -0.0718 0.0248
vn 0.3648 -0.6580 0.6587
vn 0.9955 0.0705 -0.0628
vn 0.9973 -0.0676 0.0285
vn -0.9963 0.0787 -0.0348
vn 0.4167 0.8218 -0.3885
vn 0.4490 -0.8781 0.1654
vn 0.9976 -0.0572 0.0396
vn 0.9975 -0.0564 0.0429
vn 0.9977 -0.0508 0.0460
vn -0.9967 0.0519 -0.0627
vn -0.9959 0.0843 -0.0313
vn 0.0073 -1.0000 0.0012
vn 0.0060 -0.9999 -0.0131
vn 0.0055 -0.9999 -0.0154
vn 0.0956 -0.0623 -0.9935
vn -0.0114 0.0187 -0.9998
vn -0.0107 -0.0738 -0.9972
vn 0.0384 -0.1892 -0.9812
vn -0.0107 -0.0800 -0.9967
vn -0.0913 -0.9893 -0.1142
vn 0.0062 -0.9998 -0.0188
vn -0.0940 -0.9954 -0.0176
vn 0.0073 -0.0291 0.9995
vn 0.0099 -0.0185 0.9998
vn 0.0950 -0.1020 0.9902
vn 0.1035 0.9944 0.0205
vn -0.0027 0.9949 0.1009
vn -0.9999 -0.0047 0.0108
vn -0.9796 -0.1105 0.1677
vn -0.9940 -0.0064 0.1093
vn 0.0754 -0.9960 0.0487
vn -0.0225 -0.9984 0.0514
vn 0.9999 -0.0102 -0.0020
vn 0.9999 0.0107 -0.0013
vn 1.0000 0.0036 0.0024
vn 0.0941 0.9953 0.0226
vn -0.0050 0.9998 0.0186
vn 0.0771 0.9970 0.0009
vn 0.9940 0.0064 -0.1094
vn 0.9961 -0.0666 0.0573
vn 0.9968 -0.0674 -0.0435
vn -0.1006 0.9882 0.1157
vn -0.0039 0.9932 0.1164
vn 1.0000 0.0065 -0.0039
vn 0.9902 0.1038 -0.0930
vn 0.0106 -0.0201 0.9997
vn -0.1369 0.1276 0.9823
vn -0.1680 -0.0224 0.9855
vn 0.0114 -0.0194 0.9997
vn 0.0803 -0.7176 0.6918
vn 0.0085 -0.6617 0.7497
vn 0.0280 -0.6840 0.7290
vn 0.0934 0.0185 -0.9955
vn -0.0118 0.1157 -0.9932
vn -0.0114 0.0181 -0.9998
vn 0.0045 -0.9999 -0.0160
vn 0.0073 -0.9964 0.0844
vn 0.0056 -0.9999 -0.0138
vn 0.1544 -0.9846 -0.0817
vn 0.9992 0.0326 -0.0239
vn 1.0000 0.0049 0.0044
vn 0.9956 0.0938 0.0071
vn -0.0736 -0.7527 0.6543
vn 0.0093 -0.7203 0.6936
vn -0.4219 0.7728 -0.4740
vn -0.5798 0.5816 -0.5706
vn -0.6089 0.6101 -0.5069
vn 0.0108 -0.0195 0.9998
vn 0.0120 -0.1129 0.9935
vn 0.1099 -0.1125 0.9876
vn 0.0060 -0.9999 -0.0128
vn -0.0832 -0.9965 -0.0116
vn 1.0000 0.0049 -0.0050
vn 0.9953 0.0062 -0.0966
vn 0.9959 -0.0903 0.0016
vn 0.9812 -0.0405 -0.1889
vn 0.1038 -0.9945 -0.0131
vn -0.9877 0.0639 0.1430
vn -0.9955 0.0936 0.0130
vn 0.7767 -0.6153 -0.1344
vn 0.7105 -0.6992 -0.0786
vn 0.7125 -0.6999 -0.0498
vn 0.0086 -0.9999 -0.0138
vn -0.1586 -0.9864 0.0441
vn 0.6526 -0.7569 -0.0350
vn 0.6746 -0.7343 0.0749
vn -0.9932 -0.0068 0.1160
vn -0.9964 -0.0847 0.0089
vn 0.9999 0.0118 -0.0035
vn 0.9941 0.0032 0.1085
vn 0.9927 -0.0833 0.0877
vn 0.0232 -0.0153 0.9996
vn 0.0117 -0.0202 0.9997
vn 0.0113 0.0734 0.9972
vn -0.0195 -0.9991 -0.0371
vn 0.9358 0.3520 0.0206
vn 0.1563 0.9803 0.1212
vn 0.0953 0.9953 0.0187
vn -0.0818 -0.1063 -0.9910
vn -0.1088 0.0180 -0.9939
vn 0.7140 -0.1151 0.6906
vn 0.6536 -0.1450 0.7428
vn 0.7159 -0.0794 0.6937
vn -0.6017 0.5345 -0.5935
vn -0.5266 0.6072 -0.5950
vn -0.4916 0.5109 -0.7052
vn 0.7859 -0.0526 0.6161
vn 0.8382 -0.0015 0.5454
vn -0.9894 -0.1315 -0.0613
vn -0.9940 -0.1088 0.0099
vn 0.1088 -0.0194 0.9939
vn 0.0112 -0.0203 0.9997
vn -0.0042 0.9966 0.0828
vn -0.1030 0.9945 0.0192
vn 0.0233 0.1705 0.9851
vn -0.7271 0.4992 -0.4714
vn 0.1176 -0.9883 0.0969
vn -0.1069 -0.0788 -0.9911
vn 0.7077 -0.1749 0.6845
vn 0.7347 -0.2165 0.6430
vn 0.6768 -0.2889 0.6771
vn 0.0868 0.0185 -0.9961
vn 0.1676 -0.6342 0.7548
vn 0.0107 -0.7741 0.6329
vn 0.1077 -0.7165 0.6892
vn 0.7612 -0.6341 -0.1360
vn 0.7117 -0.7022 0.0206
vn -0.9900 0.0889 0.1096
vn 0.6288 -0.7662 0.1322
vn 0.9999 0.0058 0.0101
vn 0.9920 -0.0853 0.0928
vn -0.0382 -0.0337 -0.9987
vn -0.0110 -0.0631 -0.9979
vn 0.1484 -0.0852 -0.9853
vn 0.0915 0.9927 -0.0781
vn -0.0115 0.0015 0.9999
vn -0.0853 0.0783 0.9933
vn 0.0114 -0.0181 0.9998
vn 0.0108 0.0805 0.9967
vn 0.0819 -0.0877 0.9928
vn 0.0903 0.0134 0.9958
vn 0.0050 -0.9927 -0.1203
vn 0.0238 -0.9995 -0.0193
vn 0.0050 -0.9932 -0.1164
vn 0.0793 -0.9956 -0.0507
vn -0.9962 -0.0045 -0.0866
vn -0.9924 -0.1226 0.0091
vn 0.9949 0.1003 -0.0093
vn 0.9974 0.0344 0.0634
vn 0.9890 0.1029 -0.1062
vn 0.9999 0.0046 -0.0113
vn -0.0794 -0.0207 0.9966
vn -0.0870 -0.0185 0.9960
vn -0.0196 -0.0922 0.9956
vn 0.1140 0.9793 0.1674
vn 0.1126 -0.9895 0.0906
vn -0.9957 -0.0210 0.0908
vn -0.9939 -0.0914 0.0611
vn -0.9864 -0.1629 0.0234
vn 0.0780 0.9936 0.0812
vn -0.0062 0.9995 0.0296
vn 0.0734 0.9937 0.0852
vn 0.7343 -0.3663 0.5715
vn 0.6692 -0.4575 0.5855
vn 0.7042 -0.4559 0.5444
vn -0.0759 0.9966 -0.0332
vn -0.6356 -0.2547 -0.7288
vn -0.5751 -0.3456 -0.7415
vn -0.5951 -0.2503 -0.7637
vn 0.0546 0.9928 0.1069
vn 0.0579 0.9931 0.1021
vn 0.7675 -0.3635 0.5280
vn 0.7362 -0.4530 0.5027
vn -0.7895 -0.2616 -0.5552
vn -0.8043 -0.3552 -0.4764
vn -0.7623 -0.3569 -0.5399
vn -0.7136 -0.2599 -0.6506
vn -0.6509 -0.3530 -0.6721
vn -0.6742 -0.2569 -0.6924
vn 0.0622 0.9932 0.0987
vn 0.0659 0.9934 0.0942
vn -0.0733 0.9966 -0.0383
vn -0.5301 -0.3399 -0.7769
vn -0.5479 -0.2455 -0.7997
vn 0.4942 -0.3583 0.7921
vn 0.5189 -0.4514 0.7259
vn 0.5402 -0.3627 0.7593
vn 0.5839 -0.3653 0.7249
vn 0.5980 -0.4569 0.6585
vn 0.6236 -0.3667 0.6904
vn -0.4794 -0.3325 -0.8122
vn -0.4948 -0.2397 -0.8353
vn -0.4389 -0.3258 -0.8374
vn -0.4526 -0.2330 -0.8607
vn 0.4183 -0.3517 0.8374
vn 0.4331 -0.4408 0.7862
vn 0.4503 -0.3535 0.8199
vn 0.0496 0.9927 0.1101
vn -0.4198 -0.3225 -0.8484
vn -0.4328 -0.2308 -0.8715
vn -0.5214 -0.3396 -0.7828
vn -0.5506 -0.0662 -0.8321
vn 0.2114 -0.2978 0.9309
vn 0.4030 -0.4361 0.8046
vn -0.0061 0.9995 0.0296
vn 0.0413 0.9920 0.1195
vn 0.0458 0.9922 0.1155
vn 0.7972 -0.3621 0.4831
vn 0.7659 -0.4490 0.4603
vn 0.8240 -0.3555 0.4412
vn 0.7916 -0.4441 0.4197
vn -0.8671 -0.2596 -0.4252
vn -0.8544 -0.3495 -0.3845
vn -0.8387 -0.3519 -0.4156
vn -0.0801 0.9964 -0.0292
vn 0.8402 -0.3538 0.4109
vn 0.8083 -0.4402 0.3911
vn 0.9361 -0.2997 0.1840
vn 0.9004 -0.3951 0.1822
vn -0.8829 -0.2564 -0.3933
vn -0.6993 -0.3588 -0.6182
vn -0.0874 0.9960 -0.0182
vn 0.6406 -0.5282 0.5573
vn 0.6740 -0.5266 0.5180
vn 0.0062 -0.9995 -0.0296
vn 0.0570 -0.9978 0.0353
vn 0.0061 -0.9995 -0.0296
vn -0.6140 -0.3498 -0.7076
vn -0.5525 -0.4264 -0.7162
vn -0.0417 -0.9944 -0.0975
vn -0.0376 -0.9942 -0.1010
vn 0.7047 -0.5242 0.4782
vn 0.7333 -0.5202 0.4378
vn -0.6889 -0.3554 -0.6317
vn -0.6967 -0.4382 -0.5679
vn -0.6615 -0.4364 -0.6099
vn -0.6253 -0.4331 -0.6492
vn -0.7258 -0.3567 -0.5882
vn -0.7324 -0.4375 -0.5217
vn 0.6334 -0.4578 0.6239
vn 0.5604 -0.4548 0.6922
vn 0.5728 -0.5276 0.6274
vn 0.5367 -0.5263 0.6595
vn -0.4611 -0.4124 -0.7857
vn -0.0451 -0.9946 -0.0939
vn 0.4751 -0.4465 0.7582
vn 0.4979 -0.5216 0.6929
vn 0.4561 -0.5175 0.7240
vn -0.4049 -0.3996 -0.8224
vn -0.0356 -0.9937 -0.1063
vn 0.4168 -0.5111 0.7517
vn 0.2243 -0.3669 0.9028
vn 0.3885 -0.5053 0.7706
vn -0.4796 -0.4718 -0.7398
vn 0.0729 -0.9972 0.0172
vn -0.7731 -0.4362 -0.4605
vn -0.8081 -0.4302 -0.4025
vn 0.7588 -0.5141 0.3999
vn 0.7753 -0.5097 0.3730
vn 0.0798 -0.9968 0.0101
vn 0.0763 -0.9970 0.0136
vn -0.8241 -0.4262 -0.3731
vn -0.7930 -0.4636 -0.3952
vn 0.8652 -0.4666 0.1835
vn -0.7516 -0.2622 -0.6053
vn 0.9974 0.0710 -0.0143
vn 0.9994 -0.0319 0.0143
vn 0.9908 -0.1322 0.0285
vn -0.0579 -0.9951 -0.0803
vn -0.0609 -0.9952 -0.0762
vn -0.5899 -0.4301 -0.6834
vn -0.0546 -0.9950 -0.0840
vn -0.0930 0.9956 -0.0134
vn 0.0700 0.9935 0.0901
vn -0.0697 -0.9953 -0.0669
vn 0.0269 0.0387 0.9989
vn -0.0896 0.1884 0.9780
vn 0.0575 -0.0968 0.9936
vn -0.0411 0.0017 0.9992
vn 0.0759 -0.2011 0.9766
vn 0.0530 -0.9979 0.0383
vn 0.6603 -0.3691 0.6541
vn 0.0704 -0.9973 0.0215
vn 0.6063 -0.5288 0.5939
vn 0.0902 0.9956 0.0263
vn -0.0982 0.9951 -0.0113
vn 0.1019 0.9933 0.0552
vn 0.0851 0.9936 0.0744
vn 0.0966 -0.9953 -0.0060
vn 0.0825 -0.9966 0.0081
vn -0.0738 -0.9952 -0.0649
vn 0.1013 -0.9945 -0.0262
vn 0.0391 0.9916 0.1235
vn -0.0655 0.9968 -0.0451
vn -0.5095 -0.4203 -0.7508
vn 0.0446 -0.9977 0.0507
vn 0.0060 -0.9995 -0.0297
vn -0.0689 0.9968 -0.0412
vn -0.0612 0.9969 -0.0489
vn -0.0510 -0.9949 -0.0872
vn -0.8324 -0.2612 -0.4888
vn 0.1254 -0.1632 -0.9786
vn 0.0744 -0.0815 -0.9939
vn 0.1298 -0.1594 -0.9786
vn -0.0638 -0.9955 -0.0705
vn -0.0060 0.9995 0.0297
vn 0.0230 0.9902 0.1380
vn -0.0520 0.9968 -0.0613
vn -0.0050 0.9921 0.1253
vn -0.0339 -0.9936 -0.1081
vn 0.0138 -0.9978 0.0647
vn -0.0257 -0.9996 -0.0123
vn 0.0322 -0.9976 0.0615
vn 0.9612 0.2718 -0.0466
vn 0.8848 0.4545 -0.1025
vn 0.0816 0.9937 0.0767
vn 0.9637 -0.0632 -0.2595
vn 0.0461 -0.9979 0.0464
vn 0.6985 -0.3659 0.6150
vn -0.0487 -0.9946 -0.0912
vn 0.0498 -0.9978 0.0428
vn -0.0564 0.9970 -0.0530
vn -0.4226 -0.4046 -0.8110
vn 0.2246 -0.4329 0.8730
vn 0.0603 -0.9977 0.0319
vn 0.0632 -0.9976 0.0283
vn 0.0667 -0.9975 0.0250
vn -0.0831 0.9963 -0.0240
vn -0.0531 0.9969 -0.0575
vn 0.5580 -0.6940 0.4550
vn 0.5677 -0.6212 0.5402
vn 0.5268 -0.6565 0.5398
vn 0.0105 -0.0114 -0.9999
vn -0.7427 0.6490 0.1650
vn -0.7590 0.5967 0.2604
vn -0.7771 0.6081 0.1624
vn 0.1508 -0.1402 -0.9786
vn 0.1467 -0.1440 -0.9787
vn 0.5149 -0.7279 0.4528
vn 0.4855 -0.6891 0.5380
vn -0.5702 0.8044 0.1667
vn -0.4958 0.8281 0.2615
vn -0.5591 0.7859 0.2640
vn -0.6652 0.7280 0.1661
vn -0.6905 0.6734 0.2641
vn -0.7065 0.6879 0.1659
vn 0.1430 -0.1480 -0.9786
vn 0.1390 -0.1522 -0.9785
vn 0.0071 -0.0159 -0.9998
vn -0.7961 0.5480 0.2569
vn -0.8147 0.5575 0.1595
vn 0.7697 -0.4649 0.4374
vn 0.7065 -0.4720 0.5272
vn 0.7440 -0.5010 0.4421
vn 0.7108 -0.5432 0.4469
vn 0.6403 -0.5497 0.5365
vn 0.6760 -0.5824 0.4514
vn -0.8402 0.4808 0.2508
vn -0.8585 0.4894 0.1533
vn -0.8762 0.4158 0.2437
vn -0.8929 0.4252 0.1480
vn 0.7873 -0.4346 0.4374
vn 0.7461 -0.4183 0.5181
vn 0.7830 -0.4438 0.4358
vn 0.1544 -0.1359 -0.9786
vn -0.8927 0.3818 0.2395
vn -0.9080 0.3923 0.1470
vn -0.8740 0.4203 0.2440
vn -0.8736 0.4861 0.0232
vn 0.8070 -0.3939 0.4400
vn 0.7516 -0.4101 0.5166
vn 0.0755 -0.0681 -0.9948
vn 0.1260 -0.1085 -0.9861
vn 0.1529 -0.1298 -0.9797
vn 0.4708 -0.7590 0.4497
vn 0.4434 -0.7194 0.5347
vn 0.4287 -0.7853 0.4466
vn 0.4033 -0.7457 0.5303
vn -0.4407 0.8829 0.1623
vn -0.4040 0.8784 0.2555
vn -0.4351 0.8627 0.2578
vn 0.0151 -0.0082 -0.9999
vn 0.3985 -0.8017 0.4456
vn 0.3749 -0.7630 0.5266
vn 0.1748 -0.9046 0.3888
vn 0.1687 -0.8605 0.4806
vn -0.4085 0.8982 0.1625
vn -0.5039 0.8229 0.2626
vn 0.0263 -0.0009 -0.9997
vn 0.5361 -0.5867 0.6069
vn 0.4970 -0.6203 0.6068
vn -0.0744 0.0815 0.9939
vn -0.0091 0.0312 0.9995
vn -0.7256 0.6361 0.2626
vn -0.7372 0.5814 0.3442
vn -0.1442 0.1246 0.9817
vn -0.0715 0.0632 0.9954
vn -0.1535 0.0980 0.9833
vn 0.4578 -0.6518 0.6046
vn 0.4178 -0.6809 0.6015
vn -0.6504 0.7119 0.2650
vn -0.5906 0.7277 0.3486
vn -0.6322 0.6919 0.3487
vn -0.6709 0.6551 0.3475
vn -0.6072 0.7491 0.2649
vn -0.5444 0.7633 0.3477
vn 0.6058 -0.5852 0.5390
vn 0.6739 -0.5120 0.5327
vn 0.6057 -0.5184 0.6037
vn 0.6384 -0.4830 0.5993
vn -0.8187 0.4679 0.3330
vn -0.1380 0.1310 0.9817
vn -0.0747 0.0796 0.9940
vn 0.7321 -0.4380 0.5217
vn 0.6698 -0.4448 0.5946
vn 0.6950 -0.4125 0.5889
vn -0.8728 0.3683 0.3203
vn -0.0509 0.0280 0.9983
vn -0.1606 0.0579 0.9853
vn 0.7098 -0.3943 0.5837
vn 0.7747 -0.3749 0.5093
vn 0.7186 -0.3885 0.5768
vn -0.8359 0.3926 0.3834
vn -0.0269 0.0148 0.9995
vn -0.4836 0.8047 0.3444
vn -0.4253 0.8389 0.3396
vn 0.3799 -0.7064 0.5972
vn 0.3536 -0.7241 0.5921
vn -0.0342 0.0083 0.9994
vn -0.0306 0.0116 0.9995
vn -0.3959 0.8551 0.3348
vn -0.5954 0.6701 0.4432
vn 0.1666 -0.8186 0.5497
vn -0.6203 0.7664 0.1670
vn -0.0062 -0.9999 0.0160
vn 0.0178 -0.9926 0.1205
vn 0.0274 -0.9750 0.2207
vn -0.1251 0.1442 0.9816
vn -0.1212 0.1477 0.9816
vn -0.7045 0.6190 0.3472
vn -0.1291 0.1414 0.9815
vn 0.0307 0.0053 -0.9995
vn 0.1346 -0.1561 -0.9785
vn -0.1117 0.1559 0.9814
vn -0.0744 0.0814 0.9939
vn 0.9981 0.0620 0.0010
vn 0.9837 0.1113 -0.1415
vn 0.9942 0.0292 0.1036
vn 0.9299 0.3301 0.1622
vn 0.9801 0.0082 0.1983
vn -0.0052 0.0339 0.9994
vn 0.6403 -0.6196 0.4540
vn -0.0231 0.0180 0.9996
vn 0.5728 -0.5524 0.6056
vn 0.0714 -0.1765 -0.9817
vn 0.0330 0.0100 -0.9994
vn 0.1005 -0.1889 -0.9768
vn 0.1193 -0.1714 -0.9779
vn -0.0499 -0.0122 0.9987
vn -0.0358 0.0047 0.9993
vn -0.1099 0.1604 0.9809
vn -0.0705 -0.0085 0.9975
vn 0.0624 -0.0357 -0.9974
vn 0.0640 -0.0683 -0.9956
vn -0.0004 -0.0229 -0.9997
vn 0.0749 -0.0800 -0.9940
vn -0.7738 0.5344 0.3400
vn 0.1028 -0.0328 0.9942
vn -0.0032 -0.0140 0.9999
vn 0.0036 -0.0197 -0.9998
vn -0.0014 -0.0246 -0.9997
vn -0.1327 0.1382 0.9815
vn -0.5042 0.8478 0.1645
vn -0.1157 0.1509 0.9817
vn 0.0242 0.0065 -0.9997
vn 0.0601 -0.0039 -0.9982
vn -0.0363 0.0571 -0.9977
vn 0.1007 0.0387 -0.9942
vn -0.1232 0.0134 0.9923
vn 0.1196 -0.0399 0.9920
vn 0.0032 -0.0093 1.0000
vn 0.2030 -0.0582 0.9775
vn -0.1029 -0.9784 -0.1795
vn -0.0794 -0.9226 -0.3775
vn 0.1215 -0.1679 -0.9783
vn 0.0051 -0.9994 -0.0354
vn 0.0369 0.0081 0.9993
vn 0.6009 -0.6576 0.4545
vn -0.1358 0.1349 0.9815
vn 0.0036 0.0302 0.9995
vn 0.9232 -0.0001 0.3844
vn 0.9553 0.0244 0.2945
vn 0.0035 -0.0109 -0.9999
vn -0.8558 0.4024 0.3250
vn 0.8928 -0.0208 0.4500
vn -0.0123 0.0277 0.9995
vn -0.0162 0.0257 0.9995
vn -0.0200 0.0220 0.9996
vn 0.0199 -0.0045 -0.9998
vn -0.0019 0.0220 -0.9998
vn -0.4176 -0.8999 -0.1258
vn -0.7191 -0.6673 -0.1942
vn -0.4106 -0.8945 -0.1772
vn -0.5994 -0.7973 -0.0705
vn -0.9099 -0.3816 -0.1628
vn -0.7129 -0.6570 -0.2452
vn -0.8807 -0.3933 -0.2638
vn -0.9364 0.3020 -0.1787
vn -0.9658 -0.2544 -0.0505
vn -0.9994 -0.0012 -0.0348
vn -0.9153 0.3327 -0.2271
vn -0.9885 -0.0033 -0.1513
vn -0.8436 -0.5349 -0.0473
vn -0.9776 -0.0028 -0.2104
vn -0.4545 0.6994 -0.5515
vn -0.1704 0.8766 -0.4500
vn -0.5325 -0.0121 -0.8463
vn -0.4643 0.5474 -0.6962
vn -0.4871 0.7472 -0.4520
vn -0.3252 0.8667 -0.3783
vn -0.7343 0.4287 -0.5264
vn -0.0503 -0.0639 0.9967
vn 0.3014 -0.1475 0.9420
vn 0.2700 -0.0419 0.9619
vn -0.5185 -0.0333 0.8545
vn 0.0762 -0.1566 0.9847
vn 0.3161 -0.2426 0.9172
vn 0.0028 -0.1065 0.9943
vn 0.1496 -0.2429 0.9585
vn -0.7463 -0.1437 0.6500
vn -0.9032 -0.0487 0.4264
vn -0.8959 -0.1448 0.4199
vn -0.6503 -0.2088 0.7304
vn -0.6728 -0.1171 0.7305
vn -0.4488 -0.2183 0.8665
vn 0.3502 -0.3369 0.8740
vn 0.0405 -0.4367 0.8987
vn 0.1447 -0.3315 0.9323
vn -0.1121 -0.4253 0.8981
vn 0.0736 -0.3975 0.9147
vn -0.7154 0.1726 0.6771
vn -0.6008 0.0494 0.7978
vn -0.4205 0.1420 0.8961
vn -0.7121 0.2232 0.6657
vn -0.9051 0.1633 0.3926
vn -0.8410 0.0455 0.5392
vn -0.8757 0.2591 0.4075
vn 0.0952 0.5338 -0.8402
vn -0.4495 0.5856 -0.6746
vn -0.1854 0.6024 -0.7764
vn -0.1611 0.4900 -0.8567
vn -0.4773 0.4921 -0.7280
vn -0.5466 0.8346 0.0681
vn -0.4673 0.7185 -0.5153
vn -0.5469 0.7957 0.2602
vn -0.7364 0.5546 -0.3875
vn -0.9634 0.0648 0.2603
vn -0.9313 0.2161 -0.2931
vn -0.9981 0.0613 0.0004
vn -0.9843 0.1755 0.0166
vn -0.9115 0.2616 -0.3175
vn -0.9732 0.2290 0.0182
vn 0.5022 -0.8591 -0.0984
vn 0.2298 -0.9732 -0.0049
vn -0.0873 -0.9949 -0.0502
vn 0.5354 -0.8288 -0.1624
vn 0.5085 -0.8607 -0.0245
vn 0.7261 -0.6874 -0.0158
vn 0.8365 -0.5094 -0.2019
vn 0.7443 0.5567 -0.3689
vn 0.5159 0.5050 -0.6920
vn 0.6311 0.7008 -0.3327
vn 0.9199 0.3097 -0.2405
vn 0.4649 0.7154 -0.5216
vn 0.9092 0.2867 -0.3019
vn 0.8637 0.4097 -0.2937
vn 0.9494 -0.3112 -0.0427
vn 0.9644 0.2214 -0.1447
vn 0.9912 -0.0386 -0.1269
vn 0.8529 0.4666 -0.2343
vn 0.9871 -0.0485 -0.1524
vn 0.5037 0.0658 0.8614
vn -0.0948 0.0257 0.9952
vn 0.2253 -0.0319 0.9738
vn 0.5088 -0.0145 0.8607
vn 0.5352 0.1314 0.8344
vn 0.8351 0.1722 0.5224
vn 0.9690 0.1289 -0.2106
vn 0.9471 0.0056 0.3209
vn 0.9997 0.0173 0.0169
vn 0.8583 0.2332 -0.4571
vn 0.9939 0.1014 0.0437
vn 0.7223 -0.0269 0.6911
vn 0.9258 0.2326 -0.2980
vn 0.9902 0.1291 0.0540
vn 0.7529 0.3804 -0.5371
vn 0.6392 0.3487 -0.6854
vn 0.5157 0.7120 -0.4766
vn 0.4625 0.5501 -0.6953
vn 0.9149 0.2972 -0.2732
vn 0.2396 0.9143 -0.3266
vn 0.5055 0.8584 -0.0871
vn 0.5320 0.6108 -0.5864
vn 0.6452 0.6651 -0.3759
vn 0.8531 0.4969 -0.1588
vn 0.6419 0.4030 -0.6523
vn 0.8015 0.4284 -0.4173
vn 0.5039 0.1239 -0.8548
vn 0.2337 0.3647 -0.9013
vn 0.1199 0.0900 -0.9887
vn 0.8213 0.1755 -0.5429
vn 0.9496 0.2478 -0.1918
vn 0.9804 0.1558 -0.1206
vn 0.3630 0.6407 0.6765
vn 0.3626 0.6407 0.6768
vn 0.4273 -0.9001 -0.0848
vn 0.4274 -0.9001 -0.0849
vn 0.7735 -0.2386 0.5872
vn 0.7734 -0.2385 0.5873
vn -0.4461 0.8942 0.0385
vn -0.4336 0.8983 0.0717
vn -0.4332 0.8984 0.0729
vn 0.1307 0.9886 0.0742
vn 0.6005 0.7782 0.1839
vn 0.2582 0.9505 0.1726
vn -0.9603 0.1780 -0.2146
vn -0.8284 0.3651 -0.4247
vn -0.9744 0.1424 -0.1742
vn 0.2326 -0.5858 0.7763
vn 0.4561 -0.6327 0.6258
vn 0.7452 0.3779 0.5494
vn 0.7960 0.5555 0.2402
vn 0.2591 0.8620 -0.4357
vn 0.2590 0.8621 -0.4356
vn 0.2590 0.8620 -0.4358
vn 0.9435 0.3286 0.0427
vn 0.1607 -0.1432 -0.9766
vn 0.0158 -0.0376 -0.9992
vn 0.0219 -0.4876 0.8728
vn 0.0219 -0.4874 0.8729
vn -0.0791 -0.7546 0.6514
vn 0.1152 -0.8176 0.5641
vn -0.1176 0.5080 -0.8533
vn 0.8070 -0.5421 -0.2342
vn 0.8071 -0.5422 -0.2338
vn 0.8069 -0.5423 -0.2341
vn -0.9564 -0.2507 0.1499
vn -0.7713 -0.6114 0.1770
vn -0.5529 -0.7944 0.2515
vn -0.4716 -0.8632 0.1802
vn -0.6185 -0.7848 -0.0398
vn 0.6696 -0.2136 0.7113
vn 0.6699 -0.3564 0.6513
vn 0.5865 -0.3429 0.7338
vn -0.3013 -0.9530 0.0317
vn -0.1866 -0.8571 0.4801
vn -0.4576 0.8029 -0.3820
vn -0.3065 0.9181 -0.2515
vn -0.2934 0.9254 -0.2400
vn -0.1044 0.8456 0.5235
vn -0.3462 0.9003 0.2638
vn -0.0743 0.9862 0.1482
vn -0.1628 0.4739 0.8654
vn -0.3852 0.6431 0.6618
vn -0.5946 0.5843 0.5523
vn -0.4170 0.4008 0.8157
vn -0.5389 0.1757 0.8238
vn -0.1858 0.2182 0.9581
vn -0.1096 0.1247 0.9861
vn -0.9053 0.3358 0.2601
vn -0.8494 0.0903 0.5199
vn -0.6531 0.3719 0.6597
vn -0.6407 -0.4346 0.6329
vn -0.8406 -0.2131 0.4979
vn -0.8740 -0.1593 0.4590
vn -0.3493 -0.3237 0.8793
vn -0.3461 -0.2546 0.9030
vn -0.4208 -0.2727 0.8652
vn 0.5687 -0.7761 0.2724
vn 0.6418 -0.6477 0.4106
vn -0.2021 -0.5379 0.8185
vn -0.2020 -0.5378 0.8185
vn -0.6879 0.0963 0.7194
vn -0.7245 0.1463 0.6735
vn -0.8604 -0.4995 -0.1010
vn -0.9098 -0.2392 -0.3393
vn -0.5433 -0.8175 -0.1911
vn -0.6637 -0.6342 -0.3965
vn -0.6050 -0.5209 -0.6022
vn -0.4370 -0.7822 -0.4441
vn -0.3989 -0.6275 -0.6687
vn -0.1960 -0.9593 -0.2035
vn -0.1929 -0.8414 -0.5048
vn -0.1912 -0.9490 -0.2507
vn -0.3556 -0.2250 -0.9071
vn -0.1168 -0.4801 -0.8694
vn 0.2855 -0.6476 -0.7065
vn 0.3939 -0.7228 -0.5679
vn 0.3291 -0.6524 -0.6827
vn 0.4420 -0.8186 0.3669
vn 0.4420 -0.8185 0.3669
vn 0.4419 -0.8186 0.3669
vn 0.6987 -0.6646 0.2647
vn 0.3947 -0.7746 -0.4941
vn -0.2378 -0.4750 -0.8473
vn -0.1940 -0.5494 -0.8127
vn -0.2400 -0.4710 -0.8489
vn 0.6685 0.7430 0.0312
vn 0.8775 0.1562 0.4534
vn 0.6886 0.5859 -0.4273
vn 0.2823 0.7738 -0.5671
vn 0.5574 0.6920 0.4588
vn 0.6976 0.1374 0.7031
vn 0.0003 0.9996 -0.0268
vn 0.0220 0.8584 -0.5124
vn -0.5765 0.8082 -0.1205
vn -0.4178 0.8994 0.1286
vn 0.3714 0.1058 0.9224
vn -0.2528 0.4610 0.8507
vn 0.2913 0.4349 0.8521
vn -0.2560 0.5973 0.7600
vn 0.0902 0.5955 0.7983
vn 0.1673 -0.8803 -0.4440
vn 0.3921 -0.9076 -0.1501
vn -0.3141 -0.7387 -0.5964
vn -0.4001 -0.7121 -0.5768
vn 0.7077 -0.6992 -0.1014
vn 0.0892 -0.8257 -0.5569
vn 0.3921 -0.8851 -0.2508
vn -0.3781 0.4135 -0.8283
vn -0.5885 0.2896 -0.7549
vn -0.2638 0.6076 -0.7491
vn -0.1836 0.5078 -0.8417
vn -0.4785 0.2560 -0.8400
vn -0.6596 0.0600 -0.7492
vn 0.1660 -0.0993 -0.9811
vn 0.1650 -0.1000 -0.9812
vn 0.3469 0.0933 -0.9333
vn 0.9193 -0.3665 -0.1438
vn 0.9049 0.0754 -0.4188
vn 0.9070 -0.1469 -0.3946
vn 0.6904 0.2032 -0.6943
vn 0.9001 -0.3605 -0.2446
vn 0.8605 -0.0591 -0.5060
vn 0.9209 -0.1183 0.3714
vn 0.9239 -0.3646 0.1159
vn 0.7150 -0.1119 0.6901
vn 0.8704 -0.3460 0.3502
vn 0.7287 -0.6794 0.0857
vn 0.5952 -0.5695 0.5670
vn 0.6923 -0.6402 0.3331
vn 0.1407 -0.3947 0.9080
vn 0.4021 -0.1359 0.9055
vn 0.1247 -0.7054 0.6978
vn 0.3818 -0.3647 0.8493
vn 0.6824 -0.3222 0.6561
vn 0.3540 -0.8638 0.3585
vn 0.1527 -0.9175 0.3672
vn 0.3785 -0.9182 0.1164
vn 0.3471 -0.6672 0.6591
vn -0.4673 0.2148 0.8576
vn -0.1078 -0.3560 0.9283
vn -0.5834 0.2772 0.7634
vn -0.3320 -0.1577 0.9300
vn -0.0634 -0.6727 0.7372
vn -0.4339 -0.0673 0.8984
vn -0.2279 -0.3411 0.9120
vn -0.8676 0.3772 -0.3240
vn -0.7770 0.6014 -0.1859
vn -0.7785 0.1518 -0.6090
vn -0.8622 0.0584 -0.5032
vn -0.8727 0.4810 -0.0835
vn -0.7458 0.6660 0.0129
vn -0.9447 -0.1785 0.2751
vn -0.9444 -0.1749 0.2785
vn -0.9230 -0.3813 0.0526
vn -0.3872 -0.8939 0.2260
vn -0.2979 -0.9539 -0.0363
vn -0.0987 -0.9186 0.3828
vn -0.2893 -0.8506 0.4391
vn -0.4885 -0.8480 0.2056
vn 0.5471 0.7842 0.2927
vn 0.4213 0.9020 0.0946
vn 0.2189 0.9496 0.2246
vn 0.5952 0.7139 0.3689
vn 0.8288 0.4974 0.2562
vn 0.7636 0.6417 0.0721
vn 0.8098 0.2210 0.5435
vn 0.5558 -0.3683 0.7453
vn 0.1565 -0.5908 0.7915
vn 0.4320 -0.5925 0.6799
vn 0.8349 -0.1777 0.5209
vn 0.1899 0.2461 0.9505
vn 0.5236 -0.0792 0.8483
vn 0.1026 0.3628 0.9262
vn 0.9428 0.3226 0.0842
vn 0.9475 -0.1639 0.2746
vn 0.9636 0.1051 0.2460
vn 0.7722 -0.4107 0.4847
vn 0.3733 0.9239 -0.0834
vn 0.0890 0.9282 -0.3613
vn 0.6975 0.7080 -0.1105
vn 0.3923 0.8336 -0.3890
vn 0.1055 0.7157 -0.6904
vn 0.9159 0.1076 -0.3868
vn 0.9179 0.3840 -0.1005
vn 0.6939 0.1322 -0.7079
vn 0.8180 0.4116 -0.4018
vn 0.0855 0.3958 -0.9144
vn 0.3679 0.1159 -0.9226
vn 0.0861 0.1154 -0.9896
vn 0.3893 0.4172 -0.8212
vn 0.5398 -0.2655 -0.7988
vn 0.2099 -0.1902 -0.9590
vn 0.4135 -0.0628 -0.9083
vn 0.8238 -0.2432 -0.5121
vn 0.5878 -0.3443 -0.7321
vn 0.8049 -0.5402 -0.2456
vn 0.9473 -0.2850 0.1464
vn 0.9404 -0.0783 -0.3308
vn 0.7727 -0.5037 0.3862
vn 0.9611 -0.2482 -0.1209
vn 0.7589 -0.0523 -0.6491
vn 0.8325 -0.5327 0.1524
vn 0.1698 -0.7787 0.6040
vn 0.5554 -0.7608 0.3358
vn 0.4339 -0.7041 0.5621
vn 0.1836 -0.9410 -0.2842
vn 0.5205 -0.8527 0.0439
vn -0.3821 0.9165 0.1183
vn -0.0976 0.9132 0.3957
vn -0.7062 0.6990 0.1125
vn -0.3739 0.8401 0.3930
vn -0.0874 0.6909 0.7176
vn -0.6604 0.6509 0.3743
vn -0.3511 0.6461 0.6777
vn -0.9168 0.0860 0.3901
vn -0.9211 0.3719 0.1149
vn -0.6968 0.0763 0.7132
vn -0.8460 0.3640 0.3895
vn -0.6553 0.3382 0.6754
vn -0.0885 0.3612 0.9283
vn -0.3683 0.0800 0.9263
vn -0.3657 0.3567 0.8597
vn 0.3109 0.7964 0.5186
vn 0.2251 0.9524 0.2053
vn 0.0863 0.8966 0.4344
vn 0.2459 0.7402 0.6258
vn 0.3900 0.7332 0.5570
vn 0.4255 0.6120 0.6666
vn 0.3158 -0.1857 0.9305
vn 0.1009 0.3066 0.9465
vn 0.5462 -0.4348 0.7160
vn 0.2778 0.0965 0.9558
vn 0.0763 0.6318 0.7713
vn 0.3690 0.0507 0.9280
vn 0.2998 0.2057 0.9316
vn 0.7874 -0.6158 0.0287
vn 0.8097 -0.3690 0.4563
vn 0.7368 -0.5972 0.3170
vn 0.9603 0.2774 0.0291
vn 0.9680 0.0139 0.2504
vn 0.8956 -0.2768 0.3483
vn 0.7433 -0.3762 0.5531
vn 0.7698 -0.1351 0.6238
vn -0.7796 -0.2971 0.5513
vn -0.8970 -0.0933 0.4320
vn -0.4753 -0.8627 0.1731
vn -0.6405 -0.5712 0.5133
vn -0.4869 -0.2725 0.8298
vn -0.6301 -0.0847 0.7719
vn -0.2146 -0.5623 0.7986
vn 0.3687 -0.7626 0.5315
vn 0.5350 -0.8207 0.2003
vn 0.5902 -0.6983 0.4051
vn 0.1850 -0.5459 0.8172
vn 0.2651 -0.7694 0.5812
vn -0.3069 -0.1066 0.9457
vn 0.1749 -0.3030 0.9368
vn -0.0923 -0.2715 0.9580
vn 0.4161 -0.5108 0.7523
vn -0.9068 -0.4202 0.0335
vn -0.9907 -0.1317 0.0327
vn -0.8866 -0.4611 0.0371
vn -0.7391 -0.6727 0.0350
vn -0.4772 -0.7493 0.4593
vn -0.3308 -0.7141 0.6170
vn -0.5394 -0.7689 0.3433
vn -0.3230 -0.7103 0.6255
vn -0.4290 -0.7938 0.4310
vn 0.1724 -0.9558 0.2381
vn -0.3226 -0.9453 0.0489
vn 0.3847 -0.7848 0.4860
vn -0.1071 -0.9517 0.2876
vn -0.6704 -0.7416 0.0248
vn 0.5571 -0.4801 0.6776
vn 0.5255 -0.6243 0.5780
vn 0.4234 -0.3700 0.8270
vn 0.1933 -0.3548 0.9148
vn 0.2691 -0.8284 0.4913
vn 0.8285 -0.5564 0.0635
vn 0.8287 -0.5562 0.0634
vn 0.8287 -0.5561 0.0635
vn -0.9242 -0.0962 -0.3697
vn -0.9193 -0.3821 -0.0945
vn -0.9908 -0.1019 -0.0888
vn -0.7122 -0.0829 -0.6971
vn -0.8510 -0.3724 -0.3702
vn -0.7010 -0.7064 -0.0975
vn -0.6670 -0.3464 -0.6596
vn -0.6613 -0.6584 -0.3593
vn -0.1048 -0.3613 -0.9265
vn -0.3881 -0.0822 -0.9180
vn -0.0952 -0.6915 -0.7160
vn -0.3807 -0.3596 -0.8519
vn -0.3583 -0.6510 -0.6692
vn -0.3737 -0.9209 -0.1106
vn -0.0958 -0.9139 -0.3944
vn -0.3723 -0.8446 -0.3848
vn 0.1943 -0.4926 -0.8483
vn 0.0697 -0.4428 -0.8939
vn 0.2740 -0.2521 -0.9281
vn 0.4637 -0.5060 -0.7273
vn 0.1008 -0.6283 -0.7714
vn 0.0295 -0.7235 -0.6896
vn 0.3282 -0.7249 -0.6057
vn 0.3282 -0.7248 -0.6058
vn 0.3283 -0.7249 -0.6056
vn 0.6927 -0.6022 0.3969
vn 0.8586 -0.2740 0.4333
vn 0.6814 -0.5438 0.4899
vn 0.5876 -0.7685 0.2532
vn 0.8398 -0.5215 0.1507
vn 0.0688 -0.9366 -0.3437
vn 0.2856 -0.9447 0.1610
vn 0.0843 -0.8822 -0.4632
vn 0.5371 -0.8074 0.2442
vn 0.5540 -0.7374 0.3865
vn -0.0882 0.3927 0.9154
vn -0.1723 0.6998 0.6932
vn -0.1388 0.3828 0.9133
vn -0.0403 0.5800 0.8136
vn -0.1592 0.8978 0.4105
vn -0.2234 0.6927 0.6857
vn -0.2594 0.8671 0.4252
vn -0.2104 0.9400 -0.2686
vn -0.0545 0.9580 0.2815
vn -0.0525 0.9983 0.0258
vn -0.2603 0.9186 -0.2972
vn -0.1684 0.9850 0.0368
vn -0.0349 0.8295 0.5574
vn -0.2273 0.9732 0.0358
vn -0.5942 0.4621 -0.6584
vn -0.4963 0.1821 -0.8488
vn -0.8537 0.5163 0.0681
vn -0.7307 0.4627 -0.5020
vn -0.4984 0.4949 -0.7118
vn -0.4280 0.3389 -0.8378
vn -0.5627 0.7351 -0.3782
vn 0.6444 0.7477 -0.1602
vn 0.7796 0.6244 -0.0490
vn 0.7485 0.5473 -0.3744
vn 0.5854 0.7456 -0.3183
vn 0.3614 0.9230 -0.1323
vn 0.5160 0.8563 -0.0246
vn 0.3717 0.8998 -0.2283
vn -0.8635 -0.0887 -0.4965
vn -0.7184 0.4542 -0.5269
vn -0.7650 0.2719 -0.5839
vn -0.8851 0.1549 -0.4388
vn -0.7685 0.4741 -0.4297
vn -0.6933 0.4109 -0.5921
vn -0.4399 0.7489 -0.4956
vn 0.2398 0.9704 -0.0284
vn -0.3157 0.9356 -0.1582
vn -0.0133 0.9998 -0.0152
vn -0.0123 0.9918 -0.1272
vn -0.3460 0.9157 -0.2045
vn -0.0127 0.9833 -0.1816
vn -0.0512 -0.5206 0.8523
vn 0.0493 -0.2518 0.9665
vn -0.1323 0.0341 0.9906
vn -0.1231 -0.4350 0.8920
vn 0.0292 -0.5276 0.8490
vn 0.0324 -0.7433 0.6682
vn -0.1601 -0.8504 0.5012
vn -0.3657 -0.7442 -0.5590
vn -0.5481 -0.4803 -0.6847
vn -0.3575 -0.6212 -0.6974
vn -0.2399 -0.9168 -0.3192
vn -0.4093 -0.7314 -0.5454
vn -0.2999 -0.9075 -0.2940
vn -0.0095 -0.9561 0.2930
vn -0.1385 -0.9622 -0.2345
vn -0.1072 -0.9940 0.0191
vn -0.2428 -0.8463 -0.4742
vn -0.1324 -0.9908 0.0263
vn 0.8748 -0.4670 -0.1290
vn 0.8754 -0.3531 -0.3301
vn 0.9804 -0.1968 -0.0059
vn 0.8790 -0.4758 -0.0292
vn 0.9820 0.0361 -0.1855
vn 0.5269 -0.8227 -0.2135
vn 0.6392 -0.7569 -0.1359
vn -0.2084 -0.9649 -0.1597
vn 0.3260 -0.9436 -0.0576
vn 0.0199 -0.9979 -0.0619
vn -0.4561 -0.8553 -0.2457
vn 0.0484 -0.9886 -0.1425
vn 0.7014 -0.7123 -0.0258
vn -0.2984 -0.9202 -0.2533
vn 0.0518 -0.9842 -0.1696
vn -0.5506 -0.7567 -0.3525
vn -0.6893 -0.6406 -0.3384
vn -0.7687 -0.4749 -0.4284
vn -0.5111 -0.7706 -0.3807
vn -0.2829 -0.9057 -0.3156
vn 0.9323 0.1694 -0.3197
vn 0.7103 0.2592 -0.6544
vn 0.7866 0.4599 -0.4121
vn 0.8399 0.1306 -0.5268
vn 0.4235 0.2321 -0.8757
vn 0.6191 0.4378 -0.6519
vn 0.1979 0.8592 -0.4718
vn 0.4138 0.3394 -0.8447
vn -0.2689 0.2289 -0.9356
vn 0.2959 0.1150 -0.9483
vn 0.0300 0.0899 -0.9955
vn -0.6142 0.3582 -0.7032
vn 0.0391 0.2148 -0.9759
vn 0.5851 0.1137 -0.8030
vn 0.0224 0.2716 -0.9621
vn -0.6739 0.5611 -0.4806
vn -0.8605 0.4499 -0.2391
vn -0.8434 0.5355 0.0438
vn -0.6312 0.6191 -0.4672
vn -0.7097 0.4669 -0.5275
vn -0.3919 0.5572 -0.7321
vn 0.9362 -0.0839 0.3414
vn 0.9993 0.0152 -0.0340
vn 0.9031 -0.1765 0.3914
vn 0.9905 -0.0702 0.1186
vn 0.9893 0.0141 -0.1450
vn 0.9667 -0.1899 0.1715
vn 0.9846 -0.1747 -0.0092
vn 0.9055 -0.4087 0.1141
vn 0.8592 -0.2879 0.4230
vn 0.9207 -0.3884 -0.0382
vn 0.9278 -0.2945 0.2290
vn 0.9749 -0.2210 0.0275
vn 0.4343 -0.0674 -0.8982
vn 0.3508 -0.1211 -0.9286
vn 0.3503 0.0065 -0.9366
vn 0.6194 0.0208 -0.7848
vn 0.6325 -0.2088 -0.7459
vn 0.5401 -0.2795 -0.7938
vn 0.9750 -0.0834 -0.2060
vn -0.1241 -0.7104 -0.6928
vn -0.0168 -0.8302 -0.5572
vn -0.1275 -0.9200 -0.3707
vn -0.1743 -0.7005 -0.6920
vn -0.0890 -0.4419 -0.8926
vn 0.0166 -0.5894 -0.8077
vn -0.1869 -0.4518 -0.8723
vn -0.5033 0.8641 -0.0059
vn -0.5090 0.6721 -0.5378
vn -0.5483 0.7837 -0.2918
vn -0.4360 0.8632 -0.2544
vn -0.4121 0.7181 -0.5608
vn -0.7746 -0.0743 -0.6281
vn -0.6414 0.5320 -0.5528
vn -0.7412 -0.2685 -0.6152
vn -0.4643 0.3656 -0.8067
vn 0.0164 -0.3241 -0.9459
vn -0.1172 0.2303 -0.9660
vn 0.0296 -0.0747 -0.9968
vn -0.0822 -0.0771 -0.9936
vn -0.1643 0.2604 -0.9514
vn -0.1377 -0.0753 -0.9876
vn 0.8251 0.1684 0.5392
vn 0.9513 0.0416 0.3055
vn 0.8393 0.5303 0.1200
vn 0.9622 0.2711 0.0271
vn 0.8196 0.0519 0.5705
vn 0.6670 0.0086 0.7450
vn 0.5148 0.2067 0.8320
vn -0.5954 0.3480 0.7242
vn -0.8045 0.4325 0.4070
vn -0.7482 0.3261 0.5777
vn -0.3329 0.2230 0.9162
vn -0.5470 0.3822 0.7448
vn -0.2960 0.2999 0.9069
vn 0.3085 0.0063 0.9512
vn -0.2506 0.1064 0.9622
vn 0.0303 0.0892 0.9956
vn -0.5046 0.2075 0.8380
vn 0.0565 0.1221 0.9909
vn 0.7824 -0.0549 0.6204
vn 0.8621 -0.1142 0.4937
vn 0.6245 -0.0453 0.7797
vn 0.7767 -0.1149 0.6193
vn 0.8284 -0.2033 0.5219
vn 0.6800 -0.1715 0.7129
vn 0.7646 -0.1900 0.6159
vn 0.3822 -0.1461 0.9125
vn 0.4261 -0.0647 0.9024
vn 0.6001 -0.2141 0.7708
vn 0.5119 -0.1340 0.8485
vn 0.6550 -0.0982 0.7492
vn 0.7855 -0.2831 0.5503
vn 0.6624 -0.2970 0.6878
vn 0.7438 -0.3634 0.5609
vn 0.7095 -0.2524 0.6579
vn 0.5323 -0.2403 0.8118
vn -0.1224 -0.8291 0.5455
vn -0.0376 -0.9983 -0.0444
vn -0.0095 -0.9589 0.2836
vn -0.0459 -0.8312 0.5541
vn -0.1886 -0.8015 0.5674
vn -0.2497 -0.4540 0.8553
vn -0.2038 0.2904 0.9350
vn -0.0980 -0.2450 0.9646
vn -0.1059 0.0657 0.9922
vn -0.2858 0.5269 0.8004
vn -0.1861 0.0376 0.9818
vn -0.0540 -0.6379 0.7682
vn -0.2958 0.3752 0.8785
vn -0.2129 0.0325 0.9765
vn -0.4111 0.6062 0.6808
vn -0.3701 0.7405 0.5609
vn -0.7154 0.5441 0.4385
vn -0.5396 0.7463 0.3898
vn -0.3566 0.3556 0.8639
vn 0.3406 -0.1515 0.9279
vn 0.3469 -0.2586 0.9015
vn 0.3873 -0.3559 0.8505
vn -0.8962 -0.3285 0.2980
vn -0.8972 -0.3080 0.3163
vn -0.7599 -0.4823 0.4358
vn -0.7605 -0.4558 0.4624
vn -0.2405 -0.6845 0.6882
vn 0.0155 -0.7452 0.6667
vn 0.0158 -0.7058 0.7082
vn -0.8972 -0.3417 0.2798
vn -0.7601 -0.5048 0.4091
vn -0.2430 -0.7232 0.6464
vn 0.0140 -0.7812 0.6241
vn -0.9143 0.2881 -0.2847
vn -0.9141 0.2705 -0.3022
vn -0.7882 0.4365 -0.4339
vn -0.3315 0.6245 -0.7072
vn -0.0861 0.7034 -0.7056
vn -0.3307 0.6668 -0.6679
vn -0.9145 0.2493 -0.3187
vn -0.7885 0.4082 -0.4600
vn -0.3315 0.5766 -0.7467
vn -0.0871 0.6585 -0.7475
vn -0.8959 -0.2726 0.3507
vn -0.8963 -0.2920 0.3336
vn -0.7584 -0.4033 0.5120
vn -0.2407 -0.6408 0.7290
vn 0.0167 -0.6175 0.7864
vn -0.2408 -0.5983 0.7642
vn -0.7599 -0.4299 0.4876
vn 0.0169 -0.6619 0.7494
vn -0.9149 0.3022 -0.2678
vn -0.9122 0.3245 -0.2503
vn -0.7892 0.4601 -0.4068
vn -0.7851 0.4890 -0.3801
vn -0.3312 0.7387 -0.5871
vn -0.0854 0.7445 -0.6621
vn -0.0870 0.7799 -0.6198
vn -0.3296 0.7053 -0.6276
vn -0.9130 0.3350 -0.2329
vn -0.9115 0.3520 -0.2127
vn -0.7862 0.5070 -0.3534
vn -0.7825 0.5333 -0.3214
vn -0.3292 0.8014 -0.4994
vn -0.0881 0.8132 -0.5753
vn -0.0893 0.8465 -0.5249
vn -0.3296 0.7704 -0.5457
vn -0.8953 -0.3614 0.2605
vn -0.7581 -0.5290 0.3813
vn -0.2423 -0.7580 0.6056
vn 0.0113 -0.8148 0.5796
vn -0.8942 -0.3772 0.2408
vn -0.7565 -0.5510 0.3522
vn -0.2435 -0.7906 0.5619
vn 0.0093 -0.8476 0.5306
vn -0.8928 -0.3936 0.2192
vn -0.7548 -0.5718 0.3214
vn -0.2435 -0.8225 0.5140
vn 0.0083 -0.8781 0.4785
vn -0.8902 -0.4091 0.2006
vn -0.7467 -0.5961 0.2951
vn -0.2389 -0.8538 0.4626
vn 0.0066 -0.9030 0.4296
vn -0.9098 0.3686 -0.1907
vn -0.9055 0.3870 -0.1741
vn -0.7788 0.5576 -0.2872
vn -0.7713 0.5804 -0.2613
vn -0.3218 0.8571 -0.4022
vn -0.0893 0.8808 -0.4650
vn -0.0871 0.9034 -0.4200
vn -0.3255 0.8348 -0.4440
vn -0.8840 -0.4551 0.1069
vn -0.9232 -0.3843 -0.0051
vn -0.5330 -0.8291 0.1689
vn -0.7005 -0.7133 -0.0210
vn -0.0561 -0.9834 0.1727
vn -0.3613 -0.9318 -0.0332
vn -0.9763 -0.1954 0.0926
vn -0.7372 -0.6171 0.2753
vn -0.2367 -0.8792 0.4135
vn 0.0141 -0.9187 0.3948
vn -0.7297 -0.6284 0.2694
vn -0.2186 -0.8985 0.3808
vn -0.9044 0.3927 -0.1671
vn -0.7675 0.5895 -0.2518
vn -0.0834 0.9131 -0.3991
vn -0.3160 0.8683 -0.3823
vn -0.9140 0.2257 -0.3371
vn -0.7876 0.3777 -0.4869
vn -0.3283 0.5168 -0.7906
vn -0.0879 0.6079 -0.7891
vn -0.9089 0.2090 -0.3608
vn -0.7855 0.3376 -0.5186
vn -0.3211 0.4612 -0.8271
vn -0.0881 0.5399 -0.8371
vn -0.0833 0.4753 -0.8759
vn -0.8972 -0.2349 0.3739
vn -0.8956 -0.2540 0.3652
vn -0.7589 -0.3524 0.5477
vn -0.2394 -0.5564 0.7957
vn 0.0167 -0.5387 0.8423
vn -0.2347 -0.5199 0.8214
vn -0.7586 -0.3733 0.5340
vn 0.0165 -0.5747 0.8182
vn -0.9228 0.0133 0.3852
vn -0.6917 0.0092 0.7221
vn -0.3469 0.0031 0.9379
vn -0.9014 0.2047 -0.3816
vn -0.7744 0.3054 -0.5541
vn -0.3101 0.4297 -0.8481
vn -0.0766 0.4429 -0.8933
vn -0.7624 0.2945 -0.5762
vn -0.3140 0.4250 -0.8490
vn -0.9009 -0.2217 0.3731
vn -0.7504 -0.2965 0.5908
vn -0.2275 -0.4980 0.8368
vn 0.0211 -0.5149 0.8570
vn -0.7619 -0.3352 0.5543
vn 0.6980 -0.5062 0.5065
vn 0.6973 -0.5358 0.4761
vn 0.8574 -0.3649 0.3629
vn 0.8571 -0.3865 0.3405
vn 0.9599 -0.2003 0.1963
vn 0.9594 -0.2141 0.1838
vn 0.6943 -0.5652 0.4456
vn 0.8554 -0.4082 0.3189
vn 0.9594 -0.2236 0.1721
vn 0.6363 0.5086 -0.5801
vn 0.6369 0.5425 -0.5478
vn 0.8257 0.3711 -0.4247
vn 0.8260 0.3957 -0.4014
vn 0.9489 0.2070 -0.2381
vn 0.9491 0.2198 -0.2255
vn 0.6351 0.4688 -0.6139
vn 0.8252 0.3428 -0.4490
vn 0.9489 0.1907 -0.2513
vn 0.6970 -0.4760 0.5362
vn 0.6954 -0.4446 0.5645
vn 0.8570 -0.3428 0.3848
vn 0.8561 -0.3207 0.4052
vn 0.9596 -0.1881 0.2092
vn 0.9594 -0.1762 0.2204
vn 0.6336 0.6033 -0.4843
vn 0.6345 0.5760 -0.5154
vn 0.8243 0.4403 -0.3559
vn 0.8239 0.4225 -0.3777
vn 0.9486 0.2444 -0.2012
vn 0.9486 0.2346 -0.2124
vn 0.6280 0.6592 -0.4136
vn 0.6312 0.6309 -0.4511
vn 0.8208 0.4825 -0.3057
vn 0.8228 0.4609 -0.3324
vn 0.9472 0.2695 -0.1736
vn 0.9485 0.2551 -0.1879
vn 0.6923 -0.5902 0.4152
vn 0.8548 -0.4260 0.2964
vn 0.9588 -0.2350 0.1598
vn 0.6883 -0.6174 0.3808
vn 0.8522 -0.4467 0.2723
vn 0.9581 -0.2465 0.1461
vn 0.6814 -0.6457 0.3447
vn 0.8483 -0.4682 0.2475
vn 0.9567 -0.2592 0.1326
vn 0.6749 -0.6688 0.3119
vn 0.8427 -0.4895 0.2242
vn 0.9548 -0.2721 0.1198
vn 0.6145 0.7126 -0.3386
vn 0.6218 0.6894 -0.3716
vn 0.8124 0.5250 -0.2538
vn 0.8177 0.5048 -0.2765
vn 0.9441 0.2954 -0.1467
vn 0.9469 0.2798 -0.1583
vn 0.4237 -0.9055 0.0221
vn 0.6403 -0.7542 0.1456
vn 0.7317 -0.6815 0.0124
vn 0.8261 -0.5535 0.1053
vn 0.9316 -0.3634 0.0007
vn 0.9481 -0.3128 0.0568
vn 0.6674 -0.6865 0.2886
vn 0.8376 -0.5047 0.2091
vn 0.9528 -0.2821 0.1122
vn 0.6086 0.7246 -0.3232
vn 0.8061 0.5393 -0.2436
vn 0.9425 0.3025 -0.1419
vn 0.6310 0.4186 -0.6531
vn 0.8226 0.3049 -0.4800
vn 0.9481 0.1685 -0.2695
vn 0.6223 0.3676 -0.6911
vn 0.8163 0.2684 -0.5115
vn 0.9463 0.1467 -0.2881
vn 0.6937 -0.4143 0.5892
vn 0.6885 -0.3905 0.6112
vn 0.8547 -0.2985 0.4248
vn 0.8498 -0.2836 0.4442
vn 0.9587 -0.1641 0.2323
vn 0.9559 -0.1580 0.2477
vn 0.1488 -0.0667 0.9866
vn 0.4262 -0.0665 0.9022
vn 0.7276 -0.0577 0.6836
vn 0.9263 -0.0407 0.3746
vn 0.6555 -0.2184 0.7229
vn 0.8256 -0.1669 0.5391
vn 0.9400 -0.1060 0.3244
vn 0.6153 0.3427 -0.7099
vn 0.8123 0.2489 -0.5274
vn 0.9454 0.1330 -0.2976
vn 0.6814 -0.3764 0.6276
vn 0.8412 -0.2779 0.4639
vn 0.9503 -0.1591 0.2675
vn 0.3477 0.8289 -0.4382
vn 0.3512 0.5004 -0.7913
vn 0.1791 0.9462 0.2696
vn -0.2465 0.0662 0.9669
vn 0.3467 0.8097 -0.4735
vn 0.1983 -0.2386 -0.9507
vn -0.2294 -0.9685 -0.0973
vn 0.3536 0.4667 -0.8106
vn 0.9273 -0.3742 -0.0031
vn 0.7114 -0.7027 -0.0080
vn 0.3883 -0.9215 -0.0126
vn 0.0116 -0.3853 0.9227
vn 0.0102 -0.9244 0.3814
vn 0.0100 -0.7031 0.7110
vn -0.6896 0.2265 -0.6878
vn -0.7180 -0.1549 -0.6785
vn -0.7044 -0.0481 -0.7082
vn -0.5059 -0.6869 -0.5218
vn 0.3906 -0.0163 0.9204
vn 0.7122 -0.0101 0.7019
vn 0.9164 -0.0028 0.4002
vn -0.1582 0.7074 -0.6889
vn 0.0401 0.6875 -0.7251
vn 0.6718 0.5335 -0.5139
vn 0.4742 0.6325 -0.6124
vn -0.6886 0.6871 -0.2319
vn -0.6552 0.7536 0.0538
vn -0.2780 0.2683 0.9223
vn -0.7091 0.7050 -0.0123
vn 0.4070 0.9132 0.0205
vn 0.7324 0.6807 0.0175
vn 0.9322 0.3617 0.0122
vn 0.9659 0.2587 0.0103
vn 0.7624 0.6469 0.0169
vn 0.9917 -0.1022 -0.0780
vn 0.9296 0.0110 -0.3685
vn 0.7225 0.0157 -0.6912
vn 0.8710 0.0435 -0.4893
vn 0.6942 0.0162 -0.7196
vn 0.3939 0.0184 -0.9190
vn 0.9477 -0.2279 0.2235
vn 0.8764 -0.3423 0.3388
vn 0.6975 -0.5128 0.5005
vn 0.5981 -0.5745 0.5589
vn 0.2983 -0.6861 0.6635
vn 0.7298 -0.4898 0.4770
vn 0.6523 -0.5439 0.5279
vn -0.0003 0.9260 0.3775
vn 0.0054 0.6636 0.7481
vn 0.0094 0.3189 0.9477
vn 0.0053 0.6684 0.7438
vn 0.0079 0.4777 0.8785
vn 0.1069 0.0673 0.9920
vn -0.9930 -0.0505 0.1072
vn -0.9138 -0.0124 0.4059
vn -0.8658 -0.0141 0.5003
vn -0.6968 -0.0178 0.7170
vn -0.5530 -0.0195 0.8330
vn -0.3533 -0.0207 0.9353
vn 0.0123 -0.1328 0.9911
vn 0.3341 -0.3361 0.8806
vn 0.3627 -0.3634 0.8581
vn 0.5518 -0.5476 0.6290
vn 0.6895 -0.6797 0.2502
vn 0.4897 -0.5868 0.6449
vn 0.5964 -0.5909 0.5433
vn -0.2256 -0.9742 -0.0094
vn -0.3515 -0.9362 -0.0076
vn -0.6759 -0.7370 -0.0015
vn -0.9141 -0.4054 0.0071
vn -0.1239 -0.9794 -0.1596
vn 0.0012 -0.9102 -0.4143
vn -0.0039 -0.6774 -0.7356
vn -0.0083 -0.3504 -0.9366
vn 0.1210 -0.9857 -0.1171
vn -0.0004 -0.8580 -0.5136
vn -0.0073 -0.4399 -0.8980
vn 0.3771 -0.8592 0.3457
vn 0.4920 -0.6712 0.5545
vn 0.5865 -0.5877 0.5573
vn 0.6341 -0.4812 0.6053
vn 0.6870 -0.3044 0.6598
vn 0.2590 -0.9372 0.2336
vn 0.4205 -0.8181 0.3922
vn 0.9235 0.3835 -0.0028
vn 0.7049 0.7093 0.0062
vn 0.3794 0.9251 0.0142
vn 0.3718 0.0185 -0.9281
vn 0.6991 0.0161 -0.7149
vn 0.9196 0.0112 -0.3927
vn 0.3924 -0.6639 0.6366
vn 0.7135 -0.5081 0.4825
vn 0.9273 -0.2740 0.2550
vn 0.0086 0.3660 0.9306
vn 0.0045 0.6936 0.7204
vn -0.0003 0.9166 0.3998
vn -0.3727 -0.0185 0.9278
vn -0.6993 -0.0161 0.7147
vn -0.9195 -0.0112 0.3928
vn 0.6737 -0.6672 0.3178
vn 0.5259 -0.5237 0.6702
vn 0.2896 -0.2922 0.9115
vn -0.9216 -0.3878 0.0148
vn -0.7029 -0.7112 -0.0053
vn -0.3810 -0.9245 -0.0129
vn -0.0081 -0.3650 -0.9310
vn -0.0036 -0.6936 -0.7204
vn 0.0014 -0.9167 -0.3995
vn 0.6474 -0.4438 0.6196
vn 0.4929 -0.7374 0.4619
vn 0.2719 -0.9315 0.2418
vn -0.0084 0.9312 -0.3644
vn -0.0112 0.7214 -0.6924
vn -0.0112 0.7206 -0.6933
vn -0.0122 0.3998 -0.9165
vn 0.0102 -0.8233 0.5676
vn 0.1587 -0.8131 0.5600
vn -0.0002 -0.9167 -0.3996
vn 0.0957 -0.9117 -0.3994
vn -0.0002 -0.9165 -0.4001
vn -0.0003 -0.9167 -0.3995
vn -0.0105 -0.1440 -0.9895
vn 0.3700 0.9277 -0.0504
vn 0.9072 0.3940 -0.1475
vn 0.9065 0.3939 -0.1520
vn 0.9064 0.3939 -0.1524
vn 0.9150 -0.3648 -0.1724
vn 0.1550 0.9878 -0.0155
vn 0.9137 0.4010 -0.0660
vn 0.8061 -0.5693 -0.1617
vn -0.9740 -0.1645 0.1555
vn -0.3770 -0.9261 -0.0128
vn -0.3737 -0.9237 0.0845
vn 0.5885 -0.8082 -0.0208
vn -0.9864 -0.1641 0.0074
vn -0.3787 -0.9254 -0.0129
vn -0.3766 -0.9263 -0.0128
vn -0.3789 -0.9253 -0.0129
vn -0.3932 0.0148 -0.9193
vn -0.7152 0.0087 -0.6988
vn -0.7149 0.0087 -0.6991
vn -0.9281 0.0012 -0.3723
vn 0.5871 -0.1549 0.7945
vn -0.8204 -0.1085 0.5614
vn -0.3781 -0.1739 0.9093
vn -0.8262 -0.1071 0.5531
vn -0.3739 -0.1754 0.9107
vn -0.3738 -0.1843 0.9090
vn -0.3739 -0.1840 0.9090
vn -0.9848 -0.0356 0.1702
vn 0.0062 0.3645 0.9312
vn -0.0020 0.9835 0.1811
vn 0.0063 0.3645 0.9312
vn 0.0063 0.3652 0.9309
vn 0.0087 -0.5989 0.8008
vn -0.9260 0.3771 0.0174
vn -0.7095 0.7044 0.0209
vn -0.7108 0.7031 0.0208
vn -0.3873 0.9217 0.0211
vn 0.9301 -0.0012 0.3674
vn 0.3729 0.0275 -0.9275
vn 0.3729 0.0198 -0.9277
vn 0.9302 0.0066 0.3671
vn 0.9820 0.0153 0.1885
vn 0.5398 0.0319 -0.8412
vn 0.1812 0.0234 -0.9832
vn 0.2980 0.8944 0.3336
vn 0.3156 0.8950 0.3153
vn 0.4453 0.7581 0.4764
vn 0.4707 0.7592 0.4494
vn 0.7190 0.2326 0.6549
vn 0.7038 -0.0215 0.7101
vn 0.7440 -0.0198 0.6679
vn 0.2817 0.8929 0.3513
vn 0.4218 0.7549 0.5022
vn 0.6788 0.2365 0.6951
vn 0.6637 -0.0195 0.7478
vn -0.3153 0.9152 -0.2511
vn -0.3320 0.9143 -0.2320
vn -0.4694 0.7899 -0.3945
vn -0.7442 0.3322 -0.5794
vn -0.7423 0.0886 -0.6642
vn -0.7070 0.3336 -0.6236
vn -0.3477 0.9137 -0.2102
vn -0.4951 0.7883 -0.3653
vn -0.7810 0.3295 -0.5305
vn -0.7820 0.0871 -0.6172
vn 0.3494 0.8954 0.2759
vn 0.3337 0.8949 0.2962
vn 0.5208 0.7578 0.3932
vn 0.7557 0.2408 0.6091
vn 0.8177 -0.0174 0.5754
vn 0.7904 0.2397 0.5638
vn 0.4976 0.7575 0.4226
vn 0.7827 -0.0181 0.6222
vn -0.2986 0.9155 -0.2695
vn -0.2825 0.9157 -0.2857
vn -0.4428 0.7915 -0.4214
vn -0.4197 0.7896 -0.4476
vn -0.6301 0.3372 -0.6995
vn -0.7009 0.0909 -0.7074
vn -0.6606 0.0937 -0.7449
vn -0.6694 0.3302 -0.6655
vn -0.2657 0.9157 -0.3016
vn -0.2464 0.9154 -0.3183
vn -0.3924 0.7904 -0.4704
vn -0.3631 0.7878 -0.4975
vn -0.5440 0.3383 -0.7679
vn -0.6179 0.0956 -0.7804
vn -0.5681 0.0985 -0.8170
vn -0.5908 0.3352 -0.7339
vn 0.2636 0.8917 0.3680
vn 0.3949 0.7537 0.5253
vn 0.6396 0.2358 0.7317
vn 0.6209 -0.0202 0.7836
vn 0.2438 0.8901 0.3850
vn 0.3670 0.7499 0.5505
vn 0.5976 0.2347 0.7666
vn 0.5737 -0.0196 0.8188
vn 0.2239 0.8873 0.4032
vn 0.3370 0.7466 0.5737
vn 0.5513 0.2336 0.8009
vn 0.5238 -0.0182 0.8516
vn 0.2049 0.8836 0.4211
vn 0.3113 0.7393 0.5971
vn 0.5023 0.2310 0.8333
vn 0.4766 -0.0203 0.8789
vn -0.2251 0.9143 -0.3366
vn -0.2100 0.9113 -0.3542
vn -0.3292 0.7851 -0.5247
vn -0.3044 0.7795 -0.5475
vn -0.4514 0.3342 -0.8274
vn -0.5122 0.1002 -0.8530
vn -0.4679 0.1009 -0.8780
vn -0.4927 0.3362 -0.8027
vn 0.1144 0.8752 0.4700
vn -0.0017 0.9137 0.4065
vn 0.2016 0.5169 0.8320
vn 0.0034 0.6836 0.7298
vn 0.2221 0.0368 0.9743
vn 0.0084 0.3383 0.9410
vn 0.0841 0.9742 0.2094
vn 0.2940 0.7274 0.6200
vn 0.4547 0.2226 0.8624
vn 0.4420 -0.0270 0.8966
vn 0.2890 0.7190 0.6321
vn 0.4225 0.2055 0.8827
vn -0.2034 0.9084 -0.3652
vn -0.2957 0.7735 -0.5605
vn -0.4479 0.0969 -0.8888
vn -0.4318 0.3269 -0.8406
vn -0.3674 0.9119 -0.1831
vn -0.5210 0.7861 -0.3326
vn -0.8223 0.3251 -0.4671
vn -0.8208 0.0865 -0.5647
vn -0.3902 0.9067 -0.1603
vn -0.5511 0.7830 -0.2884
vn -0.8568 0.3153 -0.4080
vn -0.8649 0.0837 -0.4950
vn 0.3838 0.8922 0.2381
vn 0.3656 0.8949 0.2560
vn 0.5653 0.7515 0.3402
vn 0.8215 0.2418 0.5164
vn 0.8759 -0.0164 0.4823
vn 0.8513 0.2325 0.4703
vn 0.5410 0.7585 0.3632
vn 0.8493 -0.0161 0.5277
vn 0.3746 0.9271 0.0150
vn 0.7065 0.7077 -0.0020
vn 0.9290 0.3696 -0.0186
vn 0.4397 0.8878 0.1359
vn 0.8214 0.5314 0.2070
vn 0.9771 0.0412 0.2086
vn -0.4066 0.9013 -0.1497
vn -0.5852 0.7712 -0.2506
vn -0.8748 0.3054 -0.3760
vn -0.9002 0.0773 -0.4286
vn -0.9153 0.0739 -0.3960
vn -0.6046 0.7608 -0.2359
vn -0.8772 0.3078 -0.3685
vn 0.3983 0.8887 0.2270
vn 0.8713 0.2187 0.4392
vn 0.5849 0.7442 0.3226
vn 0.8931 -0.0214 0.4494
vn 0.5438 -0.6991 0.4642
vn 0.5150 -0.6994 0.4956
vn 0.3957 -0.8587 0.3256
vn 0.3750 -0.8591 0.3484
vn 0.2233 -0.9603 0.1670
vn 0.2112 -0.9609 0.1793
vn 0.4870 -0.6983 0.5246
vn 0.3545 -0.8591 0.3691
vn 0.2001 -0.9609 0.1912
vn -0.5939 -0.6357 -0.4931
vn -0.5638 -0.6342 -0.5291
vn -0.4287 -0.8248 -0.3687
vn -0.4067 -0.8240 -0.3945
vn -0.2320 -0.9482 -0.2170
vn -0.2198 -0.9478 -0.2308
vn -0.6245 -0.6356 -0.4538
vn -0.4506 -0.8254 -0.3401
vn -0.2434 -0.9489 -0.2010
vn 0.5723 -0.6976 0.4312
vn 0.5988 -0.6951 0.3978
vn 0.4163 -0.8578 0.3015
vn 0.4362 -0.8559 0.2778
vn 0.2349 -0.9598 0.1536
vn 0.2455 -0.9593 0.1399
vn -0.5034 -0.6287 -0.5927
vn -0.5332 -0.6316 -0.5629
vn -0.3637 -0.8203 -0.4414
vn -0.3847 -0.8224 -0.4192
vn -0.1970 -0.9461 -0.2571
vn -0.2077 -0.9472 -0.2441
vn -0.4360 -0.6198 -0.6525
vn -0.4720 -0.6253 -0.6215
vn -0.3157 -0.8151 -0.4858
vn -0.3413 -0.8182 -0.4627
vn -0.1708 -0.9443 -0.2814
vn -0.1842 -0.9456 -0.2681
vn 0.4563 -0.6983 0.5515
vn 0.3332 -0.8584 0.3900
vn 0.1884 -0.9608 0.2032
vn 0.4245 -0.6941 0.5814
vn 0.3101 -0.8568 0.4119
vn 0.1755 -0.9606 0.2155
vn 0.3901 -0.6900 0.6097
vn 0.2862 -0.8540 0.4345
vn 0.1625 -0.9598 0.2289
vn 0.3577 -0.6842 0.6356
vn 0.2639 -0.8498 0.4563
vn 0.1506 -0.9583 0.2427
vn -0.3640 -0.6040 -0.7090
vn -0.3955 -0.6127 -0.6842
vn -0.2658 -0.8041 -0.5317
vn -0.2878 -0.8098 -0.5113
vn -0.1451 -0.9398 -0.3094
vn -0.1560 -0.9424 -0.2958
vn 0.0762 -0.4438 0.8929
vn 0.1955 -0.6558 0.7292
vn 0.0602 -0.7496 0.6591
vn 0.1487 -0.8309 0.5361
vn 0.0343 -0.9472 0.3187
vn 0.0906 -0.9503 0.2979
vn 0.3354 -0.6766 0.6555
vn 0.2494 -0.8440 0.4748
vn 0.1433 -0.9564 0.2545
vn -0.3496 -0.5984 -0.7209
vn -0.2567 -0.7991 -0.5437
vn -0.1403 -0.9380 -0.3171
vn -0.6599 -0.6349 -0.4018
vn -0.4776 -0.8245 -0.3034
vn -0.2571 -0.9493 -0.1808
vn -0.6946 -0.6262 -0.3542
vn -0.5068 -0.8184 -0.2711
vn -0.2758 -0.9470 -0.1648
vn 0.6235 -0.6920 0.3638
vn 0.6474 -0.6855 0.3330
vn 0.4544 -0.8541 0.2531
vn 0.4742 -0.8494 0.2318
vn 0.2564 -0.9582 0.1266
vn 0.2683 -0.9565 0.1147
vn 0.9104 -0.4133 0.0181
vn 0.6900 -0.7238 0.0019
vn 0.3753 -0.9268 -0.0147
vn 0.7425 -0.6516 0.1553
vn 0.5467 -0.8307 0.1050
vn 0.3150 -0.9479 0.0474
vn -0.7124 -0.6191 -0.3306
vn -0.5235 -0.8130 -0.2551
vn -0.2883 -0.9446 -0.1571
vn 0.6641 -0.6797 0.3114
vn 0.4903 -0.8439 0.2180
vn 0.2788 -0.9543 0.1077
vn -0.4824 -0.3379 -0.8081
vn 0.8677 0.1549 -0.4723
vn -0.8073 -0.3552 -0.4712
vn 0.2377 -0.1466 -0.9602
vn 0.2370 -0.1471 -0.9603
vn 0.2375 -0.1467 -0.9602
vn 0.9604 0.2664 -0.0819
vn -0.5045 -0.3364 -0.7952
vn -0.9359 -0.2103 0.2827
vn -0.9358 -0.2104 0.2827
vn -0.2024 0.1569 0.9666
vn -0.6200 -0.3522 -0.7012
vn 0.3753 -0.3729 -0.8486
vn 0.3577 -0.3914 -0.8479
vn 0.5133 -0.5072 -0.6923
vn 0.4869 -0.5331 -0.6919
vn 0.6676 -0.7305 -0.1442
vn 0.7119 -0.6928 0.1147
vn 0.6701 -0.7334 0.1145
vn 0.3927 -0.3561 -0.8479
vn 0.5389 -0.4831 -0.6901
vn 0.7086 -0.6910 -0.1432
vn 0.7493 -0.6526 0.1126
vn -0.2114 0.2314 -0.9496
vn -0.1924 0.2482 -0.9494
vn -0.3601 0.3938 -0.8457
vn -0.5673 0.7066 -0.4229
vn -0.6630 0.7254 -0.1851
vn -0.6114 0.6692 -0.4224
vn -0.1710 0.2646 -0.9491
vn -0.3316 0.4202 -0.8447
vn -0.5182 0.7434 -0.4229
vn -0.6164 0.7655 -0.1844
vn 0.3175 -0.4243 -0.8481
vn 0.3374 -0.4081 -0.8483
vn 0.4294 -0.5819 -0.6907
vn 0.6233 -0.7688 -0.1430
vn 0.5781 -0.8079 0.1148
vn 0.5780 -0.8035 -0.1423
vn 0.4579 -0.5579 -0.6922
vn 0.6245 -0.7724 0.1159
vn -0.2289 0.2140 -0.9496
vn -0.2449 0.1977 -0.9492
vn -0.3876 0.3680 -0.8452
vn -0.4121 0.3431 -0.8441
vn -0.6868 0.5911 -0.4229
vn -0.7059 0.6837 -0.1851
vn -0.7431 0.6430 -0.1854
vn -0.6515 0.6298 -0.4230
vn -0.2603 0.1807 -0.9485
vn -0.2732 0.1631 -0.9481
vn -0.4347 0.3160 -0.8433
vn -0.4583 0.2876 -0.8410
vn -0.7533 0.5038 -0.4227
vn -0.7780 0.5998 -0.1869
vn -0.8151 0.5480 -0.1880
vn -0.7192 0.5508 -0.4235
vn 0.4088 -0.3376 -0.8478
vn 0.5614 -0.4556 -0.6908
vn 0.7447 -0.6514 -0.1452
vn 0.7849 -0.6097 0.1100
vn 0.4262 -0.3193 -0.8464
vn 0.5862 -0.4287 -0.6874
vn 0.7796 -0.6093 -0.1450
vn 0.8189 -0.5639 0.1070
vn 0.4331 -0.3006 -0.8498
vn 0.6008 -0.4026 -0.6906
vn 0.8124 -0.5643 -0.1467
vn 0.8448 -0.5248 0.1045
vn 0.4097 -0.2771 -0.8691
vn 0.5901 -0.3791 -0.7129
vn 0.8371 -0.5268 -0.1474
vn 0.8584 -0.5028 0.1012
vn -0.2785 0.1568 -0.9475
vn -0.2947 0.1715 -0.9401
vn -0.4788 0.2659 -0.8367
vn -0.5023 0.2640 -0.8234
vn -0.8162 0.4093 -0.4078
vn -0.8543 0.4842 -0.1889
vn -0.8840 0.4298 -0.1839
vn -0.7885 0.4516 -0.4175
vn 0.3783 0.0628 -0.9236
vn 0.5651 0.0587 -0.8229
vn 0.7306 0.0807 -0.6781
vn 0.9478 0.0831 -0.3077
vn 0.1192 -0.1123 -0.9865
vn 0.5460 -0.3499 -0.7612
vn 0.8487 -0.5059 -0.1540
vn 0.8636 -0.4944 0.0986
vn 0.5464 -0.3493 -0.7612
vn 0.8515 -0.4981 -0.1637
vn -0.3300 0.1921 -0.9242
vn -0.7066 0.3425 -0.6192
vn -0.8984 0.4036 -0.1729
vn -0.1428 0.2826 -0.9485
vn -0.2990 0.4460 -0.8436
vn -0.4559 0.7861 -0.4173
vn -0.5641 0.8048 -0.1844
vn -0.1212 0.3071 -0.9439
vn -0.2559 0.4779 -0.8403
vn -0.3972 0.8212 -0.4097
vn -0.4949 0.8496 -0.1822
vn 0.2795 -0.4581 -0.8438
vn 0.2973 -0.4399 -0.8474
vn 0.3761 -0.6258 -0.6833
vn 0.5310 -0.8354 -0.1420
vn 0.4855 -0.8668 0.1141
vn 0.4844 -0.8641 -0.1369
vn 0.4003 -0.6035 -0.6896
vn 0.5306 -0.8400 0.1135
vn 0.0584 -0.4550 -0.8886
vn 0.0332 -0.7666 -0.6412
vn 0.0027 -0.9580 -0.2866
vn 0.1775 -0.5143 -0.8390
vn 0.2350 -0.8624 -0.4484
vn 0.2149 -0.9751 0.0547
vn -0.1107 0.3235 -0.9397
vn -0.2184 0.5125 -0.8304
vn -0.3660 0.8407 -0.3991
vn -0.4290 0.8859 -0.1766
vn -0.3971 0.9023 -0.1681
vn -0.2039 0.5321 -0.8218
vn -0.3579 0.8420 -0.4036
vn 0.2687 -0.4730 -0.8391
vn 0.4529 -0.8835 -0.1201
vn 0.3587 -0.6453 -0.6745
vn 0.4523 -0.8836 0.1213
vn 0.4352 -0.4762 0.7641
vn 0.4663 -0.4472 0.7632
vn 0.2893 -0.3165 0.9034
vn 0.3118 -0.2953 0.9031
vn 0.1248 -0.1364 0.9828
vn 0.1374 -0.1247 0.9826
vn 0.4946 -0.4188 0.7616
vn 0.3325 -0.2748 0.9022
vn 0.1496 -0.1138 0.9822
vn -0.5242 0.6431 0.5582
vn -0.5599 0.6128 0.5576
vn -0.4073 0.4962 0.7668
vn -0.4326 0.4735 0.7672
vn -0.2600 0.3121 0.9138
vn -0.2737 0.2996 0.9140
vn -0.4849 0.6738 0.5576
vn -0.3788 0.5181 0.7669
vn -0.2447 0.3243 0.9137
vn 0.4021 -0.5047 0.7639
vn 0.3689 -0.5315 0.7625
vn 0.2650 -0.3370 0.9034
vn 0.2411 -0.3566 0.9026
vn 0.1116 -0.1483 0.9826
vn 0.0983 -0.1595 0.9823
vn -0.6223 0.5510 0.5560
vn -0.5929 0.5813 0.5572
vn -0.4787 0.4297 0.7656
vn -0.4566 0.4508 0.7670
vn -0.2993 0.2762 0.9133
vn -0.2871 0.2877 0.9137
vn -0.6838 0.4786 0.5507
vn -0.6505 0.5191 0.5544
vn -0.5255 0.3768 0.7628
vn -0.4998 0.4072 0.7645
vn -0.3272 0.2463 0.9123
vn -0.3104 0.2637 0.9133
vn 0.5232 -0.3893 0.7581
vn 0.3535 -0.2536 0.9004
vn 0.1614 -0.1019 0.9816
vn 0.5509 -0.3577 0.7540
vn 0.3750 -0.2314 0.8977
vn 0.1738 -0.0895 0.9807
vn 0.5744 -0.3312 0.7486
vn 0.3949 -0.2136 0.8936
vn 0.1880 -0.0812 0.9788
vn 0.5946 -0.3199 0.7376
vn 0.4250 -0.2139 0.8795
vn 0.2269 -0.0935 0.9694
vn -0.7658 0.3525 0.5379
vn -0.7285 0.4172 0.5434
vn -0.5993 0.2671 0.7546
vn -0.5660 0.3264 0.7570
vn -0.3811 0.1587 0.9108
vn -0.3530 0.2069 0.9124
vn 0.8925 -0.0069 0.4510
vn 0.6880 -0.0248 0.7253
vn 0.4044 -0.0393 0.9137
vn 0.6160 -0.3229 0.7186
vn 0.4683 -0.2318 0.8526
vn 0.2954 -0.1281 0.9467
vn -0.7837 0.3184 0.5333
vn -0.6038 0.2288 0.7636
vn -0.3706 0.1207 0.9209
vn -0.4333 0.7103 0.5547
vn -0.3423 0.5453 0.7651
vn -0.2249 0.3388 0.9136
vn -0.3853 0.7435 0.5466
vn -0.3096 0.5736 0.7583
vn -0.2083 0.3560 0.9110
vn 0.3356 -0.5573 0.7595
vn 0.3047 -0.5809 0.7548
vn 0.2173 -0.3761 0.9007
vn 0.1960 -0.3959 0.8971
vn 0.0852 -0.1707 0.9816
vn 0.0732 -0.1825 0.9805
vn 0.0039 -0.8698 0.4934
vn -0.0272 -0.6234 0.7814
vn -0.0545 -0.2915 0.9550
vn 0.1295 -0.6796 0.7221
vn 0.0701 -0.4698 0.8800
vn 0.0066 -0.2324 0.9726
vn -0.3616 0.7611 0.5385
vn -0.2939 0.5908 0.7513
vn -0.2006 0.3685 0.9077
vn 0.2837 -0.5987 0.7490
vn 0.1824 -0.4123 0.8926
vn 0.0667 -0.1938 0.9788
vn -0.6069 0.7488 0.2663
vn -0.4858 0.8340 0.2616
vn -0.9662 -0.2303 0.1159
vn -0.2145 -0.9632 -0.1617
vn 0.1858 0.9681 0.1683
vn 0.2000 0.9657 0.1655
vn 0.1999 0.9657 0.1655
vn 0.1856 0.9681 0.1684
vn 0.9796 0.1503 -0.1336
vn -0.8490 0.4661 0.2488
vn 0.2001 0.9657 0.1655
vn 0.8222 -0.2913 0.4890
vn 0.8656 -0.1959 0.4608
vn 0.8987 -0.1009 0.4269
vn 0.3275 -0.8431 -0.4265
vn 0.5920 -0.0449 -0.8047
vn 0.5921 -0.0453 -0.8046
vn 0.5308 -0.7286 0.4328
vn 0.5229 -0.5094 0.6835
vn -0.0043 0.9977 0.0670
vn 0.7086 -0.6952 -0.1208
vn -0.2096 0.7891 -0.5774
vn -0.5332 -0.2179 -0.8175
vn 0.8691 0.2944 -0.3975
vn 0.3870 -0.9039 -0.1823
vn -0.7992 0.3925 -0.4552
vn 0.6688 0.2740 0.6911
vn -0.4696 0.7910 -0.3921
vn -0.5911 -0.4743 0.6524
vn 0.4388 -0.0143 0.8985
vn -0.0295 -0.2874 -0.9573
vn -0.8804 0.0406 0.4724
vn 0.5682 0.5909 -0.5727
vn 0.4282 0.1700 0.8875
vn 0.8266 -0.5628 -0.0068
vn 0.7340 -0.2017 0.6486
vn -0.5064 -0.8052 0.3084
vn 0.3606 -0.8634 0.3529
vn -0.6231 0.2226 -0.7498
vn -0.8130 0.5140 0.2735
vn 0.1974 0.6013 -0.7743
vn -0.0749 -0.7898 0.6087
vn 0.6047 0.1357 0.7848
vn -0.3458 0.4732 0.8102
vn -0.0759 0.4975 -0.8641
vn -0.0003 -0.9168 -0.3995
vn -0.9865 -0.1635 0.0073
vt 0.448686 0.293482
vt 0.454072 0.294569
vt 0.451449 0.297118
vt 0.523929 0.015985
vt 0.536304 0.017580
vt 0.524099 0.018425
vt 0.457023 0.298085
vt 0.462844 0.298939
vt 0.460166 0.301459
vt 0.562555 0.040464
vt 0.574199 0.038477
vt 0.574241 0.040873
vt 0.466863 0.307618
vt 0.467517 0.312749
vt 0.464161 0.310081
vt 0.511783 0.017259
vt 0.511973 0.019701
vt 0.513048 0.043112
vt 0.499709 0.042817
vt 0.512818 0.040723
vt 0.537893 0.040857
vt 0.550255 0.038049
vt 0.550365 0.040445
vt 0.460796 0.307137
vt 0.457505 0.303962
vt 0.466178 0.302157
vt 0.463477 0.304654
vt 0.585544 0.039277
vt 0.585549 0.041677
vt 0.593867 0.017287
vt 0.582958 0.018503
vt 0.582915 0.016058
vt 0.571816 0.015237
vt 0.560442 0.017247
vt 0.560345 0.014805
vt 0.597336 0.040589
vt 0.597301 0.042988
vt 0.612860 0.042953
vt 0.612793 0.045342
vt 0.616313 0.021052
vt 0.604916 0.021406
vt 0.604933 0.018950
vt 0.470237 0.310307
vt 0.470893 0.315165
vt 0.634705 0.046797
vt 0.634622 0.049184
vt 0.660102 0.051375
vt 0.659872 0.053685
vt 0.627898 0.023424
vt 0.616272 0.023515
vt 0.477200 0.315025
vt 0.477976 0.319424
vt 0.474352 0.317375
vt 0.499660 0.018921
vt 0.499867 0.021369
vt 0.487111 0.020994
vt 0.487340 0.023454
vt 0.482118 0.049087
vt 0.456097 0.052946
vt 0.481784 0.046757
vt 0.459680 0.295543
vt 0.473771 0.023563
vt 0.474048 0.026028
vt 0.460246 0.026685
vt 0.460728 0.029068
vt 0.456386 0.055239
vt 0.425786 0.059150
vt 0.448118 0.285932
vt 0.453798 0.288060
vt 0.451237 0.290779
vt 0.536450 0.020011
vt 0.524269 0.020859
vt 0.561455 0.027624
vt 0.571988 0.020437
vt 0.573039 0.028039
vt 0.562478 0.038069
vt 0.574155 0.036072
vt 0.585503 0.036545
vt 0.595604 0.030132
vt 0.597323 0.037858
vt 0.512164 0.022138
vt 0.500075 0.023814
vt 0.537749 0.038460
vt 0.525055 0.036946
vt 0.537606 0.036059
vt 0.550144 0.035646
vt 0.525236 0.039347
vt 0.512587 0.038325
vt 0.548505 0.017200
vt 0.571886 0.017679
vt 0.560537 0.019683
vt 0.571956 0.020115
vt 0.597371 0.038183
vt 0.574123 0.035749
vt 0.584248 0.028847
vt 0.593880 0.019736
vt 0.582999 0.020941
vt 0.593891 0.022178
vt 0.634788 0.044406
vt 0.608876 0.032187
vt 0.612827 0.040227
vt 0.604896 0.023856
vt 0.627847 0.025896
vt 0.616228 0.025977
vt 0.660159 0.049075
vt 0.512177 0.022460
vt 0.524658 0.028848
vt 0.512372 0.030172
vt 0.499415 0.040424
vt 0.481444 0.044424
vt 0.487570 0.025907
vt 0.474321 0.028476
vt 0.499749 0.032055
vt 0.487512 0.026244
vt 0.500076 0.024139
vt 0.455799 0.050670
vt 0.425969 0.056433
vt 0.461028 0.031425
vt 0.525418 0.041739
vt 0.440686 0.040199
vt 0.460400 0.029212
vt 0.441790 0.042005
vt 0.460595 0.029295
vt 0.525036 0.036622
vt 0.512570 0.038000
vt 0.562400 0.035667
vt 0.537583 0.035735
vt 0.444378 0.279435
vt 0.450246 0.282272
vt 0.454382 0.300611
vt 0.481502 0.044094
vt 0.465121 0.039871
vt 0.484536 0.035152
vt 0.492938 0.323621
vt 0.500085 0.324848
vt 0.492921 0.324421
vt 0.499776 0.325634
vt 0.492902 0.325221
vt 0.583035 0.021264
vt 0.548384 0.014759
vt 0.524287 0.021180
vt 0.537021 0.027978
vt 0.548625 0.019635
vt 0.440269 0.272161
vt 0.445478 0.273557
vt 0.440577 0.281010
vt 0.443248 0.285326
vt 0.461127 0.031719
vt 0.474152 0.028835
vt 0.455994 0.050329
vt 0.443368 0.043829
vt 0.481512 0.317448
vt 0.481808 0.321341
vt 0.472979 0.307855
vt 0.473629 0.312746
vt 0.585539 0.036870
vt 0.616454 0.026338
vt 0.625480 0.035193
vt 0.469585 0.305142
vt 0.476390 0.310318
vt 0.549374 0.027588
vt 0.550119 0.035323
vt 0.500001 0.045199
vt 0.589948 0.193340
vt 0.633707 0.183044
vt 0.590817 0.194208
vt 0.499410 0.040099
vt 0.486919 0.320264
vt 0.485518 0.323041
vt 0.492113 0.319370
vt 0.492804 0.323513
vt 0.634562 0.044053
vt 0.643614 0.038658
vt 0.659455 0.048634
vt 0.627699 0.028666
vt 0.440163 0.272032
vt 0.439062 0.263354
vt 0.439897 0.263176
vt 0.445985 0.289580
vt 0.439358 0.272016
vt 0.438218 0.263557
vt 0.604996 0.024191
vt 0.536158 0.015140
vt 0.562371 0.035344
vt 0.593938 0.022504
vt 0.485763 0.323981
vt 0.485527 0.323131
vt 0.480074 0.312676
vt 0.612927 0.040559
vt 0.485995 0.324833
vt 0.560566 0.020004
vt 0.548651 0.019956
vt 0.536471 0.020332
vt 0.456710 0.292004
vt 0.485069 0.315507
vt 0.676552 0.134225
vt 0.601727 0.092739
vt 0.695698 0.138552
vt 0.519680 0.103003
vt 0.552985 0.142417
vt 0.552184 0.143148
vt 0.523652 0.104804
vt 0.553788 0.141689
vt 0.584668 0.170079
vt 0.591523 0.134208
vt 0.616731 0.148219
vt 0.535285 0.281588
vt 0.489729 0.210577
vt 0.494937 0.209480
vt 0.633433 0.181582
vt 0.683050 0.175694
vt 0.556387 0.231062
vt 0.535241 0.275572
vt 0.555301 0.230654
vt 0.594946 0.116298
vt 0.648763 0.126381
vt 0.571088 0.290181
vt 0.650126 0.252673
vt 0.557384 0.304836
vt 0.495727 0.129052
vt 0.536977 0.159626
vt 0.496941 0.131336
vt 0.592979 0.234507
vt 0.630529 0.234052
vt 0.593485 0.272055
vt 0.567510 0.188905
vt 0.536229 0.160418
vt 0.701368 0.158760
vt 0.654101 0.256774
vt 0.488494 0.110445
vt 0.483910 0.211794
vt 0.481814 0.091853
vt 0.538635 0.300359
vt 0.646291 0.248725
vt 0.683194 0.175907
vt 0.686716 0.173581
vt 0.578958 0.237287
vt 0.590689 0.194338
vt 0.580043 0.237494
vt 0.582522 0.179678
vt 0.540331 0.146498
vt 0.546523 0.144707
vt 0.602618 0.087591
vt 0.715871 0.143211
vt 0.589691 0.193221
vt 0.634693 0.175538
vt 0.633453 0.181379
vt 0.571738 0.289459
vt 0.644882 0.247359
vt 0.476043 0.096570
vt 0.455374 0.146625
vt 0.443365 0.111236
vt 0.575851 0.186678
vt 0.540157 0.146691
vt 0.581154 0.185190
vt 0.631246 0.163670
vt 0.626973 0.159219
vt 0.573080 0.238835
vt 0.578756 0.237314
vt 0.635958 0.168963
vt 0.715982 0.143585
vt 0.635885 0.168707
vt 0.569838 0.188450
vt 0.568677 0.188765
vt 0.495501 0.129204
vt 0.496639 0.208947
vt 0.495258 0.209394
vt 0.500813 0.096992
vt 0.482039 0.091538
vt 0.535090 0.277993
vt 0.535134 0.280725
vt 0.557475 0.231468
vt 0.535347 0.277986
vt 0.585338 0.189045
vt 0.566619 0.240439
vt 0.581377 0.185246
vt 0.495222 0.128407
vt 0.538852 0.153044
vt 0.537799 0.158654
vt 0.583840 0.173830
vt 0.542686 0.320105
vt 0.680040 0.177794
vt 0.633977 0.184494
vt 0.583805 0.173548
vt 0.584062 0.172365
vt 0.600845 0.097694
vt 0.672726 0.134256
vt 0.600420 0.099223
vt 0.445040 0.171652
vt 0.477719 0.156987
vt 0.479394 0.217403
vt 0.519799 0.102776
vt 0.521923 0.103785
vt 0.583989 0.173588
vt 0.626215 0.157948
vt 0.626834 0.159064
vt 0.566364 0.240366
vt 0.561718 0.235774
vt 0.537728 0.158836
vt 0.568629 0.188592
vt 0.542327 0.319928
vt 0.410687 0.125901
vt 0.581309 0.185029
vt 0.584312 0.171226
vt 0.600003 0.100737
vt 0.523743 0.104605
vt 0.670180 0.134319
vt 0.581128 0.237697
vt 0.680158 0.177969
vt 0.573137 0.287267
vt 0.643502 0.246009
vt 0.496724 0.131463
vt 0.498009 0.208506
vt 0.567557 0.189072
vt 0.535025 0.275579
vt 0.687423 0.172928
vt 0.646540 0.248975
vt 0.571497 0.289321
vt 0.572914 0.287121
vt 0.574182 0.285235
vt 0.591654 0.195044
vt 0.570071 0.188290
vt 0.566397 0.189665
vt 0.531152 0.198962
vt 0.533076 0.170164
vt 0.513554 0.203603
vt 0.499786 0.150683
vt 0.552001 0.143226
vt 0.519003 0.102537
vt 0.562887 0.138132
vt 0.541128 0.106216
vt 0.584238 0.172403
vt 0.625595 0.156834
vt 0.630040 0.196486
vt 0.667572 0.196049
vt 0.592472 0.196923
vt 0.617856 0.221688
vt 0.557634 0.231597
vt 0.546851 0.223110
vt 0.527323 0.256523
vt 0.497943 0.133329
vt 0.600923 0.097365
vt 0.672722 0.134495
vt 0.675709 0.134365
vt 0.670182 0.134538
vt 0.477066 0.262927
vt 0.481773 0.265699
vt 0.478478 0.267251
vt 0.504415 0.053371
vt 0.516811 0.053521
vt 0.504867 0.055700
vt 0.483421 0.269956
vt 0.488626 0.272602
vt 0.485313 0.274133
vt 0.545630 0.075713
vt 0.558314 0.073224
vt 0.558421 0.075879
vt 0.489735 0.282041
vt 0.488779 0.287116
vt 0.486411 0.283545
vt 0.493138 0.056115
vt 0.493617 0.058325
vt 0.496280 0.079483
vt 0.484587 0.079596
vt 0.496007 0.077330
vt 0.519957 0.076744
vt 0.532511 0.073506
vt 0.532696 0.076000
vt 0.484128 0.279704
vt 0.482010 0.275658
vt 0.490764 0.276668
vt 0.487443 0.278188
vt 0.571057 0.073826
vt 0.571111 0.076546
vt 0.579658 0.048254
vt 0.567169 0.050372
vt 0.566944 0.047591
vt 0.554347 0.047572
vt 0.542027 0.050795
vt 0.541694 0.048164
vt 0.584591 0.075096
vt 0.584589 0.077871
vt 0.602769 0.077607
vt 0.602739 0.080425
vt 0.606365 0.051612
vt 0.592822 0.052490
vt 0.592727 0.049590
vt 0.492113 0.285630
vt 0.491249 0.290451
vt 0.628800 0.081554
vt 0.628789 0.084409
vt 0.659651 0.085970
vt 0.659657 0.088844
vt 0.620366 0.054513
vt 0.606359 0.054558
vt 0.497302 0.292251
vt 0.496695 0.296690
vt 0.493866 0.293616
vt 0.482565 0.059213
vt 0.483057 0.061302
vt 0.472374 0.062660
vt 0.472871 0.064637
vt 0.470432 0.085460
vt 0.450717 0.089897
vt 0.470076 0.083614
vt 0.486728 0.268412
vt 0.462261 0.066461
vt 0.462782 0.068338
vt 0.452380 0.070704
vt 0.453041 0.072423
vt 0.451003 0.091551
vt 0.430748 0.095368
vt 0.479027 0.255674
vt 0.483628 0.259505
vt 0.480344 0.261221
vt 0.517207 0.055953
vt 0.505297 0.058023
vt 0.543902 0.061921
vt 0.554956 0.053339
vt 0.556605 0.061706
vt 0.545481 0.073132
vt 0.558191 0.070560
vt 0.570942 0.070721
vt 0.582304 0.063051
vt 0.584522 0.071921
vt 0.494072 0.060530
vt 0.483527 0.063389
vt 0.519742 0.074349
vt 0.507257 0.073361
vt 0.519506 0.071948
vt 0.532309 0.071005
vt 0.507522 0.075649
vt 0.495709 0.075169
vt 0.529312 0.051877
vt 0.554630 0.050283
vt 0.542342 0.053418
vt 0.554897 0.052984
vt 0.584584 0.072312
vt 0.558145 0.070202
vt 0.569231 0.062047
vt 0.579820 0.051097
vt 0.567379 0.053141
vt 0.579967 0.053927
vt 0.628807 0.078703
vt 0.597831 0.065053
vt 0.602670 0.074409
vt 0.592903 0.055377
vt 0.620089 0.057439
vt 0.606340 0.057477
vt 0.659645 0.083095
vt 0.494116 0.060822
vt 0.506392 0.065647
vt 0.495012 0.067817
vt 0.484242 0.077577
vt 0.469700 0.081764
vt 0.473348 0.066613
vt 0.463287 0.070206
vt 0.484008 0.070473
vt 0.473339 0.066916
vt 0.483559 0.063673
vt 0.450409 0.088248
vt 0.430868 0.094517
vt 0.453677 0.074101
vt 0.507765 0.077931
vt 0.439377 0.083057
vt 0.440427 0.084137
vt 0.441461 0.085227
vt 0.507227 0.073059
vt 0.495679 0.074879
vt 0.545314 0.070545
vt 0.519470 0.071623
vt 0.477712 0.248428
vt 0.482188 0.252951
vt 0.480123 0.271494
vt 0.469734 0.081477
vt 0.457022 0.079523
vt 0.471659 0.074286
vt 0.642181 0.066621
vt 0.661766 0.080868
vt 0.640960 0.068990
vt 0.659719 0.082891
vt 0.639734 0.071353
vt 0.567441 0.053503
vt 0.528936 0.049336
vt 0.505346 0.058327
vt 0.518457 0.063894
vt 0.529668 0.054411
vt 0.476284 0.240354
vt 0.480549 0.243302
vt 0.473908 0.248697
vt 0.474810 0.253530
vt 0.453739 0.074184
vt 0.463236 0.070560
vt 0.450643 0.087897
vt 0.442023 0.085135
vt 0.500694 0.295889
vt 0.499779 0.299741
vt 0.495468 0.284138
vt 0.494594 0.288987
vt 0.570990 0.071096
vt 0.606567 0.057981
vt 0.617424 0.068153
vt 0.493076 0.280529
vt 0.497961 0.287519
vt 0.531075 0.062649
vt 0.532268 0.070670
vt 0.484908 0.081604
vt 0.459050 0.279989
vt 0.464411 0.281227
vt 0.461703 0.283704
vt 0.484215 0.077281
vt 0.505100 0.300266
vt 0.502891 0.302660
vt 0.510371 0.300743
vt 0.509885 0.304948
vt 0.628516 0.078303
vt 0.639057 0.071461
vt 0.658706 0.082645
vt 0.619783 0.060432
vt 0.430505 0.094978
vt 0.429471 0.094758
vt 0.475855 0.258387
vt 0.431299 0.095121
vt 0.593027 0.055797
vt 0.516395 0.051080
vt 0.545270 0.070200
vt 0.580043 0.054302
vt 0.500760 0.290884
vt 0.602794 0.074789
vt 0.619809 0.060294
vt 0.542400 0.053765
vt 0.529724 0.054744
vt 0.517260 0.056271
vt 0.485077 0.264142
vt 0.504701 0.295087
vt 0.573171 0.364001
vt 0.561093 0.362348
vt 0.573019 0.361617
vt 0.467258 0.284848
vt 0.473074 0.285908
vt 0.470291 0.288341
vt 0.535798 0.339721
vt 0.524382 0.341415
vt 0.524395 0.339066
vt 0.476757 0.294774
vt 0.477202 0.299931
vt 0.473955 0.297127
vt 0.585044 0.362800
vt 0.584862 0.360416
vt 0.583887 0.337663
vt 0.596836 0.338018
vt 0.584097 0.339985
vt 0.559764 0.339675
vt 0.547728 0.342258
vt 0.547654 0.339928
vt 0.470707 0.294051
vt 0.467535 0.290752
vt 0.476297 0.289272
vt 0.473489 0.291669
vt 0.513255 0.340357
vt 0.513323 0.338000
vt 0.504767 0.362039
vt 0.515498 0.360870
vt 0.515521 0.363266
vt 0.526367 0.364195
vt 0.537510 0.362386
vt 0.537572 0.364775
vt 0.501627 0.338696
vt 0.501784 0.336339
vt 0.486101 0.335877
vt 0.486345 0.333569
vt 0.481919 0.359176
vt 0.493644 0.358220
vt 0.493672 0.360651
vt 0.480020 0.297603
vt 0.480479 0.302488
vt 0.464285 0.331672
vt 0.464531 0.329411
vt 0.438971 0.327507
vt 0.439009 0.325076
vt 0.469994 0.357423
vt 0.481915 0.356730
vt 0.486813 0.302610
vt 0.487415 0.307202
vt 0.483853 0.304866
vt 0.596865 0.361154
vt 0.596653 0.358769
vt 0.608999 0.359001
vt 0.608756 0.356615
vt 0.613972 0.331879
vt 0.639655 0.327567
vt 0.614296 0.334176
vt 0.470012 0.282382
vt 0.621753 0.356285
vt 0.621485 0.353898
vt 0.634851 0.353212
vt 0.634569 0.350824
vt 0.639312 0.325283
vt 0.669598 0.319581
vt 0.458709 0.272446
vt 0.464328 0.274678
vt 0.461681 0.277349
vt 0.560973 0.359973
vt 0.572866 0.359240
vt 0.536663 0.352245
vt 0.526264 0.359107
vt 0.525338 0.351655
vt 0.535829 0.342054
vt 0.524374 0.343774
vt 0.513216 0.343050
vt 0.503107 0.349231
vt 0.501503 0.341394
vt 0.584679 0.358039
vt 0.596440 0.356391
vt 0.559880 0.342003
vt 0.572192 0.343576
vt 0.559996 0.344337
vt 0.547803 0.344596
vt 0.572032 0.341242
vt 0.584307 0.342316
vt 0.549172 0.362588
vt 0.526329 0.361805
vt 0.537450 0.360004
vt 0.526291 0.359421
vt 0.501468 0.341072
vt 0.524399 0.344092
vt 0.514338 0.350678
vt 0.504746 0.359629
vt 0.515478 0.358477
vt 0.504728 0.357217
vt 0.464028 0.333919
vt 0.489761 0.347005
vt 0.485932 0.338517
vt 0.493621 0.355787
vt 0.470155 0.355052
vt 0.481910 0.354295
vt 0.439331 0.330111
vt 0.584666 0.357725
vt 0.572532 0.351454
vt 0.584493 0.350226
vt 0.597108 0.340346
vt 0.614622 0.336480
vt 0.608512 0.354234
vt 0.621217 0.351515
vt 0.596767 0.348418
vt 0.608569 0.353906
vt 0.596439 0.356075
vt 0.639998 0.329856
vt 0.669842 0.321861
vt 0.634284 0.348435
vt 0.571872 0.338918
vt 0.451066 0.258912
vt 0.450819 0.267268
vt 0.450283 0.258934
vt 0.449973 0.267072
vt 0.449499 0.258958
vt 0.572208 0.343890
vt 0.584321 0.342631
vt 0.535864 0.344396
vt 0.560015 0.344651
vt 0.455223 0.266028
vt 0.460895 0.268852
vt 0.464528 0.287291
vt 0.614564 0.336808
vt 0.630585 0.340627
vt 0.611539 0.345376
vt 0.452323 0.345371
vt 0.437227 0.331705
vt 0.453218 0.343516
vt 0.439271 0.330257
vt 0.454106 0.341666
vt 0.515446 0.358162
vt 0.549261 0.364975
vt 0.572851 0.358927
vt 0.560489 0.352202
vt 0.549083 0.360208
vt 0.451172 0.259041
vt 0.456259 0.260329
vt 0.451750 0.267468
vt 0.454001 0.271708
vt 0.634176 0.348147
vt 0.621396 0.351159
vt 0.639806 0.330216
vt 0.651768 0.335272
vt 0.491159 0.305236
vt 0.491210 0.309603
vt 0.482860 0.295266
vt 0.483313 0.300181
vt 0.513189 0.342728
vt 0.481730 0.353950
vt 0.473000 0.343864
vt 0.479582 0.292413
vt 0.486166 0.297865
vt 0.548449 0.352447
vt 0.547824 0.344911
vt 0.596566 0.335702
vt 0.597111 0.340663
vt 0.496828 0.308336
vt 0.494998 0.311958
vt 0.502426 0.307095
vt 0.503114 0.311723
vt 0.464221 0.334240
vt 0.454513 0.341625
vt 0.439896 0.330453
vt 0.470212 0.352379
vt 0.449790 0.250598
vt 0.450665 0.250442
vt 0.456495 0.276020
vt 0.448997 0.250860
vt 0.493528 0.355457
vt 0.561213 0.364734
vt 0.535887 0.344712
vt 0.504684 0.356898
vt 0.469824 0.354916
vt 0.469663 0.357262
vt 0.489778 0.300352
vt 0.485848 0.338194
vt 0.469983 0.352597
vt 0.537426 0.359691
vt 0.549062 0.359895
vt 0.560955 0.359661
vt 0.467140 0.278725
vt 0.494892 0.303274
vt 0.500343 0.324033
vt 0.500335 0.324007
vt 0.500363 0.324037
vt 0.500300 0.324004
vt 0.500303 0.323979
vt 0.500358 0.324006
vt 0.500326 0.323983
vt 0.500202 0.323916
vt 0.500195 0.323942
vt 0.500152 0.323913
vt 0.500263 0.323927
vt 0.500258 0.323949
vt 0.500249 0.323973
vt 0.500310 0.323961
vt 0.659827 0.053736
vt 0.659731 0.053727
vt 0.659926 0.053682
vt 0.659888 0.053742
vt 0.659717 0.053776
vt 0.659570 0.053757
vt 0.500348 0.323985
vt 0.459928 0.026762
vt 0.459995 0.026805
vt 0.459922 0.026843
vt 0.440531 0.280973
vt 0.440510 0.280982
vt 0.440509 0.280953
vt 0.460002 0.026726
vt 0.460083 0.026762
vt 0.460018 0.026660
vt 0.460071 0.026695
vt 0.440545 0.281013
vt 0.440552 0.280993
vt 0.440562 0.281030
vt 0.440538 0.281029
vt 0.440529 0.280996
vt 0.440528 0.281013
vt 0.460171 0.026720
vt 0.460205 0.026629
vt 0.460136 0.026663
vt 0.460156 0.026591
vt 0.460063 0.026656
vt 0.460102 0.026622
vt 0.439925 0.263186
vt 0.439926 0.263221
vt 0.439897 0.263144
vt 0.439927 0.263163
vt 0.439953 0.263220
vt 0.439957 0.263275
vt 0.439949 0.263196
vt 0.426079 0.061536
vt 0.426128 0.061587
vt 0.426024 0.061536
vt 0.426221 0.061574
vt 0.426239 0.061622
vt 0.426066 0.061594
vt 0.425995 0.061538
vt 0.439947 0.263174
vt 0.439987 0.263330
vt 0.440013 0.263323
vt 0.440015 0.263374
vt 0.439982 0.263266
vt 0.440003 0.263261
vt 0.439970 0.263213
vt 0.499747 0.325657
vt 0.499712 0.325653
vt 0.499805 0.325642
vt 0.499768 0.325660
vt 0.499695 0.325672
vt 0.499637 0.325671
vt 0.499723 0.325672
vt 0.660098 0.048981
vt 0.660214 0.049072
vt 0.659998 0.048969
vt 0.659972 0.048889
vt 0.660161 0.048983
vt 0.660052 0.048912
vt 0.659648 0.048677
vt 0.659613 0.048736
vt 0.499633 0.325690
vt 0.499558 0.325688
vt 0.659821 0.048793
vt 0.659805 0.048852
vt 0.499697 0.325688
vt 0.425914 0.056279
vt 0.426035 0.056271
vt 0.425874 0.056349
vt 0.426107 0.056204
vt 0.426174 0.056217
vt 0.425996 0.056320
vt 0.426116 0.056264
vt 0.426491 0.056111
vt 0.426465 0.056070
vt 0.426623 0.056034
vt 0.407536 0.225281
vt 0.407524 0.225221
vt 0.407731 0.225192
vt 0.426326 0.056168
vt 0.426292 0.056134
vt 0.426193 0.056253
vt 0.426061 0.056330
vt 0.426167 0.056328
vt 0.425864 0.056390
vt 0.426346 0.056221
vt 0.589907 0.193364
vt 0.589877 0.193316
vt 0.589869 0.193395
vt 0.589849 0.193333
vt 0.589795 0.193288
vt 0.589827 0.193354
vt 0.589797 0.193309
vt 0.589790 0.193405
vt 0.589839 0.193434
vt 0.589816 0.193476
vt 0.589761 0.193325
vt 0.589807 0.193376
vt 0.589758 0.193287
vt 0.589734 0.193255
vt 0.589727 0.193263
vt 0.495630 0.129028
vt 0.495538 0.128858
vt 0.495505 0.128856
vt 0.495401 0.128722
vt 0.495370 0.128665
vt 0.495450 0.128872
vt 0.495523 0.129095
vt 0.495344 0.128641
vt 0.495434 0.128882
vt 0.686589 0.173355
vt 0.686856 0.173289
vt 0.686671 0.173387
vt 0.687307 0.173013
vt 0.687250 0.173021
vt 0.686733 0.173488
vt 0.686933 0.173323
vt 0.686881 0.173312
vt 0.686915 0.173318
vt 0.687047 0.173185
vt 0.687148 0.173129
vt 0.571530 0.289410
vt 0.571409 0.289575
vt 0.571432 0.289616
vt 0.571350 0.289770
vt 0.571305 0.289841
vt 0.571467 0.289666
vt 0.571638 0.289476
vt 0.571479 0.289681
vt 0.571282 0.289902
vt 0.571328 0.289809
vt 0.571456 0.289637
vt 0.571575 0.289457
vt 0.675744 0.134297
vt 0.675915 0.134320
vt 0.675755 0.134243
vt 0.675951 0.134239
vt 0.675939 0.134274
vt 0.676085 0.134249
vt 0.676119 0.134260
vt 0.675696 0.134126
vt 0.675980 0.134216
vt 0.675742 0.134190
vt 0.676002 0.134204
vt 0.676260 0.134237
vt 0.676159 0.134247
vt 0.676355 0.134253
vt 0.676418 0.134227
vt 0.569862 0.188283
vt 0.569813 0.188310
vt 0.569789 0.188271
vt 0.569936 0.188315
vt 0.569879 0.188311
vt 0.569888 0.188340
vt 0.569831 0.188355
vt 0.569923 0.188330
vt 0.569960 0.188346
vt 0.569981 0.188314
vt 0.570020 0.188309
vt 0.570017 0.188299
vt 0.569947 0.188298
vt 0.569839 0.188403
vt 0.569895 0.188402
vt 0.569895 0.188369
vt 0.569942 0.188337
vt 0.535341 0.280990
vt 0.535326 0.280790
vt 0.535397 0.280736
vt 0.535288 0.281182
vt 0.535302 0.281011
vt 0.535206 0.280789
vt 0.535231 0.281037
vt 0.535266 0.280806
vt 0.535248 0.281033
vt 0.535286 0.281223
vt 0.535275 0.281308
vt 0.535272 0.281015
vt 0.535282 0.281146
vt 0.583942 0.173648
vt 0.583941 0.173592
vt 0.583880 0.173699
vt 0.583910 0.173649
vt 0.583893 0.173586
vt 0.583872 0.173680
vt 0.583880 0.173644
vt 0.583846 0.173775
vt 0.583858 0.173694
vt 0.583860 0.173738
vt 0.583856 0.173778
vt 0.583890 0.173716
vt 0.583846 0.173571
vt 0.583822 0.173622
vt 0.583851 0.173637
vt 0.583841 0.173705
vt 0.519481 0.102802
vt 0.519662 0.102917
vt 0.519479 0.102835
vt 0.519319 0.102695
vt 0.519332 0.102702
vt 0.519714 0.102814
vt 0.519500 0.102728
vt 0.519674 0.102859
vt 0.519494 0.102775
vt 0.519493 0.102747
vt 0.519248 0.102649
vt 0.542557 0.320196
vt 0.542593 0.320075
vt 0.476090 0.096608
vt 0.476081 0.096604
vt 0.476093 0.096571
vt 0.542447 0.320171
vt 0.542502 0.320038
vt 0.476061 0.096558
vt 0.476062 0.096589
vt 0.542171 0.320163
vt 0.542315 0.320198
vt 0.542273 0.320375
vt 0.476077 0.096562
vt 0.476072 0.096543
vt 0.542415 0.319988
vt 0.542257 0.319979
vt 0.542352 0.320104
vt 0.542222 0.320038
vt 0.542424 0.320229
vt 0.715901 0.143162
vt 0.716001 0.143267
vt 0.715911 0.143305
vt 0.715961 0.143128
vt 0.715940 0.143396
vt 0.716075 0.143259
vt 0.716045 0.143358
vt 0.479407 0.217422
vt 0.479382 0.217412
vt 0.479412 0.217397
vt 0.479427 0.217424
vt 0.479404 0.217436
vt 0.479377 0.217415
vt 0.479422 0.217433
vt 0.715961 0.143489
vt 0.716058 0.143605
vt 0.716057 0.143459
vt 0.716114 0.143572
vt 0.716089 0.143344
vt 0.716121 0.143418
vt 0.581317 0.185242
vt 0.581370 0.185187
vt 0.581261 0.185231
vt 0.581316 0.185188
vt 0.581357 0.185133
vt 0.581280 0.185153
vt 0.581310 0.185145
vt 0.581186 0.185141
vt 0.581207 0.185214
vt 0.581222 0.185100
vt 0.581232 0.185167
vt 0.581273 0.185184
vt 0.581291 0.185107
vt 0.581262 0.185063
vt 0.581337 0.185081
vt 0.581257 0.185132
vt 0.481716 0.091834
vt 0.481867 0.091766
vt 0.481628 0.091774
vt 0.481773 0.091681
vt 0.481921 0.091688
vt 0.481727 0.091602
vt 0.481829 0.091593
vt 0.481589 0.091384
vt 0.481721 0.091496
vt 0.481519 0.091638
vt 0.481831 0.091266
vt 0.481828 0.091491
vt 0.481789 0.091554
vt 0.481899 0.091529
vt 0.482026 0.091455
vt 0.481978 0.091612
vt 0.680033 0.177874
vt 0.679968 0.177859
vt 0.680125 0.177860
vt 0.680073 0.177894
vt 0.679985 0.177919
vt 0.679908 0.177922
vt 0.680026 0.177923
vt 0.680075 0.177939
vt 0.680144 0.177898
vt 0.680056 0.178006
vt 0.680010 0.177961
vt 0.679854 0.177983
vt 0.679887 0.178041
vt 0.681105 0.178458
vt 0.679939 0.177974
vt 0.679969 0.178027
vt 0.591673 0.195085
vt 0.591616 0.195070
vt 0.591687 0.195126
vt 0.591637 0.195107
vt 0.591584 0.195099
vt 0.591654 0.195210
vt 0.591695 0.195168
vt 0.590260 0.193769
vt 0.591612 0.195201
vt 0.591653 0.195167
vt 0.591555 0.195131
vt 0.591571 0.195188
vt 0.591530 0.195169
vt 0.591593 0.195151
vt 0.574266 0.285227
vt 0.574221 0.285294
vt 0.574250 0.285159
vt 0.574313 0.285176
vt 0.574288 0.285268
vt 0.574317 0.285218
vt 0.574438 0.285073
vt 0.574377 0.285039
vt 0.574996 0.286178
vt 0.574424 0.285158
vt 0.574369 0.285128
vt 0.574314 0.285096
vt 0.574356 0.285201
vt 0.574367 0.285356
vt 0.574335 0.285269
vt 0.574404 0.285249
vt 0.574293 0.285342
vt 0.567530 0.188945
vt 0.567474 0.188931
vt 0.567544 0.188985
vt 0.567495 0.188967
vt 0.567443 0.188959
vt 0.567507 0.188995
vt 0.567470 0.188986
vt 0.567512 0.189068
vt 0.567553 0.189027
vt 0.567471 0.189060
vt 0.567511 0.189026
vt 0.567480 0.189023
vt 0.567416 0.188991
vt 0.567431 0.189046
vt 0.569145 0.188665
vt 0.567452 0.189011
vt 0.567486 0.189001
vt 0.497908 0.133402
vt 0.497874 0.133334
vt 0.497976 0.133419
vt 0.497927 0.133462
vt 0.497864 0.133404
vt 0.497890 0.133449
vt 0.497952 0.133611
vt 0.498011 0.133574
vt 0.497010 0.133239
vt 0.497890 0.133565
vt 0.497940 0.133529
vt 0.497996 0.133498
vt 0.497885 0.133489
vt 0.497758 0.133434
vt 0.497841 0.133443
vt 0.497828 0.133511
vt 0.497802 0.133376
vt 0.535175 0.275522
vt 0.535223 0.275473
vt 0.535178 0.275602
vt 0.535136 0.275546
vt 0.535162 0.275455
vt 0.535201 0.275387
vt 0.535137 0.275488
vt 0.535096 0.275522
vt 0.535094 0.275605
vt 0.535049 0.275470
vt 0.535112 0.275454
vt 0.535178 0.275306
vt 0.535109 0.275303
vt 0.534517 0.275917
vt 0.535140 0.275386
vt 0.535077 0.275383
vt 0.670147 0.134465
vt 0.670226 0.134469
vt 0.670096 0.134514
vt 0.670072 0.134460
vt 0.670163 0.134435
vt 0.670236 0.134430
vt 0.670105 0.134439
vt 0.669908 0.134434
vt 0.669911 0.134482
vt 0.670528 0.133600
vt 0.669998 0.134400
vt 0.670001 0.134449
vt 0.670005 0.134496
vt 0.670145 0.134406
vt 0.670087 0.134362
vt 0.670226 0.134391
vt 0.670069 0.134425
vt 0.584436 0.171262
vt 0.584475 0.171219
vt 0.584481 0.171263
vt 0.584394 0.171256
vt 0.584433 0.171221
vt 0.584464 0.171178
vt 0.584407 0.171196
vt 0.584428 0.171190
vt 0.584335 0.171189
vt 0.584353 0.171244
vt 0.584362 0.171156
vt 0.584373 0.171207
vt 0.584390 0.171182
vt 0.584402 0.171218
vt 0.584449 0.171139
vt 0.584392 0.171127
vt 0.584143 0.172992
vt 0.584414 0.171162
vt 0.523712 0.104747
vt 0.523733 0.104812
vt 0.523646 0.104726
vt 0.523655 0.104689
vt 0.523774 0.104769
vt 0.523817 0.104827
vt 0.523711 0.104716
vt 0.523755 0.104739
vt 0.523737 0.104699
vt 0.523677 0.104659
vt 0.523804 0.104679
vt 0.523790 0.104739
vt 0.523903 0.104848
vt 0.523925 0.104807
vt 0.523517 0.103594
vt 0.523838 0.104785
vt 0.523862 0.104745
vt 0.516899 0.307286
vt 0.516895 0.307253
vt 0.516924 0.307293
vt 0.516856 0.307244
vt 0.516863 0.307218
vt 0.516921 0.307255
vt 0.516888 0.307225
vt 0.516782 0.307137
vt 0.516769 0.307160
vt 0.516735 0.307122
vt 0.516834 0.307162
vt 0.516825 0.307180
vt 0.516811 0.307201
vt 0.516873 0.307201
vt 0.659603 0.088909
vt 0.659484 0.088901
vt 0.659725 0.088837
vt 0.659676 0.088914
vt 0.516892 0.307191
vt 0.516912 0.307229
vt 0.478671 0.231811
vt 0.478686 0.231835
vt 0.478669 0.231867
vt 0.478682 0.231792
vt 0.478698 0.231819
vt 0.478694 0.231879
vt 0.478680 0.231933
vt 0.478703 0.231856
vt 0.430642 0.096466
vt 0.430665 0.096609
vt 0.430362 0.096127
vt 0.478728 0.231869
vt 0.478713 0.231881
vt 0.478711 0.231835
vt 0.478702 0.231792
vt 0.478691 0.231997
vt 0.478718 0.232000
vt 0.478703 0.232050
vt 0.478706 0.231933
vt 0.478728 0.231936
vt 0.659573 0.082903
vt 0.659482 0.082832
vt 0.659772 0.083053
vt 0.659630 0.082964
vt 0.659393 0.082852
vt 0.659219 0.082756
vt 0.659473 0.082905
vt 0.659546 0.082980
vt 0.659730 0.083075
vt 0.659420 0.082990
vt 0.659373 0.082899
vt 0.658951 0.082684
vt 0.658915 0.082757
vt 0.659177 0.082803
vt 0.659165 0.082876
vt 0.431130 0.094932
vt 0.431226 0.094914
vt 0.431112 0.094949
vt 0.431059 0.094871
vt 0.431094 0.094830
vt 0.431056 0.094853
vt 0.431114 0.094816
vt 0.431111 0.094812
vt 0.431149 0.094795
vt 0.431055 0.094826
vt 0.431069 0.094839
vt 0.431079 0.094858
vt 0.431035 0.094837
vt 0.431007 0.094760
vt 0.430974 0.094764
vt 0.431144 0.094765
vt 0.511363 0.311545
vt 0.511351 0.311519
vt 0.511385 0.311543
vt 0.511319 0.311520
vt 0.511319 0.311494
vt 0.511370 0.311515
vt 0.511396 0.311536
vt 0.511342 0.311496
vt 0.511220 0.311440
vt 0.511215 0.311467
vt 0.511172 0.311442
vt 0.511278 0.311445
vt 0.511274 0.311468
vt 0.511267 0.311493
vt 0.511325 0.311476
vt 0.439050 0.325022
vt 0.439138 0.325032
vt 0.511364 0.311497
vt 0.439150 0.324981
vt 0.439283 0.324997
vt 0.469739 0.357299
vt 0.469677 0.357344
vt 0.469828 0.357344
vt 0.469755 0.357381
vt 0.469714 0.357421
vt 0.469822 0.357452
vt 0.469777 0.357447
vt 0.469961 0.357479
vt 0.469918 0.357387
vt 0.469921 0.357514
vt 0.469892 0.357446
vt 0.469825 0.357414
vt 0.469865 0.357487
vt 0.495000 0.311987
vt 0.494980 0.311972
vt 0.495020 0.311980
vt 0.495019 0.312001
vt 0.494984 0.311994
vt 0.494964 0.311982
vt 0.495002 0.312003
vt 0.450691 0.250455
vt 0.450692 0.250490
vt 0.450669 0.250407
vt 0.450693 0.250436
vt 0.450718 0.250490
vt 0.450722 0.250544
vt 0.450714 0.250466
vt 0.450703 0.250418
vt 0.450712 0.250443
vt 0.450683 0.250408
vt 0.450748 0.250464
vt 0.450736 0.250484
vt 0.450751 0.250598
vt 0.450776 0.250592
vt 0.450779 0.250642
vt 0.450745 0.250537
vt 0.450764 0.250533
vt 0.439377 0.330255
vt 0.439440 0.330319
vt 0.439231 0.330153
vt 0.439346 0.330210
vt 0.439496 0.330297
vt 0.439598 0.330372
vt 0.439447 0.330255
vt 0.439403 0.330198
vt 0.439264 0.330132
vt 0.439496 0.330197
vt 0.439513 0.330261
vt 0.439755 0.330422
vt 0.439783 0.330371
vt 0.439626 0.330334
vt 0.439644 0.330284
vt 0.470035 0.352544
vt 0.470058 0.352625
vt 0.470095 0.352487
vt 0.470096 0.352569
vt 0.470146 0.352657
vt 0.470164 0.352552
vt 0.470155 0.352594
vt 0.470237 0.352456
vt 0.470156 0.352430
vt 0.470206 0.352546
vt 0.470182 0.352489
vt 0.470133 0.352521
vt 0.470234 0.352687
vt 0.470290 0.352632
vt 0.470311 0.352711
vt 0.470220 0.352612
vt 0.470264 0.352544
vt 0.448975 0.250890
vt 0.448993 0.250841
vt 0.448978 0.250924
vt 0.448959 0.250942
vt 0.448972 0.250868
vt 0.448960 0.250913
vt 0.669307 0.322240
vt 0.669344 0.322294
vt 0.669160 0.322351
vt 0.669494 0.322112
vt 0.669515 0.322172
vt 0.669556 0.322208
vt 0.669662 0.322062
vt 0.669689 0.322098
vt 0.669785 0.321960
vt 0.669683 0.321980
vt 0.669922 0.321864
vt 0.669849 0.321953
vt 0.669743 0.322033
vt 0.460475 0.029173
vt 0.460562 0.029132
vt 0.460651 0.029095
vt 0.460778 0.307154
vt 0.457488 0.303979
vt 0.460763 0.307168
vt 0.457473 0.303993
vt 0.460749 0.307183
vt 0.457458 0.304007
vt 0.548382 0.014695
vt 0.536155 0.015076
vt 0.464143 0.310097
vt 0.464128 0.310112
vt 0.464114 0.310127
vt 0.560345 0.014741
vt 0.462863 0.298922
vt 0.459698 0.295526
vt 0.462878 0.298907
vt 0.525429 0.041863
vt 0.537896 0.040923
vt 0.537899 0.040981
vt 0.456728 0.291986
vt 0.459714 0.295511
vt 0.513065 0.043235
vt 0.525423 0.041805
vt 0.451431 0.297135
vt 0.454365 0.300628
vt 0.451416 0.297149
vt 0.454350 0.300642
vt 0.451401 0.297162
vt 0.511777 0.017195
vt 0.454335 0.300655
vt 0.523924 0.015921
vt 0.466196 0.302140
vt 0.469603 0.305125
vt 0.466212 0.302125
vt 0.469619 0.305110
vt 0.562551 0.040588
vt 0.550367 0.040511
vt 0.562555 0.040530
vt 0.550366 0.040569
vt 0.472998 0.307838
vt 0.476409 0.310301
vt 0.473014 0.307823
vt 0.476425 0.310286
vt 0.585536 0.041800
vt 0.574240 0.040940
vt 0.585546 0.041743
vt 0.574233 0.040998
vt 0.467499 0.312765
vt 0.467484 0.312780
vt 0.467471 0.312795
vt 0.571816 0.015172
vt 0.470875 0.315182
vt 0.470860 0.315197
vt 0.470848 0.315213
vt 0.582917 0.015994
vt 0.474333 0.317391
vt 0.474317 0.317405
vt 0.474305 0.317422
vt 0.593871 0.017222
vt 0.477952 0.319438
vt 0.477932 0.319450
vt 0.477918 0.319465
vt 0.604941 0.018886
vt 0.480094 0.312659
vt 0.485094 0.315494
vt 0.480111 0.312644
vt 0.485115 0.315482
vt 0.612756 0.045461
vt 0.597296 0.043053
vt 0.612783 0.045407
vt 0.597281 0.043110
vt 0.485518 0.323065
vt 0.492855 0.323542
vt 0.485519 0.323086
vt 0.492899 0.323570
vt 0.485521 0.323108
vt 0.492928 0.323596
vt 0.481772 0.321348
vt 0.481742 0.321355
vt 0.481721 0.321368
vt 0.627894 0.023356
vt 0.616330 0.020989
vt 0.492150 0.319364
vt 0.492181 0.319358
vt 0.634604 0.049248
vt 0.634555 0.049297
vt 0.453815 0.288041
vt 0.456744 0.291972
vt 0.500028 0.045319
vt 0.513056 0.043178
vt 0.450260 0.282248
vt 0.453831 0.288026
vt 0.482164 0.049201
vt 0.500012 0.045263
vt 0.482134 0.049150
vt 0.445972 0.289604
vt 0.448669 0.293500
vt 0.445960 0.289623
vt 0.448655 0.293514
vt 0.445946 0.289638
vt 0.487099 0.020931
vt 0.448639 0.293527
vt 0.499653 0.018857
vt 0.440242 0.272112
vt 0.440215 0.272071
vt 0.440189 0.272042
vt 0.440672 0.040127
vt 0.445484 0.273519
vt 0.450273 0.282227
vt 0.456462 0.055345
vt 0.456410 0.055299
vt 0.445491 0.273487
vt 0.426382 0.061599
vt 0.443242 0.285361
vt 0.440551 0.281048
vt 0.443237 0.285390
vt 0.440540 0.281068
vt 0.473750 0.023501
vt 0.443227 0.285412
vt 0.536454 0.020087
vt 0.548630 0.019712
vt 0.536460 0.020171
vt 0.548636 0.019795
vt 0.536466 0.020255
vt 0.548644 0.019879
vt 0.560542 0.019759
vt 0.560549 0.019843
vt 0.560558 0.019927
vt 0.525050 0.036869
vt 0.537601 0.035982
vt 0.525045 0.036785
vt 0.537595 0.035898
vt 0.525040 0.036701
vt 0.537589 0.035813
vt 0.512581 0.038248
vt 0.512576 0.038164
vt 0.512573 0.038079
vt 0.524274 0.020935
vt 0.512169 0.022215
vt 0.524279 0.021019
vt 0.512173 0.022299
vt 0.524283 0.021103
vt 0.512175 0.022383
vt 0.562396 0.035590
vt 0.550140 0.035569
vt 0.562389 0.035507
vt 0.550134 0.035486
vt 0.562380 0.035422
vt 0.550126 0.035402
vt 0.585535 0.036792
vt 0.574151 0.035996
vt 0.585527 0.036708
vt 0.574144 0.035911
vt 0.585515 0.036624
vt 0.574133 0.035827
vt 0.571960 0.020192
vt 0.571968 0.020276
vt 0.571978 0.020360
vt 0.583003 0.021017
vt 0.583012 0.021102
vt 0.583023 0.021187
vt 0.593895 0.022255
vt 0.593906 0.022341
vt 0.593921 0.022426
vt 0.604904 0.023934
vt 0.604926 0.024021
vt 0.604959 0.024110
vt 0.612921 0.040481
vt 0.597367 0.038106
vt 0.612898 0.040396
vt 0.597357 0.038021
vt 0.612865 0.040309
vt 0.597341 0.037936
vt 0.492889 0.325246
vt 0.486002 0.324860
vt 0.492852 0.325269
vt 0.486006 0.324889
vt 0.492796 0.325292
vt 0.486009 0.324918
vt 0.627735 0.028600
vt 0.643803 0.038692
vt 0.616245 0.026058
vt 0.616294 0.026150
vt 0.616368 0.026247
vt 0.627793 0.028369
vt 0.627785 0.028446
vt 0.627765 0.028525
vt 0.634772 0.044327
vt 0.634723 0.044237
vt 0.634648 0.044143
vt 0.499408 0.040347
vt 0.499406 0.040263
vt 0.499407 0.040178
vt 0.481441 0.044348
vt 0.481452 0.044263
vt 0.484103 0.222718
vt 0.465984 0.222401
vt 0.484124 0.222636
vt 0.466029 0.222327
vt 0.484146 0.222561
vt 0.500080 0.023890
vt 0.487570 0.025985
vt 0.500081 0.023975
vt 0.487559 0.026073
vt 0.500079 0.024061
vt 0.487538 0.026162
vt 0.442904 0.043831
vt 0.442963 0.043870
vt 0.443069 0.043877
vt 0.443210 0.043860
vt 0.461045 0.031498
vt 0.461069 0.031576
vt 0.461097 0.031652
vt 0.455809 0.050594
vt 0.455850 0.050507
vt 0.465944 0.222482
vt 0.439214 0.223442
vt 0.439310 0.223365
vt 0.439130 0.223525
vt 0.407892 0.225112
vt 0.474313 0.028555
vt 0.474278 0.028648
vt 0.474220 0.028744
vt 0.425723 0.059156
vt 0.425897 0.056412
vt 0.438215 0.263536
vt 0.439062 0.263332
vt 0.660186 0.051384
vt 0.659955 0.053684
vt 0.500107 0.324849
vt 0.660158 0.051385
vt 0.499796 0.325639
vt 0.635962 0.168892
vt 0.635952 0.168826
vt 0.635926 0.168765
vt 0.540180 0.146623
vt 0.540266 0.146526
vt 0.540216 0.146568
vt 0.410687 0.125925
vt 0.602687 0.087205
vt 0.481974 0.091373
vt 0.445035 0.171670
vt 0.602662 0.087331
vt 0.566420 0.240410
vt 0.566482 0.240437
vt 0.566548 0.240446
vt 0.477737 0.156993
vt 0.479430 0.217388
vt 0.477771 0.156995
vt 0.479445 0.217378
vt 0.654194 0.256871
vt 0.477756 0.156997
vt 0.542701 0.320200
vt 0.476031 0.096547
vt 0.483535 0.211873
vt 0.483786 0.211818
vt 0.410688 0.125873
vt 0.443360 0.111210
vt 0.483659 0.211844
vt 0.633428 0.181534
vt 0.686811 0.173267
vt 0.633432 0.181484
vt 0.687060 0.173163
vt 0.633441 0.181433
vt 0.687155 0.173096
vt 0.571173 0.290019
vt 0.578810 0.237299
vt 0.578860 0.237288
vt 0.578910 0.237283
vt 0.646476 0.248908
vt 0.646414 0.248846
vt 0.646354 0.248786
vt 0.571174 0.290060
vt 0.537756 0.158799
vt 0.537776 0.158756
vt 0.537789 0.158708
vt 0.495308 0.128538
vt 0.557518 0.231490
vt 0.557558 0.231520
vt 0.535287 0.281264
vt 0.557596 0.231556
vt 0.535294 0.281420
vt 0.535277 0.281446
vt 0.495022 0.209461
vt 0.495102 0.209441
vt 0.495178 0.209419
vt 0.495282 0.128532
vt 0.626933 0.159181
vt 0.626896 0.159144
vt 0.676161 0.134269
vt 0.626862 0.159105
vt 0.552055 0.143213
vt 0.552103 0.143197
vt 0.552146 0.143176
vt 0.519142 0.102618
vt 0.519272 0.102673
vt 0.519136 0.102592
vt 0.600906 0.097451
vt 0.600887 0.097533
vt 0.600867 0.097613
vt 0.633968 0.184634
vt 0.633978 0.184586
vt 0.633982 0.184539
vt 0.633170 0.187976
vt 0.581175 0.237701
vt 0.581222 0.237698
vt 0.581271 0.237688
vt 0.584473 0.236845
vt 0.643443 0.245951
vt 0.643385 0.245893
vt 0.643326 0.245835
vt 0.640448 0.243237
vt 0.534682 0.163435
vt 0.536166 0.160539
vt 0.536181 0.160494
vt 0.536202 0.160453
vt 0.555184 0.230570
vt 0.555220 0.230605
vt 0.555260 0.230633
vt 0.552650 0.228981
vt 0.498085 0.208481
vt 0.498160 0.208458
vt 0.498235 0.208435
vt 0.502034 0.207303
vt 0.625568 0.156795
vt 0.625534 0.156758
vt 0.625495 0.156724
vt 0.623754 0.154355
vt 0.553824 0.141662
vt 0.553866 0.141640
vt 0.553912 0.141624
vt 0.556683 0.140019
vt 0.599982 0.100814
vt 0.599962 0.100892
vt 0.599943 0.100969
vt 0.599080 0.104568
vt 0.590786 0.194241
vt 0.590754 0.194273
vt 0.590722 0.194305
vt 0.573072 0.287225
vt 0.573028 0.287196
vt 0.574253 0.285323
vt 0.572982 0.287165
vt 0.495567 0.129044
vt 0.496839 0.131411
vt 0.496792 0.131435
vt 0.496881 0.131381
vt 0.497835 0.133349
vt 0.535269 0.277988
vt 0.535137 0.275610
vt 0.535165 0.277991
vt 0.535216 0.277990
vt 0.584106 0.172374
vt 0.584150 0.172384
vt 0.584194 0.172393
vt 0.672737 0.134374
vt 0.672732 0.134424
vt 0.672736 0.134326
vt 0.680097 0.177830
vt 0.683151 0.175844
vt 0.683093 0.175758
vt 0.686715 0.173429
vt 0.683123 0.175801
vt 0.568665 0.188722
vt 0.568653 0.188679
vt 0.568641 0.188636
vt 0.521854 0.103935
vt 0.521894 0.103847
vt 0.521875 0.103891
vt 0.521825 0.103999
vt 0.484106 0.279715
vt 0.481988 0.275668
vt 0.484087 0.279723
vt 0.481969 0.275677
vt 0.516375 0.050962
vt 0.528927 0.049269
vt 0.516384 0.051016
vt 0.486388 0.283555
vt 0.528921 0.049153
vt 0.541685 0.048035
vt 0.528921 0.049212
vt 0.541687 0.048095
vt 0.488649 0.272591
vt 0.486750 0.268402
vt 0.488668 0.272582
vt 0.507778 0.078049
vt 0.519963 0.076810
vt 0.519967 0.076868
vt 0.485099 0.264131
vt 0.486770 0.268393
vt 0.496298 0.079594
vt 0.507771 0.077994
vt 0.478456 0.267261
vt 0.480100 0.271504
vt 0.478437 0.267270
vt 0.504390 0.053258
vt 0.493124 0.056057
vt 0.493110 0.056009
vt 0.480082 0.271513
vt 0.504402 0.053310
vt 0.490787 0.276657
vt 0.493099 0.280519
vt 0.490806 0.276648
vt 0.493119 0.280509
vt 0.490825 0.276637
vt 0.493137 0.280498
vt 0.532699 0.076069
vt 0.545632 0.075784
vt 0.532702 0.076129
vt 0.495491 0.284128
vt 0.497985 0.287508
vt 0.495510 0.284118
vt 0.498004 0.287498
vt 0.495529 0.284107
vt 0.498022 0.287486
vt 0.558422 0.075952
vt 0.571109 0.076621
vt 0.488756 0.287126
vt 0.541687 0.047976
vt 0.554343 0.047440
vt 0.554341 0.047501
vt 0.491226 0.290461
vt 0.554351 0.047378
vt 0.566947 0.047455
vt 0.566941 0.047517
vt 0.493843 0.293625
vt 0.566961 0.047392
vt 0.579670 0.048116
vt 0.579659 0.048179
vt 0.496668 0.296695
vt 0.579693 0.048054
vt 0.592760 0.049451
vt 0.592734 0.049514
vt 0.500784 0.290875
vt 0.504729 0.295082
vt 0.500804 0.290865
vt 0.504752 0.295076
vt 0.500822 0.290853
vt 0.504772 0.295065
vt 0.584584 0.077947
vt 0.602729 0.080503
vt 0.502883 0.302682
vt 0.509927 0.304987
vt 0.502880 0.302704
vt 0.509962 0.305025
vt 0.502879 0.302726
vt 0.642188 0.066531
vt 0.620371 0.054431
vt 0.509983 0.305057
vt 0.509987 0.305084
vt 0.499741 0.299737
vt 0.592803 0.049392
vt 0.606440 0.051478
vt 0.606384 0.051536
vt 0.606528 0.051428
vt 0.620355 0.054359
vt 0.510408 0.300748
vt 0.510439 0.300750
vt 0.510464 0.300746
vt 0.628769 0.084486
vt 0.483650 0.259493
vt 0.485119 0.264122
vt 0.484934 0.081705
vt 0.496288 0.079543
vt 0.482209 0.252933
vt 0.483670 0.259484
vt 0.470473 0.085550
vt 0.484919 0.081658
vt 0.475835 0.258405
vt 0.477044 0.262939
vt 0.475818 0.258419
vt 0.482532 0.059114
vt 0.472355 0.062609
vt 0.472329 0.062570
vt 0.477026 0.262947
vt 0.482549 0.059159
vt 0.476273 0.240296
vt 0.476262 0.240247
vt 0.476246 0.240211
vt 0.429488 0.094666
vt 0.473884 0.248693
vt 0.473864 0.248687
vt 0.473845 0.248677
vt 0.439357 0.083009
vt 0.480567 0.243268
vt 0.482227 0.252918
vt 0.451061 0.091625
vt 0.470447 0.085510
vt 0.451022 0.091594
vt 0.480583 0.243240
vt 0.430873 0.096538
vt 0.430759 0.096527
vt 0.474793 0.253562
vt 0.462192 0.066386
vt 0.452363 0.070656
vt 0.452360 0.070611
vt 0.474778 0.253588
vt 0.462236 0.066415
vt 0.517219 0.056028
vt 0.529680 0.054490
vt 0.517233 0.056111
vt 0.529694 0.054577
vt 0.517247 0.056194
vt 0.529710 0.054664
vt 0.542353 0.053501
vt 0.542367 0.053591
vt 0.542384 0.053682
vt 0.507249 0.073290
vt 0.519498 0.071870
vt 0.507242 0.073211
vt 0.519489 0.071786
vt 0.507234 0.073132
vt 0.519479 0.071702
vt 0.495700 0.075100
vt 0.495692 0.075025
vt 0.495685 0.074949
vt 0.505309 0.058095
vt 0.494084 0.060599
vt 0.505322 0.058174
vt 0.494095 0.060675
vt 0.505335 0.058254
vt 0.494106 0.060752
vt 0.545307 0.070462
vt 0.532301 0.070926
vt 0.545296 0.070373
vt 0.532291 0.070839
vt 0.545283 0.070283
vt 0.532279 0.070751
vt 0.570985 0.071006
vt 0.558185 0.070474
vt 0.570973 0.070909
vt 0.558173 0.070382
vt 0.570958 0.070812
vt 0.558159 0.070289
vt 0.554907 0.053068
vt 0.554922 0.053161
vt 0.554939 0.053254
vt 0.567389 0.053227
vt 0.567404 0.053322
vt 0.567423 0.053416
vt 0.579977 0.054016
vt 0.579995 0.054114
vt 0.580019 0.054212
vt 0.592914 0.055476
vt 0.592942 0.055584
vt 0.592982 0.055695
vt 0.602784 0.074700
vt 0.584578 0.072219
vt 0.602757 0.074601
vt 0.584564 0.072118
vt 0.602716 0.074502
vt 0.584544 0.072016
vt 0.639650 0.071427
vt 0.619817 0.060330
vt 0.639497 0.071463
vt 0.619814 0.060370
vt 0.639292 0.071470
vt 0.619802 0.060407
vt 0.606350 0.057593
vt 0.606398 0.057722
vt 0.606476 0.057855
vt 0.628783 0.078613
vt 0.628719 0.078510
vt 0.628625 0.078404
vt 0.484231 0.077507
vt 0.484223 0.077431
vt 0.484218 0.077353
vt 0.469696 0.081698
vt 0.469701 0.081625
vt 0.469715 0.081549
vt 0.483538 0.063455
vt 0.473357 0.066682
vt 0.483547 0.063529
vt 0.473358 0.066760
vt 0.483554 0.063604
vt 0.473351 0.066840
vt 0.441560 0.085239
vt 0.441693 0.085224
vt 0.441851 0.085186
vt 0.453686 0.074123
vt 0.453701 0.074147
vt 0.453720 0.074169
vt 0.450439 0.088172
vt 0.450491 0.088084
vt 0.450562 0.087990
vt 0.463302 0.070282
vt 0.463295 0.070372
vt 0.463271 0.070467
vt 0.430678 0.095270
vt 0.431036 0.094642
vt 0.430618 0.095175
vt 0.430036 0.095684
vt 0.429746 0.095231
vt 0.430561 0.095080
vt 0.659754 0.085975
vt 0.659760 0.088833
vt 0.516583 0.308287
vt 0.659720 0.085978
vt 0.516231 0.309313
vt 0.516557 0.308286
vt 0.470689 0.294066
vt 0.467517 0.290768
vt 0.470674 0.294080
vt 0.467502 0.290782
vt 0.470659 0.294094
vt 0.467487 0.290796
vt 0.549263 0.365037
vt 0.561216 0.364796
vt 0.473937 0.297143
vt 0.473921 0.297157
vt 0.473907 0.297171
vt 0.537572 0.364837
vt 0.473093 0.285892
vt 0.470031 0.282365
vt 0.473110 0.285877
vt 0.470047 0.282350
vt 0.473126 0.285863
vt 0.559761 0.339611
vt 0.467159 0.278708
vt 0.467175 0.278693
vt 0.470064 0.282336
vt 0.571867 0.338854
vt 0.461685 0.283720
vt 0.464510 0.287307
vt 0.461670 0.283734
vt 0.464494 0.287321
vt 0.461653 0.283746
vt 0.585050 0.362863
vt 0.464479 0.287334
vt 0.573175 0.364063
vt 0.476316 0.289256
vt 0.479601 0.292397
vt 0.476333 0.289241
vt 0.479618 0.292382
vt 0.476349 0.289226
vt 0.479633 0.292367
vt 0.547653 0.339863
vt 0.535799 0.339657
vt 0.482880 0.295250
vt 0.486185 0.297849
vt 0.482897 0.295235
vt 0.486202 0.297834
vt 0.513340 0.337879
vt 0.524397 0.339001
vt 0.513328 0.337935
vt 0.524405 0.338944
vt 0.477183 0.299947
vt 0.477168 0.299960
vt 0.477154 0.299976
vt 0.526366 0.364258
vt 0.480460 0.302504
vt 0.480444 0.302518
vt 0.480431 0.302533
vt 0.515519 0.363328
vt 0.483833 0.304881
vt 0.483817 0.304895
vt 0.483804 0.304911
vt 0.504764 0.362102
vt 0.487391 0.307214
vt 0.487372 0.307225
vt 0.487357 0.307239
vt 0.493666 0.360713
vt 0.489798 0.300336
vt 0.494918 0.303261
vt 0.489816 0.300322
vt 0.494939 0.303249
vt 0.486390 0.333455
vt 0.501793 0.336275
vt 0.486360 0.333506
vt 0.501811 0.336221
vt 0.503160 0.311747
vt 0.495045 0.311999
vt 0.503201 0.311770
vt 0.495070 0.312018
vt 0.452314 0.345444
vt 0.503230 0.311794
vt 0.503244 0.311818
vt 0.491177 0.309610
vt 0.491151 0.309615
vt 0.491131 0.309624
vt 0.494947 0.311991
vt 0.481906 0.359237
vt 0.502463 0.307087
vt 0.502495 0.307079
vt 0.464553 0.329350
vt 0.464603 0.329301
vt 0.464346 0.274660
vt 0.464362 0.274644
vt 0.467192 0.278680
vt 0.583880 0.337599
vt 0.460909 0.268828
vt 0.460922 0.268808
vt 0.464379 0.274631
vt 0.596556 0.335638
vt 0.456481 0.276043
vt 0.459032 0.280006
vt 0.456469 0.276062
vt 0.459017 0.280020
vt 0.456454 0.276077
vt 0.609011 0.359063
vt 0.459001 0.280033
vt 0.596873 0.361216
vt 0.451144 0.258992
vt 0.451117 0.258949
vt 0.451091 0.258921
vt 0.451727 0.267471
vt 0.451706 0.267472
vt 0.451686 0.267473
vt 0.451663 0.267468
vt 0.456264 0.260291
vt 0.456270 0.260260
vt 0.460937 0.268792
vt 0.639287 0.325223
vt 0.613956 0.331817
vt 0.456281 0.260237
vt 0.669150 0.317253
vt 0.453995 0.271743
vt 0.453988 0.271773
vt 0.634854 0.353277
vt 0.453978 0.271794
vt 0.621774 0.356345
vt 0.560969 0.359899
vt 0.549080 0.360134
vt 0.560964 0.359818
vt 0.549075 0.360052
vt 0.560959 0.359736
vt 0.549069 0.359970
vt 0.537446 0.359930
vt 0.537441 0.359848
vt 0.537433 0.359766
vt 0.572197 0.343650
vt 0.560000 0.344411
vt 0.572201 0.343732
vt 0.560005 0.344493
vt 0.572205 0.343814
vt 0.560010 0.344575
vt 0.584312 0.342391
vt 0.584316 0.342472
vt 0.584319 0.342555
vt 0.572862 0.359166
vt 0.584674 0.357965
vt 0.572858 0.359084
vt 0.584670 0.357883
vt 0.572854 0.359002
vt 0.584667 0.357800
vt 0.535866 0.344471
vt 0.547806 0.344671
vt 0.535872 0.344553
vt 0.547812 0.344753
vt 0.535879 0.344635
vt 0.547818 0.344835
vt 0.513190 0.342804
vt 0.524376 0.343849
vt 0.513196 0.342887
vt 0.524382 0.343932
vt 0.513205 0.342971
vt 0.524390 0.344015
vt 0.526288 0.359346
vt 0.526282 0.359264
vt 0.526273 0.359182
vt 0.515474 0.358402
vt 0.515467 0.358320
vt 0.515456 0.358237
vt 0.504724 0.357141
vt 0.504714 0.357058
vt 0.504699 0.356974
vt 0.493613 0.355710
vt 0.493592 0.355624
vt 0.493562 0.355537
vt 0.485850 0.338269
vt 0.501468 0.341148
vt 0.485867 0.338352
vt 0.501475 0.341231
vt 0.485897 0.338437
vt 0.501488 0.341316
vt 0.454157 0.341620
vt 0.454249 0.341601
vt 0.454373 0.341605
vt 0.481896 0.354217
vt 0.481856 0.354127
vt 0.481798 0.354034
vt 0.464038 0.333992
vt 0.464079 0.334074
vt 0.464144 0.334159
vt 0.597113 0.340421
vt 0.597115 0.340503
vt 0.597114 0.340586
vt 0.614624 0.336555
vt 0.614613 0.336640
vt 0.614592 0.336726
vt 0.596436 0.356316
vt 0.608512 0.354158
vt 0.596435 0.356234
vt 0.608523 0.354073
vt 0.596436 0.356151
vt 0.608543 0.353986
vt 0.449475 0.258971
vt 0.448961 0.251002
vt 0.652097 0.335201
vt 0.651943 0.335228
vt 0.634270 0.348362
vt 0.652213 0.335201
vt 0.634243 0.348286
vt 0.634211 0.348212
vt 0.639991 0.329933
vt 0.639951 0.330024
vt 0.639885 0.330122
vt 0.621226 0.351437
vt 0.621263 0.351345
vt 0.621323 0.351249
vt 0.669653 0.319570
vt 0.669897 0.321859
vt 0.669358 0.317277
vt 0.669386 0.317281
vt 0.449791 0.250576
vt 0.438952 0.325076
vt 0.438910 0.327508
vt 0.438879 0.327513
vt 0.511752 0.312471
vt 0.437182 0.331666
vt 0.435456 0.333205
vt 0.435416 0.333166
vt 0.439238 0.330195
vt 0.470078 0.355031
vt 0.469989 0.354997
vt 0.469900 0.354957
vt 0.535286 0.281334
vt 0.495339 0.128613
vt 0.519218 0.102645
vt 0.476053 0.096531
vt 0.716077 0.143044
vt 0.676269 0.134259
vt 0.438550 0.272004
vt 0.663822 0.078855
vt 0.669302 0.317278
vt 0.439895 0.263155
vt 0.407370 0.225296
vt 0.589781 0.193325
vt 0.495395 0.128709
vt 0.591650 0.195136
vt 0.591612 0.195126
vt 0.591622 0.195164
vt 0.478692 0.231785
vt 0.659784 0.082990
vt 0.450665 0.250419
vt 0.571246 0.289923
vt 0.620335 0.054289
vt 0.516206 0.309307
vt 0.535805 0.339600
vt 0.449452 0.259006
vt 0.449947 0.267066
s 1
g off
g holocron_inf4_Holocron_Corners.002
usemtl Holocron_Corners.002
f 1258/1/1 1/2/2 203/3/3
f 1209/4/4 20/5/5 104/6/6
f 87/7/7 228/8/8 3/9/7
f 217/10/9 112/11/10 1219/12/11
f 4/13/12 1223/14/13 207/15/14
f 202/16/15 104/6/6 16/17/16
f 213/18/17 100/19/18 14/20/19
f 227/21/20 107/22/21 1214/23/22
f 3/9/7 1198/24/23 223/25/24
f 1213/26/25 4/13/12 86/27/7
f 1219/12/11 21/28/26 232/29/27
f 1229/30/28 19/31/29 238/32/30
f 1224/33/31 25/34/32 208/35/33
f 232/29/27 106/36/34 1234/37/35
f 1234/37/35 22/38/36 242/39/37
f 1244/40/38 18/41/39 248/42/40
f 88/43/7 237/44/41 1223/14/13
f 242/39/37 113/45/42 1249/46/43
f 1249/46/43 1367/47/44 254/48/45
f 270/49/46 111/50/47 1244/40/38
f 89/51/7 247/52/48 1228/53/49
f 1259/54/50 16/17/16 102/55/51
f 275/56/52 102/55/51 17/57/53
f 281/58/54 108/59/55 13/60/56
f 1/2/2 1203/61/57 87/7/7
f 1274/62/58 17/57/53 110/63/59
f 287/64/60 110/63/59 1359/65/61
f 1269/66/62 1364/67/63 108/59/55
f 6/68/64 1253/69/65 91/70/66
f 104/6/6 342/71/67 1288/72/68
f 10/73/69 1304/74/70 95/75/69
f 23/76/71 1298/77/72 112/11/10
f 351/78/73 96/79/69 1314/80/74
f 102/55/51 322/81/75 1338/82/76
f 15/83/77 1283/84/78 347/85/79
f 15/83/77 1293/86/80 107/22/21
f 101/87/81 331/88/82 1283/84/78
f 114/89/83 342/71/67 20/5/5
f 115/90/84 326/91/85 25/34/32
f 19/31/29 1303/92/86 115/90/84
f 21/28/26 1313/93/87 106/36/34
f 1299/94/88 8/95/69 351/78/73
f 103/96/89 356/97/90 19/31/29
f 18/41/39 1308/98/91 103/96/89
f 22/38/36 1328/99/92 113/45/42
f 1314/80/74 11/100/69 361/101/93
f 111/50/47 366/102/94 18/41/39
f 24/103/95 1323/104/96 111/50/47
f 113/45/42 372/105/97 1367/47/44
f 321/106/98 94/107/69 7/108/99
f 14/20/19 1333/109/100 331/88/82
f 100/19/18 398/110/101 1333/109/100
f 110/63/59 394/111/102 1353/112/103
f 98/113/104 393/114/105 1339/115/106
f 13/60/56 1348/116/107 398/110/101
f 108/59/55 410/117/108 1348/116/107
f 1359/65/61 1353/112/103 403/118/109
f 1204/119/110 14/20/19 101/87/81
f 1264/120/111 1358/121/112 105/122/113
f 1358/121/112 1360/123/114 403/118/109
f 7/108/99 1284/124/115 332/125/116
f 228/8/8 86/27/7 3/9/7
f 1214/23/22 23/76/71 217/10/9
f 107/22/21 337/126/117 23/76/71
f 94/107/69 346/127/118 1284/124/115
f 92/128/119 280/129/120 6/68/64
f 203/3/3 87/7/7 1208/130/121
f 16/17/16 1288/72/68 322/81/75
f 399/131/122 99/132/123 12/133/124
f 238/32/30 115/90/84 1224/33/31
f 1239/134/125 1368/135/126 109/136/127
f 109/136/127 371/137/128 1318/138/129
f 95/75/69 357/139/130 8/95/69
f 208/35/33 114/89/83 1199/140/131
f 227/21/20 101/87/81 15/83/77
f 1289/141/132 9/142/133 94/107/69
f 25/34/32 1278/143/134 114/89/83
f 1263/144/135 1268/145/136 92/128/119
f 286/146/137 92/128/119 1273/147/138
f 99/132/123 404/148/139 1354/149/140
f 1349/150/141 1344/151/142 99/132/123
f 5/152/7 1243/153/143 247/52/48
f 1218/154/144 2/155/7 88/43/7
f 112/11/10 352/156/145 21/28/26
f 11/100/69 1324/157/146 97/158/147
f 218/159/148 88/43/7 4/13/12
f 233/160/149 89/51/7 2/155/7
f 93/161/69 346/127/118 9/142/133
f 10/73/69 1294/162/150 93/161/69
f 1254/163/151 13/60/56 100/19/18
f 7/108/99 1339/115/106 321/106/98
s 2
f 425/164/152 135/165/153 1486/166/154
s 1
f 1334/167/155 12/133/124 98/113/104
f 90/168/156 271/169/157 1243/153/143
f 1248/170/158 1238/171/159 90/168/156
f 1329/172/160 1319/173/161 373/174/162
f 97/158/147 388/175/163 1319/173/161
f 1264/176/111 1365/177/164 303/178/165
f 276/179/166 91/70/66 1258/1/1
f 17/57/53 1338/82/76 394/111/102
f 105/180/113 408/181/167 1365/177/164
f 248/42/40 103/96/89 1229/30/28
f 1273/147/138 6/68/64 276/179/166
f 12/133/124 1354/149/140 393/114/105
f 96/79/69 367/182/168 11/100/69
f 2/155/7 1228/53/49 237/44/41
f 1199/140/131 20/5/5 222/183/169
f 336/184/170 95/75/69 1299/94/88
f 8/95/69 1309/185/171 96/79/69
f 1239/134/125 24/186/95 270/187/46
f 1233/188/172 5/152/7 89/51/7
f 106/36/34 362/189/173 22/38/36
f 109/136/127 389/190/174 24/186/95
f 1208/130/121 3/9/7 223/25/24
f 86/27/7 207/15/14 1198/24/23
f 327/191/175 93/161/69 1279/192/176
f 1279/192/176 9/142/133 341/193/177
f 91/70/66 212/194/178 1/2/2
f 243/195/179 90/168/156 5/152/7
f 361/101/93 97/158/147 1329/172/160
f 332/125/116 98/113/104 7/108/99
s 2
f 470/196/180 128/197/181 33/198/182
f 520/199/183 134/200/184 1432/201/185
f 134/200/184 735/202/186 1476/203/187
f 719/204/188 129/205/189 1472/206/190
f 496/207/191 125/208/192 1421/209/193
f 1396/210/194 1512/211/195 135/165/153
f 136/212/196 682/213/197 1462/214/198
f 1472/206/190 1482/215/199 701/216/200
f 461/217/201 122/218/202 28/219/203
f 440/220/204 133/221/205 1495/222/206
f 1447/223/207 1452/224/208 629/225/209
f 133/221/205 646/226/210 1457/227/211
f 26/228/212 1389/229/213 122/218/202
f 30/230/214 1393/231/215 577/232/216
f 31/233/217 1393/231/215 125/208/192
f 1407/234/218 1513/235/219 450/236/220
f 1402/237/221 1487/238/222 118/239/223
f 32/240/224 1376/241/225 127/242/189
f 33/198/182 1382/243/226 541/244/227
f 427/245/228 120/246/229 1397/247/230
f 460/248/231 132/249/232 1407/234/218
f 528/250/233 119/251/234 1392/252/235
f 29/253/236 1375/254/237 559/255/238
f 470/196/180 126/256/239 1426/257/240
f 461/217/201 121/258/241 1401/259/242
f 26/228/212 1370/260/243 543/261/244
f 33/198/182 1371/262/245 126/256/239
f 482/263/246 136/212/196 1516/264/247
f 441/265/248 117/266/249 1422/267/250
f 34/268/251 1382/243/226 128/197/181
f 34/268/251 1376/241/225 579/269/252
f 1422/267/250 1500/270/253 497/271/254
f 1416/272/255 1499/273/256 136/212/196
f 27/274/257 1384/275/258 558/276/259
f 28/219/203 1384/275/258 121/258/241
f 442/277/260 123/278/261 1412/279/262
f 506/280/263 126/256/239 32/240/224
f 28/219/203 1389/229/213 199/281/264
f 135/165/153 594/282/265 1442/283/266
f 507/284/267 134/200/184 1503/285/268
f 1437/286/269 1508/287/270 137/288/271
f 1380/289/272 1388/290/273 542/291/274
f 27/274/257 1370/260/243 120/246/229
f 522/292/275 137/288/271 1521/293/276
f 505/294/277 116/295/7 1427/296/278
f 29/253/236 1383/297/279 124/298/280
f 30/230/214 1375/254/237 123/278/261
f 1411/299/281 1517/300/282 133/221/205
f 31/233/217 1383/297/279 529/301/283
f 1392/252/235 1380/289/272 578/302/284
f 32/240/224 1371/262/245 560/303/285
f 1503/285/268 1476/203/187 718/304/286
f 1521/293/276 1481/305/287 736/306/288
f 137/288/271 702/307/289 1481/305/287
f 1487/238/222 1446/308/290 118/239/223
f 132/249/232 595/309/291 1513/235/219
f 1491/310/292 1451/311/293 132/249/232
f 1496/312/294 1466/313/295 117/266/249
f 1516/264/247 1462/214/198 647/314/296
f 117/266/249 683/315/297 1500/270/253
f 449/316/298 122/218/202 1406/317/299
f 459/318/300 118/239/223 1492/319/301
f 118/239/223 628/320/302 1492/319/301
f 1486/166/154 1442/283/266 612/321/303
f 442/277/260 125/208/192 30/230/214
f 481/322/304 123/278/261 29/253/236
f 648/323/305 131/324/306 1456/325/307
f 1456/325/307 1467/326/308 665/327/309
f 506/280/263 127/242/189 1431/328/310
f 521/329/311 127/242/189 34/268/251
f 1482/215/199 1477/330/312 737/331/313
f 1504/332/314 1471/333/315 116/295/7
f 427/245/228 121/258/241 27/274/257
f 449/316/298 120/246/229 26/228/212
f 1452/224/208 1441/334/316 596/335/317
f 613/336/318 130/337/319 1447/223/207
f 481/322/304 124/298/280 1417/338/320
f 496/207/191 124/298/280 31/233/217
f 1467/326/308 1461/339/321 684/340/322
f 1495/222/206 1457/227/211 664/341/323
f 521/329/311 128/197/181 1436/342/324
f 1427/296/278 1509/343/325 468/344/326
f 116/295/7 700/345/327 1509/343/325
s 3
f 1584/346/328 35/347/329 752/348/330
f 1535/349/331 54/350/332 156/351/333
f 139/352/329 777/353/334 37/354/329
f 766/355/335 164/356/336 1545/357/337
f 38/358/329 1549/359/338 756/360/339
f 751/361/340 156/351/333 50/362/341
f 762/363/342 152/364/343 48/365/344
f 776/366/345 159/367/346 1540/368/347
f 37/354/329 1524/369/348 772/370/349
f 1539/371/350 38/358/329 138/372/329
f 1545/357/337 56/373/351 781/374/352
f 1555/375/353 53/376/354 787/377/355
f 1550/378/356 60/379/357 757/380/358
f 781/374/352 158/381/359 1560/382/360
f 1560/382/360 57/383/361 791/384/362
f 1570/385/363 52/386/364 797/387/365
f 140/388/329 786/389/366 1549/359/338
f 791/384/362 165/390/367 1575/391/368
f 1575/391/368 1687/392/369 803/393/370
f 819/394/371 163/395/372 1570/385/363
f 141/396/373 796/397/374 1554/398/375
f 1585/399/376 50/362/341 154/400/377
f 824/401/378 154/400/377 51/402/379
f 830/403/380 160/404/381 47/405/382
f 35/347/329 1529/406/383 139/352/329
f 1600/407/384 51/402/379 162/408/385
f 835/409/386 162/408/385 55/410/387
f 1595/411/388 1684/412/389 160/404/381
f 40/413/329 1579/414/390 143/415/329
f 156/351/333 878/416/391 1614/417/392
f 44/418/393 1630/419/394 147/420/395
f 58/421/396 1624/422/397 164/356/336
f 887/423/398 148/424/395 1640/425/399
f 154/400/377 858/426/400 1664/427/401
f 49/428/402 1609/429/403 883/430/404
f 49/428/402 1619/431/405 159/367/346
f 153/432/406 867/433/407 1609/429/403
f 166/434/408 878/416/391 54/350/332
f 167/435/409 862/436/410 60/379/357
f 53/376/354 1629/437/411 167/435/409
f 56/373/351 1639/438/412 158/381/359
f 1625/439/413 42/440/393 887/423/398
f 155/441/414 892/442/415 53/376/354
f 52/386/364 1634/443/416 155/441/414
f 57/383/361 1654/444/417 165/390/367
f 1640/425/399 45/445/395 897/446/418
f 163/395/372 902/447/419 52/386/364
f 59/448/420 1649/449/421 163/395/372
f 165/390/367 908/450/422 1687/392/369
f 857/451/423 146/452/393 41/453/393
f 48/365/344 1659/454/424 867/433/407
f 152/364/343 934/455/425 1659/454/424
f 162/408/385 930/456/426 1679/457/427
f 150/458/393 929/459/428 1665/460/429
f 47/405/382 1674/461/430 934/455/425
f 160/404/381 946/462/431 1674/461/430
f 55/410/387 1679/457/427 939/463/432
f 1530/464/433 48/365/344 153/432/406
f 1590/465/434 55/410/387 157/466/435
f 157/466/435 939/463/432 1669/467/436
f 41/453/393 1610/468/437 868/469/438
f 777/353/334 138/372/329 37/354/329
f 1540/368/347 58/421/396 766/355/335
f 159/367/346 873/470/439 58/421/396
f 146/452/393 882/471/440 1610/468/437
f 144/472/329 829/473/441 40/413/329
f 752/348/330 139/352/329 1534/474/442
f 50/362/341 1614/417/392 858/426/400
f 935/475/443 151/476/393 46/477/393
f 787/377/355 167/435/409 1550/378/356
f 1565/478/444 1688/479/445 161/480/446
f 161/480/446 907/481/447 1644/482/448
f 147/420/395 893/483/449 42/440/393
f 757/380/358 166/434/408 1525/484/450
f 776/366/345 153/432/406 49/428/402
f 1615/485/451 43/486/393 146/452/393
f 60/379/357 1604/487/452 166/434/408
f 1589/488/453 1594/489/454 144/472/329
f 834/490/455 144/472/329 1599/491/456
f 151/476/393 940/492/457 1680/493/458
f 1675/494/459 1670/495/460 151/476/393
f 39/496/373 1569/497/461 796/397/374
f 1544/498/462 36/499/373 140/388/329
f 164/356/336 888/500/463 56/373/351
f 45/445/395 1650/501/464 149/502/465
f 767/503/466 140/388/329 38/358/329
f 782/504/467 141/396/373 36/499/373
f 145/505/393 882/471/440 43/486/393
f 44/418/393 1620/506/468 145/505/393
f 1580/507/469 47/405/382 152/364/343
f 41/453/393 1665/460/429 857/451/423
s 4
f 1750/508/470 61/509/471 962/510/472
s 3
f 1660/511/473 46/477/393 150/458/393
f 142/512/474 820/513/475 1569/497/461
f 1574/514/476 1564/515/477 142/512/474
f 1655/516/478 1645/517/479 909/518/480
f 149/502/465 924/519/481 1645/517/479
f 1590/465/434 1685/520/482 839/521/483
f 825/522/484 143/415/329 1584/346/328
f 51/402/379 1664/427/401 930/456/426
f 157/466/435 944/523/485 1685/520/482
f 797/387/365 155/441/414 1555/375/353
f 1599/491/456 40/413/329 825/522/484
f 46/477/393 1680/493/458 929/459/428
f 148/424/395 903/524/486 45/445/395
f 36/499/373 1554/398/375 786/389/366
f 1525/484/450 54/350/332 771/525/487
f 872/526/488 147/420/395 1625/439/413
f 42/440/393 1635/527/489 148/424/395
f 1565/478/444 59/448/420 819/394/371
f 1559/528/490 39/496/373 141/396/373
f 158/381/359 898/529/491 57/383/361
f 161/480/446 925/530/492 59/448/420
f 1534/474/442 37/354/329 772/370/349
f 138/372/329 756/360/339 1524/369/348
f 863/531/493 145/505/393 1605/532/494
f 1605/532/494 43/486/393 877/533/495
f 143/415/329 761/534/496 35/347/329
f 792/535/497 142/512/474 39/496/373
f 897/446/418 149/502/465 1655/516/478
f 868/469/438 150/458/393 41/453/393
s 4
f 1701/536/498 80/537/499 186/538/500
f 169/539/471 987/540/501 63/541/471
f 976/542/502 194/543/503 1711/544/504
f 64/545/471 1715/546/505 966/547/506
f 961/548/507 186/538/500 76/549/508
f 972/550/509 182/551/510 74/552/511
f 986/553/512 189/554/513 1706/555/514
f 63/541/471 1690/556/515 982/557/516
f 1705/558/517 64/545/471 168/559/471
f 1711/544/504 82/560/518 991/561/519
f 1721/562/520 79/563/521 997/564/522
f 1716/565/523 85/566/524 967/567/525
f 991/561/519 188/568/526 1726/569/527
f 1726/569/527 83/570/528 1001/571/529
f 1736/572/530 78/573/531 1007/574/532
f 170/575/471 996/576/533 1715/546/505
f 1001/571/529 195/577/534 1741/578/535
f 1741/578/535 1853/579/536 1013/580/537
f 1030/581/538 193/582/539 1736/572/530
f 171/583/540 1006/584/541 1720/585/542
f 1751/586/543 76/549/508 184/587/544
f 1047/588/545 184/587/544 77/589/546
f 1053/590/547 190/591/548 73/592/549
f 61/509/471 1695/593/550 169/539/471
f 1766/594/551 77/589/546 192/595/552
f 1058/596/553 192/595/552 81/597/554
f 1761/598/555 1850/599/556 190/591/548
f 66/600/471 1745/601/557 173/602/471
f 186/538/500 1101/603/558 1780/604/559
f 70/605/560 1796/606/561 177/607/560
f 84/608/562 1790/609/563 194/543/503
f 1110/610/564 178/611/565 1806/612/566
f 184/587/544 1081/613/567 1830/614/568
f 75/615/569 1775/616/570 1106/617/571
f 75/615/569 1785/618/572 189/554/513
f 183/619/573 1090/620/574 1775/616/570
f 196/621/575 1101/603/558 80/537/499
f 197/622/576 1085/623/577 85/566/524
f 79/563/521 1795/624/578 197/622/576
f 82/560/518 1805/625/579 188/568/526
f 1791/626/580 68/627/581 1110/610/564
f 185/628/582 1115/629/583 79/563/521
f 78/573/531 1800/630/584 185/628/582
f 83/570/528 1820/631/585 195/577/534
f 1806/612/566 71/632/586 1120/633/587
f 193/582/539 1125/634/588 78/573/531
f 1857/635/589 1815/636/590 193/582/539
f 195/577/534 1131/637/591 1853/579/536
f 1080/638/592 176/639/560 67/640/560
f 74/552/511 1825/641/593 1090/620/574
f 182/551/510 1171/642/594 1825/641/593
f 192/595/552 1167/643/595 1845/644/596
f 180/645/560 1166/646/597 1831/647/598
f 73/592/549 1840/648/599 1171/642/594
f 190/591/548 1183/649/600 1840/648/599
f 81/597/554 1845/644/596 1176/650/601
f 1696/651/602 74/552/511 183/619/573
f 1756/652/603 81/653/554 187/654/604
f 187/654/604 1176/655/601 1835/656/605
f 67/640/560 1776/657/606 1091/658/607
f 987/540/501 168/559/471 63/541/471
f 1706/555/514 84/608/562 976/542/502
f 189/554/513 1096/659/608 84/608/562
f 176/639/560 1105/660/609 1776/657/606
f 174/661/471 1052/662/610 66/600/471
f 962/510/472 169/539/471 1700/663/611
f 76/549/508 1780/604/559 1081/613/567
f 1172/664/612 181/665/613 72/666/560
f 997/564/522 197/622/576 1716/565/523
f 1731/667/614 1854/668/615 191/669/616
f 191/669/616 1130/670/617 1810/671/618
f 177/607/560 1116/672/619 68/627/581
f 967/567/525 196/621/575 1691/673/620
f 986/553/512 183/619/573 75/615/569
f 1781/674/621 69/675/613 176/639/560
f 85/566/524 1770/676/622 196/621/575
f 1755/677/623 1760/678/624 174/661/471
f 1057/679/625 174/661/471 1765/680/626
f 181/665/613 1177/681/627 1846/682/628
f 1841/683/629 1836/684/630 181/665/613
f 65/685/631 1735/686/632 1006/584/541
f 1710/687/633 62/688/634 170/575/471
f 194/543/503 1111/689/635 82/560/518
f 71/632/586 1816/690/636 179/691/637
f 977/692/638 170/575/471 64/545/471
f 992/693/639 171/583/540 62/688/634
f 175/694/613 1105/660/609 69/675/613
f 70/605/560 1786/695/640 175/694/613
f 1746/696/641 73/592/549 182/551/510
f 67/640/560 1831/647/598 1080/638/592
f 1826/697/642 72/666/560 180/645/560
f 172/698/643 1031/699/644 1735/686/632
f 1740/700/645 1730/701/646 172/698/643
f 1821/702/647 1811/703/648 1132/704/649
f 179/691/637 1148/705/650 1811/703/648
f 1756/652/603 1851/706/651 1062/707/652
f 1048/708/653 173/602/471 1750/508/470
f 77/589/546 1830/614/568 1167/643/595
f 187/654/604 1181/709/654 1851/706/651
f 1007/574/532 185/628/582 1721/562/520
f 1765/680/626 66/600/471 1048/708/653
f 72/666/560 1846/682/628 1166/646/597
f 178/611/565 1126/710/655 71/632/586
f 62/688/634 1720/585/542 996/576/533
f 1691/673/620 80/537/499 981/711/656
f 1095/712/657 177/607/560 1791/626/580
f 68/627/581 1801/713/658 178/611/565
f 1731/667/614 1858/714/659 1029/715/660
f 1725/716/661 65/685/631 171/583/540
f 188/568/526 1121/717/662 83/570/528
f 191/669/616 1147/718/663 1858/714/659
f 1700/663/611 63/541/471 982/557/516
f 168/559/471 966/547/506 1690/556/515
f 1086/719/664 175/694/613 1771/720/665
f 1771/720/665 69/675/613 1100/721/666
f 173/602/471 971/722/667 61/509/471
f 1002/723/668 172/698/643 65/685/631
f 1120/633/587 179/691/637 1821/702/647
f 1091/658/607 180/645/560 67/640/560
s 1
f 252/724/669 258/725/670 257/726/671
f 255/727/672 259/728/673 258/725/670
f 257/726/671 258/725/670 269/729/674
f 258/725/670 260/730/675 269/729/674
f 261/731/676 263/732/677 253/733/678
f 262/734/679 264/735/680 261/731/676
f 264/735/680 256/736/681 263/732/677
f 265/737/682 259/728/673 264/735/680
f 254/48/45 268/738/683 267/739/684
f 266/740/685 269/741/686 268/738/683
f 267/739/684 265/742/687 262/743/688
f 268/744/683 260/730/689 265/737/687
f 288/745/690 290/746/691 285/747/692
f 289/748/693 291/749/694 288/750/690
f 291/751/694 300/752/695 290/746/691
f 291/751/694 292/753/696 293/754/697
f 286/146/137 297/755/698 296/756/699
f 294/757/700 298/758/701 297/755/698
f 296/756/699 292/759/702 289/748/693
f 297/755/698 293/760/703 292/759/702
f 299/761/704 301/762/705 287/64/60
f 300/752/695 302/763/706 299/761/704
f 302/763/706 295/764/707 301/762/705
f 302/763/706 293/765/697 298/766/708
f 303/178/165 308/767/709 307/768/710
f 306/769/711 309/770/712 308/767/709
f 307/768/710 320/771/713 317/772/714
f 308/767/709 310/773/715 320/771/713
f 304/774/716 314/775/717 313/776/718
f 311/777/719 315/778/720 314/775/717
f 313/776/721 309/779/722 306/780/723
f 314/781/717 310/773/724 309/770/722
f 316/782/725 318/783/726 305/784/727
f 317/772/714 319/785/728 316/782/725
f 319/785/728 312/786/729 318/783/726
f 320/771/713 315/787/730 319/785/728
f 371/137/128 376/788/731 375/789/732
f 374/790/733 377/791/734 376/788/731
f 375/789/732 387/792/735 384/793/736
f 376/788/731 378/794/737 387/792/735
f 372/105/97 381/795/738 374/796/739
f 379/797/740 382/798/741 381/795/738
f 374/796/739 381/795/738 377/799/742
f 381/795/738 378/800/743 377/799/744
f 383/801/745 385/802/746 373/174/162
f 384/793/736 386/803/747 383/804/745
f 386/805/747 380/806/748 385/802/746
f 387/792/749 382/807/741 386/803/747
f 408/808/167 414/809/750 413/810/751
f 411/811/752 415/812/753 414/809/750
f 413/810/751 414/809/750 424/813/754
f 414/809/750 416/814/755 424/813/754
f 417/815/756 419/816/757 409/817/758
f 418/818/759 420/819/760 417/820/756
f 420/821/760 412/822/761 419/816/757
f 421/823/762 415/812/763 420/821/760
f 410/117/108 423/824/764 422/825/765
f 413/826/766 424/813/767 423/824/764
f 422/825/765 421/823/762 418/827/759
f 423/824/764 416/814/768 421/823/762
s 2
f 428/828/769 430/829/770 425/164/152
f 429/830/771 431/831/772 428/828/769
f 431/831/772 438/832/773 430/829/770
f 431/831/772 436/833/774 432/834/775
f 433/835/776 435/836/777 426/837/778
f 434/838/779 436/839/774 433/835/776
f 435/836/777 436/833/774 429/830/771
f 438/832/773 439/840/780 437/841/781
f 439/840/780 434/838/779 437/842/781
s 5
f 440/220/782 443/843/783 444/844/782
s 6
f 444/845/784 1863/846/785 445/847/785
s 7
f 441/265/786 444/848/786 443/849/787
s 8
f 447/850/788 1863/846/789 444/851/790
s 2
f 448/852/791 451/853/792 452/854/793
s 9
f 454/855/794 456/856/795 449/316/796
s 2
f 450/236/220 457/857/797 458/858/798
f 457/857/799 451/859/792 458/860/800
s 10
f 458/860/801 453/861/802 455/862/803
s 2
f 458/860/800 451/859/792 453/861/804
f 459/318/300 462/863/805 463/864/806
s 11
f 463/865/807 464/866/807 1864/867/808
s 2
f 460/248/231 463/868/809 466/869/810
s 12
f 463/870/811 465/871/811 1864/872/811
s 13
f 466/869/812 463/873/813 462/874/814
s 2
f 468/344/326 471/875/815 472/876/816
f 471/877/815 474/878/817 472/879/816
f 472/879/816 473/880/818 477/881/819
f 469/882/820 474/883/821 475/884/822
f 474/885/817 479/886/823 477/887/819
s 14
f 475/884/824 474/878/824 471/877/824
s 2
f 474/883/817 477/887/819 473/880/818
s 15
f 476/888/825 478/889/826 470/196/827
s 2
f 483/890/828 485/891/829 480/892/830
f 483/890/828 484/893/831 486/894/832
f 485/891/829 486/895/832 492/896/833
f 486/894/832 484/893/831 487/897/834
f 488/898/835 490/899/836 489/900/837
f 489/901/837 490/899/836 484/902/831
f 490/899/836 487/897/834 484/893/831
f 491/903/838 493/904/839 482/263/246
f 492/896/833 494/905/840 491/903/838
f 494/905/840 488/898/835 493/904/839
f 494/905/840 486/895/832 487/906/834
s 16
f 498/907/841 499/908/842 495/909/843
s 17
f 498/907/844 500/910/845 504/911/846
s 2
f 497/271/254 503/912/847 504/913/848
s 18
f 503/912/849 499/914/850 504/915/849
s 17
f 504/915/846 1865/916/851 502/917/852
f 504/918/846 500/919/845 1865/916/851
s 2
f 508/920/853 510/921/854 505/294/277
f 508/920/853 509/922/855 511/923/856
f 511/923/856 517/924/857 510/921/854
f 511/923/856 512/925/858 519/926/859
f 513/927/860 514/928/861 515/929/862
f 513/930/860 515/929/862 509/931/855
f 514/928/861 509/922/855 515/929/862
f 516/932/863 518/933/864 507/284/267
f 516/932/863 517/924/857 519/934/859
f 518/933/864 519/934/859 514/935/861
f 519/926/859 512/925/858 514/928/861
s 19
f 520/199/865 523/936/866 526/937/867
s 20
f 523/938/868 1866/939/869 1862/940/870
s 21
f 522/292/871 526/941/871 527/942/871
s 19
f 526/943/867 523/944/866 527/945/872
s 22
f 1862/940/873 525/946/874 527/945/875
s 2
f 199/281/264 198/947/876 532/948/877
f 530/949/878 531/950/879 198/951/876
f 532/948/877 540/952/880 537/953/881
f 528/250/233 200/954/882 201/955/883
f 533/956/884 535/957/885 200/958/882
f 201/955/883 198/959/876 531/950/879
f 200/954/882 540/960/880 198/959/876
f 536/961/886 538/962/887 529/301/283
f 537/953/881 539/963/888 536/961/886
f 539/963/888 534/964/889 538/962/887
f 539/963/888 540/965/880 535/957/890
f 541/966/227 546/967/891 545/968/892
f 544/969/893 546/967/891 541/966/894
f 546/967/891 554/970/895 545/968/892
f 546/967/891 547/971/896 557/972/897
f 542/291/274 551/973/898 550/974/899
f 548/975/900 552/976/901 551/973/898
f 550/974/899 547/977/902 544/978/903
s 23
f 551/973/904 557/979/905 547/977/906
s 2
f 553/980/907 555/981/908 543/261/244
f 554/970/895 556/982/909 553/980/907
f 556/982/909 549/983/910 555/981/908
f 556/982/909 557/984/911 552/985/912
f 561/986/913 563/987/914 558/276/259
f 562/988/915 564/989/916 561/986/913
f 564/989/916 573/990/917 563/987/914
f 564/989/916 566/991/918 576/992/919
f 567/993/920 569/994/921 559/255/238
f 568/995/922 570/996/923 567/993/920
f 570/996/923 562/988/915 569/994/921
f 570/996/923 566/991/918 565/997/924
f 560/303/285 575/998/925 574/999/926
f 572/1000/927 576/992/919 575/998/925
f 575/998/925 568/995/922 574/999/926
f 575/998/925 566/991/918 571/1001/928
f 580/1002/929 582/1003/930 577/232/216
f 581/1004/931 583/1005/932 580/1002/929
f 583/1005/932 590/1006/933 582/1003/930
f 583/1005/932 584/1007/934 593/1008/935
f 578/1009/284 587/1010/936 586/1011/937
f 585/1012/938 588/1013/939 587/1010/936
f 586/1011/937 584/1007/940 581/1004/941
s 24
f 587/1010/942 593/1014/943 584/1007/944
s 2
f 579/269/252 592/1015/945 591/1016/946
f 589/1017/947 593/1008/948 592/1015/945
f 591/1016/946 592/1015/945 588/1013/949
f 592/1015/945 593/1014/948 588/1013/949
f 594/282/265 599/1018/950 598/1019/951
f 597/1020/952 600/1021/953 599/1018/950
f 598/1019/951 611/1022/954 608/1023/955
f 599/1018/950 601/1024/956 611/1022/954
f 595/309/291 605/1025/957 604/1026/958
f 602/1027/959 606/1028/960 605/1025/957
f 604/1026/961 600/1021/962 597/1020/963
f 605/1025/957 601/1024/956 600/1021/962
f 607/1029/964 609/1030/965 596/1031/317
f 608/1023/955 610/1032/966 607/1029/964
f 610/1032/966 603/1033/967 609/1030/965
f 611/1022/954 606/1028/960 610/1032/966
f 615/1034/968 617/1035/969 612/321/303
f 616/1036/970 618/1037/971 615/1034/968
f 618/1037/971 625/1038/972 617/1035/969
f 620/1039/973 622/1040/974 613/1041/318
f 621/1042/975 623/1043/976 620/1039/973
f 623/1043/976 616/1036/970 622/1040/974
f 624/1044/977 626/1045/978 614/1046/979
f 625/1038/972 627/1047/980 624/1044/977
f 627/1047/980 621/1042/975 626/1045/978
f 628/320/302 634/1048/981 633/1049/982
f 631/1050/983 635/1051/984 634/1048/981
f 633/1049/982 634/1048/981 645/1052/985
f 634/1048/981 636/1053/986 645/1052/985
f 637/1054/987 639/1055/988 629/1056/209
f 638/1057/989 640/1058/990 637/1054/987
f 640/1058/990 632/1059/991 639/1055/988
f 641/1060/992 635/1051/984 640/1058/990
f 630/1061/993 644/1062/994 643/1063/995
f 642/1064/996 645/1052/997 644/1062/994
f 643/1063/995 641/1060/992 638/1057/989
f 644/1062/994 636/1053/986 641/1060/992
f 649/1065/998 651/1066/999 646/226/210
f 650/1067/1000 652/1068/1001 649/1065/998
f 652/1068/1001 660/1069/1002 651/1066/999
f 652/1068/1001 653/1070/1003 663/1071/1004
f 654/1072/1005 656/1073/1006 647/314/296
f 655/1074/1007 657/1075/1008 654/1072/1005
f 657/1075/1008 650/1067/1000 656/1073/1006
f 658/1076/1009 653/1070/1003 657/1075/1008
f 659/1077/1010 661/1078/1011 648/1079/305
f 660/1069/1002 662/1080/1012 659/1077/1010
f 662/1080/1012 655/1074/1007 661/1078/1011
f 662/1080/1012 663/1081/1004 658/1076/1009
f 664/341/323 670/1082/1013 669/1083/1014
f 667/1084/1015 671/1085/1016 670/1082/1013
f 669/1083/1014 670/1082/1013 681/1086/1017
f 670/1082/1013 672/1087/1018 681/1086/1017
f 673/1088/1019 675/1089/1020 665/1090/309
f 674/1091/1021 676/1092/1022 673/1088/1019
f 676/1092/1022 668/1093/1023 675/1089/1020
f 677/1094/1024 671/1085/1025 676/1092/1022
f 666/1095/1026 680/1096/1027 679/1097/1028
s 25
f 678/1098/1029 681/1086/1030 680/1096/1031
s 2
f 679/1097/1028 677/1094/1032 674/1091/1021
f 680/1096/1027 672/1087/1033 677/1094/1032
f 682/213/197 687/1099/1034 686/1100/1035
f 685/1101/1036 688/1102/1037 687/1099/1034
f 686/1100/1035 699/1103/1038 696/1104/1039
f 687/1099/1034 689/1105/1040 699/1103/1038
f 683/315/297 693/1106/1041 692/1107/1042
f 690/1108/1043 694/1109/1044 693/1106/1041
f 692/1107/1042 693/1106/1041 688/1102/1045
f 693/1106/1041 689/1105/1040 688/1102/1045
f 695/1110/1046 697/1111/1047 684/1112/322
f 696/1104/1039 698/1113/1048 695/1110/1046
f 698/1113/1048 691/1114/1049 697/1111/1047
f 699/1103/1038 694/1109/1044 698/1113/1048
f 700/345/327 706/1115/1050 705/1116/1051
f 703/1117/1052 707/1118/1053 706/1115/1050
s 26
f 705/1116/1054 716/1119/1055 714/1120/1056
f 706/1115/1057 708/1121/1058 716/1119/1055
s 2
f 709/1122/1059 711/1123/1060 701/1124/200
f 710/1125/1061 712/1126/1062 709/1122/1059
f 712/1126/1062 704/1127/1063 711/1123/1060
f 702/307/289 716/1128/1064 715/1129/1065
f 713/1130/1066 714/1120/1067 716/1128/1064
f 715/1129/1065 707/1131/1068 710/1125/1061
s 27
f 716/1119/1069 708/1121/1070 707/1131/1071
s 2
f 720/1132/1072 722/1133/1073 717/1134/1074
f 721/1135/1075 723/1136/1076 720/1132/1072
f 723/1136/1076 731/1137/1077 722/1133/1073
f 723/1136/1076 724/1138/1078 734/1139/1079
f 725/1140/1080 727/1141/1081 718/304/286
f 726/1142/1082 728/1143/1083 725/1140/1080
f 728/1143/1083 721/1135/1075 727/1141/1081
f 728/1143/1083 729/1144/1084 724/1145/1078
f 730/1146/1085 732/1147/1086 719/1148/188
f 731/1137/1077 733/1149/1087 730/1146/1085
f 733/1149/1087 726/1142/1082 732/1147/1086
f 734/1139/1079 729/1144/1084 733/1149/1087
f 735/202/186 741/1150/1088 740/1151/1089
f 738/1152/1090 739/1153/1091 741/1150/1088
f 740/1151/1089 750/1154/1092 747/1155/1093
s 28
f 741/1156/1094 742/1157/1095 750/1154/1096
s 2
f 736/306/288 741/1158/1097 745/1159/1098
f 743/1160/1099 750/1161/1100 741/1158/1097
f 745/1159/1098 741/1156/1097 739/1153/1101
f 746/1162/1102 748/1163/1103 737/1164/313
f 747/1155/1093 749/1165/1104 746/1162/1102
f 749/1165/1105 744/1166/1106 748/1163/1103
s 3
f 801/1167/1107 807/1168/1108 806/1169/1109
f 804/1170/1110 808/1171/1111 807/1168/1108
f 806/1169/1109 807/1168/1108 818/1172/1112
f 807/1168/1108 809/1173/1113 818/1172/1112
f 810/1174/1114 812/1175/1115 802/1176/1116
f 811/1177/1117 813/1178/1118 810/1174/1114
f 813/1178/1118 805/1179/1119 812/1175/1115
f 814/1180/1120 808/1171/1111 813/1178/1118
f 803/393/370 817/1181/1121 816/1182/1122
f 815/1183/1123 818/1184/1124 817/1181/1121
f 816/1185/1122 814/1180/1125 811/1177/1126
f 817/1186/1121 809/1173/1127 814/1180/1125
f 839/1187/483 844/1188/1128 843/1189/1129
f 842/1190/1130 845/1191/1131 844/1188/1128
f 843/1189/1129 856/1192/1132 853/1193/1133
f 844/1188/1128 846/1194/1134 856/1192/1132
f 840/1195/1135 850/1196/1136 849/1197/1137
f 847/1198/1138 851/1199/1139 850/1200/1136
f 849/1201/1137 850/1200/1136 845/1191/1140
f 850/1200/1136 846/1194/1141 845/1191/1140
f 852/1202/1142 854/1203/1143 841/1204/1144
f 853/1193/1133 855/1205/1145 852/1202/1142
f 855/1205/1145 848/1206/1146 854/1203/1143
f 856/1192/1132 851/1199/1147 855/1205/1145
f 907/481/447 912/1207/1148 911/1208/1149
f 910/1209/1150 913/1210/1151 912/1207/1148
f 911/1208/1149 923/1211/1152 920/1212/1153
f 912/1207/1148 914/1213/1154 923/1211/1152
f 908/450/422 917/1214/1155 910/1215/1156
f 915/1216/1157 918/1217/1158 917/1214/1155
f 910/1215/1156 917/1214/1155 913/1210/1159
f 917/1214/1155 914/1213/1160 913/1210/1159
f 919/1218/1161 921/1219/1162 909/518/480
f 920/1212/1153 922/1220/1163 919/1218/1161
f 922/1220/1163 916/1221/1164 921/1219/1162
f 923/1211/1165 918/1217/1158 922/1220/1163
f 944/523/485 949/1222/1166 957/1223/1167
f 947/1224/1168 950/1225/1169 949/1222/1166
f 957/1223/1167 949/1222/1166 960/1226/1170
f 949/1222/1166 951/1227/1171 960/1226/1172
f 952/1228/1173 954/1229/1174 945/1230/1175
f 953/1231/1176 955/1232/1177 952/1228/1173
f 955/1232/1177 948/1233/1178 954/1229/1174
f 956/1234/1179 950/1225/1180 955/1232/1177
f 946/462/431 959/1235/1181 958/1236/1182
f 957/1237/1183 960/1226/1184 959/1235/1181
f 958/1236/1182 956/1234/1179 953/1231/1176
f 959/1235/1181 951/1227/1185 956/1234/1179
s 4
f 1011/1238/1186 1017/1239/1187 1016/1240/1188
f 1014/1241/1189 1018/1242/1190 1017/1239/1187
f 1016/1240/1188 1028/1243/1191 1025/1244/1192
f 1017/1239/1187 1019/1245/1193 1028/1243/1191
f 1020/1246/1194 1022/1247/1195 1012/1248/1196
f 1021/1249/1197 1023/1250/1198 1020/1246/1194
f 1023/1250/1198 1015/1251/1199 1022/1247/1195
f 1024/1252/1200 1018/1242/1190 1023/1250/1198
f 1013/580/537 1027/1253/1201 1026/1254/1202
f 1025/1244/1203 1028/1243/1204 1027/1255/1201
f 1026/1254/1202 1024/1256/1205 1021/1257/1197
f 1027/1255/1201 1019/1245/1206 1024/1252/1205
f 1032/1258/1207 1034/1259/1208 1029/715/660
f 1033/1260/1209 1035/1261/1210 1032/1258/1207
f 1035/1261/1210 1043/1262/1211 1034/1259/1208
f 1035/1261/1210 1036/1263/1212 1046/1264/1213
f 1037/1265/1214 1039/1266/1215 1030/581/538
f 1038/1267/1216 1040/1268/1217 1037/1265/1214
f 1039/1266/1215 1036/1269/1212 1033/1260/1209
f 1040/1268/1217 1041/1270/1218 1036/1269/1212
f 1031/699/644 1045/1271/1219 1044/1272/1220
f 1042/1273/1221 1046/1274/1222 1045/1271/1219
f 1044/1272/1220 1041/1275/1223 1038/1276/1224
f 1045/1271/1225 1036/1277/1212 1041/1275/1218
f 1062/707/652 1067/1278/1226 1066/1279/1227
f 1065/1280/1228 1068/1281/1229 1067/1278/1226
f 1066/1279/1227 1079/1282/1230 1076/1283/1231
f 1067/1278/1226 1069/1284/1232 1079/1282/1230
f 1063/1285/1233 1073/1286/1234 1072/1287/1235
f 1070/1288/1236 1074/1289/1237 1073/1286/1234
f 1072/1287/1238 1068/1281/1239 1065/1280/1240
f 1073/1286/1234 1069/1284/1241 1068/1281/1239
f 1075/1290/1242 1077/1291/1243 1064/1292/1244
f 1076/1283/1231 1078/1293/1245 1075/1290/1242
f 1078/1293/1245 1071/1294/1246 1077/1291/1243
f 1079/1282/1230 1074/1289/1247 1078/1293/1245
f 1130/670/617 1134/1295/1248 1133/1296/1249
f 1139/1297/1250 1135/1298/1251 1134/1295/1248
f 1133/1296/1249 1146/1299/1252 1143/1300/1253
f 1134/1295/1248 1136/1301/1254 1146/1299/1252
f 1131/637/591 1140/1302/1255 1139/1303/1256
f 1137/1304/1257 1141/1305/1258 1140/1302/1255
f 1139/1303/1256 1140/1302/1255 1135/1298/1259
f 1140/1302/1255 1136/1301/1260 1135/1298/1259
f 1142/1306/1261 1144/1307/1262 1132/704/649
f 1143/1300/1253 1145/1308/1263 1142/1306/1261
f 1145/1308/1263 1138/1309/1264 1144/1307/1262
f 1146/1299/1265 1141/1305/1258 1145/1308/1263
f 1150/1310/1266 1152/1311/1267 1147/718/663
f 1151/1312/1268 1153/1313/1269 1150/1310/1266
f 1153/1313/1269 1162/1314/1270 1152/1311/1267
f 1153/1313/1269 1155/1315/1271 1165/1316/1272
f 1156/1317/1273 1158/1318/1274 1148/705/650
f 1156/1317/1273 1160/1319/1275 1159/1320/1276
f 1159/1320/1276 1151/1312/1268 1158/1318/1274
f 1159/1320/1276 1155/1315/1271 1154/1321/1277
f 1161/1322/1278 1163/1323/1279 1149/1324/1280
f 1162/1314/1270 1164/1325/1281 1161/1322/1278
f 1164/1325/1281 1157/1326/1282 1163/1323/1279
f 1165/1316/1272 1160/1319/1275 1164/1325/1281
f 1181/709/654 1187/1327/1283 1186/1328/1284
f 1184/1329/1285 1188/1330/1286 1187/1327/1283
f 1186/1328/1284 1187/1327/1283 1197/1331/1287
f 1187/1327/1283 1189/1332/1288 1197/1331/1287
f 1190/1333/1289 1192/1334/1290 1182/1335/1291
f 1191/1336/1292 1193/1337/1293 1190/1333/1289
f 1193/1337/1293 1185/1338/1294 1192/1334/1290
f 1194/1339/1295 1188/1340/1296 1193/1337/1293
f 1183/649/600 1196/1341/1297 1195/1342/1298
f 1186/1343/1299 1197/1344/1300 1196/1341/1297
f 1195/1342/1298 1194/1339/1295 1191/1336/1292
f 1196/1341/1297 1189/1345/1301 1194/1339/1295
s 1
f 1358/121/112 1361/1346/1302 1360/123/114
f 1361/1346/1302 1362/1347/1303 1360/123/114
f 1362/1347/1303 1363/1348/1304 1360/123/114
f 1363/1348/1304 1359/65/61 1360/123/114
f 223/25/24 1200/1349/1305 226/1350/1306
f 226/1350/1306 1201/1351/1307 225/1352/1308
f 225/1352/1309 1202/1353/1310 224/1354/1311
f 1202/1355/1310 222/183/169 224/1356/1311
f 1198/24/23 209/1357/1312 1200/1349/1305
f 1200/1349/1305 210/1358/1313 1201/1351/1307
f 1201/1351/1314 211/1359/1315 1202/1353/1310
f 211/1360/1315 1199/140/131 1202/1355/1310
f 1203/61/57 231/1361/1316 228/8/8
f 1205/1362/1317 230/1363/1318 231/1361/1316
f 1206/1364/1319 229/1365/1320 230/1366/1321
f 229/1365/1320 1204/119/110 227/21/20
f 212/194/178 1205/1362/1317 1203/61/57
f 214/1367/1322 1206/1368/1323 1205/1362/1317
f 215/1369/1324 1207/1370/1325 1206/1364/1319
f 1207/1370/1325 213/18/17 1204/119/110
f 1208/130/121 206/1371/1326 203/3/3
f 1210/1372/1327 205/1373/1328 206/1371/1326
f 1211/1374/1329 204/1375/1330 205/1373/1331
f 204/1376/1330 1209/4/4 202/16/15
f 223/25/24 1210/1372/1327 1208/130/121
f 226/1350/1306 1211/1374/1332 1210/1372/1327
f 225/1352/1309 1212/1377/1333 1211/1374/1329
f 1212/1378/1333 222/183/169 1209/4/4
f 218/159/148 1215/1379/1334 221/1380/1335
f 221/1380/1335 1216/1381/1336 220/1382/1337
f 220/1383/1338 1217/1384/1339 219/1385/1340
f 1217/1384/1339 217/10/9 219/1385/1340
f 1213/26/25 231/1361/1316 1215/1379/1334
f 1215/1379/1334 230/1363/1318 1216/1381/1336
f 1216/1386/1341 229/1365/1320 1217/1384/1339
f 229/1365/1320 1214/23/22 1217/1384/1339
f 233/160/149 1220/1387/1342 236/1388/1343
f 236/1388/1343 1221/1389/1344 235/1390/1345
f 235/1391/1346 1222/1392/1347 234/1393/1348
f 1222/1392/1347 232/29/27 234/1393/1348
f 1218/154/144 221/1380/1335 1220/1387/1342
f 1220/1387/1342 220/1382/1337 1221/1389/1344
f 1221/1394/1349 219/1385/1340 1222/1392/1347
f 219/1385/1340 1219/12/11 1222/1392/1347
f 207/15/14 1225/1395/1350 209/1357/1312
f 209/1357/1312 1226/1396/1351 210/1358/1313
f 210/1358/1352 1227/1397/1353 211/1359/1315
f 1227/1398/1353 208/35/33 211/1360/1315
f 1223/14/13 239/1399/1354 1225/1395/1350
f 1225/1395/1350 240/1400/1355 1226/1396/1351
f 1226/1396/1356 241/1401/1357 1227/1397/1353
f 241/1402/1357 1224/33/31 1227/1398/1353
f 237/44/41 1230/1403/1358 239/1399/1354
f 239/1399/1354 1231/1404/1359 240/1400/1355
f 240/1400/1360 1232/1405/1361 241/1401/1357
f 1232/1406/1361 238/32/30 241/1402/1357
f 1228/53/49 249/1407/1362 1230/1403/1358
f 1230/1403/1358 250/1408/1363 1231/1404/1359
f 1231/1404/1364 251/1409/1365 1232/1405/1361
f 251/1410/1365 1229/30/28 1232/1406/1361
f 243/195/179 1235/1411/1366 246/1412/1367
f 246/1412/1367 1236/1413/1368 245/1414/1369
f 245/1415/1370 1237/1416/1371 244/1417/1372
f 1237/1416/1371 242/39/37 244/1417/1372
f 1233/188/172 236/1388/1343 1235/1411/1366
f 1235/1411/1366 235/1390/1345 1236/1413/1368
f 1236/1418/1373 234/1393/1348 1237/1416/1371
f 234/1393/1348 1234/37/35 1237/1416/1371
f 1238/171/159 274/1419/1374 271/169/157
f 1240/1420/1375 273/1421/1376 274/1419/1374
f 1241/1422/1377 272/1423/1378 273/1421/1376
f 1242/1424/1379 270/187/46 272/1423/1378
f 253/733/678 1240/1420/1375 1238/171/159
f 263/732/677 1241/1422/1377 1240/1420/1375
f 256/736/681 1242/1424/1379 1241/1422/1377
f 255/727/672 1239/134/125 1242/1424/1379
f 247/52/48 1245/1425/1380 249/1407/1362
f 249/1407/1362 1246/1426/1381 250/1408/1363
f 250/1408/1382 1247/1427/1383 251/1409/1365
f 251/1410/1365 1244/40/38 248/42/40
f 1243/153/143 274/1419/1374 1245/1425/1380
f 1245/1425/1384 273/1421/1376 1246/1426/1381
f 1246/1426/1385 272/1423/1378 1247/1427/1383
f 272/1428/1378 1244/40/38 1247/1429/1383
f 253/733/678 1250/1430/1386 261/731/676
f 261/731/676 1251/1431/1387 262/734/679
f 262/743/688 1252/1432/1388 267/739/684
f 267/739/684 1249/46/43 254/48/45
f 1248/170/158 246/1412/1367 1250/1430/1386
f 1250/1430/1386 245/1414/1369 1251/1431/1387
f 1251/1433/1389 244/1417/1372 1252/1432/1388
f 1252/1432/1388 242/39/37 1249/46/43
f 1253/69/65 214/1367/1322 212/194/178
f 1255/1434/1390 215/1435/1391 214/1367/1322
f 1256/1436/1392 216/1437/1393 215/1369/1324
f 216/1437/1393 1254/163/151 213/18/17
f 280/129/120 1255/1434/1390 1253/69/65
f 282/1438/1394 1256/1439/1395 1255/1434/1390
f 283/1440/1396 1257/1441/1397 1256/1436/1392
f 284/1442/1398 1254/163/151 1257/1441/1397
f 1258/1/1 279/1443/1399 276/179/166
f 1260/1444/1400 278/1445/1401 279/1443/1399
f 1261/1446/1402 277/1447/1403 278/1445/1404
f 277/1448/1403 1259/54/50 275/56/52
f 203/3/3 1260/1444/1400 1258/1/1
f 206/1371/1326 1261/1446/1405 1260/1444/1400
f 205/1373/1331 1262/1449/1406 1261/1446/1402
f 1262/1450/1406 202/16/15 1259/54/50
f 305/784/727 1265/1451/1407 316/782/725
f 316/782/725 1266/1452/1408 317/772/714
f 317/772/714 1267/1453/1409 307/768/710
f 307/768/710 1264/176/111 303/178/165
f 1263/144/135 296/756/699 1265/1451/1407
f 1265/1451/1407 289/748/693 1266/1452/1408
f 1266/1452/1408 288/750/690 1267/1453/1409
f 1267/1454/1409 285/747/692 1264/120/111
f 1268/145/136 282/1438/1394 280/129/120
f 1270/1455/1410 283/1456/1411 282/1438/1394
f 1271/1457/1412 284/1442/1398 283/1440/1396
f 1272/1458/1413 281/58/54 284/1442/1398
f 305/784/727 1270/1455/1410 1268/145/136
f 318/783/726 1271/1459/1414 1270/1455/1410
f 312/1460/1415 1272/1458/1413 1271/1457/1412
f 311/777/719 1269/66/62 1272/1458/1413
f 1273/147/138 294/757/700 286/146/137
f 1275/1461/1416 295/1462/1417 294/757/700
f 1276/1463/1418 301/1464/705 295/1462/707
f 1277/1465/1419 287/64/60 301/762/705
f 276/179/166 1275/1461/1416 1273/147/138
f 279/1443/1399 1276/1463/1420 1275/1461/1416
f 278/1445/1404 1277/1466/1419 1276/1463/1418
f 277/1448/1403 1274/62/58 1277/1465/1419
f 1278/143/134 345/1467/1421 342/71/67
f 1280/1468/1422 344/1469/1423 345/1467/1421
f 1281/1470/1424 343/1471/1425 344/1469/1423
f 1282/1472/1426 341/193/177 343/1471/1425
f 326/91/85 1280/1468/1422 1278/143/134
f 328/1473/1427 1281/1470/1424 1280/1468/1422
f 329/1474/1428 1282/1472/1426 1281/1470/1424
f 330/1475/1429 1279/192/176 1282/1472/1426
f 347/85/79 1285/1476/1430 350/1477/1431
f 350/1477/1431 1286/1478/1432 349/1479/1433
f 349/1479/1433 1287/1480/1434 348/1481/1435
f 348/1481/1435 1284/124/115 346/127/118
f 1283/84/78 333/1482/1436 1285/1476/1430
f 1285/1476/1430 334/1483/1437 1286/1478/1432
f 1286/1478/1432 335/1484/1438 1287/1480/1434
f 1287/1480/1434 332/125/116 1284/124/115
f 322/81/75 1290/1485/1439 325/1486/1440
f 325/1486/1440 1291/1487/1441 324/1488/1442
f 324/1488/1442 1292/1489/1443 323/1490/1444
f 323/1490/1444 1289/141/132 321/106/98
f 1288/72/68 345/1467/1421 1290/1485/1439
f 1290/1485/1439 344/1469/1423 1291/1487/1441
f 1291/1487/1441 343/1471/1425 1292/1489/1443
f 1292/1489/1443 341/193/177 1289/141/132
f 1293/86/80 340/1491/1445 337/126/117
f 1295/1492/1446 339/1493/1447 340/1491/1445
f 1296/1494/1448 338/1495/1449 339/1493/1447
f 1297/1496/1450 336/184/170 338/1495/1449
f 347/85/79 1295/1492/1446 1293/86/80
f 350/1477/1431 1296/1494/1448 1295/1492/1446
f 349/1479/1433 1297/1496/1450 1296/1494/1448
f 348/1481/1435 1294/162/150 1297/1496/1450
f 1298/77/72 355/1497/1451 352/156/145
f 1300/1498/1452 354/1499/1453 355/1497/1451
f 1301/1500/1454 353/1501/1455 354/1499/1453
f 1302/1502/1456 351/78/73 353/1501/1455
f 337/126/117 1300/1498/1452 1298/77/72
f 340/1491/1445 1301/1500/1454 1300/1498/1452
f 339/1493/1447 1302/1502/1456 1301/1500/1454
f 338/1495/1449 1299/94/88 1302/1502/1456
f 1303/92/86 328/1473/1427 326/91/85
f 1305/1503/1457 329/1474/1428 328/1473/1427
f 1306/1504/1458 330/1475/1429 329/1474/1428
f 1307/1505/1459 327/191/175 330/1475/1429
f 356/97/90 1305/1503/1457 1303/92/86
f 358/1506/1460 1306/1504/1458 1305/1503/1457
f 359/1507/1461 1307/1505/1459 1306/1504/1458
f 360/1508/1462 1304/74/70 1307/1505/1459
f 1308/98/91 358/1506/1460 356/97/90
f 1310/1509/1463 359/1507/1461 358/1506/1460
f 1311/1510/1464 360/1508/1462 359/1507/1461
f 1312/1511/1465 357/139/130 360/1508/1462
f 366/102/94 1310/1509/1463 1308/98/91
f 368/1512/1466 1311/1510/1464 1310/1509/1463
f 369/1513/1467 1312/1511/1465 1311/1510/1464
f 370/1514/1468 1309/185/171 1312/1511/1465
f 1313/93/87 365/1515/1469 362/189/173
f 1315/1516/1470 364/1517/1471 365/1515/1469
f 1316/1518/1472 363/1519/1473 364/1517/1471
f 1317/1520/1474 361/101/93 363/1519/1473
f 352/156/145 1315/1516/1470 1313/93/87
f 355/1497/1451 1316/1518/1472 1315/1516/1470
f 354/1499/1453 1317/1520/1474 1316/1518/1472
f 353/1501/1455 1314/80/74 1317/1520/1474
f 389/190/174 1320/1521/1475 392/1522/1476
f 392/1522/1476 1321/1523/1477 391/1524/1478
f 391/1524/1478 1322/1525/1479 390/1526/1480
f 390/1527/1480 1319/173/161 388/175/163
f 1318/138/129 375/789/732 1320/1521/1475
f 1320/1521/1475 384/793/736 1321/1523/1477
f 1321/1523/1477 383/804/745 1322/1525/1479
f 1322/1528/1479 373/174/162 1319/173/161
f 1323/104/96 368/1512/1466 366/102/94
f 1325/1529/1481 369/1513/1467 368/1512/1466
f 1326/1530/1482 370/1514/1468 369/1513/1467
f 1327/1531/1483 367/182/168 370/1514/1468
f 389/1532/174 1325/1529/1481 1323/104/96
f 392/1533/1476 1326/1530/1482 1325/1529/1481
f 391/1534/1478 1327/1531/1483 1326/1530/1482
f 390/1527/1480 1324/157/146 1327/1531/1483
f 1328/99/92 379/797/740 372/105/97
f 1330/1535/1484 380/806/748 379/797/740
f 1331/1536/1485 385/802/746 380/806/748
f 1332/1537/1486 373/174/162 385/802/746
f 362/189/173 1330/1535/1484 1328/99/92
f 365/1515/1469 1331/1536/1485 1330/1535/1484
f 364/1517/1471 1332/1537/1486 1331/1536/1485
f 363/1519/1473 1329/172/160 1332/1537/1486
f 331/88/82 1335/1538/1487 333/1482/1436
f 333/1482/1436 1336/1539/1488 334/1483/1437
f 334/1483/1437 1337/1540/1489 335/1484/1438
f 335/1484/1438 1334/167/155 332/125/116
f 1333/109/100 400/1541/1490 1335/1538/1487
f 1335/1538/1487 401/1542/1491 1336/1539/1488
f 1336/1543/1488 402/1544/1492 1337/1545/1489
f 1337/1545/1489 399/1546/122 1334/1547/155
f 394/111/102 1340/1548/1493 397/1549/1494
f 397/1549/1494 1341/1550/1495 396/1551/1496
f 396/1551/1496 1342/1552/1497 395/1553/1498
f 395/1553/1498 1339/115/106 393/114/105
f 1338/82/76 325/1486/1440 1340/1548/1493
f 1340/1548/1493 324/1488/1442 1341/1550/1495
f 1341/1550/1495 323/1490/1444 1342/1552/1497
f 1342/1552/1497 321/106/98 1339/115/106
f 1343/1554/1499 411/811/752 408/808/167
f 1345/1555/1500 412/822/761 411/811/752
f 1346/1556/1501 419/816/757 412/822/761
f 1347/1557/1502 409/817/758 419/816/757
f 403/118/109 1345/1555/1500 1343/1554/1499
f 405/1558/1503 1346/1556/1501 1345/1555/1500
f 406/1559/1504 1347/1557/1502 1346/1556/1501
f 407/1560/1505 1344/151/142 1347/1557/1502
f 398/110/101 1350/1561/1506 400/1541/1490
f 400/1541/1490 1351/1562/1507 401/1542/1491
f 401/1563/1491 1352/1564/1508 402/1544/1492
f 402/1544/1492 1349/1565/141 399/1546/122
f 1348/116/107 422/825/765 1350/1561/1506
f 1350/1561/1506 418/827/759 1351/1562/1507
f 1351/1566/1507 417/820/756 1352/1564/1508
f 1352/1564/1508 409/1567/758 1349/1565/141
f 403/118/109 1355/1568/1509 405/1558/1503
f 405/1558/1503 1356/1569/1510 406/1559/1504
f 406/1559/1504 1357/1570/1511 407/1560/1505
f 407/1560/1505 1354/149/140 404/148/139
f 1353/112/103 397/1549/1494 1355/1568/1509
f 1355/1568/1509 396/1551/1496 1356/1569/1510
f 1356/1569/1510 395/1553/1498 1357/1570/1511
f 1357/1570/1511 393/114/105 1354/149/140
f 1359/65/61 299/761/704 287/64/60
f 1363/1348/1304 300/752/695 299/761/704
f 1362/1347/1303 290/746/691 300/752/695
f 1361/1346/1302 285/747/692 290/746/691
f 410/117/108 1366/1571/1512 413/1572/766
f 413/1573/751 1365/177/164 408/181/167
f 1364/67/63 313/776/1513 1366/1571/1512
s 29
f 1366/1571/1514 313/776/1514 306/780/1514
s 1
f 1366/1574/1515 303/178/165 1365/177/164
f 1367/47/44 266/740/1516 254/48/45
s 30
f 266/740/1517 1369/1575/1517 257/1576/1517
s 1
f 1369/1577/1518 252/724/669 257/726/671
f 372/105/97 1369/1578/1519 1367/47/44
f 374/1579/733 1368/135/126 1369/1577/1518
s 2
f 543/261/244 1372/1580/1520 553/980/907
f 553/980/907 1373/1581/1521 554/970/895
f 1373/1581/1521 545/968/892 554/970/895
f 1374/1582/1522 541/244/227 545/968/892
f 1370/260/243 563/987/914 1372/1580/1520
f 1372/1580/1520 573/990/917 1373/1581/1521
f 573/990/917 1374/1582/1522 1373/1581/1521
f 572/1000/927 1371/262/245 1374/1582/1522
f 1375/254/237 567/993/920 559/255/238
f 1377/1583/1523 568/995/922 567/993/920
f 568/995/922 1379/1584/1524 574/999/926
f 574/999/926 1376/241/225 560/303/285
f 577/232/216 1377/1583/1523 1375/254/237
f 582/1003/930 1378/1585/1525 1377/1583/1523
f 590/1006/933 1379/1584/1524 1378/1585/1525
f 1379/1584/1524 579/269/252 1376/241/225
f 1380/289/272 585/1586/938 578/302/284
f 1381/1587/1526 591/1588/1527 585/1012/938
f 591/1016/946 1382/243/226 579/269/252
f 1380/289/272 550/974/899 1381/1589/1526
f 1381/1587/1526 544/969/903 1382/1590/1528
f 1382/1590/1529 544/969/893 541/966/894
f 529/301/283 1385/1591/1530 536/961/886
f 536/961/886 1386/1592/1531 537/953/881
f 1386/1592/1531 532/948/877 537/953/881
f 1387/1593/1532 199/281/264 532/948/877
f 1383/297/279 569/994/921 1385/1591/1530
f 1385/1591/1530 562/988/915 1386/1592/1531
f 562/988/915 1387/1593/1532 1386/1592/1531
f 561/986/913 1384/275/258 1387/1593/1532
f 1388/290/273 548/975/900 542/291/274
f 1390/1594/1533 549/1595/1534 548/975/900
f 549/1595/1534 1391/1596/1535 555/1597/1536
f 1391/1598/1535 543/261/244 555/981/908
f 1388/290/273 201/955/883 1390/1594/1533
f 1390/1594/1533 531/950/879 1391/1599/1535
f 1391/1599/1535 531/950/879 530/949/878
f 530/1600/878 1389/229/213 1391/1598/1535
f 1392/252/235 533/1601/884 528/250/233
f 1394/1602/1537 534/964/1538 533/956/884
f 534/964/889 1395/1603/1539 538/962/887
f 1395/1603/1539 529/301/283 538/962/887
f 1392/252/235 586/1604/937 1394/1605/1537
f 1394/1602/1537 581/1004/941 1395/1606/1540
f 1395/1606/1539 581/1004/931 580/1002/929
f 1395/1603/1539 577/232/216 1393/231/215
f 448/852/791 1398/1607/1541 451/1608/792
f 451/1608/792 1399/1609/1542 453/1610/804
f 1400/1611/1543 456/856/1544 455/1612/1545
f 456/856/1544 1397/247/230 449/316/298
f 425/164/152 1398/1607/1541 1396/210/194
f 430/829/770 1399/1609/1542 1398/1607/1541
f 438/832/773 1400/1611/1543 1399/1609/1542
f 437/841/781 1397/247/230 1400/1611/1543
f 1401/259/242 467/1613/1546 461/217/201
f 1403/1614/1547 1404/1615/1548 1864/867/1549
f 1404/1615/1548 463/864/1550 1864/867/1549
f 1405/1616/1551 459/318/300 463/864/806
f 1401/259/242 437/842/781 1403/1614/1547
f 1403/1614/1547 434/838/779 1404/1615/1548
f 1404/1615/1548 433/835/776 1405/1616/1551
f 1405/1616/1551 426/837/778 1402/237/221
f 1406/317/299 454/855/1552 449/316/298
f 1408/1617/1553 455/862/1554 454/855/1552
f 1409/1618/1555 458/858/798 455/862/1554
f 1410/1619/1556 450/236/220 458/858/798
f 1406/317/299 467/1620/1546 1408/1617/1553
f 1408/1617/1553 465/871/1557 1409/1618/1555
f 1409/1618/1555 463/870/1558 1410/1619/1556
f 1410/1619/1556 460/248/231 1407/234/218
f 480/892/830 1413/1621/1559 483/890/828
f 483/890/828 1414/1622/1560 484/902/831
f 484/902/831 1415/1623/1561 489/901/837
f 489/901/837 1412/279/262 481/322/304
f 440/220/204 1413/1621/1559 1411/299/281
f 444/844/1562 1414/1622/1560 1413/1621/1559
f 445/847/1563 1415/1623/1561 1414/1622/1560
f 446/1624/1564 1412/279/262 1415/1623/1561
f 495/909/1565 1418/1625/1566 498/907/1567
f 498/907/1567 1419/1626/1568 1865/1627/1569
f 1865/1627/1569 1420/1628/1570 501/1629/1571
f 501/1629/1571 1417/338/320 496/207/191
f 482/263/246 1418/1625/1566 1416/272/255
f 493/904/839 1419/1626/1568 1418/1625/1566
f 488/898/835 1420/1628/1570 1419/1626/1568
f 489/900/837 1417/338/320 1420/1628/1570
f 1421/209/193 501/1630/1571 496/207/191
f 1423/1631/1572 502/917/1573 501/1630/1571
f 1424/1632/1574 504/913/848 502/917/1573
f 1425/1633/1575 497/271/254 504/913/848
f 1421/209/193 446/1634/1564 1423/1631/1572
f 1423/1631/1572 447/850/1576 1424/1632/1574
f 1424/1632/1574 444/851/1577 1425/1633/1575
f 1425/1633/1575 441/265/248 1422/267/250
f 1426/257/240 476/888/1578 470/196/180
f 1428/1635/1579 1429/1636/1580 477/1637/819
f 1429/1636/1580 472/876/816 477/1637/819
f 1430/1638/1581 468/344/326 472/876/816
f 1426/257/240 513/930/1582 1428/1635/1579
f 1428/1635/1579 509/931/855 1429/1636/1580
f 1429/1636/1580 508/920/853 1430/1638/1581
f 1430/1638/1581 505/294/277 1427/296/278
f 1431/328/310 513/927/1582 506/280/263
f 1433/1639/1583 514/935/861 513/927/1582
f 1434/1640/1584 518/933/864 514/935/861
f 1435/1641/1585 507/284/267 518/933/864
f 1431/328/310 524/1642/1586 1433/1639/1583
f 1433/1639/1583 1866/1643/1587 1434/1640/1584
f 1434/1640/1584 523/938/1588 1435/1641/1585
f 1435/1641/1585 520/199/183 1432/201/185
f 1436/342/324 524/1644/1586 521/329/311
f 1438/1645/1589 525/946/1590 524/1644/1586
f 1439/1646/1591 527/942/1592 525/946/1590
f 1440/1647/1593 522/292/275 527/942/1592
f 1436/342/324 478/889/1594 1438/1645/1589
f 1438/1645/1589 479/886/1595 1439/1646/1591
f 1439/1646/1591 474/885/821 1440/1647/1593
f 1440/1647/1593 469/882/820 1437/286/269
f 596/1031/317 1443/1648/1596 607/1029/964
f 607/1029/964 1444/1649/1597 608/1023/955
f 608/1023/955 1445/1650/1598 598/1019/951
f 598/1019/951 1442/283/266 594/282/265
f 1441/1651/316 622/1040/974 1443/1648/1596
f 1443/1648/1596 616/1036/970 1444/1649/1597
f 1444/1649/1597 615/1034/968 1445/1650/1598
f 1445/1650/1598 612/321/303 1442/283/266
f 1446/308/290 631/1050/983 628/320/302
f 1448/1652/1599 632/1059/991 631/1050/983
f 1449/1653/1600 639/1055/988 632/1059/991
f 1450/1654/1601 629/1056/209 639/1055/988
f 614/1046/979 1448/1652/1599 1446/308/290
f 626/1045/978 1449/1653/1600 1448/1652/1599
f 621/1042/975 1450/1654/1601 1449/1653/1600
f 620/1039/973 1447/1655/207 1450/1654/1601
f 1451/311/293 602/1027/959 595/309/291
f 1453/1656/1602 603/1033/967 602/1027/959
f 1454/1657/1603 609/1030/965 603/1033/967
f 1455/1658/1604 596/1031/317 609/1030/965
f 1451/311/293 643/1063/995 1453/1656/1602
f 1453/1656/1602 638/1057/989 1454/1657/1603
f 1454/1657/1603 637/1054/987 1455/1658/1604
f 1455/1658/1604 629/1056/209 1452/1659/208
f 1456/1660/307 659/1077/1010 648/1079/305
f 1458/1661/1605 660/1069/1002 659/1077/1010
f 1459/1662/1606 651/1066/999 660/1069/1002
f 1460/1663/1607 646/226/210 651/1066/999
f 665/1090/309 1458/1661/1605 1456/1660/307
f 675/1089/1020 1459/1662/1606 1458/1661/1605
f 668/1093/1023 1460/1663/1607 1459/1662/1606
f 667/1084/1015 1457/227/211 1460/1663/1607
f 684/1112/322 1463/1664/1608 695/1110/1046
f 695/1110/1046 1464/1665/1609 696/1104/1039
f 696/1104/1039 1465/1666/1610 686/1100/1035
f 686/1100/1035 1462/214/198 682/213/197
f 1461/1667/321 661/1078/1011 1463/1664/1608
f 1463/1664/1608 655/1074/1007 1464/1665/1609
f 1464/1665/1609 654/1072/1005 1465/1666/1610
f 1465/1666/1610 647/314/296 1462/214/198
f 1466/313/295 690/1108/1043 683/315/297
f 1468/1668/1611 691/1114/1049 690/1108/1043
f 1469/1669/1612 697/1111/1047 691/1114/1049
f 1470/1670/1613 684/1112/322 697/1111/1047
f 1466/313/295 679/1097/1028 1468/1668/1611
f 1468/1668/1611 674/1091/1021 1469/1669/1612
f 1469/1669/1612 673/1088/1019 1470/1670/1613
f 1470/1670/1613 665/1090/309 1467/1671/308
f 1471/333/315 703/1117/1052 700/345/327
f 1473/1672/1614 704/1127/1063 703/1117/1052
f 1474/1673/1615 711/1123/1060 704/1127/1063
f 1475/1674/1616 701/1124/200 711/1123/1060
f 717/1134/1074 1473/1672/1614 1471/333/315
f 722/1133/1073 1474/1673/1615 1473/1672/1614
f 731/1137/1077 1475/1674/1616 1474/1673/1615
f 730/1146/1085 1472/1675/190 1475/1674/1616
f 718/304/286 1478/1676/1617 725/1140/1080
f 725/1140/1080 1479/1677/1618 726/1142/1082
f 726/1142/1082 1480/1678/1619 732/1147/1086
f 732/1147/1086 1477/1679/312 719/1148/188
f 1476/203/187 740/1151/1089 1478/1676/1617
f 1478/1676/1617 747/1155/1093 1479/1677/1618
f 1479/1677/1618 746/1162/1102 1480/1678/1619
f 1480/1678/1619 737/1164/313 1477/1679/312
f 1481/305/287 743/1160/1099 736/306/288
f 1483/1680/1620 744/1166/1106 743/1160/1099
f 1484/1681/1621 748/1163/1103 744/1166/1106
f 1485/1682/1622 737/1164/313 748/1163/1103
f 1481/305/287 715/1129/1065 1483/1680/1620
f 1483/1680/1620 710/1125/1061 1484/1681/1621
f 1484/1681/1621 709/1122/1059 1485/1682/1622
f 1485/1682/1622 701/1124/200 1482/1683/199
f 1486/166/154 428/828/769 425/164/152
f 1488/1684/1623 429/830/1624 428/828/769
f 1489/1685/1625 435/836/777 429/830/1624
f 1490/1686/1626 426/837/778 435/836/777
f 612/321/303 1488/1684/1623 1486/166/154
f 617/1035/969 1489/1685/1625 1488/1684/1623
f 625/1038/972 1490/1686/1626 1489/1685/1625
f 624/1044/977 1487/238/222 1490/1686/1626
f 630/1061/993 1493/1687/1627 642/1064/1628
f 642/1064/996 1494/1688/1629 633/1689/1630
f 633/1049/982 1492/319/301 628/320/302
f 1491/310/292 466/869/810 1493/1687/1627
f 1493/1687/1631 462/874/1632 1494/1688/1629
f 1494/1690/1633 459/318/300 1492/319/301
f 1495/222/206 443/843/1634 440/220/204
s 25
f 443/1691/1635 1497/1692/1636 1498/1693/1637
s 2
f 443/849/1638 1496/312/294 441/265/248
f 664/341/323 1497/1694/1639 1495/222/206
s 25
f 669/1695/1640 1498/1693/1637 1497/1692/1636
s 2
f 1498/1693/1641 666/1095/1026 1496/312/294
f 1499/273/256 685/1101/1642 682/213/197
f 1501/1696/1643 692/1697/1644 685/1101/1036
f 1502/1698/1645 683/315/297 692/1107/1042
f 495/909/1565 1501/1696/1646 1499/273/256
f 1501/1696/1643 499/914/1647 1502/1699/1648
f 1502/1699/1648 499/914/1647 503/912/1649
f 503/912/847 1500/270/253 1502/1698/1645
f 507/284/267 1505/1700/1650 516/932/863
f 516/932/863 1506/1701/1651 517/924/1652
f 517/924/1652 1507/1702/1653 510/921/854
f 510/921/854 1504/332/314 505/294/277
f 1503/285/268 727/1141/1081 1505/1700/1650
f 1505/1700/1650 721/1135/1075 1506/1701/1651
f 1506/1701/1651 720/1132/1072 1507/1702/1653
f 1507/1702/1653 717/1134/1074 1504/332/314
f 1508/287/270 713/1130/1066 702/307/289
f 713/1130/1066 1510/1703/1654 714/1120/1067
s 31
f 714/1120/1655 1511/1704/1656 705/1116/1657
s 2
f 705/1116/1051 1509/343/325 700/345/327
f 469/882/820 1510/1705/1654 1508/287/270
s 31
f 1510/1705/1658 475/884/1659 471/877/1660
f 1510/1703/1658 471/875/1660 1511/1704/1656
s 2
f 1511/1704/1661 468/344/326 1509/343/325
f 1512/211/195 597/1706/952 594/282/265
f 597/1020/963 1515/1707/1662 604/1026/961
f 604/1026/958 1513/235/219 595/309/291
f 448/852/791 1514/1708/1663 1512/211/195
f 452/1709/1664 1515/1707/1662 1514/1710/1665
f 1515/1707/1666 450/236/220 1513/235/219
f 1516/264/247 491/903/838 482/263/246
f 1518/1711/1667 492/896/1668 491/903/838
f 1519/1712/1669 485/891/829 492/896/1668
f 1520/1713/1670 480/892/830 485/891/829
f 647/314/296 1518/1711/1667 1516/264/247
f 1518/1711/1667 650/1067/1000 1519/1712/1669
f 650/1067/1000 1520/1713/1670 1519/1712/1669
f 1520/1713/1670 646/226/210 1517/300/282
f 1521/293/276 526/941/1671 522/292/275
f 1523/1714/1672 520/199/183 526/937/1673
f 1521/293/276 745/1159/1098 1523/1715/1674
f 1523/1715/1674 745/1159/1098 739/1153/1675
f 1523/1716/1672 739/1153/1676 738/1152/1090
f 738/1152/1090 1522/1717/1677 1523/1714/1672
s 3
f 772/370/349 1526/1718/1678 775/1719/1679
f 775/1719/1679 1527/1720/1680 774/1721/1681
f 774/1722/1682 1528/1723/1683 773/1724/1684
f 1528/1723/1683 771/525/487 773/1724/1684
f 1524/369/348 758/1725/1685 1526/1718/1678
f 1526/1726/1678 759/1727/1686 1527/1728/1680
f 1527/1728/1687 760/1729/1688 1528/1723/1683
f 760/1729/1688 1525/484/450 1528/1723/1683
f 1529/406/383 780/1730/1689 777/353/334
f 1531/1731/1690 779/1732/1691 780/1730/1689
f 1532/1733/1692 778/1734/1693 779/1735/1694
f 778/1734/1693 1530/464/433 776/366/345
f 761/534/496 1531/1731/1690 1529/406/383
f 763/1736/1695 1532/1737/1696 1531/1731/1690
f 764/1738/1697 1533/1739/1698 1532/1733/1692
f 1533/1739/1698 762/363/342 1530/464/433
f 1534/474/442 755/1740/1699 752/348/330
f 1536/1741/1700 754/1742/1701 755/1740/1699
f 1537/1743/1702 753/1744/1703 754/1745/1704
f 753/1744/1703 1535/349/331 751/361/340
f 772/370/349 1536/1741/1700 1534/474/442
f 775/1719/1679 1537/1746/1705 1536/1741/1700
f 774/1722/1682 1538/1747/1706 1537/1743/1702
f 1538/1747/1706 771/525/487 1535/349/331
f 767/503/466 1541/1748/1707 770/1749/1708
f 770/1749/1708 1542/1750/1709 769/1751/1710
f 769/1751/1711 1543/1752/1712 768/1753/1713
f 1543/1754/1712 766/355/335 768/1755/1713
f 1539/371/350 780/1730/1689 1541/1748/1707
f 1541/1748/1707 779/1732/1691 1542/1750/1709
f 1542/1756/1714 778/1734/1693 1543/1754/1712
f 778/1734/1693 1540/368/347 1543/1754/1712
f 782/504/467 1546/1757/1715 785/1758/1716
f 785/1758/1716 1547/1759/1717 784/1760/1718
f 784/1760/1719 1548/1761/1720 783/1762/1721
f 1548/1763/1720 781/374/352 783/1764/1721
f 1544/498/462 770/1749/1708 1546/1757/1715
f 1546/1757/1715 769/1751/1710 1547/1759/1717
f 1547/1759/1722 768/1753/1713 1548/1761/1720
f 768/1755/1713 1545/357/337 1548/1763/1720
f 756/360/339 1551/1765/1723 758/1725/1685
f 758/1766/1685 1552/1767/1724 759/1727/1686
f 759/1727/1725 1553/1768/1726 760/1729/1688
f 1553/1768/1726 757/380/358 760/1729/1688
f 1549/359/338 788/1769/1727 1551/1765/1723
f 1551/1770/1723 789/1771/1728 1552/1767/1724
f 1552/1767/1729 790/1772/1730 1553/1768/1726
f 790/1772/1730 1550/378/356 1553/1768/1726
f 786/389/366 1556/1773/1731 788/1769/1727
f 788/1774/1727 1557/1775/1732 789/1771/1728
f 789/1771/1733 1558/1776/1734 790/1772/1730
f 1558/1776/1734 787/377/355 790/1772/1730
f 1554/398/375 798/1777/1735 1556/1773/1731
f 1556/1778/1731 799/1779/1736 1557/1775/1732
f 1557/1775/1737 800/1780/1738 1558/1776/1734
f 800/1780/1738 1555/375/353 1558/1776/1734
f 792/535/497 1561/1781/1739 795/1782/1740
f 795/1782/1740 1562/1783/1741 794/1784/1742
f 794/1784/1743 1563/1785/1744 793/1786/1745
f 1563/1787/1744 791/384/362 793/1788/1745
f 1559/528/490 785/1758/1716 1561/1781/1739
f 1561/1781/1739 784/1760/1718 1562/1783/1741
f 1562/1783/1746 783/1762/1721 1563/1785/1744
f 783/1764/1721 1560/382/360 1563/1787/1744
f 1564/515/477 823/1789/1747 820/513/475
f 1566/1790/1748 822/1791/1749 823/1789/1747
f 1567/1792/1750 821/1793/1751 822/1791/1749
f 1568/1794/1752 819/394/371 821/1795/1751
f 802/1176/1116 1566/1790/1748 1564/515/477
f 812/1175/1115 1567/1792/1750 1566/1790/1748
f 805/1179/1119 1568/1796/1752 1567/1792/1750
f 804/1170/1110 1565/1797/444 1568/1796/1752
f 796/397/374 1571/1798/1753 798/1777/1735
f 798/1799/1735 1572/1800/1754 799/1779/1736
f 799/1779/1755 1573/1801/1756 800/1780/1738
f 800/1780/1738 1570/385/363 797/387/365
f 1569/497/461 823/1789/1747 1571/1798/1753
f 1571/1802/1757 822/1803/1749 1572/1800/1754
f 1572/1800/1758 821/1795/1751 1573/1801/1756
f 821/1795/1751 1570/385/363 1573/1801/1756
f 802/1176/1116 1576/1804/1759 810/1174/1114
f 810/1174/1114 1577/1805/1760 811/1177/1117
f 811/1177/1126 1578/1806/1761 816/1185/1122
f 816/1182/1122 1575/391/368 803/393/370
f 1574/514/476 795/1782/1740 1576/1804/1759
f 1576/1804/1759 794/1784/1742 1577/1805/1760
f 1577/1805/1762 793/1786/1745 1578/1806/1761
f 1578/1807/1761 791/384/362 1575/391/368
f 1579/414/390 763/1736/1695 761/534/496
f 1581/1808/1763 764/1809/1764 763/1736/1695
f 1582/1810/1765 765/1811/1766 764/1738/1697
f 765/1811/1766 1580/507/469 762/363/342
f 829/473/441 1581/1808/1763 1579/414/390
f 831/1812/1767 1582/1813/1768 1581/1808/1763
f 832/1814/1769 1583/1815/1770 1582/1810/1765
f 1583/1815/1770 830/403/380 1580/507/469
f 1584/346/328 828/1816/1771 825/522/484
f 1586/1817/1772 827/1818/1773 828/1816/1771
f 1587/1819/1774 826/1820/1775 827/1821/1776
f 826/1820/1775 1585/399/376 824/401/378
f 752/348/330 1586/1817/1772 1584/346/328
f 755/1740/1699 1587/1822/1777 1586/1817/1772
f 754/1745/1704 1588/1823/1778 1587/1819/1774
f 1588/1823/1778 751/361/340 1585/399/376
f 841/1204/1144 1591/1824/1779 852/1202/1142
f 852/1202/1142 1592/1825/1780 853/1193/1133
f 853/1193/1133 1593/1826/1781 843/1189/1129
f 843/1827/1129 1590/465/434 839/521/483
f 1589/488/453 836/1828/1782 1591/1824/1779
f 1591/1824/1779 837/1829/1783 1592/1825/1780
f 1592/1825/1780 838/1830/1784 1593/1826/1781
f 1593/1831/1781 835/409/386 1590/465/434
f 1594/489/454 831/1812/1767 829/473/441
f 1596/1832/1785 832/1833/1786 831/1812/1767
f 1597/1834/1787 833/1835/1788 832/1814/1769
f 1598/1836/1789 830/403/380 833/1835/1788
f 841/1204/1144 1596/1832/1785 1594/489/454
f 854/1203/1143 1597/1837/1790 1596/1832/1785
f 848/1838/1791 1598/1836/1789 1597/1834/1787
f 847/1839/1138 1595/411/388 1598/1836/1789
f 1599/491/456 836/1828/1782 834/490/455
f 1601/1840/1792 837/1829/1783 836/1828/1782
f 1602/1841/1793 838/1842/1784 837/1843/1783
f 838/1842/1784 1600/407/384 835/409/386
f 825/522/484 1601/1840/1792 1599/491/456
f 828/1816/1771 1602/1844/1794 1601/1840/1792
f 827/1821/1776 1603/1845/1795 1602/1841/1793
f 826/1820/1775 1600/407/384 1603/1845/1795
f 1604/487/452 881/1846/1796 878/416/391
f 1606/1847/1797 880/1848/1798 881/1846/1796
f 1607/1849/1799 879/1850/1800 880/1848/1798
f 1608/1851/1801 877/533/495 879/1850/1800
f 862/436/410 1606/1847/1797 1604/487/452
f 864/1852/1802 1607/1849/1799 1606/1847/1797
f 865/1853/1803 1608/1851/1801 1607/1849/1799
f 866/1854/1804 1605/532/494 1608/1851/1801
f 883/430/404 1611/1855/1805 886/1856/1806
f 886/1856/1806 1612/1857/1807 885/1858/1808
f 885/1858/1808 1613/1859/1809 884/1860/1810
f 884/1860/1810 1610/468/437 882/471/440
f 1609/429/403 869/1861/1811 1611/1855/1805
f 1611/1855/1805 870/1862/1812 1612/1857/1807
f 1612/1857/1807 871/1863/1813 1613/1859/1809
f 1613/1859/1809 868/469/438 1610/468/437
f 858/426/400 1616/1864/1814 861/1865/1815
f 861/1865/1815 1617/1866/1816 860/1867/1817
f 860/1867/1817 1618/1868/1818 859/1869/1819
f 859/1869/1819 1615/485/451 857/451/423
f 1614/417/392 881/1846/1796 1616/1864/1814
f 1616/1864/1814 880/1848/1798 1617/1866/1816
f 1617/1866/1816 879/1850/1800 1618/1868/1818
f 1618/1868/1818 877/533/495 1615/485/451
f 1619/431/405 876/1870/1820 873/470/439
f 1621/1871/1821 875/1872/1822 876/1870/1820
f 1622/1873/1823 874/1874/1824 875/1872/1822
f 1623/1875/1825 872/526/488 874/1874/1824
f 883/430/404 1621/1871/1821 1619/431/405
f 886/1856/1806 1622/1873/1823 1621/1871/1821
f 885/1858/1808 1623/1875/1825 1622/1873/1823
f 884/1860/1810 1620/506/468 1623/1875/1825
f 1624/422/397 891/1876/1826 888/500/463
f 1626/1877/1827 890/1878/1828 891/1876/1826
f 1627/1879/1829 889/1880/1830 890/1878/1828
f 1628/1881/1831 887/423/398 889/1880/1830
f 873/470/439 1626/1877/1827 1624/422/397
f 876/1870/1820 1627/1879/1829 1626/1877/1827
f 875/1872/1822 1628/1881/1831 1627/1879/1829
f 874/1874/1824 1625/439/413 1628/1881/1831
f 1629/437/411 864/1852/1802 862/436/410
f 1631/1882/1832 865/1853/1803 864/1852/1802
f 1632/1883/1833 866/1854/1804 865/1853/1803
f 1633/1884/1834 863/531/493 866/1854/1804
f 892/442/415 1631/1882/1832 1629/437/411
f 894/1885/1835 1632/1883/1833 1631/1882/1832
f 895/1886/1836 1633/1884/1834 1632/1883/1833
f 896/1887/1837 1630/419/394 1633/1884/1834
f 1634/443/416 894/1885/1835 892/442/415
f 1636/1888/1838 895/1886/1836 894/1885/1835
f 1637/1889/1839 896/1887/1837 895/1886/1836
f 1638/1890/1840 893/483/449 896/1887/1837
f 902/447/419 1636/1888/1838 1634/443/416
f 904/1891/1841 1637/1889/1839 1636/1888/1838
f 905/1892/1842 1638/1890/1840 1637/1889/1839
f 906/1893/1843 1635/527/489 1638/1890/1840
f 1639/438/412 901/1894/1844 898/529/491
f 1641/1895/1845 900/1896/1846 901/1894/1844
f 1642/1897/1847 899/1898/1848 900/1896/1846
f 1643/1899/1849 897/446/418 899/1898/1848
f 888/500/463 1641/1895/1845 1639/438/412
f 891/1876/1826 1642/1897/1847 1641/1895/1845
f 890/1878/1828 1643/1899/1849 1642/1897/1847
f 889/1880/1830 1640/425/399 1643/1899/1849
f 925/530/492 1646/1900/1850 928/1901/1851
f 928/1901/1851 1647/1902/1852 927/1903/1853
f 927/1903/1853 1648/1904/1854 926/1905/1855
f 926/1905/1855 1645/517/479 924/519/481
f 1644/482/448 911/1208/1149 1646/1900/1850
f 1646/1900/1850 920/1212/1153 1647/1902/1852
f 1647/1902/1852 919/1218/1161 1648/1904/1854
f 1648/1904/1854 909/518/480 1645/517/479
f 1649/449/421 904/1891/1841 902/447/419
f 1651/1906/1856 905/1892/1842 904/1891/1841
f 1652/1907/1857 906/1893/1843 905/1892/1842
f 1653/1908/1858 903/524/486 906/1893/1843
f 925/530/492 1651/1906/1856 1649/449/421
f 928/1901/1851 1652/1907/1857 1651/1906/1856
f 927/1903/1853 1653/1908/1858 1652/1907/1857
f 926/1905/1855 1650/501/464 1653/1908/1858
f 1654/444/417 915/1216/1157 908/450/422
f 1656/1909/1859 916/1221/1164 915/1216/1157
f 1657/1910/1860 921/1219/1162 916/1221/1164
f 1658/1911/1861 909/518/480 921/1219/1162
f 898/529/491 1656/1909/1859 1654/444/417
f 901/1894/1844 1657/1910/1860 1656/1909/1859
f 900/1896/1846 1658/1911/1861 1657/1910/1860
f 899/1898/1848 1655/516/478 1658/1911/1861
f 867/433/407 1661/1912/1862 869/1861/1811
f 869/1861/1811 1662/1913/1863 870/1862/1812
f 870/1862/1812 1663/1914/1864 871/1863/1813
f 871/1863/1813 1660/511/473 868/469/438
f 1659/454/424 936/1915/1865 1661/1912/1862
f 1661/1912/1862 937/1916/1866 1662/1913/1863
f 1662/1913/1863 938/1917/1867 1663/1914/1864
f 1663/1914/1864 935/475/443 1660/511/473
f 930/456/426 1666/1918/1868 933/1919/1869
f 933/1919/1869 1667/1920/1870 932/1921/1871
f 932/1921/1871 1668/1922/1872 931/1923/1873
f 931/1923/1873 1665/460/429 929/459/428
f 1664/427/401 861/1865/1815 1666/1918/1868
f 1666/1918/1868 860/1867/1817 1667/1920/1870
f 1667/1920/1870 859/1869/1819 1668/1922/1872
f 1668/1922/1872 857/451/423 1665/460/429
f 1669/467/436 947/1224/1168 944/523/485
f 1671/1924/1874 948/1233/1178 947/1224/1168
f 1672/1925/1875 954/1229/1174 948/1233/1178
f 1673/1926/1876 945/1230/1175 954/1229/1174
f 939/463/432 1671/1924/1874 1669/467/436
f 941/1927/1877 1672/1925/1875 1671/1924/1874
f 942/1928/1878 1673/1926/1876 1672/1925/1875
f 943/1929/1879 1670/495/460 1673/1926/1876
f 934/455/425 1676/1930/1880 936/1915/1865
f 936/1915/1865 1677/1931/1881 937/1916/1866
f 937/1916/1866 1678/1932/1882 938/1917/1867
f 938/1917/1867 1675/494/459 935/475/443
f 1674/461/430 958/1236/1182 1676/1930/1880
f 1676/1930/1880 953/1231/1176 1677/1931/1881
f 1677/1931/1881 952/1228/1173 1678/1932/1882
f 1678/1932/1882 945/1230/1175 1675/494/459
f 939/463/432 1681/1933/1883 941/1927/1877
f 941/1927/1877 1682/1934/1884 942/1928/1878
f 942/1928/1878 1683/1935/1885 943/1929/1879
f 943/1929/1879 1680/493/458 940/492/457
f 1679/457/427 933/1919/1869 1681/1933/1883
f 1681/1933/1883 932/1921/1871 1682/1934/1884
f 1682/1934/1884 931/1923/1873 1683/1935/1885
f 1683/1935/1885 929/459/428 1680/493/458
f 946/462/431 1686/1936/1886 957/1937/1183
f 957/1223/1887 1685/520/482 944/523/485
f 1684/412/389 849/1197/1888 1686/1936/1886
s 32
f 1686/1938/1889 849/1939/1890 842/1940/1891
s 3
f 1686/1941/1892 839/521/483 1685/520/482
f 1687/392/369 815/1183/1893 803/393/370
s 33
f 815/1183/1894 1689/1942/1895 806/1943/1894
s 3
f 1689/1944/1896 801/1167/1107 806/1169/1109
f 908/450/422 1689/1945/1897 1687/392/369
f 910/1946/1150 1688/1947/445 1689/1944/1896
s 4
f 982/557/516 1692/1948/1898 985/1949/1899
f 985/1949/1899 1693/1950/1900 984/1951/1901
f 984/1951/1902 1694/1952/1903 983/1953/1904
f 1694/1954/1903 981/711/656 983/1955/1904
f 1690/556/515 968/1956/1905 1692/1948/1898
f 1692/1948/1898 969/1957/1906 1693/1950/1900
f 1693/1950/1907 970/1958/1908 1694/1952/1903
f 970/1959/1908 1691/673/620 1694/1954/1903
f 1695/593/550 990/1960/1909 987/540/501
f 1697/1961/1910 989/1962/1911 990/1960/1909
f 1698/1963/1912 988/1964/1913 989/1962/1914
f 988/1965/1913 1696/651/602 986/553/512
f 971/722/667 1697/1961/1910 1695/593/550
f 973/1966/1915 1698/1963/1916 1697/1961/1910
f 974/1967/1917 1699/1968/1918 1698/1963/1912
f 1699/1969/1918 972/550/509 1696/651/602
f 1700/663/611 965/1970/1919 962/510/472
f 1702/1971/1920 964/1972/1921 965/1970/1919
f 1703/1973/1922 963/1974/1923 964/1972/1924
f 963/1975/1923 1701/536/498 961/548/507
f 982/557/516 1702/1971/1920 1700/663/611
f 985/1949/1899 1703/1973/1925 1702/1971/1920
f 984/1951/1902 1704/1976/1926 1703/1973/1922
f 1704/1977/1926 981/711/656 1701/536/498
f 977/692/638 1707/1978/1927 980/1979/1928
f 980/1979/1928 1708/1980/1929 979/1981/1930
f 979/1981/1931 1709/1982/1932 978/1983/1933
f 1709/1984/1932 976/542/502 978/1985/1933
f 1705/558/517 990/1960/1909 1707/1978/1927
f 1707/1978/1927 989/1962/1911 1708/1980/1929
f 1708/1980/1934 988/1964/1913 1709/1982/1932
f 988/1965/1913 1706/555/514 1709/1984/1932
f 992/693/639 1712/1986/1935 995/1987/1936
f 995/1987/1936 1713/1988/1937 994/1989/1938
f 994/1990/1939 1714/1991/1940 993/1992/1941
f 1714/1991/1940 991/561/519 993/1992/1941
f 1710/687/633 980/1979/1928 1712/1986/1935
f 1712/1986/1935 979/1981/1930 1713/1988/1937
f 1713/1993/1942 978/1985/1933 1714/1991/1940
f 978/1985/1933 1711/544/504 1714/1991/1940
f 966/547/506 1717/1994/1943 968/1956/1905
f 968/1956/1905 1718/1995/1944 969/1957/1906
f 969/1957/1945 1719/1996/1946 970/1958/1908
f 1719/1997/1946 967/567/525 970/1959/1908
f 1715/546/505 998/1998/1947 1717/1994/1943
f 1717/1994/1943 999/1999/1948 1718/1995/1944
f 1718/1995/1949 1000/2000/1950 1719/1996/1946
f 1000/2001/1950 1716/565/523 1719/1997/1946
f 996/576/533 1722/2002/1951 998/1998/1947
f 998/1998/1947 1723/2003/1952 999/1999/1948
f 999/1999/1953 1724/2004/1954 1000/2000/1950
f 1724/2005/1954 997/564/522 1000/2001/1950
f 1720/585/542 1008/2006/1955 1722/2002/1951
f 1722/2002/1951 1009/2007/1956 1723/2003/1952
f 1723/2003/1957 1010/2008/1958 1724/2004/1954
f 1010/2009/1958 1721/562/520 1724/2005/1954
f 1002/723/668 1727/2010/1959 1005/2011/1960
f 1005/2011/1960 1728/2012/1961 1004/2013/1962
f 1004/2014/1963 1729/2015/1964 1003/2016/1965
f 1003/2016/1965 1726/569/527 1001/571/529
f 1725/716/661 995/1987/1936 1727/2010/1959
f 1727/2010/1959 994/1989/1938 1728/2012/1961
f 1728/2017/1966 993/1992/1941 1729/2015/1964
f 993/1992/1941 1726/569/527 1729/2015/1964
f 1730/701/646 1042/1273/1221 1031/699/644
f 1732/2018/1967 1043/2019/1968 1042/1273/1221
f 1733/2020/1969 1034/2021/1208 1043/2019/1211
f 1734/2022/1970 1029/715/660 1034/1259/1208
f 1012/1248/1196 1732/2018/1967 1730/701/646
f 1022/1247/1195 1733/2020/1969 1732/2018/1967
f 1015/1251/1199 1734/2023/1970 1733/2020/1969
f 1014/1241/1189 1731/2024/614 1734/2023/1970
f 1006/584/541 1737/2025/1971 1008/2006/1955
f 1008/2006/1955 1738/2026/1972 1009/2007/1956
f 1009/2007/1973 1739/2027/1974 1010/2008/1958
f 1010/2009/1958 1736/572/530 1007/574/532
f 1735/686/632 1044/1272/1220 1737/2025/1971
f 1737/2025/1975 1038/1276/1224 1738/2026/1972
f 1738/2026/1976 1037/2028/1214 1739/2027/1974
f 1739/2029/1974 1030/581/538 1736/572/530
f 1012/1248/1196 1742/2030/1977 1020/1246/1194
f 1020/1246/1194 1743/2031/1978 1021/1249/1197
f 1021/1257/1197 1744/2032/1979 1026/1254/1202
f 1026/1254/1202 1741/578/535 1013/580/537
f 1740/700/645 1005/2011/1960 1742/2030/1977
f 1742/2030/1977 1004/2013/1962 1743/2031/1978
f 1743/2033/1978 1003/2016/1965 1744/2032/1979
f 1744/2032/1979 1001/571/529 1741/578/535
f 1745/601/557 973/1966/1915 971/722/667
f 1747/2034/1980 974/1967/1981 973/1966/1915
f 1748/2035/1982 975/2036/1983 974/1967/1917
f 975/2037/1983 1746/696/641 972/550/509
f 1052/662/610 1747/2034/1980 1745/601/557
f 1054/2038/1984 1748/2035/1985 1747/2034/1980
f 1055/2039/1986 1749/2040/1987 1748/2035/1982
f 1749/2041/1987 1053/590/547 1746/696/641
f 1750/508/470 1051/2042/1988 1048/708/653
f 1752/2043/1989 1050/2044/1990 1051/2042/1988
f 1753/2045/1991 1049/2046/1992 1050/2044/1993
f 1049/2047/1992 1751/586/543 1047/588/545
f 962/510/472 1752/2043/1989 1750/508/470
f 965/1970/1919 1753/2045/1994 1752/2043/1989
f 964/1972/1924 1754/2048/1995 1753/2045/1991
f 1754/2049/1995 961/548/507 1751/586/543
f 1064/1292/1244 1757/2050/1996 1075/1290/1242
f 1075/1290/1242 1758/2051/1997 1076/1283/1231
f 1076/1283/1231 1759/2052/1998 1066/1279/1227
f 1066/1279/1227 1756/652/603 1062/707/652
f 1755/677/623 1059/2053/1999 1757/2050/1996
f 1757/2050/1996 1060/2054/2000 1758/2051/1997
f 1758/2051/1997 1061/2055/2001 1759/2052/1998
f 1759/2052/1998 1058/2056/553 1756/652/603
f 1760/678/624 1054/2038/1984 1052/662/610
f 1762/2057/2002 1055/2039/2003 1054/2038/1984
f 1763/2058/2004 1056/2059/2005 1055/2039/1986
f 1764/2060/2006 1053/590/547 1056/2061/2005
f 1064/1292/1244 1762/2057/2002 1760/678/624
f 1077/1291/1243 1763/2058/2007 1762/2057/2002
f 1071/1294/2008 1764/2062/2006 1763/2058/2004
f 1070/2063/1236 1761/598/555 1764/2060/2006
f 1765/680/626 1059/2053/1999 1057/679/625
f 1767/2064/2009 1060/2054/2000 1059/2053/1999
f 1768/2065/2010 1061/2055/2001 1060/2054/2000
f 1061/2066/2001 1766/594/551 1058/596/553
f 1048/708/653 1767/2064/2009 1765/680/626
f 1051/2042/1988 1768/2065/2011 1767/2064/2009
f 1050/2044/1993 1769/2067/2012 1768/2065/2010
f 1049/2047/1992 1766/594/551 1769/2068/2012
f 1770/676/622 1104/2069/2013 1101/603/558
f 1772/2070/2014 1103/2071/2015 1104/2069/2013
f 1773/2072/2016 1102/2073/2017 1103/2071/2015
f 1774/2074/2018 1100/721/666 1102/2073/2017
f 1085/623/577 1772/2070/2014 1770/676/622
f 1087/2075/2019 1773/2072/2016 1772/2070/2014
f 1088/2076/2020 1774/2074/2018 1773/2072/2016
f 1089/2077/2021 1771/720/665 1774/2074/2018
f 1106/617/571 1777/2078/2022 1109/2079/2023
f 1109/2079/2023 1778/2080/2024 1108/2081/2025
f 1108/2081/2025 1779/2082/2026 1107/2083/2027
f 1107/2083/2027 1776/657/606 1105/660/609
f 1775/616/570 1092/2084/2028 1777/2078/2022
f 1777/2078/2022 1093/2085/2029 1778/2080/2024
f 1778/2080/2024 1094/2086/2030 1779/2082/2026
f 1779/2082/2026 1091/658/607 1776/657/606
f 1081/613/567 1782/2087/2031 1084/2088/2032
f 1084/2088/2032 1783/2089/2033 1083/2090/2034
f 1083/2090/2034 1784/2091/2035 1082/2092/2036
f 1082/2092/2036 1781/674/621 1080/638/592
f 1780/604/559 1104/2069/2013 1782/2087/2031
f 1782/2087/2031 1103/2071/2015 1783/2089/2033
f 1783/2089/2033 1102/2073/2017 1784/2091/2035
f 1784/2091/2035 1100/721/666 1781/674/621
f 1785/618/572 1099/2093/2037 1096/659/608
f 1787/2094/2038 1098/2095/2039 1099/2093/2037
f 1788/2096/2040 1097/2097/2041 1098/2095/2039
f 1789/2098/2042 1095/712/657 1097/2097/2041
f 1106/617/571 1787/2094/2038 1785/618/572
f 1109/2079/2023 1788/2096/2040 1787/2094/2038
f 1108/2081/2025 1789/2098/2042 1788/2096/2040
f 1107/2083/2027 1786/695/640 1789/2098/2042
f 1790/609/563 1114/2099/2043 1111/689/635
f 1792/2100/2044 1113/2101/2045 1114/2099/2043
f 1793/2102/2046 1112/2103/2047 1113/2101/2045
f 1794/2104/2048 1110/610/564 1112/2103/2047
f 1096/659/608 1792/2100/2044 1790/609/563
f 1099/2093/2037 1793/2102/2046 1792/2100/2044
f 1098/2095/2039 1794/2104/2048 1793/2102/2046
f 1097/2097/2041 1791/626/580 1794/2104/2048
f 1795/624/578 1087/2075/2019 1085/623/577
f 1797/2105/2049 1088/2076/2020 1087/2075/2019
f 1798/2106/2050 1089/2077/2021 1088/2076/2020
f 1799/2107/2051 1086/719/664 1089/2077/2021
f 1115/629/583 1797/2105/2049 1795/624/578
f 1117/2108/2052 1798/2106/2050 1797/2105/2049
f 1118/2109/2053 1799/2107/2051 1798/2106/2050
f 1119/2110/2054 1796/606/561 1799/2107/2051
f 1800/630/584 1117/2108/2052 1115/629/583
f 1802/2111/2055 1118/2109/2053 1117/2108/2052
f 1803/2112/2056 1119/2110/2054 1118/2109/2053
f 1804/2113/2057 1116/672/619 1119/2110/2054
f 1125/634/588 1802/2111/2055 1800/630/584
f 1127/2114/2058 1803/2112/2056 1802/2111/2055
f 1128/2115/2059 1804/2113/2057 1803/2112/2056
f 1129/2116/2060 1801/713/658 1804/2113/2057
f 1805/625/579 1124/2117/2061 1121/717/662
f 1807/2118/2062 1123/2119/2063 1124/2117/2061
f 1808/2120/2064 1122/2121/2065 1123/2119/2063
f 1809/2122/2066 1120/633/587 1122/2121/2065
f 1111/689/635 1807/2118/2062 1805/625/579
f 1114/2099/2043 1808/2120/2064 1807/2118/2062
f 1113/2101/2045 1809/2122/2066 1808/2120/2064
f 1112/2103/2047 1806/612/566 1809/2122/2066
f 1147/718/663 1812/2123/2067 1150/1310/1266
f 1150/1310/1266 1813/2124/2068 1151/1312/1268
f 1151/1312/1268 1814/2125/2069 1158/1318/1274
f 1158/1318/1274 1811/703/648 1148/705/650
f 1810/671/618 1133/1296/1249 1812/2123/2067
f 1812/2123/2067 1143/1300/1253 1813/2124/2068
f 1813/2124/2068 1142/1306/1261 1814/2125/2069
f 1814/2125/2069 1132/704/649 1811/703/648
f 1815/636/590 1127/2114/2058 1125/634/588
f 1817/2126/2070 1128/2115/2059 1127/2114/2058
f 1818/2127/2071 1129/2116/2060 1128/2115/2059
f 1819/2128/2072 1126/710/655 1129/2116/2060
f 1149/1324/1280 1817/2126/2070 1815/636/590
f 1163/1323/1279 1818/2127/2071 1817/2126/2070
f 1157/1326/1282 1819/2128/2072 1818/2127/2071
f 1156/1317/1273 1816/690/636 1819/2128/2072
f 1820/631/585 1137/1304/1257 1131/637/591
f 1822/2129/2073 1138/1309/1264 1137/1304/1257
f 1823/2130/2074 1144/1307/1262 1138/1309/1264
f 1824/2131/2075 1132/704/649 1144/1307/1262
f 1121/717/662 1822/2129/2073 1820/631/585
f 1124/2117/2061 1823/2130/2074 1822/2129/2073
f 1123/2119/2063 1824/2131/2075 1823/2130/2074
f 1122/2121/2065 1821/702/647 1824/2131/2075
f 1090/620/574 1827/2132/2076 1092/2084/2028
f 1092/2084/2028 1828/2133/2077 1093/2085/2029
f 1093/2085/2029 1829/2134/2078 1094/2086/2030
f 1094/2086/2030 1826/697/642 1091/658/607
f 1825/641/593 1173/2135/2079 1827/2132/2076
f 1827/2132/2076 1174/2136/2080 1828/2133/2077
f 1828/2133/2077 1175/2137/2081 1829/2134/2078
f 1829/2134/2078 1172/664/612 1826/697/642
f 1167/643/595 1832/2138/2082 1170/2139/2083
f 1170/2139/2083 1833/2140/2084 1169/2141/2085
f 1169/2141/2085 1834/2142/2086 1168/2143/2087
f 1168/2143/2087 1831/647/598 1166/646/597
f 1830/614/568 1084/2088/2032 1832/2138/2082
f 1832/2138/2082 1083/2090/2034 1833/2140/2084
f 1833/2140/2084 1082/2092/2036 1834/2142/2086
f 1834/2142/2086 1080/638/592 1831/647/598
f 1835/656/605 1184/1329/1285 1181/709/654
f 1837/2144/2088 1185/2145/1294 1184/1329/1285
f 1838/2146/2089 1192/1334/1290 1185/1338/1294
f 1839/2147/2090 1182/1335/1291 1192/1334/1290
f 1176/655/601 1837/2144/2088 1835/656/605
f 1178/2148/2091 1838/2146/2089 1837/2149/2088
f 1179/2150/2092 1839/2147/2090 1838/2146/2089
f 1180/2151/2093 1836/684/630 1839/2147/2090
f 1171/642/594 1842/2152/2094 1173/2135/2079
f 1173/2135/2079 1843/2153/2095 1174/2136/2080
f 1174/2136/2080 1844/2154/2096 1175/2137/2081
f 1175/2137/2081 1841/683/629 1172/664/612
f 1840/648/599 1195/1342/1298 1842/2152/2094
f 1842/2152/2094 1191/1336/1292 1843/2153/2095
f 1843/2153/2095 1190/1333/1289 1844/2154/2096
f 1844/2154/2096 1182/1335/1291 1841/683/629
f 1176/650/601 1847/2155/2097 1178/2148/2091
f 1178/2148/2091 1848/2156/2098 1179/2150/2092
f 1179/2150/2092 1849/2157/2099 1180/2151/2093
f 1180/2151/2093 1846/682/628 1177/681/627
f 1845/644/596 1170/2139/2083 1847/2155/2097
f 1847/2155/2097 1169/2141/2085 1848/2156/2098
f 1848/2156/2098 1168/2143/2087 1849/2157/2099
f 1849/2157/2099 1166/646/597 1846/682/628
f 1183/649/600 1852/2158/2100 1186/2159/1299
f 1186/1328/1284 1851/706/651 1181/709/654
f 1850/599/556 1072/2160/2101 1852/2158/2100
s 34
f 1852/2158/2102 1072/2160/2102 1065/2161/2102
s 4
f 1852/2162/2103 1062/707/652 1851/706/651
f 1853/579/536 1025/2163/1203 1013/580/537
s 35
f 1025/2163/2104 1855/2164/2105 1856/2165/2106
f 1025/1244/2104 1856/2166/2106 1016/1240/2107
s 4
f 1856/2167/2108 1011/2168/1186 1016/2169/1188
f 1131/637/591 1855/2164/2109 1853/579/536
s 35
f 1855/2164/2105 1139/1297/2110 1856/2165/2106
s 4
f 1139/2170/1250 1854/668/615 1856/2167/2108
f 1149/1324/1280 1859/2171/2111 1161/1322/1278
f 1161/1322/1278 1860/2172/2112 1162/1314/1270
f 1162/1314/1270 1861/2173/2113 1152/1311/1267
f 1152/1311/1267 1858/714/659 1147/718/663
f 1857/635/589 1039/1266/1215 1859/2171/2111
f 1859/2171/2111 1033/1260/1209 1860/2172/2112
f 1860/2172/2112 1032/1258/1207 1861/2173/2113
f 1861/2173/2113 1029/715/660 1858/714/659
s 19
f 527/945/872 523/944/866 1862/940/2114
s 36
f 501/1629/2115 502/2174/2115 1865/1627/2116
s 2
f 446/1624/1564 445/847/2117 447/2175/1576
f 524/1642/1586 525/2176/1590 1866/1643/2118
f 200/954/882 528/250/233 533/1601/884
f 540/960/880 200/954/882 535/2177/890
f 470/196/180 1436/342/324 128/197/181
f 719/204/188 1477/330/312 129/205/189
f 496/207/191 31/233/217 125/208/192
f 136/212/196 1499/273/256 682/213/197
f 1472/206/190 129/205/189 1482/215/199
f 440/220/204 1411/299/281 133/221/205
f 133/221/205 1517/300/282 646/226/210
f 30/230/214 125/208/192 1393/231/215
f 31/233/217 529/301/283 1393/231/215
f 32/240/224 560/303/285 1376/241/225
f 33/198/182 128/197/181 1382/243/226
f 528/250/233 1388/290/273 119/251/234
f 29/253/236 123/278/261 1375/254/237
f 470/196/180 33/198/182 126/256/239
f 33/198/182 541/244/227 1371/262/245
f 482/263/246 1416/272/255 136/212/196
f 441/265/248 1496/312/294 117/266/249
f 34/268/251 579/269/252 1382/243/226
f 34/268/251 127/242/189 1376/241/225
f 1422/267/250 117/266/249 1500/270/253
f 1416/272/255 495/909/1565 1499/273/256
f 442/277/260 30/230/214 123/278/261
f 506/280/263 1426/257/240 126/256/239
f 505/294/277 1504/332/314 116/295/7
f 29/253/236 559/255/238 1383/297/279
f 30/230/214 577/232/216 1375/254/237
f 1411/299/281 480/892/830 1517/300/282
f 31/233/217 124/298/280 1383/297/279
f 1392/252/235 119/251/234 1380/289/272
f 32/240/224 126/256/239 1371/262/245
f 1496/312/294 666/1095/1026 1466/313/295
f 1516/264/247 136/212/196 1462/214/198
f 117/266/249 1466/313/295 683/315/297
f 442/277/260 1421/209/193 125/208/192
f 481/322/304 1412/279/262 123/278/261
f 648/323/305 1461/339/321 131/324/306
f 1456/325/307 131/324/306 1467/326/308
f 506/280/263 32/240/224 127/242/189
f 521/329/311 1431/328/310 127/242/189
f 1482/215/199 129/205/189 1477/330/312
f 1504/332/314 717/1134/1074 1471/333/315
f 481/322/304 29/253/236 124/298/280
f 496/207/191 1417/338/320 124/298/280
f 1467/326/308 131/324/306 1461/339/321
f 1495/222/206 133/221/205 1457/227/211
f 521/329/311 34/268/251 128/197/181
f 1427/296/278 116/295/7 1509/343/325
f 116/295/7 1471/333/315 700/345/327
s 3
f 766/355/335 58/421/396 164/356/336
f 762/363/342 1580/507/469 152/364/343
f 776/366/345 49/428/402 159/367/346
f 1545/357/337 164/356/336 56/373/351
f 781/374/352 56/373/351 158/381/359
f 1560/382/360 158/381/359 57/383/361
f 791/384/362 57/383/361 165/390/367
f 1575/391/368 165/390/367 1687/392/369
f 44/418/393 863/531/493 1630/419/394
f 58/421/396 873/470/439 1624/422/397
f 887/423/398 42/440/393 148/424/395
f 49/428/402 153/432/406 1609/429/403
f 49/428/402 883/430/404 1619/431/405
f 153/432/406 48/365/344 867/433/407
f 167/435/409 1629/437/411 862/436/410
f 56/373/351 888/500/463 1639/438/412
f 1625/439/413 147/420/395 42/440/393
f 57/383/361 898/529/491 1654/444/417
f 1640/425/399 148/424/395 45/445/395
f 163/395/372 1649/449/421 902/447/419
f 59/448/420 925/530/492 1649/449/421
f 165/390/367 1654/444/417 908/450/422
f 857/451/423 1615/485/451 146/452/393
f 48/365/344 152/364/343 1659/454/424
f 152/364/343 47/405/382 934/455/425
f 150/458/393 46/477/393 929/459/428
f 47/405/382 160/404/381 1674/461/430
f 160/404/381 1684/412/389 946/462/431
f 1530/464/433 762/363/342 48/365/344
f 41/453/393 146/452/393 1610/468/437
f 1540/368/347 159/367/346 58/421/396
f 159/367/346 1619/431/405 873/470/439
f 146/452/393 43/486/393 882/471/440
f 935/475/443 1675/494/459 151/476/393
f 147/420/395 1630/419/394 893/483/449
f 776/366/345 1530/464/433 153/432/406
f 1615/485/451 877/533/495 43/486/393
f 151/476/393 1670/495/460 940/492/457
f 1675/494/459 945/1230/1175 1670/495/460
f 164/356/336 1624/422/397 888/500/463
f 45/445/395 903/524/486 1650/501/464
f 145/505/393 1620/506/468 882/471/440
f 44/418/393 872/526/488 1620/506/468
f 1580/507/469 830/403/380 47/405/382
f 41/453/393 150/458/393 1665/460/429
f 1660/511/473 935/475/443 46/477/393
f 1655/516/478 149/502/465 1645/517/479
f 149/502/465 1650/501/464 924/519/481
f 797/387/365 52/386/364 155/441/414
f 46/477/393 151/476/393 1680/493/458
f 148/424/395 1635/527/489 903/524/486
f 872/526/488 44/418/393 147/420/395
f 42/440/393 893/483/449 1635/527/489
f 158/381/359 1639/438/412 898/529/491
f 161/480/446 1644/482/448 925/530/492
f 863/531/493 44/418/393 145/505/393
f 1605/532/494 145/505/393 43/486/393
f 897/446/418 45/445/395 149/502/465
f 868/469/438 1660/511/473 150/458/393
s 4
f 976/542/502 84/608/562 194/543/503
f 961/548/507 1701/536/498 186/538/500
f 972/550/509 1746/696/641 182/551/510
f 986/553/512 75/615/569 189/554/513
f 1711/544/504 194/543/503 82/560/518
f 991/561/519 82/560/518 188/568/526
f 1726/569/527 188/568/526 83/570/528
f 1001/571/529 83/570/528 195/577/534
f 1053/590/547 1761/598/555 190/591/548
f 186/538/500 80/537/499 1101/603/558
f 70/605/560 1086/719/664 1796/606/561
f 84/608/562 1096/659/608 1790/609/563
f 1110/610/564 68/627/581 178/611/565
f 184/587/544 76/549/508 1081/613/567
f 75/615/569 183/619/573 1775/616/570
f 75/615/569 1106/617/571 1785/618/572
f 183/619/573 74/552/511 1090/620/574
f 82/560/518 1111/689/635 1805/625/579
f 1791/626/580 177/607/560 68/627/581
f 83/570/528 1121/717/662 1820/631/585
f 1806/612/566 178/611/565 71/632/586
f 195/577/534 1820/631/585 1131/637/591
f 1080/638/592 1781/674/621 176/639/560
f 74/552/511 182/551/510 1825/641/593
f 182/551/510 73/592/549 1171/642/594
f 192/595/552 77/589/546 1167/643/595
f 180/645/560 72/666/560 1166/646/597
f 73/592/549 190/591/548 1840/648/599
f 190/591/548 1850/599/556 1183/649/600
f 81/597/554 192/595/552 1845/644/596
f 1696/651/602 972/550/509 74/552/511
f 67/640/560 176/639/560 1776/657/606
f 1706/555/514 189/554/513 84/608/562
f 189/554/513 1785/618/572 1096/659/608
f 176/639/560 69/675/613 1105/660/609
f 76/549/508 186/538/500 1780/604/559
f 1172/664/612 1841/683/629 181/665/613
f 177/607/560 1796/606/561 1116/672/619
f 967/567/525 85/566/524 196/621/575
f 986/553/512 1696/651/602 183/619/573
f 1781/674/621 1100/721/666 69/675/613
f 85/566/524 1085/623/577 1770/676/622
f 181/665/613 1836/684/630 1177/681/627
f 1841/683/629 1182/1335/1291 1836/684/630
f 194/543/503 1790/609/563 1111/689/635
f 71/632/586 1126/710/655 1816/690/636
f 175/694/613 1786/695/640 1105/660/609
f 70/605/560 1095/712/657 1786/695/640
f 1746/696/641 1053/590/547 73/592/549
f 67/640/560 180/645/560 1831/647/598
f 1826/697/642 1172/664/612 72/666/560
f 1821/702/647 179/691/637 1811/703/648
f 179/691/637 1816/690/636 1148/705/650
f 77/589/546 184/587/544 1830/614/568
f 72/666/560 181/665/613 1846/682/628
f 178/611/565 1801/713/658 1126/710/655
f 1691/673/620 196/621/575 80/537/499
f 1095/712/657 70/605/560 177/607/560
f 68/627/581 1116/672/619 1801/713/658
f 188/568/526 1805/625/579 1121/717/662
f 1086/719/664 70/605/560 175/694/613
f 1771/720/665 175/694/613 69/675/613
f 1120/633/587 71/632/586 179/691/637
f 1091/658/607 1826/697/642 180/645/560
s 2
f 1373/1581/1521 1374/1582/1522 545/968/892
f 572/1000/927 560/303/285 1371/262/245
f 1375/254/237 1377/1583/1523 567/993/920
f 568/995/922 1378/1585/1525 1379/1584/1524
f 574/999/926 1379/1584/1524 1376/241/225
f 582/1003/930 590/1006/933 1378/1585/1525
f 590/1006/933 589/1017/947 1379/1584/1524
f 1379/1584/1524 589/1017/947 579/269/252
f 1381/1587/1526 1382/1590/1528 591/1588/1527
f 1381/1587/1526 550/2178/899 544/969/903
f 536/961/886 1385/1591/1530 1386/1592/1531
f 1387/1593/1532 1384/275/258 199/281/264
f 562/988/915 561/986/913 1387/1593/1532
f 1392/252/235 1394/1605/1537 533/1601/884
f 1394/1602/1537 1395/1606/1540 534/964/1538
f 1395/1603/1539 1393/231/215 529/301/283
f 1392/252/235 578/302/284 586/1604/937
f 1394/1602/1537 586/1011/937 581/1004/941
f 1395/1603/1539 580/1002/929 577/232/216
f 480/892/830 1411/299/281 1413/1621/1559
f 484/902/831 1414/1622/1560 1415/1623/1561
f 440/220/204 444/844/2119 1413/1621/1559
f 445/847/1563 446/1624/1564 1415/1623/1561
f 495/909/1565 1416/272/255 1418/1625/1566
f 498/907/1567 1418/1625/1566 1419/1626/1568
f 1865/1627/1569 1419/1626/1568 1420/1628/1570
f 501/1629/1571 1420/1628/1570 1417/338/320
f 482/263/246 493/904/839 1418/1625/1566
f 488/898/835 489/900/837 1420/1628/1570
f 1424/1632/1574 1425/1633/1575 504/913/848
f 1421/209/193 442/277/260 446/1634/1564
f 1424/1632/1574 447/850/1576 444/851/1577
f 1425/1633/1575 444/851/2120 441/265/248
f 1426/257/240 1428/1635/1579 476/888/1578
f 479/2179/823 476/888/1578 477/1637/819
f 476/888/1578 1428/1635/1579 477/1637/819
f 1429/1636/1580 1430/1638/1581 472/876/816
f 1426/257/240 506/280/263 513/930/1582
f 1429/1636/1580 509/931/855 508/920/853
f 1430/1638/1581 508/920/853 505/294/277
f 1436/342/324 1438/1645/1589 524/1644/1586
f 1440/1647/1593 1437/286/269 522/292/275
f 1458/1661/1605 1459/1662/1606 660/1069/1002
f 1459/1662/1606 1460/1663/1607 651/1066/999
f 665/1090/309 675/1089/1020 1458/1661/1605
f 667/1084/1015 664/341/323 1457/227/211
f 686/1100/1035 1465/1666/1610 1462/214/198
f 1463/1664/1608 661/1078/1011 655/1074/1007
f 1464/1665/1609 655/1074/1007 654/1072/1005
f 1465/1666/1610 654/1072/1005 647/314/296
f 1471/333/315 1473/1672/1614 703/1117/1052
f 1475/1674/1616 1472/1675/190 701/1124/200
f 722/1133/1073 731/1137/1077 1474/1673/1615
f 731/1137/1077 730/1146/1085 1475/1674/1616
f 730/1146/1085 719/1148/188 1472/1675/190
s 3
f 865/1853/1803 866/1854/1804 1608/1851/1801
f 876/1870/1820 875/1872/1822 1627/1879/1829
f 1636/1888/1838 1637/1889/1839 895/1886/1836
f 927/1903/1853 1647/1902/1852 1648/1904/1854
f 1652/1907/1857 1653/1908/1858 906/1893/1843
f 1658/1911/1861 1655/516/478 909/518/480
f 900/1896/1846 899/1898/1848 1658/1911/1861
f 1659/454/424 934/455/425 936/1915/1865
f 1662/1913/1863 937/1916/1866 938/1917/1867
f 932/1921/1871 1667/1920/1870 1668/1922/1872
f 938/1917/1867 1678/1932/1882 1675/494/459
f 1676/1930/1880 958/1236/1182 953/1231/1176
s 4
f 1772/2070/2014 1773/2072/2016 1103/2071/2015
f 1775/616/570 1090/620/574 1092/2084/2028
f 1785/618/572 1787/2094/2038 1099/2093/2037
f 1788/2096/2040 1789/2098/2042 1097/2097/2041
f 1108/2081/2025 1107/2083/2027 1789/2098/2042
f 1790/609/563 1792/2100/2044 1114/2099/2043
f 1793/2102/2046 1794/2104/2048 1112/2103/2047
f 1098/2095/2039 1097/2097/2041 1794/2104/2048
f 1809/2122/2066 1806/612/566 1120/633/587
f 1822/2129/2073 1823/2130/2074 1138/1309/1264
f 1823/2130/2074 1824/2131/2075 1144/1307/1262
f 1121/717/662 1124/2117/2061 1822/2129/2073
f 1124/2117/2061 1123/2119/2063 1823/2130/2074
f 1090/620/574 1825/641/593 1827/2132/2076
f 1828/2133/2077 1174/2136/2080 1175/2137/2081
f 1180/2151/2093 1177/681/627 1836/684/630
f 1173/2135/2079 1842/2152/2094 1843/2153/2095
s 1
f 1258/1/1 91/70/66 1/2/2
f 1209/4/4 222/183/169 20/5/5
f 87/7/7 1203/61/57 228/8/8
f 217/10/9 23/76/71 112/11/10
f 4/13/12 88/43/7 1223/14/13
f 202/16/15 1209/4/4 104/6/6
f 213/18/17 1254/163/151 100/19/18
f 227/21/20 15/83/77 107/22/21
f 3/9/7 86/27/7 1198/24/23
f 1213/26/25 218/159/148 4/13/12
f 1219/12/11 112/11/10 21/28/26
f 1229/30/28 103/96/89 19/31/29
f 1224/33/31 115/90/84 25/34/32
f 232/29/27 21/28/26 106/36/34
f 1234/37/35 106/36/34 22/38/36
f 1244/40/38 111/50/47 18/41/39
f 88/43/7 2/155/7 237/44/41
f 242/39/37 22/38/36 113/45/42
f 1249/46/43 113/45/42 1367/47/44
f 270/49/46 24/103/95 111/50/47
f 89/51/7 5/152/7 247/52/48
f 1259/54/50 202/16/15 16/17/16
f 275/56/52 1259/54/50 102/55/51
f 281/58/54 1269/66/62 108/59/55
f 1/2/2 212/194/178 1203/61/57
f 1274/62/58 275/56/52 17/57/53
f 287/64/60 1274/62/58 110/63/59
f 1269/66/62 304/774/716 1364/67/63
f 6/68/64 280/129/120 1253/69/65
f 104/6/6 20/5/5 342/71/67
f 10/73/69 327/191/175 1304/74/70
f 23/76/71 337/126/117 1298/77/72
f 351/78/73 8/95/69 96/79/69
f 102/55/51 16/17/16 322/81/75
f 15/83/77 101/87/81 1283/84/78
f 15/83/77 347/85/79 1293/86/80
f 101/87/81 14/20/19 331/88/82
f 114/89/83 1278/143/134 342/71/67
f 115/90/84 1303/92/86 326/91/85
f 19/31/29 356/97/90 1303/92/86
f 21/28/26 352/156/145 1313/93/87
f 1299/94/88 95/75/69 8/95/69
f 103/96/89 1308/98/91 356/97/90
f 18/41/39 366/102/94 1308/98/91
f 22/38/36 362/189/173 1328/99/92
f 1314/80/74 96/79/69 11/100/69
f 111/50/47 1323/104/96 366/102/94
f 24/103/95 389/1532/174 1323/104/96
f 113/45/42 1328/99/92 372/105/97
f 321/106/98 1289/141/132 94/107/69
f 14/20/19 100/19/18 1333/109/100
f 100/19/18 13/60/56 398/110/101
f 110/63/59 17/57/53 394/111/102
f 98/113/104 12/133/124 393/114/105
f 13/60/56 108/59/55 1348/116/107
f 108/59/55 1364/67/63 410/117/108
f 403/118/109 1360/123/114 1359/65/61
f 1359/65/61 110/63/59 1353/112/103
f 1204/119/110 213/18/17 14/20/19
f 1264/120/111 285/747/692 1358/121/112
f 1343/1554/1499 105/122/113 403/118/109
f 105/122/113 1358/121/112 403/118/109
f 7/108/99 94/107/69 1284/124/115
f 228/8/8 1213/26/25 86/27/7
f 1214/23/22 107/22/21 23/76/71
f 107/22/21 1293/86/80 337/126/117
f 94/107/69 9/142/133 346/127/118
f 92/128/119 1268/145/136 280/129/120
f 203/3/3 1/2/2 87/7/7
f 16/17/16 104/6/6 1288/72/68
f 399/131/122 1349/150/141 99/132/123
f 238/32/30 19/31/29 115/90/84
f 1239/134/125 252/724/669 1368/135/126
f 109/136/127 1368/135/126 371/137/128
f 95/75/69 1304/74/70 357/139/130
f 208/35/33 25/34/32 114/89/83
f 227/21/20 1204/119/110 101/87/81
f 1289/141/132 341/193/177 9/142/133
f 25/34/32 326/91/85 1278/143/134
f 1263/144/135 305/784/727 1268/145/136
f 286/146/137 1263/144/135 92/128/119
f 99/132/123 1344/151/142 404/148/139
f 1349/150/141 409/817/758 1344/151/142
f 5/152/7 90/168/156 1243/153/143
f 1218/154/144 233/160/149 2/155/7
f 112/11/10 1298/77/72 352/156/145
f 11/100/69 367/182/168 1324/157/146
f 218/159/148 1218/154/144 88/43/7
f 233/160/149 1233/188/172 89/51/7
f 93/161/69 1294/162/150 346/127/118
f 10/73/69 336/184/170 1294/162/150
f 1254/163/151 281/58/54 13/60/56
f 7/108/99 98/113/104 1339/115/106
s 2
f 425/164/152 1396/210/194 135/165/153
s 1
f 1334/167/155 399/131/122 12/133/124
f 90/168/156 1238/171/159 271/169/157
f 1248/170/158 253/733/678 1238/171/159
f 1329/172/160 97/158/147 1319/173/161
f 97/158/147 1324/157/146 388/175/163
f 1264/176/111 105/180/113 1365/177/164
f 276/179/166 6/68/64 91/70/66
f 17/57/53 102/55/51 1338/82/76
f 105/180/113 1343/2180/1499 408/181/167
f 248/42/40 18/41/39 103/96/89
f 1273/147/138 92/128/119 6/68/64
f 12/133/124 99/132/123 1354/149/140
f 96/79/69 1309/185/171 367/182/168
f 2/155/7 89/51/7 1228/53/49
f 1199/140/131 114/89/83 20/5/5
f 336/184/170 10/73/69 95/75/69
f 8/95/69 357/139/130 1309/185/171
f 1239/134/125 109/136/127 24/186/95
f 1233/188/172 243/195/179 5/152/7
f 106/36/34 1313/93/87 362/189/173
f 109/136/127 1318/138/129 389/190/174
f 1208/130/121 87/7/7 3/9/7
f 86/27/7 4/13/12 207/15/14
f 327/191/175 10/73/69 93/161/69
f 1279/192/176 93/161/69 9/142/133
f 91/70/66 1253/69/65 212/194/178
f 243/195/179 1248/170/158 90/168/156
f 361/101/93 11/100/69 97/158/147
f 332/125/116 1334/167/155 98/113/104
s 2
f 520/199/183 1522/1717/1677 134/200/184
f 134/200/184 1522/1717/1677 735/202/186
f 1396/210/194 448/852/791 1512/211/195
f 461/217/201 1406/317/299 122/218/202
f 1447/223/207 130/337/319 1452/224/208
f 26/228/212 543/261/244 1389/229/213
f 1407/234/218 132/249/232 1513/235/219
f 1402/237/221 426/837/778 1487/238/222
f 427/245/228 27/274/257 120/246/229
f 460/248/231 1491/310/292 132/249/232
f 461/217/201 28/219/203 121/258/241
f 26/228/212 120/246/229 1370/260/243
f 27/274/257 121/258/241 1384/275/258
f 28/219/203 199/281/264 1384/275/258
f 28/219/203 122/218/202 1389/229/213
f 135/165/153 1512/211/195 594/282/265
f 507/284/267 1432/201/185 134/200/184
f 1437/286/269 469/882/820 1508/287/270
f 1380/289/272 119/251/234 1388/290/273
f 27/274/257 558/276/259 1370/260/243
f 522/292/275 1437/286/269 137/288/271
f 1503/285/268 134/200/184 1476/203/187
f 1521/293/276 137/288/271 1481/305/287
f 137/288/271 1508/287/270 702/307/289
f 1487/238/222 614/1046/979 1446/308/290
f 132/249/232 1451/311/293 595/309/291
f 1491/310/292 630/1061/993 1451/311/293
f 449/316/298 26/228/212 122/218/202
f 459/318/300 1402/237/221 118/239/223
f 118/239/223 1446/308/290 628/320/302
f 1486/166/154 135/165/153 1442/283/266
f 427/245/228 1401/259/242 121/258/241
f 449/316/298 1397/247/230 120/246/229
f 1452/224/208 130/337/319 1441/334/316
f 613/336/318 1441/334/316 130/337/319
s 3
f 1584/346/328 143/415/329 35/347/329
f 1535/349/331 771/525/487 54/350/332
f 139/352/329 1529/406/383 777/353/334
f 38/358/329 140/388/329 1549/359/338
f 751/361/340 1535/349/331 156/351/333
f 37/354/329 138/372/329 1524/369/348
f 1539/371/350 767/503/466 38/358/329
f 1555/375/353 155/441/414 53/376/354
f 1550/378/356 167/435/409 60/379/357
f 1570/385/363 163/395/372 52/386/364
f 140/388/329 36/499/373 786/389/366
f 819/394/371 59/448/420 163/395/372
f 141/396/373 39/496/373 796/397/374
f 1585/399/376 751/361/340 50/362/341
f 824/401/378 1585/399/376 154/400/377
f 830/403/380 1595/411/388 160/404/381
f 35/347/329 761/534/496 1529/406/383
f 1600/407/384 824/401/378 51/402/379
f 835/409/386 1600/407/384 162/408/385
f 1595/411/388 840/1195/1135 1684/412/389
f 40/413/329 829/473/441 1579/414/390
f 156/351/333 54/350/332 878/416/391
f 154/400/377 50/362/341 858/426/400
f 166/434/408 1604/487/452 878/416/391
f 53/376/354 892/442/415 1629/437/411
f 155/441/414 1634/443/416 892/442/415
f 52/386/364 902/447/419 1634/443/416
f 162/408/385 51/402/379 930/456/426
f 55/410/387 162/408/385 1679/457/427
f 1590/465/434 835/409/386 55/410/387
f 157/466/435 55/410/387 939/463/432
f 777/353/334 1539/371/350 138/372/329
f 144/472/329 1594/489/454 829/473/441
f 752/348/330 35/347/329 139/352/329
f 50/362/341 156/351/333 1614/417/392
f 787/377/355 53/376/354 167/435/409
f 1565/478/444 801/2181/1107 1688/479/445
f 161/480/446 1688/479/445 907/481/447
f 757/380/358 60/379/357 166/434/408
f 60/379/357 862/436/410 1604/487/452
f 1589/488/453 841/1204/1144 1594/489/454
f 834/490/455 1589/488/453 144/472/329
f 39/496/373 142/512/474 1569/497/461
f 1544/498/462 782/504/467 36/499/373
f 767/503/466 1544/498/462 140/388/329
f 782/504/467 1559/528/490 141/396/373
s 4
f 1750/508/470 173/602/471 61/509/471
s 3
f 142/512/474 1564/515/477 820/513/475
f 1574/514/476 802/1176/1116 1564/515/477
f 1590/465/434 157/466/435 1685/520/482
f 825/522/484 40/413/329 143/415/329
f 51/402/379 154/400/377 1664/427/401
f 157/466/435 1669/467/436 944/523/485
f 1599/491/456 144/472/329 40/413/329
f 36/499/373 141/396/373 1554/398/375
f 1525/484/450 166/434/408 54/350/332
f 1565/478/444 161/480/446 59/448/420
f 1559/528/490 792/535/497 39/496/373
f 1534/474/442 139/352/329 37/354/329
f 138/372/329 38/358/329 756/360/339
f 143/415/329 1579/414/390 761/534/496
f 792/535/497 1574/514/476 142/512/474
s 4
f 1701/536/498 981/711/656 80/537/499
f 169/539/471 1695/593/550 987/540/501
f 64/545/471 170/575/471 1715/546/505
f 63/541/471 168/559/471 1690/556/515
f 1705/558/517 977/692/638 64/545/471
f 1721/562/520 185/628/582 79/563/521
f 1716/565/523 197/622/576 85/566/524
f 1736/572/530 193/582/539 78/573/531
f 170/575/471 62/688/634 996/576/533
f 1741/578/535 195/577/534 1853/579/536
f 1030/581/538 1857/635/589 193/582/539
f 171/583/540 65/685/631 1006/584/541
f 1751/586/543 961/548/507 76/549/508
f 1047/588/545 1751/586/543 184/587/544
f 61/509/471 971/722/667 1695/593/550
f 1766/594/551 1047/588/545 77/589/546
f 1058/596/553 1766/594/551 192/595/552
f 1761/598/555 1063/2182/1233 1850/599/556
f 66/600/471 1052/662/610 1745/601/557
f 196/621/575 1770/676/622 1101/603/558
f 197/622/576 1795/624/578 1085/623/577
f 79/563/521 1115/629/583 1795/624/578
f 185/628/582 1800/630/584 1115/629/583
f 78/573/531 1125/634/588 1800/630/584
f 193/582/539 1815/636/590 1125/634/588
f 1857/635/589 1149/1324/1280 1815/636/590
f 1756/652/603 1058/2056/553 81/653/554
f 187/654/604 81/653/554 1176/655/601
f 987/540/501 1705/558/517 168/559/471
f 174/661/471 1760/678/624 1052/662/610
f 962/510/472 61/509/471 169/539/471
f 997/564/522 79/563/521 197/622/576
f 1731/667/614 1011/2168/1186 1854/668/615
f 191/669/616 1854/668/615 1130/670/617
f 1755/677/623 1064/1292/1244 1760/678/624
f 1057/679/625 1755/677/623 174/661/471
f 65/685/631 172/698/643 1735/686/632
f 1710/687/633 992/693/639 62/688/634
f 977/692/638 1710/687/633 170/575/471
f 992/693/639 1725/716/661 171/583/540
f 172/698/643 1730/701/646 1031/699/644
f 1740/700/645 1012/1248/1196 1730/701/646
f 1756/652/603 187/654/604 1851/706/651
f 1048/708/653 66/600/471 173/602/471
f 187/654/604 1835/656/605 1181/709/654
f 1007/574/532 78/573/531 185/628/582
f 1765/680/626 174/661/471 66/600/471
f 62/688/634 171/583/540 1720/585/542
f 1731/667/614 191/669/616 1858/714/659
f 1725/716/661 1002/723/668 65/685/631
f 191/669/616 1810/671/618 1147/718/663
f 1700/663/611 169/539/471 63/541/471
f 168/559/471 64/545/471 966/547/506
f 173/602/471 1745/601/557 971/722/667
f 1002/723/668 1740/700/645 172/698/643
s 1
f 252/724/669 255/727/672 258/725/670
f 255/727/672 256/736/681 259/728/673
f 258/725/670 259/728/673 260/730/675
f 261/731/676 264/735/680 263/732/677
f 262/734/679 265/737/682 264/735/680
f 264/735/680 259/728/673 256/736/681
f 265/737/682 260/730/675 259/728/673
f 254/48/45 266/740/2121 268/738/683
f 266/740/685 257/1576/2122 269/741/686
f 267/739/684 268/738/683 265/742/687
f 268/744/683 269/729/686 260/730/689
f 288/745/690 291/751/694 290/746/691
f 289/748/693 292/759/696 291/749/694
f 291/751/694 293/754/697 300/752/695
f 286/146/137 294/757/700 297/755/698
f 294/757/700 295/1462/1417 298/758/701
f 296/756/699 297/755/698 292/759/702
f 297/755/698 298/758/701 293/760/703
f 299/761/704 302/763/706 301/762/705
f 300/752/695 293/754/697 302/763/706
f 302/763/706 298/766/708 295/764/707
f 303/178/165 306/2183/711 308/767/709
f 307/768/710 308/767/709 320/771/713
f 308/767/709 309/770/712 310/773/715
f 304/774/716 311/777/719 314/775/717
f 311/777/719 312/1460/1415 315/778/720
f 313/776/721 314/775/717 309/779/722
f 314/781/717 315/787/720 310/773/724
f 316/782/725 319/785/728 318/783/726
f 317/772/714 320/771/713 319/785/728
f 319/785/728 315/787/730 312/786/729
f 320/771/713 310/773/715 315/787/730
f 371/137/128 374/1579/733 376/788/731
f 375/789/732 376/788/731 387/792/735
f 376/788/731 377/791/734 378/794/737
f 372/105/97 379/797/740 381/795/738
f 379/797/740 380/806/748 382/798/741
f 381/795/738 382/798/741 378/800/743
f 383/801/745 386/805/747 385/802/746
f 384/793/736 387/792/749 386/803/747
f 386/805/747 382/798/741 380/806/748
f 387/792/749 378/794/743 382/807/741
f 408/808/167 411/811/752 414/809/750
f 411/811/752 412/822/761 415/812/753
f 414/809/750 415/812/753 416/814/755
f 417/815/756 420/821/760 419/816/757
f 418/818/759 421/2184/762 420/819/760
f 420/821/760 415/812/763 412/822/761
f 421/823/762 416/814/768 415/812/763
f 410/117/108 413/1572/766 423/824/764
f 422/825/765 423/824/764 421/823/762
f 423/824/764 424/813/2123 416/814/768
s 2
f 428/828/769 431/831/772 430/829/770
f 429/830/771 436/833/774 431/831/772
f 431/831/772 432/834/775 438/832/773
f 433/835/776 436/839/774 435/836/777
f 434/838/779 432/2185/775 436/839/774
f 438/832/773 432/834/775 439/840/780
f 439/840/780 432/2185/775 434/838/779
s 8
f 447/850/788 445/2186/2124 1863/846/789
s 9
f 454/855/794 455/1612/2125 456/856/795
s 2
f 457/857/799 452/1709/2126 451/859/792
f 472/879/816 474/878/817 473/880/818
s 15
f 476/888/825 479/2179/2127 478/889/826
s 2
f 483/890/828 486/894/832 485/891/829
f 488/898/835 487/906/834 490/899/836
f 491/903/838 494/905/840 493/904/839
f 492/896/833 486/895/832 494/905/840
f 494/905/840 487/906/834 488/898/835
s 16
f 498/907/841 504/911/2128 499/908/842
s 17
f 498/907/844 1865/916/851 500/910/845
s 2
f 508/920/853 511/923/856 510/921/854
f 511/923/856 519/926/859 517/924/857
f 511/923/856 509/922/855 512/925/858
f 514/928/861 512/925/858 509/922/855
f 516/932/863 519/934/859 518/933/864
s 22
f 1862/940/873 1866/939/2129 525/946/874
s 2
f 199/281/264 530/1600/878 198/947/876
f 532/948/877 198/947/876 540/952/880
f 533/956/884 534/964/1538 535/957/885
f 201/955/883 200/954/882 198/959/876
f 536/961/886 539/963/888 538/962/887
f 537/953/881 540/952/880 539/963/888
f 539/963/888 535/957/890 534/964/889
f 544/969/893 547/971/896 546/967/891
f 546/967/891 557/972/897 554/970/895
f 542/291/274 548/975/900 551/973/898
f 548/975/900 549/1595/1534 552/976/901
f 550/974/899 551/973/898 547/977/902
s 23
f 551/973/904 552/976/2130 557/979/905
s 2
f 553/980/907 556/982/909 555/981/908
f 554/970/895 557/972/911 556/982/909
f 556/982/909 552/985/912 549/983/910
f 561/986/913 564/989/916 563/987/914
f 562/988/915 565/997/924 564/989/916
f 564/989/916 576/992/919 573/990/917
f 564/989/916 565/997/924 566/991/918
f 567/993/920 570/996/923 569/994/921
f 568/995/922 571/1001/928 570/996/923
f 570/996/923 565/997/924 562/988/915
f 570/996/923 571/1001/928 566/991/918
f 560/303/285 572/1000/927 575/998/925
f 572/1000/927 573/990/917 576/992/919
f 575/998/925 571/1001/928 568/995/922
f 575/998/925 576/992/919 566/991/918
f 580/1002/929 583/1005/932 582/1003/930
f 581/1004/931 584/1007/934 583/1005/932
f 583/1005/932 593/1008/935 590/1006/933
f 578/1009/284 585/1012/938 587/1010/936
f 585/1012/938 591/1588/1527 588/1013/939
f 586/1011/937 587/1010/936 584/1007/940
s 24
f 587/1010/942 588/1013/2131 593/1014/943
s 2
f 579/269/252 589/1017/947 592/1015/945
f 589/1017/947 590/1006/933 593/1008/948
f 594/282/265 597/1706/952 599/1018/950
f 598/1019/951 599/1018/950 611/1022/954
f 599/1018/950 600/1021/953 601/1024/956
f 595/309/291 602/1027/959 605/1025/957
f 602/1027/959 603/1033/967 606/1028/960
f 604/1026/961 605/1025/957 600/1021/962
f 605/1025/957 606/1028/960 601/1024/956
f 607/1029/964 610/1032/966 609/1030/965
f 608/1023/955 611/1022/954 610/1032/966
f 610/1032/966 606/1028/960 603/1033/967
f 611/1022/954 601/1024/956 606/1028/960
f 615/1034/968 618/1037/971 617/1035/969
f 616/1036/970 619/2187/2132 618/1037/971
f 618/1037/971 619/2188/2132 625/1038/972
f 620/1039/973 623/1043/976 622/1040/974
f 621/1042/975 619/2189/2132 623/1043/976
f 623/1043/976 619/2187/2132 616/1036/970
f 624/1044/977 627/1047/980 626/1045/978
f 625/1038/972 619/2188/2132 627/1047/980
f 627/1047/980 619/2189/2132 621/1042/975
f 628/320/302 631/1050/983 634/1048/981
f 631/1050/983 632/1059/991 635/1051/984
f 634/1048/981 635/1051/984 636/1053/986
f 637/1054/987 640/1058/990 639/1055/988
f 638/1057/989 641/1060/992 640/1058/990
f 640/1058/990 635/1051/984 632/1059/991
f 641/1060/992 636/1053/986 635/1051/984
f 630/1061/993 642/1064/1628 644/1062/994
f 642/1064/996 633/1689/1630 645/1052/997
f 643/1063/995 644/1062/994 641/1060/992
f 644/1062/994 645/1052/997 636/1053/986
f 649/1065/998 652/1068/1001 651/1066/999
f 650/1067/1000 653/1070/1003 652/1068/1001
f 652/1068/1001 663/1071/1004 660/1069/1002
f 654/1072/1005 657/1075/1008 656/1073/1006
f 655/1074/1007 658/1076/1009 657/1075/1008
f 657/1075/1008 653/1070/1003 650/1067/1000
f 658/1076/1009 663/1081/1004 653/1070/1003
f 659/1077/1010 662/1080/1012 661/1078/1011
f 660/1069/1002 663/1071/1004 662/1080/1012
f 662/1080/1012 658/1076/1009 655/1074/1007
f 664/341/323 667/1084/1015 670/1082/1013
f 667/1084/1015 668/1093/1023 671/1085/1016
f 670/1082/1013 671/1085/1016 672/1087/1018
f 673/1088/1019 676/1092/1022 675/1089/1020
f 674/1091/1021 677/1094/1024 676/1092/1022
f 676/1092/1022 671/1085/1025 668/1093/1023
f 677/1094/1024 672/1087/2133 671/1085/1025
f 666/1095/1026 678/1098/2134 680/1096/1027
s 25
f 678/1098/1029 669/1695/1640 681/1086/1030
s 2
f 679/1097/1028 680/1096/1027 677/1094/1032
f 680/1096/1027 681/1086/2135 672/1087/1033
f 682/213/197 685/1101/1642 687/1099/1034
f 685/1101/1036 692/1697/1644 688/1102/1037
f 686/1100/1035 687/1099/1034 699/1103/1038
f 687/1099/1034 688/1102/1037 689/1105/1040
f 683/315/297 690/1108/1043 693/1106/1041
f 690/1108/1043 691/1114/1049 694/1109/1044
f 693/1106/1041 694/1109/1044 689/1105/1040
f 695/1110/1046 698/1113/1048 697/1111/1047
f 696/1104/1039 699/1103/1038 698/1113/1048
f 698/1113/1048 694/1109/1044 691/1114/1049
f 699/1103/1038 689/1105/1040 694/1109/1044
f 700/345/327 703/1117/1052 706/1115/1050
f 703/1117/1052 704/1127/1063 707/1118/1053
s 26
f 705/1116/1054 706/1115/1057 716/1119/1055
f 706/1115/1057 707/1118/2136 708/1121/1058
s 2
f 709/1122/1059 712/1126/1062 711/1123/1060
f 710/1125/1061 707/1131/1068 712/1126/1062
f 712/1126/1062 707/1118/1053 704/1127/1063
f 702/307/289 713/1130/1066 716/1128/1064
f 715/1129/1065 716/1128/2137 707/1131/1068
f 720/1132/1072 723/1136/1076 722/1133/1073
f 721/1135/1075 724/1145/1078 723/1136/1076
f 723/1136/1076 734/1139/1079 731/1137/1077
f 725/1140/1080 728/1143/1083 727/1141/1081
f 726/1142/1082 729/1144/1084 728/1143/1083
f 728/1143/1083 724/1145/1078 721/1135/1075
f 730/1146/1085 733/1149/1087 732/1147/1086
f 731/1137/1077 734/1139/1079 733/1149/1087
f 733/1149/1087 729/1144/1084 726/1142/1082
f 734/1139/1079 724/1138/1078 729/1144/1084
f 735/202/186 738/1152/1090 741/1150/1088
f 740/1151/1089 741/1150/1088 750/1154/1092
f 736/306/288 743/1160/1099 741/1158/1097
f 743/1160/1099 744/1166/1106 750/1161/1100
f 746/1162/1102 749/1165/1104 748/1163/1103
f 747/1155/1093 750/1154/1092 749/1165/1104
f 749/1165/1105 750/1161/1100 744/1166/1106
s 3
f 801/1167/1107 804/1170/1110 807/1168/1108
f 804/1170/1110 805/1179/1119 808/1171/1111
f 807/1168/1108 808/1171/1111 809/1173/1113
f 810/1174/1114 813/1178/1118 812/1175/1115
f 811/1177/1117 814/1180/1120 813/1178/1118
f 813/1178/1118 808/1171/1111 805/1179/1119
f 814/1180/1120 809/1173/1113 808/1171/1111
f 803/393/370 815/1183/2138 817/1181/1121
f 815/1183/1123 806/1943/2139 818/1184/1124
f 816/1185/1122 817/1186/1121 814/1180/1125
f 817/1186/1121 818/1172/1124 809/1173/1127
f 839/1187/483 842/1190/1130 844/1188/1128
f 842/1190/1130 849/2190/2140 845/1191/1131
f 843/1189/1129 844/1188/1128 856/1192/1132
f 844/1188/1128 845/1191/1131 846/1194/1134
f 840/1195/1135 847/1839/1138 850/1196/1136
f 847/1198/1138 848/1206/1791 851/1199/1139
f 850/1200/1136 851/1199/1139 846/1194/1141
f 852/1202/1142 855/1205/1145 854/1203/1143
f 853/1193/1133 856/1192/1132 855/1205/1145
f 855/1205/1145 851/1199/1147 848/1206/1146
f 856/1192/1132 846/1194/1134 851/1199/1147
f 907/481/447 910/2191/1150 912/1207/1148
f 911/1208/1149 912/1207/1148 923/1211/1152
f 912/1207/1148 913/1210/2141 914/1213/1154
f 908/450/422 915/1216/1157 917/1214/1155
f 915/1216/1157 916/1221/1164 918/1217/1158
f 917/1214/1155 918/1217/1158 914/1213/1160
f 919/1218/1161 922/1220/1163 921/1219/1162
f 920/1212/1153 923/1211/1165 922/1220/1163
f 922/1220/1163 918/1217/1158 916/1221/1164
f 923/1211/1165 914/1213/1160 918/1217/1158
f 944/523/485 947/1224/1168 949/1222/1166
f 947/1224/1168 948/1233/1178 950/1225/1169
f 949/1222/1166 950/1225/1169 951/1227/1171
f 952/1228/1173 955/1232/1177 954/1229/1174
f 953/1231/1176 956/1234/1179 955/1232/1177
f 955/1232/1177 950/1225/1180 948/1233/1178
f 956/1234/1179 951/1227/1185 950/1225/1180
f 946/462/431 957/1937/1183 959/1235/1181
f 958/1236/1182 959/1235/1181 956/1234/1179
f 959/1235/1181 960/1226/1184 951/1227/1185
s 4
f 1011/1238/1186 1014/1241/1189 1017/1239/1187
f 1014/1241/1189 1015/1251/1199 1018/1242/1190
f 1016/1240/1188 1017/1239/1187 1028/1243/1191
f 1017/1239/1187 1018/1242/1190 1019/1245/1193
f 1020/1246/1194 1023/1250/1198 1022/1247/1195
f 1021/1249/1197 1024/1252/1200 1023/1250/1198
f 1023/1250/1198 1018/1242/1190 1015/1251/1199
f 1024/1252/1200 1019/1245/1193 1018/1242/1190
f 1013/580/537 1025/2163/1203 1027/1253/1201
f 1026/1254/1202 1027/1253/1201 1024/1256/1205
f 1027/1255/1201 1028/1243/1204 1019/1245/1206
f 1032/1258/1207 1035/1261/1210 1034/1259/1208
f 1033/1260/1209 1036/1269/1212 1035/1261/1210
f 1035/1261/1210 1046/1264/1213 1043/1262/1211
f 1037/1265/1214 1040/1268/1217 1039/1266/1215
f 1038/1267/1216 1041/1270/1218 1040/1268/1217
f 1039/1266/1215 1040/1268/1217 1036/1269/1212
f 1031/699/644 1042/1273/1221 1045/1271/1219
f 1042/1273/1221 1043/2019/1968 1046/1274/1222
f 1044/1272/1220 1045/1271/1219 1041/1275/1223
f 1045/1271/1225 1046/1274/1213 1036/1277/1212
f 1062/707/652 1065/2192/1228 1067/1278/1226
f 1066/1279/1227 1067/1278/1226 1079/1282/1230
f 1067/1278/1226 1068/1281/1229 1069/1284/1232
f 1063/1285/1233 1070/1288/1236 1073/1286/1234
f 1070/1288/1236 1071/1294/2008 1074/1289/1237
f 1072/1287/1238 1073/1286/1234 1068/1281/1239
f 1073/1286/1234 1074/1289/1237 1069/1284/1241
f 1075/1290/1242 1078/1293/1245 1077/1291/1243
f 1076/1283/1231 1079/1282/1230 1078/1293/1245
f 1078/1293/1245 1074/1289/1247 1071/1294/1246
f 1079/1282/1230 1069/1284/1232 1074/1289/1247
f 1130/670/617 1139/2170/1250 1134/1295/1248
f 1133/1296/1249 1134/1295/1248 1146/1299/1252
f 1134/1295/1248 1135/1298/2142 1136/1301/1254
f 1131/637/591 1137/1304/1257 1140/1302/1255
f 1137/1304/1257 1138/1309/1264 1141/1305/1258
f 1140/1302/1255 1141/1305/1258 1136/1301/1260
f 1142/1306/1261 1145/1308/1263 1144/1307/1262
f 1143/1300/1253 1146/1299/1265 1145/1308/1263
f 1145/1308/1263 1141/1305/1258 1138/1309/1264
f 1146/1299/1265 1136/1301/1260 1141/1305/1258
f 1150/1310/1266 1153/1313/1269 1152/1311/1267
f 1151/1312/1268 1154/1321/1277 1153/1313/1269
f 1153/1313/1269 1165/1316/1272 1162/1314/1270
f 1153/1313/1269 1154/1321/1277 1155/1315/1271
f 1156/1317/1273 1159/1320/1276 1158/1318/1274
f 1156/1317/1273 1157/1326/1282 1160/1319/1275
f 1159/1320/1276 1154/1321/1277 1151/1312/1268
f 1159/1320/1276 1160/1319/1275 1155/1315/1271
f 1161/1322/1278 1164/1325/1281 1163/1323/1279
f 1162/1314/1270 1165/1316/1272 1164/1325/1281
f 1164/1325/1281 1160/1319/1275 1157/1326/1282
f 1165/1316/1272 1155/1315/1271 1160/1319/1275
f 1181/709/654 1184/1329/1285 1187/1327/1283
f 1184/1329/1285 1185/2145/1294 1188/1330/1286
f 1187/1327/1283 1188/1330/1286 1189/1332/1288
f 1190/1333/1289 1193/1337/1293 1192/1334/1290
f 1191/1336/1292 1194/1339/1295 1193/1337/1293
f 1193/1337/1293 1188/1340/1296 1185/1338/1294
f 1194/1339/1295 1189/1345/1301 1188/1340/1296
f 1183/649/600 1186/2159/1299 1196/1341/1297
f 1195/1342/1298 1196/1341/1297 1194/1339/1295
f 1196/1341/1297 1197/1344/2143 1189/1345/1301
s 1
f 223/25/24 1198/24/23 1200/1349/1305
f 226/1350/1306 1200/1349/1305 1201/1351/1307
f 225/1352/1309 1201/1351/1314 1202/1353/1310
f 1202/1355/1310 1199/140/131 222/183/169
f 1198/24/23 207/15/14 209/1357/1312
f 1200/1349/1305 209/1357/1312 210/1358/1313
f 1201/1351/1314 210/1358/1352 211/1359/1315
f 211/1360/1315 208/35/33 1199/140/131
f 1203/61/57 1205/1362/1317 231/1361/1316
f 1205/1362/1317 1206/1368/1323 230/1363/1318
f 1206/1364/1319 1207/1370/1325 229/1365/1320
f 229/1365/1320 1207/1370/1325 1204/119/110
f 212/194/178 214/1367/1322 1205/1362/1317
f 214/1367/1322 215/1435/1391 1206/1368/1323
f 215/1369/1324 216/1437/1393 1207/1370/1325
f 1207/1370/1325 216/1437/1393 213/18/17
f 1208/130/121 1210/1372/1327 206/1371/1326
f 1210/1372/1327 1211/1374/1332 205/1373/1328
f 1211/1374/1329 1212/1377/1333 204/1375/1330
f 204/1376/1330 1212/1378/1333 1209/4/4
f 223/25/24 226/1350/1306 1210/1372/1327
f 226/1350/1306 225/1352/1308 1211/1374/1332
f 225/1352/1309 224/1354/1311 1212/1377/1333
f 1212/1378/1333 224/1356/1311 222/183/169
f 218/159/148 1213/26/25 1215/1379/1334
f 221/1380/1335 1215/1379/1334 1216/1381/1336
f 220/1383/1338 1216/1386/1341 1217/1384/1339
f 1217/1384/1339 1214/23/22 217/10/9
f 1213/26/25 228/8/8 231/1361/1316
f 1215/1379/1334 231/1361/1316 230/1363/1318
f 1216/1386/1341 230/1366/1321 229/1365/1320
f 229/1365/1320 227/21/20 1214/23/22
f 233/160/149 1218/154/144 1220/1387/1342
f 236/1388/1343 1220/1387/1342 1221/1389/1344
f 235/1391/1346 1221/1394/1349 1222/1392/1347
f 1222/1392/1347 1219/12/11 232/29/27
f 1218/154/144 218/159/148 221/1380/1335
f 1220/1387/1342 221/1380/1335 220/1382/1337
f 1221/1394/1349 220/1383/1338 219/1385/1340
f 219/1385/1340 217/10/9 1219/12/11
f 207/15/14 1223/14/13 1225/1395/1350
f 209/1357/1312 1225/1395/1350 1226/1396/1351
f 210/1358/1352 1226/1396/1356 1227/1397/1353
f 1227/1398/1353 1224/33/31 208/35/33
f 1223/14/13 237/44/41 239/1399/1354
f 1225/1395/1350 239/1399/1354 240/1400/1355
f 1226/1396/1356 240/1400/1360 241/1401/1357
f 241/1402/1357 238/32/30 1224/33/31
f 237/44/41 1228/53/49 1230/1403/1358
f 239/1399/1354 1230/1403/1358 1231/1404/1359
f 240/1400/1360 1231/1404/1364 1232/1405/1361
f 1232/1406/1361 1229/30/28 238/32/30
f 1228/53/49 247/52/48 249/1407/1362
f 1230/1403/1358 249/1407/1362 250/1408/1363
f 1231/1404/1364 250/1408/1382 251/1409/1365
f 251/1410/1365 248/42/40 1229/30/28
f 243/195/179 1233/188/172 1235/1411/1366
f 246/1412/1367 1235/1411/1366 1236/1413/1368
f 245/1415/1370 1236/1418/1373 1237/1416/1371
f 1237/1416/1371 1234/37/35 242/39/37
f 1233/188/172 233/160/149 236/1388/1343
f 1235/1411/1366 236/1388/1343 235/1390/1345
f 1236/1418/1373 235/1391/1346 234/1393/1348
f 234/1393/1348 232/29/27 1234/37/35
f 1238/171/159 1240/1420/1375 274/1419/1374
f 1240/1420/1375 1241/1422/1377 273/1421/1376
f 1241/1422/1377 1242/1424/1379 272/1423/1378
f 1242/1424/1379 1239/134/125 270/187/46
f 253/733/678 263/732/677 1240/1420/1375
f 263/732/677 256/736/681 1241/1422/1377
f 256/736/681 255/727/672 1242/1424/1379
f 255/727/672 252/724/669 1239/134/125
f 247/52/48 1243/153/143 1245/1425/1380
f 249/1407/1362 1245/1425/1384 1246/1426/1381
f 250/1408/1382 1246/1426/1385 1247/1427/1383
f 251/1410/1365 1247/1429/1383 1244/40/38
f 1243/153/143 271/169/157 274/1419/1374
f 1245/1425/1384 274/1419/1374 273/1421/1376
f 1246/1426/1385 273/1421/1376 272/1423/1378
f 272/1428/1378 270/49/46 1244/40/38
f 253/733/678 1248/170/158 1250/1430/1386
f 261/731/676 1250/1430/1386 1251/1431/1387
f 262/743/688 1251/1433/1389 1252/1432/1388
f 267/739/684 1252/1432/1388 1249/46/43
f 1248/170/158 243/195/179 246/1412/1367
f 1250/1430/1386 246/1412/1367 245/1414/1369
f 1251/1433/1389 245/1415/1370 244/1417/1372
f 1252/1432/1388 244/1417/1372 242/39/37
f 1253/69/65 1255/1434/1390 214/1367/1322
f 1255/1434/1390 1256/1439/1395 215/1435/1391
f 1256/1436/1392 1257/1441/1397 216/1437/1393
f 216/1437/1393 1257/1441/1397 1254/163/151
f 280/129/120 282/1438/1394 1255/1434/1390
f 282/1438/1394 283/1456/1411 1256/1439/1395
f 283/1440/1396 284/1442/1398 1257/1441/1397
f 284/1442/1398 281/58/54 1254/163/151
f 1258/1/1 1260/1444/1400 279/1443/1399
f 1260/1444/1400 1261/1446/1405 278/1445/1401
f 1261/1446/1402 1262/1449/1406 277/1447/1403
f 277/1448/1403 1262/1450/1406 1259/54/50
f 203/3/3 206/1371/1326 1260/1444/1400
f 206/1371/1326 205/1373/1328 1261/1446/1405
f 205/1373/1331 204/1375/1330 1262/1449/1406
f 1262/1450/1406 204/1376/1330 202/16/15
f 305/784/727 1263/144/135 1265/1451/1407
f 316/782/725 1265/1451/1407 1266/1452/1408
f 317/772/714 1266/1452/1408 1267/1453/1409
f 307/768/710 1267/1453/1409 1264/176/111
f 1263/144/135 286/146/137 296/756/699
f 1265/1451/1407 296/756/699 289/748/693
f 1266/1452/1408 289/748/693 288/750/690
f 1267/1454/1409 288/745/690 285/747/692
f 1268/145/136 1270/1455/1410 282/1438/1394
f 1270/1455/1410 1271/1459/1414 283/1456/1411
f 1271/1457/1412 1272/1458/1413 284/1442/1398
f 1272/1458/1413 1269/66/62 281/58/54
f 305/784/727 318/783/726 1270/1455/1410
f 318/783/726 312/786/729 1271/1459/1414
f 312/1460/1415 311/777/719 1272/1458/1413
f 311/777/719 304/774/716 1269/66/62
f 1273/147/138 1275/1461/1416 294/757/700
f 1275/1461/1416 1276/1463/1420 295/1462/1417
f 1276/1463/1418 1277/1466/1419 301/1464/705
f 1277/1465/1419 1274/62/58 287/64/60
f 276/179/166 279/1443/1399 1275/1461/1416
f 279/1443/1399 278/1445/1401 1276/1463/1420
f 278/1445/1404 277/1447/1403 1277/1466/1419
f 277/1448/1403 275/56/52 1274/62/58
f 1278/143/134 1280/1468/1422 345/1467/1421
f 1280/1468/1422 1281/1470/1424 344/1469/1423
f 1281/1470/1424 1282/1472/1426 343/1471/1425
f 1282/1472/1426 1279/192/176 341/193/177
f 326/91/85 328/1473/1427 1280/1468/1422
f 328/1473/1427 329/1474/1428 1281/1470/1424
f 329/1474/1428 330/1475/1429 1282/1472/1426
f 330/1475/1429 327/191/175 1279/192/176
f 347/85/79 1283/84/78 1285/1476/1430
f 350/1477/1431 1285/1476/1430 1286/1478/1432
f 349/1479/1433 1286/1478/1432 1287/1480/1434
f 348/1481/1435 1287/1480/1434 1284/124/115
f 1283/84/78 331/88/82 333/1482/1436
f 1285/1476/1430 333/1482/1436 334/1483/1437
f 1286/1478/1432 334/1483/1437 335/1484/1438
f 1287/1480/1434 335/1484/1438 332/125/116
f 322/81/75 1288/72/68 1290/1485/1439
f 325/1486/1440 1290/1485/1439 1291/1487/1441
f 324/1488/1442 1291/1487/1441 1292/1489/1443
f 323/1490/1444 1292/1489/1443 1289/141/132
f 1288/72/68 342/71/67 345/1467/1421
f 1290/1485/1439 345/1467/1421 344/1469/1423
f 1291/1487/1441 344/1469/1423 343/1471/1425
f 1292/1489/1443 343/1471/1425 341/193/177
f 1293/86/80 1295/1492/1446 340/1491/1445
f 1295/1492/1446 1296/1494/1448 339/1493/1447
f 1296/1494/1448 1297/1496/1450 338/1495/1449
f 1297/1496/1450 1294/162/150 336/184/170
f 347/85/79 350/1477/1431 1295/1492/1446
f 350/1477/1431 349/1479/1433 1296/1494/1448
f 349/1479/1433 348/1481/1435 1297/1496/1450
f 348/1481/1435 346/127/118 1294/162/150
f 1298/77/72 1300/1498/1452 355/1497/1451
f 1300/1498/1452 1301/1500/1454 354/1499/1453
f 1301/1500/1454 1302/1502/1456 353/1501/1455
f 1302/1502/1456 1299/94/88 351/78/73
f 337/126/117 340/1491/1445 1300/1498/1452
f 340/1491/1445 339/1493/1447 1301/1500/1454
f 339/1493/1447 338/1495/1449 1302/1502/1456
f 338/1495/1449 336/184/170 1299/94/88
f 1303/92/86 1305/1503/1457 328/1473/1427
f 1305/1503/1457 1306/1504/1458 329/1474/1428
f 1306/1504/1458 1307/1505/1459 330/1475/1429
f 1307/1505/1459 1304/74/70 327/191/175
f 356/97/90 358/1506/1460 1305/1503/1457
f 358/1506/1460 359/1507/1461 1306/1504/1458
f 359/1507/1461 360/1508/1462 1307/1505/1459
f 360/1508/1462 357/139/130 1304/74/70
f 1308/98/91 1310/1509/1463 358/1506/1460
f 1310/1509/1463 1311/1510/1464 359/1507/1461
f 1311/1510/1464 1312/1511/1465 360/1508/1462
f 1312/1511/1465 1309/185/171 357/139/130
f 366/102/94 368/1512/1466 1310/1509/1463
f 368/1512/1466 369/1513/1467 1311/1510/1464
f 369/1513/1467 370/1514/1468 1312/1511/1465
f 370/1514/1468 367/182/168 1309/185/171
f 1313/93/87 1315/1516/1470 365/1515/1469
f 1315/1516/1470 1316/1518/1472 364/1517/1471
f 1316/1518/1472 1317/1520/1474 363/1519/1473
f 1317/1520/1474 1314/80/74 361/101/93
f 352/156/145 355/1497/1451 1315/1516/1470
f 355/1497/1451 354/1499/1453 1316/1518/1472
f 354/1499/1453 353/1501/1455 1317/1520/1474
f 353/1501/1455 351/78/73 1314/80/74
f 389/190/174 1318/138/129 1320/1521/1475
f 392/1522/1476 1320/1521/1475 1321/1523/1477
f 391/1524/1478 1321/1523/1477 1322/1525/1479
f 390/1527/1480 1322/1528/1479 1319/173/161
f 1318/138/129 371/137/128 375/789/732
f 1320/1521/1475 375/789/732 384/793/736
f 1321/1523/1477 384/793/736 383/804/745
f 1322/1528/1479 383/801/745 373/174/162
f 1323/104/96 1325/1529/1481 368/1512/1466
f 1325/1529/1481 1326/1530/1482 369/1513/1467
f 1326/1530/1482 1327/1531/1483 370/1514/1468
f 1327/1531/1483 1324/157/146 367/182/168
f 389/1532/174 392/1533/1476 1325/1529/1481
f 392/1533/1476 391/1534/1478 1326/1530/1482
f 391/1534/1478 390/1527/1480 1327/1531/1483
f 390/1527/1480 388/175/163 1324/157/146
f 1328/99/92 1330/1535/1484 379/797/740
f 1330/1535/1484 1331/1536/1485 380/806/748
f 1331/1536/1485 1332/1537/1486 385/802/746
f 1332/1537/1486 1329/172/160 373/174/162
f 362/189/173 365/1515/1469 1330/1535/1484
f 365/1515/1469 364/1517/1471 1331/1536/1485
f 364/1517/1471 363/1519/1473 1332/1537/1486
f 363/1519/1473 361/101/93 1329/172/160
f 331/88/82 1333/109/100 1335/1538/1487
f 333/1482/1436 1335/1538/1487 1336/1539/1488
f 334/1483/1437 1336/1539/1488 1337/1540/1489
f 335/1484/1438 1337/1540/1489 1334/167/155
f 1333/109/100 398/110/101 400/1541/1490
f 1335/1538/1487 400/1541/1490 401/1542/1491
f 1336/1543/1488 401/1563/1491 402/1544/1492
f 1337/1545/1489 402/1544/1492 399/1546/122
f 394/111/102 1338/82/76 1340/1548/1493
f 397/1549/1494 1340/1548/1493 1341/1550/1495
f 396/1551/1496 1341/1550/1495 1342/1552/1497
f 395/1553/1498 1342/1552/1497 1339/115/106
f 1338/82/76 322/81/75 325/1486/1440
f 1340/1548/1493 325/1486/1440 324/1488/1442
f 1341/1550/1495 324/1488/1442 323/1490/1444
f 1342/1552/1497 323/1490/1444 321/106/98
f 1343/1554/1499 1345/1555/1500 411/811/752
f 1345/1555/1500 1346/1556/1501 412/822/761
f 1346/1556/1501 1347/1557/1502 419/816/757
f 1347/1557/1502 1344/151/142 409/817/758
f 403/118/109 405/1558/1503 1345/1555/1500
f 405/1558/1503 406/1559/1504 1346/1556/1501
f 406/1559/1504 407/1560/1505 1347/1557/1502
f 407/1560/1505 404/148/139 1344/151/142
f 398/110/101 1348/116/107 1350/1561/1506
f 400/1541/1490 1350/1561/1506 1351/1562/1507
f 401/1563/1491 1351/1566/1507 1352/1564/1508
f 402/1544/1492 1352/1564/1508 1349/1565/141
f 1348/116/107 410/117/108 422/825/765
f 1350/1561/1506 422/825/765 418/827/759
f 1351/1566/1507 418/818/759 417/820/756
f 1352/1564/1508 417/820/756 409/1567/758
f 403/118/109 1353/112/103 1355/1568/1509
f 405/1558/1503 1355/1568/1509 1356/1569/1510
f 406/1559/1504 1356/1569/1510 1357/1570/1511
f 407/1560/1505 1357/1570/1511 1354/149/140
f 1353/112/103 394/111/102 397/1549/1494
f 1355/1568/1509 397/1549/1494 396/1551/1496
f 1356/1569/1510 396/1551/1496 395/1553/1498
f 1357/1570/1511 395/1553/1498 393/114/105
f 1359/65/61 1363/1348/1304 299/761/704
f 1363/1348/1304 1362/1347/1303 300/752/695
f 1362/1347/1303 1361/1346/1302 290/746/691
f 1361/1346/1302 1358/121/112 285/747/692
f 410/117/108 1364/67/63 1366/1571/1512
f 413/1573/751 1366/1574/1515 1365/177/164
f 1364/67/63 304/774/716 313/776/1513
f 1366/1574/1515 306/2183/711 303/178/165
f 1367/47/44 1369/1578/1519 266/740/1516
f 1369/1577/1518 1368/135/126 252/724/669
f 372/105/97 374/796/739 1369/1578/1519
f 374/1579/733 371/137/128 1368/135/126
s 2
f 543/261/244 1370/260/243 1372/1580/1520
f 553/980/907 1372/1580/1520 1373/1581/1521
f 1374/1582/1522 1371/262/245 541/244/227
f 1370/260/243 558/276/259 563/987/914
f 1372/1580/1520 563/987/914 573/990/917
f 573/990/917 572/1000/927 1374/1582/1522
f 1377/1583/1523 1378/1585/1525 568/995/922
f 577/232/216 582/1003/930 1377/1583/1523
f 1380/289/272 1381/1589/1526 585/1586/938
f 1380/289/272 542/291/274 550/974/899
f 529/301/283 1383/297/279 1385/1591/1530
f 1386/1592/1531 1387/1593/1532 532/948/877
f 1383/297/279 559/255/238 569/994/921
f 1385/1591/1530 569/994/921 562/988/915
f 561/986/913 558/276/259 1384/275/258
f 1388/290/273 1390/1594/1533 548/975/900
f 1390/1594/1533 1391/1599/1535 549/1595/1534
f 1391/1598/1535 1389/229/213 543/261/244
f 1388/290/273 528/250/233 201/955/883
f 1390/1594/1533 201/955/883 531/950/879
f 530/1600/878 199/281/264 1389/229/213
f 448/852/791 1396/210/194 1398/1607/1541
f 451/1608/792 1398/1607/1541 1399/1609/1542
f 455/1612/1545 453/1610/804 1400/1611/1543
f 453/1610/804 1399/1609/1542 1400/1611/1543
f 456/856/1544 1400/1611/1543 1397/247/230
f 425/164/152 430/829/770 1398/1607/1541
f 430/829/770 438/832/773 1399/1609/1542
f 438/832/773 437/841/781 1400/1611/1543
f 437/841/781 427/245/228 1397/247/230
f 1401/259/242 1403/1614/1547 467/1613/1546
f 465/2193/2144 467/1613/1546 1864/867/1549
f 467/1613/1546 1403/1614/1547 1864/867/1549
f 1404/1615/1548 1405/1616/1551 463/864/1550
f 1405/1616/1551 1402/237/221 459/318/300
f 1401/259/242 427/245/228 437/842/781
f 1403/1614/1547 437/842/781 434/838/779
f 1404/1615/1548 434/838/779 433/835/776
f 1405/1616/1551 433/835/776 426/837/778
f 1406/317/299 1408/1617/1553 454/855/1552
f 1408/1617/1553 1409/1618/1555 455/862/1554
f 1409/1618/1555 1410/1619/1556 458/858/798
f 1410/1619/1556 1407/234/218 450/236/220
f 1406/317/299 461/217/201 467/1620/1546
f 1408/1617/1553 467/1620/1546 465/871/1557
f 1409/1618/1555 465/871/1557 463/870/1558
f 1410/1619/1556 463/870/809 460/248/231
f 483/890/828 1413/1621/1559 1414/1622/1560
f 489/901/837 1415/1623/1561 1412/279/262
f 444/844/1562 445/847/1563 1414/1622/1560
f 446/1624/1564 442/277/260 1412/279/262
f 493/904/839 488/898/835 1419/1626/1568
f 489/900/837 481/322/304 1417/338/320
f 1421/209/193 1423/1631/1572 501/1630/1571
f 1423/1631/1572 1424/1632/1574 502/917/1573
f 1425/1633/1575 1422/267/250 497/271/254
f 1423/1631/1572 446/1634/1564 447/850/1576
f 1430/1638/1581 1427/296/278 468/344/326
f 1428/1635/1579 513/930/1582 509/931/855
f 1431/328/310 1433/1639/1583 513/927/1582
f 1433/1639/1583 1434/1640/1584 514/935/861
f 1434/1640/1584 1435/1641/1585 518/933/864
f 1435/1641/1585 1432/201/185 507/284/267
f 1431/328/310 521/329/311 524/1642/1586
f 1433/1639/1583 524/1642/1586 1866/1643/1587
f 1434/1640/1584 1866/1643/1587 523/938/1588
f 1435/1641/1585 523/938/1588 520/199/183
f 1438/1645/1589 1439/1646/1591 525/946/1590
f 1439/1646/1591 1440/1647/1593 527/942/1592
f 1436/342/324 470/196/180 478/889/1594
f 1438/1645/1589 478/889/1594 479/886/1595
f 1439/1646/1591 479/886/1595 474/885/821
f 1440/1647/1593 474/885/821 469/882/820
f 596/1031/317 1441/1651/316 1443/1648/1596
f 607/1029/964 1443/1648/1596 1444/1649/1597
f 608/1023/955 1444/1649/1597 1445/1650/1598
f 598/1019/951 1445/1650/1598 1442/283/266
f 1441/1651/316 613/1041/318 622/1040/974
f 1443/1648/1596 622/1040/974 616/1036/970
f 1444/1649/1597 616/1036/970 615/1034/968
f 1445/1650/1598 615/1034/968 612/321/303
f 1446/308/290 1448/1652/1599 631/1050/983
f 1448/1652/1599 1449/1653/1600 632/1059/991
f 1449/1653/1600 1450/1654/1601 639/1055/988
f 1450/1654/1601 1447/1655/207 629/1056/209
f 614/1046/979 626/1045/978 1448/1652/1599
f 626/1045/978 621/1042/975 1449/1653/1600
f 621/1042/975 620/1039/973 1450/1654/1601
f 620/1039/973 613/1041/318 1447/1655/207
f 1451/311/293 1453/1656/1602 602/1027/959
f 1453/1656/1602 1454/1657/1603 603/1033/967
f 1454/1657/1603 1455/1658/1604 609/1030/965
f 1455/1658/1604 1452/1659/208 596/1031/317
f 1451/311/293 630/1061/993 643/1063/995
f 1453/1656/1602 643/1063/995 638/1057/989
f 1454/1657/1603 638/1057/989 637/1054/987
f 1455/1658/1604 637/1054/987 629/1056/209
f 1456/1660/307 1458/1661/1605 659/1077/1010
f 1460/1663/1607 1457/227/211 646/226/210
f 675/1089/1020 668/1093/1023 1459/1662/1606
f 668/1093/1023 667/1084/1015 1460/1663/1607
f 684/1112/322 1461/1667/321 1463/1664/1608
f 695/1110/1046 1463/1664/1608 1464/1665/1609
f 696/1104/1039 1464/1665/1609 1465/1666/1610
f 1461/1667/321 648/1079/305 661/1078/1011
f 1466/313/295 1468/1668/1611 690/1108/1043
f 1468/1668/1611 1469/1669/1612 691/1114/1049
f 1469/1669/1612 1470/1670/1613 697/1111/1047
f 1470/1670/1613 1467/1671/308 684/1112/322
f 1466/313/295 666/1095/1026 679/1097/1028
f 1468/1668/1611 679/1097/1028 674/1091/1021
f 1469/1669/1612 674/1091/1021 673/1088/1019
f 1470/1670/1613 673/1088/1019 665/1090/309
f 1473/1672/1614 1474/1673/1615 704/1127/1063
f 1474/1673/1615 1475/1674/1616 711/1123/1060
f 717/1134/1074 722/1133/1073 1473/1672/1614
f 718/304/286 1476/203/187 1478/1676/1617
f 725/1140/1080 1478/1676/1617 1479/1677/1618
f 726/1142/1082 1479/1677/1618 1480/1678/1619
f 732/1147/1086 1480/1678/1619 1477/1679/312
f 1476/203/187 735/202/186 740/1151/1089
f 1478/1676/1617 740/1151/1089 747/1155/1093
f 1479/1677/1618 747/1155/1093 746/1162/1102
f 1480/1678/1619 746/1162/1102 737/1164/313
f 1481/305/287 1483/1680/1620 743/1160/1099
f 1483/1680/1620 1484/1681/1621 744/1166/1106
f 1484/1681/1621 1485/1682/1622 748/1163/1103
f 1485/1682/1622 1482/1683/199 737/1164/313
f 1481/305/287 702/307/289 715/1129/1065
f 1483/1680/1620 715/1129/1065 710/1125/1061
f 1484/1681/1621 710/1125/1061 709/1122/1059
f 1485/1682/1622 709/1122/1059 701/1124/200
f 1486/166/154 1488/1684/1623 428/828/769
f 1488/1684/1623 1489/1685/1625 429/830/1624
f 1489/1685/1625 1490/1686/1626 435/836/777
f 1490/1686/1626 1487/238/222 426/837/778
f 612/321/303 617/1035/969 1488/1684/1623
f 617/1035/969 625/1038/972 1489/1685/1625
f 625/1038/972 624/1044/977 1490/1686/1626
f 624/1044/977 614/1046/979 1487/238/222
f 630/1061/993 1491/310/292 1493/1687/1627
f 642/1064/996 1493/1687/1631 1494/1688/1629
f 633/1049/982 1494/1690/1633 1492/319/301
f 1491/310/292 460/248/231 466/869/810
f 1493/1687/1631 466/869/2145 462/874/1632
f 1494/1690/1633 462/863/805 459/318/300
f 1495/222/206 1497/1694/1639 443/843/1634
f 443/849/1638 1498/1693/1641 1496/312/294
f 664/341/323 669/1083/1014 1497/1694/1639
s 25
f 669/1695/1640 678/1098/1029 1498/1693/1637
s 2
f 1498/1693/1641 678/1098/2134 666/1095/1026
f 1499/273/256 1501/1696/1646 685/1101/1642
f 1501/1696/1643 1502/1699/1648 692/1697/1644
f 1502/1698/1645 1500/270/253 683/315/297
f 495/909/1565 499/908/2146 1501/1696/1646
f 503/912/847 497/271/254 1500/270/253
f 507/284/267 1503/285/268 1505/1700/1650
f 516/932/863 1505/1700/1650 1506/1701/1651
f 517/924/1652 1506/1701/1651 1507/1702/1653
f 510/921/854 1507/1702/1653 1504/332/314
f 1503/285/268 718/304/286 727/1141/1081
f 1505/1700/1650 727/1141/1081 721/1135/1075
f 1506/1701/1651 721/1135/1075 720/1132/1072
f 1507/1702/1653 720/1132/1072 717/1134/1074
f 1508/287/270 1510/1705/1654 713/1130/1066
s 31
f 714/1120/1655 1510/1703/1658 1511/1704/1656
s 2
f 705/1116/1051 1511/1704/1661 1509/343/325
f 469/882/820 475/884/822 1510/1705/1654
f 1511/1704/1661 471/875/815 468/344/326
f 1512/211/195 1514/1708/1663 597/1706/952
f 597/1020/963 1514/1710/1665 1515/1707/1662
f 604/1026/958 1515/1707/1666 1513/235/219
f 448/852/791 452/854/793 1514/1708/1663
f 452/1709/1664 457/857/1664 1515/1707/1662
f 1515/1707/1666 457/857/797 450/236/220
f 1516/264/247 1518/1711/1667 491/903/838
f 1518/1711/1667 1519/1712/1669 492/896/1668
f 1519/1712/1669 1520/1713/1670 485/891/829
f 1520/1713/1670 1517/300/282 480/892/830
f 647/314/296 656/1073/1006 1518/1711/1667
f 1518/1711/1667 656/1073/1006 650/1067/1000
f 650/1067/1000 649/1065/998 1520/1713/1670
f 1520/1713/1670 649/1065/998 646/226/210
f 1521/293/276 1523/1715/1674 526/941/1671
f 1523/1714/1672 1522/1717/1677 520/199/183
f 1521/293/276 736/306/288 745/1159/1098
f 738/1152/1090 735/202/186 1522/1717/1677
s 3
f 772/370/349 1524/369/348 1526/1718/1678
f 775/1719/1679 1526/1718/1678 1527/1720/1680
f 774/1722/1682 1527/1728/1687 1528/1723/1683
f 1528/1723/1683 1525/484/450 771/525/487
f 1524/369/348 756/360/339 758/1725/1685
f 1526/1726/1678 758/1766/1685 759/1727/1686
f 1527/1728/1687 759/1727/1725 760/1729/1688
f 760/1729/1688 757/380/358 1525/484/450
f 1529/406/383 1531/1731/1690 780/1730/1689
f 1531/1731/1690 1532/1737/1696 779/1732/1691
f 1532/1733/1692 1533/1739/1698 778/1734/1693
f 778/1734/1693 1533/1739/1698 1530/464/433
f 761/534/496 763/1736/1695 1531/1731/1690
f 763/1736/1695 764/1809/1764 1532/1737/1696
f 764/1738/1697 765/1811/1766 1533/1739/1698
f 1533/1739/1698 765/1811/1766 762/363/342
f 1534/474/442 1536/1741/1700 755/1740/1699
f 1536/1741/1700 1537/1746/1705 754/1742/1701
f 1537/1743/1702 1538/1747/1706 753/1744/1703
f 753/1744/1703 1538/1747/1706 1535/349/331
f 772/370/349 775/1719/1679 1536/1741/1700
f 775/1719/1679 774/1721/1681 1537/1746/1705
f 774/1722/1682 773/1724/1684 1538/1747/1706
f 1538/1747/1706 773/1724/1684 771/525/487
f 767/503/466 1539/371/350 1541/1748/1707
f 770/1749/1708 1541/1748/1707 1542/1750/1709
f 769/1751/1711 1542/1750/1714 1543/1752/1712
f 1543/1754/1712 1540/368/347 766/355/335
f 1539/371/350 777/353/334 780/1730/1689
f 1541/1748/1707 780/1730/1689 779/1732/1691
f 1542/1756/1714 779/1735/1694 778/1734/1693
f 778/1734/1693 776/366/345 1540/368/347
f 782/504/467 1544/498/462 1546/1757/1715
f 785/1758/1716 1546/1757/1715 1547/1759/1717
f 784/1760/1719 1547/1759/1722 1548/1761/1720
f 1548/1763/1720 1545/357/337 781/374/352
f 1544/498/462 767/503/466 770/1749/1708
f 1546/1757/1715 770/1749/1708 769/1751/1710
f 1547/1759/1722 769/1751/1711 768/1753/1713
f 768/1755/1713 766/355/335 1545/357/337
f 756/360/339 1549/359/338 1551/1765/1723
f 758/1766/1685 1551/1770/1723 1552/1767/1724
f 759/1727/1725 1552/1767/1729 1553/1768/1726
f 1553/1768/1726 1550/378/356 757/380/358
f 1549/359/338 786/389/366 788/1769/1727
f 1551/1770/1723 788/1774/1727 789/1771/1728
f 1552/1767/1729 789/1771/1733 790/1772/1730
f 790/1772/1730 787/377/355 1550/378/356
f 786/389/366 1554/398/375 1556/1773/1731
f 788/1774/1727 1556/1778/1731 1557/1775/1732
f 789/1771/1733 1557/1775/1737 1558/1776/1734
f 1558/1776/1734 1555/375/353 787/377/355
f 1554/398/375 796/397/374 798/1777/1735
f 1556/1778/1731 798/1799/1735 799/1779/1736
f 1557/1775/1737 799/1779/1755 800/1780/1738
f 800/1780/1738 797/387/365 1555/375/353
f 792/535/497 1559/528/490 1561/1781/1739
f 795/1782/1740 1561/1781/1739 1562/1783/1741
f 794/1784/1743 1562/1783/1746 1563/1785/1744
f 1563/1787/1744 1560/382/360 791/384/362
f 1559/528/490 782/504/467 785/1758/1716
f 1561/1781/1739 785/1758/1716 784/1760/1718
f 1562/1783/1746 784/1760/1719 783/1762/1721
f 783/1764/1721 781/374/352 1560/382/360
f 1564/515/477 1566/1790/1748 823/1789/1747
f 1566/1790/1748 1567/1792/1750 822/1791/1749
f 1567/1792/1750 1568/1796/1752 821/1793/1751
f 1568/1794/1752 1565/478/444 819/394/371
f 802/1176/1116 812/1175/1115 1566/1790/1748
f 812/1175/1115 805/1179/1119 1567/1792/1750
f 805/1179/1119 804/1170/1110 1568/1796/1752
f 804/1170/1110 801/1167/1107 1565/1797/444
f 796/397/374 1569/497/461 1571/1798/1753
f 798/1799/1735 1571/1802/1757 1572/1800/1754
f 799/1779/1755 1572/1800/1758 1573/1801/1756
f 800/1780/1738 1573/1801/1756 1570/385/363
f 1569/497/461 820/513/475 823/1789/1747
f 1571/1802/1757 823/2194/1747 822/1803/1749
f 1572/1800/1758 822/1803/1749 821/1795/1751
f 821/1795/1751 819/394/371 1570/385/363
f 802/1176/1116 1574/514/476 1576/1804/1759
f 810/1174/1114 1576/1804/1759 1577/1805/1760
f 811/1177/1126 1577/1805/1762 1578/1806/1761
f 816/1182/1122 1578/1807/1761 1575/391/368
f 1574/514/476 792/535/497 795/1782/1740
f 1576/1804/1759 795/1782/1740 794/1784/1742
f 1577/1805/1762 794/1784/1743 793/1786/1745
f 1578/1807/1761 793/1788/1745 791/384/362
f 1579/414/390 1581/1808/1763 763/1736/1695
f 1581/1808/1763 1582/1813/1768 764/1809/1764
f 1582/1810/1765 1583/1815/1770 765/1811/1766
f 765/1811/1766 1583/1815/1770 1580/507/469
f 829/473/441 831/1812/1767 1581/1808/1763
f 831/1812/1767 832/1833/1786 1582/1813/1768
f 832/1814/1769 833/1835/1788 1583/1815/1770
f 1583/1815/1770 833/1835/1788 830/403/380
f 1584/346/328 1586/1817/1772 828/1816/1771
f 1586/1817/1772 1587/1822/1777 827/1818/1773
f 1587/1819/1774 1588/1823/1778 826/1820/1775
f 826/1820/1775 1588/1823/1778 1585/399/376
f 752/348/330 755/1740/1699 1586/1817/1772
f 755/1740/1699 754/1742/1701 1587/1822/1777
f 754/1745/1704 753/1744/1703 1588/1823/1778
f 1588/1823/1778 753/1744/1703 751/361/340
f 841/1204/1144 1589/488/453 1591/1824/1779
f 852/1202/1142 1591/1824/1779 1592/1825/1780
f 853/1193/1133 1592/1825/1780 1593/1826/1781
f 843/1827/1129 1593/1831/1781 1590/465/434
f 1589/488/453 834/490/455 836/1828/1782
f 1591/1824/1779 836/1828/1782 837/1829/1783
f 1592/1825/1780 837/1829/1783 838/1830/1784
f 1593/1831/1781 838/1842/1784 835/409/386
f 1594/489/454 1596/1832/1785 831/1812/1767
f 1596/1832/1785 1597/1837/1790 832/1833/1786
f 1597/1834/1787 1598/1836/1789 833/1835/1788
f 1598/1836/1789 1595/411/388 830/403/380
f 841/1204/1144 854/1203/1143 1596/1832/1785
f 854/1203/1143 848/1206/1146 1597/1837/1790
f 848/1838/1791 847/1839/1138 1598/1836/1789
f 847/1839/1138 840/1195/1135 1595/411/388
f 1599/491/456 1601/1840/1792 836/1828/1782
f 1601/1840/1792 1602/1844/1794 837/1829/1783
f 1602/1841/1793 1603/1845/1795 838/1842/1784
f 838/1842/1784 1603/1845/1795 1600/407/384
f 825/522/484 828/1816/1771 1601/1840/1792
f 828/1816/1771 827/1818/1773 1602/1844/1794
f 827/1821/1776 826/1820/1775 1603/1845/1795
f 826/1820/1775 824/401/378 1600/407/384
f 1604/487/452 1606/1847/1797 881/1846/1796
f 1606/1847/1797 1607/1849/1799 880/1848/1798
f 1607/1849/1799 1608/1851/1801 879/1850/1800
f 1608/1851/1801 1605/532/494 877/533/495
f 862/436/410 864/1852/1802 1606/1847/1797
f 864/1852/1802 865/1853/1803 1607/1849/1799
f 866/1854/1804 863/531/493 1605/532/494
f 883/430/404 1609/429/403 1611/1855/1805
f 886/1856/1806 1611/1855/1805 1612/1857/1807
f 885/1858/1808 1612/1857/1807 1613/1859/1809
f 884/1860/1810 1613/1859/1809 1610/468/437
f 1609/429/403 867/433/407 869/1861/1811
f 1611/1855/1805 869/1861/1811 870/1862/1812
f 1612/1857/1807 870/1862/1812 871/1863/1813
f 1613/1859/1809 871/1863/1813 868/469/438
f 858/426/400 1614/417/392 1616/1864/1814
f 861/1865/1815 1616/1864/1814 1617/1866/1816
f 860/1867/1817 1617/1866/1816 1618/1868/1818
f 859/1869/1819 1618/1868/1818 1615/485/451
f 1614/417/392 878/416/391 881/1846/1796
f 1616/1864/1814 881/1846/1796 880/1848/1798
f 1617/1866/1816 880/1848/1798 879/1850/1800
f 1618/1868/1818 879/1850/1800 877/533/495
f 1619/431/405 1621/1871/1821 876/1870/1820
f 1621/1871/1821 1622/1873/1823 875/1872/1822
f 1622/1873/1823 1623/1875/1825 874/1874/1824
f 1623/1875/1825 1620/506/468 872/526/488
f 883/430/404 886/1856/1806 1621/1871/1821
f 886/1856/1806 885/1858/1808 1622/1873/1823
f 885/1858/1808 884/1860/1810 1623/1875/1825
f 884/1860/1810 882/471/440 1620/506/468
f 1624/422/397 1626/1877/1827 891/1876/1826
f 1626/1877/1827 1627/1879/1829 890/1878/1828
f 1627/1879/1829 1628/1881/1831 889/1880/1830
f 1628/1881/1831 1625/439/413 887/423/398
f 873/470/439 876/1870/1820 1626/1877/1827
f 875/1872/1822 874/1874/1824 1628/1881/1831
f 874/1874/1824 872/526/488 1625/439/413
f 1629/437/411 1631/1882/1832 864/1852/1802
f 1631/1882/1832 1632/1883/1833 865/1853/1803
f 1632/1883/1833 1633/1884/1834 866/1854/1804
f 1633/1884/1834 1630/419/394 863/531/493
f 892/442/415 894/1885/1835 1631/1882/1832
f 894/1885/1835 895/1886/1836 1632/1883/1833
f 895/1886/1836 896/1887/1837 1633/1884/1834
f 896/1887/1837 893/483/449 1630/419/394
f 1634/443/416 1636/1888/1838 894/1885/1835
f 1637/1889/1839 1638/1890/1840 896/1887/1837
f 1638/1890/1840 1635/527/489 893/483/449
f 902/447/419 904/1891/1841 1636/1888/1838
f 904/1891/1841 905/1892/1842 1637/1889/1839
f 905/1892/1842 906/1893/1843 1638/1890/1840
f 906/1893/1843 903/524/486 1635/527/489
f 1639/438/412 1641/1895/1845 901/1894/1844
f 1641/1895/1845 1642/1897/1847 900/1896/1846
f 1642/1897/1847 1643/1899/1849 899/1898/1848
f 1643/1899/1849 1640/425/399 897/446/418
f 888/500/463 891/1876/1826 1641/1895/1845
f 891/1876/1826 890/1878/1828 1642/1897/1847
f 890/1878/1828 889/1880/1830 1643/1899/1849
f 889/1880/1830 887/423/398 1640/425/399
f 925/530/492 1644/482/448 1646/1900/1850
f 928/1901/1851 1646/1900/1850 1647/1902/1852
f 926/1905/1855 1648/1904/1854 1645/517/479
f 1644/482/448 907/481/447 911/1208/1149
f 1646/1900/1850 911/1208/1149 920/1212/1153
f 1647/1902/1852 920/1212/1153 919/1218/1161
f 1648/1904/1854 919/1218/1161 909/518/480
f 1649/449/421 1651/1906/1856 904/1891/1841
f 1651/1906/1856 1652/1907/1857 905/1892/1842
f 1653/1908/1858 1650/501/464 903/524/486
f 925/530/492 928/1901/1851 1651/1906/1856
f 928/1901/1851 927/1903/1853 1652/1907/1857
f 927/1903/1853 926/1905/1855 1653/1908/1858
f 926/1905/1855 924/519/481 1650/501/464
f 1654/444/417 1656/1909/1859 915/1216/1157
f 1656/1909/1859 1657/1910/1860 916/1221/1164
f 1657/1910/1860 1658/1911/1861 921/1219/1162
f 898/529/491 901/1894/1844 1656/1909/1859
f 901/1894/1844 900/1896/1846 1657/1910/1860
f 899/1898/1848 897/446/418 1655/516/478
f 867/433/407 1659/454/424 1661/1912/1862
f 869/1861/1811 1661/1912/1862 1662/1913/1863
f 870/1862/1812 1662/1913/1863 1663/1914/1864
f 871/1863/1813 1663/1914/1864 1660/511/473
f 1661/1912/1862 936/1915/1865 937/1916/1866
f 1663/1914/1864 938/1917/1867 935/475/443
f 930/456/426 1664/427/401 1666/1918/1868
f 933/1919/1869 1666/1918/1868 1667/1920/1870
f 931/1923/1873 1668/1922/1872 1665/460/429
f 1664/427/401 858/426/400 861/1865/1815
f 1666/1918/1868 861/1865/1815 860/1867/1817
f 1667/1920/1870 860/1867/1817 859/1869/1819
f 1668/1922/1872 859/1869/1819 857/451/423
f 1669/467/436 1671/1924/1874 947/1224/1168
f 1671/1924/1874 1672/1925/1875 948/1233/1178
f 1672/1925/1875 1673/1926/1876 954/1229/1174
f 1673/1926/1876 1670/495/460 945/1230/1175
f 939/463/432 941/1927/1877 1671/1924/1874
f 941/1927/1877 942/1928/1878 1672/1925/1875
f 942/1928/1878 943/1929/1879 1673/1926/1876
f 943/1929/1879 940/492/457 1670/495/460
f 934/455/425 1674/461/430 1676/1930/1880
f 936/1915/1865 1676/1930/1880 1677/1931/1881
f 937/1916/1866 1677/1931/1881 1678/1932/1882
f 1674/461/430 946/462/431 958/1236/1182
f 1677/1931/1881 953/1231/1176 952/1228/1173
f 1678/1932/1882 952/1228/1173 945/1230/1175
f 939/463/432 1679/457/427 1681/1933/1883
f 941/1927/1877 1681/1933/1883 1682/1934/1884
f 942/1928/1878 1682/1934/1884 1683/1935/1885
f 943/1929/1879 1683/1935/1885 1680/493/458
f 1679/457/427 930/456/426 933/1919/1869
f 1681/1933/1883 933/1919/1869 932/1921/1871
f 1682/1934/1884 932/1921/1871 931/1923/1873
f 1683/1935/1885 931/1923/1873 929/459/428
f 946/462/431 1684/412/389 1686/1936/1886
f 957/1223/1887 1686/1941/1892 1685/520/482
f 1684/412/389 840/1195/1135 849/1197/1888
f 1686/1941/1892 842/1940/1130 839/521/483
f 1687/392/369 1689/1945/1897 815/1183/1893
f 1689/1944/1896 1688/1947/445 801/1167/1107
f 908/450/422 910/1215/1156 1689/1945/1897
f 910/1946/1150 907/2195/447 1688/1947/445
s 4
f 982/557/516 1690/556/515 1692/1948/1898
f 985/1949/1899 1692/1948/1898 1693/1950/1900
f 984/1951/1902 1693/1950/1907 1694/1952/1903
f 1694/1954/1903 1691/673/620 981/711/656
f 1690/556/515 966/547/506 968/1956/1905
f 1692/1948/1898 968/1956/1905 969/1957/1906
f 1693/1950/1907 969/1957/1945 970/1958/1908
f 970/1959/1908 967/567/525 1691/673/620
f 1695/593/550 1697/1961/1910 990/1960/1909
f 1697/1961/1910 1698/1963/1916 989/1962/1911
f 1698/1963/1912 1699/1968/1918 988/1964/1913
f 988/1965/1913 1699/1969/1918 1696/651/602
f 971/722/667 973/1966/1915 1697/1961/1910
f 973/1966/1915 974/1967/1981 1698/1963/1916
f 974/1967/1917 975/2036/1983 1699/1968/1918
f 1699/1969/1918 975/2037/1983 972/550/509
f 1700/663/611 1702/1971/1920 965/1970/1919
f 1702/1971/1920 1703/1973/1925 964/1972/1921
f 1703/1973/1922 1704/1976/1926 963/1974/1923
f 963/1975/1923 1704/1977/1926 1701/536/498
f 982/557/516 985/1949/1899 1702/1971/1920
f 985/1949/1899 984/1951/1901 1703/1973/1925
f 984/1951/1902 983/1953/1904 1704/1976/1926
f 1704/1977/1926 983/1955/1904 981/711/656
f 977/692/638 1705/558/517 1707/1978/1927
f 980/1979/1928 1707/1978/1927 1708/1980/1929
f 979/1981/1931 1708/1980/1934 1709/1982/1932
f 1709/1984/1932 1706/555/514 976/542/502
f 1705/558/517 987/540/501 990/1960/1909
f 1707/1978/1927 990/1960/1909 989/1962/1911
f 1708/1980/1934 989/1962/1914 988/1964/1913
f 988/1965/1913 986/553/512 1706/555/514
f 992/693/639 1710/687/633 1712/1986/1935
f 995/1987/1936 1712/1986/1935 1713/1988/1937
f 994/1990/1939 1713/1993/1942 1714/1991/1940
f 1714/1991/1940 1711/544/504 991/561/519
f 1710/687/633 977/692/638 980/1979/1928
f 1712/1986/1935 980/1979/1928 979/1981/1930
f 1713/1993/1942 979/2196/1931 978/1985/1933
f 978/1985/1933 976/542/502 1711/544/504
f 966/547/506 1715/546/505 1717/1994/1943
f 968/1956/1905 1717/1994/1943 1718/1995/1944
f 969/1957/1945 1718/1995/1949 1719/1996/1946
f 1719/1997/1946 1716/565/523 967/567/525
f 1715/546/505 996/576/533 998/1998/1947
f 1717/1994/1943 998/1998/1947 999/1999/1948
f 1718/1995/1949 999/1999/1953 1000/2000/1950
f 1000/2001/1950 997/564/522 1716/565/523
f 996/576/533 1720/585/542 1722/2002/1951
f 998/1998/1947 1722/2002/1951 1723/2003/1952
f 999/1999/1953 1723/2003/1957 1724/2004/1954
f 1724/2005/1954 1721/562/520 997/564/522
f 1720/585/542 1006/584/541 1008/2006/1955
f 1722/2002/1951 1008/2006/1955 1009/2007/1956
f 1723/2003/1957 1009/2007/1973 1010/2008/1958
f 1010/2009/1958 1007/574/532 1721/562/520
f 1002/723/668 1725/716/661 1727/2010/1959
f 1005/2011/1960 1727/2010/1959 1728/2012/1961
f 1004/2014/1963 1728/2017/1966 1729/2015/1964
f 1003/2016/1965 1729/2015/1964 1726/569/527
f 1725/716/661 992/693/639 995/1987/1936
f 1727/2010/1959 995/1987/1936 994/1989/1938
f 1728/2017/1966 994/1990/1939 993/1992/1941
f 993/1992/1941 991/561/519 1726/569/527
f 1730/701/646 1732/2018/1967 1042/1273/1221
f 1732/2018/1967 1733/2020/1969 1043/2019/1968
f 1733/2020/1969 1734/2023/1970 1034/2021/1208
f 1734/2022/1970 1731/667/614 1029/715/660
f 1012/1248/1196 1022/1247/1195 1732/2018/1967
f 1022/1247/1195 1015/1251/1199 1733/2020/1969
f 1015/1251/1199 1014/1241/1189 1734/2023/1970
f 1014/1241/1189 1011/1238/1186 1731/2024/614
f 1006/584/541 1735/686/632 1737/2025/1971
f 1008/2006/1955 1737/2025/1975 1738/2026/1972
f 1009/2007/1973 1738/2026/1976 1739/2027/1974
f 1010/2009/1958 1739/2029/1974 1736/572/530
f 1735/686/632 1031/699/644 1044/1272/1220
f 1737/2025/1975 1044/1272/1220 1038/1276/1224
f 1738/2026/1976 1038/1276/1216 1037/2028/1214
f 1739/2029/1974 1037/1265/1214 1030/581/538
f 1012/1248/1196 1740/700/645 1742/2030/1977
f 1020/1246/1194 1742/2030/1977 1743/2031/1978
f 1021/1257/1197 1743/2033/1978 1744/2032/1979
f 1026/1254/1202 1744/2032/1979 1741/578/535
f 1740/700/645 1002/723/668 1005/2011/1960
f 1742/2030/1977 1005/2011/1960 1004/2013/1962
f 1743/2033/1978 1004/2014/1963 1003/2016/1965
f 1744/2032/1979 1003/2016/1965 1001/571/529
f 1745/601/557 1747/2034/1980 973/1966/1915
f 1747/2034/1980 1748/2035/1985 974/1967/1981
f 1748/2035/1982 1749/2040/1987 975/2036/1983
f 975/2037/1983 1749/2041/1987 1746/696/641
f 1052/662/610 1054/2038/1984 1747/2034/1980
f 1054/2038/1984 1055/2039/2003 1748/2035/1985
f 1055/2039/1986 1056/2059/2005 1749/2040/1987
f 1749/2041/1987 1056/2061/2005 1053/590/547
f 1750/508/470 1752/2043/1989 1051/2042/1988
f 1752/2043/1989 1753/2045/1994 1050/2044/1990
f 1753/2045/1991 1754/2048/1995 1049/2046/1992
f 1049/2047/1992 1754/2049/1995 1751/586/543
f 962/510/472 965/1970/1919 1752/2043/1989
f 965/1970/1919 964/1972/1921 1753/2045/1994
f 964/1972/1924 963/1974/1923 1754/2048/1995
f 1754/2049/1995 963/1975/1923 961/548/507
f 1064/1292/1244 1755/677/623 1757/2050/1996
f 1075/1290/1242 1757/2050/1996 1758/2051/1997
f 1076/1283/1231 1758/2051/1997 1759/2052/1998
f 1066/1279/1227 1759/2052/1998 1756/652/603
f 1755/677/623 1057/679/625 1059/2053/1999
f 1757/2050/1996 1059/2053/1999 1060/2054/2000
f 1758/2051/1997 1060/2054/2000 1061/2055/2001
f 1759/2052/1998 1061/2055/2001 1058/2056/553
f 1760/678/624 1762/2057/2002 1054/2038/1984
f 1762/2057/2002 1763/2058/2007 1055/2039/2003
f 1763/2058/2004 1764/2062/2006 1056/2059/2005
f 1764/2060/2006 1761/598/555 1053/590/547
f 1064/1292/1244 1077/1291/1243 1762/2057/2002
f 1077/1291/1243 1071/1294/1246 1763/2058/2007
f 1071/1294/2008 1070/1288/1236 1764/2062/2006
f 1070/2063/1236 1063/2182/1233 1761/598/555
f 1765/680/626 1767/2064/2009 1059/2053/1999
f 1767/2064/2009 1768/2065/2011 1060/2054/2000
f 1768/2065/2010 1769/2067/2012 1061/2055/2001
f 1061/2066/2001 1769/2068/2012 1766/594/551
f 1048/708/653 1051/2042/1988 1767/2064/2009
f 1051/2042/1988 1050/2044/1990 1768/2065/2011
f 1050/2044/1993 1049/2046/1992 1769/2067/2012
f 1049/2047/1992 1047/588/545 1766/594/551
f 1770/676/622 1772/2070/2014 1104/2069/2013
f 1773/2072/2016 1774/2074/2018 1102/2073/2017
f 1774/2074/2018 1771/720/665 1100/721/666
f 1085/623/577 1087/2075/2019 1772/2070/2014
f 1087/2075/2019 1088/2076/2020 1773/2072/2016
f 1088/2076/2020 1089/2077/2021 1774/2074/2018
f 1089/2077/2021 1086/719/664 1771/720/665
f 1106/617/571 1775/616/570 1777/2078/2022
f 1109/2079/2023 1777/2078/2022 1778/2080/2024
f 1108/2081/2025 1778/2080/2024 1779/2082/2026
f 1107/2083/2027 1779/2082/2026 1776/657/606
f 1777/2078/2022 1092/2084/2028 1093/2085/2029
f 1778/2080/2024 1093/2085/2029 1094/2086/2030
f 1779/2082/2026 1094/2086/2030 1091/658/607
f 1081/613/567 1780/604/559 1782/2087/2031
f 1084/2088/2032 1782/2087/2031 1783/2089/2033
f 1083/2090/2034 1783/2089/2033 1784/2091/2035
f 1082/2092/2036 1784/2091/2035 1781/674/621
f 1780/604/559 1101/603/558 1104/2069/2013
f 1782/2087/2031 1104/2069/2013 1103/2071/2015
f 1783/2089/2033 1103/2071/2015 1102/2073/2017
f 1784/2091/2035 1102/2073/2017 1100/721/666
f 1787/2094/2038 1788/2096/2040 1098/2095/2039
f 1789/2098/2042 1786/695/640 1095/712/657
f 1106/617/571 1109/2079/2023 1787/2094/2038
f 1109/2079/2023 1108/2081/2025 1788/2096/2040
f 1107/2083/2027 1105/660/609 1786/695/640
f 1792/2100/2044 1793/2102/2046 1113/2101/2045
f 1794/2104/2048 1791/626/580 1110/610/564
f 1096/659/608 1099/2093/2037 1792/2100/2044
f 1099/2093/2037 1098/2095/2039 1793/2102/2046
f 1097/2097/2041 1095/712/657 1791/626/580
f 1795/624/578 1797/2105/2049 1087/2075/2019
f 1797/2105/2049 1798/2106/2050 1088/2076/2020
f 1798/2106/2050 1799/2107/2051 1089/2077/2021
f 1799/2107/2051 1796/606/561 1086/719/664
f 1115/629/583 1117/2108/2052 1797/2105/2049
f 1117/2108/2052 1118/2109/2053 1798/2106/2050
f 1118/2109/2053 1119/2110/2054 1799/2107/2051
f 1119/2110/2054 1116/672/619 1796/606/561
f 1800/630/584 1802/2111/2055 1117/2108/2052
f 1802/2111/2055 1803/2112/2056 1118/2109/2053
f 1803/2112/2056 1804/2113/2057 1119/2110/2054
f 1804/2113/2057 1801/713/658 1116/672/619
f 1125/634/588 1127/2114/2058 1802/2111/2055
f 1127/2114/2058 1128/2115/2059 1803/2112/2056
f 1128/2115/2059 1129/2116/2060 1804/2113/2057
f 1129/2116/2060 1126/710/655 1801/713/658
f 1805/625/579 1807/2118/2062 1124/2117/2061
f 1807/2118/2062 1808/2120/2064 1123/2119/2063
f 1808/2120/2064 1809/2122/2066 1122/2121/2065
f 1111/689/635 1114/2099/2043 1807/2118/2062
f 1114/2099/2043 1113/2101/2045 1808/2120/2064
f 1113/2101/2045 1112/2103/2047 1809/2122/2066
f 1112/2103/2047 1110/610/564 1806/612/566
f 1147/718/663 1810/671/618 1812/2123/2067
f 1150/1310/1266 1812/2123/2067 1813/2124/2068
f 1151/1312/1268 1813/2124/2068 1814/2125/2069
f 1158/1318/1274 1814/2125/2069 1811/703/648
f 1810/671/618 1130/670/617 1133/1296/1249
f 1812/2123/2067 1133/1296/1249 1143/1300/1253
f 1813/2124/2068 1143/1300/1253 1142/1306/1261
f 1814/2125/2069 1142/1306/1261 1132/704/649
f 1815/636/590 1817/2126/2070 1127/2114/2058
f 1817/2126/2070 1818/2127/2071 1128/2115/2059
f 1818/2127/2071 1819/2128/2072 1129/2116/2060
f 1819/2128/2072 1816/690/636 1126/710/655
f 1149/1324/1280 1163/1323/1279 1817/2126/2070
f 1163/1323/1279 1157/1326/1282 1818/2127/2071
f 1157/1326/1282 1156/1317/1273 1819/2128/2072
f 1156/1317/1273 1148/705/650 1816/690/636
f 1820/631/585 1822/2129/2073 1137/1304/1257
f 1824/2131/2075 1821/702/647 1132/704/649
f 1123/2119/2063 1122/2121/2065 1824/2131/2075
f 1122/2121/2065 1120/633/587 1821/702/647
f 1092/2084/2028 1827/2132/2076 1828/2133/2077
f 1093/2085/2029 1828/2133/2077 1829/2134/2078
f 1094/2086/2030 1829/2134/2078 1826/697/642
f 1825/641/593 1171/642/594 1173/2135/2079
f 1827/2132/2076 1173/2135/2079 1174/2136/2080
f 1829/2134/2078 1175/2137/2081 1172/664/612
f 1167/643/595 1830/614/568 1832/2138/2082
f 1170/2139/2083 1832/2138/2082 1833/2140/2084
f 1169/2141/2085 1833/2140/2084 1834/2142/2086
f 1168/2143/2087 1834/2142/2086 1831/647/598
f 1830/614/568 1081/613/567 1084/2088/2032
f 1832/2138/2082 1084/2088/2032 1083/2090/2034
f 1833/2140/2084 1083/2090/2034 1082/2092/2036
f 1834/2142/2086 1082/2092/2036 1080/638/592
f 1835/656/605 1837/2144/2088 1184/1329/1285
f 1837/2144/2088 1838/2197/2089 1185/2145/1294
f 1838/2146/2089 1839/2147/2090 1192/1334/1290
f 1839/2147/2090 1836/684/630 1182/1335/1291
f 1176/655/601 1178/2198/2091 1837/2144/2088
f 1178/2148/2091 1179/2150/2092 1838/2146/2089
f 1179/2150/2092 1180/2151/2093 1839/2147/2090
f 1171/642/594 1840/648/599 1842/2152/2094
f 1174/2136/2080 1843/2153/2095 1844/2154/2096
f 1175/2137/2081 1844/2154/2096 1841/683/629
f 1840/648/599 1183/649/600 1195/1342/1298
f 1842/2152/2094 1195/1342/1298 1191/1336/1292
f 1843/2153/2095 1191/1336/1292 1190/1333/1289
f 1844/2154/2096 1190/1333/1289 1182/1335/1291
f 1176/650/601 1845/644/596 1847/2155/2097
f 1178/2148/2091 1847/2155/2097 1848/2156/2098
f 1179/2150/2092 1848/2156/2098 1849/2157/2099
f 1180/2151/2093 1849/2157/2099 1846/682/628
f 1845/644/596 1167/643/595 1170/2139/2083
f 1847/2155/2097 1170/2139/2083 1169/2141/2085
f 1848/2156/2098 1169/2141/2085 1168/2143/2087
f 1849/2157/2099 1168/2143/2087 1166/646/597
f 1183/649/600 1850/599/556 1852/2158/2100
f 1186/1328/1284 1852/2162/2103 1851/706/651
f 1850/599/556 1063/2182/1233 1072/2160/2101
f 1852/2162/2103 1065/2192/1228 1062/707/652
f 1853/579/536 1855/2164/2109 1025/2163/1203
f 1856/2167/2108 1854/668/615 1011/2168/1186
f 1131/637/591 1139/1303/1256 1855/2164/2109
f 1139/2170/1250 1130/670/617 1854/668/615
f 1149/1324/1280 1857/635/589 1859/2171/2111
f 1161/1322/1278 1859/2171/2111 1860/2172/2112
f 1162/1314/1270 1860/2172/2112 1861/2173/2113
f 1152/1311/1267 1861/2173/2113 1858/714/659
f 1857/635/589 1030/581/538 1039/1266/1215
f 1859/2171/2111 1039/1266/1215 1033/1260/1209
f 1860/2172/2112 1033/1260/1209 1032/1258/1207
f 1861/2173/2113 1032/1258/1207 1029/715/660
