# Blender 5.2.2 LTS
# www.blender.org
mtllib holocron_sup3.mtl
g holocron_sup3_Holocron.009
v -0.011553 1.140073 -0.953201
v 1.222567 1.120079 0.192287
v 0.366377 1.132382 -0.512573
v 0.789553 1.125604 -0.124413
v 1.733057 1.115148 0.474098
v -0.368860 1.149781 -1.509392
v -0.007551 1.251813 -0.954967
v 1.226568 1.231819 0.190525
v 0.370382 1.244123 -0.514336
v 0.793558 1.237348 -0.126175
v 1.737059 1.226886 0.472336
v -0.364859 1.261521 -1.511154
v -0.241392 1.209355 -1.722588
v 0.145124 1.198445 -1.097534
v 0.522810 1.190752 -0.656673
v -0.164232 1.193439 -0.810635
v -0.492327 1.201944 -1.297962
v 1.527952 1.168951 0.592243
v 1.069815 1.173442 0.334923
v 0.213949 1.185750 -0.370235
v -0.800146 1.211724 -1.858242
v 1.379320 1.178455 0.047890
v 1.942160 1.173082 0.354191
v 0.946226 1.183980 -0.268734
v 2.030634 1.165057 0.815350
v 0.636885 1.178972 0.018147
v 3.367121 1.266083 1.023220
v -1.030508 1.248174 1.041389
v -1.050005 1.333579 -3.367022
v -1.272589 1.007785 1.039478
v -1.276159 -3.393835 0.957294
v -1.292128 1.093350 -3.377602
v -1.032152 1.004201 1.276691
v 3.386923 1.020610 1.264641
v -1.035711 -3.397103 1.193737
v 1.033438 0.010597 1.107101
v -0.144121 -1.193127 1.104870
v 0.583014 -0.355690 1.107872
v 0.183859 -0.768565 1.107029
v -0.439257 -1.696035 1.100834
v 1.598841 0.353261 1.104122
v 1.038797 0.004576 1.218639
v -0.138762 -1.199149 1.216404
v 0.588373 -0.361711 1.219406
v 0.189219 -0.774584 1.218567
v -0.433897 -1.702057 1.212368
v 1.604200 0.347240 1.215656
v 1.810469 0.219320 1.154354
v 1.175455 -0.150751 1.157955
v 0.724810 -0.516781 1.158733
v 0.896776 0.165922 1.167786
v 1.392572 0.481184 1.165424
v -0.550123 -1.488947 1.162018
v -0.280848 -1.037730 1.165558
v 0.446581 -0.200620 1.168545
v 1.960764 0.774275 1.161549
v -0.002039 -1.354548 1.155720
v -0.323034 -1.909145 1.151188
v 0.325869 -0.929900 1.157883
v -0.786371 -1.985582 1.157177
v 0.047205 -0.613249 1.167713
v -1.178247 -1.063323 0.018147
v -1.165171 0.146482 -1.153095
v -1.182184 -0.603440 -0.336170
v -1.177290 -0.193208 -0.738010
v -1.149240 0.456073 -1.659847
v -1.162188 -1.637023 0.346352
v -1.288321 -1.076101 0.003132
v -1.275244 0.133703 -1.168110
v -1.292257 -0.616219 -0.351185
v -1.287363 -0.205983 -0.753025
v -1.259314 0.443295 -1.674862
v -1.272261 -1.649801 0.331337
v -1.186831 -1.847561 0.203815
v -1.206274 -1.203683 -0.150085
v -1.210253 -0.743583 -0.504147
v -1.260294 -0.935743 0.171364
v -1.247614 -1.439263 0.473873
v -1.227530 0.556149 -1.442745
v -1.247229 0.274123 -0.999805
v -1.264185 -0.476078 -0.183216
v -1.226606 -2.014227 0.752686
v -1.193182 0.006061 -1.321404
v -1.181021 0.343217 -1.891964
v -1.205320 -0.333557 -0.906235
v -1.200682 0.806657 -1.931629
v -1.259336 -0.065634 -0.584801
v 0.574842 1.128852 -0.310349
v 0.170412 1.136137 -0.727703
v 1.004885 1.122690 0.042660
v 1.452894 1.117672 0.330036
v 2.091841 1.112223 0.639961
v -0.183798 1.144331 -1.197163
v -0.586016 1.157111 -1.929375
v 0.578848 1.240591 -0.312115
v 0.174417 1.247878 -0.729465
v 1.008886 1.234431 0.040897
v 1.456896 1.229413 0.328274
v 2.095842 1.223964 0.638199
v -0.179792 1.256070 -1.198925
v -0.582014 1.268852 -1.931137
v -0.030703 1.202855 -1.350163
v 0.326941 1.194508 -0.871891
v -0.332884 1.197545 -1.045933
v 1.293600 1.171092 0.469608
v 0.017889 1.189504 -0.585278
v -0.821142 1.221433 -2.414488
v 1.616190 1.175992 0.188698
v 0.731367 1.187223 -0.454533
v -0.520796 1.219238 -2.288740
v 2.499502 1.164922 0.818779
v -0.647238 1.206723 -1.571774
v 1.775488 1.166964 0.706066
v 1.161627 1.181065 -0.101727
v 2.412195 1.169224 0.572098
v 0.422327 1.182220 -0.167931
v 0.852144 1.176054 0.185287
v 1.050512 0.769185 1.216614
v -1.233801 -1.030078 -1.080563
v -0.797346 1.240006 -1.034813
v 0.435648 -0.426066 -0.470638
v 1.168306 1.257129 1.032307
v -1.040255 1.290875 -1.162815
v 1.158560 1.299830 -1.171902
v -1.274374 -1.193024 0.998386
v -1.282358 1.050567 -1.169064
v -1.284143 -1.150243 -1.210152
v 1.177385 1.012405 1.270664
v -1.033930 -1.196452 1.235214
v 1.175604 -1.188248 1.229191
v 0.436049 -0.458045 1.148689
v 0.428068 1.180732 -0.431702
v -1.183397 -0.429379 -0.454998
v 1.030561 1.244300 -1.046047
v -1.225859 -1.065211 0.762791
v -0.792963 -1.071270 1.190365
v 1.038462 1.209328 0.788631
v -1.233793 0.807141 -1.046600
v 1.050516 -1.067748 1.183346
v 0.375380 -0.558796 1.107635
v 0.803228 -0.165417 1.107689
v 0.011179 -0.979444 1.106113
v -0.287878 -1.419757 1.103226
v -0.614500 -2.050333 1.097458
v 1.281847 0.176409 1.106056
v 2.024397 0.559388 1.100986
v 0.380739 -0.564819 1.219170
v 0.808588 -0.171439 1.219223
v 0.016535 -0.985466 1.217648
v -0.282518 -1.425779 1.214760
v -0.609140 -2.056355 1.208996
v 1.287207 0.170389 1.217590
v 2.029757 0.553368 1.212521
v 1.432623 0.018425 1.156830
v 0.945105 -0.326605 1.158543
v 1.136431 0.328372 1.166817
v -0.421370 -1.257897 1.163975
v 0.666708 -0.010252 1.168365
v 2.517385 0.780792 1.152916
v -0.149027 -1.587638 1.154011
v 0.517256 -0.719979 1.158493
v 2.383787 0.483863 1.149902
v -0.802122 -2.454133 1.149281
v 1.670366 0.628892 1.163605
v -0.670416 -1.733401 1.159698
v 0.153250 -1.140853 1.156963
v -0.553225 -2.373283 1.146759
v 0.238863 -0.403635 1.168312
v -0.125536 -0.824055 1.166794
v -1.180746 -0.390401 -0.533596
v -1.181322 -0.828620 -0.151806
v -1.172110 -0.014748 -0.943962
v -1.156813 0.296637 -1.376995
v -1.144373 0.641942 -2.035992
v -1.172640 -1.315846 0.177532
v -1.145182 -2.067243 0.541847
v -1.290819 -0.403179 -0.548611
v -1.291395 -0.841399 -0.166821
v -1.282183 -0.027527 -0.958977
v -1.266886 0.283858 -1.392010
v -1.254446 0.629165 -2.051006
v -1.282713 -1.328623 0.162518
v -1.255255 -2.080021 0.526833
v -1.200235 -1.465029 0.012447
v -1.209375 -0.968846 -0.319878
v -1.255121 -1.179438 0.327602
v -1.238401 0.420834 -1.215729
v -1.263342 -0.701174 0.001251
v -1.179384 -2.568915 0.746567
v -1.185297 0.159661 -1.553280
v -1.208799 -0.530619 -0.701660
v -1.162672 -2.426757 0.454098
v -1.196264 0.838017 -2.475286
v -1.237761 -1.720503 0.614578
v -1.214659 0.683444 -1.683294
v -1.200125 -0.155160 -1.112259
v -1.184160 0.587663 -2.403704
v -1.262766 -0.262957 -0.380543
v -1.254168 0.112886 -0.790680
v -0.183130 1.141146 -0.794018
v -0.181334 1.137325 -0.795750
v -0.183424 1.139669 -0.793770
v -0.183184 1.138423 -0.794014
v -0.182451 1.137600 -0.794708
v 0.619799 1.122859 0.033016
v 0.617987 1.126682 0.034763
v 0.618677 1.123135 0.034061
v 0.617937 1.123957 0.034763
v 0.617697 1.125203 0.035007
v 0.158213 1.142821 -1.110645
v 0.160265 1.146825 -1.112476
v 0.159353 1.143143 -1.111694
v 0.160143 1.144015 -1.112411
v 0.160463 1.145308 -1.112686
v 0.961363 1.132360 -0.283676
v 0.959303 1.128355 -0.281837
v 0.961561 1.130844 -0.283890
v 0.961237 1.129549 -0.283611
v 0.960447 1.128677 -0.282894
v 0.195047 1.133455 -0.353615
v 0.196844 1.129638 -0.355347
v 0.194757 1.131979 -0.353371
v 0.194994 1.130735 -0.353611
v 0.195730 1.129913 -0.354309
v 0.537947 1.139127 -0.671616
v 0.535902 1.135126 -0.669788
v 0.538145 1.137613 -0.671825
v 0.537825 1.136321 -0.671555
v 0.537039 1.135448 -0.670837
v 1.394453 1.126839 0.032948
v 1.392363 1.122827 0.034817
v 1.394651 1.125320 0.032742
v 1.394323 1.124025 0.033024
v 1.393518 1.123149 0.033752
v 1.052771 1.117330 0.349758
v 1.050924 1.121166 0.351536
v 1.051634 1.117607 0.350815
v 1.050882 1.118433 0.351528
v 1.050634 1.119683 0.351780
v 1.957293 1.121472 0.339252
v 1.954210 1.117464 0.340668
v 1.957415 1.119952 0.339008
v 1.956873 1.118658 0.339191
v 1.955744 1.117783 0.339775
v 1.511900 1.112831 0.607533
v 1.509069 1.116697 0.608852
v 1.510382 1.113111 0.608418
v 1.509314 1.113945 0.608978
v 1.508852 1.115202 0.609131
v 2.979063 1.113201 0.807396
v 2.966375 1.109283 0.802364
v 2.979578 1.113213 0.805500
v 2.976210 1.111679 0.806721
v 2.972795 1.110401 0.805527
v 2.980387 1.113462 0.807289
v 2.978426 1.111854 0.806458
v 2.976202 1.110598 0.805477
v 2.977682 1.111001 0.805321
v 2.969641 1.109588 0.802250
v 2.973295 1.110443 0.802803
v 2.969343 1.109560 0.804001
v 2.973230 1.109999 0.804050
v 2.976416 1.110616 0.804321
v 2.980661 1.113469 0.806263
v 2.976782 1.111714 0.803944
v 2.978697 1.111868 0.805153
v 2.979734 1.111953 0.806076
v 2.011763 1.112832 0.831947
v 2.010534 1.108964 0.828934
v 2.011232 1.111330 0.832100
v 2.010813 1.110067 0.831585
v 2.010569 1.109237 0.830471
v -0.511221 1.149665 -1.281345
v -0.510092 1.145849 -1.284153
v -0.511568 1.148184 -1.281181
v -0.511473 1.146939 -1.281658
v -0.510954 1.146119 -1.282700
v -0.227682 1.153711 -1.734547
v -0.226255 1.157737 -1.737530
v -0.226782 1.154040 -1.736038
v -0.226194 1.154919 -1.737129
v -0.226007 1.156219 -1.737652
v -0.816187 1.155572 -1.841122
v -0.819029 1.159471 -1.841635
v -0.817705 1.155864 -1.840939
v -0.818781 1.156708 -1.840969
v -0.819246 1.157973 -1.841215
v -0.826990 1.179463 -2.981270
v -0.825178 1.179458 -2.981796
v -0.821497 1.175241 -2.968027
v -0.826921 1.179708 -2.982595
v -0.826204 1.177883 -2.978281
v -0.826014 1.178075 -2.980534
v -0.825686 1.178185 -2.981869
v -0.824854 1.177201 -2.979738
v -0.823500 1.177884 -2.978886
v -0.822210 1.176534 -2.975248
v -0.825941 1.179705 -2.982880
v -0.824747 1.178077 -2.980820
v -0.823820 1.176784 -2.978436
v -0.823229 1.175601 -2.971113
v -0.824884 1.176528 -2.974714
v -0.821508 1.175605 -2.971436
v -0.823423 1.176110 -2.975136
v -0.824949 1.176783 -2.978207
v -0.140734 1.249657 -0.831451
v -0.145334 1.245736 -0.827255
v -0.142065 1.249344 -0.830223
v -0.143408 1.248488 -0.828991
v -0.144556 1.247221 -0.827950
v 0.655783 1.231268 0.001530
v 0.660398 1.235191 -0.002686
v 0.656565 1.232755 0.000832
v 0.657713 1.234021 -0.000214
v 0.659063 1.234878 -0.001450
v 0.129992 1.250072 -1.082592
v 0.125620 1.253968 -1.078465
v 0.129305 1.251580 -1.081928
v 0.128229 1.252850 -1.080910
v 0.126936 1.253689 -1.079693
v 0.926714 1.239502 -0.249664
v 0.931089 1.235603 -0.253796
v 0.928034 1.239223 -0.250893
v 0.929327 1.238382 -0.252110
v 0.930403 1.237112 -0.253128
v 0.237444 1.241971 -0.391048
v 0.232847 1.238054 -0.386856
v 0.236113 1.241657 -0.389820
v 0.234774 1.240802 -0.388592
v 0.233625 1.239536 -0.387550
v 0.503309 1.246274 -0.637615
v 0.507673 1.242376 -0.641727
v 0.504625 1.245994 -0.638836
v 0.505915 1.245155 -0.640049
v 0.506987 1.243885 -0.641064
v 1.359770 1.233976 0.066994
v 1.364187 1.230071 0.062832
v 1.361105 1.233696 0.065750
v 1.362413 1.232854 0.064526
v 1.363493 1.231580 0.063499
v 1.088709 1.225726 0.318310
v 1.093370 1.229663 0.314053
v 1.089495 1.227216 0.317608
v 1.090658 1.228488 0.316551
v 1.092020 1.229347 0.315304
v 1.921362 1.228616 0.372711
v 1.927031 1.224693 0.369129
v 1.923174 1.228331 0.371693
v 1.924887 1.227484 0.370655
v 1.926241 1.226206 0.369755
v 1.546839 1.221215 0.575634
v 1.552755 1.225161 0.571960
v 1.547720 1.222712 0.574974
v 1.549154 1.223986 0.574043
v 1.550924 1.224847 0.572987
v 2.948839 1.216384 0.836937
v 2.949312 1.216429 0.835377
v 2.930517 1.220459 0.833050
v 2.950151 1.216640 0.836952
v 2.944689 1.217918 0.836887
v 2.946955 1.217982 0.836788
v 2.948324 1.218008 0.836533
v 2.945410 1.218776 0.836094
v 2.945082 1.217971 0.834454
v 2.940023 1.219278 0.833687
v 2.947142 1.218008 0.835648
v 2.943682 1.219110 0.835251
v 2.934774 1.220123 0.834782
v 2.939753 1.219232 0.836132
v 2.934908 1.220153 0.833195
v 2.939577 1.219676 0.834984
v 2.943563 1.219088 0.836288
v 2.051077 1.221297 0.793243
v 2.049513 1.217294 0.798752
v 2.050913 1.220969 0.794968
v 2.050558 1.220092 0.796619
v 2.050066 1.218803 0.797947
v -0.469660 1.258187 -1.320129
v -0.473433 1.254231 -1.314575
v -0.470675 1.257863 -1.318382
v -0.471746 1.256998 -1.316715
v -0.472715 1.255721 -1.315376
v -0.256525 1.260981 -1.707645
v -0.260111 1.264853 -1.702080
v -0.257154 1.262486 -1.706869
v -0.258059 1.263751 -1.705540
v -0.259096 1.264584 -1.703857
v -0.781256 1.263989 -1.874851
v -0.775629 1.267905 -1.876842
v -0.780397 1.265483 -1.875383
v -0.779024 1.266751 -1.875948
v -0.777353 1.267602 -1.876459
v -0.856951 1.282676 -2.951427
v -0.852560 1.286334 -2.932686
v -0.855448 1.282697 -2.951914
v -0.856791 1.284125 -2.947142
v -0.855902 1.285331 -2.942074
v -0.856997 1.282913 -2.952742
v -0.856756 1.284209 -2.949453
v -0.856169 1.285256 -2.945978
v -0.856028 1.284968 -2.947874
v -0.852827 1.286111 -2.937159
v -0.853468 1.285340 -2.942383
v -0.854414 1.286107 -2.936998
v -0.854753 1.285753 -2.941912
v -0.855143 1.285260 -2.946114
v -0.854391 1.284141 -2.947565
v -0.855631 1.284217 -2.949657
v -0.856546 1.284247 -2.950855
v -0.785181 1.248543 0.800671
v -0.789461 1.248603 0.796436
v -0.793993 1.252695 0.805317
v -0.786814 1.248545 0.800354
v -0.788202 1.248558 0.799442
v -0.787134 1.250158 0.801056
v -0.788157 1.250104 0.800743
v -0.789488 1.250976 0.800770
v -0.789801 1.250197 0.798389
v -0.790781 1.251535 0.800762
v -0.789129 1.248578 0.798065
v -0.789476 1.250124 0.799423
v -0.791903 1.252408 0.803574
v -0.789492 1.251516 0.802074
v -0.790854 1.251962 0.802151
v -1.269365 -2.898173 0.729095
v -1.269377 -2.899368 0.726055
v -1.273672 -2.911886 0.733425
v -1.269365 -2.899570 0.728840
v -1.270998 -2.901167 0.729397
v -1.271002 -2.902210 0.728451
v -1.269373 -2.900218 0.727196
v -1.272421 -2.904823 0.730305
v -1.273329 -2.908983 0.732437
v -1.272848 -2.906241 0.730927
v 2.850428 1.265285 0.778400
v 2.863249 1.269495 0.782940
v 2.851728 1.265399 0.775333
v 2.853235 1.266919 0.778755
v 2.851812 1.265544 0.778164
v 2.855070 1.267818 0.778957
v 2.860510 1.269187 0.782005
v 2.857359 1.268301 0.780231
v 2.852514 1.265605 0.776501
v 2.854124 1.267009 0.778072
v -0.805231 1.318385 -2.864407
v -0.802229 1.318421 -2.865658
v -0.809916 1.322933 -2.878090
v -0.805006 1.318417 -2.865807
v -0.805395 1.320027 -2.867826
v -0.805792 1.320937 -2.869440
v -0.803385 1.318435 -2.866486
v -0.808130 1.322536 -2.874769
v -0.807257 1.322015 -2.872429
v 2.889223 0.778114 1.257069
v 2.890459 0.775104 1.256992
v 2.902830 0.783220 1.261356
v 2.890623 0.777884 1.257011
v 2.892218 0.778659 1.258686
v 2.893278 0.777764 1.258659
v 2.891291 0.776256 1.256969
v 2.899584 0.781421 1.261005
v 2.895853 0.779809 1.260098
v 2.897253 0.780516 1.260525
v -1.269346 0.767747 0.796860
v -1.273588 0.776496 0.801571
v -1.269365 0.772090 0.792679
v -1.270975 0.769683 0.797249
v -1.272352 0.772025 0.798279
v -1.269350 0.769384 0.796566
v -1.270918 0.770715 0.796947
v -1.271795 0.772050 0.796982
v -1.272360 0.773346 0.796982
v -1.273272 0.774416 0.799797
v -1.272806 0.773395 0.798367
v -1.269358 0.771734 0.794304
v -1.269350 0.770784 0.795666
v -1.270987 0.772399 0.794613
v -1.270926 0.772061 0.795643
v -1.285212 0.842189 -2.885504
v -1.289541 0.847089 -2.899107
v -1.285219 0.839207 -2.886803
v -1.286856 0.842599 -2.888456
v -1.285219 0.841988 -2.886909
v -1.287687 0.842834 -2.890556
v -1.289198 0.845249 -2.895821
v -1.288717 0.844348 -2.893520
v -1.285223 0.840373 -2.887611
v -1.286860 0.841729 -2.889591
v -0.788492 0.764925 1.267109
v -0.797285 0.769388 1.271484
v -0.792753 0.760648 1.267040
v -0.790411 0.765237 1.268753
v -0.792753 0.766195 1.270161
v -0.790121 0.764595 1.267109
v -0.791445 0.764916 1.268692
v -0.792776 0.764906 1.269573
v -0.795542 0.767281 1.271114
v -0.794069 0.764881 1.270138
v -0.794134 0.766251 1.270618
v -0.792425 0.762281 1.267071
v -0.791502 0.763666 1.267097
v -0.793089 0.762552 1.268711
v -0.792772 0.763587 1.268673
v -0.792749 -2.904643 1.197742
v -0.797380 -2.918318 1.201767
v -0.789740 -2.905890 1.197712
v -0.792521 -2.906044 1.197720
v -0.792894 -2.908087 1.199253
v -0.793600 -2.910315 1.200474
v -0.796358 -2.915495 1.201492
v -0.794752 -2.912727 1.201065
v -0.790892 -2.906717 1.197704
v -1.290106 1.344226 -3.855974
v -1.291262 1.340841 -3.858582
v -1.294710 1.339612 -3.856092
v -1.289595 1.343999 -3.857071
v -1.289633 1.343276 -3.857948
v -1.291872 1.343882 -3.855986
v -1.291651 1.343524 -3.857939
v -1.291620 1.342943 -3.859219
v -1.292593 1.339787 -3.858507
v -1.293715 1.339183 -3.858009
v -1.290220 1.342168 -3.858480
v -1.292009 1.341586 -3.859150
v -1.293367 1.341190 -3.859243
v -1.294363 1.341384 -3.856049
v -1.293367 1.342883 -3.856010
v -1.294458 1.339121 -3.857162
v -1.293970 1.341199 -3.857985
v -1.293211 1.342767 -3.858383
v 3.870989 1.257989 1.267925
v 3.873419 1.259183 1.264462
v 3.870913 1.262672 1.263462
v 3.872038 1.257478 1.267647
v 3.872869 1.257524 1.266895
v 3.870970 1.259752 1.267612
v 3.872889 1.259536 1.267200
v 3.874136 1.259510 1.266582
v 3.873358 1.260530 1.263470
v 3.872858 1.261667 1.262928
v 3.873354 1.258124 1.265774
v 3.874033 1.259920 1.265236
v 3.874128 1.261283 1.264885
v 3.870928 1.262285 1.265194
v 3.870951 1.261261 1.266655
v 3.872000 1.262418 1.262928
v 3.872869 1.261891 1.264950
v 3.873308 1.261102 1.266476
v -1.267031 1.243653 1.277470
v -1.271589 1.239080 1.277386
v -1.267019 1.239016 1.281902
v -1.268774 1.243306 1.277470
v -1.270254 1.242314 1.277451
v -1.267031 1.243280 1.279194
v -1.268709 1.242771 1.279125
v -1.270056 1.242093 1.279072
v -1.269644 1.241668 1.280037
v -1.271238 1.239053 1.279118
v -1.270247 1.239031 1.280582
v -1.271242 1.240831 1.277424
v -1.270731 1.240740 1.279091
v -1.270052 1.240676 1.280426
v -1.267023 1.240769 1.281590
v -1.267027 1.242265 1.280640
v -1.268763 1.239018 1.281563
v -1.268702 1.240711 1.281094
v -1.268663 1.242073 1.280449
v -1.278646 -3.875782 1.181164
v -1.275225 -3.878226 1.182194
v -1.274042 -3.875885 1.185711
v -1.278406 -3.876824 1.180618
v -1.277674 -3.877656 1.180622
v -1.278307 -3.875816 1.182911
v -1.277918 -3.877719 1.182640
v -1.277315 -3.878954 1.182571
v -1.276743 -3.878915 1.183743
v -1.274176 -3.878176 1.183529
v -1.273581 -3.877713 1.184662
v -1.276556 -3.878150 1.181175
v -1.275961 -3.878851 1.182945
v -1.275564 -3.878978 1.184299
v -1.275812 -3.875874 1.185371
v -1.277311 -3.875847 1.184387
v -1.273531 -3.876908 1.185429
v -1.275595 -3.877761 1.184933
v 2.873579 1.161941 0.776455
v 2.874891 1.161947 0.773392
v 2.868605 1.157762 0.772152
v 2.874964 1.162176 0.776218
v 2.872442 1.160318 0.776108
v 2.874208 1.160483 0.775742
v 2.875326 1.160580 0.775211
v 2.874342 1.159582 0.774704
v 2.873980 1.160355 0.772560
v 2.872465 1.158997 0.772030
v 2.875677 1.162181 0.774559
v 2.874937 1.160498 0.774059
v 2.873926 1.159175 0.773701
v 2.869749 1.158057 0.773781
v 2.871096 1.158954 0.775169
v 2.870577 1.158088 0.771885
v 2.872091 1.158524 0.773670
v 2.873339 1.159158 0.775043
v -0.785181 1.161549 0.799011
v -0.785200 1.157367 0.794670
v -0.789461 1.161628 0.794777
v -0.785185 1.159923 0.798656
v -0.785189 1.158558 0.797707
v -0.786814 1.161554 0.798698
v -0.786860 1.159889 0.798275
v -0.787649 1.159120 0.797180
v -0.786833 1.157691 0.794689
v -0.788214 1.158617 0.794712
v -0.785196 1.157661 0.796307
v -0.786867 1.158052 0.796364
v -0.789133 1.161598 0.796406
v -0.788202 1.161571 0.797783
v -0.789141 1.159997 0.794746
v -0.788740 1.159926 0.796413
v -0.805231 1.231410 -2.866062
v -0.800943 1.227036 -2.860149
v -0.802221 1.231435 -2.867327
v -0.804899 1.229753 -2.864717
v -0.803968 1.228341 -2.863119
v -0.805006 1.231437 -2.867466
v -0.804552 1.229844 -2.866411
v -0.803873 1.228562 -2.865299
v -0.803556 1.228965 -2.866337
v -0.800776 1.227401 -2.862272
v -0.800962 1.228365 -2.864382
v -0.802580 1.227386 -2.861515
v -0.802526 1.227904 -2.863907
v -0.802588 1.228574 -2.865839
v -0.803377 1.231450 -2.868149
v -0.801470 1.229781 -2.866158
v -0.802923 1.229856 -2.867094
v -0.804049 1.229905 -2.867491
v -1.182356 0.767754 0.796486
v -1.182371 0.772096 0.792305
v -1.178114 0.767835 0.792206
v -1.182356 0.769390 0.796192
v -1.182360 0.770791 0.795292
v -1.180727 0.767762 0.796154
v -1.180685 0.769439 0.795795
v -1.180773 0.770577 0.795067
v -1.180742 0.771770 0.792290
v -1.179361 0.770847 0.792267
v -1.182367 0.771739 0.793930
v -1.180696 0.771348 0.793953
v -1.179571 0.770601 0.793850
v -1.178431 0.767804 0.793839
v -1.179346 0.767778 0.795223
v -1.178438 0.769467 0.792240
v -1.178820 0.769475 0.793911
v -1.179567 0.769369 0.795040
v -1.182375 -2.898168 0.728722
v -1.178133 -2.892085 0.724552
v -1.182386 -2.899364 0.725681
v -1.180746 -2.897242 0.728214
v -1.179365 -2.895760 0.727245
v -1.182375 -2.900025 0.728649
v -1.179583 -2.897751 0.727287
v -1.179922 -2.898695 0.727161
v -1.178453 -2.894406 0.724796
v -1.179377 -2.896606 0.725098
v -1.178450 -2.893950 0.725960
v -1.178839 -2.896393 0.726254
v -1.182383 -2.900673 0.727001
v -1.182375 -2.900908 0.728046
v -1.180758 -2.898346 0.725410
v -1.180792 -2.899819 0.727612
v -1.198221 0.842195 -2.885880
v -1.198225 0.839213 -2.887178
v -1.193933 0.837820 -2.879925
v -1.198229 0.841992 -2.887283
v -1.196585 0.841846 -2.884502
v -1.196650 0.841521 -2.886208
v -1.196695 0.841035 -2.887295
v -1.195772 0.840527 -2.886129
v -1.196592 0.838439 -2.885986
v -1.195200 0.837904 -2.884192
v -1.198229 0.840380 -2.887985
v -1.196653 0.839906 -2.886911
v -1.195387 0.839551 -2.885635
v -1.194265 0.839477 -2.881283
v -1.195196 0.840890 -2.882889
v -1.194269 0.837686 -2.882063
v -1.194746 0.839459 -2.883688
v -1.195387 0.840827 -2.885080
v 2.890238 0.767284 1.162159
v 2.884230 0.762540 1.157883
v 2.891470 0.764269 1.162117
v 2.888857 0.766775 1.160542
v 2.887228 0.765694 1.159161
v 2.891638 0.767051 1.162109
v 2.890558 0.766426 1.160568
v 2.889425 0.765613 1.159325
v 2.890478 0.765340 1.159687
v 2.886396 0.762437 1.158195
v 2.888533 0.762731 1.159107
v 2.885607 0.764207 1.158226
v 2.888029 0.764215 1.158684
v 2.889982 0.764347 1.159302
v 2.892305 0.765420 1.162086
v 2.890314 0.763375 1.160484
v 2.891249 0.764808 1.160542
v 2.891642 0.765924 1.160587
v -0.788916 0.766416 1.180122
v -0.793177 0.762155 1.180069
v -0.788935 0.762229 1.175789
v -0.790545 0.766092 1.180126
v -0.791929 0.765167 1.180115
v -0.788923 0.766120 1.178486
v -0.790594 0.765728 1.178448
v -0.791719 0.764979 1.178524
v -0.792860 0.762184 1.178440
v -0.791941 0.762208 1.177052
v -0.792852 0.763786 1.180096
v -0.792467 0.763855 1.178425
v -0.791727 0.763791 1.177296
v -0.788935 0.763855 1.176144
v -0.788931 0.765220 1.177090
v -0.790564 0.762224 1.176121
v -0.790606 0.763888 1.176540
v -0.790514 0.765001 1.177311
v -0.793173 -2.903237 1.116611
v -0.790155 -2.904491 1.116573
v -0.788935 -2.897165 1.112434
v -0.792288 -2.905369 1.116570
v -0.792856 -2.901834 1.115002
v -0.792501 -2.903527 1.115028
v -0.791990 -2.904606 1.115047
v -0.791510 -2.903421 1.114147
v -0.789415 -2.903260 1.114960
v -0.788927 -2.901438 1.113609
v -0.790865 -2.904206 1.115009
v -0.790545 -2.902907 1.113770
v -0.790564 -2.898550 1.112743
v -0.791941 -2.900187 1.113644
v -0.788755 -2.899297 1.112720
v -0.790495 -2.900952 1.113171
v -0.791834 -2.902371 1.113785
v 0.878939 0.186162 1.116405
v 0.880495 0.184391 1.112499
v 0.878649 0.186487 1.114941
v 0.878847 0.186265 1.113682
v 0.879492 0.185527 1.112827
v 0.030939 -0.594797 1.112423
v 0.029364 -0.593007 1.116333
v 0.029932 -0.593652 1.112755
v 0.029280 -0.592909 1.113609
v 0.029081 -0.592683 1.114868
v 1.186365 -0.163182 1.101711
v 1.188276 -0.165350 1.105610
v 1.187399 -0.164354 1.101974
v 1.188124 -0.165179 1.102810
v 1.188433 -0.165528 1.104088
v 0.338690 -0.944499 1.105541
v 0.336771 -0.942327 1.101639
v 0.338842 -0.944676 1.104015
v 0.338533 -0.944326 1.102737
v 0.337809 -0.943501 1.101902
v 0.428736 -0.180377 1.117161
v 0.430296 -0.182148 1.113258
v 0.428450 -0.180052 1.115696
v 0.428648 -0.180276 1.114441
v 0.429293 -0.181012 1.113586
v 0.737631 -0.531380 1.106388
v 0.735727 -0.529221 1.102482
v 0.737783 -0.531559 1.104862
v 0.737478 -0.531211 1.103584
v 0.736753 -0.530390 1.102749
v 0.010778 -1.369145 1.103386
v 0.008833 -1.366936 1.099476
v 0.010935 -1.369319 1.101856
v 0.010618 -1.368960 1.100578
v 0.009882 -1.368125 1.099743
v -0.297079 -1.019320 1.110268
v -0.298681 -1.017496 1.114193
v -0.298098 -1.018159 1.110600
v -0.298761 -1.017406 1.111458
v -0.298967 -1.017172 1.112720
v -0.310217 -1.923742 1.098858
v -0.311682 -1.920553 1.094952
v -0.310026 -1.923844 1.097328
v -0.310236 -1.923276 1.096050
v -0.310820 -1.922120 1.095215
v -0.566839 -1.471519 1.106716
v -0.567953 -1.468721 1.110672
v -0.567675 -1.469985 1.107052
v -0.568178 -1.468915 1.107922
v -0.568277 -1.468472 1.109192
v -0.805067 -2.932837 1.089153
v -0.799837 -2.920217 1.085285
v -0.803186 -2.933397 1.089096
v -0.804365 -2.929976 1.087658
v -0.803129 -2.926572 1.086399
v -0.804159 -2.932201 1.087788
v -0.803160 -2.929980 1.086536
v -0.803030 -2.931471 1.086910
v -0.799795 -2.923485 1.085529
v -0.800417 -2.927140 1.086342
v -0.801538 -2.923144 1.085567
v -0.801672 -2.927038 1.085941
v -0.802011 -2.930223 1.086514
v -0.804598 -2.934737 1.089462
v -0.801607 -2.930619 1.087593
v -0.802862 -2.932508 1.087757
v -0.803808 -2.933520 1.087852
v -0.804186 -1.965367 1.105862
v -0.801271 -1.964150 1.101917
v -0.804377 -1.964809 1.104374
v -0.803892 -1.964378 1.103100
v -0.802801 -1.964150 1.102238
v 1.374735 0.501418 1.114059
v 1.377386 0.500284 1.110134
v 1.374533 0.501792 1.112591
v 1.374964 0.501708 1.111328
v 1.375963 0.501178 1.110466
v 1.820215 0.206296 1.098118
v 1.823290 0.204721 1.102013
v 1.821692 0.205350 1.098377
v 1.822794 0.204720 1.099213
v 1.823355 0.204498 1.100487
v 1.942221 0.791742 1.106277
v 1.942938 0.794502 1.110203
v 1.942087 0.793262 1.106602
v 1.942175 0.794319 1.107464
v 1.942472 0.794755 1.108727
v 3.082426 0.772809 1.092033
v 3.082903 0.770986 1.091980
v 3.068907 0.767735 1.088169
v 3.084311 0.772319 1.092293
v 3.079363 0.772129 1.090542
v 3.081617 0.771879 1.090656
v 3.082945 0.771513 1.090714
v 3.080763 0.770753 1.089790
v 3.079897 0.769410 1.090477
v 3.076185 0.768239 1.089226
v 3.081869 0.770605 1.090626
v 3.079420 0.769761 1.089397
v 3.072050 0.769382 1.088451
v 3.075720 0.770925 1.089283
v 3.072325 0.767651 1.088413
v 3.076090 0.769461 1.088829
v 3.079222 0.770897 1.089420
v 0.918821 0.140909 1.222870
v 0.914618 0.145681 1.219170
v 0.917620 0.142275 1.222622
v 0.916395 0.143662 1.221828
v 0.915342 0.144859 1.220615
v 0.065046 -0.633487 1.219093
v 0.069265 -0.638279 1.222797
v 0.065775 -0.634312 1.220543
v 0.066828 -0.635511 1.221756
v 0.068056 -0.636905 1.222546
v 1.162634 -0.136148 1.210300
v 1.158758 -0.131740 1.214409
v 1.162039 -0.135470 1.211838
v 1.161093 -0.134395 1.213161
v 1.159941 -0.133085 1.214062
v 0.309168 -0.910887 1.214336
v 0.313047 -0.915301 1.210224
v 0.310350 -0.912234 1.213989
v 0.311506 -0.913544 1.213089
v 0.312452 -0.914622 1.211765
v 0.468622 -0.225631 1.223633
v 0.464422 -0.220860 1.219933
v 0.467417 -0.224265 1.223381
v 0.466200 -0.222877 1.222591
v 0.465147 -0.221683 1.221378
v 0.708120 -0.497782 1.215183
v 0.711988 -0.502181 1.211075
v 0.709299 -0.499123 1.214840
v 0.710451 -0.500430 1.213936
v 0.711393 -0.501503 1.212616
v -0.018770 -1.335497 1.212173
v -0.014856 -1.339950 1.208057
v -0.017576 -1.336856 1.211826
v -0.016409 -1.338181 1.210922
v -0.015455 -1.339265 1.209602
v -0.263010 -1.057964 1.216927
v -0.258749 -1.062802 1.220638
v -0.262278 -1.058793 1.218380
v -0.261213 -1.060002 1.219597
v -0.259974 -1.061410 1.220390
v -0.339151 -1.888864 1.207653
v -0.335852 -1.894549 1.203518
v -0.338190 -1.890697 1.207302
v -0.337225 -1.892419 1.206394
v -0.336405 -1.893775 1.205067
v -0.532293 -1.509173 1.213367
v -0.528646 -1.515249 1.217087
v -0.531610 -1.510100 1.214825
v -0.530676 -1.511581 1.216045
v -0.529634 -1.513387 1.216839
v -0.830366 -2.903689 1.193764
v -0.828817 -2.904205 1.193748
v -0.825869 -2.885550 1.198013
v -0.830130 -2.905566 1.194077
v -0.830156 -2.899571 1.195366
v -0.830114 -2.901837 1.195389
v -0.829893 -2.903214 1.195381
v -0.829355 -2.900330 1.196182
v -0.827734 -2.900027 1.195332
v -0.826792 -2.895015 1.196693
v -0.828978 -2.902059 1.195370
v -0.828459 -2.898628 1.196518
v -0.827723 -2.889753 1.197662
v -0.829226 -2.894680 1.196735
v -0.826136 -2.889931 1.197639
v -0.828062 -2.894540 1.197147
v -0.829489 -2.898482 1.196533
v -0.762957 -2.007578 1.212288
v -0.768549 -2.005799 1.208500
v -0.764688 -2.007363 1.212021
v -0.766356 -2.006950 1.211208
v -0.767714 -2.006402 1.209972
v 1.415987 0.456966 1.220501
v 1.410410 0.460947 1.216797
v 1.414259 0.458028 1.220253
v 1.412592 0.459159 1.219463
v 1.411242 0.460184 1.218250
v 1.797647 0.233922 1.206696
v 1.792311 0.237581 1.210815
v 1.796942 0.234542 1.208237
v 1.795679 0.235456 1.209560
v 1.794054 0.236522 1.210468
v 1.978594 0.754047 1.212902
v 1.980566 0.748302 1.216652
v 1.979155 0.753147 1.214359
v 1.979723 0.751739 1.215588
v 1.980219 0.750038 1.216393
v 3.056818 0.801702 1.196678
v 3.038095 0.797732 1.200893
v 3.057264 0.800185 1.196659
v 3.052576 0.801628 1.198269
v 3.047529 0.800845 1.199631
v 3.054888 0.801530 1.198277
v 3.051435 0.801015 1.199429
v 3.053316 0.800829 1.199074
v 3.042566 0.797885 1.200520
v 3.047777 0.798407 1.199585
v 3.042444 0.799478 1.200550
v 3.047354 0.799696 1.200035
v 3.051546 0.799984 1.199409
v 3.058382 0.800889 1.196861
v 3.052938 0.799215 1.198231
v 3.055067 0.800401 1.198257
v 3.056284 0.801282 1.198261
v -1.212030 -0.915040 0.196053
v -1.207895 -0.916275 0.194561
v -1.210619 -0.914664 0.196499
v -1.209337 -0.914764 0.196373
v -1.208380 -0.915332 0.195694
v -1.206930 -0.046181 -0.561623
v -1.211073 -0.044933 -0.560116
v -1.207418 -0.045232 -0.560486
v -1.208376 -0.044662 -0.559799
v -1.209661 -0.044557 -0.559669
v -1.148603 -1.210355 -0.158253
v -1.152182 -1.212465 -0.160774
v -1.148706 -1.211369 -0.159466
v -1.149420 -1.212125 -0.160374
v -1.150640 -1.212513 -0.160831
v -1.151224 -0.342343 -0.916920
v -1.147650 -0.340219 -0.914387
v -1.149683 -0.342387 -0.916977
v -1.148466 -0.341998 -0.916515
v -1.147749 -0.341238 -0.915604
v -1.215921 -0.455373 -0.158524
v -1.211786 -0.456608 -0.160015
v -1.214510 -0.454997 -0.158077
v -1.213228 -0.455100 -0.158203
v -1.212275 -0.455665 -0.158882
v -1.156160 -0.752369 -0.514832
v -1.152582 -0.750262 -0.512318
v -1.154619 -0.752415 -0.514889
v -1.153399 -0.752031 -0.514431
v -1.152685 -0.751275 -0.513531
v -1.139093 -0.002723 -1.332088
v -1.135523 -0.000565 -1.329510
v -1.137552 -0.002766 -1.332142
v -1.136332 -0.002371 -1.331673
v -1.135618 -0.001599 -1.330746
v -1.194818 0.293540 -0.976669
v -1.198984 0.294816 -0.975128
v -1.195307 0.294502 -0.975513
v -1.196276 0.295081 -0.974815
v -1.197565 0.295192 -0.974682
v -1.126932 0.334433 -1.902649
v -1.123285 0.336045 -1.898914
v -1.125387 0.334349 -1.902615
v -1.124147 0.334626 -1.901894
v -1.123411 0.335221 -1.900593
v -1.175203 0.576138 -1.420704
v -1.179316 0.576829 -1.418083
v -1.175665 0.576880 -1.419132
v -1.176607 0.577271 -1.418083
v -1.177889 0.577253 -1.417713
v -1.137693 0.860454 -3.025309
v -1.133627 0.855111 -3.010347
v -1.137709 0.858810 -3.025738
v -1.136187 0.859778 -3.021940
v -1.134882 0.858525 -3.017914
v -1.137888 0.860400 -3.026632
v -1.136301 0.859639 -3.024237
v -1.135035 0.858666 -3.021570
v -1.135408 0.858573 -3.023197
v -1.133890 0.855189 -3.014017
v -1.134756 0.855918 -3.018230
v -1.133986 0.856888 -3.013844
v -1.134386 0.857142 -3.018137
v -1.134985 0.857563 -3.021706
v -1.136095 0.857190 -3.022346
v -1.136259 0.858427 -3.024431
v -1.136362 0.859347 -3.025591
v -1.152510 0.827319 -1.906988
v -1.149221 0.824659 -1.905531
v -1.151133 0.827600 -1.906300
v -1.150026 0.827191 -1.905783
v -1.149355 0.826161 -1.905512
v -1.199358 -1.418566 0.498554
v -1.195177 -1.420906 0.497677
v -1.197943 -1.418275 0.499050
v -1.196650 -1.418615 0.499058
v -1.195681 -1.419539 0.498573
v -1.129206 -1.853058 0.195087
v -1.132742 -1.856344 0.193130
v -1.129290 -1.854520 0.194088
v -1.129992 -1.855662 0.193367
v -1.131205 -1.856301 0.193031
v -1.174303 -1.992478 0.774937
v -1.178373 -1.993539 0.777355
v -1.174757 -1.992409 0.776424
v -1.175684 -1.992588 0.777412
v -1.176958 -1.992984 0.777737
v -1.078474 -3.128001 0.729961
v -1.078245 -3.128422 0.728138
v -1.075186 -3.114103 0.725536
v -1.078569 -3.129338 0.729809
v -1.077154 -3.124827 0.729477
v -1.077089 -3.127074 0.729168
v -1.077024 -3.128396 0.728764
v -1.076200 -3.126132 0.728130
v -1.076838 -3.125280 0.726761
v -1.075766 -3.121457 0.725784
v -1.078447 -3.129565 0.728825
v -1.076941 -3.127289 0.727894
v -1.075827 -3.124736 0.727207
v -1.075373 -3.117304 0.727081
v -1.076067 -3.121070 0.728466
v -1.075186 -3.117531 0.725353
v -1.075472 -3.121368 0.727036
v -1.075953 -3.124572 0.728344
v -1.311579 -0.960749 0.141521
v -1.308561 -0.956444 0.146671
v -1.311518 -0.959572 0.142933
v -1.310926 -0.958340 0.144405
v -1.309889 -0.957242 0.145721
v -1.307600 -0.086333 -0.609489
v -1.310617 -0.090655 -0.614666
v -1.308924 -0.087133 -0.610443
v -1.309965 -0.088236 -0.611763
v -1.310560 -0.089473 -0.613247
v -1.260370 -1.194896 -0.139400
v -1.265070 -1.191437 -0.135239
v -1.261995 -1.194426 -0.138832
v -1.263460 -1.193604 -0.137844
v -1.264536 -1.192554 -0.136581
v -1.264116 -0.321302 -0.891373
v -1.259413 -0.324773 -0.895550
v -1.263582 -0.322424 -0.892719
v -1.262503 -0.323478 -0.893986
v -1.261038 -0.324301 -0.894981
v -1.315470 -0.501081 -0.213055
v -1.312456 -0.496780 -0.207905
v -1.315413 -0.499904 -0.211643
v -1.314821 -0.498674 -0.210171
v -1.313780 -0.497576 -0.208855
v -1.269045 -0.731346 -0.489304
v -1.264349 -0.734798 -0.493458
v -1.268518 -0.732461 -0.490643
v -1.267439 -0.733509 -0.491905
v -1.265974 -0.734330 -0.492893
v -1.251986 0.018354 -1.306496
v -1.247274 0.014844 -1.310719
v -1.251451 0.017217 -1.307861
v -1.250368 0.016151 -1.309143
v -1.248903 0.015319 -1.310146
v -1.295473 0.253431 -1.024483
v -1.298502 0.249066 -1.029709
v -1.296808 0.252625 -1.025444
v -1.297850 0.251513 -1.026775
v -1.298445 0.250264 -1.028275
v -1.239725 0.354810 -1.875612
v -1.235109 0.352000 -1.881279
v -1.239229 0.353942 -1.877531
v -1.238176 0.353103 -1.879280
v -1.236731 0.352422 -1.880596
v -1.275747 0.535470 -1.467411
v -1.278910 0.531819 -1.474018
v -1.277102 0.534714 -1.468479
v -1.278177 0.533756 -1.470112
v -1.278811 0.532739 -1.472057
v -1.246065 0.877793 -3.003923
v -1.245882 0.876378 -3.004368
v -1.249960 0.872445 -2.983934
v -1.246222 0.877574 -3.005798
v -1.247599 0.877341 -2.999439
v -1.247591 0.877351 -3.001831
v -1.247561 0.877174 -3.003271
v -1.248354 0.876491 -3.000135
v -1.247427 0.874985 -2.999718
v -1.248747 0.873746 -2.994202
v -1.247511 0.876248 -3.001968
v -1.248652 0.875523 -2.998230
v -1.249708 0.874448 -2.988621
v -1.248880 0.876166 -2.994066
v -1.249636 0.872855 -2.988659
v -1.249247 0.874960 -2.993799
v -1.248709 0.876545 -2.998169
v -1.253088 0.780215 -1.958517
v -1.248861 0.785995 -1.956272
v -1.252592 0.781944 -1.958233
v -1.251616 0.783650 -1.957706
v -1.250307 0.785072 -1.957018
v -1.298853 -1.465661 0.444790
v -1.295870 -1.459962 0.449188
v -1.298811 -1.463949 0.445911
v -1.298231 -1.462267 0.447140
v -1.297197 -1.460868 0.448292
v -1.240923 -1.838774 0.214504
v -1.245680 -1.833837 0.217949
v -1.242556 -1.838194 0.215015
v -1.244028 -1.837052 0.215851
v -1.245127 -1.835519 0.216881
v -1.274847 -2.034917 0.728008
v -1.277990 -2.036972 0.721935
v -1.276190 -2.035547 0.726982
v -1.277258 -2.036160 0.725468
v -1.277891 -2.036657 0.723694
v -1.186590 -3.110456 0.751030
v -1.191790 -3.091949 0.747181
v -1.186422 -3.110852 0.749508
v -1.188467 -3.106330 0.750931
v -1.190111 -3.101367 0.750164
v -1.188303 -3.108635 0.750774
v -1.189650 -3.105253 0.750256
v -1.189154 -3.107102 0.750053
v -1.191118 -3.096387 0.747261
v -1.189863 -3.101541 0.747730
v -1.191278 -3.096315 0.748848
v -1.190439 -3.101183 0.748989
v -1.189547 -3.105331 0.749226
v -1.186697 -3.112330 0.750687
v -1.188211 -3.106618 0.748520
v -1.188185 -3.108776 0.749649
v -1.188169 -3.110018 0.750496
v 2.894918 0.779289 1.259800
v -1.272131 -2.903885 0.729836
v 0.405230 1.126106 -0.153049
v 0.403429 1.129926 -0.151310
v 0.404112 1.126382 -0.152008
v 0.403376 1.127203 -0.151310
v 0.403135 1.128448 -0.151066
v 0.340033 1.138882 -0.885006
v 0.342077 1.142884 -0.886833
v 0.341169 1.139204 -0.886055
v 0.341955 1.140076 -0.886772
v 0.342276 1.141369 -0.887043
v 0.000784 1.133391 -0.570389
v -0.001009 1.137210 -0.568661
v -0.000330 1.133667 -0.569351
v -0.001062 1.134489 -0.568657
v -0.001303 1.135734 -0.568413
v 0.744455 1.131597 -0.467648
v 0.746504 1.135602 -0.469475
v 0.745592 1.131919 -0.468697
v 0.746382 1.132793 -0.469414
v 0.746702 1.134084 -0.469688
v 1.174688 1.125439 -0.114819
v 1.176760 1.129447 -0.116669
v 1.175840 1.125761 -0.115875
v 1.176634 1.126636 -0.116600
v 1.176958 1.127930 -0.116879
v 0.835077 1.119941 0.200142
v 0.833250 1.123769 0.201904
v 0.833948 1.120217 0.201195
v 0.833204 1.121042 0.201900
v 0.832956 1.122289 0.202148
v 1.276690 1.114978 0.484486
v 1.274710 1.118826 0.486217
v 1.275499 1.115256 0.485531
v 1.274706 1.116085 0.486225
v 1.274427 1.117338 0.486469
v 1.629099 1.120368 0.175583
v 1.631323 1.124382 0.173759
v 1.630304 1.120690 0.174534
v 1.631151 1.121564 0.173820
v 1.631510 1.122861 0.173546
v 2.488451 1.109123 0.815651
v 2.497648 1.113190 0.819595
v 2.491926 1.109411 0.817177
v 2.494894 1.110286 0.818466
v 2.496904 1.111612 0.819313
v 1.761591 1.110827 0.722317
v 1.756609 1.114724 0.722668
v 1.759249 1.111114 0.722836
v 1.757479 1.111957 0.723080
v 1.756552 1.113224 0.723022
v 2.422106 1.113623 0.557602
v 2.427328 1.117616 0.557159
v 2.424459 1.113937 0.557079
v 2.426279 1.114805 0.556812
v 2.427286 1.116098 0.556843
v -0.017538 1.147227 -1.363125
v -0.015570 1.151234 -1.365101
v -0.016432 1.147549 -1.364231
v -0.015665 1.148425 -1.364998
v -0.015364 1.149717 -1.365303
v -0.350073 1.141434 -1.031185
v -0.351782 1.145259 -1.029312
v -0.351156 1.141708 -1.030090
v -0.351862 1.142533 -1.029350
v -0.352079 1.143780 -1.029079
v -0.818842 1.165411 -2.404821
v -0.822996 1.169715 -2.413671
v -0.820478 1.165784 -2.408188
v -0.821840 1.166735 -2.411051
v -0.822725 1.168115 -2.412977
v -0.505919 1.163551 -2.298292
v -0.505659 1.167619 -2.303682
v -0.505465 1.163896 -2.300705
v -0.505255 1.164790 -2.302576
v -0.505323 1.166099 -2.303621
v -0.666193 1.150666 -1.560101
v -0.666128 1.154456 -1.555161
v -0.666601 1.150922 -1.557831
v -0.666727 1.151731 -1.556095
v -0.666563 1.152972 -1.555157
v 0.441229 1.234519 -0.184551
v 0.445829 1.238439 -0.188751
v 0.442007 1.236003 -0.185246
v 0.443151 1.237269 -0.186291
v 0.444498 1.238124 -0.187519
v 0.311804 1.246133 -0.856949
v 0.307440 1.250031 -0.852833
v 0.311117 1.247641 -0.856285
v 0.310045 1.248909 -0.855267
v 0.308756 1.249750 -0.854053
v 0.036791 1.241807 -0.601898
v 0.041384 1.245724 -0.606091
v 0.037569 1.243289 -0.602596
v 0.038713 1.244556 -0.603634
v 0.040052 1.245410 -0.604862
v 0.716230 1.238845 -0.439590
v 0.711863 1.242746 -0.435471
v 0.715544 1.240354 -0.438927
v 0.714472 1.241624 -0.437912
v 0.713179 1.242464 -0.436699
v 1.146494 1.232687 -0.086784
v 1.142099 1.236587 -0.082642
v 1.145803 1.234194 -0.086117
v 1.144724 1.235466 -0.085098
v 1.143423 1.236307 -0.083874
v 0.871042 1.228345 0.168671
v 0.875677 1.232275 0.164436
v 0.871824 1.229831 0.167969
v 0.872980 1.231102 0.166920
v 0.874334 1.231959 0.165680
v 1.312490 1.223367 0.452995
v 1.317324 1.227311 0.448803
v 1.313288 1.224859 0.452297
v 1.314489 1.226135 0.451256
v 1.315905 1.226995 0.450027
v 1.601057 1.227607 0.203640
v 1.596476 1.231517 0.207741
v 1.600351 1.229120 0.204300
v 1.599234 1.230394 0.205315
v 1.597872 1.231235 0.206520
v 2.501356 1.216638 0.817963
v 2.490782 1.220876 0.813145
v 2.500597 1.218233 0.817577
v 2.498320 1.219600 0.816525
v 2.494875 1.220529 0.814968
v 1.794371 1.219215 0.689461
v 1.803026 1.223152 0.687008
v 1.795462 1.220713 0.688892
v 1.797491 1.221989 0.688225
v 1.800146 1.222846 0.687565
v 2.397066 1.220836 0.587036
v 2.388685 1.224781 0.589386
v 2.396070 1.222351 0.587566
v 2.394129 1.223634 0.588200
v 2.391535 1.224487 0.588840
v -0.045839 1.254479 -1.335217
v -0.050108 1.258375 -1.330910
v -0.046522 1.255987 -1.334538
v -0.047571 1.257257 -1.333481
v -0.048830 1.258095 -1.332207
v -0.313986 1.249839 -1.062550
v -0.309496 1.253768 -1.066925
v -0.313215 1.251327 -1.063259
v -0.312090 1.252595 -1.064342
v -0.310785 1.253453 -1.065628
v -0.819288 1.273135 -2.415302
v -0.814123 1.277125 -2.405121
v -0.818850 1.274716 -2.414549
v -0.817713 1.276031 -2.412350
v -0.816053 1.276877 -2.409039
v -0.535929 1.270860 -2.273798
v -0.538065 1.274684 -2.265244
v -0.536448 1.272363 -2.272797
v -0.537035 1.273618 -2.270817
v -0.537603 1.274434 -2.268166
v -0.628344 1.259001 -1.588383
v -0.626028 1.263012 -1.596550
v -0.627737 1.260499 -1.589382
v -0.627085 1.261786 -1.591290
v -0.626482 1.262671 -1.593803
v -0.840311 1.231076 -2.966854
v -0.841974 1.231069 -2.966347
v -0.841898 1.231091 -2.967730
v 2.964445 1.164821 0.820438
v 2.963949 1.164791 0.822170
v 2.965342 1.164793 0.822048
v 1.301882 1.253162 1.270477
v 1.302004 1.248516 1.274914
v 1.302671 1.252785 1.272202
v 1.302969 1.251770 1.273647
v 1.302736 1.250270 1.274601
v -1.275118 -1.318392 1.229286
v -1.270544 -1.318465 1.233807
v -1.274775 -1.319145 1.231010
v -1.273783 -1.319426 1.232471
v -1.272299 -1.319186 1.233456
v 1.299101 -1.309517 1.223331
v 1.298437 -1.308937 1.226818
v 1.299589 -1.310022 1.224651
v 1.299227 -1.309710 1.226540
v -1.283152 1.289359 -1.289391
v -1.278582 1.293940 -1.289295
v -1.282808 1.291131 -1.290100
v -1.281816 1.292623 -1.290333
v -1.280336 1.293609 -1.290047
v 1.291082 1.300011 -1.297054
v 1.290281 1.303451 -1.296337
v 1.291555 1.301351 -1.297516
v 1.291121 1.303210 -1.297127
v -1.283243 -1.268693 -1.338192
v -1.286680 -1.268067 -1.337433
v -1.284575 -1.269169 -1.338673
v -1.286432 -1.268830 -1.338261
v 1.032713 1.256914 0.789536
v 1.034723 1.261096 0.794117
v 1.032705 1.258537 0.789909
v 1.033087 1.259902 0.790913
v 1.033796 1.260801 0.792389
v -0.801943 1.287813 -1.036343
v -0.797346 1.283496 -1.033985
v -0.800184 1.287467 -1.035416
v -0.798693 1.286525 -1.034641
v -0.797697 1.285129 -1.034138
v 1.026827 1.296212 -1.047459
v 1.024809 1.291900 -1.045147
v 1.025896 1.295862 -1.046551
v 1.025187 1.294920 -1.045788
v 1.024805 1.293529 -1.045300
v -1.269358 -1.065214 0.762978
v -1.273630 -1.067652 0.767490
v -1.270987 -1.065400 0.763329
v -1.272375 -1.065928 0.764309
v -1.273302 -1.066720 0.765770
v -1.277288 0.807139 -1.046413
v -1.281565 0.811778 -1.048733
v -1.278921 0.807492 -1.046585
v -1.280306 0.808499 -1.047085
v -1.281237 0.810003 -1.047840
v -1.281610 -1.032412 -1.082874
v -1.277296 -1.030082 -1.080372
v -1.281267 -1.031522 -1.081909
v -1.280325 -1.030764 -1.081097
v -1.278933 -1.030259 -1.080559
v 1.052763 0.776292 1.266418
v 1.050367 0.771509 1.262081
v 1.051844 0.774529 1.266064
v 1.051062 0.773000 1.265114
v 1.050543 0.771939 1.263714
v -0.797319 -1.074437 1.236626
v -0.792753 -1.071995 1.232391
v -0.795565 -1.073525 1.236309
v -0.794081 -1.072741 1.235397
v -0.793093 -1.072205 1.234020
v 1.052771 -1.067554 1.231560
v 1.050367 -1.065408 1.227348
v 1.051847 -1.066663 1.231251
v 1.051065 -1.065943 1.230343
v 1.050547 -1.065502 1.228973
v 1.042578 1.157566 0.783405
v 1.044210 1.161745 0.787731
v 1.043364 1.157860 0.785038
v 1.043947 1.158758 0.786430
v 1.044245 1.160121 0.787380
v -0.797346 1.196519 -1.035641
v -0.793077 1.192220 -1.033619
v -0.797022 1.194885 -1.035515
v -0.796095 1.193495 -1.035084
v -0.794710 1.192557 -1.034420
v 1.036314 1.196702 -1.046947
v 1.033827 1.192399 -1.044003
v 1.036280 1.195073 -1.046749
v 1.035799 1.193683 -1.046116
v 1.034937 1.192745 -1.045155
v -1.178122 -1.063002 0.758366
v -1.182364 -1.065207 0.762604
v -1.178438 -1.063845 0.759979
v -1.179358 -1.064561 0.761356
v -1.180735 -1.065039 0.762276
v -1.186029 0.802845 -1.044746
v -1.190298 0.807145 -1.046787
v -1.186357 0.804490 -1.045536
v -1.187281 0.805886 -1.046200
v -1.188665 0.806817 -1.046638
v -1.190306 -1.030077 -1.080750
v -1.186033 -1.027124 -1.077694
v -1.188677 -1.029852 -1.080521
v -1.187292 -1.029211 -1.079861
v -1.186361 -1.028253 -1.078869
v 1.050657 0.766862 1.171150
v 1.048536 0.762386 1.166832
v 1.050501 0.766457 1.169518
v 1.050043 0.765462 1.168121
v 1.049353 0.764032 1.167179
v -0.793173 -1.070542 1.148338
v -0.788935 -1.068345 1.144096
v -0.792860 -1.070351 1.146709
v -0.791941 -1.069868 1.145332
v -0.790564 -1.069163 1.144413
v 1.050661 -1.070086 1.139351
v 1.047655 -1.067305 1.135159
v 1.050436 -1.069943 1.137726
v 1.049788 -1.069364 1.136360
v 1.048811 -1.068438 1.135456
v -0.785181 1.205045 0.799843
v -0.789461 1.205117 0.795609
v -0.786814 1.205048 0.799526
v -0.788202 1.205062 0.798611
v -0.789129 1.205086 0.797237
v -0.802225 1.274927 -2.866491
v -0.805231 1.274898 -2.865234
v -0.803381 1.274941 -2.867317
v -0.805006 1.274924 -2.866636
v -1.225870 -2.898171 0.728909
v -1.225882 -2.899366 0.725868
v -1.225870 -2.899570 0.728653
v -1.225878 -2.900214 0.727009
v -1.241716 0.842192 -2.885693
v -1.241724 0.839210 -2.886992
v -1.241724 0.841990 -2.887096
v -1.241724 0.840377 -2.887798
v -0.792963 0.761402 1.223557
v -0.788702 0.765670 1.223618
v -0.792639 0.763032 1.223583
v -0.791716 0.764417 1.223606
v -0.790335 0.765342 1.223618
v 2.890963 0.769687 1.209557
v 2.889727 0.772700 1.209614
v 2.891798 0.770843 1.209572
v 2.891130 0.772474 1.209606
v 2.862005 1.213610 0.777428
v 2.863310 1.213671 0.774361
v 2.863443 1.213619 0.777187
v 2.864195 1.213634 0.776516
v -1.225870 0.772092 0.792492
v -1.225851 0.767754 0.796673
v -1.225863 0.771739 0.794117
v -1.225855 0.770788 0.795479
v -1.225851 0.769389 0.796379
v -0.789946 -2.905190 1.157143
v -0.792963 -2.903940 1.157177
v -0.791101 -2.906016 1.157131
v -0.792730 -2.905340 1.157150
v 0.222586 -0.385170 1.113022
v 0.221022 -0.383393 1.116928
v 0.221582 -0.384032 1.113354
v 0.220934 -0.383294 1.114212
v 0.220736 -0.383069 1.115467
v 0.956022 -0.339043 1.102295
v 0.957926 -0.341204 1.106197
v 0.957052 -0.340212 1.102562
v 0.957777 -0.341033 1.103397
v 0.958082 -0.341382 1.104675
v 0.650419 0.008221 1.113079
v 0.648867 0.009993 1.116982
v 0.649420 0.009359 1.113407
v 0.648775 0.010093 1.114262
v 0.648577 0.010315 1.115520
v 0.528166 -0.732416 1.102245
v 0.530073 -0.734578 1.106152
v 0.529200 -0.733586 1.102512
v 0.529921 -0.734407 1.103348
v 0.530230 -0.734755 1.104626
v 0.164141 -1.153264 1.100716
v 0.166071 -1.155451 1.104622
v 0.165182 -1.154443 1.100979
v 0.165915 -1.155274 1.101818
v 0.166227 -1.155629 1.103096
v -0.141787 -0.805623 1.111507
v -0.143373 -0.803817 1.115421
v -0.142801 -0.804472 1.111839
v -0.143461 -0.803724 1.112698
v -0.143660 -0.803494 1.113956
v -0.437651 -1.239626 1.108681
v -0.439203 -1.237669 1.112617
v -0.438650 -1.238413 1.109013
v -0.439299 -1.237617 1.109879
v -0.439493 -1.237353 1.111141
v -0.138102 -1.599895 1.097767
v -0.136209 -1.602236 1.101681
v -0.137079 -1.601133 1.098034
v -0.136358 -1.602015 1.098869
v -0.136053 -1.602400 1.100151
v -0.800554 -2.442177 1.093601
v -0.804602 -2.451345 1.097641
v -0.802164 -2.445615 1.093884
v -0.803499 -2.448566 1.094749
v -0.804354 -2.450576 1.096069
v -0.688147 -1.718104 1.104374
v -0.688238 -1.713182 1.108368
v -0.688593 -1.715755 1.104721
v -0.688765 -1.713995 1.105602
v -0.688639 -1.713091 1.106880
v -0.540846 -2.382578 1.090542
v -0.540407 -2.387879 1.094433
v -0.540377 -2.384948 1.090797
v -0.540129 -2.386789 1.091629
v -0.540140 -2.387818 1.092903
v 1.443384 0.005917 1.100586
v 1.445444 0.003824 1.104488
v 1.444475 0.004773 1.100849
v 1.445246 0.003974 1.101685
v 1.445589 0.003641 1.102962
v 1.120291 0.346923 1.111530
v 1.118593 0.348610 1.115444
v 1.119234 0.348028 1.111858
v 1.118544 0.348737 1.112720
v 1.118315 0.348941 1.113979
v 2.505812 0.779733 1.097218
v 2.514906 0.783580 1.101295
v 2.509230 0.781272 1.097507
v 2.512159 0.782545 1.098385
v 2.514151 0.783355 1.099712
v 2.391092 0.469732 1.093685
v 2.396605 0.469263 1.097565
v 2.393503 0.469209 1.093941
v 2.395399 0.468936 1.094769
v 2.396486 0.468955 1.096039
v 1.657347 0.649131 1.108295
v 1.652533 0.649123 1.112247
v 1.655096 0.649591 1.108635
v 1.653395 0.649751 1.109505
v 1.652494 0.649585 1.110775
v 0.256704 -0.423877 1.219700
v 0.260912 -0.428653 1.223396
v 0.257429 -0.424700 1.221142
v 0.258482 -0.425896 1.222355
v 0.259706 -0.427285 1.223148
v 0.932287 -0.312005 1.210888
v 0.928415 -0.307606 1.214996
v 0.931692 -0.311327 1.212429
v 0.930746 -0.310254 1.213749
v 0.929598 -0.308947 1.214653
v 0.684549 -0.030494 1.219753
v 0.688749 -0.035263 1.223450
v 0.685274 -0.031314 1.221199
v 0.686327 -0.032511 1.222408
v 0.687544 -0.033896 1.223198
v 0.504435 -0.705378 1.210835
v 0.500563 -0.700977 1.214943
v 0.503839 -0.704701 1.212376
v 0.502893 -0.703625 1.213699
v 0.501741 -0.702319 1.214600
v 0.140432 -1.126252 1.209301
v 0.136538 -1.121824 1.213413
v 0.139837 -1.125574 1.210842
v 0.138884 -1.124492 1.212166
v 0.137728 -1.123176 1.213070
v -0.107698 -0.844292 1.218174
v -0.103464 -0.849104 1.221882
v -0.106970 -0.845119 1.219624
v -0.105909 -0.846324 1.220837
v -0.104677 -0.847723 1.221630
v -0.403536 -1.278131 1.215336
v -0.399340 -1.283137 1.219055
v -0.402811 -1.278974 1.216789
v -0.401758 -1.280221 1.218010
v -0.400537 -1.281684 1.218803
v -0.161844 -1.573042 1.206348
v -0.165689 -1.568424 1.210468
v -0.162439 -1.572345 1.207893
v -0.163378 -1.571223 1.209217
v -0.164522 -1.569849 1.210121
v -0.799639 -2.456917 1.200897
v -0.794413 -2.446550 1.205151
v -0.799181 -2.456197 1.202492
v -0.798025 -2.453972 1.203861
v -0.796350 -2.450585 1.204796
v -0.652590 -1.753625 1.211033
v -0.650236 -1.762408 1.214741
v -0.652002 -1.754757 1.212494
v -0.651346 -1.756825 1.213715
v -0.650728 -1.759511 1.214500
v -0.566042 -2.358687 1.199085
v -0.568037 -2.350322 1.203251
v -0.566496 -2.357707 1.200638
v -0.567034 -2.355772 1.201973
v -0.567575 -2.353179 1.202888
v 1.419802 0.033026 1.209171
v 1.415739 0.037336 1.213280
v 1.419195 0.033698 1.210712
v 1.418207 0.034752 1.212032
v 1.416994 0.036029 1.212936
v 1.154272 0.308134 1.218197
v 1.158655 0.303464 1.221901
v 1.155008 0.307319 1.219646
v 1.156103 0.306143 1.220860
v 1.157381 0.304790 1.221649
v 2.519865 0.778009 1.204525
v 2.509691 0.773034 1.208767
v 2.519152 0.777561 1.206123
v 2.516970 0.776456 1.207489
v 2.513647 0.774869 1.208420
v 2.370966 0.498462 1.202240
v 2.362600 0.500748 1.206387
v 2.370028 0.498979 1.203785
v 2.368109 0.499595 1.205116
v 2.365499 0.500216 1.206028
v 1.688200 0.608661 1.214970
v 1.696428 0.606065 1.218662
v 1.689234 0.608001 1.216423
v 1.691160 0.607276 1.217636
v 1.693686 0.606597 1.218422
v 3.070082 0.785585 1.144318
v 3.069620 0.787260 1.144356
v 3.070997 0.787147 1.144333
v -0.816000 -2.918802 1.141422
v -0.817720 -2.918261 1.141460
v -0.817636 -2.919656 1.141430
v -1.210363 -0.243495 -0.357353
v -1.214499 -0.242255 -0.355854
v -1.210848 -0.242551 -0.356220
v -1.211805 -0.241982 -0.355534
v -1.213087 -0.241880 -0.355408
v -1.151705 -0.975524 -0.328049
v -1.155283 -0.977630 -0.330563
v -1.151804 -0.976536 -0.329258
v -1.152521 -0.977290 -0.330162
v -1.153742 -0.977675 -0.330624
v -1.210943 -0.681702 0.024452
v -1.215075 -0.680470 0.025940
v -1.211428 -0.680761 0.025581
v -1.212385 -0.680197 0.026260
v -1.213663 -0.680094 0.026386
v -1.151129 -0.537293 -0.709824
v -1.154707 -0.539405 -0.712345
v -1.151228 -0.538308 -0.711040
v -1.151945 -0.539064 -0.711948
v -1.153166 -0.539449 -0.712406
v -1.142462 -0.161807 -1.120388
v -1.146036 -0.163945 -1.122944
v -1.142557 -0.162831 -1.121616
v -1.143274 -0.163598 -1.122536
v -1.144495 -0.163988 -1.123001
v -1.201761 0.132324 -0.767521
v -1.205915 0.133584 -0.765999
v -1.202250 0.133277 -0.766373
v -1.203211 0.133853 -0.765682
v -1.204496 0.133959 -0.765553
v -1.185999 0.440312 -1.192745
v -1.190172 0.441520 -1.191059
v -1.186491 0.441249 -1.191532
v -1.187452 0.441808 -1.190788
v -1.188745 0.441902 -1.190620
v -1.127630 0.152977 -1.561226
v -1.131208 0.150877 -1.563965
v -1.127729 0.151968 -1.562523
v -1.128443 0.151215 -1.563503
v -1.129667 0.150831 -1.564007
v -1.141298 0.839879 -2.458124
v -1.145250 0.843940 -2.468328
v -1.141577 0.841575 -2.461861
v -1.142427 0.842942 -2.465113
v -1.143717 0.843774 -2.467384
v -1.162493 0.704555 -1.663464
v -1.166464 0.704116 -1.658640
v -1.162893 0.704867 -1.661045
v -1.163790 0.704892 -1.659281
v -1.165041 0.704629 -1.658436
v -1.126268 0.579379 -2.408226
v -1.130072 0.578877 -2.414389
v -1.126451 0.578979 -2.410835
v -1.127241 0.578746 -2.412922
v -1.128511 0.578710 -2.414171
v -1.142569 -1.471553 0.004208
v -1.146139 -1.473815 0.001762
v -1.142668 -1.472625 0.003021
v -1.143381 -1.473428 0.002140
v -1.144602 -1.473848 0.001698
v -1.202715 -1.160114 0.350880
v -1.206858 -1.158738 0.352287
v -1.203203 -1.159117 0.351978
v -1.204161 -1.158506 0.352634
v -1.205446 -1.158372 0.352741
v -1.124723 -2.553537 0.750225
v -1.128435 -2.562998 0.753517
v -1.124891 -2.557014 0.751656
v -1.125654 -2.560031 0.752781
v -1.126902 -2.562131 0.753437
v -1.105150 -2.429790 0.444324
v -1.108583 -2.435543 0.443413
v -1.105192 -2.432198 0.443722
v -1.105860 -2.434136 0.443340
v -1.107050 -2.435310 0.443233
v -1.185247 -1.704342 0.639465
v -1.189516 -1.699812 0.639259
v -1.185778 -1.702136 0.639950
v -1.186777 -1.700499 0.640079
v -1.188089 -1.699682 0.639835
v -1.311029 -0.283660 -0.405231
v -1.314047 -0.287968 -0.410393
v -1.312357 -0.284457 -0.406185
v -1.313395 -0.285556 -0.407501
v -1.313990 -0.286790 -0.408978
v -1.263472 -0.960061 -0.309189
v -1.268167 -0.956606 -0.305035
v -1.265097 -0.959592 -0.308624
v -1.266562 -0.958770 -0.307632
v -1.267641 -0.957721 -0.306374
v -1.311613 -0.721877 -0.023438
v -1.314627 -0.726177 -0.028591
v -1.312937 -0.722673 -0.024391
v -1.313974 -0.723771 -0.025703
v -1.314569 -0.725001 -0.027180
v -1.262896 -0.521835 -0.690975
v -1.267595 -0.518375 -0.686813
v -1.264521 -0.521366 -0.690407
v -1.265985 -0.520544 -0.689419
v -1.267065 -0.519494 -0.688156
v -1.254217 -0.146374 -1.101570
v -1.258924 -0.142889 -1.097378
v -1.255846 -0.145904 -1.101002
v -1.257311 -0.145075 -1.100006
v -1.258394 -0.144017 -1.098732
v -1.302423 0.092189 -0.815365
v -1.305445 0.087846 -0.820560
v -1.303751 0.091385 -0.816322
v -1.304792 0.090278 -0.817646
v -1.305387 0.089036 -0.819134
v -1.286634 0.400147 -1.240402
v -1.289686 0.395860 -1.245823
v -1.287973 0.399345 -1.241379
v -1.289026 0.398249 -1.242752
v -1.289625 0.397025 -1.244312
v -1.239389 0.168446 -1.542595
v -1.244093 0.171874 -1.538177
v -1.241014 0.168912 -1.542007
v -1.242483 0.169729 -1.540962
v -1.243563 0.170768 -1.539616
v -1.247259 0.832097 -2.482243
v -1.251383 0.826336 -2.471506
v -1.248812 0.831515 -2.481594
v -1.250143 0.830215 -2.479326
v -1.251043 0.828397 -2.475784
v -1.262857 0.662772 -1.707949
v -1.266237 0.660508 -1.717285
v -1.264235 0.662121 -1.709230
v -1.265356 0.661462 -1.711454
v -1.266062 0.660894 -1.714283
v -1.238249 0.596448 -2.393019
v -1.242670 0.597860 -2.384319
v -1.239855 0.596764 -2.392105
v -1.241259 0.597140 -2.390131
v -1.242250 0.597527 -2.387398
v -1.254324 -1.456245 0.023132
v -1.259035 -1.452595 0.027199
v -1.255953 -1.455760 0.023693
v -1.257418 -1.454898 0.024662
v -1.258501 -1.453786 0.025894
v -1.303385 -1.200139 0.302914
v -1.306398 -1.204629 0.297859
v -1.304712 -1.200951 0.301968
v -1.305750 -1.202089 0.300674
v -1.306341 -1.203379 0.299232
v -1.230310 -2.574825 0.739620
v -1.234861 -2.564821 0.734570
v -1.231916 -2.574213 0.739063
v -1.233343 -2.572093 0.737907
v -1.234377 -2.568798 0.736332
v -1.216761 -2.417974 0.464783
v -1.221651 -2.409976 0.466930
v -1.218405 -2.417161 0.465199
v -1.219912 -2.415352 0.465752
v -1.221048 -2.412830 0.466362
v -1.286013 -1.741201 0.589901
v -1.288908 -1.749581 0.586819
v -1.287333 -1.742310 0.589100
v -1.288347 -1.744291 0.588238
v -1.288900 -1.746845 0.587433
v -1.132334 -3.119638 0.738827
v -1.132532 -3.119226 0.740501
v -1.132402 -3.120598 0.740356
v -1.191797 0.867596 -3.015053
v -1.191881 0.869126 -3.014614
v -1.191862 0.869088 -3.015974
v -0.794062 -2.911263 1.200672
v 2.855936 1.268194 0.779415
v -0.806261 1.321386 -2.870348
v -1.288111 0.843316 -2.891476
vn -0.0814 -0.9960 0.0370
vn -0.0000 -0.9998 -0.0175
vn -0.0775 -0.9961 0.0414
vn -0.7095 0.3438 0.6152
vn -0.6435 0.4331 0.6312
vn -0.6799 0.4336 0.5913
vn 0.0681 -0.9942 -0.0833
vn 0.6095 0.2857 -0.7395
vn 0.5494 0.3769 -0.7457
vn 0.5678 0.2831 -0.7730
vn -0.0574 -0.9964 0.0617
vn -0.0614 -0.9964 0.0587
vn -0.7444 0.3429 0.5730
vn -0.7135 0.4329 0.5509
vn 0.7701 0.2827 -0.5719
vn 0.7884 0.3728 -0.4893
vn 0.7441 0.3777 -0.5510
vn 0.6907 0.2855 -0.6643
vn 0.6278 0.3806 -0.6790
vn 0.6494 0.2866 -0.7044
vn -0.0654 -0.9964 0.0543
vn -0.0696 -0.9963 0.0501
vn 0.0644 -0.9941 -0.0875
vn 0.5030 0.3732 -0.7796
vn 0.5194 0.2781 -0.8080
vn -0.4614 0.3242 0.8258
vn -0.4880 0.4196 0.7654
vn -0.5088 0.3293 0.7954
vn -0.5538 0.3332 0.7631
vn -0.5695 0.4287 0.7013
vn -0.5945 0.3375 0.7298
vn 0.4510 0.3677 -0.8133
vn 0.4649 0.2753 -0.8415
vn 0.4095 0.3624 -0.8372
vn 0.4217 0.2710 -0.8653
vn -0.3841 0.3141 0.8682
vn -0.4001 0.4058 0.8218
vn -0.4167 0.3167 0.8521
vn -0.0532 -0.9964 0.0661
vn 0.3900 0.3597 -0.8477
vn 0.4014 0.2694 -0.8754
vn 0.6256 0.3835 -0.6794
vn 0.5202 0.1037 -0.8478
vn -0.1741 0.2544 0.9513
vn -0.3693 0.4000 0.8388
vn -0.0441 -0.9962 0.0747
vn -0.0484 -0.9964 0.0700
vn -0.7769 0.3401 0.5298
vn -0.7448 0.4311 0.5094
vn -0.8036 0.3410 0.4878
vn -0.7720 0.4282 0.4697
vn 0.8527 0.2735 -0.4451
vn 0.8419 0.3625 -0.3997
vn 0.8251 0.3664 -0.4301
vn 0.0720 -0.9943 -0.0791
vn -0.8222 0.3368 0.4588
vn -0.7898 0.4258 0.4415
vn -0.9264 0.2957 0.2331
vn -0.8900 0.3910 0.2344
vn 0.8690 0.2718 -0.4135
vn 0.6782 0.3836 -0.6268
vn 0.0790 -0.9945 -0.0681
vn -0.6154 0.5050 0.6052
vn -0.6500 0.5061 0.5669
vn -0.0000 0.9998 0.0175
vn -0.0484 0.9953 0.0840
vn 0.5895 0.3793 -0.7132
vn 0.5285 0.4564 -0.7158
vn 0.0450 0.9976 -0.0522
vn 0.0412 0.9976 -0.0561
vn -0.6827 0.5044 0.5287
vn -0.7128 0.5025 0.4893
vn 0.6673 0.3809 -0.6400
vn 0.6785 0.4595 -0.5731
vn 0.6415 0.4603 -0.6137
vn 0.6036 0.4598 -0.6513
vn 0.7058 0.3800 -0.5979
vn 0.7157 0.4570 -0.5282
vn -0.6062 0.4314 0.6681
vn -0.5307 0.4248 0.7334
vn -0.5449 0.5010 0.6724
vn -0.5078 0.4977 0.7032
vn 0.4343 0.4463 -0.7824
vn 0.0490 0.9976 -0.0492
vn -0.4430 0.4130 0.7957
vn -0.4675 0.4920 0.7344
vn -0.4249 0.4854 0.7641
vn 0.3763 0.4365 -0.8172
vn 0.0001 0.9998 0.0174
vn 0.0384 0.9975 -0.0601
vn -0.3845 0.4776 0.7900
vn -0.1776 0.3509 0.9194
vn -0.3555 0.4711 0.8072
vn 0.5721 0.5402 -0.6172
vn -0.0648 0.9957 0.0665
vn -0.0000 0.9998 0.0174
vn 0.7580 0.4542 -0.4682
vn 0.7952 0.4450 -0.4120
vn -0.7390 0.4997 0.4518
vn -0.7572 0.4956 0.4256
vn -0.0722 0.9956 0.0598
vn -0.0682 0.9957 0.0629
vn 0.8124 0.4393 -0.3835
vn 0.6127 0.5471 -0.5703
vn -0.8537 0.4633 0.2378
vn 0.7302 0.2852 -0.6208
vn -0.9977 -0.0649 0.0201
vn -0.9979 0.0367 0.0535
vn -0.9880 0.1366 0.0721
vn 0.0620 0.9974 -0.0358
vn 0.0651 0.9974 -0.0316
vn 0.5668 0.4588 -0.6842
vn 0.0587 0.9975 -0.0394
vn 0.0857 -0.9943 -0.0637
vn -0.0738 -0.9962 0.0459
vn 0.0737 0.9970 -0.0228
vn 0.0103 -0.0864 0.9962
vn 0.0474 -0.2574 0.9651
vn -0.0236 0.0167 0.9996
vn -0.0020 -0.1138 0.9935
vn -0.0423 0.1169 0.9922
vn -0.0447 0.9951 0.0876
vn -0.6328 0.3407 0.6953
vn -0.0617 0.9956 0.0703
vn -0.5800 0.5031 0.6407
vn -0.0956 -0.9953 -0.0169
vn 0.0904 -0.9940 -0.0615
vn -0.1067 -0.9942 0.0121
vn -0.0898 -0.9955 0.0311
vn -0.0902 0.9949 0.0444
vn -0.0754 0.9955 0.0581
vn 0.0783 0.9967 -0.0209
vn -0.0947 0.9952 0.0242
vn -0.0001 -0.9998 -0.0174
vn -0.0417 -0.9960 0.0785
vn 0.0565 -0.9940 -0.0941
vn 0.4839 0.4528 -0.7489
vn -0.0353 0.9945 0.0988
vn 0.0605 -0.9940 -0.0908
vn 0.0522 -0.9938 -0.0980
vn 0.0557 0.9975 -0.0433
vn 0.8153 0.2788 -0.5074
vn -0.0066 0.1220 -0.9925
vn 0.0922 0.0190 -0.9956
vn 0.0647 0.1485 -0.9868
vn 0.0692 0.9972 -0.0267
vn -0.0251 -0.9954 0.0923
vn 0.0426 -0.9930 -0.1100
vn 0.0025 -0.9969 0.0787
vn 0.0372 0.9973 -0.0631
vn -0.0041 0.9938 0.1113
vn 0.0327 0.9989 0.0329
vn -0.0228 0.9937 0.1099
vn -0.9630 -0.2688 -0.0209
vn -0.8916 -0.4438 -0.0906
vn -0.0862 -0.9957 0.0333
vn -0.9925 -0.1190 0.0266
vn -0.0373 0.9948 0.0953
vn -0.6719 0.3417 0.6571
vn 0.0521 0.9976 -0.0460
vn -0.0407 0.9950 0.0910
vn 0.0473 -0.9937 -0.1019
vn 0.3948 0.4401 -0.8065
vn -0.1825 0.4274 0.8855
vn -0.0514 0.9954 0.0803
vn -0.0551 0.9955 0.0775
vn -0.0584 0.9955 0.0740
vn 0.0755 -0.9944 -0.0742
vn 0.0440 -0.9933 -0.1068
vn -0.0074 -0.0234 0.9997
vn 0.0018 -0.0178 0.9998
vn 0.0024 -0.0188 0.9998
vn 0.9963 0.0518 0.0685
vn 1.0000 0.0001 -0.0050
vn 0.9950 -0.0019 0.0998
vn 0.9966 0.0823 -0.0038
vn 0.9958 -0.0016 0.0920
vn 0.1017 -0.1147 0.9882
vn 0.0049 -0.0173 0.9998
vn 0.0049 -0.1135 0.9935
vn -0.9999 -0.0040 0.0155
vn -0.9999 0.0081 0.0124
vn -0.9899 0.0969 0.1031
vn -0.0621 0.1348 -0.9889
vn -0.0062 0.0182 -0.9998
vn -0.0000 -0.9998 -0.0191
vn -0.1584 -0.9837 0.0853
vn -0.0982 -0.9950 -0.0185
vn -0.0647 0.0526 0.9965
vn -0.0701 -0.0430 0.9966
vn 0.0019 0.9995 0.0316
vn -0.0068 0.9997 0.0219
vn -0.0030 0.9997 0.0224
vn -0.1004 0.0627 -0.9930
vn -0.0043 0.0185 -0.9998
vn -0.0043 0.0995 -0.9950
vn 0.0974 0.9951 0.0185
vn -0.0697 0.9936 0.0892
vn 0.0308 0.9952 0.0930
vn -0.1014 -0.0785 -0.9917
vn -0.1023 0.0184 -0.9946
vn -0.0037 0.9998 0.0200
vn 0.0729 0.9957 -0.0579
vn -1.0000 0.0060 0.0045
vn -0.9950 -0.0707 -0.0706
vn -0.9881 -0.1414 0.0609
vn -1.0000 0.0021 0.0069
vn -0.7399 -0.0858 0.6672
vn -0.7022 -0.0969 0.7054
vn -0.8187 -0.1744 0.5471
vn 0.9884 0.1328 -0.0731
vn 1.0000 0.0001 -0.0043
vn 0.9945 0.1045 -0.0023
vn 0.0031 -0.0191 0.9998
vn -0.0930 -0.0186 0.9955
vn 0.0038 -0.0189 0.9998
vn 0.0839 -0.1000 0.9914
vn 0.1599 0.0401 0.9863
vn 0.0216 0.9998 -0.0025
vn -0.0042 0.9998 0.0190
vn -0.0050 0.9959 -0.0899
vn -0.7026 -0.1028 0.7041
vn -0.6450 -0.0370 0.7633
vn 0.6030 -0.5068 -0.6160
vn 0.5152 -0.5958 -0.6161
vn 0.4611 -0.4505 -0.7645
vn -1.0000 0.0002 0.0025
vn -0.9954 -0.0007 0.0963
vn -0.9902 0.0949 0.1024
vn 0.0028 -0.0195 0.9998
vn 0.0031 -0.1096 0.9940
vn 0.0027 0.9998 0.0192
vn 0.0907 0.9957 0.0187
vn -0.0035 0.9931 0.1174
vn 0.1494 0.9855 0.0802
vn 0.0024 0.0780 0.9970
vn -0.1053 -0.9943 -0.0185
vn -0.0004 -0.9932 -0.1165
vn -0.1308 -0.9874 -0.0897
vn -0.0764 0.6927 0.7171
vn 0.0028 0.7509 0.6604
vn 0.0031 0.6949 0.7191
vn 0.0028 -0.0182 0.9998
vn -0.0544 -0.1756 0.9830
vn -0.0995 0.6536 0.7503
vn 0.0033 0.6339 0.7734
vn -0.0972 -0.9949 0.0255
vn -0.0013 0.9998 0.0181
vn -0.0960 0.9952 0.0198
vn -0.0974 0.9885 0.1154
vn -0.9998 0.0195 -0.0004
vn -1.0000 0.0005 -0.0030
vn -0.9955 0.0017 -0.0948
vn 0.0235 -0.0406 0.9989
vn -0.0616 0.9905 -0.1231
vn -0.0857 -0.0004 -0.9963
vn -0.0061 0.1152 -0.9933
vn 0.9954 -0.0960 -0.0065
vn 0.9895 -0.0742 0.1237
vn -0.7063 0.7071 -0.0355
vn -0.7587 0.6476 -0.0703
vn -0.7057 0.7074 -0.0400
vn 0.6029 -0.5957 -0.5307
vn 0.7490 -0.4594 -0.4775
vn -0.6684 0.7408 -0.0671
vn -0.6474 0.7621 0.0017
vn 0.0037 -0.9896 0.1436
vn 0.1003 -0.9949 -0.0087
vn 0.0023 -0.9991 0.0428
vn -0.9953 0.0966 0.0063
vn -1.0000 -0.0011 0.0043
vn -0.1345 -0.0530 -0.9895
vn -0.1090 0.0184 -0.9939
vn -0.9874 0.0623 -0.1456
vn 0.4671 -0.7410 -0.4824
vn 0.5754 -0.5673 -0.5892
vn -0.0937 0.0778 0.9926
vn 0.9908 -0.0999 0.0909
vn -0.7051 0.7065 0.0606
vn -0.5379 0.8290 0.1528
vn -0.7705 0.6310 0.0909
vn 0.9901 0.0994 -0.0991
vn 0.9953 0.0972 -0.0024
vn -0.7038 0.0044 0.7104
vn -0.7908 0.0097 0.6120
vn -0.6188 0.1279 0.7751
vn -0.1091 0.6907 0.7149
vn -0.0982 -0.9884 -0.1158
vn -0.1560 0.6073 0.7790
vn -0.0167 0.9997 0.0197
vn -0.0963 0.9890 0.1119
vn 0.9963 0.0700 0.0489
vn 0.9970 -0.0015 0.0774
vn 0.9818 0.1597 0.1025
vn 0.0904 0.1155 -0.9892
vn -0.9996 -0.0238 -0.0182
vn -0.9910 -0.0943 -0.0946
vn -1.0000 -0.0001 0.0043
vn -0.9956 0.0017 -0.0937
vn -0.9946 0.0704 0.0768
vn -0.9970 0.0714 -0.0287
vn 0.0958 -0.0188 0.9952
vn 0.0078 -0.0057 1.0000
vn 0.1024 -0.0172 0.9946
vn 0.0365 0.0570 0.9977
vn 0.0981 -0.9920 0.0796
vn 0.0013 -0.9892 0.1465
vn -0.0006 0.9967 -0.0808
vn -0.0799 0.9967 -0.0133
vn 0.0962 0.9923 -0.0785
vn -0.0000 0.9998 0.0191
vn -0.9959 -0.0903 0.0026
vn -0.9953 -0.0964 0.0024
vn -0.9964 -0.0326 0.0778
vn -0.2116 0.0666 -0.9751
vn -0.0912 0.0751 0.9930
vn -0.0388 -0.9806 0.1921
vn -0.0782 -0.9906 0.1120
vn -0.0964 -0.9613 0.2581
vn -0.0677 0.0996 -0.9927
vn -0.0157 0.0172 -0.9997
vn -0.0722 0.0958 -0.9928
vn -0.5848 0.7190 0.3756
vn -0.5993 0.6517 0.4648
vn -0.5586 0.6871 0.4646
vn 0.0483 -0.0525 -0.9974
vn 0.7325 -0.6335 0.2494
vn 0.7431 -0.5750 0.3424
vn 0.7666 -0.5923 0.2481
vn -0.0936 0.0769 -0.9926
vn -0.0898 0.0810 -0.9927
vn -0.5415 0.7527 0.3744
vn -0.5173 0.7197 0.4631
vn 0.5604 -0.7892 0.2514
vn 0.4805 -0.8072 0.3429
vn 0.5435 -0.7646 0.3464
vn 0.6549 -0.7122 0.2525
vn 0.6745 -0.6517 0.3470
vn 0.6963 -0.6723 0.2516
vn -0.0860 0.0850 -0.9927
vn -0.0810 0.0882 -0.9928
vn 0.0524 -0.0487 -0.9974
vn 0.7781 -0.5294 0.3382
vn 0.8023 -0.5447 0.2442
vn -0.8025 0.4769 0.3585
vn -0.7380 0.5000 0.4532
vn -0.7704 0.5232 0.3644
vn -0.7363 0.5670 0.3693
vn -0.6715 0.5797 0.4615
vn -0.7025 0.6071 0.3714
vn 0.8129 -0.4782 0.3325
vn 0.8378 -0.4913 0.2384
vn 0.8377 -0.4372 0.3271
vn 0.8624 -0.4485 0.2347
vn -0.8473 0.4008 0.3486
vn -0.7971 0.4139 0.4398
vn -0.8296 0.4326 0.3530
vn -0.0977 0.0725 -0.9926
vn 0.8486 -0.4179 0.3244
vn 0.8732 -0.4285 0.2323
vn 0.6746 -0.6501 0.3498
vn 0.7695 -0.6380 0.0268
vn -0.9373 0.1940 0.2895
vn -0.8151 0.3836 0.4341
vn -0.1066 0.0637 -0.9923
vn -0.1017 0.0678 -0.9925
vn -0.4974 0.7838 0.3718
vn -0.4751 0.7499 0.4604
vn -0.4554 0.8103 0.3689
vn -0.4348 0.7761 0.4567
vn 0.4314 -0.8684 0.2446
vn 0.3892 -0.8582 0.3347
vn 0.4202 -0.8422 0.3379
vn 0.0440 -0.0562 -0.9974
vn -0.4252 0.8269 0.3679
vn -0.4063 0.7933 0.4535
vn -0.1986 0.9269 0.3185
vn -0.1978 0.8887 0.4136
vn 0.3993 -0.8838 0.2438
vn 0.6217 -0.7000 0.3513
vn 0.0325 -0.0629 -0.9975
vn -0.5716 0.6216 0.5357
vn -0.5328 0.6556 0.5351
vn 0.0157 -0.0172 0.9997
vn -0.0496 0.0329 0.9982
vn 0.7096 -0.6143 0.3452
vn 0.7167 -0.5548 0.4225
vn 0.0848 -0.0645 0.9943
vn 0.0884 -0.0604 0.9943
vn -0.4934 0.6867 0.5338
vn -0.4535 0.7163 0.5304
vn 0.6345 -0.6902 0.3479
vn 0.5700 -0.7011 0.4285
vn 0.6115 -0.6651 0.4287
vn 0.6501 -0.6282 0.4276
vn 0.5914 -0.7275 0.3478
vn 0.5238 -0.7367 0.4277
vn -0.6373 0.6155 0.4637
vn -0.7047 0.5418 0.4581
vn -0.6408 0.5529 0.5326
vn -0.6729 0.5170 0.5292
vn 0.7849 -0.4620 0.4130
vn 0.0807 -0.0677 0.9944
vn -0.7697 0.4560 0.4469
vn -0.7051 0.4774 0.5243
vn -0.7362 0.4357 0.5178
vn 0.8213 -0.4049 0.4019
vn 0.0157 -0.0173 0.9997
vn 0.0924 -0.0577 0.9941
vn -0.7633 0.3962 0.5103
vn -0.9023 0.1949 0.3845
vn -0.7818 0.3679 0.5035
vn 0.7384 -0.4854 0.4681
vn -0.0316 0.0487 0.9983
vn 0.4633 -0.7783 0.4238
vn 0.4056 -0.8135 0.4168
vn -0.4156 0.7418 0.5264
vn -0.3888 0.7588 0.5226
vn -0.0249 0.0561 0.9981
vn -0.0285 0.0528 0.9982
vn 0.3765 -0.8299 0.4118
vn 0.3978 -0.7994 0.4502
vn -0.1997 0.8507 0.4862
vn 0.6102 -0.7510 0.2524
vn 0.0040 0.9989 -0.0475
vn -0.0261 0.9981 0.0552
vn -0.0416 0.9870 0.1552
vn 0.0671 -0.0805 0.9945
vn 0.0633 -0.0841 0.9944
vn 0.6840 -0.5923 0.4257
vn 0.0709 -0.0773 0.9945
vn 0.0278 -0.0685 -0.9973
vn -0.0766 0.0922 -0.9928
vn 0.0537 -0.0921 0.9943
vn -0.9985 0.0168 -0.0528
vn -0.9744 -0.0188 -0.2240
vn -0.9975 0.0490 0.0506
vn -0.9986 -0.0509 -0.0168
vn -0.9864 0.0658 0.1509
vn -0.0529 0.0290 0.9982
vn -0.6668 0.6443 0.3746
vn -0.0359 0.0463 0.9983
vn -0.6081 0.5868 0.5348
vn -0.0135 0.1137 -0.9934
vn 0.0262 -0.0743 -0.9969
vn -0.0427 0.1249 -0.9913
vn -0.0619 0.1084 -0.9922
vn -0.0089 0.0733 0.9973
vn -0.0229 0.0589 0.9980
vn 0.0522 -0.0971 0.9939
vn 0.0113 0.0776 0.9969
vn -0.0157 0.0173 -0.9997
vn -0.1115 0.0618 -0.9918
vn 0.0588 -0.0407 -0.9974
vn 0.7506 -0.5110 0.4189
vn -0.0652 0.0205 0.9977
vn 0.0158 -0.0173 0.9997
vn 0.0553 -0.0444 -0.9975
vn 0.0634 -0.0370 -0.9973
vn 0.0745 -0.0741 0.9945
vn 0.4946 -0.8329 0.2484
vn 0.9746 0.1327 0.1806
vn 0.9918 0.0834 0.0972
vn 0.9748 0.1367 0.1760
vn 0.0576 -0.0870 0.9945
vn -0.0158 0.0173 -0.9997
vn -0.1243 0.0449 -0.9912
vn 0.0758 -0.0278 -0.9967
vn -0.1117 0.0171 -0.9936
vn 0.0957 -0.0567 0.9938
vn -0.0787 -0.0106 0.9968
vn -0.0014 -0.0494 0.9988
vn -0.0761 0.0080 0.9971
vn 0.0399 0.9678 -0.2486
vn 0.1851 0.8837 -0.4298
vn -0.0638 0.1042 -0.9925
vn 0.2473 0.9645 0.0926
vn -0.0611 0.0221 0.9979
vn -0.6274 0.6823 0.3754
vn 0.0785 -0.0717 0.9943
vn -0.0572 0.0256 0.9980
vn 0.0682 -0.0326 -0.9971
vn 0.8102 -0.4231 0.4057
vn -0.8661 0.1979 0.4591
vn -0.0465 0.0364 0.9983
vn -0.0425 0.0389 0.9983
vn -0.0397 0.0430 0.9983
vn 0.0385 -0.0588 -0.9975
vn 0.0724 -0.0291 -0.9970
vn -0.4699 0.5366 0.7008
vn -0.5551 0.5468 0.6267
vn -0.5548 0.5052 0.6611
vn 0.9994 0.0217 0.0264
vn -0.1470 -0.7289 -0.6686
vn -0.2435 -0.7475 -0.6180
vn -0.1455 -0.7642 -0.6284
vn 0.9749 0.1578 0.1574
vn 0.9746 0.1551 0.1614
vn -0.4683 0.4926 0.7335
vn -0.5530 0.4631 0.6927
vn -0.1488 -0.5533 -0.8196
vn -0.2443 -0.4789 -0.8432
vn -0.2468 -0.5432 -0.8025
vn -0.1491 -0.6495 -0.7456
vn -0.2469 -0.6772 -0.6932
vn -0.1490 -0.6917 -0.7066
vn 0.9747 0.1508 0.1652
vn 0.9747 0.1459 0.1692
vn 0.9994 0.0178 0.0303
vn -0.2402 -0.7857 -0.5700
vn -0.1425 -0.8031 -0.5785
vn -0.4501 0.7618 0.4658
vn -0.5415 0.6903 0.4798
vn -0.4572 0.7281 0.5107
vn -0.4622 0.6928 0.5535
vn -0.5513 0.6212 0.5570
vn -0.4669 0.6571 0.5919
vn -0.2346 -0.8310 -0.5045
vn -0.1377 -0.8483 -0.5114
vn -0.2282 -0.8672 -0.4425
vn -0.1335 -0.8835 -0.4491
vn -0.4415 0.8076 0.3909
vn -0.5256 0.7527 0.3964
vn -0.4444 0.7897 0.4229
vn 0.9746 0.1636 0.1531
vn -0.2247 -0.8834 -0.4111
vn -0.1321 -0.8985 -0.4187
vn -0.2444 -0.7310 -0.6372
vn -0.1855 -0.8941 -0.4076
vn -0.3759 0.9046 0.2010
vn -0.5189 0.7720 0.3672
vn 0.9925 0.0850 0.0875
vn 0.9802 0.1510 0.1284
vn 0.9753 0.1651 0.1468
vn -0.4657 0.4477 0.7634
vn -0.5496 0.4203 0.7220
vn -0.4623 0.4050 0.7888
vn -0.5452 0.3796 0.7475
vn -0.1448 -0.4211 -0.8954
vn -0.2387 -0.3858 -0.8912
vn -0.2409 -0.4173 -0.8762
vn 0.9994 0.0266 0.0230
vn -0.4598 0.3747 0.8051
vn -0.5413 0.3509 0.7641
vn -0.4031 0.1492 0.9029
vn -0.4662 0.1491 0.8720
vn -0.1447 -0.3893 -0.9097
vn -0.2508 -0.6224 -0.7414
vn 0.9992 0.0355 0.0155
vn -0.6202 0.5164 0.5904
vn -0.6209 0.4755 0.6233
vn -0.9918 -0.0834 -0.0972
vn -0.9988 -0.0194 -0.0455
vn -0.2455 -0.7132 -0.6566
vn -0.3270 -0.7272 -0.6036
vn -0.9782 -0.1512 -0.1424
vn -0.9931 -0.0823 -0.0841
vn -0.9791 -0.1614 -0.1235
vn -0.6189 0.4351 0.6539
vn -0.6154 0.3949 0.6822
vn -0.2477 -0.6363 -0.7306
vn -0.3315 -0.5771 -0.7464
vn -0.3315 -0.6195 -0.7115
vn -0.3317 -0.6578 -0.6762
vn -0.2477 -0.5922 -0.7668
vn -0.3313 -0.5299 -0.7807
vn -0.5539 0.5858 0.5916
vn -0.5473 0.6556 0.5202
vn -0.6178 0.5860 0.5244
vn -0.6140 0.6196 0.4890
vn -0.3174 -0.8102 -0.4928
vn -0.9781 -0.1459 -0.1482
vn -0.9919 -0.0837 -0.0958
vn -0.5340 0.7237 0.4372
vn -0.6079 0.6535 0.4510
vn -0.6002 0.6863 0.4108
vn -0.3048 -0.8641 -0.4005
vn -0.9958 -0.0691 -0.0601
vn -0.9818 -0.1659 -0.0923
vn -0.5894 0.7167 0.3729
vn -0.4662 0.8621 0.1985
vn -0.5782 0.7382 0.3475
vn -0.3856 -0.7910 -0.4751
vn -0.9989 -0.0372 -0.0290
vn -0.3284 -0.4681 -0.8204
vn -0.3221 -0.4091 -0.8538
vn -0.6105 0.3567 0.7071
vn -0.6063 0.3290 0.7239
vn -0.9987 -0.0450 -0.0231
vn -0.9988 -0.0413 -0.0264
vn -0.3184 -0.3792 -0.8688
vn -0.3850 -0.4649 -0.7972
vn -0.5012 0.1524 0.8518
vn -0.1496 -0.6037 -0.7830
vn -0.0301 -0.0301 0.9991
vn -0.1714 -0.0140 0.9851
vn -0.3007 -0.0079 0.9537
vn -0.9780 -0.1322 -0.1612
vn -0.9779 -0.1288 -0.1649
vn -0.3294 -0.6944 -0.6398
vn -0.9782 -0.1357 -0.1573
vn 0.9990 0.0426 0.0096
vn 0.9748 0.1414 0.1728
vn -0.9777 -0.1188 -0.1729
vn -0.0167 0.9990 0.0426
vn 0.1544 0.9880 0.0086
vn -0.1246 0.9897 0.0703
vn -0.0877 0.9954 -0.0385
vn -0.2234 0.9711 0.0846
vn -0.9987 -0.0155 -0.0488
vn -0.4693 0.6201 0.6287
vn -0.9989 -0.0340 -0.0330
vn -0.6195 0.5529 0.5573
vn 0.9781 0.0779 0.1928
vn 0.9990 0.0449 0.0051
vn 0.9728 0.1064 0.2055
vn 0.9740 0.1261 0.1882
vn -0.9981 -0.0616 -0.0061
vn -0.9987 -0.0466 -0.0195
vn -0.9771 -0.1171 -0.1774
vn -0.9967 -0.0815 -0.0018
vn 0.9949 0.0771 0.0647
vn 0.9893 0.1081 0.0985
vn 0.9993 0.0091 0.0374
vn 0.9918 0.0839 0.0961
vn -0.3244 -0.7644 -0.5572
vn -0.9975 0.0706 -0.0054
vn -0.9991 -0.0325 -0.0290
vn 0.9993 0.0147 0.0337
vn 0.9992 0.0088 0.0399
vn -0.9780 -0.1399 -0.1547
vn -0.1473 -0.4857 -0.8616
vn -0.9782 -0.1228 -0.1677
vn 0.9982 0.0498 0.0345
vn 0.9975 0.0485 0.0515
vn 0.9998 -0.0159 -0.0119
vn 0.9913 0.1300 0.0207
vn -0.9877 -0.1431 -0.0636
vn -0.9970 0.0775 -0.0010
vn -0.9987 -0.0336 -0.0383
vn -0.9872 0.1580 0.0220
vn 0.1776 -0.0500 0.9828
vn 0.3656 -0.0966 0.9257
vn 0.9744 0.1277 0.1849
vn -0.0387 -0.1048 0.9937
vn -0.9992 0.0307 -0.0266
vn -0.4703 0.5801 0.6651
vn -0.9778 -0.1438 -0.1523
vn -0.9989 -0.0082 -0.0469
vn 0.9994 0.0095 0.0321
vn -0.3097 -0.8474 -0.4313
vn -0.5257 0.8272 0.1983
vn -0.9988 -0.0231 -0.0424
vn -0.9988 -0.0277 -0.0393
vn -0.9989 -0.0301 -0.0362
vn 0.9994 0.0305 0.0191
vn 0.9999 0.0077 0.0106
vn 0.1189 -0.4380 0.8911
vn 0.1933 -0.7327 0.6526
vn 0.1700 -0.4297 0.8868
vn 0.0674 -0.6175 0.7837
vn 0.1681 -0.9171 0.3615
vn 0.2439 -0.7234 0.6459
vn 0.2687 -0.8870 0.3754
vn 0.1932 -0.9277 -0.3195
vn 0.0580 -0.9704 0.2345
vn 0.0464 -0.9987 -0.0229
vn 0.2421 -0.9048 -0.3503
vn 0.1625 -0.9866 -0.0157
vn 0.0494 -0.8550 0.5163
vn 0.2215 -0.9750 -0.0198
vn 0.5665 -0.4320 -0.7018
vn 0.4628 -0.1467 -0.8742
vn 0.8502 -0.5264 0.0102
vn 0.7081 -0.4412 -0.5513
vn 0.4677 -0.4656 -0.7513
vn 0.3937 -0.3030 -0.8679
vn 0.5424 -0.7189 -0.4347
vn -0.6580 -0.7333 -0.1710
vn -0.7831 -0.6200 -0.0493
vn -0.8900 -0.4345 -0.1386
vn -0.6511 -0.7265 -0.2196
vn -0.3730 -0.9137 -0.1613
vn -0.5223 -0.8516 -0.0451
vn -0.3882 -0.8855 -0.2553
vn 0.8451 0.1084 -0.5235
vn 0.6957 -0.4308 -0.5748
vn 0.7843 -0.1819 -0.5931
vn 0.8658 -0.1445 -0.4790
vn 0.7471 -0.4592 -0.4806
vn -0.0387 -0.5562 -0.8302
vn 0.5544 -0.4414 -0.7056
vn -0.2308 -0.5651 -0.7921
vn 0.4193 -0.7232 -0.5488
vn -0.2471 -0.9668 -0.0647
vn 0.3017 -0.9293 -0.2131
vn 0.0052 -0.9980 -0.0626
vn -0.0000 -0.9849 -0.1730
vn 0.3304 -0.9077 -0.2588
vn -0.0019 -0.9738 -0.2273
vn 0.0814 0.4820 0.8724
vn -0.0114 0.2068 0.9783
vn 0.0396 -0.1105 0.9931
vn 0.1471 0.5197 0.8416
vn 0.0069 0.4882 0.8727
vn -0.0016 0.7116 0.7026
vn 0.1856 0.8260 0.5322
vn 0.3684 0.7623 -0.5322
vn 0.6933 0.5347 -0.4831
vn 0.3355 0.6511 -0.6808
vn 0.2344 0.9296 -0.2844
vn 0.5241 0.4876 -0.6982
vn 0.2947 0.9198 -0.2593
vn 0.2891 0.8759 -0.3864
vn 0.0276 0.9416 0.3356
vn 0.1369 0.9712 -0.1951
vn 0.1152 0.9915 0.0600
vn 0.2308 0.8659 -0.4437
vn 0.1405 0.9876 0.0700
vn -0.8733 0.4846 -0.0495
vn -0.9924 -0.1223 -0.0140
vn -0.9786 0.2017 0.0413
vn -0.8762 0.4812 0.0270
vn -0.8473 0.5188 -0.1138
vn -0.5293 0.8339 -0.1567
vn 0.2090 0.9703 -0.1220
vn -0.3250 0.9457 -0.0009
vn -0.0158 0.9998 -0.0138
vn 0.4520 0.8639 -0.2220
vn -0.0456 0.9945 -0.0941
vn -0.6986 0.7147 0.0342
vn 0.2944 0.9298 -0.2208
vn -0.0520 0.9913 -0.1210
vn 0.5357 0.7639 -0.3598
vn 0.6813 0.6514 -0.3338
vn 0.4844 0.5413 -0.6873
vn 0.6948 0.5001 -0.5169
vn 0.2742 0.9190 -0.2833
vn 0.3386 0.2623 -0.9036
vn 0.0988 0.5247 -0.8455
vn 0.5919 0.5497 -0.5895
vn 0.3830 0.6605 -0.6458
vn 0.1645 0.8643 -0.4753
vn 0.4206 0.8121 -0.4044
vn 0.8539 0.5107 -0.0999
vn 0.9041 0.2519 -0.3452
vn 0.5454 0.8250 -0.1480
vn 0.6553 0.6539 -0.3780
vn 0.1251 0.9841 -0.1262
vn 0.1921 0.9562 -0.2206
vn -0.5002 0.2191 -0.8377
vn -0.6521 0.4571 -0.6048
vn -0.4555 0.1602 -0.8757
vn -0.8984 0.3231 -0.2975
vn -0.8930 0.4063 0.1936
vn -0.8675 0.4108 0.2804
vn -0.0994 0.7280 0.6784
vn -0.4377 0.6306 0.6409
vn -0.2886 0.7668 0.5733
vn -0.7517 -0.0815 -0.6544
vn -0.7009 -0.1130 -0.7042
vn -0.6962 -0.1160 -0.7084
vn -0.8175 0.5371 -0.2080
vn -0.8175 0.5370 -0.2081
vn -0.0278 0.6654 -0.7459
vn -0.2419 0.5859 -0.7735
vn -0.4899 0.5599 0.6682
vn -0.4417 0.7367 0.5121
vn -0.4292 0.7665 0.4777
vn -0.7927 0.3949 0.4644
vn -0.6551 0.3915 0.6462
vn -0.5468 0.7875 -0.2843
vn -0.4414 0.8294 -0.3426
vn -0.3742 0.8483 -0.3746
vn 0.3183 0.4584 -0.8298
vn 0.4495 0.2806 -0.8480
vn 0.4691 0.2499 -0.8471
vn 0.9558 0.2483 0.1573
vn 0.8762 0.4816 0.0170
vn -0.2077 0.8287 0.5198
vn -0.2079 0.8287 0.5197
vn -0.2078 0.8287 0.5197
vn -0.6661 -0.1027 0.7388
vn -0.6641 -0.1455 0.7334
vn -0.5826 -0.0399 0.8118
vn 0.2331 0.7809 0.5796
vn 0.2332 0.7810 0.5793
vn -0.1782 -0.8180 0.5470
vn -0.4087 -0.6154 0.6740
vn -0.1185 -0.8542 0.5063
vn -0.5202 -0.2328 0.8217
vn -0.2962 -0.3209 0.8996
vn -0.4079 0.1734 0.8964
vn -0.1831 -0.1135 0.9765
vn -0.7433 0.6681 0.0345
vn -0.6587 0.6397 0.3961
vn -0.7899 0.5731 0.2182
vn 0.1361 -0.6843 0.7164
vn 0.1360 -0.6844 0.7163
vn -0.5127 -0.0901 -0.8538
vn -0.2487 -0.3284 -0.9112
vn -0.8615 -0.1785 -0.4753
vn -0.6496 -0.3761 -0.6607
vn -0.5393 -0.5850 -0.6058
vn -0.7971 -0.4231 -0.4309
vn -0.9648 -0.1922 -0.1792
vn -0.8295 -0.5272 -0.1842
vn -0.9570 -0.1824 -0.2257
vn -0.2448 -0.8994 -0.3620
vn -0.5094 -0.8524 -0.1184
vn -0.6474 -0.6514 -0.3956
vn -0.6369 -0.6481 0.4176
vn -0.4938 -0.8495 0.1855
vn -0.4525 -0.8824 0.1288
vn -0.8810 -0.3594 0.3077
vn -0.9057 -0.3474 0.2427
vn -0.8653 -0.4309 0.2559
vn -0.2872 0.5482 0.7855
vn -0.4363 0.6192 0.6529
vn -0.8205 -0.2284 0.5240
vn -0.8203 -0.2289 0.5241
vn -0.7117 -0.6925 -0.1177
vn -0.6631 -0.7292 -0.1689
vn 0.1058 -0.8630 0.4940
vn 0.3491 -0.9093 0.2267
vn 0.0746 -0.9880 0.1349
vn 0.1825 -0.5490 0.8156
vn 0.3907 -0.6687 0.6326
vn 0.6000 -0.6060 0.5223
vn 0.4319 -0.4447 0.7847
vn 0.6603 -0.3982 0.6367
vn 0.1843 -0.2074 0.9607
vn 0.4792 -0.2021 0.8541
vn 0.2304 -0.1993 0.9525
vn 0.9071 -0.3504 0.2331
vn 0.8564 -0.1146 0.5035
vn 0.8392 0.0014 0.5439
vn 0.9556 0.1533 0.2515
vn -0.7955 0.4618 0.3923
vn -0.5856 0.8104 -0.0162
vn -0.6665 0.7365 -0.1158
vn 0.2377 0.5552 0.7970
vn 0.2378 0.5552 0.7970
vn 0.7605 -0.4739 -0.4440
vn 0.7605 -0.4738 -0.4441
vn 0.7605 -0.4736 -0.4442
vn 0.2195 0.8751 -0.4312
vn -0.3730 0.9225 -0.0992
vn 0.5023 0.4429 -0.7427
vn -0.1963 0.9284 -0.3154
vn -0.7044 0.7065 -0.0686
vn -0.1133 0.9043 -0.4117
vn -0.3831 0.9027 -0.1960
vn 0.3131 -0.3014 -0.9006
vn 0.5795 -0.1702 -0.7970
vn 0.1555 -0.5689 -0.8076
vn 0.0871 -0.4233 -0.9018
vn 0.4349 -0.0694 -0.8978
vn -0.2868 0.2969 -0.9108
vn -0.2862 0.2976 -0.9108
vn -0.4698 0.0878 -0.8784
vn -0.9201 0.3759 -0.1100
vn -0.8622 -0.2187 -0.4569
vn -0.9225 0.1986 -0.3309
vn -0.4899 -0.4718 -0.7331
vn -0.8989 0.3869 -0.2058
vn -0.8950 0.1160 -0.4307
vn 0.4618 -0.2456 0.8523
vn 0.1245 0.3539 0.9270
vn 0.7280 -0.4999 0.4692
vn 0.3450 0.1712 0.9228
vn 0.0874 0.6888 0.7196
vn 0.4443 0.0852 0.8918
vn 0.2233 0.3595 0.9060
vn 0.8896 -0.3170 -0.3287
vn 0.7929 -0.5837 -0.1750
vn 0.7939 -0.1403 -0.5916
vn 0.8920 -0.0751 -0.4457
vn 0.8895 -0.4448 -0.1049
vn 0.9205 0.2732 0.2794
vn 0.9206 0.2732 0.2789
vn 0.8810 0.4674 0.0733
vn 0.1201 0.9118 0.3927
vn 0.4483 0.8696 -0.2068
vn 0.3387 0.9172 0.2097
vn 0.7167 0.5060 -0.4799
vn 0.2197 0.8907 0.3979
vn 0.4365 0.8915 0.1214
vn -0.3878 0.9103 0.1447
vn -0.1270 0.9051 0.4058
vn -0.7044 0.6986 0.1258
vn -0.3646 0.8494 0.3816
vn -0.1094 0.6864 0.7190
vn -0.5750 0.5648 0.5919
vn -0.3263 0.6532 0.6833
vn -0.9118 0.1177 0.3935
vn -0.9137 0.3825 0.1369
vn -0.6997 0.0952 0.7081
vn -0.8567 0.3550 0.3742
vn -0.6683 0.6598 0.3435
vn -0.1235 0.3671 0.9220
vn -0.3831 0.1076 0.9174
vn -0.3599 0.3438 0.8673
vn -0.6648 0.3139 0.6778
vn -0.8671 -0.4430 -0.2280
vn -0.9197 -0.1249 0.3722
vn -0.4914 -0.7138 -0.4990
vn -0.8996 -0.3601 0.2471
vn -0.6976 -0.1347 0.7037
vn -0.8110 -0.4178 0.4095
vn -0.6630 -0.3449 0.6644
vn 0.2301 -0.9419 -0.2448
vn 0.1567 -0.7832 -0.6017
vn 0.5830 -0.7834 -0.2153
vn 0.3134 -0.9429 -0.1129
vn 0.0919 -0.9409 -0.3261
vn 0.0335 -0.9983 -0.0482
vn -0.3668 -0.1404 0.9197
vn 0.2373 -0.4812 0.8439
vn -0.2415 -0.3785 0.8936
vn 0.5140 -0.7660 0.3861
vn -0.4045 -0.4301 0.8071
vn -0.1276 0.1640 -0.9782
vn -0.3225 0.5069 -0.7994
vn -0.0932 0.4326 -0.8968
vn -0.2395 0.1971 -0.9507
vn -0.3979 0.5434 -0.7392
vn -0.2571 0.6170 -0.7437
vn -0.0756 0.7700 -0.6335
vn -0.4336 0.6508 -0.6233
vn -0.8196 0.4341 0.3738
vn -0.8242 -0.0489 0.5642
vn -0.7246 0.3037 0.6187
vn -0.7507 0.5384 0.3827
vn -0.9637 -0.0045 -0.2671
vn -0.9776 0.2103 -0.0098
vn -0.9128 -0.1029 -0.3952
vn -0.7823 0.6078 0.1363
vn -0.7485 0.6300 0.2071
vn -0.0950 0.9467 -0.3078
vn -0.3054 0.9333 0.1890
vn -0.2711 0.9577 -0.0966
vn -0.5375 0.7186 0.4413
vn -0.2969 0.9314 -0.2105
vn -0.3666 0.9290 -0.0517
vn 0.0913 0.3956 -0.9139
vn 0.3722 0.1145 -0.9210
vn 0.1120 0.7157 -0.6893
vn 0.3954 0.4158 -0.8190
vn 0.6988 0.1296 -0.7035
vn 0.3765 0.9228 -0.0817
vn 0.0952 0.9275 -0.3614
vn 0.7016 0.7047 -0.1060
vn 0.3983 0.8322 -0.3858
vn 0.9190 0.1043 -0.3802
vn 0.9200 0.3803 -0.0943
vn 0.8229 0.4072 -0.3962
vn 0.7875 0.5441 0.2895
vn 0.9535 0.2172 0.2088
vn 0.9019 0.4234 0.0856
vn 0.4991 0.8238 0.2687
vn 0.7193 0.5885 0.3692
vn 0.2288 0.7955 0.5612
vn -0.1589 0.9373 0.3103
vn 0.3187 0.9420 0.1052
vn -0.3968 0.7511 0.5277
vn 0.1064 0.9563 0.2722
vn 0.6396 0.7646 0.0798
vn -0.1691 0.8187 0.5488
vn -0.3526 0.5334 0.7689
vn -0.5820 0.3926 0.7121
vn 0.2683 0.1646 0.9492
vn -0.0617 0.4975 0.8653
vn -0.1009 -0.3612 -0.9270
vn -0.3822 -0.0796 -0.9206
vn -0.0947 -0.6911 -0.7166
vn -0.3771 -0.3574 -0.8544
vn -0.7076 -0.0789 -0.7022
vn -0.3580 -0.6492 -0.6712
vn -0.6640 -0.3438 -0.6640
vn -0.3795 -0.9183 -0.1131
vn -0.0991 -0.9130 -0.3958
vn -0.7043 -0.7025 -0.1020
vn -0.3753 -0.8420 -0.3876
vn -0.6639 -0.6530 -0.3645
vn -0.9224 -0.0899 -0.3755
vn -0.9208 -0.3768 -0.1007
vn -0.8507 -0.3668 -0.3765
vn -0.5135 0.2151 -0.8307
vn -0.2742 0.2985 -0.9142
vn -0.4645 0.0926 -0.8807
vn -0.6468 0.1195 -0.7532
vn -0.5242 0.4828 -0.7015
vn -0.7417 0.3432 -0.5763
vn -0.9444 0.2701 0.1875
vn -0.9444 0.0745 -0.3202
vn -0.7313 0.5386 0.4185
vn -0.8055 0.5231 0.2783
vn -0.8932 0.0947 -0.4396
vn -0.7395 0.0458 -0.6716
vn -0.1986 0.7192 0.6658
vn -0.5963 0.6769 0.4316
vn -0.5195 0.6702 0.5300
vn -0.3650 0.7566 0.5426
vn -0.5200 0.8337 0.1861
vn -0.7659 0.5743 0.2890
vn -0.5466 -0.7928 0.2695
vn -0.4234 -0.9036 0.0659
vn -0.1795 -0.4981 0.8483
vn -0.5145 -0.6613 0.5458
vn -0.8281 -0.5023 0.2486
vn -0.7662 -0.6399 0.0587
vn -0.8041 -0.2369 0.5453
vn -0.5450 0.3441 0.7646
vn -0.2167 0.5115 0.8315
vn -0.4209 0.5679 0.7074
vn -0.8269 0.1623 0.5384
vn -0.5924 0.2393 0.7693
vn -0.9440 -0.3185 0.0862
vn -0.9428 0.1575 0.2938
vn -0.9606 -0.1099 0.2554
vn -0.7638 0.3955 0.5101
vn -0.2564 -0.7561 0.6022
vn -0.1497 -0.9547 0.2571
vn -0.0719 -0.8645 0.4974
vn -0.2340 -0.4811 0.8448
vn -0.8530 -0.4758 0.2143
vn -0.5314 -0.6298 0.5666
vn -0.9144 -0.3801 0.1390
vn -0.3682 -0.4456 0.8160
vn -0.2883 0.1568 0.9446
vn -0.0807 -0.3155 0.9455
vn -0.5144 0.4071 0.7548
vn -0.2462 -0.1156 0.9623
vn -0.0579 -0.6111 0.7895
vn -0.3199 -0.0728 0.9446
vn -0.7740 0.3640 0.5182
vn -0.7131 0.5925 0.3747
vn -0.8284 0.5398 0.1499
vn -0.7807 0.2525 0.5716
vn -0.6889 0.3845 0.6144
vn -0.6970 0.1267 0.7058
vn 0.3789 -0.9220 0.0796
vn 0.0996 -0.9268 0.3622
vn 0.7045 -0.7056 0.0766
vn 0.3751 -0.8558 0.3562
vn 0.0950 -0.7164 0.6912
vn 0.6627 -0.6672 0.3401
vn 0.3576 -0.6733 0.6471
vn 0.9222 -0.1039 0.3726
vn 0.9202 -0.3819 0.0864
vn 0.7079 -0.1044 0.6985
vn 0.8507 -0.3809 0.3622
vn 0.6650 -0.3667 0.6506
vn 0.1010 -0.3950 0.9131
vn 0.3826 -0.1128 0.9170
vn 0.3774 -0.3880 0.8408
vn 0.9684 0.2026 0.1455
vn 0.8011 0.3026 0.5164
vn 0.9044 0.0741 0.4201
vn 0.9100 0.3848 0.1545
vn 0.7801 0.3774 0.4990
vn 0.5026 0.2410 0.8302
vn 0.6432 0.0546 0.7638
vn 0.2321 0.5334 0.8134
vn -0.3401 0.7766 0.5303
vn -0.3656 0.9151 0.1702
vn -0.5709 0.6970 0.4340
vn -0.1673 0.5189 0.8383
vn -0.2735 0.8138 0.5127
vn 0.3227 0.0721 0.9438
vn -0.1592 0.2742 0.9484
vn 0.1095 0.2378 0.9651
vn -0.3929 0.4880 0.7794
vn -0.8981 -0.1750 -0.4035
vn -0.6859 -0.1760 -0.7061
vn -0.8969 -0.2699 -0.3502
vn -0.8048 -0.0354 -0.5925
vn -0.3953 -0.1435 -0.9073
vn -0.7325 -0.2261 -0.6421
vn -0.4110 -0.2443 -0.8783
vn 0.2832 -0.1848 -0.9411
vn -0.2677 -0.0345 -0.9629
vn -0.0126 -0.0290 -0.9995
vn 0.3130 -0.2349 -0.9202
vn -0.0199 -0.1455 -0.9892
vn -0.5453 -0.0210 -0.8379
vn -0.0183 -0.2055 -0.9785
vn 0.6682 -0.5880 -0.4559
vn 0.8568 -0.4825 -0.1822
vn 0.6515 -0.7122 -0.2614
vn 0.7124 -0.6823 -0.1640
vn 0.7237 -0.4793 -0.4966
vn 0.8476 -0.4111 -0.3354
vn 0.3982 -0.5437 -0.7388
vn 0.1754 0.6685 -0.7227
vn 0.0492 0.7927 -0.6076
vn 0.2743 0.8831 -0.3807
vn 0.2252 0.7132 -0.6638
vn 0.1419 0.3830 -0.9128
vn 0.0305 0.5355 -0.8440
vn 0.2381 0.3956 -0.8870
vn 0.5998 -0.7996 0.0296
vn 0.5513 -0.6980 -0.4570
vn 0.6706 -0.6906 -0.2709
vn 0.4510 -0.8758 -0.1720
vn 0.4454 -0.7511 -0.4873
vn 0.6452 -0.7433 -0.1765
vn 0.5113 -0.4175 -0.7512
vn 0.4793 -0.4988 -0.7221
vn 0.0389 0.2626 -0.9641
vn 0.1742 -0.2907 -0.9408
vn 0.0286 0.0116 -0.9995
vn 0.1408 0.0130 -0.9899
vn 0.2207 -0.3201 -0.9213
vn 0.1960 0.0115 -0.9805
vn -0.8582 -0.0738 0.5080
vn -0.9703 0.0330 0.2396
vn -0.9895 -0.1355 -0.0510
vn -0.8963 -0.1415 0.4203
vn -0.8557 0.0073 0.5174
vn -0.6788 0.0075 0.7343
vn -0.5092 -0.1860 0.8403
vn 0.5525 -0.3775 0.7431
vn 0.6858 -0.5551 0.4707
vn 0.6925 -0.3641 0.6228
vn 0.3096 -0.2583 0.9151
vn 0.5401 -0.4219 0.7282
vn 0.2832 -0.3187 0.9045
vn -0.3066 -0.0351 0.9512
vn 0.2235 -0.1590 0.9616
vn -0.0305 -0.1312 0.9909
vn 0.4670 -0.2577 0.8459
vn -0.0384 -0.1561 0.9870
vn 0.1128 0.8638 0.4910
vn 0.3148 0.8681 0.3837
vn -0.0083 0.9752 0.2210
vn 0.0125 0.8649 0.5018
vn 0.1747 0.9845 -0.0146
vn 0.1989 0.5085 0.8378
vn 0.1184 0.6212 0.7746
vn 0.1490 -0.2300 0.9617
vn 0.0411 0.3061 0.9511
vn 0.0479 -0.0025 0.9989
vn 0.2385 -0.4732 0.8480
vn 0.1281 0.0253 0.9914
vn 0.0081 0.6851 0.7284
vn 0.2438 -0.3179 0.9162
vn 0.1554 0.0294 0.9874
vn 0.3485 -0.5641 0.7486
vn 0.3371 -0.7009 0.6286
vn 0.4300 -0.7762 0.4612
vn 0.3748 -0.5230 0.7655
vn 0.3057 -0.2962 0.9049
vn 0.3599 0.9313 -0.0561
vn 0.6990 0.7032 -0.1299
vn 0.3342 0.9374 -0.0983
vn 0.5461 0.8377 -0.0122
vn 0.8998 0.4196 -0.1193
vn 0.6895 0.7010 -0.1822
vn 0.8786 0.4260 -0.2157
vn 0.9522 -0.2499 -0.1758
vn 0.9524 0.3036 -0.0266
vn 0.9982 0.0525 -0.0278
vn 0.9296 -0.2938 -0.2226
vn 0.9898 0.0445 -0.1356
vn 0.8130 0.5823 -0.0052
vn 0.9818 0.0299 -0.1874
vn 0.5325 -0.4438 -0.7208
vn 0.5406 -0.6551 -0.5279
vn 0.2548 -0.8558 -0.4501
vn -0.1224 -0.7804 -0.6132
vn -0.1224 -0.7804 -0.6131
vn 0.5320 -0.7285 -0.4316
vn 0.4049 -0.8281 -0.3877
vn 0.7740 -0.4057 -0.4861
vn 0.6840 -0.1334 0.7172
vn 0.5452 -0.0307 0.8378
vn 0.3622 -0.1462 0.9206
vn 0.6833 -0.1835 0.7067
vn 0.8876 -0.0900 0.4518
vn 0.7991 0.0115 0.6010
vn 0.8685 -0.1880 0.4586
vn 0.0252 -0.4839 -0.8748
vn 0.5537 -0.4886 -0.6744
vn 0.3131 -0.5265 -0.7904
vn 0.2722 -0.4125 -0.8693
vn 0.5755 -0.3885 -0.7197
vn 0.6346 -0.7708 0.0567
vn 0.5660 -0.6229 -0.5400
vn 0.6200 -0.7440 0.2493
vn 0.8156 -0.4461 -0.3685
vn 0.9411 0.0190 0.3375
vn 0.9704 -0.1014 -0.2194
vn 0.9952 0.0394 0.0896
vn 0.9933 -0.0731 0.0892
vn 0.9566 -0.1475 -0.2512
vn 0.9879 -0.1288 0.0863
vn -0.5825 0.8111 -0.0536
vn -0.3252 0.9443 0.0495
vn -0.0121 0.9927 -0.1198
vn -0.4789 0.8702 -0.1158
vn -0.5831 0.8119 0.0286
vn -0.7750 0.6313 0.0273
vn -0.8788 0.4483 -0.1637
vn -0.6848 -0.6269 -0.3714
vn -0.3737 -0.7519 -0.5432
vn -0.5475 -0.7552 -0.3604
vn -0.8912 -0.3768 -0.2524
vn -0.6606 -0.6248 -0.4162
vn -0.8785 -0.3581 -0.3161
vn -0.9637 0.2664 -0.0190
vn -0.9502 -0.2730 -0.1502
vn -0.9927 -0.0205 -0.1186
vn -0.8088 -0.5299 -0.2549
vn -0.9890 -0.0143 -0.1470
vn -0.5550 -0.1536 0.8175
vn 0.0165 -0.1863 0.9824
vn -0.2969 -0.0364 0.9542
vn -0.5650 -0.0727 0.8219
vn -0.4527 -0.2176 0.8647
vn -0.8573 -0.2686 0.4392
vn -0.8105 -0.1875 0.5549
vn -0.9285 -0.2071 -0.3081
vn -0.9666 -0.1146 0.2290
vn -0.9899 -0.1153 -0.0828
vn -0.7897 -0.2830 -0.5444
vn -0.9791 -0.1958 -0.0553
vn -0.7765 -0.0777 0.6254
vn -0.8698 -0.2961 -0.3947
vn -0.9739 -0.2212 -0.0505
vn -0.6739 -0.3872 -0.6292
vn -0.5471 -0.3591 -0.7561
vn -0.3799 -0.5360 -0.7540
vn -0.6543 -0.4309 -0.6215
vn -0.8540 -0.3590 -0.3766
vn -0.2920 -0.9073 0.3027
vn -0.3098 -0.9072 0.2845
vn -0.4329 -0.7769 0.4572
vn -0.4601 -0.7760 0.4314
vn -0.6951 -0.2661 0.6679
vn -0.6763 -0.0098 0.7366
vn -0.7185 -0.0096 0.6955
vn -0.2754 -0.9064 0.3203
vn -0.4093 -0.7738 0.4834
vn -0.6539 -0.2653 0.7085
vn -0.6350 -0.0104 0.7724
vn 0.2987 -0.9042 -0.3051
vn 0.3167 -0.9040 -0.2872
vn 0.4474 -0.7745 -0.4472
vn 0.7198 -0.3083 -0.6220
vn 0.7161 -0.0628 -0.6952
vn 0.6808 -0.3069 -0.6650
vn 0.3336 -0.9044 -0.2662
vn 0.4749 -0.7735 -0.4198
vn 0.7578 -0.3100 -0.5742
vn 0.7575 -0.0636 -0.6498
vn -0.3456 -0.9053 0.2469
vn -0.3286 -0.9062 0.2661
vn -0.5111 -0.7726 0.3767
vn -0.7342 -0.2621 0.6263
vn -0.7952 -0.0087 0.6063
vn -0.7694 -0.2650 0.5811
vn -0.4862 -0.7747 0.4044
vn -0.7586 -0.0064 0.6515
vn 0.2827 -0.9027 -0.3244
vn 0.2657 -0.9023 -0.3396
vn 0.4225 -0.7709 -0.4766
vn 0.3966 -0.7702 -0.4995
vn 0.6006 -0.3085 -0.7376
vn 0.6732 -0.0622 -0.7368
vn 0.6315 -0.0625 -0.7729
vn 0.6400 -0.3085 -0.7037
vn 0.2482 -0.9014 -0.3547
vn 0.2279 -0.9005 -0.3704
vn 0.3699 -0.7681 -0.5228
vn 0.3381 -0.7660 -0.5468
vn 0.5121 -0.3064 -0.8024
vn 0.5875 -0.0624 -0.8068
vn 0.5361 -0.0660 -0.8416
vn 0.5599 -0.3060 -0.7700
vn -0.2559 -0.9067 0.3353
vn -0.3808 -0.7749 0.5045
vn -0.6137 -0.2643 0.7440
vn -0.5910 -0.0150 0.8066
vn -0.2355 -0.9061 0.3514
vn -0.3505 -0.7746 0.5265
vn -0.5701 -0.2677 0.7768
vn -0.5424 -0.0143 0.8400
vn -0.2150 -0.9041 0.3694
vn -0.3212 -0.7697 0.5517
vn -0.5233 -0.2644 0.8101
vn -0.4913 -0.0182 0.8708
vn -0.1956 -0.9011 0.3870
vn -0.2946 -0.7638 0.5743
vn -0.4722 -0.2685 0.8396
vn -0.4431 -0.0193 0.8963
vn 0.2059 -0.8986 -0.3875
vn 0.1900 -0.8946 -0.4044
vn 0.3036 -0.7613 -0.5729
vn 0.2779 -0.7546 -0.5945
vn 0.4177 -0.2971 -0.8587
vn 0.4791 -0.0641 -0.8754
vn 0.4339 -0.0618 -0.8988
vn 0.4593 -0.3037 -0.8347
vn -0.1030 -0.8957 0.4326
vn 0.0103 -0.9317 0.3630
vn -0.1742 -0.5531 0.8147
vn 0.0190 -0.7172 0.6966
vn -0.1857 -0.0804 0.9793
vn 0.0244 -0.3828 0.9235
vn -0.0834 -0.9824 0.1670
vn -0.2761 -0.7523 0.5981
vn -0.4235 -0.2607 0.8676
vn -0.4078 -0.0135 0.9130
vn -0.2707 -0.7442 0.6106
vn -0.3904 -0.2468 0.8869
vn 0.1829 -0.8914 -0.4147
vn 0.2683 -0.7490 -0.6058
vn 0.4135 -0.0568 -0.9088
vn 0.3975 -0.2895 -0.8707
vn 0.3534 -0.9044 -0.2392
vn 0.5018 -0.7731 -0.3881
vn 0.8008 -0.3106 -0.5121
vn 0.7983 -0.0659 -0.5986
vn 0.3766 -0.9006 -0.2169
vn 0.5352 -0.7707 -0.3458
vn 0.8391 -0.2987 -0.4547
vn 0.8448 -0.0674 -0.5309
vn -0.3804 -0.9007 0.2100
vn -0.3622 -0.9039 0.2275
vn -0.5565 -0.7647 0.3250
vn -0.8045 -0.2560 0.5360
vn -0.8570 -0.0000 0.5154
vn -0.8349 -0.2482 0.4912
vn -0.5348 -0.7696 0.3490
vn -0.8288 -0.0052 0.5595
vn -0.3806 -0.9246 -0.0142
vn -0.7119 -0.7023 -0.0084
vn -0.9317 -0.3632 -0.0006
vn -0.4403 -0.8910 0.1107
vn -0.8159 -0.5375 0.2132
vn -0.9689 -0.0462 0.2431
vn 0.3939 -0.8956 -0.2068
vn 0.5681 -0.7633 -0.3075
vn 0.8582 -0.2909 -0.4228
vn 0.8828 -0.0629 -0.4655
vn 0.8995 -0.0561 -0.4333
vn 0.5882 -0.7537 -0.2932
vn 0.8600 -0.2966 -0.4154
vn -0.3969 -0.8957 0.2006
vn -0.8556 -0.2355 0.4609
vn -0.5780 -0.7553 0.3091
vn -0.8755 0.0020 0.4831
vn -0.5211 0.6790 0.5171
vn -0.4911 0.6780 0.5470
vn -0.3770 0.8446 0.3801
vn -0.3552 0.8440 0.4019
vn -0.2096 0.9527 0.2198
vn -0.1975 0.9524 0.2321
vn -0.4621 0.6755 0.5746
vn -0.3342 0.8427 0.4221
vn -0.1854 0.9521 0.2430
vn 0.5796 0.6548 -0.4850
vn 0.5483 0.6550 -0.5200
vn 0.4198 0.8395 -0.3450
vn 0.3977 0.8392 -0.3708
vn 0.2307 0.9560 -0.1811
vn 0.2178 0.9565 -0.1943
vn 0.6124 0.6519 -0.4472
vn 0.4441 0.8376 -0.3182
vn 0.2426 0.9559 -0.1654
vn -0.5503 0.6801 0.4844
vn -0.5780 0.6795 0.4519
vn -0.3990 0.8445 0.3572
vn -0.4189 0.8446 0.3335
vn -0.2218 0.9529 0.2071
vn -0.2328 0.9531 0.1936
vn 0.4850 0.6537 -0.5809
vn 0.5161 0.6547 -0.5524
vn 0.3526 0.8384 -0.4156
vn 0.3745 0.8392 -0.3943
vn 0.1938 0.9564 -0.2187
vn 0.2056 0.9564 -0.2076
vn 0.4150 0.6484 -0.6382
vn 0.4530 0.6511 -0.6090
vn 0.3033 0.8350 -0.4591
vn 0.3294 0.8374 -0.4362
vn 0.1668 0.9556 -0.2429
vn 0.1809 0.9561 -0.2304
vn -0.4307 0.6734 0.6009
vn -0.3124 0.8406 0.4425
vn -0.1737 0.9512 0.2550
vn -0.3968 0.6693 0.6282
vn -0.2877 0.8386 0.4627
vn -0.1604 0.9501 0.2675
vn -0.3619 0.6628 0.6556
vn -0.2635 0.8342 0.4844
vn -0.1467 0.9489 0.2794
vn -0.3286 0.6556 0.6799
vn -0.2404 0.8289 0.5050
vn -0.1345 0.9466 0.2931
vn 0.3416 0.6344 -0.6934
vn 0.3742 0.6418 -0.6694
vn 0.2520 0.8261 -0.5040
vn 0.2738 0.8319 -0.4826
vn 0.1402 0.9526 -0.2701
vn 0.1514 0.9545 -0.2568
vn -0.0394 0.4014 0.9151
vn -0.1633 0.6224 0.7654
vn -0.0301 0.7160 0.6975
vn -0.1223 0.8117 0.5712
vn -0.0163 0.9230 0.3844
vn -0.0721 0.9397 0.3342
vn -0.3054 0.6476 0.6981
vn -0.2254 0.8220 0.5229
vn -0.1270 0.9439 0.3049
vn 0.3267 0.6296 -0.7049
vn 0.2419 0.8224 -0.5150
vn 0.1351 0.9509 -0.2784
vn 0.6488 0.6497 -0.3962
vn 0.4718 0.8353 -0.2823
vn 0.2584 0.9548 -0.1466
vn 0.6845 0.6394 -0.3501
vn 0.5014 0.8280 -0.2509
vn 0.2762 0.9522 -0.1306
vn -0.6048 0.6770 0.4195
vn -0.6292 0.6730 0.3888
vn -0.4381 0.8439 0.3098
vn -0.4587 0.8403 0.2889
vn -0.2449 0.9525 0.1811
vn -0.2570 0.9514 0.1695
vn -0.9054 0.4185 0.0718
vn -0.6827 0.7281 0.0616
vn -0.3687 0.9286 0.0428
vn -0.7301 0.6491 0.2135
vn -0.5366 0.8277 0.1643
vn -0.3073 0.9459 0.1040
vn 0.7038 0.6302 -0.3279
vn 0.5210 0.8200 -0.2371
vn 0.2890 0.9493 -0.1235
vn -0.6468 0.6682 0.3677
vn -0.4751 0.8357 0.2754
vn -0.2679 0.9496 0.1629
vn 0.4513 0.3726 -0.8109
vn 0.7917 0.3725 -0.4843
vn -0.2729 0.1914 -0.9428
vn -0.9629 -0.2636 -0.0580
vn 0.4824 0.3708 -0.7936
vn 0.9449 0.2040 0.2561
vn 0.9449 0.2040 0.2562
vn 0.0849 -0.2510 0.9643
vn 0.8131 0.3735 -0.4466
vn -0.0023 0.9153 0.4028
vn -0.0006 0.6906 0.7232
vn 0.0012 0.3626 0.9319
vn -0.9229 -0.0060 0.3850
vn -0.3772 -0.0169 0.9260
vn -0.7031 -0.0124 0.7110
vn 0.6922 -0.6968 0.1879
vn 0.6923 -0.6969 0.1874
vn 0.1655 -0.1811 0.9694
vn 0.6271 -0.6211 -0.4701
vn -0.9242 0.3817 0.0116
vn -0.7077 0.7063 0.0170
vn -0.3827 0.9237 0.0198
vn 0.6852 0.2429 -0.6867
vn 0.6850 0.2438 -0.6865
vn 0.1522 0.9788 -0.1369
vn 0.6279 -0.4429 -0.6400
vn -0.1564 -0.6874 -0.7092
vn -0.1565 -0.6874 -0.7092
vn -0.9772 -0.1478 -0.1523
vn 0.4527 -0.6211 -0.6398
vn -0.0075 0.4176 -0.9086
vn -0.0075 0.7387 -0.6740
vn -0.0068 0.8796 -0.4756
vn -0.0064 0.9345 -0.3559
vn -0.1079 0.9939 -0.0242
vn -0.0044 0.9906 0.1366
vn 0.3651 0.9307 0.0211
vn 0.5642 0.8255 0.0133
vn 0.6827 0.7306 0.0110
vn 0.9144 0.4047 0.0038
vn -0.3154 0.8898 0.3297
vn -0.4992 0.7007 0.5097
vn -0.5212 0.6663 0.5332
vn -0.6873 0.2173 0.6932
vn -0.4251 0.7924 0.4375
vn -0.5547 0.6105 0.5654
vn -0.4048 0.0169 -0.9142
vn -0.7275 0.0127 -0.6860
vn -0.9310 0.0068 -0.3651
vn -0.9831 -0.1198 -0.1383
vn -0.5146 0.0159 -0.8573
vn -0.8910 0.0083 -0.4540
vn -0.9922 0.1025 -0.0705
vn -0.4049 -0.9142 -0.0157
vn -0.4327 -0.9014 -0.0153
vn -0.7314 -0.6819 -0.0098
vn -0.8260 -0.5636 -0.0072
vn -0.9345 -0.3560 -0.0028
vn -0.9927 -0.0026 0.1206
vn -0.8973 0.3063 0.3179
vn -0.7979 0.4146 0.4376
vn -0.6520 0.5254 0.5467
vn -0.3197 0.6573 0.6825
vn -0.7187 0.4329 0.5441
vn -0.1156 -0.0122 0.9932
vn 0.0039 -0.3700 0.9290
vn 0.0043 -0.5447 0.8386
vn 0.0045 -0.6747 0.7380
vn 0.0046 -0.8177 0.5756
vn 0.0044 -0.8995 0.4370
vn 0.1421 -0.1339 0.9808
vn 0.3323 -0.0178 0.9430
vn 0.6708 -0.0140 0.7415
vn 0.9163 -0.0076 0.4004
vn 0.0764 0.0835 0.9936
vn 0.5024 -0.0164 0.8645
vn -0.3002 0.2853 0.9102
vn -0.5417 0.4515 0.7091
vn -0.5156 0.5042 0.6928
vn -0.5519 0.5420 0.6338
vn -0.6831 0.6784 0.2704
vn -0.3949 0.3810 0.8360
vn -0.0024 0.9306 -0.3660
vn -0.0044 0.7204 -0.6936
vn -0.0057 0.3996 -0.9167
vn 0.9241 0.3822 0.0033
vn 0.7071 0.7071 0.0104
vn 0.3825 0.9238 0.0160
vn -0.6668 0.3069 0.6791
vn -0.5181 0.6664 0.5362
vn -0.2784 0.9128 0.2987
vn -0.9256 0.0070 -0.3784
vn -0.7102 0.0131 -0.7039
vn -0.3865 0.0171 -0.9221
vn -0.9245 -0.3811 -0.0033
vn -0.7075 -0.7066 -0.0104
vn -0.3811 -0.9244 -0.0159
vn -0.3966 0.6377 0.6604
vn -0.7049 0.4915 0.5113
vn -0.9202 0.2701 0.2832
vn 0.0022 -0.9087 0.4175
vn 0.0036 -0.6950 0.7190
vn 0.0045 -0.3868 0.9221
vn 0.9258 -0.0065 0.3780
vn 0.7102 -0.0122 0.7039
vn 0.3871 -0.0160 0.9219
vn -0.6615 0.6598 0.3565
vn -0.5097 0.5029 0.6981
vn -0.2719 0.2614 0.9261
vn 0.3776 0.0177 -0.9258
vn 0.7028 0.0136 -0.7113
vn 0.7033 0.0135 -0.7107
vn 0.9217 0.0074 -0.3878
vn 0.9947 0.0019 -0.1024
vn -0.5814 -0.0156 0.8135
vn -0.5733 0.1331 0.8085
vn 0.3866 -0.0176 0.9221
vn 0.3849 0.0788 0.9196
vn 0.9876 -0.0030 0.1568
vn 0.3865 -0.0176 0.9221
vn 0.3864 -0.0176 0.9222
vn -0.0042 0.1799 -0.9837
vn 0.0108 0.9303 -0.3667
vn -0.0016 0.9305 -0.3662
vn -0.0041 0.1806 -0.9836
vn 0.0059 0.5657 -0.8246
vn 0.0107 0.9791 0.2030
vn 0.0108 0.9318 -0.3627
vn 0.0026 0.8010 0.5987
vn 0.0007 -0.9898 0.1426
vn -0.1474 -0.9789 0.1418
vn 0.0040 -0.3990 0.9170
vn -0.0935 -0.3970 0.9130
vn 0.0003 -0.9981 0.0620
vn 0.0007 -0.9899 0.1417
vn 0.0040 -0.3988 0.9170
vn 0.0040 -0.3994 0.9168
vn 0.0035 0.5687 0.8225
vn 0.9247 -0.3806 -0.0111
vn 0.7079 -0.7061 -0.0157
vn 0.7099 -0.7042 -0.0156
vn 0.3841 -0.9231 -0.0178
vn -0.9249 -0.3788 0.0336
vn -0.1575 -0.9813 0.1103
vn -0.8077 0.5847 -0.0754
vn -0.9233 -0.3826 0.0336
vn -0.9247 -0.3792 0.0334
vn -0.1567 -0.9815 0.1103
vn -0.1647 -0.0183 -0.9862
vn -0.6574 -0.1335 -0.7417
vn -0.6646 -0.1351 -0.7349
vn -0.9055 -0.2068 0.3705
vn -0.1668 -0.0186 -0.9858
vn -0.8977 -0.2017 -0.3918
vn -0.8996 -0.2023 -0.3870
vn -0.8025 -0.1901 0.5656
vn -0.0016 -0.9163 -0.4004
vn -0.0030 -0.6937 -0.7203
vn -0.0040 -0.3661 -0.9306
vn -0.0043 -0.0796 -0.9968
vn -0.0031 -0.6937 -0.7203
vn 0.3849 0.9229 0.0089
vn 0.3823 0.9239 0.0140
vn -0.5806 0.8140 0.0172
vn 0.3835 0.9235 0.0035
vn 0.3848 0.9230 0.0089
vn 0.9857 0.1686 -0.0021
vn -0.3259 0.3167 -0.8908
vn -0.3066 0.3334 -0.8915
vn -0.4725 0.4595 -0.7521
vn -0.4452 0.4846 -0.7529
vn -0.6589 0.7161 -0.2304
vn -0.7183 0.6952 0.0265
vn -0.6766 0.7359 0.0271
vn -0.3414 0.2982 -0.8914
vn -0.4947 0.4326 -0.7537
vn -0.6992 0.6763 -0.2318
vn -0.7554 0.6547 0.0253
vn 0.2677 -0.2911 -0.9185
vn 0.2486 -0.3078 -0.9184
vn 0.4113 -0.4466 -0.7946
vn 0.5926 -0.7300 -0.3404
vn 0.6739 -0.7325 -0.0968
vn 0.6363 -0.6922 -0.3405
vn 0.2265 -0.3232 -0.9188
vn 0.3817 -0.4724 -0.7944
vn 0.5437 -0.7669 -0.3409
vn 0.6272 -0.7728 -0.0969
vn -0.2667 0.3665 -0.8914
vn -0.2870 0.3509 -0.8914
vn -0.3876 0.5329 -0.7522
vn -0.6143 0.7550 -0.2292
vn -0.5849 0.8107 0.0280
vn -0.5693 0.7897 -0.2286
vn -0.4168 0.5099 -0.7526
vn -0.6310 0.7753 0.0285
vn 0.2865 -0.2749 -0.9178
vn 0.3017 -0.2577 -0.9179
vn 0.4394 -0.4214 -0.7933
vn 0.4633 -0.3958 -0.7929
vn 0.7117 -0.6145 -0.3404
vn 0.7165 -0.6908 -0.0977
vn 0.7534 -0.6501 -0.0983
vn 0.6764 -0.6527 -0.3413
vn 0.3172 -0.2407 -0.9173
vn 0.3340 -0.2212 -0.9162
vn 0.4873 -0.3697 -0.7912
vn 0.5120 -0.3385 -0.7895
vn 0.7789 -0.5273 -0.3395
vn 0.7887 -0.6068 -0.0989
vn 0.8247 -0.5566 -0.1004
vn 0.7446 -0.5737 -0.3412
vn -0.3579 0.2801 -0.8908
vn -0.5183 0.4061 -0.7527
vn -0.7357 0.6370 -0.2303
vn -0.7909 0.6115 0.0239
vn -0.3750 0.2604 -0.8897
vn -0.5423 0.3774 -0.7506
vn -0.7703 0.5947 -0.2300
vn -0.8255 0.5640 0.0211
vn -0.3931 0.2402 -0.8876
vn -0.5679 0.3486 -0.7457
vn -0.8041 0.5480 -0.2307
vn -0.8578 0.5137 0.0185
vn -0.4119 0.2215 -0.8839
vn -0.5901 0.3218 -0.7404
vn -0.8354 0.4980 -0.2325
vn -0.8844 0.4663 0.0195
vn 0.3521 -0.1998 -0.9144
vn 0.3698 -0.1846 -0.9106
vn 0.5386 -0.3045 -0.7856
vn 0.5613 -0.2796 -0.7790
vn 0.8371 -0.4348 -0.3321
vn 0.8600 -0.5002 -0.1007
vn 0.8845 -0.4561 -0.0984
vn 0.8128 -0.4757 -0.3363
vn -0.4584 0.1297 -0.8792
vn -0.3938 0.0155 -0.9191
vn -0.8274 0.2047 -0.5229
vn -0.7203 0.0116 -0.6936
vn -0.9762 0.2121 -0.0451
vn -0.9362 0.0061 -0.3514
vn -0.1991 0.1059 -0.9742
vn -0.6139 0.3046 -0.7283
vn -0.8642 0.4503 -0.2245
vn -0.9019 0.4313 0.0237
vn -0.6255 0.2993 -0.7205
vn -0.8846 0.4175 -0.2079
vn 0.3807 -0.1778 -0.9075
vn 0.5752 -0.2711 -0.7717
vn 0.8950 -0.4356 -0.0959
vn 0.8494 -0.4143 -0.3270
vn 0.1995 -0.3431 -0.9179
vn 0.3494 -0.4979 -0.7937
vn 0.4805 -0.8086 -0.3395
vn 0.5753 -0.8120 -0.0982
vn 0.1770 -0.3661 -0.9136
vn 0.3065 -0.5310 -0.7900
vn 0.4212 -0.8437 -0.3330
vn 0.5058 -0.8570 -0.0985
vn -0.2295 0.4012 -0.8868
vn -0.2479 0.3842 -0.8893
vn -0.3355 0.5780 -0.7439
vn -0.5227 0.8220 -0.2261
vn -0.4924 0.8699 0.0292
vn -0.4766 0.8512 -0.2199
vn -0.3606 0.5576 -0.7477
vn -0.5369 0.8432 0.0278
vn -0.0064 0.3972 -0.9177
vn 0.0038 0.7235 -0.6903
vn 0.0131 0.9378 -0.3469
vn -0.1286 0.4597 -0.8787
vn -0.2090 0.8309 -0.5157
vn -0.2192 0.9754 -0.0219
vn 0.1666 -0.3832 -0.9085
vn 0.2683 -0.5649 -0.7803
vn 0.3899 -0.8626 -0.3224
vn 0.4398 -0.8932 -0.0938
vn 0.4074 -0.9092 -0.0857
vn 0.2530 -0.5834 -0.7717
vn 0.3824 -0.8646 -0.3259
vn -0.2196 0.4174 -0.8818
vn -0.4464 0.8715 -0.2031
vn -0.3191 0.5990 -0.7345
vn -0.4597 0.8873 0.0368
vn -0.4801 0.5220 0.7050
vn -0.5107 0.4926 0.7046
vn -0.3422 0.3719 0.8629
vn -0.3650 0.3512 0.8622
vn -0.1828 0.1986 0.9629
vn -0.1951 0.1864 0.9629
vn -0.5393 0.4644 0.7025
vn -0.3849 0.3299 0.8620
vn -0.2066 0.1750 0.9627
vn 0.4912 -0.6036 0.6280
vn 0.5267 -0.5729 0.6279
vn 0.3622 -0.4442 0.8194
vn 0.3878 -0.4219 0.8195
vn 0.2066 -0.2522 0.9454
vn 0.2203 -0.2398 0.9455
vn 0.4522 -0.6346 0.6267
vn 0.3339 -0.4665 0.8191
vn 0.1911 -0.2643 0.9453
vn -0.4469 0.5504 0.7052
vn -0.4140 0.5776 0.7035
vn -0.3178 0.3923 0.8632
vn -0.2946 0.4129 0.8618
vn -0.1691 0.2102 0.9629
vn -0.1560 0.2212 0.9627
vn 0.5897 -0.5116 0.6248
vn 0.5601 -0.5418 0.6267
vn 0.4336 -0.3777 0.8181
vn 0.4118 -0.3992 0.8192
vn 0.2459 -0.2163 0.9449
vn 0.2334 -0.2274 0.9454
vn 0.6480 -0.4429 0.6196
vn 0.6181 -0.4798 0.6227
vn 0.4773 -0.3290 0.8148
vn 0.4550 -0.3554 0.8165
vn 0.2704 -0.1901 0.9438
vn 0.2575 -0.2040 0.9445
vn -0.5667 0.4339 0.7004
vn -0.4059 0.3086 0.8602
vn -0.2191 0.1637 0.9619
vn -0.5956 0.4014 0.6958
vn -0.4276 0.2854 0.8577
vn -0.2307 0.1501 0.9614
vn -0.6235 0.3665 0.6906
vn -0.4491 0.2609 0.8545
vn -0.2437 0.1370 0.9601
vn -0.6492 0.3345 0.6831
vn -0.4708 0.2386 0.8494
vn -0.2579 0.1254 0.9580
vn 0.7047 -0.3704 0.6052
vn 0.6796 -0.4021 0.6135
vn 0.5237 -0.2791 0.8049
vn 0.5024 -0.3007 0.8106
vn 0.2979 -0.1638 0.9404
vn 0.2845 -0.1749 0.9426
vn -0.9000 0.0558 0.4322
vn -0.7404 0.1719 0.6498
vn -0.6729 0.0354 0.7389
vn -0.5403 0.1225 0.8325
vn -0.3531 0.0100 0.9355
vn -0.3006 0.0639 0.9516
vn -0.6686 0.3120 0.6751
vn -0.4890 0.2240 0.8430
vn -0.2696 0.1179 0.9557
vn 0.7169 -0.3559 0.5996
vn 0.5353 -0.2695 0.8005
vn 0.3063 -0.1592 0.9385
vn 0.4008 -0.6710 0.6238
vn 0.2974 -0.4938 0.8171
vn 0.1712 -0.2788 0.9450
vn 0.3533 -0.7051 0.6148
vn 0.2653 -0.5228 0.8101
vn 0.1550 -0.2966 0.9424
vn -0.3806 0.6032 0.7009
vn -0.3497 0.6270 0.6962
vn -0.2701 0.4313 0.8609
vn -0.2487 0.4509 0.8572
vn -0.1429 0.2326 0.9620
vn -0.1309 0.2441 0.9609
vn -0.0341 0.8994 0.4358
vn -0.0197 0.6730 0.7394
vn -0.0024 0.3540 0.9353
vn -0.1725 0.7235 0.6684
vn -0.1228 0.5262 0.8415
vn -0.0642 0.2921 0.9542
vn 0.3301 -0.7232 0.6066
vn 0.2498 -0.5399 0.8038
vn 0.1474 -0.3090 0.9396
vn -0.3282 0.6441 0.6909
vn -0.2350 0.4673 0.8523
vn -0.1239 0.2546 0.9591
vn 0.8097 -0.4794 0.3384
vn 0.4656 0.8756 -0.1284
vn 0.6079 -0.7132 0.3490
vn 0.0771 0.9671 -0.2426
vn 0.6862 -0.6398 0.3461
vn -0.9744 -0.0551 -0.2181
vn 0.4395 -0.8295 0.3447
vn 0.8390 0.3763 0.3931
vn 0.8393 0.3549 0.4118
vn 0.6798 0.5091 0.5279
vn 0.6802 0.4777 0.5560
vn 0.1270 0.6511 0.7482
vn -0.1326 0.6937 0.7079
vn -0.1325 0.6512 0.7473
vn 0.8385 0.3937 0.3768
vn 0.6789 0.5334 0.5045
vn 0.1250 0.6939 0.7091
vn -0.1301 0.7333 0.6674
vn 0.9551 -0.1954 -0.2229
vn 0.9551 -0.1751 -0.2390
vn 0.8537 -0.3443 -0.3907
vn 0.4415 -0.5449 -0.7128
vn 0.2027 -0.6435 -0.7381
vn 0.4390 -0.5913 -0.6765
vn 0.9548 -0.1535 -0.2545
vn 0.8542 -0.3116 -0.4163
vn 0.4390 -0.4966 -0.7488
vn 0.2030 -0.5959 -0.7770
vn 0.8385 0.3167 0.4435
vn 0.8383 0.3373 0.4283
vn 0.6778 0.4219 0.6022
vn 0.1261 0.6067 0.7849
vn -0.1323 0.5575 0.8196
vn 0.1242 0.5608 0.8186
vn 0.6783 0.4529 0.5787
vn -0.1321 0.6048 0.7853
vn 0.9549 -0.2137 -0.2063
vn 0.9547 -0.2290 -0.1902
vn 0.8541 -0.3698 -0.3656
vn 0.8537 -0.3939 -0.3407
vn 0.4397 -0.6681 -0.6003
vn 0.2019 -0.6875 -0.6976
vn 0.2035 -0.7254 -0.6575
vn 0.4388 -0.6326 -0.6381
vn 0.9537 -0.2461 -0.1729
vn 0.9534 -0.2593 -0.1546
vn 0.8529 -0.4171 -0.3140
vn 0.8499 -0.4432 -0.2851
vn 0.4384 -0.7361 -0.5156
vn 0.2032 -0.7616 -0.6154
vn 0.2041 -0.8003 -0.5638
vn 0.4389 -0.7005 -0.5628
vn 0.8391 0.4086 0.3592
vn 0.6790 0.5564 0.4789
vn 0.1267 0.7325 0.6689
vn -0.1284 0.7691 0.6261
vn 0.8372 0.4283 0.3401
vn 0.6761 0.5828 0.4507
vn 0.1266 0.7666 0.6295
vn -0.1243 0.8055 0.5795
vn 0.8375 0.4442 0.3184
vn 0.6759 0.6057 0.4198
vn 0.1291 0.8021 0.5831
vn -0.1197 0.8392 0.5305
vn 0.8487 0.4425 0.2897
vn 0.6864 0.6157 0.3871
vn 0.1304 0.8347 0.5350
vn -0.1183 0.8662 0.4855
vn 0.9517 -0.2722 -0.1422
vn 0.9467 -0.2869 -0.1465
vn 0.8456 -0.4677 -0.2574
vn 0.8318 -0.4977 -0.2455
vn 0.4216 -0.8065 -0.4145
vn 0.2043 -0.8424 -0.4986
vn 0.1974 -0.8747 -0.4427
vn 0.4325 -0.7756 -0.4599
vn 0.9167 0.3714 0.1471
vn 0.9185 0.3946 0.0237
vn 0.8130 0.5660 0.1364
vn 0.6768 0.7355 0.0300
vn -0.0230 0.9725 0.2319
vn 0.3332 0.9424 0.0311
vn 0.3028 0.9525 0.0316
vn 0.9752 0.1714 0.1403
vn 0.7136 0.6048 0.3535
vn 0.1290 0.8637 0.4872
vn -0.1202 0.8852 0.4494
vn 0.7066 0.6150 0.3499
vn 0.1203 0.8832 0.4533
vn 0.9357 -0.3157 -0.1577
vn 0.8154 -0.5220 -0.2501
vn 0.1883 -0.8896 -0.4162
vn 0.4081 -0.8249 -0.3911
vn 0.9531 -0.1287 -0.2738
vn 0.8541 -0.2768 -0.4403
vn 0.4350 -0.4315 -0.7903
vn 0.2021 -0.5440 -0.8144
vn 0.9494 -0.1035 -0.2964
vn 0.8484 -0.2373 -0.4733
vn 0.4255 -0.3736 -0.8242
vn 0.2002 -0.4725 -0.8583
vn 0.8348 0.2769 0.4758
vn 0.8375 0.2963 0.4591
vn 0.6722 0.3679 0.6425
vn 0.1245 0.5131 0.8493
vn -0.1328 0.4634 0.8762
vn 0.1166 0.4651 0.8775
vn 0.6759 0.3942 0.6227
vn -0.1314 0.5092 0.8505
vn 0.8813 0.0573 0.4690
vn 0.6305 0.0221 0.7759
vn 0.2729 -0.0169 0.9619
vn 0.8303 0.1744 0.5293
vn 0.4348 0.2191 0.8735
vn -0.0709 0.1912 0.9790
vn 0.9452 -0.0924 -0.3132
vn 0.8399 -0.1971 -0.5057
vn 0.4133 -0.3424 -0.8438
vn 0.1937 -0.4059 -0.8931
vn 0.1850 -0.3737 -0.9089
vn 0.8309 -0.1814 -0.5260
vn 0.4197 -0.3342 -0.8439
vn 0.8289 0.2669 0.4915
vn 0.1029 0.4331 0.8955
vn 0.6608 0.3509 0.6635
vn -0.1371 0.4300 0.8923
vn -0.7751 0.4161 0.4754
vn -0.7745 0.4472 0.4474
vn -0.9111 0.2717 0.3100
vn -0.9107 0.2945 0.2895
vn -0.9860 0.1103 0.1251
vn -0.9860 0.1220 0.1140
vn -0.7729 0.4761 0.4194
vn -0.9093 0.3172 0.2693
vn -0.9852 0.1369 0.1029
vn -0.5433 -0.5149 -0.6631
vn -0.5428 -0.5513 -0.6336
vn -0.7557 -0.4035 -0.5159
vn -0.7556 -0.4297 -0.4944
vn -0.9064 -0.2624 -0.3310
vn -0.9069 -0.2761 -0.3183
vn -0.5424 -0.4750 -0.6930
vn -0.7554 -0.3744 -0.5377
vn -0.9064 -0.2470 -0.3428
vn -0.7751 0.3824 0.5030
vn -0.7741 0.3466 0.5298
vn -0.9110 0.2470 0.3304
vn -0.9104 0.2223 0.3490
vn -0.9858 0.0971 0.1368
vn -0.9854 0.0838 0.1481
vn -0.5417 -0.6152 -0.5728
vn -0.5434 -0.5830 -0.6040
vn -0.7548 -0.4762 -0.4512
vn -0.7549 -0.4546 -0.4727
vn -0.9058 -0.3029 -0.2962
vn -0.9063 -0.2902 -0.3072
vn -0.5370 -0.6777 -0.5023
vn -0.5393 -0.6443 -0.5422
vn -0.7519 -0.5239 -0.4002
vn -0.7535 -0.4980 -0.4292
vn -0.9057 -0.3293 -0.2671
vn -0.9060 -0.3140 -0.2837
vn -0.7700 0.5047 0.3903
vn -0.9081 0.3365 0.2493
vn -0.9848 0.1474 0.0916
vn -0.7646 0.5352 0.3591
vn -0.9053 0.3597 0.2260
vn -0.9838 0.1609 0.0790
vn -0.7584 0.5640 0.3266
vn -0.9000 0.3848 0.2047
vn -0.9818 0.1772 0.0684
vn -0.7427 0.5994 0.2986
vn -0.8864 0.4215 0.1916
vn -0.9723 0.2219 0.0736
vn -0.5204 -0.7609 -0.3876
vn -0.5287 -0.7231 -0.4444
vn -0.7411 -0.5974 -0.3064
vn -0.7475 -0.5614 -0.3551
vn -0.9031 -0.3816 -0.1969
vn -0.9045 -0.3553 -0.2360
vn -0.4864 0.8704 0.0758
vn -0.6762 0.7161 0.1732
vn -0.7587 0.6490 0.0557
vn -0.8178 0.5606 0.1303
vn -0.9341 0.3558 0.0292
vn -0.9205 0.3823 0.0810
vn -0.7222 0.6305 0.2845
vn -0.8592 0.4729 0.1954
vn -0.9584 0.2720 0.0862
vn -0.5164 -0.7780 -0.3578
vn -0.7424 -0.6096 -0.2780
vn -0.9101 -0.3781 -0.1697
vn -0.5400 -0.4226 -0.7279
vn -0.7533 -0.3383 -0.5640
vn -0.9063 -0.2267 -0.3567
vn -0.5317 -0.3730 -0.7604
vn -0.7474 -0.3036 -0.5910
vn -0.9035 -0.2092 -0.3741
vn -0.7708 0.3140 0.5543
vn -0.7656 0.2828 0.5778
vn -0.9085 0.1982 0.3679
vn -0.9050 0.1764 0.3872
vn -0.9848 0.0705 0.1590
vn -0.9837 0.0582 0.1700
vn -0.5480 -0.0259 0.8361
vn -0.7894 -0.0506 0.6118
vn -0.9576 -0.0718 0.2789
vn -0.7247 0.1497 0.6726
vn -0.8869 0.0492 0.4592
vn -0.9764 -0.0102 0.2158
vn -0.5239 -0.3493 -0.7769
vn -0.7400 -0.2880 -0.6078
vn -0.9002 -0.2018 -0.3859
vn -0.7604 0.2612 0.5946
vn -0.9002 0.1627 0.4039
vn -0.9822 0.0518 0.1807
vn -0.2416 -0.8150 -0.5267
vn -0.2444 -0.4765 -0.8445
vn -0.1167 -0.9709 0.2091
vn -0.1166 -0.9708 0.2095
vn 0.1755 -0.0873 0.9806
vn -0.2451 -0.4967 -0.8326
vn -0.2451 -0.4963 -0.8328
vn 0.1515 0.9881 -0.0259
vn -0.2456 -0.5199 -0.8182
vn -0.3723 0.8500 -0.3726
vn -0.5812 0.4656 0.6673
vn -0.6400 0.4643 0.6122
vn 0.7994 0.5969 0.0684
vn 0.7994 0.5969 0.0683
vn -0.6071 -0.7931 0.0494
vn -0.0970 0.6571 -0.7476
vn -0.0970 0.6570 -0.7476
vn -0.1657 -0.1358 0.9768
vn -0.6396 0.6325 0.4370
vn 0.5932 -0.1859 -0.7833
vn 0.8173 -0.5341 0.2161
vn 0.3932 0.8763 -0.2782
vn -0.6732 0.4984 -0.5463
vn -0.8866 0.3100 -0.3431
vn -0.9764 0.2057 -0.0657
vn -0.4971 0.0965 0.8623
vn -0.6221 0.7468 -0.2350
vn 0.0776 0.6936 -0.7162
vn 0.7575 -0.4276 -0.4934
vn 0.7574 -0.4275 -0.4935
vn 0.7574 -0.4277 -0.4934
vn -0.4552 -0.5591 0.6929
vn -0.2822 -0.3614 0.8887
vn -0.6576 -0.5969 0.4597
vn -0.0812 0.4833 -0.8717
vn 0.8847 0.0571 0.4627
vn -0.8951 -0.4287 -0.1223
vn 0.1292 -0.4547 0.8812
vn -0.9062 0.3156 0.2815
vn -0.4365 0.8820 -0.1779
vn 0.5739 0.5892 -0.5687
vn 0.4749 -0.5114 -0.7162
vn -0.6163 -0.1027 0.7808
vn 0.5733 -0.3532 -0.7393
vn 0.7437 -0.4894 -0.4554
vn -0.8240 0.5598 -0.0871
vn 0.0103 0.9758 0.2185
vn -0.9232 -0.3827 0.0336
vn 0.1186 0.8868 0.4466
vt 0.129631 0.361744
vt 0.128187 0.367085
vt 0.125808 0.364265
vt 0.014481 0.493987
vt 0.017135 0.478653
vt 0.017529 0.493897
vt 0.124415 0.369792
vt 0.123058 0.375612
vt 0.120742 0.372677
vt 0.047080 0.447537
vt 0.045370 0.433032
vt 0.048333 0.433135
vt 0.113893 0.378853
vt 0.108668 0.378985
vt 0.111686 0.375890
vt 0.015512 0.509196
vt 0.018562 0.509060
vt 0.047593 0.508735
vt 0.046648 0.525145
vt 0.044635 0.508908
vt 0.046065 0.477990
vt 0.043328 0.462576
vt 0.046294 0.462586
vt 0.114965 0.372794
vt 0.118455 0.369774
vt 0.119481 0.378697
vt 0.117213 0.375728
vt 0.047109 0.419091
vt 0.050066 0.419247
vt 0.020509 0.407297
vt 0.021261 0.420878
vt 0.018233 0.420765
vt 0.016473 0.434454
vt 0.018224 0.448676
vt 0.015192 0.448639
vt 0.049548 0.404670
vt 0.052490 0.404881
vt 0.053564 0.385818
vt 0.056476 0.386058
vt 0.026853 0.379839
vt 0.026397 0.393942
vt 0.023365 0.393737
vt 0.110835 0.381978
vt 0.105880 0.382110
vt 0.059568 0.359528
vt 0.062468 0.359747
vt 0.066096 0.328688
vt 0.069125 0.328770
vt 0.030792 0.365670
vt 0.029890 0.380089
vt 0.105305 0.388479
vt 0.100762 0.388735
vt 0.103268 0.385330
vt 0.017153 0.524357
vt 0.020205 0.524173
vt 0.019494 0.539931
vt 0.022548 0.539690
vt 0.053812 0.547008
vt 0.058088 0.579309
vt 0.050910 0.547327
vt 0.126777 0.372683
vt 0.022666 0.556286
vt 0.025716 0.555970
vt 0.026608 0.573102
vt 0.029592 0.572502
vt 0.060974 0.579000
vt 0.066104 0.617392
vt 0.137228 0.361654
vt 0.134805 0.367263
vt 0.132196 0.364486
vt 0.020169 0.478613
vt 0.020568 0.493807
vt 0.031137 0.448083
vt 0.022923 0.434582
vt 0.032398 0.433783
vt 0.044114 0.447481
vt 0.042398 0.432929
vt 0.043740 0.418955
vt 0.036519 0.406065
vt 0.046193 0.404491
vt 0.021603 0.508922
vt 0.023247 0.523987
vt 0.043101 0.478034
vt 0.040562 0.493624
vt 0.040129 0.478077
vt 0.040354 0.462566
vt 0.043536 0.493520
vt 0.041665 0.509083
vt 0.017417 0.463473
vt 0.019502 0.434528
vt 0.021249 0.448713
vt 0.022523 0.434601
vt 0.046596 0.404456
vt 0.041996 0.432948
vt 0.034144 0.419986
vt 0.023538 0.407455
vt 0.024279 0.420993
vt 0.026557 0.407616
vt 0.056675 0.359306
vt 0.040022 0.389893
vt 0.050239 0.385672
vt 0.029419 0.394150
vt 0.033868 0.365959
vt 0.032920 0.380345
vt 0.063057 0.328705
vt 0.022004 0.508919
vt 0.030514 0.493717
vt 0.031580 0.509000
vt 0.043692 0.525406
vt 0.048005 0.547651
vt 0.025591 0.539447
vt 0.028751 0.555656
vt 0.033416 0.524686
vt 0.026007 0.539529
vt 0.023651 0.523997
vt 0.055210 0.579618
vt 0.063029 0.617344
vt 0.032509 0.571905
vt 0.046501 0.493416
vt 0.042874 0.597699
vt 0.045147 0.596315
vt 0.047441 0.594927
vt 0.040161 0.493631
vt 0.041263 0.509088
vt 0.041141 0.447424
vt 0.039729 0.478087
vt 0.143757 0.358353
vt 0.140791 0.364004
vt 0.122088 0.366935
vt 0.047595 0.547566
vt 0.042271 0.567533
vt 0.036802 0.543518
vt 0.095041 0.403142
vt 0.093421 0.409965
vt 0.094268 0.403071
vt 0.092575 0.409727
vt 0.093487 0.402992
vt 0.024682 0.420970
vt 0.014384 0.463470
vt 0.020969 0.493800
vt 0.030094 0.478352
vt 0.020443 0.463474
vt 0.150643 0.354464
vt 0.149410 0.359681
vt 0.142423 0.354736
vt 0.138109 0.356888
vt 0.032867 0.571776
vt 0.029197 0.555886
vt 0.054772 0.579358
vt 0.047430 0.594296
vt 0.102353 0.392556
vt 0.098309 0.392387
vt 0.113019 0.385009
vt 0.108010 0.385133
vt 0.044142 0.418933
vt 0.033383 0.380096
vt 0.044957 0.369864
vt 0.116118 0.381853
vt 0.110156 0.388199
vt 0.030341 0.463031
vt 0.039953 0.462579
vt 0.049590 0.524888
vt 0.274927 0.451153
vt 0.236716 0.487801
vt 0.235302 0.487385
vt 0.043290 0.525399
vt 0.098884 0.397693
vt 0.096061 0.395976
vt 0.099523 0.402950
vt 0.095150 0.403021
vt 0.056237 0.359564
vt 0.049721 0.347983
vt 0.062498 0.329590
vt 0.037200 0.366661
vt 0.150773 0.354368
vt 0.159041 0.353489
vt 0.159031 0.354490
vt 0.133696 0.359299
vt 0.150781 0.353586
vt 0.158888 0.352618
vt 0.029841 0.394052
vt 0.014087 0.478693
vt 0.040740 0.447440
vt 0.026963 0.407581
vt 0.095131 0.396159
vt 0.095971 0.395980
vt 0.107359 0.391668
vt 0.050651 0.385572
vt 0.047469 0.345912
vt 0.036852 0.366515
vt 0.021649 0.448697
vt 0.020843 0.463462
vt 0.020569 0.478604
vt 0.130603 0.369941
vt 0.103960 0.396393
vt 0.298947 0.379508
vt 0.193563 0.368148
vt 0.321240 0.372861
vt 0.107046 0.427116
vt 0.166473 0.452154
vt 0.166013 0.453369
vt 0.109938 0.427040
vt 0.166938 0.450941
vt 0.216882 0.464775
vt 0.205061 0.422334
vt 0.239815 0.423962
vt 0.230248 0.612791
vt 0.135163 0.565882
vt 0.140097 0.561014
vt 0.328100 0.413843
vt 0.275972 0.452195
vt 0.221565 0.547059
vt 0.226706 0.606880
vt 0.220233 0.547272
vt 0.199159 0.401143
vt 0.262724 0.383189
vt 0.273113 0.602013
vt 0.336782 0.516649
vt 0.267698 0.624802
vt 0.094352 0.469112
vt 0.158099 0.480392
vt 0.096775 0.470795
vt 0.263473 0.529781
vt 0.304647 0.506826
vt 0.286483 0.570921
vt 0.208661 0.495365
vt 0.157826 0.481711
vt 0.336746 0.390163
vt 0.344509 0.518728
vt 0.076964 0.453070
vt 0.129730 0.571246
vt 0.060304 0.436867
vt 0.245477 0.630378
vt 0.328378 0.414037
vt 0.327633 0.513927
vt 0.326600 0.417361
vt 0.235239 0.487603
vt 0.250613 0.539773
vt 0.249331 0.540195
vt 0.219661 0.476928
vt 0.155001 0.464046
vt 0.160682 0.458457
vt 0.191819 0.360781
vt 0.344302 0.366311
vt 0.234958 0.487405
vt 0.273432 0.443832
vt 0.274836 0.450930
vt 0.329440 0.514614
vt 0.273583 0.597902
vt 0.270775 0.358462
vt 0.305386 0.305441
vt 0.338819 0.357192
vt 0.216353 0.488219
vt 0.154911 0.464352
vt 0.221182 0.483655
vt 0.263768 0.433270
vt 0.256799 0.431346
vt 0.243975 0.545500
vt 0.249135 0.540347
vt 0.271676 0.435805
vt 0.344642 0.366670
vt 0.271458 0.435568
vt 0.222900 0.546842
vt 0.209838 0.494540
vt 0.210909 0.493521
vt 0.140402 0.560717
vt 0.096609 0.471034
vt 0.141678 0.559507
vt 0.083490 0.431489
vt 0.060441 0.436399
vt 0.229551 0.611975
vt 0.227934 0.609325
vt 0.229843 0.611819
vt 0.227903 0.485414
vt 0.238104 0.551126
vt 0.221452 0.483589
vt 0.093426 0.468669
vt 0.156652 0.472002
vt 0.158348 0.478834
vt 0.217909 0.469860
vt 0.261830 0.648119
vt 0.326332 0.417202
vt 0.277010 0.453239
vt 0.217377 0.468148
vt 0.217721 0.469572
vt 0.195231 0.375256
vt 0.294851 0.381219
vt 0.195581 0.376998
vt 0.247104 0.298691
vt 0.203692 0.347665
vt 0.107058 0.426787
vt 0.109927 0.426724
vt 0.256570 0.431248
vt 0.217589 0.468096
vt 0.255524 0.430295
vt 0.237792 0.551204
vt 0.230043 0.548997
vt 0.210750 0.493356
vt 0.158378 0.479079
vt 0.261351 0.648238
vt 0.280561 0.257262
vt 0.274197 0.320760
vt 0.221261 0.483390
vt 0.217044 0.466774
vt 0.195931 0.378722
vt 0.112465 0.426639
vt 0.292163 0.382413
vt 0.238016 0.488406
vt 0.251895 0.539343
vt 0.325843 0.513248
vt 0.325123 0.420233
vt 0.273798 0.595196
vt 0.142944 0.558305
vt 0.208808 0.495518
vt 0.226482 0.607022
vt 0.328713 0.413051
vt 0.329841 0.514748
vt 0.273027 0.600972
vt 0.273267 0.597875
vt 0.273533 0.595174
vt 0.238076 0.488203
vt 0.211066 0.493214
vt 0.206802 0.497036
vt 0.174690 0.527573
vt 0.159883 0.495764
vt 0.158658 0.542819
vt 0.113009 0.494494
vt 0.165856 0.453558
vt 0.106018 0.426984
vt 0.176218 0.441925
vt 0.135592 0.419099
vt 0.217249 0.466724
vt 0.254475 0.429349
vt 0.281646 0.465655
vt 0.322811 0.442731
vt 0.240441 0.488600
vt 0.283266 0.500757
vt 0.223146 0.546885
vt 0.205553 0.544113
vt 0.204306 0.591145
vt 0.098791 0.472238
vt 0.195143 0.374841
vt 0.298087 0.380087
vt 0.295004 0.381494
vt 0.292281 0.382644
vt 0.119719 0.350070
vt 0.118228 0.355437
vt 0.115849 0.352583
vt 0.458772 0.450248
vt 0.456109 0.465477
vt 0.455746 0.450328
vt 0.114424 0.358142
vt 0.113046 0.363982
vt 0.110729 0.361032
vt 0.426258 0.496504
vt 0.427970 0.510987
vt 0.425011 0.510885
vt 0.103852 0.367216
vt 0.098611 0.367345
vt 0.101641 0.364243
vt 0.457832 0.435156
vt 0.454805 0.435267
vt 0.425905 0.435388
vt 0.426975 0.419001
vt 0.428860 0.435235
vt 0.427289 0.466095
vt 0.430005 0.481488
vt 0.427043 0.481477
vt 0.104934 0.361142
vt 0.108438 0.358117
vt 0.109453 0.367068
vt 0.107184 0.364087
vt 0.426235 0.524908
vt 0.423284 0.524751
vt 0.452811 0.536671
vt 0.452049 0.523110
vt 0.455072 0.523221
vt 0.456821 0.509554
vt 0.455066 0.495360
vt 0.458093 0.495394
vt 0.423784 0.539316
vt 0.420838 0.539106
vt 0.419801 0.558178
vt 0.416890 0.557942
vt 0.446516 0.564113
vt 0.446947 0.550019
vt 0.449976 0.550219
vt 0.100786 0.370344
vt 0.095818 0.370485
vt 0.413864 0.584484
vt 0.410970 0.584272
vt 0.407393 0.615257
vt 0.404372 0.615178
vt 0.442605 0.578283
vt 0.443480 0.563869
vt 0.095270 0.376855
vt 0.090745 0.377157
vt 0.093216 0.373727
vt 0.456369 0.420065
vt 0.453325 0.420216
vt 0.454202 0.404521
vt 0.451155 0.404723
vt 0.419954 0.397065
vt 0.415669 0.364611
vt 0.422867 0.396757
vt 0.116786 0.361054
vt 0.451285 0.388171
vt 0.448243 0.388413
vt 0.447873 0.371444
vt 0.444833 0.371715
vt 0.412776 0.364931
vt 0.407348 0.326552
vt 0.127359 0.350056
vt 0.124877 0.355664
vt 0.122278 0.352853
vt 0.453093 0.465517
vt 0.452727 0.450407
vt 0.442175 0.495957
vt 0.450381 0.509429
vt 0.440922 0.510232
vt 0.429219 0.496560
vt 0.430937 0.511089
vt 0.429599 0.525043
vt 0.436816 0.537917
vt 0.427141 0.539495
vt 0.451784 0.435379
vt 0.450289 0.420370
vt 0.430249 0.466058
vt 0.432834 0.450510
vt 0.433215 0.466021
vt 0.432974 0.481500
vt 0.429866 0.450600
vt 0.431826 0.435081
vt 0.455860 0.480598
vt 0.453797 0.509482
vt 0.452047 0.495324
vt 0.450781 0.509410
vt 0.426738 0.539529
vt 0.431338 0.511070
vt 0.439182 0.524010
vt 0.449785 0.536516
vt 0.449034 0.522998
vt 0.446770 0.536360
vt 0.416752 0.584698
vt 0.433333 0.554084
vt 0.423125 0.558318
vt 0.443927 0.549816
vt 0.439530 0.578001
vt 0.440451 0.563618
vt 0.410425 0.615237
vt 0.451385 0.435380
vt 0.442842 0.450458
vt 0.441867 0.435230
vt 0.429933 0.418763
vt 0.425785 0.396444
vt 0.448116 0.404927
vt 0.445208 0.388654
vt 0.440170 0.419575
vt 0.447702 0.404840
vt 0.449887 0.420357
vt 0.418556 0.364289
vt 0.410423 0.326576
vt 0.441795 0.371990
vt 0.426906 0.450690
vt 0.141034 0.342912
vt 0.132881 0.342269
vt 0.141050 0.342144
vt 0.133113 0.341452
vt 0.141064 0.341374
vt 0.433234 0.450504
vt 0.432227 0.435078
vt 0.432187 0.496616
vt 0.433615 0.466013
vt 0.133943 0.346813
vt 0.130912 0.352449
vt 0.112090 0.355260
vt 0.426196 0.396531
vt 0.431723 0.376436
vt 0.436973 0.400708
vt 0.085086 0.391841
vt 0.083393 0.398811
vt 0.084292 0.391768
vt 0.082621 0.398484
vt 0.083493 0.391691
vt 0.448633 0.523021
vt 0.458888 0.480596
vt 0.452329 0.450412
vt 0.443217 0.465766
vt 0.452840 0.480599
vt 0.140903 0.343007
vt 0.139593 0.348206
vt 0.132643 0.343170
vt 0.128291 0.345283
vt 0.441428 0.372121
vt 0.444762 0.388412
vt 0.418996 0.364548
vt 0.426245 0.349473
vt 0.092355 0.380949
vt 0.088358 0.380827
vt 0.102974 0.373379
vt 0.097959 0.373502
vt 0.429197 0.525066
vt 0.439989 0.563867
vt 0.428440 0.574118
vt 0.106079 0.370226
vt 0.100102 0.376550
vt 0.442966 0.481041
vt 0.433374 0.481488
vt 0.424031 0.419237
vt 0.108054 0.336564
vt 0.106334 0.341823
vt 0.104080 0.338901
vt 0.430335 0.418773
vt 0.088930 0.386146
vt 0.086153 0.384446
vt 0.089490 0.391434
vt 0.085201 0.391716
vt 0.417189 0.584440
vt 0.423703 0.596000
vt 0.410981 0.614353
vt 0.436198 0.577304
vt 0.149270 0.342135
vt 0.149251 0.343130
vt 0.123836 0.347657
vt 0.149125 0.341268
vt 0.443506 0.549914
vt 0.459136 0.465436
vt 0.432587 0.496600
vt 0.446364 0.536395
vt 0.085193 0.384633
vt 0.086061 0.384450
vt 0.097327 0.380010
vt 0.422714 0.558418
vt 0.425958 0.598067
vt 0.436546 0.577450
vt 0.451648 0.495340
vt 0.452442 0.480611
vt 0.452695 0.465526
vt 0.120640 0.358321
vt 0.093959 0.384750
vt 0.407588 0.445170
vt 0.405153 0.459719
vt 0.404700 0.445254
vt 0.102487 0.344383
vt 0.101018 0.350105
vt 0.098776 0.347172
vt 0.377050 0.490158
vt 0.379140 0.504161
vt 0.376265 0.504157
vt 0.091956 0.353285
vt 0.086739 0.353486
vt 0.089729 0.350344
vt 0.406707 0.430772
vt 0.403813 0.430864
vt 0.375935 0.430838
vt 0.377085 0.414950
vt 0.378799 0.430700
vt 0.377417 0.460642
vt 0.380313 0.475521
vt 0.377445 0.475572
vt 0.093013 0.347236
vt 0.096538 0.344244
vt 0.097480 0.353110
vt 0.095245 0.350170
vt 0.377930 0.517787
vt 0.375039 0.517736
vt 0.404285 0.527800
vt 0.402831 0.514880
vt 0.405723 0.514843
vt 0.406830 0.501746
vt 0.404716 0.488266
vt 0.407603 0.488218
vt 0.376090 0.532159
vt 0.373182 0.532038
vt 0.372910 0.551972
vt 0.370025 0.551784
vt 0.400376 0.554653
vt 0.399582 0.541014
vt 0.402512 0.540974
vt 0.088959 0.356431
vt 0.084018 0.356687
vt 0.367932 0.580787
vt 0.365072 0.580589
vt 0.362425 0.614619
vt 0.359570 0.614290
vt 0.398004 0.568692
vt 0.397422 0.554698
vt 0.083661 0.363072
vt 0.079178 0.363513
vt 0.081517 0.360004
vt 0.405432 0.416381
vt 0.402528 0.416481
vt 0.403703 0.401509
vt 0.400778 0.401627
vt 0.370825 0.393597
vt 0.368104 0.362382
vt 0.373633 0.393387
vt 0.104736 0.347312
vt 0.401386 0.385719
vt 0.398444 0.385877
vt 0.398447 0.369261
vt 0.395539 0.369698
vt 0.365341 0.362544
vt 0.362432 0.325912
vt 0.115656 0.336938
vt 0.112856 0.342310
vt 0.110452 0.339437
vt 0.402272 0.459790
vt 0.401813 0.445339
vt 0.392392 0.489192
vt 0.400677 0.501859
vt 0.391631 0.502976
vt 0.379918 0.490132
vt 0.382022 0.504162
vt 0.381225 0.517795
vt 0.388868 0.530039
vt 0.379410 0.532223
vt 0.400922 0.430958
vt 0.399624 0.416585
vt 0.380288 0.460569
vt 0.382665 0.445492
vt 0.383160 0.460497
vt 0.383185 0.475471
vt 0.379793 0.445591
vt 0.381671 0.430562
vt 0.405140 0.474158
vt 0.403944 0.501787
vt 0.401832 0.488314
vt 0.401059 0.501827
vt 0.379014 0.532278
vt 0.382411 0.504130
vt 0.390497 0.516353
vt 0.401379 0.527838
vt 0.399939 0.514915
vt 0.398470 0.527871
vt 0.370791 0.580991
vt 0.386283 0.546535
vt 0.376205 0.552032
vt 0.396650 0.541047
vt 0.395022 0.568730
vt 0.394466 0.554737
vt 0.365397 0.614585
vt 0.400540 0.430956
vt 0.392323 0.445414
vt 0.391385 0.430762
vt 0.379955 0.414763
vt 0.376444 0.393169
vt 0.397856 0.401750
vt 0.395513 0.386038
vt 0.389886 0.415684
vt 0.397460 0.401656
vt 0.399239 0.416566
vt 0.370850 0.362209
vt 0.365672 0.326310
vt 0.392699 0.370132
vt 0.376928 0.445690
vt 0.383852 0.345044
vt 0.381621 0.346277
vt 0.379371 0.347514
vt 0.383052 0.445485
vt 0.382059 0.430560
vt 0.382791 0.490105
vt 0.383547 0.460483
vt 0.122554 0.334071
vt 0.119032 0.339475
vt 0.100241 0.341458
vt 0.376836 0.393265
vt 0.382888 0.374110
vt 0.387187 0.397488
vt 0.073894 0.379761
vt 0.072177 0.388288
vt 0.073074 0.379776
vt 0.071333 0.388047
vt 0.072253 0.379790
vt 0.399554 0.514955
vt 0.408027 0.474100
vt 0.401432 0.445345
vt 0.392802 0.460137
vt 0.402256 0.474216
vt 0.130307 0.330919
vt 0.128276 0.335758
vt 0.121460 0.330375
vt 0.116867 0.332309
vt 0.392348 0.370239
vt 0.395093 0.385795
vt 0.371253 0.362477
vt 0.379359 0.348106
vt 0.080889 0.367419
vt 0.076950 0.367255
vt 0.091181 0.359384
vt 0.086230 0.359635
vt 0.380832 0.517833
vt 0.394025 0.555032
vt 0.382516 0.567879
vt 0.094185 0.356232
vt 0.088442 0.362590
vt 0.392802 0.474830
vt 0.383572 0.475451
vt 0.374224 0.415135
vt 0.380343 0.414779
vt 0.077614 0.373168
vt 0.074889 0.370946
vt 0.078199 0.379117
vt 0.074009 0.379610
vt 0.371208 0.580686
vt 0.378759 0.591473
vt 0.365907 0.613598
vt 0.391658 0.568653
vt 0.130454 0.330826
vt 0.139284 0.330534
vt 0.139398 0.331390
vt 0.112286 0.334386
vt 0.130530 0.330006
vt 0.139146 0.329665
vt 0.396245 0.541182
vt 0.408042 0.459647
vt 0.383179 0.490079
vt 0.398081 0.527931
vt 0.073937 0.371239
vt 0.074803 0.370960
vt 0.085802 0.366146
vt 0.375804 0.552164
vt 0.073069 0.371515
vt 0.401450 0.488339
vt 0.401874 0.474235
vt 0.401891 0.459803
vt 0.108592 0.344748
vt 0.082586 0.371328
vt 0.094408 0.410074
vt 0.094439 0.410054
vt 0.094414 0.410102
vt 0.094436 0.410017
vt 0.094460 0.410017
vt 0.094447 0.410074
vt 0.094461 0.410039
vt 0.094516 0.409932
vt 0.094494 0.409925
vt 0.094522 0.409888
vt 0.094502 0.409982
vt 0.094485 0.409977
vt 0.094465 0.409969
vt 0.094476 0.410021
vt 0.094467 0.410094
vt 0.094465 0.410061
vt 0.094487 0.410033
vt 0.094443 0.410114
vt 0.159004 0.354519
vt 0.158967 0.354512
vt 0.159073 0.354512
vt 0.159024 0.354529
vt 0.158962 0.354537
vt 0.158913 0.354536
vt 0.158986 0.354540
vt 0.159043 0.354551
vt 0.159008 0.354546
vt 0.159066 0.354530
vt 0.158977 0.354565
vt 0.158964 0.354553
vt 0.158862 0.354561
vt 0.158866 0.354584
vt 0.158819 0.354585
vt 0.158918 0.354557
vt 0.158921 0.354575
vt 0.092544 0.409700
vt 0.092540 0.409663
vt 0.092571 0.409758
vt 0.092546 0.409724
vt 0.062747 0.328847
vt 0.062761 0.328945
vt 0.062647 0.329111
vt 0.062852 0.328756
vt 0.062833 0.328866
vt 0.062924 0.328797
vt 0.063049 0.328629
vt 0.062914 0.328936
vt 0.062810 0.328973
vt 0.062923 0.328706
vt 0.062557 0.329367
vt 0.062624 0.329408
vt 0.062694 0.329158
vt 0.062766 0.329179
vt 0.158858 0.352595
vt 0.158908 0.352615
vt 0.062725 0.617204
vt 0.062736 0.617105
vt 0.062838 0.617298
vt 0.062966 0.617450
vt 0.062908 0.617335
vt 0.062811 0.617184
vt 0.062597 0.616631
vt 0.062530 0.616672
vt 0.062471 0.616445
vt 0.062740 0.616865
vt 0.062668 0.616886
vt 0.062622 0.616933
vt 0.062785 0.617077
vt 0.062906 0.617251
vt 0.062891 0.617114
vt 0.063005 0.617454
vt 0.235272 0.487433
vt 0.235212 0.487399
vt 0.235249 0.487488
vt 0.235192 0.487434
vt 0.235109 0.487416
vt 0.235137 0.487456
vt 0.235122 0.487437
vt 0.235171 0.487544
vt 0.235239 0.487546
vt 0.235093 0.487475
vt 0.235172 0.487504
vt 0.235181 0.487468
vt 0.235024 0.487417
vt 0.235068 0.487436
vt 0.235020 0.487429
vt 0.235115 0.487464
vt 0.094249 0.469148
vt 0.094056 0.469003
vt 0.093810 0.468923
vt 0.093750 0.468879
vt 0.094187 0.469383
vt 0.093957 0.469068
vt 0.094172 0.469269
vt 0.093701 0.468864
vt 0.093942 0.469086
vt 0.093991 0.469053
vt 0.094194 0.469198
vt 0.328369 0.413604
vt 0.328221 0.413809
vt 0.328531 0.413374
vt 0.328492 0.413445
vt 0.328326 0.413608
vt 0.328355 0.413894
vt 0.328460 0.413628
vt 0.328402 0.413619
vt 0.328439 0.413620
vt 0.328504 0.413423
vt 0.328568 0.413336
vt 0.273113 0.601045
vt 0.273083 0.601292
vt 0.273125 0.601320
vt 0.273142 0.601548
vt 0.273135 0.601635
vt 0.273357 0.600978
vt 0.273192 0.601348
vt 0.273262 0.601052
vt 0.273163 0.601326
vt 0.273186 0.601069
vt 0.298098 0.379981
vt 0.298332 0.379886
vt 0.298075 0.379911
vt 0.298331 0.379838
vt 0.298551 0.379705
vt 0.298597 0.379682
vt 0.297905 0.379815
vt 0.298317 0.379769
vt 0.298017 0.379858
vt 0.298311 0.379747
vt 0.298636 0.379647
vt 0.298529 0.379713
vt 0.210838 0.493327
vt 0.210800 0.493385
vt 0.210935 0.493319
vt 0.210872 0.493348
vt 0.210898 0.493374
vt 0.210846 0.493423
vt 0.210931 0.493343
vt 0.211022 0.493265
vt 0.210954 0.493339
vt 0.210983 0.493293
vt 0.211013 0.493255
vt 0.210937 0.493294
vt 0.210882 0.493470
vt 0.210942 0.493436
vt 0.210922 0.493401
vt 0.210979 0.493339
vt 0.229940 0.612129
vt 0.229800 0.611923
vt 0.230002 0.612365
vt 0.229912 0.612176
vt 0.229669 0.611997
vt 0.229851 0.612245
vt 0.229745 0.611978
vt 0.229867 0.612230
vt 0.230024 0.612408
vt 0.230065 0.612504
vt 0.229882 0.612197
vt 0.229974 0.612329
vt 0.217925 0.469607
vt 0.217893 0.469546
vt 0.217943 0.469518
vt 0.217883 0.469695
vt 0.217889 0.469626
vt 0.217837 0.469566
vt 0.217865 0.469679
vt 0.217854 0.469636
vt 0.217887 0.469797
vt 0.217856 0.469702
vt 0.217882 0.469749
vt 0.217900 0.469794
vt 0.217904 0.469708
vt 0.217778 0.469574
vt 0.217778 0.469643
vt 0.217818 0.469643
vt 0.217844 0.469723
vt 0.106709 0.426999
vt 0.106978 0.427028
vt 0.106735 0.427047
vt 0.106453 0.426981
vt 0.106502 0.426984
vt 0.106979 0.426878
vt 0.106676 0.426913
vt 0.106958 0.426953
vt 0.106682 0.426934
vt 0.106351 0.426968
vt 0.261915 0.648198
vt 0.261713 0.648165
vt 0.261964 0.648310
vt 0.261765 0.648325
vt 0.261596 0.648201
vt 0.261772 0.648449
vt 0.261640 0.648382
vt 0.261807 0.649070
vt 0.261695 0.648611
vt 0.261993 0.648501
vt 0.261380 0.648648
vt 0.261553 0.648502
vt 0.261659 0.648463
vt 0.261477 0.648224
vt 0.261312 0.648345
vt 0.261503 0.648389
vt 0.261319 0.648466
vt 0.344326 0.366200
vt 0.344400 0.366391
vt 0.344397 0.366100
vt 0.344510 0.366268
vt 0.344488 0.366476
vt 0.344613 0.366200
vt 0.344622 0.366347
vt 0.345139 0.365849
vt 0.344789 0.366185
vt 0.344548 0.365978
vt 0.344989 0.366433
vt 0.344768 0.366361
vt 0.344681 0.366290
vt 0.344567 0.366568
vt 0.344756 0.366648
vt 0.344696 0.366462
vt 0.344860 0.366580
vt 0.221387 0.483619
vt 0.221413 0.483529
vt 0.221321 0.483639
vt 0.221356 0.483562
vt 0.221369 0.483478
vt 0.221299 0.483545
vt 0.221326 0.483519
vt 0.221190 0.483584
vt 0.221254 0.483651
vt 0.221205 0.483518
vt 0.221255 0.483587
vt 0.221308 0.483582
vt 0.221319 0.483432
vt 0.221228 0.483454
vt 0.221284 0.483487
vt 0.221262 0.483534
vt 0.060196 0.436901
vt 0.060324 0.436744
vt 0.060077 0.436889
vt 0.060164 0.436710
vt 0.060351 0.436627
vt 0.060057 0.436656
vt 0.060178 0.436577
vt 0.059506 0.436381
vt 0.059959 0.436512
vt 0.059900 0.436821
vt 0.060078 0.436223
vt 0.060120 0.436445
vt 0.060101 0.436554
vt 0.060391 0.436514
vt 0.060371 0.436314
vt 0.060240 0.436457
vt 0.060265 0.436261
vt 0.324893 0.420102
vt 0.324938 0.420192
vt 0.324854 0.420212
vt 0.325027 0.420127
vt 0.324993 0.420195
vt 0.324917 0.420265
vt 0.324830 0.420308
vt 0.324962 0.420249
vt 0.325021 0.420243
vt 0.325068 0.420160
vt 0.325038 0.420327
vt 0.324968 0.420298
vt 0.324814 0.420400
vt 0.324887 0.420448
vt 0.326117 0.419895
vt 0.324902 0.420346
vt 0.324962 0.420393
vt 0.238120 0.488235
vt 0.238051 0.488252
vt 0.238158 0.488271
vt 0.238094 0.488279
vt 0.238033 0.488301
vt 0.238171 0.488377
vt 0.238191 0.488310
vt 0.236144 0.487729
vt 0.238122 0.488393
vt 0.238146 0.488333
vt 0.238022 0.488351
vt 0.238071 0.488402
vt 0.238073 0.488351
vt 0.273617 0.595117
vt 0.273608 0.595214
vt 0.273561 0.595053
vt 0.273637 0.595036
vt 0.273664 0.595148
vt 0.273667 0.595078
vt 0.273712 0.594852
vt 0.273627 0.594852
vt 0.274714 0.595810
vt 0.273746 0.594952
vt 0.273669 0.594952
vt 0.273593 0.594949
vt 0.273699 0.595037
vt 0.273714 0.595122
vt 0.273776 0.595061
vt 0.273711 0.595223
vt 0.208706 0.495397
vt 0.208636 0.495414
vt 0.208744 0.495432
vt 0.208680 0.495441
vt 0.208619 0.495463
vt 0.208690 0.495484
vt 0.208664 0.495476
vt 0.208757 0.495541
vt 0.208778 0.495472
vt 0.208708 0.495556
vt 0.208732 0.495496
vt 0.208697 0.495510
vt 0.208710 0.495465
vt 0.208608 0.495513
vt 0.208657 0.495564
vt 0.210283 0.493976
vt 0.208659 0.495514
vt 0.098768 0.472339
vt 0.098704 0.472282
vt 0.098852 0.472321
vt 0.098832 0.472393
vt 0.098734 0.472357
vt 0.098669 0.472314
vt 0.098787 0.472391
vt 0.098969 0.472532
vt 0.098999 0.472483
vt 0.097359 0.472981
vt 0.098861 0.472504
vt 0.098889 0.472452
vt 0.098922 0.472402
vt 0.098999 0.472482
vt 0.098635 0.472462
vt 0.098731 0.472397
vt 0.098753 0.472482
vt 0.098650 0.472358
vt 0.098810 0.472429
vt 0.226606 0.606868
vt 0.226626 0.606786
vt 0.226659 0.606950
vt 0.226579 0.606917
vt 0.226550 0.606805
vt 0.226550 0.606708
vt 0.226544 0.606856
vt 0.226522 0.606917
vt 0.226572 0.607006
vt 0.226439 0.606891
vt 0.226497 0.606835
vt 0.226475 0.606637
vt 0.226399 0.606676
vt 0.225988 0.608001
vt 0.226483 0.606745
vt 0.226415 0.606780
vt 0.292186 0.382599
vt 0.292276 0.382561
vt 0.292162 0.382680
vt 0.292104 0.382621
vt 0.292188 0.382544
vt 0.292259 0.382513
vt 0.292126 0.382575
vt 0.291908 0.382649
vt 0.291950 0.382722
vt 0.292239 0.381347
vt 0.291979 0.382573
vt 0.292015 0.382636
vt 0.292054 0.382704
vt 0.292074 0.382569
vt 0.292140 0.382516
vt 0.292059 0.382497
vt 0.217199 0.466746
vt 0.217219 0.466678
vt 0.217150 0.466762
vt 0.217174 0.466702
vt 0.217185 0.466639
vt 0.217132 0.466690
vt 0.217152 0.466671
vt 0.217050 0.466719
vt 0.217099 0.466771
vt 0.217062 0.466669
vt 0.217101 0.466720
vt 0.217106 0.466682
vt 0.217139 0.466716
vt 0.217147 0.466604
vt 0.217079 0.466621
vt 0.217663 0.468812
vt 0.217122 0.466648
vt 0.112475 0.426903
vt 0.112535 0.426822
vt 0.112596 0.426881
vt 0.112429 0.426776
vt 0.112507 0.426774
vt 0.112617 0.426806
vt 0.112701 0.426854
vt 0.112576 0.426775
vt 0.112535 0.426726
vt 0.112434 0.426724
vt 0.112598 0.426667
vt 0.112618 0.426745
vt 0.112799 0.426824
vt 0.112803 0.426740
vt 0.111877 0.425730
vt 0.112702 0.426778
vt 0.112705 0.426702
vt 0.084253 0.399045
vt 0.084279 0.399035
vt 0.084251 0.399067
vt 0.084283 0.399002
vt 0.084308 0.399005
vt 0.084280 0.399055
vt 0.084303 0.399028
vt 0.084372 0.398912
vt 0.084348 0.398904
vt 0.084378 0.398865
vt 0.084358 0.398968
vt 0.084338 0.398963
vt 0.084315 0.398953
vt 0.084325 0.399013
vt 0.084290 0.399074
vt 0.084300 0.399049
vt 0.084337 0.399033
vt 0.084254 0.399080
vt 0.149223 0.343158
vt 0.149187 0.343151
vt 0.149292 0.343151
vt 0.149244 0.343168
vt 0.149182 0.343175
vt 0.149133 0.343174
vt 0.149205 0.343178
vt 0.149262 0.343190
vt 0.149227 0.343184
vt 0.149285 0.343169
vt 0.149196 0.343203
vt 0.149184 0.343191
vt 0.149082 0.343198
vt 0.149086 0.343221
vt 0.149039 0.343221
vt 0.149137 0.343195
vt 0.149140 0.343212
vt 0.082600 0.398453
vt 0.082605 0.398418
vt 0.082612 0.398511
vt 0.082596 0.398475
vt 0.410734 0.615094
vt 0.410720 0.614997
vt 0.410832 0.614831
vt 0.410629 0.615186
vt 0.410648 0.615076
vt 0.410557 0.615145
vt 0.410432 0.615313
vt 0.410567 0.615007
vt 0.410670 0.614969
vt 0.410559 0.615236
vt 0.410923 0.614577
vt 0.410855 0.614535
vt 0.410787 0.614784
vt 0.410714 0.614764
vt 0.149096 0.341244
vt 0.149146 0.341265
vt 0.410728 0.326713
vt 0.410718 0.326811
vt 0.410614 0.326620
vt 0.410485 0.326468
vt 0.410544 0.326583
vt 0.410642 0.326733
vt 0.410861 0.327284
vt 0.410927 0.327242
vt 0.410988 0.327469
vt 0.410716 0.327051
vt 0.410788 0.327029
vt 0.410833 0.326982
vt 0.410669 0.326840
vt 0.410546 0.326667
vt 0.410563 0.326804
vt 0.410446 0.326465
vt 0.073013 0.388496
vt 0.073039 0.388483
vt 0.073008 0.388516
vt 0.073044 0.388447
vt 0.073070 0.388444
vt 0.073039 0.388505
vt 0.073064 0.388470
vt 0.073140 0.388329
vt 0.073113 0.388324
vt 0.073146 0.388271
vt 0.359485 0.613869
vt 0.359420 0.613883
vt 0.359450 0.613649
vt 0.073101 0.388392
vt 0.073078 0.388386
vt 0.359463 0.614060
vt 0.359410 0.614079
vt 0.359507 0.614212
vt 0.359522 0.614090
vt 0.359561 0.614390
vt 0.359494 0.614289
vt 0.359457 0.614153
vt 0.139385 0.331416
vt 0.139350 0.331414
vt 0.139430 0.331391
vt 0.139407 0.331419
vt 0.139347 0.331440
vt 0.139292 0.331439
vt 0.139372 0.331439
vt 0.359561 0.326121
vt 0.359501 0.326180
vt 0.359563 0.326056
vt 0.359510 0.326293
vt 0.359451 0.326314
vt 0.359493 0.326108
vt 0.359561 0.326021
vt 0.359451 0.326228
vt 0.139232 0.331465
vt 0.139236 0.331493
vt 0.139181 0.331489
vt 0.139297 0.331464
vt 0.359410 0.326480
vt 0.359473 0.326493
vt 0.359438 0.326687
vt 0.139351 0.331457
vt 0.071312 0.388011
vt 0.071317 0.387973
vt 0.365421 0.614692
vt 0.365513 0.614562
vt 0.365579 0.614519
vt 0.365686 0.614414
vt 0.365671 0.614311
vt 0.365775 0.614125
vt 0.365602 0.614398
vt 0.365513 0.614474
vt 0.365407 0.614658
vt 0.365525 0.614331
vt 0.365625 0.614282
vt 0.365856 0.613843
vt 0.365791 0.613801
vt 0.365730 0.614075
vt 0.365662 0.614058
vt 0.365855 0.326256
vt 0.365862 0.326410
vt 0.365776 0.326203
vt 0.365937 0.326504
vt 0.365920 0.326587
vt 0.365806 0.326358
vt 0.365867 0.326511
vt 0.366024 0.327010
vt 0.366086 0.326976
vt 0.366131 0.327186
vt 0.365907 0.326795
vt 0.365971 0.326780
vt 0.366013 0.326741
vt 0.365876 0.326607
vt 0.365790 0.326437
vt 0.365788 0.326565
vt 0.365729 0.326187
vt 0.114950 0.372774
vt 0.118440 0.369755
vt 0.114937 0.372758
vt 0.118427 0.369738
vt 0.013939 0.478691
vt 0.014304 0.463469
vt 0.014007 0.478693
vt 0.111671 0.375870
vt 0.111658 0.375854
vt 0.014236 0.463465
vt 0.015112 0.448636
vt 0.123074 0.375632
vt 0.126793 0.372703
vt 0.123088 0.375649
vt 0.126807 0.372720
vt 0.123102 0.375666
vt 0.126835 0.372758
vt 0.123118 0.375686
vt 0.130619 0.369961
vt 0.130633 0.369978
vt 0.126820 0.372738
vt 0.130660 0.370017
vt 0.125792 0.364246
vt 0.122073 0.366916
vt 0.125779 0.364230
vt 0.122060 0.366900
vt 0.125767 0.364213
vt 0.015431 0.509201
vt 0.122047 0.366884
vt 0.014400 0.493990
vt 0.119496 0.378717
vt 0.116133 0.381874
vt 0.119510 0.378735
vt 0.116147 0.381891
vt 0.119525 0.378752
vt 0.116162 0.381908
vt 0.116179 0.381925
vt 0.119541 0.378770
vt 0.113034 0.385030
vt 0.110171 0.388220
vt 0.113048 0.385048
vt 0.110185 0.388238
vt 0.113063 0.385064
vt 0.110201 0.388254
vt 0.110221 0.388269
vt 0.113082 0.385080
vt 0.108653 0.378965
vt 0.108640 0.378949
vt 0.015044 0.448629
vt 0.016393 0.434449
vt 0.105866 0.382090
vt 0.105853 0.382073
vt 0.016325 0.434438
vt 0.018153 0.420758
vt 0.103254 0.385309
vt 0.103241 0.385292
vt 0.018086 0.420743
vt 0.020429 0.407288
vt 0.100751 0.388708
vt 0.100741 0.388687
vt 0.020364 0.407269
vt 0.023286 0.393722
vt 0.107373 0.391690
vt 0.103971 0.396419
vt 0.107387 0.391708
vt 0.103981 0.396441
vt 0.107403 0.391724
vt 0.103995 0.396458
vt 0.104015 0.396472
vt 0.107423 0.391738
vt 0.096037 0.395973
vt 0.095120 0.403068
vt 0.096016 0.395972
vt 0.095092 0.403108
vt 0.095995 0.395975
vt 0.095065 0.403134
vt 0.098307 0.392349
vt 0.098303 0.392318
vt 0.023224 0.393689
vt 0.026776 0.379813
vt 0.026721 0.379751
vt 0.030707 0.365670
vt 0.099525 0.402986
vt 0.099528 0.403016
vt 0.099536 0.403039
vt 0.099554 0.403054
vt 0.134823 0.367282
vt 0.134837 0.367299
vt 0.130646 0.369996
vt 0.134862 0.367338
vt 0.140814 0.364018
vt 0.140834 0.364032
vt 0.134850 0.367316
vt 0.140861 0.364069
vt 0.133673 0.359285
vt 0.129614 0.361726
vt 0.133655 0.359272
vt 0.129601 0.361711
vt 0.133640 0.359257
vt 0.019415 0.539945
vt 0.129589 0.361694
vt 0.017072 0.524365
vt 0.150692 0.354439
vt 0.150735 0.354415
vt 0.150763 0.354391
vt 0.142420 0.354713
vt 0.142419 0.354693
vt 0.142419 0.354672
vt 0.142425 0.354650
vt 0.149446 0.359687
vt 0.149477 0.359694
vt 0.140849 0.364048
vt 0.149499 0.359705
vt 0.149513 0.359724
vt 0.138074 0.356881
vt 0.138044 0.356874
vt 0.026525 0.573106
vt 0.138023 0.356862
vt 0.022588 0.556313
vt 0.020264 0.478611
vt 0.020538 0.463473
vt 0.020368 0.478609
vt 0.020642 0.463470
vt 0.020473 0.478606
vt 0.020747 0.463466
vt 0.021344 0.448712
vt 0.021448 0.448708
vt 0.021553 0.448703
vt 0.040467 0.493626
vt 0.040034 0.478079
vt 0.040363 0.493629
vt 0.039930 0.478081
vt 0.040258 0.493630
vt 0.039826 0.478084
vt 0.041570 0.509087
vt 0.041466 0.509089
vt 0.041361 0.509089
vt 0.020663 0.493804
vt 0.021698 0.508919
vt 0.020768 0.493802
vt 0.021803 0.508918
vt 0.020873 0.493801
vt 0.021908 0.508918
vt 0.041046 0.447424
vt 0.040258 0.462567
vt 0.040942 0.447428
vt 0.040155 0.462570
vt 0.040838 0.447434
vt 0.040050 0.462574
vt 0.044047 0.418932
vt 0.042303 0.432928
vt 0.043943 0.418937
vt 0.042199 0.432933
vt 0.043837 0.418945
vt 0.042094 0.432940
vt 0.022617 0.434601
vt 0.022722 0.434597
vt 0.022827 0.434590
vt 0.024374 0.420993
vt 0.024479 0.420988
vt 0.024585 0.420980
vt 0.026653 0.407616
vt 0.026759 0.407608
vt 0.026865 0.407595
vt 0.029516 0.394146
vt 0.029626 0.394126
vt 0.029737 0.394092
vt 0.050556 0.385575
vt 0.046501 0.404454
vt 0.050450 0.385596
vt 0.046397 0.404462
vt 0.050341 0.385631
vt 0.046291 0.404475
vt 0.049798 0.347415
vt 0.036942 0.366537
vt 0.049801 0.347561
vt 0.037035 0.366570
vt 0.049770 0.347759
vt 0.037123 0.366612
vt 0.049751 0.347334
vt 0.033021 0.380331
vt 0.033139 0.380277
vt 0.033264 0.380194
vt 0.056579 0.359322
vt 0.056467 0.359378
vt 0.056350 0.359463
vt 0.043597 0.525411
vt 0.043493 0.525410
vt 0.043388 0.525406
vt 0.047910 0.547651
vt 0.047805 0.547634
vt 0.047697 0.547603
vt 0.023343 0.523984
vt 0.025687 0.539449
vt 0.023448 0.523986
vt 0.025796 0.539466
vt 0.023554 0.523990
vt 0.025905 0.539494
vt 0.150786 0.352801
vt 0.158823 0.352597
vt 0.047490 0.594849
vt 0.047498 0.594706
vt 0.047473 0.594514
vt 0.032599 0.571883
vt 0.032694 0.571853
vt 0.032786 0.571816
vt 0.055114 0.579605
vt 0.055002 0.579549
vt 0.054885 0.579462
vt 0.028850 0.555667
vt 0.028965 0.555716
vt 0.029085 0.555793
vt 0.066111 0.617465
vt 0.063019 0.617419
vt 0.069120 0.617346
vt 0.069112 0.617382
vt 0.159064 0.353493
vt 0.069119 0.328697
vt 0.066102 0.328579
vt 0.069111 0.328660
vt 0.093423 0.409989
vt 0.066104 0.328614
vt 0.092573 0.409748
vt 0.271647 0.435722
vt 0.271601 0.435654
vt 0.271538 0.435604
vt 0.154902 0.464266
vt 0.154947 0.464114
vt 0.154914 0.464187
vt 0.191666 0.360148
vt 0.191705 0.360305
vt 0.191782 0.360623
vt 0.191744 0.360463
vt 0.237878 0.551217
vt 0.237959 0.551209
vt 0.238034 0.551178
vt 0.345139 0.518899
vt 0.344982 0.518853
vt 0.344665 0.518768
vt 0.344825 0.518810
vt 0.129267 0.571701
vt 0.129384 0.571588
vt 0.129617 0.571359
vt 0.129500 0.571475
vt 0.274891 0.451108
vt 0.274866 0.451055
vt 0.274848 0.450997
vt 0.328606 0.413214
vt 0.273114 0.601814
vt 0.249182 0.540298
vt 0.249228 0.540255
vt 0.249277 0.540220
vt 0.328640 0.413203
vt 0.329735 0.514718
vt 0.329635 0.514685
vt 0.329539 0.514651
vt 0.273134 0.601843
vt 0.273144 0.601684
vt 0.273215 0.601353
vt 0.158383 0.479021
vt 0.158378 0.478960
vt 0.158366 0.478900
vt 0.093597 0.468769
vt 0.222959 0.546839
vt 0.223020 0.546847
vt 0.230052 0.612452
vt 0.223081 0.546864
vt 0.230155 0.612611
vt 0.230152 0.612648
vt 0.140176 0.560936
vt 0.140252 0.560862
vt 0.140325 0.560791
vt 0.093563 0.468772
vt 0.298772 0.379607
vt 0.256733 0.431329
vt 0.256673 0.431309
vt 0.256618 0.431283
vt 0.165906 0.453513
vt 0.165950 0.453469
vt 0.165987 0.453421
vt 0.106218 0.426993
vt 0.106405 0.426983
vt 0.106186 0.426971
vt 0.195168 0.374949
vt 0.195190 0.375052
vt 0.195210 0.375152
vt 0.298788 0.379575
vt 0.277091 0.453388
vt 0.277072 0.453332
vt 0.277045 0.453282
vt 0.279077 0.457069
vt 0.251947 0.539320
vt 0.251996 0.539287
vt 0.252043 0.539247
vt 0.255352 0.537127
vt 0.325749 0.513212
vt 0.325655 0.513178
vt 0.325560 0.513145
vt 0.319909 0.511936
vt 0.157928 0.485795
vt 0.157835 0.481886
vt 0.157824 0.481826
vt 0.157820 0.481767
vt 0.220057 0.547254
vt 0.220117 0.547269
vt 0.220176 0.547275
vt 0.216050 0.546893
vt 0.143017 0.558235
vt 0.143090 0.558165
vt 0.143164 0.558095
vt 0.147107 0.554426
vt 0.254430 0.429316
vt 0.254378 0.429289
vt 0.254320 0.429268
vt 0.250894 0.427458
vt 0.166963 0.450890
vt 0.166997 0.450843
vt 0.167039 0.450799
vt 0.169319 0.447535
vt 0.195952 0.378822
vt 0.195972 0.378920
vt 0.195994 0.379019
vt 0.197205 0.384176
vt 0.236700 0.487853
vt 0.236685 0.487906
vt 0.236670 0.487958
vt 0.236655 0.488011
vt 0.273491 0.597894
vt 0.273428 0.597889
vt 0.273658 0.595226
vt 0.273362 0.597884
vt 0.096693 0.470914
vt 0.096726 0.470865
vt 0.096659 0.470962
vt 0.228124 0.609206
vt 0.226620 0.606984
vt 0.228202 0.609157
vt 0.228068 0.609241
vt 0.228013 0.609277
vt 0.217430 0.468135
vt 0.217483 0.468122
vt 0.217536 0.468109
vt 0.292229 0.382471
vt 0.294933 0.381357
vt 0.294964 0.381412
vt 0.294899 0.381301
vt 0.326404 0.417261
vt 0.324979 0.420108
vt 0.326456 0.417300
vt 0.326514 0.417329
vt 0.328300 0.413829
vt 0.209800 0.494500
vt 0.209724 0.494421
vt 0.209686 0.494381
vt 0.209762 0.494460
vt 0.109930 0.426816
vt 0.109932 0.426880
vt 0.109935 0.426946
vt 0.104919 0.361122
vt 0.108422 0.358098
vt 0.104906 0.361106
vt 0.108409 0.358082
vt 0.459284 0.465435
vt 0.458968 0.480597
vt 0.459216 0.465435
vt 0.101626 0.364223
vt 0.101613 0.364207
vt 0.459035 0.480601
vt 0.458172 0.495397
vt 0.113062 0.364002
vt 0.116802 0.361074
vt 0.113076 0.364019
vt 0.116816 0.361092
vt 0.113090 0.364036
vt 0.116844 0.361130
vt 0.113106 0.364056
vt 0.120656 0.358341
vt 0.120670 0.358359
vt 0.116830 0.361109
vt 0.120696 0.358398
vt 0.115833 0.352564
vt 0.112074 0.355240
vt 0.115820 0.352547
vt 0.458920 0.450242
vt 0.457912 0.435152
vt 0.457979 0.435145
vt 0.112062 0.355224
vt 0.458852 0.450246
vt 0.109469 0.367089
vt 0.106095 0.370247
vt 0.109483 0.367106
vt 0.106108 0.370265
vt 0.109497 0.367123
vt 0.106123 0.370281
vt 0.106141 0.370299
vt 0.109514 0.367142
vt 0.102989 0.373400
vt 0.100117 0.376572
vt 0.103003 0.373418
vt 0.100131 0.376589
vt 0.103018 0.373434
vt 0.100147 0.376605
vt 0.100166 0.376621
vt 0.103036 0.373450
vt 0.098596 0.367325
vt 0.098583 0.367309
vt 0.458240 0.495405
vt 0.456901 0.509558
vt 0.095804 0.370464
vt 0.095791 0.370448
vt 0.456968 0.509569
vt 0.455152 0.523228
vt 0.093202 0.373705
vt 0.093189 0.373688
vt 0.455218 0.523242
vt 0.452891 0.536680
vt 0.090735 0.377131
vt 0.090724 0.377110
vt 0.452956 0.536700
vt 0.450055 0.550234
vt 0.097341 0.380032
vt 0.093970 0.384776
vt 0.097355 0.380050
vt 0.093980 0.384798
vt 0.097370 0.380065
vt 0.093994 0.384815
vt 0.420757 0.539094
vt 0.416811 0.557926
vt 0.423203 0.524741
vt 0.086129 0.384442
vt 0.085170 0.391765
vt 0.086107 0.384442
vt 0.085140 0.391806
vt 0.086085 0.384445
vt 0.085112 0.391833
vt 0.088355 0.380789
vt 0.088351 0.380758
vt 0.450118 0.550268
vt 0.446593 0.564139
vt 0.446648 0.564201
vt 0.442690 0.578283
vt 0.089492 0.391471
vt 0.089496 0.391503
vt 0.089505 0.391526
vt 0.404328 0.614999
vt 0.410893 0.584247
vt 0.124894 0.355683
vt 0.124909 0.355700
vt 0.120683 0.358377
vt 0.124933 0.355740
vt 0.130936 0.352464
vt 0.130955 0.352478
vt 0.124921 0.355718
vt 0.130982 0.352515
vt 0.123813 0.347642
vt 0.119702 0.350051
vt 0.123795 0.347629
vt 0.119689 0.350035
vt 0.123780 0.347613
vt 0.454281 0.404508
vt 0.456449 0.420058
vt 0.456516 0.420047
vt 0.140952 0.342983
vt 0.140995 0.342959
vt 0.141023 0.342936
vt 0.132640 0.343147
vt 0.132640 0.343127
vt 0.132640 0.343106
vt 0.132646 0.343084
vt 0.139629 0.348213
vt 0.139660 0.348220
vt 0.130970 0.352494
vt 0.139682 0.348231
vt 0.139695 0.348250
vt 0.128256 0.345275
vt 0.128226 0.345267
vt 0.447955 0.371442
vt 0.128205 0.345256
vt 0.451362 0.388146
vt 0.452999 0.465519
vt 0.452746 0.480600
vt 0.452895 0.465521
vt 0.452642 0.480603
vt 0.452790 0.465524
vt 0.452537 0.480607
vt 0.451952 0.495325
vt 0.451848 0.495329
vt 0.451744 0.495334
vt 0.432929 0.450507
vt 0.433310 0.466020
vt 0.433033 0.450506
vt 0.433414 0.466018
vt 0.433137 0.450505
vt 0.433518 0.466015
vt 0.431921 0.435077
vt 0.432025 0.435076
vt 0.432130 0.435077
vt 0.452633 0.450409
vt 0.451689 0.435381
vt 0.452529 0.450411
vt 0.451585 0.435382
vt 0.452424 0.450412
vt 0.451480 0.435381
vt 0.432282 0.496615
vt 0.433069 0.481499
vt 0.432386 0.496612
vt 0.433172 0.481496
vt 0.432490 0.496606
vt 0.433277 0.481492
vt 0.429292 0.525067
vt 0.431032 0.511089
vt 0.429396 0.525062
vt 0.431136 0.511085
vt 0.429501 0.525054
vt 0.431241 0.511078
vt 0.450687 0.509410
vt 0.450582 0.509414
vt 0.450477 0.509421
vt 0.448940 0.522998
vt 0.448835 0.523003
vt 0.448729 0.523011
vt 0.446674 0.536360
vt 0.446568 0.536367
vt 0.446462 0.536380
vt 0.443830 0.549819
vt 0.443721 0.549840
vt 0.443609 0.549874
vt 0.422809 0.558415
vt 0.426833 0.539531
vt 0.422915 0.558394
vt 0.426937 0.539524
vt 0.423024 0.558359
vt 0.427042 0.539510
vt 0.423626 0.596568
vt 0.436456 0.577427
vt 0.423623 0.596422
vt 0.436363 0.577394
vt 0.423653 0.596225
vt 0.436274 0.577353
vt 0.083469 0.391676
vt 0.440351 0.563632
vt 0.440232 0.563686
vt 0.440108 0.563769
vt 0.416848 0.584682
vt 0.416960 0.584626
vt 0.417077 0.584540
vt 0.430028 0.418759
vt 0.430132 0.418760
vt 0.430237 0.418766
vt 0.425880 0.396444
vt 0.425986 0.396462
vt 0.426094 0.396493
vt 0.450194 0.420372
vt 0.448020 0.404925
vt 0.450089 0.420369
vt 0.447912 0.404906
vt 0.449983 0.420364
vt 0.447802 0.404877
vt 0.149061 0.341246
vt 0.426178 0.348916
vt 0.426172 0.349060
vt 0.426200 0.349254
vt 0.426226 0.348837
vt 0.441703 0.372013
vt 0.441606 0.372043
vt 0.441512 0.372080
vt 0.418652 0.364302
vt 0.418764 0.364358
vt 0.418883 0.364445
vt 0.445109 0.388640
vt 0.444994 0.388589
vt 0.444874 0.388508
vt 0.407341 0.326480
vt 0.410432 0.326500
vt 0.404332 0.326623
vt 0.149293 0.342139
vt 0.404378 0.615251
vt 0.083392 0.398834
vt 0.407385 0.615330
vt 0.082615 0.398502
vt 0.092998 0.347216
vt 0.096524 0.344224
vt 0.092985 0.347200
vt 0.096511 0.344208
vt 0.408183 0.459645
vt 0.408104 0.474100
vt 0.408118 0.459645
vt 0.089714 0.350325
vt 0.089701 0.350308
vt 0.408168 0.474102
vt 0.407679 0.488219
vt 0.101033 0.350125
vt 0.376709 0.445703
vt 0.377269 0.460644
vt 0.377198 0.460644
vt 0.376780 0.445698
vt 0.377338 0.460643
vt 0.104752 0.347332
vt 0.375718 0.430864
vt 0.375787 0.430852
vt 0.376849 0.445693
vt 0.104065 0.338882
vt 0.100226 0.341439
vt 0.104053 0.338865
vt 0.407729 0.445164
vt 0.406783 0.430768
vt 0.406847 0.430762
vt 0.100214 0.341422
vt 0.407664 0.445167
vt 0.097495 0.353131
vt 0.094200 0.356252
vt 0.376832 0.490141
vt 0.377297 0.475569
vt 0.376902 0.490151
vt 0.377366 0.475572
vt 0.376971 0.490157
vt 0.377226 0.475564
vt 0.091196 0.359404
vt 0.088457 0.362610
vt 0.374822 0.517695
vt 0.376116 0.504144
vt 0.374891 0.517717
vt 0.376186 0.504154
vt 0.374960 0.517731
vt 0.376047 0.504128
vt 0.086724 0.353467
vt 0.086711 0.353450
vt 0.407744 0.488223
vt 0.406907 0.501748
vt 0.084002 0.356667
vt 0.083989 0.356651
vt 0.406971 0.501755
vt 0.405800 0.514845
vt 0.081502 0.359983
vt 0.081488 0.359966
vt 0.405864 0.514856
vt 0.404363 0.527804
vt 0.079167 0.363486
vt 0.079156 0.363466
vt 0.404426 0.527819
vt 0.402589 0.540982
vt 0.085816 0.366168
vt 0.082597 0.371355
vt 0.369821 0.551674
vt 0.373035 0.532008
vt 0.369882 0.551730
vt 0.373102 0.532029
vt 0.369947 0.551768
vt 0.372968 0.531976
vt 0.074865 0.370945
vt 0.073978 0.379667
vt 0.074846 0.370946
vt 0.073948 0.379716
vt 0.074826 0.370952
vt 0.073920 0.379749
vt 0.076947 0.367216
vt 0.076944 0.367185
vt 0.402650 0.541011
vt 0.400452 0.554672
vt 0.400506 0.554729
vt 0.398084 0.568684
vt 0.078202 0.379159
vt 0.364936 0.580493
vt 0.364996 0.580561
vt 0.364883 0.580391
vt 0.108607 0.344768
vt 0.374011 0.415181
vt 0.374078 0.415159
vt 0.375856 0.430843
vt 0.112873 0.342330
vt 0.370624 0.393688
vt 0.370685 0.393642
vt 0.374146 0.415144
vt 0.112265 0.334370
vt 0.108038 0.336545
vt 0.112247 0.334356
vt 0.405573 0.416365
vt 0.403780 0.401498
vt 0.403842 0.401473
vt 0.108025 0.336529
vt 0.405508 0.416376
vt 0.130362 0.330896
vt 0.130409 0.330874
vt 0.130441 0.330850
vt 0.121459 0.330350
vt 0.121460 0.330329
vt 0.121466 0.330308
vt 0.121474 0.330285
vt 0.119055 0.339492
vt 0.365158 0.362717
vt 0.365209 0.362627
vt 0.370749 0.393611
vt 0.365267 0.362568
vt 0.128314 0.335769
vt 0.116832 0.332299
vt 0.401520 0.385643
vt 0.398528 0.369261
vt 0.398598 0.369273
vt 0.116803 0.332290
vt 0.401462 0.385698
vt 0.402182 0.459793
vt 0.402165 0.474219
vt 0.402083 0.459796
vt 0.402066 0.474224
vt 0.401983 0.459800
vt 0.401966 0.474229
vt 0.401742 0.488317
vt 0.401642 0.488323
vt 0.401542 0.488331
vt 0.382757 0.445489
vt 0.383252 0.460494
vt 0.382857 0.445487
vt 0.383352 0.460491
vt 0.382958 0.445486
vt 0.383453 0.460487
vt 0.381763 0.430559
vt 0.381863 0.430558
vt 0.381964 0.430559
vt 0.401723 0.445341
vt 0.400831 0.430959
vt 0.401623 0.445343
vt 0.400731 0.430959
vt 0.401523 0.445344
vt 0.400631 0.430958
vt 0.382883 0.490102
vt 0.383277 0.475468
vt 0.382984 0.490096
vt 0.383377 0.475463
vt 0.383085 0.490088
vt 0.383478 0.475457
vt 0.380925 0.517831
vt 0.382114 0.504159
vt 0.381027 0.517822
vt 0.382215 0.504152
vt 0.381129 0.517809
vt 0.382317 0.504141
vt 0.400969 0.501830
vt 0.400869 0.501838
vt 0.400768 0.501849
vt 0.399848 0.514919
vt 0.399747 0.514928
vt 0.399646 0.514941
vt 0.398378 0.527877
vt 0.398277 0.527891
vt 0.398174 0.527910
vt 0.396556 0.541059
vt 0.396450 0.541089
vt 0.396343 0.541133
vt 0.375897 0.552157
vt 0.379108 0.532275
vt 0.376001 0.552129
vt 0.379210 0.532264
vt 0.376106 0.552084
vt 0.379314 0.532245
vt 0.392037 0.568763
vt 0.378721 0.592063
vt 0.391942 0.568752
vt 0.378706 0.591916
vt 0.391839 0.568728
vt 0.378722 0.591710
vt 0.391741 0.568694
vt 0.072228 0.379777
vt 0.394367 0.554761
vt 0.394252 0.554826
vt 0.394134 0.554922
vt 0.370884 0.580971
vt 0.370991 0.580906
vt 0.371102 0.580805
vt 0.380047 0.414760
vt 0.380147 0.414763
vt 0.380249 0.414770
vt 0.376535 0.393172
vt 0.376636 0.393192
vt 0.376739 0.393225
vt 0.399533 0.416585
vt 0.397763 0.401745
vt 0.399433 0.416582
vt 0.397660 0.401725
vt 0.399332 0.416575
vt 0.397556 0.401693
vt 0.379323 0.347586
vt 0.379311 0.347720
vt 0.379327 0.347901
vt 0.392612 0.370149
vt 0.392519 0.370174
vt 0.392429 0.370204
vt 0.370941 0.362227
vt 0.371044 0.362285
vt 0.371151 0.362373
vt 0.395418 0.386022
vt 0.395309 0.385970
vt 0.395198 0.385890
vt 0.362428 0.325836
vt 0.365701 0.326225
vt 0.139167 0.329663
vt 0.139305 0.330536
vt 0.359567 0.614357
vt 0.072176 0.388309
vt 0.362416 0.614689
vt 0.071328 0.388067
vt 0.093678 0.468834
vt 0.106320 0.426982
vt 0.230094 0.612526
vt 0.273131 0.601717
vt 0.298674 0.379643
vt 0.069125 0.617273
vt 0.404328 0.326695
vt 0.423674 0.596648
vt 0.130602 0.329186
vt 0.094424 0.410118
vt 0.159059 0.354500
vt 0.094014 0.469024
vt 0.093792 0.468908
vt 0.273137 0.601569
vt 0.238124 0.488303
vt 0.238078 0.488314
vt 0.238111 0.488348
vt 0.112438 0.426827
vt 0.084268 0.399081
vt 0.149279 0.343139
vt 0.139419 0.331389
vt 0.118414 0.369723
vt 0.030633 0.365681
vt 0.062803 0.328629
vt 0.150774 0.352777
vt 0.442765 0.578272
vt 0.119677 0.350018
vt 0.141053 0.341349
vt 0.398147 0.568664
vt 0.378776 0.592135
s 1
g off
g holocron_sup3_Holocron_Corners.002
usemtl Holocron_Corners.002
f 1222/1/1 1/2/2 201/3/3
f 1173/4/4 20/5/5 106/6/6
f 89/7/2 226/8/7 3/9/2
f 215/10/8 114/11/9 1183/12/10
f 4/13/2 1187/14/11 205/15/12
f 200/16/13 106/6/6 16/17/14
f 211/18/15 102/19/16 14/20/17
f 225/21/18 109/22/19 1178/23/20
f 3/9/2 1162/24/21 221/25/22
f 1177/26/23 4/13/2 88/27/2
f 1183/12/10 22/28/24 230/29/25
f 1193/30/26 19/31/27 236/32/28
f 1188/33/29 26/34/30 206/35/31
f 230/29/25 108/36/32 1198/37/33
f 1198/37/33 23/38/34 240/39/35
f 1208/40/36 18/41/37 246/42/38
f 90/43/2 235/44/39 1187/14/11
f 240/39/35 115/45/40 1213/46/41
f 1213/46/41 1325/47/42 252/48/43
f 268/49/44 113/50/45 1208/40/36
f 91/51/2 245/52/46 1192/53/47
f 1223/54/48 16/17/14 104/55/49
f 273/56/50 104/55/49 17/57/51
f 279/58/52 110/59/53 13/60/54
f 1/2/2 1167/61/55 89/7/2
f 1238/62/56 17/57/51 112/63/57
f 284/64/58 112/63/57 21/65/59
f 1233/66/60 1322/67/61 110/59/53
f 6/68/2 1217/69/62 93/70/2
f 106/6/6 327/71/63 1252/72/64
f 10/73/65 1268/74/66 97/75/65
f 24/76/67 1262/77/68 114/11/9
f 336/78/69 98/79/65 1278/80/70
f 104/55/49 307/81/71 1302/82/72
f 15/83/73 1247/84/74 332/85/75
f 15/83/73 1257/86/76 109/22/19
f 103/87/77 316/88/78 1247/84/74
f 116/89/79 327/71/63 20/5/5
f 117/90/80 311/91/81 26/34/30
f 19/31/27 1267/92/82 117/90/80
f 22/28/24 1277/93/83 108/36/32
f 1263/94/84 8/95/65 336/78/69
f 105/96/85 341/97/86 19/31/27
f 18/41/37 1272/98/87 105/96/85
f 23/38/34 1292/99/88 115/45/40
f 1278/80/70 11/100/89 346/101/90
f 113/50/45 351/102/91 18/41/37
f 25/103/92 1287/104/93 113/50/45
f 115/45/40 357/105/94 1325/47/42
f 306/106/95 96/107/96 7/108/65
f 14/20/17 1297/109/97 316/88/78
f 102/19/16 383/110/98 1297/109/97
f 112/63/57 379/111/99 1317/112/100
f 100/113/65 378/114/101 1303/115/102
f 13/60/54 1312/116/103 383/110/98
f 110/59/53 395/117/104 1312/116/103
f 21/65/59 1317/112/100 388/118/105
f 1168/119/106 14/20/17 103/87/77
f 1228/120/107 21/65/59 107/121/108
f 107/121/108 388/118/105 1307/122/109
f 7/108/65 1248/123/110 317/124/111
f 226/8/7 88/27/2 3/9/2
f 1178/23/20 24/76/67 215/10/8
f 109/22/19 322/125/112 24/76/67
f 96/107/96 331/126/113 1248/123/110
f 94/127/2 278/128/114 6/68/2
f 201/3/3 89/7/2 1172/129/115
f 16/17/14 1252/72/64 307/81/71
f 384/130/116 101/131/65 12/132/65
f 236/32/28 117/90/80 1188/33/29
f 1203/133/117 1326/134/118 111/135/119
f 111/135/119 356/136/120 1282/137/121
f 97/75/65 342/138/122 8/95/65
f 206/35/31 116/89/79 1163/139/123
f 225/21/18 103/87/77 15/83/73
f 1253/140/124 9/141/65 96/107/96
f 26/34/30 1242/142/125 116/89/79
f 1227/143/126 1232/144/127 94/127/2
f 283/145/128 94/127/2 1237/146/129
f 101/131/65 389/147/130 1318/148/131
f 1313/149/132 1308/150/133 101/131/65
f 5/151/134 1207/152/135 245/52/46
f 1182/153/136 2/154/2 90/43/2
f 114/11/9 337/155/137 22/28/24
f 11/100/89 1288/156/138 99/157/89
f 216/158/139 90/43/2 4/13/2
f 231/159/140 91/51/2 2/154/2
f 95/160/65 331/126/113 9/141/65
f 10/73/65 1258/161/141 95/160/65
f 1218/162/142 13/60/54 102/19/16
f 7/108/65 1303/115/102 306/106/95
s 2
f 1355/163/143 1445/164/144 410/165/145
s 1
f 1298/166/146 12/132/65 100/113/65
f 92/167/134 269/168/147 1207/152/135
f 1212/169/148 1202/170/149 92/167/134
f 1293/171/150 1283/172/151 358/173/152
f 99/157/89 373/174/153 1283/172/151
f 1228/175/107 1323/176/154 288/177/155
f 274/178/156 93/70/2 1222/1/1
f 17/57/51 1302/82/72 379/111/99
f 107/179/108 393/180/157 1323/176/154
f 246/42/38 105/96/85 1193/30/26
f 1237/146/129 6/68/2 274/178/156
f 12/132/65 1318/148/131 378/114/101
f 98/79/65 352/181/158 11/100/89
f 2/154/2 1192/53/47 235/44/39
f 1163/139/123 20/5/5 220/182/159
f 321/183/160 97/75/65 1263/94/84
f 8/95/65 1273/184/161 98/79/65
f 1203/133/117 25/185/92 268/186/44
f 1197/187/162 5/151/134 91/51/2
f 108/36/32 347/188/163 23/38/34
f 111/189/119 374/190/164 25/103/92
f 1172/129/115 3/9/2 221/25/22
f 88/27/2 205/15/12 1162/24/21
f 312/191/165 95/160/65 1243/192/166
f 1243/192/166 9/141/65 326/193/167
f 93/70/2 210/194/168 1/2/2
f 241/195/169 92/167/134 5/151/134
f 346/101/90 99/157/89 1293/171/150
f 317/124/111 100/113/65 7/108/65
s 2
f 456/196/170 130/197/171 34/198/172
f 504/199/173 136/200/174 1391/201/175
f 1481/202/176 1435/203/177 136/200/174
f 710/204/178 131/205/179 1431/206/180
f 480/207/181 127/208/182 1380/209/183
f 435/210/184 137/211/185 1355/163/143
f 138/212/186 672/213/187 1421/214/188
f 1431/206/180 1441/215/189 691/216/190
f 447/217/191 124/218/192 29/219/193
f 425/220/194 135/221/195 1454/222/196
f 1406/223/197 1411/224/198 621/225/199
f 135/221/195 638/226/200 1416/227/201
f 27/228/202 1348/229/203 124/218/192
f 31/230/204 1352/231/205 568/232/206
f 32/233/207 1352/231/205 127/208/182
f 437/234/208 134/235/209 1472/236/210
f 411/237/211 120/238/212 1361/239/213
f 33/240/214 1334/241/215 129/242/216
f 34/198/172 1339/243/217 531/244/218
f 412/245/219 122/246/220 1356/247/221
f 1366/248/222 1450/249/223 134/235/209
f 1347/250/224 1351/251/225 514/252/226
f 30/253/227 1333/254/228 550/255/229
f 456/196/170 128/256/230 1385/257/231
f 447/217/191 123/258/232 1360/259/233
f 27/228/202 1328/260/234 533/261/235
f 34/198/172 1329/262/236 128/256/230
f 1375/263/237 1475/264/238 466/265/239
f 1381/266/240 1455/267/241 119/268/242
f 35/269/243 1339/243/217 130/197/171
f 35/269/243 1334/241/215 570/270/244
f 481/271/245 119/268/242 1459/272/246
f 479/273/247 138/212/186 1375/263/237
f 28/274/248 1343/275/249 549/276/250
f 29/219/193 1343/275/249 123/258/232
f 427/277/251 125/278/252 1371/279/253
f 490/280/254 128/256/230 33/240/214
f 29/219/193 1348/229/203 513/281/255
f 1471/282/256 1401/283/257 137/211/185
f 1391/201/175 1462/284/258 491/285/259
f 1396/286/260 1467/287/261 139/288/262
f 1338/289/263 1347/250/224 532/290/264
f 28/274/248 1328/260/234 122/246/220
f 506/291/265 139/288/262 1480/292/266
f 1386/293/267 1463/294/268 118/295/269
f 30/253/227 1342/296/270 126/297/271
f 31/230/204 1333/254/228 125/278/252
f 464/298/272 135/221/195 1370/299/273
f 32/233/207 1342/296/270 515/300/274
f 569/301/275 121/302/276 1338/289/263
f 33/240/214 1329/262/236 551/303/277
f 136/200/174 709/304/278 1462/284/258
f 1480/292/266 1440/305/279 727/306/280
f 139/288/262 692/307/281 1440/305/279
f 120/238/212 606/308/282 1405/309/283
f 1472/236/210 1410/310/284 587/311/285
f 134/235/209 622/312/286 1410/310/284
f 1455/267/241 1425/313/287 119/268/242
f 1475/264/238 1421/214/188 639/314/288
f 119/268/242 673/315/289 1459/272/246
f 436/316/290 124/218/192 1365/317/291
f 445/318/292 120/238/212 1451/319/293
f 120/238/212 620/320/294 1451/319/293
f 137/211/185 604/321/295 1445/164/144
f 427/277/251 127/208/182 31/230/204
f 465/322/296 125/278/252 30/253/227
f 640/323/297 133/324/298 1415/325/299
f 1415/325/299 1426/326/300 657/327/301
f 490/280/254 129/242/216 1390/328/302
f 505/329/303 129/242/216 35/269/243
f 1441/215/189 1436/330/304 728/331/305
f 118/295/269 708/332/306 1430/333/307
f 412/245/219 123/258/232 28/274/248
f 436/316/290 122/246/220 27/228/202
f 1411/224/198 1400/334/308 588/335/309
f 605/336/310 132/337/311 1406/223/197
f 465/322/296 126/297/271 1376/338/312
f 480/207/181 126/297/271 32/233/207
f 1426/326/300 1420/339/313 674/340/314
f 135/221/195 656/341/315 1454/222/196
f 505/329/303 130/197/171 1395/342/316
f 454/343/317 118/295/269 1468/344/318
f 1468/344/318 1430/333/307 690/345/319
s 3
f 1544/346/320 36/347/321 744/348/322
f 1495/349/323 55/350/324 158/351/325
f 141/352/321 769/353/326 38/354/321
f 758/355/327 166/356/328 1505/357/329
f 39/358/321 1509/359/330 748/360/331
f 743/361/332 158/351/325 51/362/333
f 754/363/334 154/364/335 49/365/336
f 768/366/337 161/367/338 1500/368/339
f 38/354/321 1484/369/340 764/370/341
f 1499/371/342 39/358/321 140/372/321
f 1505/357/329 57/373/343 773/374/344
f 1515/375/345 54/376/346 779/377/347
f 1510/378/348 61/379/349 749/380/350
f 773/374/344 160/381/351 1520/382/352
f 1520/382/352 58/383/353 783/384/354
f 1530/385/355 53/386/356 789/387/357
f 142/388/321 778/389/358 1509/359/330
f 783/384/354 167/390/359 1535/391/360
f 1535/391/360 1647/392/361 795/393/362
f 810/394/363 165/395/364 1530/385/355
f 143/396/321 788/397/365 1514/398/366
f 1545/399/367 51/362/333 156/400/368
f 815/401/369 156/400/368 52/402/370
f 821/403/371 162/404/372 48/405/373
f 36/347/321 1489/406/374 141/352/321
f 1560/407/375 52/402/370 164/408/376
f 826/409/377 164/408/376 56/410/378
f 1555/411/379 1644/412/380 162/404/372
f 41/413/321 1539/414/381 145/415/321
f 158/351/325 868/416/382 1574/417/383
f 45/418/384 1590/419/385 149/420/384
f 59/421/386 1584/422/387 166/356/328
f 877/423/388 150/424/384 1600/425/389
f 156/400/368 848/426/390 1624/427/391
f 50/428/392 1569/429/393 873/430/394
f 50/428/392 1579/431/395 161/367/338
f 155/432/396 857/433/397 1569/429/393
f 168/434/398 868/416/382 55/350/324
f 169/435/399 852/436/400 61/379/349
f 54/376/346 1589/437/401 169/435/399
f 57/373/343 1599/438/402 160/381/351
f 1585/439/403 43/440/384 877/423/388
f 157/441/404 882/442/405 54/376/346
f 53/386/356 1594/443/406 157/441/404
f 58/383/353 1614/444/407 167/390/359
f 1600/425/389 46/445/408 887/446/409
f 165/395/364 892/447/410 53/386/356
f 60/448/411 1609/449/412 165/395/364
f 167/390/359 898/450/413 1647/392/361
f 847/451/414 148/452/384 42/453/384
f 49/365/336 1619/454/415 857/433/397
f 154/364/335 924/455/416 1619/454/415
f 164/408/376 920/456/417 1639/457/418
f 152/458/384 919/459/419 1625/460/420
f 48/405/373 1634/461/421 924/455/416
f 162/404/372 936/462/422 1634/461/421
f 56/410/378 1639/457/418 929/463/423
f 1490/464/424 49/365/336 155/432/396
f 1550/465/425 56/466/378 159/467/426
f 159/467/426 929/468/423 1629/469/427
f 42/453/384 1570/470/428 858/471/429
f 769/353/326 140/372/321 38/354/321
f 1500/368/339 59/421/386 758/355/327
f 161/367/338 863/472/430 59/421/386
f 148/452/384 872/473/431 1570/470/428
f 146/474/321 820/475/432 41/413/321
f 744/348/322 141/352/321 1494/476/433
f 51/362/333 1574/417/383 848/426/390
f 925/477/434 153/478/384 47/479/384
f 779/377/347 169/435/399 1510/378/348
f 1525/480/435 1648/481/436 163/482/437
f 163/482/437 897/483/438 1604/484/439
f 149/420/384 883/485/440 43/440/384
f 749/380/350 168/434/398 1485/486/441
f 768/366/337 155/432/396 50/428/392
f 1575/487/442 44/488/384 148/452/384
f 61/379/349 1564/489/443 168/434/398
f 1549/490/444 1554/491/445 146/474/321
f 825/492/446 146/474/321 1559/493/447
f 153/478/384 930/494/448 1640/495/449
f 1635/496/450 1630/497/451 153/478/384
f 40/498/452 1529/499/453 788/397/365
f 1504/500/454 37/501/321 142/388/321
f 166/356/328 878/502/455 57/373/343
f 46/445/408 1610/503/456 151/504/457
f 759/505/458 142/388/321 39/358/321
f 774/506/459 143/396/321 37/501/321
f 147/507/384 872/473/431 44/488/384
f 45/418/384 1580/508/460 147/507/384
f 1540/509/461 48/405/373 154/364/335
f 42/453/384 1625/460/420 847/451/414
s 4
f 1710/510/462 62/511/463 952/512/464
s 3
f 1620/513/465 47/479/384 152/458/384
f 144/514/466 811/515/467 1529/499/453
f 1534/516/468 1524/517/469 144/514/466
f 1615/518/470 1605/519/471 899/520/472
f 151/504/457 914/521/473 1605/519/471
f 1550/465/425 1645/522/474 830/523/475
f 816/524/476 145/415/321 1544/346/320
f 52/402/370 1624/427/391 920/456/417
f 159/467/426 934/525/477 1645/522/474
f 789/387/357 157/441/404 1515/375/345
f 1559/493/447 41/413/321 816/524/476
f 47/479/384 1640/495/449 919/459/419
f 150/424/384 893/526/478 46/445/408
f 37/501/321 1514/398/366 778/389/358
f 1485/486/441 55/350/324 763/527/479
f 862/528/480 149/420/384 1585/439/403
f 43/440/384 1595/529/481 150/424/384
f 1525/480/435 60/530/411 810/531/363
f 1519/532/482 40/498/452 143/396/321
f 160/381/351 888/533/483 58/383/353
f 163/534/437 915/535/484 60/448/411
f 1494/476/433 38/354/321 764/370/341
f 140/372/321 748/360/331 1484/369/340
f 853/536/485 147/507/384 1565/537/486
f 1565/537/486 44/488/384 867/538/487
f 145/415/321 753/539/488 36/347/321
f 784/540/489 144/514/466 40/498/452
f 887/446/409 151/504/457 1615/518/470
f 858/471/429 152/458/384 42/453/384
s 4
f 1661/541/490 81/542/491 188/543/492
f 171/544/463 977/545/493 64/546/463
f 966/547/494 196/548/495 1671/549/496
f 65/550/463 1675/551/497 956/552/498
f 951/553/499 188/543/492 77/554/500
f 962/555/501 184/556/502 75/557/503
f 976/558/504 191/559/505 1666/560/506
f 64/546/463 1650/561/507 972/562/508
f 1665/563/509 65/550/463 170/564/463
f 1671/549/496 83/565/510 981/566/511
f 1681/567/512 80/568/513 987/569/514
f 1676/570/515 87/571/516 957/572/517
f 981/566/511 190/573/518 1686/574/519
f 1686/574/519 84/575/520 991/576/521
f 1696/577/522 79/578/523 997/579/524
f 172/580/463 986/581/525 1675/551/497
f 991/576/521 197/582/526 1701/583/527
f 1701/583/527 1813/584/528 1003/585/529
f 1018/586/530 195/587/531 1696/577/522
f 173/588/532 996/589/533 1680/590/534
f 1711/591/535 77/554/500 186/592/536
f 1023/593/537 186/592/536 78/594/538
f 1029/595/539 192/596/540 74/597/541
f 62/511/463 1655/598/542 171/544/463
f 1726/599/543 78/594/538 194/600/544
f 1034/601/545 194/600/544 82/602/546
f 1721/603/547 1810/604/548 192/596/540
f 67/605/463 1705/606/549 175/607/463
f 188/543/492 1077/608/550 1740/609/551
f 71/610/552 1756/611/553 179/612/552
f 85/613/554 1750/614/555 196/548/495
f 1086/615/556 180/616/557 1766/617/558
f 186/592/536 1057/618/559 1790/619/560
f 76/620/561 1735/621/562 1082/622/563
f 76/620/561 1745/623/564 191/559/505
f 185/624/565 1066/625/566 1735/621/562
f 198/626/567 1077/608/550 81/542/491
f 199/627/568 1061/628/569 87/571/516
f 80/568/513 1755/629/570 199/627/568
f 83/565/510 1765/630/571 190/573/518
f 1751/631/572 69/632/573 1086/615/556
f 187/633/574 1091/634/575 80/568/513
f 79/578/523 1760/635/576 187/633/574
f 84/575/520 1780/636/577 197/582/526
f 1766/617/558 72/637/578 1096/638/579
f 195/587/531 1101/639/580 79/578/523
f 86/640/581 1775/641/582 195/587/531
f 197/582/526 1107/642/583 1813/584/528
f 1056/643/584 178/644/552 68/645/552
f 75/557/503 1785/646/585 1066/625/566
f 184/556/502 1133/647/586 1785/646/585
f 194/600/544 1129/648/587 1805/649/588
f 182/650/552 1128/651/589 1791/652/590
f 74/597/541 1800/653/591 1133/647/586
f 192/596/540 1145/654/592 1800/653/591
f 82/602/546 1805/649/588 1138/655/593
f 1656/656/594 75/557/503 185/624/565
f 1716/657/595 82/602/546 189/658/596
f 189/658/596 1138/655/593 1795/659/597
f 68/645/552 1736/660/598 1067/661/599
f 977/545/493 170/564/463 64/546/463
f 1666/560/506 85/613/554 966/547/494
f 191/559/505 1072/662/600 85/613/554
f 178/644/552 1081/663/601 1736/660/598
f 176/664/463 1028/665/602 67/605/463
f 952/512/464 171/544/463 1660/666/603
f 77/554/500 1740/609/551 1057/618/559
f 1134/667/604 183/668/552 73/669/552
f 987/569/514 199/627/568 1676/570/515
f 1691/670/605 1814/671/606 193/672/607
f 193/672/607 1106/673/608 1770/674/609
f 179/612/552 1092/675/610 69/632/573
f 957/572/517 198/626/567 1651/676/611
f 976/558/504 185/624/565 76/620/561
f 1741/677/612 70/678/552 178/644/552
f 87/571/516 1730/679/613 198/626/567
f 1715/680/614 1720/681/615 176/664/463
f 1033/682/616 176/664/463 1725/683/617
f 183/668/552 1139/684/618 1806/685/619
f 1801/686/620 1796/687/621 183/668/552
f 66/688/622 1695/689/623 996/589/533
f 1670/690/624 63/691/625 172/580/463
f 196/548/495 1087/692/626 83/565/510
f 72/637/578 1776/693/627 181/694/628
f 967/695/629 172/580/463 65/550/463
f 982/696/630 173/588/532 63/691/625
f 177/697/552 1081/663/601 70/678/552
f 71/610/552 1746/698/631 177/697/552
f 1706/699/632 74/597/541 184/556/502
f 68/645/552 1791/652/590 1056/643/584
f 1786/700/633 73/669/552 182/650/552
f 174/701/634 1019/702/635 1695/689/623
f 1700/703/636 1690/704/637 174/701/634
f 1781/705/638 1771/706/639 1108/707/640
f 181/694/628 1123/708/641 1771/706/639
f 1716/709/595 1811/710/642 1038/711/643
f 1024/712/644 175/607/463 1710/510/462
f 78/594/538 1790/619/560 1129/648/587
f 189/713/596 1143/714/645 1811/710/642
f 997/579/524 187/633/574 1681/567/512
f 1725/683/617 67/605/463 1024/712/644
f 73/669/552 1806/685/619 1128/651/589
f 180/616/557 1102/715/646 72/637/578
f 63/691/625 1680/590/534 986/581/525
f 1651/676/611 81/542/491 971/716/647
f 1071/717/648 179/612/552 1751/631/572
f 69/632/573 1761/718/649 180/616/557
f 1691/670/605 86/719/581 1018/720/530
f 1685/721/650 66/688/622 173/588/532
f 190/573/518 1097/722/651 84/575/520
f 193/672/607 1124/723/652 86/719/581
f 1660/666/603 64/546/463 972/562/508
f 170/564/463 956/552/498 1650/561/507
f 1062/724/653 177/697/552 1731/725/654
f 1731/725/654 70/678/552 1076/726/655
f 175/607/463 961/727/656 62/511/463
f 992/728/657 174/701/634 66/688/622
f 1096/638/579 181/694/628 1781/705/638
f 1067/661/599 182/650/552 68/645/552
s 1
f 250/729/658 256/730/659 255/731/660
f 253/732/661 257/733/662 256/730/659
f 255/731/660 256/730/659 267/734/663
f 256/730/659 258/735/664 267/734/663
f 259/736/665 261/737/666 251/738/667
f 260/739/668 262/740/669 259/736/665
f 262/740/669 254/741/670 261/737/666
f 263/742/671 257/733/662 262/740/669
f 252/743/43 266/744/672 265/745/673
f 264/746/674 267/734/675 266/744/672
f 265/745/673 263/742/676 260/739/677
f 266/744/672 258/735/678 263/742/676
f 288/177/155 293/747/679 292/748/680
f 291/749/681 294/750/682 293/747/679
f 292/748/680 305/751/683 302/752/684
f 293/747/679 295/753/685 305/751/683
f 289/754/686 299/755/687 298/756/688
f 296/757/689 300/758/690 299/755/687
f 298/756/691 294/750/692 291/749/693
f 299/755/687 295/753/694 294/750/692
f 301/759/695 303/760/696 290/761/697
f 302/752/684 304/762/698 301/759/695
f 304/762/698 297/763/699 303/760/696
f 305/751/683 300/758/700 304/762/698
f 356/136/120 361/764/701 360/765/702
f 359/766/703 362/767/704 361/764/701
f 360/768/702 372/769/705 369/770/706
f 361/771/701 363/772/707 372/769/705
f 357/105/94 366/773/708 359/774/709
f 364/775/710 367/776/711 366/773/708
f 359/774/709 366/773/708 362/777/712
f 366/773/708 363/772/713 362/777/714
f 368/778/715 370/779/716 358/173/152
f 369/770/706 371/780/717 368/778/715
f 371/780/717 365/781/718 370/779/716
f 372/769/719 367/776/711 371/780/717
f 393/180/157 399/782/720 398/783/721
f 396/784/722 400/785/723 399/786/720
f 398/787/721 399/786/720 409/788/724
f 399/786/720 401/789/725 409/788/724
f 402/790/726 404/791/727 394/792/728
f 403/793/729 405/794/730 402/790/726
f 405/794/730 397/795/731 404/791/727
f 406/796/732 400/785/733 405/794/730
f 395/117/104 408/797/734 407/798/735
f 398/799/736 409/788/737 408/797/734
f 407/798/735 406/796/732 403/793/729
f 408/797/734 401/789/738 406/796/732
s 2
f 413/800/739 415/801/740 410/165/145
f 414/802/741 416/803/742 413/800/739
f 415/801/740 416/803/742 423/804/743
f 416/803/742 417/805/744 423/806/743
f 418/807/745 420/808/746 411/237/211
f 419/809/747 421/810/748 418/807/745
f 420/808/746 421/811/748 414/802/741
f 422/812/749 423/806/743 424/813/750
f 424/813/750 419/809/747 422/814/749
f 424/813/750 423/806/743 417/815/744
s 5
f 428/816/751 429/817/752 425/220/753
s 6
f 429/817/754 1161/818/755 432/819/756
s 2
f 426/820/757 430/821/758 431/822/759
s 7
f 434/823/760 1161/818/761 430/824/762
s 8
f 431/822/763 430/825/763 428/826/764
s 2
f 435/210/184 438/827/765 439/828/766
s 9
f 442/829/767 440/830/768 438/831/769
s 2
f 437/234/208 443/832/770 444/833/771
s 10
f 443/832/772 438/834/773 444/835/774
s 11
f 444/835/775 1817/836/776 442/837/777
s 2
f 445/318/292 448/838/778 449/839/779
s 12
f 449/840/780 450/841/781 1818/842/782
s 2
f 446/843/783 449/844/784 451/845/785
s 13
f 451/845/786 449/846/787 448/847/787
s 14
f 457/848/788 458/849/789 454/343/790
s 15
f 457/848/791 460/850/791 459/851/791
s 16
f 458/849/792 1160/852/793 462/853/794
s 2
f 455/854/795 459/855/796 460/856/797
s 17
f 459/857/798 463/858/799 1160/859/799
s 2
f 467/860/800 469/861/801 464/298/272
f 467/860/800 468/862/802 470/863/803
f 469/861/801 470/864/803 476/865/804
f 470/863/803 468/862/802 471/866/805
f 473/867/806 472/868/807 474/869/808
f 473/870/806 474/869/808 468/871/802
f 472/868/807 468/862/802 474/869/808
f 475/872/809 477/873/810 466/265/239
f 476/865/804 478/874/811 475/872/809
f 477/873/810 478/874/811 472/875/807
f 478/874/811 471/866/805 472/868/807
s 18
f 482/876/812 483/877/813 479/273/814
s 19
f 482/876/815 484/878/816 488/879/817
s 2
f 481/271/245 487/880/818 488/881/819
s 20
f 487/880/820 483/882/820 488/883/821
s 19
f 488/883/817 1819/884/822 486/885/823
f 488/886/817 484/887/816 1819/884/822
s 2
f 492/888/824 494/889/825 489/890/826
f 492/888/824 493/891/827 495/892/828
f 495/892/828 501/893/829 494/889/825
f 495/892/828 496/894/830 503/895/831
f 497/896/832 498/897/833 499/898/834
f 497/899/832 499/898/834 493/900/827
f 498/897/833 493/891/827 499/898/834
f 500/901/835 502/902/836 491/285/259
f 500/901/835 501/893/829 503/903/831
f 502/902/836 503/903/831 498/904/833
f 503/895/831 496/894/830 498/897/833
f 504/199/173 508/905/837 507/906/838
s 21
f 508/907/839 1816/908/839 509/909/839
s 2
f 506/291/265 512/910/840 508/911/841
s 22
f 512/910/842 507/912/842 508/913/843
s 23
f 508/913/844 1816/908/845 511/914/846
s 2
f 516/915/847 518/916/848 513/281/255
f 517/917/849 519/918/850 516/915/847
f 519/918/850 527/919/851 518/916/848
f 519/918/850 520/920/852 530/921/853
f 514/922/226 524/923/854 523/924/855
f 521/925/856 525/926/857 524/923/854
f 523/924/855 520/920/858 517/917/849
s 24
f 524/923/859 530/927/860 520/920/861
s 2
f 526/928/862 528/929/863 515/300/274
f 527/919/851 529/930/864 526/928/862
f 529/930/864 522/931/865 528/929/863
f 529/930/864 530/927/866 525/926/867
f 534/932/868 536/933/869 531/244/218
f 535/934/870 537/935/871 534/932/868
f 537/935/871 545/936/872 536/933/869
f 537/935/871 538/937/873 548/938/874
f 532/939/264 542/940/875 541/941/876
f 539/942/877 543/943/878 542/940/875
f 541/941/876 538/937/879 535/934/870
s 25
f 542/940/880 548/944/881 538/937/882
s 2
f 544/945/883 546/946/884 533/261/235
f 545/936/872 547/947/885 544/945/883
f 547/947/885 540/948/886 546/946/884
f 547/947/885 548/944/887 543/943/888
f 552/949/889 554/950/890 549/276/250
f 553/951/891 555/952/892 552/949/889
f 555/952/892 564/953/893 554/950/890
f 555/952/892 557/954/894 567/955/895
f 558/956/896 560/957/897 550/255/229
f 559/958/898 561/959/899 558/956/896
f 561/959/899 553/951/891 560/957/897
f 561/959/899 557/954/894 556/960/900
f 563/961/901 565/962/902 551/303/277
f 564/953/893 566/963/903 563/961/901
f 566/963/903 559/958/898 565/962/902
f 566/963/903 557/954/894 562/964/904
f 571/965/905 573/966/906 568/232/206
f 572/967/907 574/968/908 571/965/905
f 574/968/908 583/969/909 573/966/906
f 574/968/908 575/970/910 576/971/911
f 569/972/275 580/973/912 579/974/913
f 577/975/914 581/976/915 580/973/912
f 579/974/913 575/970/916 572/967/907
f 580/973/912 576/977/917 575/970/916
f 582/978/918 584/979/919 570/270/244
f 583/969/909 585/980/920 582/978/918
f 585/980/920 578/981/921 584/979/919
f 585/980/920 576/977/911 581/976/922
f 586/982/923 591/983/924 590/984/925
f 589/985/926 592/986/927 591/983/924
f 590/984/925 603/987/928 600/988/929
f 591/983/924 593/989/930 603/987/928
f 587/311/285 597/990/931 596/991/932
f 594/992/933 598/993/934 597/990/931
s 26
f 596/991/935 592/986/936 589/985/937
s 2
f 597/990/931 593/989/938 592/986/939
f 599/994/940 601/995/941 588/996/309
f 600/988/929 602/997/942 599/994/940
f 602/997/942 595/998/943 601/995/941
f 603/987/944 598/993/945 602/997/942
f 607/999/946 609/1000/947 604/321/295
f 608/1001/948 610/1002/949 607/999/946
f 610/1002/949 617/1003/950 609/1000/947
f 612/1004/951 614/1005/952 605/1006/310
f 613/1007/953 615/1008/954 612/1004/951
f 615/1008/954 608/1001/948 614/1005/952
f 616/1009/955 618/1010/956 606/308/282
f 617/1003/950 619/1011/957 616/1009/955
f 619/1011/957 613/1007/953 618/1010/956
f 620/320/294 626/1012/958 625/1013/959
f 623/1014/960 627/1015/961 626/1012/958
f 625/1013/959 626/1012/958 637/1016/962
f 626/1012/958 628/1017/963 637/1016/962
f 629/1018/964 631/1019/965 621/1020/199
f 630/1021/966 632/1022/967 629/1018/964
f 632/1022/967 624/1023/968 631/1019/965
f 633/1024/969 627/1015/961 632/1022/967
f 622/312/286 636/1025/970 635/1026/971
f 634/1027/972 637/1016/973 636/1025/970
f 635/1026/971 633/1024/969 630/1021/966
f 636/1025/970 628/1017/963 633/1024/969
f 641/1028/974 643/1029/975 638/226/200
f 642/1030/976 644/1031/977 641/1028/974
f 644/1031/977 652/1032/978 643/1029/975
f 644/1031/977 645/1033/979 655/1034/980
f 646/1035/981 648/1036/982 639/314/288
f 647/1037/983 649/1038/984 646/1035/981
f 649/1038/984 642/1030/976 648/1036/982
f 649/1038/984 650/1039/985 645/1040/979
f 651/1041/986 653/1042/987 640/1043/297
f 652/1032/978 654/1044/988 651/1041/986
f 654/1044/988 647/1037/983 653/1042/987
f 655/1034/980 650/1039/985 654/1044/988
f 656/341/315 671/1045/989 661/1046/990
f 659/1047/991 662/1048/992 671/1045/989
f 661/1046/990 671/1049/989 669/1050/993
s 27
f 671/1045/994 662/1048/994 663/1051/994
s 2
f 664/1052/995 666/1053/996 657/1054/301
f 665/1055/997 667/1056/998 664/1052/995
f 667/1056/999 660/1057/1000 666/1058/996
f 658/1059/1001 671/1060/1002 670/1061/1003
f 668/1062/1004 669/1050/1005 671/1060/1002
f 670/1061/1003 662/1063/1006 665/1055/997
f 672/213/187 677/1064/1007 676/1065/1008
f 675/1066/1009 678/1067/1010 677/1064/1007
f 676/1065/1008 689/1068/1011 686/1069/1012
f 677/1064/1007 679/1070/1013 689/1068/1011
f 673/315/289 683/1071/1014 682/1072/1015
f 680/1073/1016 684/1074/1017 683/1071/1014
f 682/1072/1015 683/1071/1014 678/1067/1018
f 683/1071/1014 679/1070/1013 678/1067/1018
f 685/1075/1019 687/1076/1020 674/1077/314
f 686/1069/1012 688/1078/1021 685/1075/1019
f 688/1078/1021 681/1079/1022 687/1076/1020
f 689/1068/1011 684/1074/1017 688/1078/1021
f 690/345/319 696/1080/1023 695/1081/1024
f 693/1082/1025 697/1083/1026 696/1080/1023
f 695/1081/1027 707/1084/1028 704/1085/1029
f 696/1080/1023 698/1086/1030 707/1084/1028
f 699/1087/1031 701/1088/1032 691/1089/190
f 700/1090/1033 702/1091/1034 699/1087/1031
f 702/1091/1034 694/1092/1035 701/1088/1032
f 703/1093/1036 697/1083/1026 702/1091/1034
f 692/307/281 706/1094/1037 705/1095/1038
f 704/1085/1039 707/1084/1040 706/1094/1037
f 705/1095/1038 703/1093/1041 700/1090/1033
f 706/1094/1037 698/1086/1042 703/1093/1041
f 711/1096/1043 713/1097/1044 708/332/306
f 712/1098/1045 714/1099/1046 711/1096/1043
f 714/1099/1046 722/1100/1047 713/1097/1044
f 714/1099/1046 715/1101/1048 725/1102/1049
f 716/1103/1050 718/1104/1051 709/304/278
f 717/1105/1052 719/1106/1053 716/1103/1050
f 719/1106/1053 712/1098/1045 718/1104/1051
f 719/1106/1053 720/1107/1054 715/1108/1048
f 721/1109/1055 723/1110/1056 710/1111/178
f 722/1100/1047 724/1112/1057 721/1109/1055
f 724/1112/1057 717/1105/1052 723/1110/1056
f 725/1102/1049 720/1107/1054 724/1112/1057
f 726/1113/1058 731/1114/1059 730/1115/1060
f 729/1116/1061 732/1117/1062 731/1114/1059
f 730/1115/1060 742/1118/1063 739/1119/1064
f 731/1114/1059 733/1120/1065 742/1118/1063
f 727/306/280 736/1121/1066 729/1122/1067
f 734/1123/1068 737/1124/1069 736/1121/1066
f 729/1122/1067 736/1121/1066 732/1117/1070
f 736/1121/1066 733/1120/1065 732/1117/1070
f 738/1125/1071 740/1126/1072 728/1127/305
f 739/1119/1064 741/1128/1073 738/1125/1071
f 741/1128/1073 735/1129/1074 740/1126/1072
f 742/1118/1063 737/1124/1069 741/1128/1073
s 3
f 793/1130/1075 798/1131/1076 806/1132/1077
f 796/1133/1078 799/1134/1079 798/1131/1076
f 806/1132/1077 798/1131/1076 809/1135/1080
f 798/1131/1076 800/1136/1081 809/1135/1080
f 801/1137/1082 803/1138/1083 794/1139/1084
f 802/1140/1085 804/1141/1086 801/1137/1082
f 804/1141/1086 797/1142/1087 803/1138/1083
f 805/1143/1088 799/1134/1079 804/1141/1086
f 795/1144/362 808/1145/1089 807/1146/1090
f 806/1147/1091 809/1135/1092 808/1145/1089
f 807/1146/1090 805/1143/1093 802/1140/1094
f 808/1145/1089 800/1136/1095 805/1143/1093
f 830/523/475 835/1148/1096 834/1149/1097
f 833/1150/1098 836/1151/1099 835/1148/1096
f 834/1149/1097 846/1152/1100 843/1153/1101
f 835/1148/1096 837/1154/1102 846/1152/1100
f 831/1155/1103 840/1156/1104 833/1157/1105
f 838/1158/1106 841/1159/1107 840/1156/1104
f 833/1157/1105 840/1156/1104 836/1151/1108
f 840/1156/1104 837/1154/1109 836/1151/1110
f 842/1160/1111 844/1161/1112 832/1162/1113
f 843/1153/1101 845/1163/1114 842/1160/1111
f 845/1163/1114 839/1164/1115 844/1161/1112
f 846/1152/1100 841/1159/1116 845/1163/1114
f 897/483/438 902/1165/1117 901/1166/1118
f 900/1167/1119 903/1168/1120 902/1165/1117
f 901/1169/1118 913/1170/1121 910/1171/1122
f 902/1172/1117 904/1173/1123 913/1170/1121
f 898/450/413 907/1174/1124 900/1175/1125
f 905/1176/1126 908/1177/1127 907/1174/1124
f 900/1175/1125 907/1174/1124 903/1178/1128
f 907/1174/1124 904/1173/1129 903/1178/1128
f 909/1179/1130 911/1180/1131 899/520/472
f 910/1171/1122 912/1181/1132 909/1179/1130
f 912/1181/1132 906/1182/1133 911/1180/1131
f 913/1170/1134 908/1177/1127 912/1181/1132
f 934/525/477 939/1183/1135 947/1184/1136
f 937/1185/1137 940/1186/1138 939/1187/1135
f 947/1188/1136 939/1187/1135 950/1189/1139
f 939/1187/1135 941/1190/1140 950/1189/1141
f 942/1191/1142 944/1192/1143 935/1193/1144
f 943/1194/1145 945/1195/1146 942/1191/1142
f 945/1195/1146 938/1196/1147 944/1192/1143
f 946/1197/1148 940/1186/1149 945/1195/1146
f 936/462/422 949/1198/1150 948/1199/1151
f 947/1200/1152 950/1189/1153 949/1198/1150
f 948/1199/1151 946/1197/1148 943/1194/1145
f 949/1198/1150 941/1190/1154 946/1197/1148
s 4
f 1001/1201/1155 1007/1202/1156 1006/1203/1157
f 1004/1204/1158 1008/1205/1159 1007/1202/1156
f 1006/1203/1157 1007/1202/1156 1017/1206/1160
f 1007/1202/1156 1009/1207/1161 1017/1206/1160
f 1010/1208/1162 1012/1209/1163 1002/1210/1164
f 1011/1211/1165 1013/1212/1166 1010/1213/1162
f 1013/1214/1166 1005/1215/1167 1012/1209/1163
f 1014/1216/1168 1008/1217/1159 1013/1212/1166
f 1003/585/1169 1016/1218/1170 1015/1219/1171
s 28
f 1006/1220/1172 1017/1221/1172 1016/1218/1173
s 4
f 1015/1219/1171 1014/1216/1174 1011/1211/1175
f 1016/1218/1170 1009/1222/1176 1014/1216/1174
f 1038/711/643 1043/1223/1177 1042/1224/1178
f 1041/1225/1179 1044/1226/1180 1043/1223/1177
f 1042/1224/1178 1055/1227/1181 1052/1228/1182
f 1043/1223/1177 1045/1229/1183 1055/1227/1181
f 1039/1230/1184 1049/1231/1185 1048/1232/1186
f 1046/1233/1187 1050/1234/1188 1049/1231/1185
f 1048/1232/1189 1044/1235/1190 1041/1236/1191
f 1049/1231/1185 1045/1237/1192 1044/1235/1190
f 1051/1238/1193 1053/1239/1194 1040/1240/1195
f 1052/1228/1182 1054/1241/1196 1051/1238/1193
f 1054/1242/1196 1047/1243/1197 1053/1244/1194
f 1055/1227/1181 1050/1245/1198 1054/1241/1196
f 1106/673/608 1111/1246/1199 1110/1247/1200
f 1109/1248/1201 1112/1249/1202 1111/1250/1199
f 1110/1251/1200 1122/1252/1203 1119/1253/1204
f 1111/1250/1199 1113/1254/1205 1122/1252/1203
f 1107/642/583 1116/1255/1206 1109/1256/1207
f 1114/1257/1208 1117/1258/1209 1116/1255/1206
f 1109/1256/1207 1116/1255/1206 1112/1249/1210
f 1116/1255/1206 1113/1254/1211 1112/1249/1210
f 1118/1259/1212 1120/1260/1213 1108/707/640
f 1119/1253/1204 1121/1261/1214 1118/1259/1212
f 1121/1261/1214 1115/1262/1215 1120/1260/1213
f 1122/1252/1216 1117/1258/1209 1121/1261/1214
f 1143/1263/645 1148/1264/1217 1156/1265/1218
f 1146/1266/1219 1149/1267/1220 1148/1264/1217
f 1156/1265/1218 1148/1264/1217 1159/1268/1221
f 1148/1264/1217 1150/1269/1222 1159/1268/1223
f 1151/1270/1224 1153/1271/1225 1144/1272/1226
f 1152/1273/1227 1154/1274/1228 1151/1270/1224
f 1154/1274/1228 1147/1275/1229 1153/1271/1225
f 1155/1276/1230 1149/1267/1231 1154/1274/1228
f 1145/654/592 1158/1277/1232 1157/1278/1233
f 1156/1279/1234 1159/1268/1235 1158/1277/1232
f 1157/1278/1233 1155/1276/1230 1152/1273/1227
f 1158/1277/1232 1150/1269/1236 1155/1276/1230
s 1
f 221/25/22 1164/1280/1237 224/1281/1238
f 224/1281/1238 1165/1282/1239 223/1283/1240
f 223/1284/1241 1166/1285/1242 222/1286/1243
f 1166/1285/1242 220/182/159 222/1286/1243
f 1162/24/21 207/1287/1244 1164/1280/1237
f 1164/1280/1237 208/1288/1245 1165/1282/1239
f 1165/1289/1246 209/1290/1247 1166/1285/1242
f 209/1290/1247 1163/139/123 1166/1285/1242
f 1167/61/55 229/1291/1248 226/8/7
f 1169/1292/1249 228/1293/1250 229/1291/1248
f 1170/1294/1251 227/1295/1252 228/1293/1253
f 227/1295/1252 1168/1296/106 225/1297/18
f 210/194/168 1169/1292/1249 1167/61/55
f 212/1298/1254 1170/1294/1255 1169/1292/1249
f 213/1299/1256 1171/1300/1257 1170/1294/1251
f 1171/1300/1257 211/1301/15 1168/1296/106
f 1172/129/115 204/1302/1258 201/3/3
f 1174/1303/1259 203/1304/1260 204/1302/1258
f 1175/1305/1261 202/1306/1262 203/1304/1263
f 202/1307/1262 1173/4/4 200/16/13
f 221/25/22 1174/1303/1259 1172/129/115
f 224/1281/1238 1175/1305/1264 1174/1303/1259
f 223/1283/1241 1176/1308/1265 1175/1305/1261
f 1176/1309/1265 220/182/159 1173/4/4
f 216/158/139 1179/1310/1266 219/1311/1267
f 219/1311/1267 1180/1312/1268 218/1313/1269
f 218/1313/1270 1181/1314/1271 217/1315/1272
f 1181/1314/1271 215/1316/8 217/1315/1272
f 1177/26/23 229/1291/1248 1179/1310/1266
f 1179/1310/1266 228/1293/1250 1180/1312/1268
f 1180/1312/1273 227/1295/1252 1181/1314/1271
f 227/1295/1252 1178/1317/20 1181/1314/1271
f 231/159/140 1184/1318/1274 234/1319/1275
f 234/1319/1275 1185/1320/1276 233/1321/1277
f 233/1321/1278 1186/1322/1279 232/1323/1280
f 1186/1322/1279 230/1324/25 232/1323/1280
f 1182/153/136 219/1311/1267 1184/1318/1274
f 1184/1318/1274 218/1313/1269 1185/1320/1276
f 1185/1320/1281 217/1315/1272 1186/1322/1279
f 217/1315/1272 1183/1325/10 1186/1322/1279
f 205/15/12 1189/1326/1282 207/1287/1244
f 207/1287/1244 1190/1327/1283 208/1288/1245
f 208/1328/1284 1191/1329/1285 209/1290/1247
f 1191/1329/1285 206/35/31 209/1290/1247
f 1187/14/11 237/1330/1286 1189/1326/1282
f 1189/1326/1282 238/1331/1287 1190/1327/1283
f 1190/1332/1288 239/1333/1289 1191/1329/1285
f 239/1333/1289 1188/33/29 1191/1329/1285
f 235/44/39 1194/1334/1290 237/1330/1286
f 237/1330/1286 1195/1335/1291 238/1331/1287
f 238/1336/1292 1196/1337/1293 239/1333/1289
f 1196/1337/1293 236/32/28 239/1333/1289
f 1192/53/47 247/1338/1294 1194/1334/1290
f 1194/1334/1290 248/1339/1295 1195/1335/1291
f 1195/1340/1296 249/1341/1297 1196/1337/1293
f 249/1341/1297 1193/30/26 1196/1337/1293
f 241/195/169 1199/1342/1298 244/1343/1299
f 244/1343/1299 1200/1344/1300 243/1345/1301
f 243/1345/1302 1201/1346/1303 242/1347/1304
f 1201/1346/1303 240/1348/35 242/1347/1304
f 1197/187/162 234/1319/1275 1199/1342/1298
f 1199/1342/1298 233/1321/1277 1200/1344/1300
f 1200/1344/1305 232/1323/1280 1201/1346/1303
f 232/1323/1280 1198/1349/33 1201/1346/1303
f 1202/170/149 272/1350/1306 269/168/147
f 1204/1351/1307 271/1352/1308 272/1350/1306
f 1205/1353/1309 270/1354/1310 271/1352/1308
f 1206/1355/1311 268/186/44 270/1354/1310
f 251/738/667 1204/1351/1307 1202/170/149
f 261/737/666 1205/1353/1309 1204/1351/1307
f 254/741/670 1206/1355/1311 1205/1353/1309
f 253/732/661 1203/133/117 1206/1355/1311
f 245/52/46 1209/1356/1312 247/1338/1294
f 247/1338/1294 1210/1357/1313 248/1339/1295
f 248/1358/1314 1211/1359/1315 249/1341/1297
f 249/1341/1297 1208/40/36 246/42/38
f 1207/152/135 272/1350/1306 1209/1356/1312
f 1209/1356/1316 271/1352/1308 1210/1357/1313
f 1210/1360/1317 270/1361/1310 1211/1359/1315
f 270/1361/1310 1208/40/36 1211/1359/1315
f 251/738/667 1214/1362/1318 259/736/665
f 259/736/665 1215/1363/1319 260/739/668
f 260/739/677 1216/1364/1320 265/745/673
f 265/745/673 1213/1365/41 252/743/43
f 1212/169/148 244/1343/1299 1214/1362/1318
f 1214/1362/1318 243/1345/1301 1215/1363/1319
f 1215/1363/1321 242/1347/1304 1216/1364/1320
f 1216/1364/1320 240/1348/35 1213/1365/41
f 1217/69/62 212/1298/1254 210/194/168
f 1219/1366/1322 213/1299/1323 212/1298/1254
f 1220/1367/1324 214/1368/1325 213/1299/1256
f 214/1368/1325 1218/1369/142 211/1301/15
f 278/128/114 1219/1366/1322 1217/69/62
f 280/1370/1326 1220/1367/1327 1219/1366/1322
f 281/1371/1328 1221/1372/1329 1220/1367/1324
f 1221/1372/1329 279/1373/52 1218/1369/142
f 1222/1/1 277/1374/1330 274/178/156
f 1224/1375/1331 276/1376/1332 277/1374/1330
f 1225/1377/1333 275/1378/1334 276/1376/1335
f 275/1379/1334 1223/54/48 273/56/50
f 201/3/3 1224/1375/1331 1222/1/1
f 204/1302/1258 1225/1377/1336 1224/1375/1331
f 203/1304/1263 1226/1380/1337 1225/1377/1333
f 1226/1381/1337 200/16/13 1223/54/48
f 290/761/697 1229/1382/1338 301/759/695
f 301/759/695 1230/1383/1339 302/752/684
f 302/752/684 1231/1384/1340 292/748/680
f 292/748/680 1228/175/107 288/177/155
f 1227/143/126 285/1385/1341 1229/1382/1338
f 1229/1382/1338 286/1386/1342 1230/1383/1339
f 1230/1383/1339 287/1387/1343 1231/1384/1340
f 1231/1384/1340 284/1388/58 1228/175/107
f 1232/144/127 280/1370/1326 278/128/114
f 1234/1389/1344 281/1371/1345 280/1370/1326
f 1235/1390/1346 282/1391/1347 281/1371/1328
f 1236/1392/1348 279/1373/52 282/1391/1347
f 290/761/697 1234/1389/1344 1232/144/127
f 303/760/696 1235/1390/1349 1234/1389/1344
f 297/763/1350 1236/1392/1348 1235/1390/1346
f 296/757/689 1233/1393/60 1236/1392/1348
f 1237/146/129 285/1385/1341 283/145/128
f 1239/1394/1351 286/1386/1342 285/1385/1341
f 1240/1395/1352 287/1387/1343 286/1386/1342
f 287/1396/1343 1238/62/56 284/64/58
f 274/178/156 1239/1394/1351 1237/146/129
f 277/1374/1330 1240/1395/1353 1239/1394/1351
f 276/1376/1335 1241/1397/1354 1240/1395/1352
f 275/1379/1334 1238/62/56 1241/1398/1354
f 1242/142/125 330/1399/1355 327/71/63
f 1244/1400/1356 329/1401/1357 330/1399/1355
f 1245/1402/1358 328/1403/1359 329/1401/1357
f 1246/1404/1360 326/193/167 328/1403/1359
f 311/91/81 1244/1400/1356 1242/142/125
f 313/1405/1361 1245/1402/1358 1244/1400/1356
f 314/1406/1362 1246/1404/1360 1245/1402/1358
f 315/1407/1363 1243/192/166 1246/1404/1360
f 332/85/75 1249/1408/1364 335/1409/1365
f 335/1409/1365 1250/1410/1366 334/1411/1367
f 334/1411/1367 1251/1412/1368 333/1413/1369
f 333/1413/1369 1248/123/110 331/126/113
f 1247/84/74 318/1414/1370 1249/1408/1364
f 1249/1408/1364 319/1415/1371 1250/1410/1366
f 1250/1410/1366 320/1416/1372 1251/1412/1368
f 1251/1412/1368 317/124/111 1248/123/110
f 307/81/71 1254/1417/1373 310/1418/1374
f 310/1418/1374 1255/1419/1375 309/1420/1376
f 309/1420/1376 1256/1421/1377 308/1422/1378
f 308/1422/1378 1253/140/124 306/106/95
f 1252/72/64 330/1399/1355 1254/1417/1373
f 1254/1417/1373 329/1401/1357 1255/1419/1375
f 1255/1419/1375 328/1403/1359 1256/1421/1377
f 1256/1421/1377 326/193/167 1253/140/124
f 1257/86/76 325/1423/1379 322/125/112
f 1259/1424/1380 324/1425/1381 325/1423/1379
f 1260/1426/1382 323/1427/1383 324/1425/1381
f 1261/1428/1384 321/183/160 323/1427/1383
f 332/85/75 1259/1424/1380 1257/86/76
f 335/1409/1365 1260/1426/1382 1259/1424/1380
f 334/1411/1367 1261/1428/1384 1260/1426/1382
f 333/1413/1369 1258/161/141 1261/1428/1384
f 1262/77/68 340/1429/1385 337/155/137
f 1264/1430/1386 339/1431/1387 340/1429/1385
f 1265/1432/1388 338/1433/1389 339/1431/1387
f 1266/1434/1390 336/78/69 338/1433/1389
f 322/125/112 1264/1430/1386 1262/77/68
f 325/1423/1379 1265/1432/1388 1264/1430/1386
f 324/1425/1381 1266/1434/1390 1265/1432/1388
f 323/1427/1383 1263/94/84 1266/1434/1390
f 1267/92/82 313/1405/1361 311/91/81
f 1269/1435/1391 314/1406/1362 313/1405/1361
f 1270/1436/1392 315/1407/1363 314/1406/1362
f 1271/1437/1393 312/191/165 315/1407/1363
f 341/97/86 1269/1435/1391 1267/92/82
f 343/1438/1394 1270/1436/1392 1269/1435/1391
f 344/1439/1395 1271/1437/1393 1270/1436/1392
f 345/1440/1396 1268/74/66 1271/1437/1393
f 1272/98/87 343/1438/1394 341/97/86
f 1274/1441/1397 344/1439/1395 343/1438/1394
f 1275/1442/1398 345/1440/1396 344/1439/1395
f 1276/1443/1399 342/138/122 345/1440/1396
f 351/102/91 1274/1441/1397 1272/98/87
f 353/1444/1400 1275/1442/1398 1274/1441/1397
f 354/1445/1401 1276/1443/1399 1275/1442/1398
f 355/1446/1402 1273/184/161 1276/1443/1399
f 1277/93/83 350/1447/1403 347/188/163
f 1279/1448/1404 349/1449/1405 350/1447/1403
f 1280/1450/1406 348/1451/1407 349/1449/1405
f 1281/1452/1408 346/101/90 348/1451/1407
f 337/155/137 1279/1448/1404 1277/93/83
f 340/1429/1385 1280/1450/1406 1279/1448/1404
f 339/1431/1387 1281/1452/1408 1280/1450/1406
f 338/1433/1389 1278/80/70 1281/1452/1408
f 374/190/164 1284/1453/1409 377/1454/1410
f 377/1454/1410 1285/1455/1411 376/1456/1412
f 376/1456/1412 1286/1457/1413 375/1458/1414
f 375/1458/1414 1283/172/151 373/174/153
f 1282/1459/121 360/768/702 1284/1453/1409
f 1284/1453/1409 369/770/706 1285/1455/1411
f 1285/1455/1411 368/778/715 1286/1457/1413
f 1286/1457/1413 358/173/152 1283/172/151
f 1287/104/93 353/1444/1400 351/102/91
f 1289/1460/1415 354/1445/1401 353/1444/1400
f 1290/1461/1416 355/1446/1402 354/1445/1401
f 1291/1462/1417 352/181/158 355/1446/1402
f 374/190/164 1289/1460/1415 1287/104/93
f 377/1454/1410 1290/1461/1416 1289/1460/1415
f 376/1456/1412 1291/1462/1417 1290/1461/1416
f 375/1458/1414 1288/156/138 1291/1462/1417
f 1292/99/88 364/775/710 357/105/94
f 1294/1463/1418 365/781/718 364/775/710
f 1295/1464/1419 370/779/716 365/781/718
f 1296/1465/1420 358/173/152 370/779/716
f 347/188/163 1294/1463/1418 1292/99/88
f 350/1447/1403 1295/1464/1419 1294/1463/1418
f 349/1449/1405 1296/1465/1420 1295/1464/1419
f 348/1451/1407 1293/171/150 1296/1465/1420
f 316/88/78 1299/1466/1421 318/1414/1370
f 318/1414/1370 1300/1467/1422 319/1415/1371
f 319/1415/1371 1301/1468/1423 320/1416/1372
f 320/1416/1372 1298/166/146 317/124/111
f 1297/109/97 385/1469/1424 1299/1466/1421
f 1299/1466/1421 386/1470/1425 1300/1467/1422
f 1300/1467/1422 387/1471/1426 1301/1468/1423
f 1301/1468/1423 384/130/116 1298/166/146
f 379/111/99 1304/1472/1427 382/1473/1428
f 382/1473/1428 1305/1474/1429 381/1475/1430
f 381/1475/1430 1306/1476/1431 380/1477/1432
f 380/1477/1432 1303/115/102 378/114/101
f 1302/82/72 310/1418/1374 1304/1472/1427
f 1304/1472/1427 309/1420/1376 1305/1474/1429
f 1305/1474/1429 308/1422/1378 1306/1476/1431
f 1306/1476/1431 306/106/95 1303/115/102
f 1307/1478/109 396/1479/722 393/180/157
f 1309/1480/1433 397/795/731 396/784/722
f 1310/1481/1434 404/791/727 397/795/731
f 1311/1482/1435 394/792/728 404/791/727
f 388/118/105 1309/1480/1433 1307/122/109
f 390/1483/1436 1310/1481/1434 1309/1480/1433
f 391/1484/1437 1311/1482/1435 1310/1481/1434
f 392/1485/1438 1308/150/133 1311/1482/1435
f 383/110/98 1314/1486/1439 385/1469/1424
f 385/1469/1424 1315/1487/1440 386/1470/1425
f 386/1470/1425 1316/1488/1441 387/1471/1426
f 387/1471/1426 1313/149/132 384/130/116
f 1312/116/103 407/798/735 1314/1486/1439
f 1314/1486/1439 403/793/729 1315/1487/1440
f 1315/1487/1440 402/790/726 1316/1488/1441
f 1316/1488/1441 394/792/728 1313/149/132
f 388/118/105 1319/1489/1442 390/1483/1436
f 390/1483/1436 1320/1490/1443 391/1484/1437
f 391/1484/1437 1321/1491/1444 392/1485/1438
f 392/1485/1438 1318/148/131 389/147/130
f 1317/112/100 382/1473/1428 1319/1489/1442
f 1319/1489/1442 381/1475/1430 1320/1490/1443
f 1320/1490/1443 380/1477/1432 1321/1491/1444
f 1321/1491/1444 378/114/101 1318/148/131
f 395/117/104 1324/1492/1445 398/1493/736
f 398/783/721 1323/176/154 393/180/157
f 1322/67/61 298/1494/1446 1324/1492/1445
s 29
f 1324/1492/1447 298/1494/1447 291/1495/1447
s 1
f 1324/1496/1448 288/177/155 1323/176/154
f 1325/47/42 264/1497/1449 252/48/43
s 30
f 264/1497/1450 1327/1498/1451 255/1499/1450
s 1
f 1327/1500/1452 250/729/658 255/731/660
f 357/105/94 1327/1501/1453 1325/47/42
f 359/1502/703 1326/134/118 1327/1500/1452
s 2
f 533/261/235 1330/1503/1454 544/945/883
f 544/945/883 1331/1504/1455 545/936/872
f 1331/1504/1455 536/933/869 545/936/872
f 1332/1505/1456 531/244/218 536/933/869
f 1328/260/234 554/950/890 1330/1503/1454
f 1330/1503/1454 564/953/893 1331/1504/1455
f 564/953/893 1332/1505/1456 1331/1504/1455
f 563/961/901 1329/262/236 1332/1505/1456
f 1333/254/228 558/956/896 550/255/229
f 1335/1506/1457 559/958/898 558/956/896
f 559/958/898 1337/1507/1458 565/962/902
f 565/962/902 1334/241/215 551/303/277
f 568/232/206 1335/1506/1457 1333/254/228
f 573/966/906 1336/1508/1459 1335/1506/1457
f 1336/1508/1459 582/978/918 1337/1507/1458
f 1337/1507/1458 570/270/244 1334/241/215
f 1338/1509/263 577/975/914 569/972/275
f 1340/1510/1460 578/981/921 577/975/914
f 578/981/921 1341/1511/1461 584/979/919
f 1341/1511/1462 570/270/244 584/979/919
f 1338/1509/263 541/941/876 1340/1510/1463
f 1340/1510/1460 535/934/870 1341/1512/1461
f 1341/1512/1461 535/934/870 534/932/868
f 1341/1511/1462 531/244/218 1339/243/217
f 515/300/274 1344/1513/1464 526/928/862
f 526/928/862 1345/1514/1465 527/919/851
f 1345/1514/1465 518/916/848 527/919/851
f 1346/1515/1466 513/281/255 518/916/848
f 1342/296/270 560/957/897 1344/1513/1464
f 1344/1513/1464 553/951/891 1345/1514/1465
f 553/951/891 1346/1515/1466 1345/1514/1465
f 552/949/889 1343/275/249 1346/1515/1466
f 1347/1516/224 539/942/877 532/939/264
f 1349/1517/1467 540/948/886 539/942/877
f 540/948/886 1350/1518/1468 546/946/884
f 1350/1518/1469 533/261/235 546/946/884
f 1347/1516/224 523/924/855 1349/1517/1470
f 1349/1517/1467 517/917/849 1350/1519/1468
f 1350/1519/1468 517/917/849 516/915/847
f 1350/1518/1469 513/281/255 1348/229/203
f 1351/1520/225 521/925/856 514/922/226
f 1353/1521/1471 522/931/865 521/925/856
f 522/931/865 1354/1522/1472 528/929/863
f 1354/1522/1473 515/300/274 528/929/863
f 1351/1520/225 579/974/913 1353/1521/1474
f 1353/1521/1471 572/967/907 1354/1523/1472
f 1354/1523/1472 572/967/907 571/965/905
f 1354/1522/1473 568/232/206 1352/231/205
f 435/210/184 1357/1524/1475 438/831/765
f 438/831/765 1358/1525/1476 442/829/1477
f 442/829/1477 1359/1526/1478 441/1527/1479
f 441/1527/1479 1356/247/221 436/316/290
f 410/165/145 1357/1524/1475 1355/163/143
f 415/801/740 1358/1525/1476 1357/1524/1475
f 423/804/743 1359/1526/1478 1358/1525/1476
f 422/812/749 1356/247/221 1359/1526/1478
f 1360/259/233 452/1528/1480 447/217/191
f 1362/1529/1481 1818/842/1482 452/1528/1480
f 1363/1530/1483 449/839/779 1818/842/1482
f 1364/1531/1484 445/318/292 449/839/779
f 1360/259/233 422/814/749 1362/1529/1481
f 1362/1529/1481 419/809/747 1363/1530/1483
f 1363/1530/1483 418/807/745 1364/1531/1484
f 1364/1531/1484 411/237/211 1361/239/213
f 1365/317/291 441/1532/1479 436/316/290
f 1367/1533/1485 442/837/1486 441/1532/1479
f 1368/1534/1487 444/833/771 442/837/1486
f 1369/1535/1488 437/234/208 444/833/771
f 1365/317/291 452/1536/1480 1367/1533/1485
f 1367/1533/1485 453/1537/1489 1368/1534/1487
f 1368/1534/1487 449/1538/1490 1369/1535/1488
f 1369/1535/1488 446/843/783 1366/248/222
f 464/298/272 1372/1539/1491 467/860/800
f 467/860/800 1373/1540/1492 468/871/802
f 468/871/802 1374/1541/1493 473/870/1494
f 473/870/1494 1371/279/253 465/322/296
f 425/220/194 1372/1539/1491 1370/299/273
f 429/817/1495 1373/1540/1492 1372/1539/1491
f 432/819/1496 1374/1541/1493 1373/1540/1492
f 433/1542/1497 1371/279/253 1374/1541/1493
f 479/273/247 1377/1543/1498 482/876/1499
f 482/876/1499 1378/1544/1500 1819/1545/1501
f 1819/1545/1501 1379/1546/1502 485/1547/1503
f 485/1547/1503 1376/338/312 480/207/181
f 466/265/239 1377/1543/1498 1375/263/237
f 477/873/810 1378/1544/1500 1377/1543/1498
f 472/875/807 1379/1546/1502 1378/1544/1500
f 473/867/1494 1376/338/312 1379/1546/1502
f 1380/209/183 485/1548/1503 480/207/181
f 1382/1549/1504 486/885/1505 485/1548/1503
f 1383/1550/1506 488/881/819 486/885/1505
f 1384/1551/1507 481/271/245 488/881/819
f 1380/209/183 433/1552/1497 1382/1549/1504
f 1382/1549/1504 434/823/1508 1383/1550/1506
f 1383/1550/1506 430/824/758 1384/1551/1507
f 1384/1551/1507 426/820/757 1381/266/240
f 1385/257/231 461/1553/1509 456/196/170
f 1387/1554/1510 462/853/1511 461/1553/1509
f 1388/1555/1512 458/849/1513 462/853/1511
f 1389/1556/1514 454/343/317 458/849/1513
f 1385/257/231 497/899/1515 1387/1554/1510
f 1387/1554/1510 493/900/827 1388/1555/1512
f 1388/1555/1512 492/888/824 1389/1556/1514
f 1389/1556/1514 489/890/826 1386/293/267
f 1390/328/302 497/896/1515 490/280/254
f 1392/1557/1516 498/904/833 497/896/1515
f 1393/1558/1517 502/902/836 498/904/833
f 1394/1559/1518 491/285/259 502/902/836
f 1390/328/302 510/1560/1519 1392/1557/1516
f 1392/1557/1516 1816/1561/1520 1393/1558/1517
f 1393/1558/1517 508/907/837 1394/1559/1518
f 1394/1559/1518 504/199/173 1391/201/175
f 1395/342/316 510/1562/1519 505/329/303
f 1397/1563/1521 511/914/1522 510/1562/1519
f 1398/1564/1523 508/911/1524 511/914/1522
f 1399/1565/1525 506/291/265 508/911/841
f 1395/342/316 461/1566/1509 1397/1563/1521
f 1397/1563/1521 463/858/1526 1398/1564/1523
f 1398/1564/1523 459/857/796 1399/1565/1525
f 1399/1565/1525 455/854/795 1396/286/260
f 588/996/309 1402/1567/1527 599/994/940
f 599/994/940 1403/1568/1528 600/988/929
f 600/988/929 1404/1569/1529 590/984/925
f 590/984/925 1401/283/257 586/982/923
f 1400/1570/308 614/1005/952 1402/1567/1527
f 1402/1567/1527 608/1001/948 1403/1568/1528
f 1403/1568/1528 607/999/946 1404/1569/1529
f 607/999/946 1401/283/257 1404/1569/1529
f 1405/309/283 623/1014/960 620/320/294
f 1407/1571/1530 624/1023/968 623/1014/960
f 1408/1572/1531 631/1019/965 624/1023/968
f 1409/1573/1532 621/1020/199 631/1019/965
f 606/308/282 1407/1571/1530 1405/309/283
f 618/1010/956 1408/1572/1531 1407/1571/1530
f 613/1007/953 1409/1573/1532 1408/1572/1531
f 612/1004/951 1406/1574/197 1409/1573/1532
f 1410/310/284 594/992/933 587/311/285
f 1412/1575/1533 595/998/943 594/992/933
f 1413/1576/1534 601/995/941 595/998/943
f 1414/1577/1535 588/996/309 601/995/941
f 1410/310/284 635/1026/971 1412/1575/1533
f 1412/1575/1533 630/1021/966 1413/1576/1534
f 1413/1576/1534 629/1018/964 1414/1577/1535
f 1414/1577/1535 621/1020/199 1411/1578/198
f 1415/1579/299 651/1041/986 640/1043/297
f 1417/1580/1536 652/1032/978 651/1041/986
f 1418/1581/1537 643/1029/975 652/1032/978
f 1419/1582/1538 638/226/200 643/1029/975
f 657/1054/301 1417/1580/1536 1415/1579/299
f 666/1058/996 1418/1581/1537 1417/1580/1536
f 660/1057/1000 1419/1582/1538 1418/1581/1537
f 659/1047/991 1416/227/201 1419/1582/1538
f 674/1077/314 1422/1583/1539 685/1075/1019
f 685/1075/1019 1423/1584/1540 686/1069/1012
f 686/1069/1012 1424/1585/1541 676/1065/1008
f 676/1065/1008 1421/214/188 672/213/187
f 1420/1586/313 653/1042/987 1422/1583/1539
f 1422/1583/1539 647/1037/983 1423/1584/1540
f 1423/1584/1540 646/1035/981 1424/1585/1541
f 1424/1585/1541 639/314/288 1421/214/188
f 1425/313/287 680/1073/1016 673/315/289
f 1427/1587/1542 681/1079/1022 680/1073/1016
f 1428/1588/1543 687/1076/1020 681/1079/1022
f 1429/1589/1544 674/1077/314 687/1076/1020
f 1425/313/287 670/1061/1003 1427/1587/1542
f 1427/1587/1542 665/1055/997 1428/1588/1543
f 1428/1588/1543 664/1052/995 1429/1589/1544
f 1429/1589/1544 657/1054/301 1426/1590/300
f 1430/333/307 693/1082/1025 690/345/319
f 1432/1591/1545 694/1092/1035 693/1082/1025
f 1433/1592/1546 701/1088/1032 694/1092/1035
f 1434/1593/1547 691/1089/190 701/1088/1032
f 708/332/306 1432/1591/1545 1430/333/307
f 713/1097/1044 1433/1592/1546 1432/1591/1545
f 722/1100/1047 1434/1593/1547 1433/1592/1546
f 721/1109/1055 1431/1594/180 1434/1593/1547
f 709/304/278 1437/1595/1548 716/1103/1050
f 716/1103/1050 1438/1596/1549 717/1105/1052
f 717/1105/1052 1439/1597/1550 723/1110/1056
f 723/1110/1056 1436/1598/304 710/1111/178
f 1435/203/177 730/1115/1060 1437/1595/1548
f 1437/1595/1548 739/1119/1064 1438/1596/1549
f 1438/1596/1549 738/1125/1071 1439/1597/1550
f 1439/1597/1550 728/1127/305 1436/1598/304
f 1440/305/279 734/1123/1068 727/306/280
f 1442/1599/1551 735/1129/1074 734/1123/1068
f 1443/1600/1552 740/1126/1072 735/1129/1074
f 1444/1601/1553 728/1127/305 740/1126/1072
f 1440/305/279 705/1095/1038 1442/1599/1551
f 1442/1599/1551 700/1090/1033 1443/1600/1552
f 1443/1600/1552 699/1087/1031 1444/1601/1553
f 1444/1601/1553 691/1089/190 1441/1602/189
f 1445/164/144 413/800/739 410/165/145
f 1447/1603/1554 414/802/1555 413/800/739
f 1448/1604/1556 420/808/746 414/802/1555
f 1449/1605/1557 411/237/211 420/808/746
f 604/321/295 1447/1603/1554 1445/164/144
f 609/1000/947 1448/1604/1556 1447/1603/1554
f 617/1003/950 1449/1605/1557 1448/1604/1556
f 616/1009/955 1446/1606/1558 1449/1605/1557
f 622/312/286 1452/1607/1559 634/1027/1560
f 634/1027/972 1453/1608/1561 625/1609/1562
f 1453/1610/1563 620/320/294 625/1013/959
f 1450/249/223 451/845/785 1452/1607/1559
f 1452/1607/1564 448/847/1565 1453/1608/1561
f 1453/1610/1563 445/318/292 1451/319/293
f 1454/222/196 428/816/1566 425/220/194
s 31
f 1456/1611/1567 431/822/1568 428/826/1568
s 2
f 431/822/759 1455/267/241 426/820/757
f 656/341/315 1456/1612/1569 1454/222/196
f 1456/1612/1569 661/1046/990 669/1050/1570
s 31
f 669/1050/1571 1457/1613/1572 1456/1611/1567
s 2
f 1457/1613/1573 658/1059/1001 1455/267/241
f 672/213/187 1460/1614/1574 675/1066/1575
f 1460/1614/1576 682/1615/1577 675/1066/1009
f 682/1072/1015 1459/272/246 673/315/289
f 1458/1616/1578 483/877/1579 1460/1614/1574
f 1460/1614/1576 483/882/1580 1461/1617/1581
f 1461/1617/1581 483/882/1580 487/880/1580
f 487/880/818 1459/272/246 1461/1618/1582
f 491/285/259 1464/1619/1583 500/901/835
f 500/901/835 1465/1620/1584 501/893/1585
f 501/893/1585 1466/1621/1586 494/889/825
f 494/889/825 1463/294/268 489/890/826
f 1462/284/258 718/1104/1051 1464/1619/1583
f 1464/1619/1583 712/1098/1045 1465/1620/1584
f 1465/1620/1584 711/1096/1043 1466/1621/1586
f 1466/1621/1586 708/332/306 1463/294/268
f 1467/287/261 704/1622/1039 692/307/281
f 1469/1623/1587 695/1081/1027 704/1085/1029
f 1470/1624/1588 690/345/319 695/1081/1024
f 455/854/795 1469/1625/1589 1467/287/261
f 460/850/1590 1470/1624/1591 1469/1623/1587
f 457/848/1592 1468/344/318 1470/1624/1588
f 586/982/923 1473/1626/1593 589/1627/926
s 26
f 589/1627/937 1473/1626/1594 1474/1628/1595
f 589/985/937 1474/1629/1595 596/991/935
s 2
f 1474/1629/1596 587/311/285 596/991/932
f 1471/282/256 439/828/1597 1473/1626/1593
s 26
f 1473/1626/1594 439/1630/1598 1474/1628/1595
f 1474/1628/1595 439/1630/1598 443/832/1599
s 2
f 443/832/1600 1472/236/210 1474/1629/1596
f 1475/264/238 475/872/809 466/265/239
f 1477/1631/1601 476/865/1602 475/872/809
f 476/865/1602 1479/1632/1603 469/861/801
f 469/861/801 1476/1633/1604 464/298/272
f 639/314/288 1477/1631/1601 1475/264/238
f 648/1036/982 1478/1634/1605 1477/1631/1601
f 642/1030/976 1479/1632/1603 1478/1634/1605
f 641/1028/974 1476/1633/1604 1479/1632/1603
f 1480/292/266 512/910/840 506/291/265
s 32
f 1482/1635/1606 507/912/1607 512/910/1607
s 2
f 507/906/838 1481/202/176 504/199/173
f 727/306/280 1482/1635/1608 1480/292/266
s 32
f 1482/1635/1606 729/1116/1609 1483/1636/1610
s 2
f 1483/1637/1611 726/1113/1058 1481/202/176
s 3
f 764/370/341 1486/1638/1612 767/1639/1613
f 767/1639/1613 1487/1640/1614 766/1641/1615
f 766/1642/1616 1488/1643/1617 765/1644/1618
f 1488/1643/1617 763/527/479 765/1644/1618
f 1484/369/340 750/1645/1619 1486/1638/1612
f 1486/1638/1612 751/1646/1620 1487/1640/1614
f 1487/1647/1621 752/1648/1622 1488/1643/1617
f 752/1648/1622 1485/486/441 1488/1643/1617
f 1489/406/374 772/1649/1623 769/353/326
f 1491/1650/1624 771/1651/1625 772/1649/1623
f 1492/1652/1626 770/1653/1627 771/1651/1628
f 770/1653/1627 1490/1654/424 768/1655/337
f 753/539/488 1491/1650/1624 1489/406/374
f 755/1656/1629 1492/1652/1630 1491/1650/1624
f 756/1657/1631 1493/1658/1632 1492/1652/1626
f 1493/1658/1632 754/1659/334 1490/1654/424
f 1494/476/433 747/1660/1633 744/348/322
f 1496/1661/1634 746/1662/1635 747/1660/1633
f 1497/1663/1636 745/1664/1637 746/1665/1638
f 745/1664/1637 1495/349/323 743/361/332
f 764/370/341 1496/1661/1634 1494/476/433
f 767/1639/1613 1497/1666/1639 1496/1661/1634
f 766/1642/1616 1498/1667/1640 1497/1663/1636
f 1498/1667/1640 763/527/479 1495/349/323
f 759/505/458 1501/1668/1641 762/1669/1642
f 762/1669/1642 1502/1670/1643 761/1671/1644
f 761/1671/1645 1503/1672/1646 760/1673/1647
f 1503/1672/1646 758/1674/327 760/1673/1647
f 1499/371/342 772/1649/1623 1501/1668/1641
f 1501/1668/1641 771/1651/1625 1502/1670/1643
f 1502/1670/1648 770/1653/1627 1503/1672/1646
f 770/1653/1627 1500/1675/339 1503/1672/1646
f 774/506/459 1506/1676/1649 777/1677/1650
f 777/1677/1650 1507/1678/1651 776/1679/1652
f 776/1679/1653 1508/1680/1654 775/1681/1655
f 1508/1680/1654 773/1682/344 775/1681/1655
f 1504/500/454 762/1669/1642 1506/1676/1649
f 1506/1676/1649 761/1671/1644 1507/1678/1651
f 1507/1678/1656 760/1673/1647 1508/1680/1654
f 760/1673/1647 1505/1683/329 1508/1680/1654
f 748/360/331 1511/1684/1657 750/1645/1619
f 750/1645/1619 1512/1685/1658 751/1646/1620
f 751/1686/1659 1513/1687/1660 752/1648/1622
f 1513/1687/1660 749/380/350 752/1648/1622
f 1509/359/330 780/1688/1661 1511/1684/1657
f 1511/1684/1657 781/1689/1662 1512/1685/1658
f 1512/1690/1663 782/1691/1664 1513/1687/1660
f 782/1691/1664 1510/378/348 1513/1687/1660
f 778/389/358 1516/1692/1665 780/1688/1661
f 780/1688/1661 1517/1693/1666 781/1689/1662
f 781/1694/1667 1518/1695/1668 782/1691/1664
f 1518/1695/1668 779/377/347 782/1691/1664
f 1514/398/366 790/1696/1669 1516/1692/1665
f 1516/1692/1665 791/1697/1670 1517/1693/1666
f 1517/1698/1671 792/1699/1672 1518/1695/1668
f 792/1699/1672 1515/375/345 1518/1695/1668
f 784/540/489 1521/1700/1673 787/1701/1674
f 787/1701/1674 1522/1702/1675 786/1703/1676
f 786/1703/1677 1523/1704/1678 785/1705/1679
f 1523/1706/1678 783/384/354 785/1707/1679
f 1519/532/482 777/1677/1650 1521/1700/1673
f 1521/1700/1673 776/1679/1652 1522/1702/1675
f 1522/1702/1680 775/1681/1655 1523/1704/1678
f 775/1708/1655 1520/382/352 1523/1706/1678
f 1524/517/469 814/1709/1681 811/515/467
f 1526/1710/1682 813/1711/1683 814/1709/1681
f 1527/1712/1684 812/1713/1685 813/1711/1683
f 1528/1714/1686 810/531/363 812/1713/1685
f 794/1139/1084 1526/1710/1682 1524/517/469
f 803/1138/1083 1527/1712/1684 1526/1710/1682
f 797/1142/1087 1528/1714/1686 1527/1712/1684
f 796/1133/1078 1525/480/435 1528/1714/1686
f 788/397/365 1531/1715/1687 790/1696/1669
f 790/1696/1669 1532/1716/1688 791/1697/1670
f 791/1717/1689 1533/1718/1690 792/1699/1672
f 792/1699/1672 1530/385/355 789/387/357
f 1529/499/453 814/1709/1681 1531/1715/1687
f 1531/1715/1691 813/1711/1683 1532/1716/1688
f 1532/1719/1692 812/1720/1685 1533/1718/1690
f 812/1720/1685 1530/385/355 1533/1718/1690
f 794/1139/1084 1536/1721/1693 801/1137/1082
f 801/1137/1082 1537/1722/1694 802/1140/1085
f 802/1140/1094 1538/1723/1695 807/1146/1090
f 807/1724/1090 1535/391/360 795/393/362
f 1534/516/468 787/1701/1674 1536/1721/1693
f 1536/1721/1693 786/1703/1676 1537/1722/1694
f 1537/1722/1696 785/1705/1679 1538/1723/1695
f 1538/1725/1695 783/384/354 1535/391/360
f 1539/414/381 755/1656/1629 753/539/488
f 1541/1726/1697 756/1657/1698 755/1656/1629
f 1542/1727/1699 757/1728/1700 756/1657/1631
f 757/1728/1700 1540/1729/461 754/1659/334
f 820/475/432 1541/1726/1697 1539/414/381
f 822/1730/1701 1542/1727/1702 1541/1726/1697
f 823/1731/1703 1543/1732/1704 1542/1727/1699
f 1543/1732/1704 821/1733/371 1540/1729/461
f 1544/346/320 819/1734/1705 816/524/476
f 1546/1735/1706 818/1736/1707 819/1734/1705
f 1547/1737/1708 817/1738/1709 818/1736/1710
f 817/1739/1709 1545/399/367 815/401/369
f 744/348/322 1546/1735/1706 1544/346/320
f 747/1660/1633 1547/1737/1711 1546/1735/1706
f 746/1665/1638 1548/1740/1712 1547/1741/1708
f 1548/1740/1712 743/361/332 1545/399/367
f 832/1162/1113 1551/1742/1713 842/1160/1111
f 842/1160/1111 1552/1743/1714 843/1153/1101
f 843/1153/1101 1553/1744/1715 834/1149/1097
f 834/1149/1097 1550/465/425 830/523/475
f 1549/490/444 827/1745/1716 1551/1742/1713
f 1551/1742/1713 828/1746/1717 1552/1743/1714
f 1552/1743/1714 829/1747/1718 1553/1744/1715
f 1553/1744/1715 826/1748/377 1550/465/425
f 1554/491/445 822/1730/1701 820/475/432
f 1556/1749/1719 823/1731/1720 822/1730/1701
f 1557/1750/1721 824/1751/1722 823/1731/1703
f 1558/1752/1723 821/1733/371 824/1751/1722
f 832/1162/1113 1556/1749/1719 1554/491/445
f 844/1161/1112 1557/1750/1724 1556/1749/1719
f 839/1164/1725 1558/1752/1723 1557/1750/1721
f 838/1158/1106 1555/1753/379 1558/1752/1723
f 1559/493/447 827/1745/1716 825/492/446
f 1561/1754/1726 828/1746/1717 827/1745/1716
f 1562/1755/1727 829/1747/1718 828/1746/1717
f 829/1756/1718 1560/407/375 826/409/377
f 816/524/476 1561/1754/1726 1559/493/447
f 819/1734/1705 1562/1755/1728 1561/1754/1726
f 818/1736/1710 1563/1757/1729 1562/1755/1727
f 817/1739/1709 1560/407/375 1563/1758/1729
f 1564/489/443 871/1759/1730 868/416/382
f 1566/1760/1731 870/1761/1732 871/1759/1730
f 1567/1762/1733 869/1763/1734 870/1761/1732
f 1568/1764/1735 867/538/487 869/1763/1734
f 852/436/400 1566/1760/1731 1564/489/443
f 854/1765/1736 1567/1762/1733 1566/1760/1731
f 855/1766/1737 1568/1764/1735 1567/1762/1733
f 856/1767/1738 1565/537/486 1568/1764/1735
f 873/430/394 1571/1768/1739 876/1769/1740
f 876/1769/1740 1572/1770/1741 875/1771/1742
f 875/1771/1742 1573/1772/1743 874/1773/1744
f 874/1773/1744 1570/470/428 872/473/431
f 1569/429/393 859/1774/1745 1571/1768/1739
f 1571/1768/1739 860/1775/1746 1572/1770/1741
f 1572/1770/1741 861/1776/1747 1573/1772/1743
f 1573/1772/1743 858/471/429 1570/470/428
f 848/426/390 1576/1777/1748 851/1778/1749
f 851/1778/1749 1577/1779/1750 850/1780/1751
f 850/1780/1751 1578/1781/1752 849/1782/1753
f 849/1782/1753 1575/487/442 847/451/414
f 1574/417/383 871/1759/1730 1576/1777/1748
f 1576/1777/1748 870/1761/1732 1577/1779/1750
f 1577/1779/1750 869/1763/1734 1578/1781/1752
f 1578/1781/1752 867/538/487 1575/487/442
f 1579/431/395 866/1783/1754 863/472/430
f 1581/1784/1755 865/1785/1756 866/1783/1754
f 1582/1786/1757 864/1787/1758 865/1785/1756
f 1583/1788/1759 862/528/480 864/1787/1758
f 873/430/394 1581/1784/1755 1579/431/395
f 876/1769/1740 1582/1786/1757 1581/1784/1755
f 875/1771/1742 1583/1788/1759 1582/1786/1757
f 874/1773/1744 1580/508/460 1583/1788/1759
f 1584/422/387 881/1789/1760 878/502/455
f 1586/1790/1761 880/1791/1762 881/1789/1760
f 1587/1792/1763 879/1793/1764 880/1791/1762
f 1588/1794/1765 877/423/388 879/1793/1764
f 863/472/430 1586/1790/1761 1584/422/387
f 866/1783/1754 1587/1792/1763 1586/1790/1761
f 865/1785/1756 1588/1794/1765 1587/1792/1763
f 864/1787/1758 1585/439/403 1588/1794/1765
f 1589/437/401 854/1765/1736 852/436/400
f 1591/1795/1766 855/1766/1737 854/1765/1736
f 1592/1796/1767 856/1767/1738 855/1766/1737
f 1593/1797/1768 853/536/485 856/1767/1738
f 882/442/405 1591/1795/1766 1589/437/401
f 884/1798/1769 1592/1796/1767 1591/1795/1766
f 885/1799/1770 1593/1797/1768 1592/1796/1767
f 886/1800/1771 1590/419/385 1593/1797/1768
f 1594/443/406 884/1798/1769 882/442/405
f 1596/1801/1772 885/1799/1770 884/1798/1769
f 1597/1802/1773 886/1800/1771 885/1799/1770
f 1598/1803/1774 883/485/440 886/1800/1771
f 892/447/410 1596/1801/1772 1594/443/406
f 894/1804/1775 1597/1802/1773 1596/1801/1772
f 895/1805/1776 1598/1803/1774 1597/1802/1773
f 896/1806/1777 1595/529/481 1598/1803/1774
f 1599/438/402 891/1807/1778 888/533/483
f 1601/1808/1779 890/1809/1780 891/1807/1778
f 1602/1810/1781 889/1811/1782 890/1809/1780
f 1603/1812/1783 887/446/409 889/1811/1782
f 878/502/455 1601/1808/1779 1599/438/402
f 881/1789/1760 1602/1810/1781 1601/1808/1779
f 880/1791/1762 1603/1812/1783 1602/1810/1781
f 879/1793/1764 1600/425/389 1603/1812/1783
f 915/535/484 1606/1813/1784 918/1814/1785
f 918/1814/1785 1607/1815/1786 917/1816/1787
f 917/1816/1787 1608/1817/1788 916/1818/1789
f 916/1818/1789 1605/519/471 914/521/473
f 1604/484/439 901/1166/1118 1606/1819/1784
f 1606/1813/1784 910/1171/1122 1607/1815/1786
f 1607/1815/1786 909/1179/1130 1608/1817/1788
f 1608/1817/1788 899/520/472 1605/519/471
f 1609/449/412 894/1804/1775 892/447/410
f 1611/1820/1790 895/1805/1776 894/1804/1775
f 1612/1821/1791 896/1806/1777 895/1805/1776
f 1613/1822/1792 893/526/478 896/1806/1777
f 915/535/484 1611/1820/1790 1609/449/412
f 918/1814/1785 1612/1821/1791 1611/1820/1790
f 917/1816/1787 1613/1822/1792 1612/1821/1791
f 916/1818/1789 1610/503/456 1613/1822/1792
f 1614/444/407 905/1176/1126 898/450/413
f 1616/1823/1793 906/1182/1133 905/1176/1126
f 1617/1824/1794 911/1180/1131 906/1182/1133
f 1618/1825/1795 899/520/472 911/1180/1131
f 888/533/483 1616/1823/1793 1614/444/407
f 891/1807/1778 1617/1824/1794 1616/1823/1793
f 890/1809/1780 1618/1825/1795 1617/1824/1794
f 889/1811/1782 1615/518/470 1618/1825/1795
f 857/433/397 1621/1826/1796 859/1774/1745
f 859/1774/1745 1622/1827/1797 860/1775/1746
f 860/1775/1746 1623/1828/1798 861/1776/1747
f 861/1776/1747 1620/513/465 858/471/429
f 1619/454/415 926/1829/1799 1621/1826/1796
f 1621/1826/1796 927/1830/1800 1622/1827/1797
f 1622/1827/1797 928/1831/1801 1623/1828/1798
f 1623/1828/1798 925/477/434 1620/513/465
f 920/456/417 1626/1832/1802 923/1833/1803
f 923/1833/1803 1627/1834/1804 922/1835/1805
f 922/1835/1805 1628/1836/1806 921/1837/1807
f 921/1837/1807 1625/460/420 919/459/419
f 1624/427/391 851/1778/1749 1626/1832/1802
f 1626/1832/1802 850/1780/1751 1627/1834/1804
f 1627/1834/1804 849/1782/1753 1628/1836/1806
f 1628/1836/1806 847/451/414 1625/460/420
f 1629/469/427 937/1838/1137 934/525/477
f 1631/1839/1808 938/1196/1147 937/1185/1137
f 1632/1840/1809 944/1192/1143 938/1196/1147
f 1633/1841/1810 935/1193/1144 944/1192/1143
f 929/463/423 1631/1839/1808 1629/1842/427
f 931/1843/1811 1632/1840/1809 1631/1839/1808
f 932/1844/1812 1633/1841/1810 1632/1840/1809
f 933/1845/1813 1630/497/451 1633/1841/1810
f 924/455/416 1636/1846/1814 926/1829/1799
f 926/1829/1799 1637/1847/1815 927/1830/1800
f 927/1830/1800 1638/1848/1816 928/1831/1801
f 928/1831/1801 1635/496/450 925/477/434
f 1634/461/421 948/1199/1151 1636/1846/1814
f 1636/1846/1814 943/1194/1145 1637/1847/1815
f 1637/1847/1815 942/1191/1142 1638/1848/1816
f 1638/1848/1816 935/1193/1144 1635/496/450
f 929/463/423 1641/1849/1817 931/1843/1811
f 931/1843/1811 1642/1850/1818 932/1844/1812
f 932/1844/1812 1643/1851/1819 933/1845/1813
f 933/1845/1813 1640/495/449 930/494/448
f 1639/457/418 923/1833/1803 1641/1849/1817
f 1641/1849/1817 922/1835/1805 1642/1850/1818
f 1642/1850/1818 921/1837/1807 1643/1851/1819
f 1643/1851/1819 919/459/419 1640/495/449
f 936/462/422 1646/1852/1820 947/1853/1152
f 947/1184/1821 1645/522/474 934/525/477
f 1644/412/380 833/1854/1822 1646/1852/1820
f 1646/1855/1823 830/523/475 1645/522/474
f 1647/392/361 806/1856/1824 795/393/362
f 1649/1857/1825 793/1130/1075 806/1132/1077
f 898/450/413 1649/1858/1826 1647/392/361
f 900/1859/1119 1648/481/436 1649/1857/1825
s 4
f 972/562/508 1652/1860/1827 975/1861/1828
f 975/1861/1828 1653/1862/1829 974/1863/1830
f 974/1864/1831 1654/1865/1832 973/1866/1833
f 1654/1865/1832 971/716/647 973/1866/1833
f 1650/561/507 958/1867/1834 1652/1860/1827
f 1652/1860/1827 959/1868/1835 1653/1862/1829
f 1653/1869/1836 960/1870/1837 1654/1865/1832
f 960/1870/1837 1651/676/611 1654/1865/1832
f 1655/598/542 980/1871/1838 977/545/493
f 1657/1872/1839 979/1873/1840 980/1874/1838
f 1658/1875/1841 978/1876/1842 979/1873/1843
f 978/1876/1842 1656/656/594 976/558/504
f 961/727/656 1657/1877/1839 1655/598/542
f 963/1878/1844 1658/1875/1845 1657/1872/1839
f 964/1879/1846 1659/1880/1847 1658/1875/1841
f 1659/1880/1847 962/555/501 1656/656/594
f 1660/666/603 955/1881/1848 952/512/464
f 1662/1882/1849 954/1883/1850 955/1881/1848
f 1663/1884/1851 953/1885/1852 954/1886/1853
f 953/1885/1852 1661/541/490 951/553/499
f 972/562/508 1662/1882/1849 1660/666/603
f 975/1861/1828 1663/1887/1854 1662/1882/1849
f 974/1864/1831 1664/1888/1855 1663/1884/1851
f 1664/1888/1855 971/716/647 1661/541/490
f 967/695/629 1667/1889/1856 970/1890/1857
f 970/1891/1857 1668/1892/1858 969/1893/1859
f 969/1893/1860 1669/1894/1861 968/1895/1862
f 1669/1894/1861 966/547/494 968/1895/1862
f 1665/563/509 980/1871/1838 1667/1889/1856
f 1667/1896/1856 979/1873/1840 1668/1892/1858
f 1668/1892/1863 978/1876/1842 1669/1894/1861
f 978/1876/1842 1666/560/506 1669/1894/1861
f 982/696/630 1672/1897/1864 985/1898/1865
f 985/1899/1865 1673/1900/1866 984/1901/1867
f 984/1901/1868 1674/1902/1869 983/1903/1870
f 1674/1902/1869 981/566/511 983/1903/1870
f 1670/690/624 970/1890/1857 1672/1897/1864
f 1672/1904/1864 969/1893/1859 1673/1900/1866
f 1673/1900/1871 968/1895/1862 1674/1902/1869
f 968/1895/1862 1671/549/496 1674/1902/1869
f 956/552/498 1677/1905/1872 958/1867/1834
f 958/1867/1834 1678/1906/1873 959/1868/1835
f 959/1907/1874 1679/1908/1875 960/1870/1837
f 1679/1908/1875 957/572/517 960/1870/1837
f 1675/551/497 988/1909/1876 1677/1905/1872
f 1677/1905/1872 989/1910/1877 1678/1906/1873
f 1678/1911/1878 990/1912/1879 1679/1908/1875
f 990/1912/1879 1676/570/515 1679/1908/1875
f 986/581/525 1682/1913/1880 988/1909/1876
f 988/1909/1876 1683/1914/1881 989/1910/1877
f 989/1915/1882 1684/1916/1883 990/1912/1879
f 1684/1916/1883 987/569/514 990/1912/1879
f 1680/590/534 998/1917/1884 1682/1913/1880
f 1682/1913/1880 999/1918/1885 1683/1914/1881
f 1683/1919/1886 1000/1920/1887 1684/1916/1883
f 1000/1920/1887 1681/567/512 1684/1916/1883
f 992/728/657 1687/1921/1888 995/1922/1889
f 995/1923/1889 1688/1924/1890 994/1925/1891
f 994/1925/1892 1689/1926/1893 993/1927/1894
f 993/1927/1894 1686/574/519 991/576/521
f 1685/721/650 985/1898/1865 1687/1921/1888
f 1687/1928/1888 984/1901/1867 1688/1924/1890
f 1688/1924/1895 983/1903/1870 1689/1926/1893
f 983/1903/1870 1686/574/519 1689/1926/1893
f 1690/704/637 1022/1929/1896 1019/702/635
f 1692/1930/1897 1021/1931/1898 1022/1929/1896
f 1693/1932/1899 1020/1933/1900 1021/1931/1901
f 1694/1934/1902 1018/720/530 1020/1933/1900
f 1002/1210/1164 1692/1930/1897 1690/704/637
f 1012/1209/1163 1693/1932/1899 1692/1930/1897
f 1005/1215/1167 1694/1934/1902 1693/1932/1899
f 1004/1204/1158 1691/670/605 1694/1934/1902
f 996/589/533 1697/1935/1903 998/1917/1884
f 998/1917/1884 1698/1936/1904 999/1918/1885
f 999/1937/1905 1699/1938/1906 1000/1920/1887
f 1000/1920/1887 1696/577/522 997/579/524
f 1695/689/623 1022/1929/1896 1697/1935/1903
f 1697/1935/1907 1021/1931/1898 1698/1936/1904
f 1698/1939/1908 1020/1940/1900 1699/1938/1906
f 1020/1940/1900 1696/577/522 1699/1938/1906
f 1002/1210/1164 1702/1941/1909 1010/1208/1162
f 1010/1213/1162 1703/1942/1910 1011/1211/1165
f 1011/1211/1175 1704/1943/1911 1015/1219/1171
f 1015/1219/1171 1701/583/527 1003/585/529
f 1700/703/636 995/1922/1889 1702/1941/1909
f 1702/1944/1909 994/1925/1891 1703/1942/1910
f 1703/1942/1912 993/1927/1894 1704/1943/1911
f 1704/1943/1911 991/576/521 1701/583/527
f 1705/606/549 963/1945/1844 961/727/656
f 1707/1946/1913 964/1879/1914 963/1878/1844
f 1708/1947/1915 965/1948/1916 964/1879/1846
f 965/1948/1916 1706/699/632 962/555/501
f 1028/665/602 1707/1949/1913 1705/606/549
f 1030/1950/1917 1708/1947/1918 1707/1946/1913
f 1031/1951/1919 1709/1952/1920 1708/1947/1915
f 1709/1952/1920 1029/595/539 1706/699/632
f 1710/510/462 1027/1953/1921 1024/712/644
f 1712/1954/1922 1026/1955/1923 1027/1953/1921
f 1713/1956/1924 1025/1957/1925 1026/1958/1926
f 1025/1957/1925 1711/591/535 1023/593/537
f 952/512/464 1712/1954/1922 1710/510/462
f 955/1881/1848 1713/1959/1927 1712/1954/1922
f 954/1886/1853 1714/1960/1928 1713/1956/1924
f 1714/1960/1928 951/553/499 1711/591/535
f 1040/1240/1195 1717/1961/1929 1051/1238/1193
f 1051/1238/1193 1718/1962/1930 1052/1228/1182
f 1052/1228/1182 1719/1963/1931 1042/1224/1178
f 1042/1224/1178 1716/709/595 1038/711/643
f 1715/680/614 1035/1964/1932 1717/1961/1929
f 1717/1961/1929 1036/1965/1933 1718/1962/1930
f 1718/1962/1930 1037/1966/1934 1719/1963/1931
f 1719/1963/1931 1034/1967/545 1716/709/595
f 1720/681/615 1030/1968/1917 1028/665/602
f 1722/1969/1935 1031/1951/1936 1030/1950/1917
f 1723/1970/1937 1032/1971/1938 1031/1951/1919
f 1724/1972/1939 1029/595/539 1032/1971/1938
f 1040/1240/1195 1722/1973/1935 1720/681/615
f 1053/1244/1194 1723/1970/1940 1722/1969/1935
f 1047/1243/1941 1724/1972/1939 1723/1970/1937
f 1046/1233/1187 1721/603/547 1724/1972/1939
f 1725/683/617 1035/1964/1932 1033/682/616
f 1727/1974/1942 1036/1965/1933 1035/1964/1932
f 1728/1975/1943 1037/1976/1934 1036/1977/1933
f 1037/1976/1934 1726/599/543 1034/601/545
f 1024/712/644 1727/1974/1942 1725/683/617
f 1027/1953/1921 1728/1978/1944 1727/1974/1942
f 1026/1958/1926 1729/1979/1945 1728/1975/1943
f 1025/1957/1925 1726/599/543 1729/1979/1945
f 1730/679/613 1080/1980/1946 1077/608/550
f 1732/1981/1947 1079/1982/1948 1080/1980/1946
f 1733/1983/1949 1078/1984/1950 1079/1982/1948
f 1734/1985/1951 1076/726/655 1078/1984/1950
f 1061/628/569 1732/1981/1947 1730/679/613
f 1063/1986/1952 1733/1983/1949 1732/1981/1947
f 1064/1987/1953 1734/1985/1951 1733/1983/1949
f 1065/1988/1954 1731/725/654 1734/1985/1951
f 1082/622/563 1737/1989/1955 1085/1990/1956
f 1085/1990/1956 1738/1991/1957 1084/1992/1958
f 1084/1992/1958 1739/1993/1959 1083/1994/1960
f 1083/1994/1960 1736/660/598 1081/663/601
f 1735/621/562 1068/1995/1961 1737/1989/1955
f 1737/1989/1955 1069/1996/1962 1738/1991/1957
f 1738/1991/1957 1070/1997/1963 1739/1993/1959
f 1739/1993/1959 1067/661/599 1736/660/598
f 1057/618/559 1742/1998/1964 1060/1999/1965
f 1060/1999/1965 1743/2000/1966 1059/2001/1967
f 1059/2001/1967 1744/2002/1968 1058/2003/1969
f 1058/2003/1969 1741/677/612 1056/643/584
f 1740/609/551 1080/1980/1946 1742/1998/1964
f 1742/1998/1964 1079/1982/1948 1743/2000/1966
f 1743/2000/1966 1078/1984/1950 1744/2002/1968
f 1744/2002/1968 1076/726/655 1741/677/612
f 1745/623/564 1075/2004/1970 1072/662/600
f 1747/2005/1971 1074/2006/1972 1075/2004/1970
f 1748/2007/1973 1073/2008/1974 1074/2006/1972
f 1749/2009/1975 1071/717/648 1073/2008/1974
f 1082/622/563 1747/2005/1971 1745/623/564
f 1085/1990/1956 1748/2007/1973 1747/2005/1971
f 1084/1992/1958 1749/2009/1975 1748/2007/1973
f 1083/1994/1960 1746/698/631 1749/2009/1975
f 1750/614/555 1090/2010/1976 1087/692/626
f 1752/2011/1977 1089/2012/1978 1090/2010/1976
f 1753/2013/1979 1088/2014/1980 1089/2012/1978
f 1754/2015/1981 1086/615/556 1088/2014/1980
f 1072/662/600 1752/2011/1977 1750/614/555
f 1075/2004/1970 1753/2013/1979 1752/2011/1977
f 1074/2006/1972 1754/2015/1981 1753/2013/1979
f 1073/2008/1974 1751/631/572 1754/2015/1981
f 1755/629/570 1063/1986/1952 1061/628/569
f 1757/2016/1982 1064/1987/1953 1063/1986/1952
f 1758/2017/1983 1065/1988/1954 1064/1987/1953
f 1759/2018/1984 1062/724/653 1065/1988/1954
f 1091/634/575 1757/2016/1982 1755/629/570
f 1093/2019/1985 1758/2017/1983 1757/2016/1982
f 1094/2020/1986 1759/2018/1984 1758/2017/1983
f 1095/2021/1987 1756/611/553 1759/2018/1984
f 1760/635/576 1093/2019/1985 1091/634/575
f 1762/2022/1988 1094/2020/1986 1093/2019/1985
f 1763/2023/1989 1095/2021/1987 1094/2020/1986
f 1764/2024/1990 1092/675/610 1095/2021/1987
f 1101/639/580 1762/2022/1988 1760/635/576
f 1103/2025/1991 1763/2023/1989 1762/2022/1988
f 1104/2026/1992 1764/2024/1990 1763/2023/1989
f 1105/2027/1993 1761/718/649 1764/2024/1990
f 1765/630/571 1100/2028/1994 1097/722/651
f 1767/2029/1995 1099/2030/1996 1100/2028/1994
f 1768/2031/1997 1098/2032/1998 1099/2030/1996
f 1769/2033/1999 1096/638/579 1098/2032/1998
f 1087/692/626 1767/2029/1995 1765/630/571
f 1090/2010/1976 1768/2031/1997 1767/2029/1995
f 1089/2012/1978 1769/2033/1999 1768/2031/1997
f 1088/2014/1980 1766/617/558 1769/2033/1999
f 1124/2034/652 1772/2035/2000 1127/2036/2001
f 1127/2036/2001 1773/2037/2002 1126/2038/2003
f 1126/2038/2003 1774/2039/2004 1125/2040/2005
f 1125/2040/2005 1771/706/639 1123/708/641
f 1770/674/609 1110/1247/1200 1772/2041/2000
f 1772/2035/2000 1119/1253/1204 1773/2037/2002
f 1773/2037/2002 1118/1259/1212 1774/2039/2004
f 1774/2039/2004 1108/707/640 1771/706/639
f 1775/641/582 1103/2025/1991 1101/639/580
f 1777/2042/2006 1104/2026/1992 1103/2025/1991
f 1778/2043/2007 1105/2027/1993 1104/2026/1992
f 1779/2044/2008 1102/715/646 1105/2027/1993
f 1124/2034/652 1777/2042/2006 1775/641/582
f 1127/2036/2001 1778/2043/2007 1777/2042/2006
f 1126/2038/2003 1779/2044/2008 1778/2043/2007
f 1125/2040/2005 1776/693/627 1779/2044/2008
f 1780/636/577 1114/1257/1208 1107/642/583
f 1782/2045/2009 1115/1262/1215 1114/1257/1208
f 1783/2046/2010 1120/1260/1213 1115/1262/1215
f 1784/2047/2011 1108/707/640 1120/1260/1213
f 1097/722/651 1782/2045/2009 1780/636/577
f 1100/2028/1994 1783/2046/2010 1782/2045/2009
f 1099/2030/1996 1784/2047/2011 1783/2046/2010
f 1098/2032/1998 1781/705/638 1784/2047/2011
f 1066/625/566 1787/2048/2012 1068/1995/1961
f 1068/1995/1961 1788/2049/2013 1069/1996/1962
f 1069/1996/1962 1789/2050/2014 1070/1997/1963
f 1070/1997/1963 1786/700/633 1067/661/599
f 1785/646/585 1135/2051/2015 1787/2048/2012
f 1787/2048/2012 1136/2052/2016 1788/2049/2013
f 1788/2049/2013 1137/2053/2017 1789/2050/2014
f 1789/2050/2014 1134/667/604 1786/700/633
f 1129/648/587 1792/2054/2018 1132/2055/2019
f 1132/2055/2019 1793/2056/2020 1131/2057/2021
f 1131/2057/2021 1794/2058/2022 1130/2059/2023
f 1130/2059/2023 1791/652/590 1128/651/589
f 1790/619/560 1060/1999/1965 1792/2054/2018
f 1792/2054/2018 1059/2001/1967 1793/2056/2020
f 1793/2056/2020 1058/2003/1969 1794/2058/2022
f 1794/2058/2022 1056/643/584 1791/652/590
f 1795/659/597 1146/1266/1219 1143/1263/645
f 1797/2060/2024 1147/1275/1229 1146/1266/1219
f 1798/2061/2025 1153/1271/1225 1147/1275/1229
f 1799/2062/2026 1144/1272/1226 1153/1271/1225
f 1138/655/593 1797/2060/2024 1795/659/597
f 1140/2063/2027 1798/2061/2025 1797/2060/2024
f 1141/2064/2028 1799/2062/2026 1798/2061/2025
f 1142/2065/2029 1796/687/621 1799/2062/2026
f 1133/647/586 1802/2066/2030 1135/2051/2015
f 1135/2051/2015 1803/2067/2031 1136/2052/2016
f 1136/2052/2016 1804/2068/2032 1137/2053/2017
f 1137/2053/2017 1801/686/620 1134/667/604
f 1800/653/591 1157/1278/1233 1802/2066/2030
f 1802/2066/2030 1152/1273/1227 1803/2067/2031
f 1803/2067/2031 1151/1270/1224 1804/2068/2032
f 1804/2068/2032 1144/1272/1226 1801/686/620
f 1138/655/593 1807/2069/2033 1140/2063/2027
f 1140/2063/2027 1808/2070/2034 1141/2064/2028
f 1141/2064/2028 1809/2071/2035 1142/2065/2029
f 1142/2065/2029 1806/685/619 1139/684/618
f 1805/649/588 1132/2055/2019 1807/2069/2033
f 1807/2069/2033 1131/2057/2021 1808/2070/2034
f 1808/2070/2034 1130/2059/2023 1809/2071/2035
f 1809/2071/2035 1128/651/589 1806/685/619
f 1145/654/592 1812/2072/2036 1156/2073/1234
f 1156/2074/1218 1811/710/642 1143/714/645
f 1810/604/548 1048/1232/2037 1812/2072/2036
s 33
f 1812/2072/2038 1048/1232/2038 1041/1236/2039
s 4
f 1812/2075/2040 1038/711/643 1811/710/642
f 1813/584/528 1006/2076/2041 1003/585/2042
f 1815/2077/2043 1001/1201/1155 1006/1203/1157
f 1107/642/583 1815/2078/2044 1813/584/528
f 1109/2079/1201 1814/671/606 1815/2077/2043
s 10
f 444/835/774 438/834/773 440/830/2045
s 2
f 433/1542/1497 432/819/2046 434/2080/1508
f 510/1560/1519 511/2081/1522 1816/1561/2047
s 34
f 485/1547/2048 486/2082/2049 1819/1545/2049
s 35
f 452/1528/2050 1818/842/2050 453/2083/2050
s 36
f 461/1553/2051 462/853/2052 463/2084/2052
s 16
f 463/2084/2053 462/853/794 1160/852/793
s 1
f 200/16/13 1173/4/4 106/6/6
f 1193/30/26 105/96/85 19/31/27
f 1188/33/29 117/90/80 26/34/30
f 1208/40/36 113/50/45 18/41/37
f 273/56/50 1223/54/48 104/55/49
f 284/64/58 1238/62/56 112/63/57
f 106/6/6 20/5/5 327/71/63
f 10/73/65 312/191/165 1268/74/66
f 336/78/69 8/95/65 98/79/65
f 104/55/49 16/17/14 307/81/71
f 116/89/79 1242/142/125 327/71/63
f 117/90/80 1267/92/82 311/91/81
f 19/31/27 341/97/86 1267/92/82
f 1263/94/84 97/75/65 8/95/65
f 105/96/85 1272/98/87 341/97/86
f 18/41/37 351/102/91 1272/98/87
f 1278/80/70 98/79/65 11/100/89
f 113/50/45 1287/104/93 351/102/91
f 25/103/92 374/190/164 1287/104/93
f 306/106/95 1253/140/124 96/107/96
f 112/63/57 17/57/51 379/111/99
f 100/113/65 12/132/65 378/114/101
f 21/65/59 112/63/57 1317/112/100
f 7/108/65 96/107/96 1248/123/110
f 96/107/96 9/141/65 331/126/113
f 16/17/14 106/6/6 1252/72/64
f 384/130/116 1313/149/132 101/131/65
f 97/75/65 1268/74/66 342/138/122
f 206/35/31 26/34/30 116/89/79
f 1253/140/124 326/193/167 9/141/65
f 26/34/30 311/91/81 1242/142/125
f 101/131/65 1308/150/133 389/147/130
f 1313/149/132 394/792/728 1308/150/133
f 11/100/89 352/181/158 1288/156/138
f 95/160/65 1258/161/141 331/126/113
f 10/73/65 321/183/160 1258/161/141
f 7/108/65 100/113/65 1303/115/102
f 1298/166/146 384/130/116 12/132/65
f 1293/171/150 99/157/89 1283/172/151
f 99/157/89 1288/156/138 373/174/153
f 17/57/51 104/55/49 1302/82/72
f 246/42/38 18/41/37 105/96/85
f 12/132/65 101/131/65 1318/148/131
f 98/79/65 1273/184/161 352/181/158
f 1163/139/123 116/89/79 20/5/5
f 321/183/160 10/73/65 97/75/65
f 8/95/65 342/138/122 1273/184/161
f 312/191/165 10/73/65 95/160/65
f 1243/192/166 95/160/65 9/141/65
f 346/101/90 11/100/89 99/157/89
f 317/124/111 1298/166/146 100/113/65
s 2
f 456/196/170 1395/342/316 130/197/171
f 710/204/178 1436/330/304 131/205/179
f 480/207/181 32/233/207 127/208/182
f 1431/206/180 131/205/179 1441/215/189
f 447/217/191 1365/317/291 124/218/192
f 1406/223/197 132/337/311 1411/224/198
f 27/228/202 533/261/235 1348/229/203
f 31/230/204 127/208/182 1352/231/205
f 32/233/207 515/300/274 1352/231/205
f 437/234/208 1366/248/222 134/235/209
f 33/240/214 551/303/277 1334/241/215
f 34/198/172 130/197/171 1339/243/217
f 412/245/219 28/274/248 122/246/220
f 1366/248/222 446/843/783 1450/249/223
f 30/253/227 125/278/252 1333/254/228
f 456/196/170 34/198/172 128/256/230
f 447/217/191 29/219/193 123/258/232
f 27/228/202 122/246/220 1328/260/234
f 34/198/172 531/244/218 1329/262/236
f 1381/266/240 426/820/757 1455/267/241
f 35/269/243 570/270/244 1339/243/217
f 35/269/243 129/242/216 1334/241/215
f 481/271/245 1381/266/240 119/268/242
f 28/274/248 123/258/232 1343/275/249
f 29/219/193 513/281/255 1343/275/249
f 427/277/251 31/230/204 125/278/252
f 490/280/254 1385/257/231 128/256/230
f 29/219/193 124/218/192 1348/229/203
f 1396/286/260 455/854/795 1467/287/261
f 28/274/248 549/276/250 1328/260/234
f 506/291/265 1396/286/260 139/288/262
f 1386/293/267 489/890/826 1463/294/268
f 30/253/227 550/255/229 1342/296/270
f 31/230/204 568/232/206 1333/254/228
f 32/233/207 126/297/271 1342/296/270
f 569/301/275 1351/251/225 121/302/276
f 33/240/214 128/256/230 1329/262/236
f 1480/292/266 139/288/262 1440/305/279
f 139/288/262 1467/287/261 692/307/281
f 1472/236/210 134/235/209 1410/310/284
f 134/235/209 1450/249/223 622/312/286
f 1455/267/241 658/1059/1001 1425/313/287
f 119/268/242 1425/313/287 673/315/289
f 436/316/290 27/228/202 124/218/192
f 427/277/251 1380/209/183 127/208/182
f 465/322/296 1371/279/253 125/278/252
f 640/323/297 1420/339/313 133/324/298
f 1415/325/299 133/324/298 1426/326/300
f 490/280/254 33/240/214 129/242/216
f 505/329/303 1390/328/302 129/242/216
f 1441/215/189 131/205/179 1436/330/304
f 412/245/219 1360/259/233 123/258/232
f 436/316/290 1356/247/221 122/246/220
f 1411/224/198 132/337/311 1400/334/308
f 605/336/310 1400/334/308 132/337/311
f 465/322/296 30/253/227 126/297/271
f 480/207/181 1376/338/312 126/297/271
f 1426/326/300 133/324/298 1420/339/313
f 505/329/303 35/269/243 130/197/171
s 3
f 1495/349/323 763/527/479 55/350/324
f 743/361/332 1495/349/323 158/351/325
f 1515/375/345 157/441/404 54/376/346
f 1510/378/348 169/435/399 61/379/349
f 1530/385/355 165/395/364 53/386/356
f 810/394/363 60/448/411 165/395/364
f 1545/399/367 743/361/332 51/362/333
f 815/401/369 1545/399/367 156/400/368
f 1560/407/375 815/401/369 52/402/370
f 158/351/325 55/350/324 868/416/382
f 45/418/384 853/536/485 1590/419/385
f 877/423/388 43/440/384 150/424/384
f 156/400/368 51/362/333 848/426/390
f 168/434/398 1564/489/443 868/416/382
f 169/435/399 1589/437/401 852/436/400
f 54/376/346 882/442/405 1589/437/401
f 1585/439/403 149/420/384 43/440/384
f 157/441/404 1594/443/406 882/442/405
f 53/386/356 892/447/410 1594/443/406
f 1600/425/389 150/424/384 46/445/408
f 165/395/364 1609/449/412 892/447/410
f 60/448/411 915/535/484 1609/449/412
f 847/451/414 1575/487/442 148/452/384
f 164/408/376 52/402/370 920/456/417
f 152/458/384 47/479/384 919/459/419
f 56/410/378 164/408/376 1639/457/418
f 42/453/384 148/452/384 1570/470/428
f 148/452/384 44/488/384 872/473/431
f 51/362/333 158/351/325 1574/417/383
f 925/477/434 1635/496/450 153/478/384
f 779/377/347 54/376/346 169/435/399
f 149/420/384 1590/419/385 883/485/440
f 749/380/350 61/379/349 168/434/398
f 1575/487/442 867/538/487 44/488/384
f 61/379/349 852/436/400 1564/489/443
f 153/478/384 1630/497/451 930/494/448
f 1635/496/450 935/1193/1144 1630/497/451
f 46/445/408 893/526/478 1610/503/456
f 147/507/384 1580/508/460 872/473/431
f 45/418/384 862/528/480 1580/508/460
f 42/453/384 152/458/384 1625/460/420
f 1620/513/465 925/477/434 47/479/384
f 1615/518/470 151/504/457 1605/519/471
f 151/504/457 1610/503/456 914/521/473
f 52/402/370 156/400/368 1624/427/391
f 789/387/357 53/386/356 157/441/404
f 47/479/384 153/478/384 1640/495/449
f 150/424/384 1595/529/481 893/526/478
f 1485/486/441 168/434/398 55/350/324
f 862/528/480 45/418/384 149/420/384
f 43/440/384 883/485/440 1595/529/481
f 853/536/485 45/418/384 147/507/384
f 1565/537/486 147/507/384 44/488/384
f 887/446/409 46/445/408 151/504/457
f 858/471/429 1620/513/465 152/458/384
s 4
f 1661/541/490 971/716/647 81/542/491
f 951/553/499 1661/541/490 188/543/492
f 1681/567/512 187/633/574 80/568/513
f 1676/570/515 199/627/568 87/571/516
f 1696/577/522 195/587/531 79/578/523
f 1018/586/530 86/640/581 195/587/531
f 1711/591/535 951/553/499 77/554/500
f 1023/593/537 1711/591/535 186/592/536
f 1726/599/543 1023/593/537 78/594/538
f 1034/601/545 1726/599/543 194/600/544
f 188/543/492 81/542/491 1077/608/550
f 71/610/552 1062/724/653 1756/611/553
f 1086/615/556 69/632/573 180/616/557
f 186/592/536 77/554/500 1057/618/559
f 198/626/567 1730/679/613 1077/608/550
f 199/627/568 1755/629/570 1061/628/569
f 80/568/513 1091/634/575 1755/629/570
f 1751/631/572 179/612/552 69/632/573
f 187/633/574 1760/635/576 1091/634/575
f 79/578/523 1101/639/580 1760/635/576
f 1766/617/558 180/616/557 72/637/578
f 195/587/531 1775/641/582 1101/639/580
f 86/640/581 1124/2034/652 1775/641/582
f 1056/643/584 1741/677/612 178/644/552
f 194/600/544 78/594/538 1129/648/587
f 182/650/552 73/669/552 1128/651/589
f 82/602/546 194/600/544 1805/649/588
f 189/658/596 82/602/546 1138/655/593
f 68/645/552 178/644/552 1736/660/598
f 178/644/552 70/678/552 1081/663/601
f 77/554/500 188/543/492 1740/609/551
f 1134/667/604 1801/686/620 183/668/552
f 987/569/514 80/568/513 199/627/568
f 179/612/552 1756/611/553 1092/675/610
f 957/572/517 87/571/516 198/626/567
f 1741/677/612 1076/726/655 70/678/552
f 87/571/516 1061/628/569 1730/679/613
f 183/668/552 1796/687/621 1139/684/618
f 1801/686/620 1144/1272/1226 1796/687/621
f 72/637/578 1102/715/646 1776/693/627
f 177/697/552 1746/698/631 1081/663/601
f 71/610/552 1071/717/648 1746/698/631
f 68/645/552 182/650/552 1791/652/590
f 1786/700/633 1134/667/604 73/669/552
f 1781/705/638 181/694/628 1771/706/639
f 181/694/628 1776/693/627 1123/708/641
f 78/594/538 186/592/536 1790/619/560
f 997/579/524 79/578/523 187/633/574
f 73/669/552 183/668/552 1806/685/619
f 180/616/557 1761/718/649 1102/715/646
f 1651/676/611 198/626/567 81/542/491
f 1071/717/648 71/610/552 179/612/552
f 69/632/573 1092/675/610 1761/718/649
f 1062/724/653 71/610/552 177/697/552
f 1731/725/654 177/697/552 70/678/552
f 1096/638/579 72/637/578 181/694/628
f 1067/661/599 1786/700/633 182/650/552
s 1
f 1250/1410/1366 319/1415/1371 320/1416/1372
f 310/1418/1374 1254/1417/1373 1255/1419/1375
f 308/1422/1378 1256/1421/1377 1253/140/124
f 1266/1434/1390 1263/94/84 336/78/69
f 341/97/86 343/1438/1394 1269/1435/1391
f 344/1439/1395 345/1440/1396 1271/1437/1393
f 353/1444/1400 354/1445/1401 1275/1442/1398
f 1289/1460/1415 1290/1461/1416 354/1445/1401
f 1290/1461/1416 1291/1462/1417 355/1446/1402
f 348/1451/1407 346/101/90 1293/171/150
f 380/1477/1432 1306/1476/1431 1303/115/102
f 1305/1474/1429 309/1420/1376 308/1422/1378
f 391/1484/1437 1320/1490/1443 1321/1491/1444
s 2
f 533/261/235 1328/260/234 1330/1503/1454
f 544/945/883 1330/1503/1454 1331/1504/1455
f 1331/1504/1455 1332/1505/1456 536/933/869
f 1332/1505/1456 1329/262/236 531/244/218
f 1328/260/234 549/276/250 554/950/890
f 1330/1503/1454 554/950/890 564/953/893
f 564/953/893 563/961/901 1332/1505/1456
f 563/961/901 551/303/277 1329/262/236
f 1333/254/228 1335/1506/1457 558/956/896
f 1335/1506/1457 1336/1508/1459 559/958/898
f 559/958/898 1336/1508/1459 1337/1507/1458
f 565/962/902 1337/1507/1458 1334/241/215
f 568/232/206 573/966/906 1335/1506/1457
f 573/966/906 583/969/909 1336/1508/1459
f 1336/1508/1459 583/969/909 582/978/918
f 1337/1507/1458 582/978/918 570/270/244
f 1341/1511/1462 1339/243/217 570/270/244
f 1338/1509/263 532/939/264 541/941/876
f 1340/1510/1460 541/941/876 535/934/870
f 1341/1511/1462 534/932/868 531/244/218
f 515/300/274 1342/296/270 1344/1513/1464
f 526/928/862 1344/1513/1464 1345/1514/1465
f 1345/1514/1465 1346/1515/1466 518/916/848
f 1346/1515/1466 1343/275/249 513/281/255
f 1342/296/270 550/255/229 560/957/897
f 1344/1513/1464 560/957/897 553/951/891
f 553/951/891 552/949/889 1346/1515/1466
f 552/949/889 549/276/250 1343/275/249
f 1349/1517/1467 1350/1519/1468 540/948/886
f 1350/1518/1469 1348/229/203 533/261/235
f 1350/1518/1469 516/915/847 513/281/255
f 1351/1520/225 1353/1521/1474 521/925/856
f 1353/1521/1471 1354/1523/1472 522/931/865
f 1351/1520/225 569/972/275 579/974/913
f 1353/1521/1471 579/974/913 572/967/907
f 441/1527/1479 1359/1526/1478 1356/247/221
f 422/812/749 412/245/219 1356/247/221
f 1360/259/233 1362/1529/1481 452/1528/1480
f 1360/259/233 412/245/219 422/814/749
f 1365/317/291 1367/1533/1485 441/1532/1479
f 1367/1533/1485 1368/1534/1487 442/837/1486
f 1368/1534/1487 1369/1535/1488 444/833/771
f 1369/1535/1488 1366/248/222 437/234/208
f 1365/317/291 447/217/191 452/1536/1480
f 1367/1533/1485 452/1536/1480 453/1537/1489
f 1368/1534/1487 453/1537/1489 449/1538/1490
f 1369/1535/1488 449/1538/784 446/843/783
f 464/298/272 1370/299/273 1372/1539/1491
f 473/870/1494 1374/1541/1493 1371/279/253
f 473/867/1494 465/322/296 1376/338/312
f 1380/209/183 1382/1549/1504 485/1548/1503
f 1382/1549/1504 1383/1550/1506 486/885/1505
f 1383/1550/1506 1384/1551/1507 488/881/819
f 1384/1551/1507 1381/266/240 481/271/245
f 1380/209/183 427/277/251 433/1552/1497
f 1383/1550/1506 434/823/1508 430/824/758
f 1384/1551/1507 430/824/758 426/820/757
f 1389/1556/1514 1386/293/267 454/343/317
f 1389/1556/1514 492/888/824 489/890/826
f 1394/1559/1518 1391/201/175 491/285/259
f 1392/1557/1516 510/1560/1519 1816/1561/1520
f 1395/342/316 1397/1563/1521 510/1562/1519
f 1397/1563/1521 1398/1564/1523 511/914/1522
f 1398/1564/1523 1399/1565/1525 508/911/1524
f 1399/1565/1525 1396/286/260 506/291/265
f 1395/342/316 456/196/170 461/1566/1509
f 1397/1563/1521 461/1566/1509 463/858/1526
f 1398/1564/1523 463/858/2054 459/857/796
f 1399/1565/1525 459/857/796 455/854/795
f 1410/310/284 1412/1575/1533 594/992/933
f 1412/1575/1533 1413/1576/1534 595/998/943
f 1413/1576/1534 1414/1577/1535 601/995/941
f 1414/1577/1535 1411/1578/198 588/996/309
f 1410/310/284 622/312/286 635/1026/971
f 1412/1575/1533 635/1026/971 630/1021/966
f 1413/1576/1534 630/1021/966 629/1018/964
f 1414/1577/1535 629/1018/964 621/1020/199
f 1425/313/287 1427/1587/1542 680/1073/1016
f 1427/1587/1542 1428/1588/1543 681/1079/1022
f 1428/1588/1543 1429/1589/1544 687/1076/1020
f 1429/1589/1544 1426/1590/300 674/1077/314
f 1425/313/287 658/1059/1001 670/1061/1003
f 1427/1587/1542 670/1061/1003 665/1055/997
f 1428/1588/1543 665/1055/997 664/1052/995
f 1429/1589/1544 664/1052/995 657/1054/301
f 1440/305/279 1442/1599/1551 734/1123/1068
f 1442/1599/1551 1443/1600/1552 735/1129/1074
f 1443/1600/1552 1444/1601/1553 740/1126/1072
f 1444/1601/1553 1441/1602/189 728/1127/305
f 1440/305/279 692/307/281 705/1095/1038
f 1442/1599/1551 705/1095/1038 700/1090/1033
f 1443/1600/1552 700/1090/1033 699/1087/1031
f 1444/1601/1553 699/1087/1031 691/1089/190
s 3
f 1566/1760/1731 1567/1762/1733 870/1761/1732
f 848/426/390 1574/417/383 1576/1777/1748
f 1574/417/383 868/416/382 871/1759/1730
f 1591/1795/1766 1592/1796/1767 855/1766/1737
f 1592/1796/1767 1593/1797/1768 856/1767/1738
f 1593/1797/1768 1590/419/385 853/536/485
f 884/1798/1769 885/1799/1770 1592/1796/1767
f 885/1799/1770 886/1800/1771 1593/1797/1768
f 886/1800/1771 883/485/440 1590/419/385
f 895/1805/1776 896/1806/1777 1598/1803/1774
f 1603/1812/1783 1600/425/389 887/446/409
f 1611/1820/1790 1612/1821/1791 895/1805/1776
f 1612/1821/1791 1613/1822/1792 896/1806/1777
f 916/1818/1789 914/521/473 1610/503/456
f 1618/1825/1795 1615/518/470 899/520/472
f 889/1811/1782 887/446/409 1615/518/470
f 1623/1828/1798 928/1831/1801 925/477/434
f 923/1833/1803 1626/1832/1802 1627/1834/1804
f 928/1831/1801 1638/1848/1816 1635/496/450
f 1641/1849/1817 923/1833/1803 922/1835/1805
f 1643/1851/1819 921/1837/1807 919/459/419
s 4
f 990/1912/1879 987/569/514 1676/570/515
f 989/1915/1882 1683/1919/1886 1684/1916/1883
f 1059/2001/1967 1743/2000/1966 1744/2002/1968
f 1093/2019/1985 1094/2020/1986 1758/2017/1983
f 1762/2022/1988 1763/2023/1989 1094/2020/1986
f 1101/639/580 1103/2025/1991 1762/2022/1988
f 1779/2044/2008 1776/693/627 1102/715/646
f 1129/648/587 1790/619/560 1792/2054/2018
f 1790/619/560 1057/618/559 1060/1999/1965
f 1138/655/593 1140/2063/2027 1797/2060/2024
f 1808/2070/2034 1131/2057/2021 1130/2059/2023
s 1
f 1222/1/1 93/70/2 1/2/2
f 1173/4/4 220/182/159 20/5/5
f 89/7/2 1167/61/55 226/8/7
f 215/10/8 24/76/67 114/11/9
f 4/13/2 90/43/2 1187/14/11
f 211/18/15 1218/162/142 102/19/16
f 225/21/18 15/83/73 109/22/19
f 3/9/2 88/27/2 1162/24/21
f 1177/26/23 216/158/139 4/13/2
f 1183/12/10 114/11/9 22/28/24
f 230/29/25 22/28/24 108/36/32
f 1198/37/33 108/36/32 23/38/34
f 90/43/2 2/154/2 235/44/39
f 240/39/35 23/38/34 115/45/40
f 1213/46/41 115/45/40 1325/47/42
f 268/49/44 25/103/92 113/50/45
f 91/51/2 5/151/134 245/52/46
f 1223/54/48 200/16/13 16/17/14
f 279/58/52 1233/66/60 110/59/53
f 1/2/2 210/194/168 1167/61/55
f 1238/62/56 273/56/50 17/57/51
f 1233/66/60 289/2085/686 1322/67/61
f 6/68/2 278/128/114 1217/69/62
f 24/76/67 322/125/112 1262/77/68
f 15/83/73 103/87/77 1247/84/74
f 15/83/73 332/85/75 1257/86/76
f 103/87/77 14/20/17 316/88/78
f 22/28/24 337/155/137 1277/93/83
f 23/38/34 347/188/163 1292/99/88
f 115/45/40 1292/99/88 357/105/94
f 14/20/17 102/19/16 1297/109/97
f 102/19/16 13/60/54 383/110/98
f 13/60/54 110/59/53 1312/116/103
f 110/59/53 1322/67/61 395/117/104
f 1168/119/106 211/18/15 14/20/17
f 1228/120/107 284/64/58 21/65/59
f 107/121/108 21/65/59 388/118/105
f 226/8/7 1177/26/23 88/27/2
f 1178/23/20 109/22/19 24/76/67
f 109/22/19 1257/86/76 322/125/112
f 94/127/2 1232/144/127 278/128/114
f 201/3/3 1/2/2 89/7/2
f 236/32/28 19/31/27 117/90/80
f 1203/133/117 250/729/658 1326/134/118
f 111/135/119 1326/134/118 356/136/120
f 225/21/18 1168/119/106 103/87/77
f 1227/143/126 290/761/697 1232/144/127
f 283/145/128 1227/143/126 94/127/2
f 5/151/134 92/167/134 1207/152/135
f 1182/153/136 231/159/140 2/154/2
f 114/11/9 1262/77/68 337/155/137
f 216/158/139 1182/153/136 90/43/2
f 231/159/140 1197/187/162 91/51/2
f 1218/162/142 279/58/52 13/60/54
s 2
f 1355/163/143 137/211/185 1445/164/144
s 1
f 92/167/134 1202/170/149 269/168/147
f 1212/169/148 251/738/667 1202/170/149
f 1228/175/107 107/179/108 1323/176/154
f 274/178/156 6/68/2 93/70/2
f 107/179/108 1307/1478/109 393/180/157
f 1237/146/129 94/127/2 6/68/2
f 2/154/2 91/51/2 1192/53/47
f 1203/133/117 111/135/119 25/185/92
f 1197/187/162 241/195/169 5/151/134
f 108/36/32 1277/93/83 347/188/163
f 111/189/119 1282/1459/121 374/190/164
f 1172/129/115 89/7/2 3/9/2
f 88/27/2 4/13/2 205/15/12
f 93/70/2 1217/69/62 210/194/168
f 241/195/169 1212/169/148 92/167/134
s 2
f 504/199/173 1481/202/176 136/200/174
f 1481/202/176 726/1113/1058 1435/203/177
f 435/210/184 1471/282/256 137/211/185
f 138/212/186 1458/1616/1578 672/213/187
f 425/220/194 1370/299/273 135/221/195
f 135/221/195 1476/1633/1604 638/226/200
f 411/237/211 1446/1606/1558 120/238/212
f 1347/250/224 121/302/276 1351/251/225
f 1375/263/237 138/212/186 1475/264/238
f 479/273/247 1458/1616/1578 138/212/186
f 1471/282/256 586/982/923 1401/283/257
f 1391/201/175 136/200/174 1462/284/258
f 1338/289/263 121/302/276 1347/250/224
f 464/298/272 1476/1633/1604 135/221/195
f 136/200/174 1435/203/177 709/304/278
f 120/238/212 1446/1606/1558 606/308/282
f 1475/264/238 138/212/186 1421/214/188
f 445/318/292 1361/239/213 120/238/212
f 120/238/212 1405/309/283 620/320/294
f 137/211/185 1401/283/257 604/321/295
f 118/295/269 1463/294/268 708/332/306
f 135/221/195 1416/227/201 656/341/315
f 454/343/317 1386/293/267 118/295/269
f 1468/344/318 118/295/269 1430/333/307
s 3
f 1544/346/320 145/415/321 36/347/321
f 141/352/321 1489/406/374 769/353/326
f 758/355/327 59/421/386 166/356/328
f 39/358/321 142/388/321 1509/359/330
f 754/363/334 1540/509/461 154/364/335
f 768/366/337 50/428/392 161/367/338
f 38/354/321 140/372/321 1484/369/340
f 1499/371/342 759/505/458 39/358/321
f 1505/357/329 166/356/328 57/373/343
f 773/374/344 57/373/343 160/381/351
f 1520/382/352 160/381/351 58/383/353
f 142/388/321 37/501/321 778/389/358
f 783/384/354 58/383/353 167/390/359
f 1535/391/360 167/390/359 1647/392/361
f 143/396/321 40/498/452 788/397/365
f 821/403/371 1555/411/379 162/404/372
f 36/347/321 753/539/488 1489/406/374
f 826/409/377 1560/407/375 164/408/376
f 1555/411/379 831/2086/1103 1644/412/380
f 41/413/321 820/475/432 1539/414/381
f 59/421/386 863/472/430 1584/422/387
f 50/428/392 155/432/396 1569/429/393
f 50/428/392 873/430/394 1579/431/395
f 155/432/396 49/365/336 857/433/397
f 57/373/343 878/502/455 1599/438/402
f 58/383/353 888/533/483 1614/444/407
f 167/390/359 1614/444/407 898/450/413
f 49/365/336 154/364/335 1619/454/415
f 154/364/335 48/405/373 924/455/416
f 48/405/373 162/404/372 1634/461/421
f 162/404/372 1644/412/380 936/462/422
f 1490/464/424 754/363/334 49/365/336
f 1550/465/425 826/1748/377 56/466/378
f 159/467/426 56/466/378 929/468/423
f 769/353/326 1499/371/342 140/372/321
f 1500/368/339 161/367/338 59/421/386
f 161/367/338 1579/431/395 863/472/430
f 146/474/321 1554/491/445 820/475/432
f 744/348/322 36/347/321 141/352/321
f 1525/480/435 793/1130/1075 1648/481/436
f 163/482/437 1648/481/436 897/483/438
f 768/366/337 1490/464/424 155/432/396
f 1549/490/444 832/1162/1113 1554/491/445
f 825/492/446 1549/490/444 146/474/321
f 40/498/452 144/514/466 1529/499/453
f 1504/500/454 774/506/459 37/501/321
f 166/356/328 1584/422/387 878/502/455
f 759/505/458 1504/500/454 142/388/321
f 774/506/459 1519/532/482 143/396/321
f 1540/509/461 821/403/371 48/405/373
s 4
f 1710/510/462 175/607/463 62/511/463
s 3
f 144/514/466 1524/517/469 811/515/467
f 1534/516/468 794/1139/1084 1524/517/469
f 1550/465/425 159/467/426 1645/522/474
f 816/524/476 41/413/321 145/415/321
f 159/467/426 1629/469/427 934/525/477
f 1559/493/447 146/474/321 41/413/321
f 37/501/321 143/396/321 1514/398/366
f 1525/480/435 163/482/437 60/530/411
f 1519/532/482 784/540/489 40/498/452
f 160/381/351 1599/438/402 888/533/483
f 163/534/437 1604/2087/439 915/535/484
f 1494/476/433 141/352/321 38/354/321
f 140/372/321 39/358/321 748/360/331
f 145/415/321 1539/414/381 753/539/488
f 784/540/489 1534/516/468 144/514/466
s 4
f 171/544/463 1655/598/542 977/545/493
f 966/547/494 85/613/554 196/548/495
f 65/550/463 172/580/463 1675/551/497
f 962/555/501 1706/699/632 184/556/502
f 976/558/504 76/620/561 191/559/505
f 64/546/463 170/564/463 1650/561/507
f 1665/563/509 967/695/629 65/550/463
f 1671/549/496 196/548/495 83/565/510
f 981/566/511 83/565/510 190/573/518
f 1686/574/519 190/573/518 84/575/520
f 172/580/463 63/691/625 986/581/525
f 991/576/521 84/575/520 197/582/526
f 1701/583/527 197/582/526 1813/584/528
f 173/588/532 66/688/622 996/589/533
f 1029/595/539 1721/603/547 192/596/540
f 62/511/463 961/727/656 1655/598/542
f 1721/603/547 1039/1230/1184 1810/604/548
f 67/605/463 1028/665/602 1705/606/549
f 85/613/554 1072/662/600 1750/614/555
f 76/620/561 185/624/565 1735/621/562
f 76/620/561 1082/622/563 1745/623/564
f 185/624/565 75/557/503 1066/625/566
f 83/565/510 1087/692/626 1765/630/571
f 84/575/520 1097/722/651 1780/636/577
f 197/582/526 1780/636/577 1107/642/583
f 75/557/503 184/556/502 1785/646/585
f 184/556/502 74/597/541 1133/647/586
f 74/597/541 192/596/540 1800/653/591
f 192/596/540 1810/604/548 1145/654/592
f 1656/656/594 962/555/501 75/557/503
f 1716/657/595 1034/601/545 82/602/546
f 977/545/493 1665/563/509 170/564/463
f 1666/560/506 191/559/505 85/613/554
f 191/559/505 1745/623/564 1072/662/600
f 176/664/463 1720/681/615 1028/665/602
f 952/512/464 62/511/463 171/544/463
f 1691/670/605 1001/1201/1155 1814/671/606
f 193/672/607 1814/671/606 1106/673/608
f 976/558/504 1656/656/594 185/624/565
f 1715/680/614 1040/1240/1195 1720/681/615
f 1033/682/616 1715/680/614 176/664/463
f 66/688/622 174/701/634 1695/689/623
f 1670/690/624 982/696/630 63/691/625
f 196/548/495 1750/614/555 1087/692/626
f 967/695/629 1670/690/624 172/580/463
f 982/696/630 1685/721/650 173/588/532
f 1706/699/632 1029/595/539 74/597/541
f 174/701/634 1690/704/637 1019/702/635
f 1700/703/636 1002/1210/1164 1690/704/637
f 1716/709/595 189/713/596 1811/710/642
f 1024/712/644 67/605/463 175/607/463
f 189/713/596 1795/2088/597 1143/714/645
f 1725/683/617 176/664/463 67/605/463
f 63/691/625 173/588/532 1680/590/534
f 1691/670/605 193/672/607 86/719/581
f 1685/721/650 992/728/657 66/688/622
f 190/573/518 1765/630/571 1097/722/651
f 193/672/607 1770/674/609 1124/723/652
f 1660/666/603 171/544/463 64/546/463
f 170/564/463 65/550/463 956/552/498
f 175/607/463 1705/606/549 961/727/656
f 992/728/657 1700/703/636 174/701/634
s 1
f 250/729/658 253/732/661 256/730/659
f 253/732/661 254/741/670 257/733/662
f 256/730/659 257/733/662 258/735/664
f 259/736/665 262/740/669 261/737/666
f 260/739/668 263/742/671 262/740/669
f 262/740/669 257/733/662 254/741/670
f 263/742/671 258/735/664 257/733/662
f 252/743/43 264/746/2055 266/744/672
f 264/746/674 255/2089/2056 267/734/675
f 265/745/673 266/744/672 263/742/676
f 266/744/672 267/734/675 258/735/678
f 288/177/155 291/2090/681 293/747/679
f 292/748/680 293/747/679 305/751/683
f 293/747/679 294/750/682 295/753/685
f 289/754/686 296/757/689 299/755/687
f 296/757/689 297/763/1350 300/758/690
f 298/756/691 299/755/687 294/750/692
f 299/755/687 300/758/690 295/753/694
f 301/759/695 304/762/698 303/760/696
f 302/752/684 305/751/683 304/762/698
f 304/762/698 300/758/700 297/763/699
f 305/751/683 295/753/685 300/758/700
f 356/136/120 359/1502/703 361/764/701
f 360/768/702 361/771/701 372/769/705
f 361/771/701 362/777/704 363/772/707
f 357/105/94 364/775/710 366/773/708
f 364/775/710 365/781/718 367/776/711
f 366/773/708 367/776/711 363/772/713
f 368/778/715 371/780/717 370/779/716
f 369/770/706 372/769/719 371/780/717
f 371/780/717 367/776/711 365/781/718
f 372/769/719 363/772/713 367/776/711
f 393/180/157 396/1479/722 399/782/720
f 396/784/722 397/795/731 400/785/723
f 399/786/720 400/785/723 401/789/725
f 402/790/726 405/794/730 404/791/727
f 403/793/729 406/796/732 405/794/730
f 405/794/730 400/785/733 397/795/731
f 406/796/732 401/789/738 400/785/733
f 395/117/104 398/1493/736 408/797/734
f 407/798/735 408/797/734 406/796/732
f 408/797/734 409/788/2057 401/789/738
s 2
f 413/800/739 416/803/742 415/801/740
f 414/802/741 421/811/748 416/803/742
f 416/803/742 421/811/748 417/805/744
f 418/807/745 421/810/748 420/808/746
f 419/809/747 417/815/744 421/810/748
f 424/813/750 417/815/744 419/809/747
s 5
f 428/816/751 430/2091/2058 429/817/752
s 6
f 429/817/754 430/2091/2059 1161/818/755
s 7
f 434/823/760 432/2092/2060 1161/818/761
s 9
f 442/829/767 1817/836/2061 440/830/768
s 10
f 443/832/772 439/1630/2062 438/834/773
s 11
f 444/835/775 440/830/2063 1817/836/776
s 37
f 449/1538/2064 453/1537/2065 1818/2093/2066
s 14
f 457/848/788 459/851/2067 458/849/789
s 16
f 458/849/792 459/851/2068 1160/852/793
s 2
f 467/860/800 470/863/803 469/861/801
f 472/868/807 471/866/805 468/862/802
f 475/872/809 478/874/811 477/873/810
f 476/865/804 470/864/803 478/874/811
f 478/874/811 470/864/803 471/866/805
s 18
f 482/876/812 488/879/2069 483/877/813
s 19
f 482/876/815 1819/884/822 484/878/816
s 2
f 492/888/824 495/892/828 494/889/825
f 495/892/828 503/895/831 501/893/829
f 495/892/828 493/891/827 496/894/830
f 498/897/833 496/894/830 493/891/827
f 500/901/835 503/903/831 502/902/836
f 516/915/847 519/918/850 518/916/848
f 517/917/849 520/920/852 519/918/850
f 519/918/850 530/921/853 527/919/851
f 514/922/226 521/925/856 524/923/854
f 521/925/856 522/931/865 525/926/857
f 523/924/855 524/923/854 520/920/858
s 24
f 524/923/859 525/926/2070 530/927/860
s 2
f 526/928/862 529/930/864 528/929/863
f 527/919/851 530/921/866 529/930/864
f 529/930/864 525/926/867 522/931/865
f 534/932/868 537/935/871 536/933/869
f 535/934/870 538/937/873 537/935/871
f 537/935/871 548/938/874 545/936/872
f 532/939/264 539/942/877 542/940/875
f 539/942/877 540/948/886 543/943/878
f 541/941/876 542/940/875 538/937/879
s 25
f 542/940/880 543/943/2071 548/944/881
s 2
f 544/945/883 547/947/885 546/946/884
f 545/936/872 548/938/887 547/947/885
f 547/947/885 543/943/888 540/948/886
f 552/949/889 555/952/892 554/950/890
f 553/951/891 556/960/900 555/952/892
f 555/952/892 567/955/895 564/953/893
f 555/952/892 556/960/900 557/954/894
f 558/956/896 561/959/899 560/957/897
f 559/958/898 562/964/904 561/959/899
f 561/959/899 556/960/900 553/951/891
f 561/959/899 562/964/904 557/954/894
f 563/961/901 566/963/903 565/962/902
f 564/953/893 567/955/895 566/963/903
f 566/963/903 562/964/904 559/958/898
f 566/963/903 567/955/895 557/954/894
f 571/965/905 574/968/908 573/966/906
f 572/967/907 575/970/2072 574/968/908
f 574/968/908 576/971/911 583/969/909
f 569/972/275 577/975/914 580/973/912
f 577/975/914 578/981/921 581/976/915
f 579/974/913 580/973/912 575/970/916
f 580/973/912 581/976/915 576/977/917
f 582/978/918 585/980/920 584/979/919
f 583/969/909 576/971/911 585/980/920
f 585/980/920 581/976/2073 578/981/921
f 586/982/923 589/1627/926 591/983/924
f 590/984/925 591/983/924 603/987/928
f 591/983/924 592/986/927 593/989/930
f 587/311/285 594/992/933 597/990/931
f 594/992/933 595/998/943 598/993/934
s 26
f 596/991/935 597/990/2074 592/986/936
s 2
f 597/990/931 598/993/934 593/989/938
f 599/994/940 602/997/942 601/995/941
f 600/988/929 603/987/944 602/997/942
f 602/997/942 598/993/945 595/998/943
f 603/987/944 593/989/2075 598/993/945
f 607/999/946 610/1002/949 609/1000/947
f 608/1001/948 611/2094/2076 610/1002/949
f 610/1002/949 611/2095/2076 617/1003/950
f 612/1004/951 615/1008/954 614/1005/952
f 613/1007/953 611/2096/2076 615/1008/954
f 615/1008/954 611/2094/2076 608/1001/948
f 616/1009/955 619/1011/957 618/1010/956
f 617/1003/950 611/2095/2076 619/1011/957
f 619/1011/957 611/2096/2076 613/1007/953
f 620/320/294 623/1014/960 626/1012/958
f 623/1014/960 624/1023/968 627/1015/961
f 626/1012/958 627/1015/961 628/1017/963
f 629/1018/964 632/1022/967 631/1019/965
f 630/1021/966 633/1024/969 632/1022/967
f 632/1022/967 627/1015/961 624/1023/968
f 633/1024/969 628/1017/963 627/1015/961
f 622/312/286 634/1027/1560 636/1025/970
f 634/1027/972 625/1609/1562 637/1016/973
f 635/1026/971 636/1025/970 633/1024/969
f 636/1025/970 637/1016/973 628/1017/963
f 641/1028/974 644/1031/977 643/1029/975
f 642/1030/976 645/1040/979 644/1031/977
f 644/1031/977 655/1034/980 652/1032/978
f 646/1035/981 649/1038/984 648/1036/982
f 647/1037/983 650/1039/985 649/1038/984
f 649/1038/984 645/1040/979 642/1030/976
f 651/1041/986 654/1044/988 653/1042/987
f 652/1032/978 655/1034/980 654/1044/988
f 654/1044/988 650/1039/985 647/1037/983
f 655/1034/980 645/1033/979 650/1039/985
f 656/341/315 659/1047/991 671/1045/989
f 659/1047/991 660/1057/1000 662/1048/992
f 664/1052/995 667/1056/999 666/1053/996
f 665/1055/997 662/1063/1006 667/1056/998
f 667/1056/999 662/1048/992 660/1057/1000
f 658/1059/1001 668/1062/1004 671/1060/1002
f 670/1061/1003 671/1060/1002 662/1063/1006
f 672/213/187 675/1066/1575 677/1064/1007
f 675/1066/1009 682/1615/1577 678/1067/1010
f 676/1065/1008 677/1064/1007 689/1068/1011
f 677/1064/1007 678/1067/1010 679/1070/1013
f 673/315/289 680/1073/1016 683/1071/1014
f 680/1073/1016 681/1079/1022 684/1074/1017
f 683/1071/1014 684/1074/1017 679/1070/1013
f 685/1075/1019 688/1078/1021 687/1076/1020
f 686/1069/1012 689/1068/1011 688/1078/1021
f 688/1078/1021 684/1074/1017 681/1079/1022
f 689/1068/1011 679/1070/1013 684/1074/1017
f 690/345/319 693/1082/1025 696/1080/1023
f 693/1082/1025 694/1092/1035 697/1083/1026
f 695/1081/1027 696/1080/1023 707/1084/1028
f 696/1080/1023 697/1083/1026 698/1086/1030
f 699/1087/1031 702/1091/1034 701/1088/1032
f 700/1090/1033 703/1093/1036 702/1091/1034
f 702/1091/1034 697/1083/1026 694/1092/1035
f 703/1093/1036 698/1086/1030 697/1083/1026
f 692/307/281 704/1622/1039 706/1094/1037
f 705/1095/1038 706/1094/1037 703/1093/1041
f 706/1094/1037 707/1084/1040 698/1086/1042
f 711/1096/1043 714/1099/1046 713/1097/1044
f 712/1098/1045 715/1108/1048 714/1099/1046
f 714/1099/1046 725/1102/1049 722/1100/1047
f 716/1103/1050 719/1106/1053 718/1104/1051
f 717/1105/1052 720/1107/1054 719/1106/1053
f 719/1106/1053 715/1108/1048 712/1098/1045
f 721/1109/1055 724/1112/1057 723/1110/1056
f 722/1100/1047 725/1102/1049 724/1112/1057
f 724/1112/1057 720/1107/1054 717/1105/1052
f 725/1102/1049 715/1101/1048 720/1107/1054
f 726/1113/1058 729/2097/1061 731/1114/1059
f 730/1115/1060 731/1114/1059 742/1118/1063
f 731/1114/1059 732/1117/1062 733/1120/1065
f 727/306/280 734/1123/1068 736/1121/1066
f 734/1123/1068 735/1129/1074 737/1124/1069
f 736/1121/1066 737/1124/1069 733/1120/1065
f 738/1125/1071 741/1128/1073 740/1126/1072
f 739/1119/1064 742/1118/1063 741/1128/1073
f 741/1128/1073 737/1124/1069 735/1129/1074
f 742/1118/1063 733/1120/1065 737/1124/1069
s 3
f 793/1130/1075 796/1133/1078 798/1131/1076
f 796/1133/1078 797/1142/1087 799/1134/1079
f 798/1131/1076 799/1134/1079 800/1136/1081
f 801/1137/1082 804/1141/1086 803/1138/1083
f 802/1140/1085 805/1143/1088 804/1141/1086
f 804/1141/1086 799/1134/1079 797/1142/1087
f 805/1143/1088 800/1136/1081 799/1134/1079
f 795/1144/362 806/2098/1091 808/1145/1089
f 807/1146/1090 808/1145/1089 805/1143/1093
f 808/1145/1089 809/1135/2077 800/1136/1095
f 830/523/475 833/2099/1098 835/1148/1096
f 834/1149/1097 835/1148/1096 846/1152/1100
f 835/1148/1096 836/1151/1099 837/1154/1102
f 831/1155/1103 838/1158/1106 840/1156/1104
f 838/1158/1106 839/1164/1725 841/1159/1107
f 840/1156/1104 841/1159/1107 837/1154/1109
f 842/1160/1111 845/1163/1114 844/1161/1112
f 843/1153/1101 846/1152/1100 845/1163/1114
f 845/1163/1114 841/1159/1116 839/1164/1115
f 846/1152/1100 837/1154/1102 841/1159/1116
f 897/483/438 900/1859/1119 902/1165/1117
f 901/1169/1118 902/1172/1117 913/1170/1121
f 902/1172/1117 903/1178/2078 904/1173/1123
f 898/450/413 905/1176/1126 907/1174/1124
f 905/1176/1126 906/1182/1133 908/1177/1127
f 907/1174/1124 908/1177/1127 904/1173/1129
f 909/1179/1130 912/1181/1132 911/1180/1131
f 910/1171/1122 913/1170/1134 912/1181/1132
f 912/1181/1132 908/1177/1127 906/1182/1133
f 913/1170/1134 904/1173/1129 908/1177/1127
f 934/525/477 937/1838/1137 939/1183/1135
f 937/1185/1137 938/1196/1147 940/1186/1138
f 939/1187/1135 940/1186/1138 941/1190/1140
f 942/1191/1142 945/1195/1146 944/1192/1143
f 943/1194/1145 946/1197/1148 945/1195/1146
f 945/1195/1146 940/1186/1149 938/1196/1147
f 946/1197/1148 941/1190/1154 940/1186/1149
f 936/462/422 947/1853/1152 949/1198/1150
f 948/1199/1151 949/1198/1150 946/1197/1148
f 949/1198/1150 950/1189/1153 941/1190/1154
s 4
f 1001/1201/1155 1004/1204/1158 1007/1202/1156
f 1004/1204/1158 1005/1215/1167 1008/1205/1159
f 1007/1202/1156 1008/1205/1159 1009/1207/1161
f 1010/1208/1162 1013/1214/1166 1012/1209/1163
f 1011/1211/1165 1014/1216/1168 1013/1212/1166
f 1013/1214/1166 1008/1205/1159 1005/1215/1167
f 1014/1216/1168 1009/1222/1161 1008/1217/1159
f 1003/585/1169 1006/2076/2079 1016/1218/1170
f 1015/1219/1171 1016/1218/1170 1014/1216/1174
f 1016/1218/1170 1017/1221/2080 1009/1222/1176
f 1038/711/643 1041/2100/1179 1043/1223/1177
f 1042/1224/1178 1043/1223/1177 1055/1227/1181
f 1043/1223/1177 1044/1226/1180 1045/1229/1183
f 1039/1230/1184 1046/1233/1187 1049/1231/1185
f 1046/1233/1187 1047/1243/1941 1050/1234/1188
f 1048/1232/1189 1049/1231/1185 1044/1235/1190
f 1049/1231/1185 1050/1234/1188 1045/1237/1192
f 1051/1238/1193 1054/1241/1196 1053/1239/1194
f 1052/1228/1182 1055/1227/1181 1054/1241/1196
f 1054/1242/1196 1050/1234/1198 1047/1243/1197
f 1055/1227/1181 1045/1229/1183 1050/1245/1198
f 1106/673/608 1109/2079/1201 1111/1246/1199
f 1110/1251/1200 1111/1250/1199 1122/1252/1203
f 1111/1250/1199 1112/1249/2081 1113/1254/1205
f 1107/642/583 1114/1257/1208 1116/1255/1206
f 1114/1257/1208 1115/1262/1215 1117/1258/1209
f 1116/1255/1206 1117/1258/1209 1113/1254/1211
f 1118/1259/1212 1121/1261/1214 1120/1260/1213
f 1119/1253/1204 1122/1252/1216 1121/1261/1214
f 1121/1261/1214 1117/1258/1209 1115/1262/1215
f 1122/1252/1216 1113/1254/1211 1117/1258/1209
f 1143/1263/645 1146/1266/1219 1148/1264/1217
f 1146/1266/1219 1147/1275/1229 1149/1267/1220
f 1148/1264/1217 1149/1267/1220 1150/1269/1222
f 1151/1270/1224 1154/1274/1228 1153/1271/1225
f 1152/1273/1227 1155/1276/1230 1154/1274/1228
f 1154/1274/1228 1149/1267/1231 1147/1275/1229
f 1155/1276/1230 1150/1269/1236 1149/1267/1231
f 1145/654/592 1156/2073/1234 1158/1277/1232
f 1157/1278/1233 1158/1277/1232 1155/1276/1230
f 1158/1277/1232 1159/1268/1235 1150/1269/1236
s 1
f 221/25/22 1162/24/21 1164/1280/1237
f 224/1281/1238 1164/1280/1237 1165/1282/1239
f 223/1284/1241 1165/1289/1246 1166/1285/1242
f 1166/1285/1242 1163/139/123 220/182/159
f 1162/24/21 205/15/12 207/1287/1244
f 1164/1280/1237 207/1287/1244 208/1288/1245
f 1165/1289/1246 208/1328/1284 209/1290/1247
f 209/1290/1247 206/35/31 1163/139/123
f 1167/61/55 1169/1292/1249 229/1291/1248
f 1169/1292/1249 1170/1294/1255 228/1293/1250
f 1170/1294/1251 1171/1300/1257 227/1295/1252
f 227/1295/1252 1171/1300/1257 1168/1296/106
f 210/194/168 212/1298/1254 1169/1292/1249
f 212/1298/1254 213/1299/1323 1170/1294/1255
f 213/1299/1256 214/1368/1325 1171/1300/1257
f 1171/1300/1257 214/1368/1325 211/1301/15
f 1172/129/115 1174/1303/1259 204/1302/1258
f 1174/1303/1259 1175/1305/1264 203/1304/1260
f 1175/1305/1261 1176/1308/1265 202/1306/1262
f 202/1307/1262 1176/1309/1265 1173/4/4
f 221/25/22 224/1281/1238 1174/1303/1259
f 224/1281/1238 223/1283/1240 1175/1305/1264
f 223/1283/1241 222/2101/1243 1176/1308/1265
f 1176/1309/1265 222/1286/1243 220/182/159
f 216/158/139 1177/26/23 1179/1310/1266
f 219/1311/1267 1179/1310/1266 1180/1312/1268
f 218/1313/1270 1180/1312/1273 1181/1314/1271
f 1181/1314/1271 1178/1317/20 215/1316/8
f 1177/26/23 226/8/7 229/1291/1248
f 1179/1310/1266 229/1291/1248 228/1293/1250
f 1180/1312/1273 228/1293/1253 227/1295/1252
f 227/1295/1252 225/1297/18 1178/1317/20
f 231/159/140 1182/153/136 1184/1318/1274
f 234/1319/1275 1184/1318/1274 1185/1320/1276
f 233/1321/1278 1185/1320/1281 1186/1322/1279
f 1186/1322/1279 1183/1325/10 230/1324/25
f 1182/153/136 216/158/139 219/1311/1267
f 1184/1318/1274 219/1311/1267 218/1313/1269
f 1185/1320/1281 218/1313/1270 217/1315/1272
f 217/1315/1272 215/1316/8 1183/1325/10
f 205/15/12 1187/14/11 1189/1326/1282
f 207/1287/1244 1189/1326/1282 1190/1327/1283
f 208/1328/1284 1190/1332/1288 1191/1329/1285
f 1191/1329/1285 1188/33/29 206/35/31
f 1187/14/11 235/44/39 237/1330/1286
f 1189/1326/1282 237/1330/1286 238/1331/1287
f 1190/1332/1288 238/1336/1292 239/1333/1289
f 239/1333/1289 236/32/28 1188/33/29
f 235/44/39 1192/53/47 1194/1334/1290
f 237/1330/1286 1194/1334/1290 1195/1335/1291
f 238/1336/1292 1195/1340/1296 1196/1337/1293
f 1196/1337/1293 1193/30/26 236/32/28
f 1192/53/47 245/52/46 247/1338/1294
f 1194/1334/1290 247/1338/1294 248/1339/1295
f 1195/1340/1296 248/1358/1314 249/1341/1297
f 249/1341/1297 246/42/38 1193/30/26
f 241/195/169 1197/187/162 1199/1342/1298
f 244/1343/1299 1199/1342/1298 1200/1344/1300
f 243/1345/1302 1200/1344/1305 1201/1346/1303
f 1201/1346/1303 1198/1349/33 240/1348/35
f 1197/187/162 231/159/140 234/1319/1275
f 1199/1342/1298 234/1319/1275 233/1321/1277
f 1200/1344/1305 233/1321/1278 232/1323/1280
f 232/1323/1280 230/1324/25 1198/1349/33
f 1202/170/149 1204/1351/1307 272/1350/1306
f 1204/1351/1307 1205/1353/1309 271/1352/1308
f 1205/1353/1309 1206/1355/1311 270/1354/1310
f 1206/1355/1311 1203/133/117 268/186/44
f 251/738/667 261/737/666 1204/1351/1307
f 261/737/666 254/741/670 1205/1353/1309
f 254/741/670 253/732/661 1206/1355/1311
f 253/732/661 250/729/658 1203/133/117
f 245/52/46 1207/152/135 1209/1356/1312
f 247/1338/1294 1209/1356/1316 1210/1357/1313
f 248/1358/1314 1210/1360/1317 1211/1359/1315
f 249/1341/1297 1211/1359/1315 1208/40/36
f 1207/152/135 269/168/147 272/1350/1306
f 1209/1356/1316 272/1350/1306 271/1352/1308
f 1210/1360/1317 271/2102/1308 270/1361/1310
f 270/1361/1310 268/49/44 1208/40/36
f 251/738/667 1212/169/148 1214/1362/1318
f 259/736/665 1214/1362/1318 1215/1363/1319
f 260/739/677 1215/1363/1321 1216/1364/1320
f 265/745/673 1216/1364/1320 1213/1365/41
f 1212/169/148 241/195/169 244/1343/1299
f 1214/1362/1318 244/1343/1299 243/1345/1301
f 1215/1363/1321 243/1345/1302 242/1347/1304
f 1216/1364/1320 242/1347/1304 240/1348/35
f 1217/69/62 1219/1366/1322 212/1298/1254
f 1219/1366/1322 1220/1367/1327 213/1299/1323
f 1220/1367/1324 1221/1372/1329 214/1368/1325
f 214/1368/1325 1221/1372/1329 1218/1369/142
f 278/128/114 280/1370/1326 1219/1366/1322
f 280/1370/1326 281/1371/1345 1220/1367/1327
f 281/1371/1328 282/1391/1347 1221/1372/1329
f 1221/1372/1329 282/1391/1347 279/1373/52
f 1222/1/1 1224/1375/1331 277/1374/1330
f 1224/1375/1331 1225/1377/1336 276/1376/1332
f 1225/1377/1333 1226/1380/1337 275/1378/1334
f 275/1379/1334 1226/1381/1337 1223/54/48
f 201/3/3 204/1302/1258 1224/1375/1331
f 204/1302/1258 203/1304/1260 1225/1377/1336
f 203/1304/1263 202/1306/1262 1226/1380/1337
f 1226/1381/1337 202/1307/1262 200/16/13
f 290/761/697 1227/143/126 1229/1382/1338
f 301/759/695 1229/1382/1338 1230/1383/1339
f 302/752/684 1230/1383/1339 1231/1384/1340
f 292/748/680 1231/1384/1340 1228/175/107
f 1227/143/126 283/145/128 285/1385/1341
f 1229/1382/1338 285/1385/1341 286/1386/1342
f 1230/1383/1339 286/1386/1342 287/1387/1343
f 1231/1384/1340 287/1387/1343 284/1388/58
f 1232/144/127 1234/1389/1344 280/1370/1326
f 1234/1389/1344 1235/1390/1349 281/1371/1345
f 1235/1390/1346 1236/1392/1348 282/1391/1347
f 1236/1392/1348 1233/1393/60 279/1373/52
f 290/761/697 303/760/696 1234/1389/1344
f 303/760/696 297/763/699 1235/1390/1349
f 297/763/1350 296/757/689 1236/1392/1348
f 296/757/689 289/754/686 1233/1393/60
f 1237/146/129 1239/1394/1351 285/1385/1341
f 1239/1394/1351 1240/1395/1353 286/1386/1342
f 1240/1395/1352 1241/1397/1354 287/1387/1343
f 287/1396/1343 1241/1398/1354 1238/62/56
f 274/178/156 277/1374/1330 1239/1394/1351
f 277/1374/1330 276/1376/1332 1240/1395/1353
f 276/1376/1335 275/1378/1334 1241/1397/1354
f 275/1379/1334 273/56/50 1238/62/56
f 1242/142/125 1244/1400/1356 330/1399/1355
f 1244/1400/1356 1245/1402/1358 329/1401/1357
f 1245/1402/1358 1246/1404/1360 328/1403/1359
f 1246/1404/1360 1243/192/166 326/193/167
f 311/91/81 313/1405/1361 1244/1400/1356
f 313/1405/1361 314/1406/1362 1245/1402/1358
f 314/1406/1362 315/1407/1363 1246/1404/1360
f 315/1407/1363 312/191/165 1243/192/166
f 332/85/75 1247/84/74 1249/1408/1364
f 335/1409/1365 1249/1408/1364 1250/1410/1366
f 334/1411/1367 1250/1410/1366 1251/1412/1368
f 333/1413/1369 1251/1412/1368 1248/123/110
f 1247/84/74 316/88/78 318/1414/1370
f 1249/1408/1364 318/1414/1370 319/1415/1371
f 1251/1412/1368 320/1416/1372 317/124/111
f 307/81/71 1252/72/64 1254/1417/1373
f 309/1420/1376 1255/1419/1375 1256/1421/1377
f 1252/72/64 327/71/63 330/1399/1355
f 1254/1417/1373 330/1399/1355 329/1401/1357
f 1255/1419/1375 329/1401/1357 328/1403/1359
f 1256/1421/1377 328/1403/1359 326/193/167
f 1257/86/76 1259/1424/1380 325/1423/1379
f 1259/1424/1380 1260/1426/1382 324/1425/1381
f 1260/1426/1382 1261/1428/1384 323/1427/1383
f 1261/1428/1384 1258/161/141 321/183/160
f 332/85/75 335/1409/1365 1259/1424/1380
f 335/1409/1365 334/1411/1367 1260/1426/1382
f 334/1411/1367 333/1413/1369 1261/1428/1384
f 333/1413/1369 331/126/113 1258/161/141
f 1262/77/68 1264/1430/1386 340/1429/1385
f 1264/1430/1386 1265/1432/1388 339/1431/1387
f 1265/1432/1388 1266/1434/1390 338/1433/1389
f 322/125/112 325/1423/1379 1264/1430/1386
f 325/1423/1379 324/1425/1381 1265/1432/1388
f 324/1425/1381 323/1427/1383 1266/1434/1390
f 323/1427/1383 321/183/160 1263/94/84
f 1267/92/82 1269/1435/1391 313/1405/1361
f 1269/1435/1391 1270/1436/1392 314/1406/1362
f 1270/1436/1392 1271/1437/1393 315/1407/1363
f 1271/1437/1393 1268/74/66 312/191/165
f 343/1438/1394 344/1439/1395 1270/1436/1392
f 345/1440/1396 342/138/122 1268/74/66
f 1272/98/87 1274/1441/1397 343/1438/1394
f 1274/1441/1397 1275/1442/1398 344/1439/1395
f 1275/1442/1398 1276/1443/1399 345/1440/1396
f 1276/1443/1399 1273/184/161 342/138/122
f 351/102/91 353/1444/1400 1274/1441/1397
f 354/1445/1401 355/1446/1402 1276/1443/1399
f 355/1446/1402 352/181/158 1273/184/161
f 1277/93/83 1279/1448/1404 350/1447/1403
f 1279/1448/1404 1280/1450/1406 349/1449/1405
f 1280/1450/1406 1281/1452/1408 348/1451/1407
f 1281/1452/1408 1278/80/70 346/101/90
f 337/155/137 340/1429/1385 1279/1448/1404
f 340/1429/1385 339/1431/1387 1280/1450/1406
f 339/1431/1387 338/1433/1389 1281/1452/1408
f 338/1433/1389 336/78/69 1278/80/70
f 374/190/164 1282/1459/121 1284/1453/1409
f 377/1454/1410 1284/1453/1409 1285/1455/1411
f 376/1456/1412 1285/1455/1411 1286/1457/1413
f 375/1458/1414 1286/1457/1413 1283/172/151
f 1282/1459/121 356/2103/120 360/768/702
f 1284/1453/1409 360/768/702 369/770/706
f 1285/1455/1411 369/770/706 368/778/715
f 1286/1457/1413 368/778/715 358/173/152
f 1287/104/93 1289/1460/1415 353/1444/1400
f 1291/1462/1417 1288/156/138 352/181/158
f 374/190/164 377/1454/1410 1289/1460/1415
f 377/1454/1410 376/1456/1412 1290/1461/1416
f 376/1456/1412 375/1458/1414 1291/1462/1417
f 375/1458/1414 373/174/153 1288/156/138
f 1292/99/88 1294/1463/1418 364/775/710
f 1294/1463/1418 1295/1464/1419 365/781/718
f 1295/1464/1419 1296/1465/1420 370/779/716
f 1296/1465/1420 1293/171/150 358/173/152
f 347/188/163 350/1447/1403 1294/1463/1418
f 350/1447/1403 349/1449/1405 1295/1464/1419
f 349/1449/1405 348/1451/1407 1296/1465/1420
f 316/88/78 1297/109/97 1299/1466/1421
f 318/1414/1370 1299/1466/1421 1300/1467/1422
f 319/1415/1371 1300/1467/1422 1301/1468/1423
f 320/1416/1372 1301/1468/1423 1298/166/146
f 1297/109/97 383/110/98 385/1469/1424
f 1299/1466/1421 385/1469/1424 386/1470/1425
f 1300/1467/1422 386/1470/1425 387/1471/1426
f 1301/1468/1423 387/1471/1426 384/130/116
f 379/111/99 1302/82/72 1304/1472/1427
f 382/1473/1428 1304/1472/1427 1305/1474/1429
f 381/1475/1430 1305/1474/1429 1306/1476/1431
f 1302/82/72 307/81/71 310/1418/1374
f 1304/1472/1427 310/1418/1374 309/1420/1376
f 1306/1476/1431 308/1422/1378 306/106/95
f 1307/1478/109 1309/2104/1433 396/1479/722
f 1309/1480/1433 1310/1481/1434 397/795/731
f 1310/1481/1434 1311/1482/1435 404/791/727
f 1311/1482/1435 1308/150/133 394/792/728
f 388/118/105 390/1483/1436 1309/1480/1433
f 390/1483/1436 391/1484/1437 1310/1481/1434
f 391/1484/1437 392/1485/1438 1311/1482/1435
f 392/1485/1438 389/147/130 1308/150/133
f 383/110/98 1312/116/103 1314/1486/1439
f 385/1469/1424 1314/1486/1439 1315/1487/1440
f 386/1470/1425 1315/1487/1440 1316/1488/1441
f 387/1471/1426 1316/1488/1441 1313/149/132
f 1312/116/103 395/117/104 407/798/735
f 1314/1486/1439 407/798/735 403/793/729
f 1315/1487/1440 403/793/729 402/790/726
f 1316/1488/1441 402/790/726 394/792/728
f 388/118/105 1317/112/100 1319/1489/1442
f 390/1483/1436 1319/1489/1442 1320/1490/1443
f 392/1485/1438 1321/1491/1444 1318/148/131
f 1317/112/100 379/111/99 382/1473/1428
f 1319/1489/1442 382/1473/1428 381/1475/1430
f 1320/1490/1443 381/1475/1430 380/1477/1432
f 1321/1491/1444 380/1477/1432 378/114/101
f 395/117/104 1322/67/61 1324/1492/1445
f 398/783/721 1324/1496/1448 1323/176/154
f 1322/67/61 289/2085/686 298/1494/1446
f 1324/1496/1448 291/2090/681 288/177/155
f 1325/47/42 1327/1501/1453 264/1497/1449
f 1327/1500/1452 1326/134/118 250/729/658
f 357/105/94 359/774/709 1327/1501/1453
f 359/1502/703 356/136/120 1326/134/118
s 2
f 1338/1509/263 1340/1510/1463 577/975/914
f 1340/1510/1460 1341/1512/1461 578/981/921
f 1347/1516/224 1349/1517/1470 539/942/877
f 1347/1516/224 514/922/226 523/924/855
f 1349/1517/1467 523/924/855 517/917/849
f 1354/1522/1473 1352/231/205 515/300/274
f 1354/1522/1473 571/965/905 568/232/206
f 435/210/184 1355/163/143 1357/1524/1475
f 438/831/765 1357/1524/1475 1358/1525/1476
f 442/829/1477 1358/1525/1476 1359/1526/1478
f 410/165/145 415/801/740 1357/1524/1475
f 415/801/740 423/804/743 1358/1525/1476
f 423/804/743 422/812/749 1359/1526/1478
f 1362/1529/1481 1363/1530/1483 1818/842/1482
f 1363/1530/1483 1364/1531/1484 449/839/779
f 1364/1531/1484 1361/239/213 445/318/292
f 1362/1529/1481 422/814/749 419/809/747
f 1363/1530/1483 419/809/747 418/807/745
f 1364/1531/1484 418/807/745 411/237/211
f 467/860/800 1372/1539/1491 1373/1540/1492
f 468/871/802 1373/1540/1492 1374/1541/1493
f 425/220/194 429/817/1495 1372/1539/1491
f 429/817/1495 432/819/1496 1373/1540/1492
f 432/819/1496 433/1542/1497 1374/1541/1493
f 433/1542/1497 427/277/251 1371/279/253
f 479/273/247 1375/263/237 1377/1543/1498
f 482/876/1499 1377/1543/1498 1378/1544/1500
f 1819/1545/1501 1378/1544/1500 1379/1546/1502
f 485/1547/1503 1379/1546/1502 1376/338/312
f 466/265/239 477/873/810 1377/1543/1498
f 477/873/810 472/875/807 1378/1544/1500
f 472/875/807 473/867/1494 1379/1546/1502
f 1382/1549/1504 433/1552/1497 434/823/1508
f 1385/257/231 1387/1554/1510 461/1553/1509
f 1387/1554/1510 1388/1555/1512 462/853/1511
f 1388/1555/1512 1389/1556/1514 458/849/1513
f 1385/257/231 490/280/254 497/899/1515
f 1387/1554/1510 497/899/1515 493/900/827
f 1388/1555/1512 493/900/827 492/888/824
f 1390/328/302 1392/1557/1516 497/896/1515
f 1392/1557/1516 1393/1558/1517 498/904/833
f 1393/1558/1517 1394/1559/1518 502/902/836
f 1390/328/302 505/329/303 510/1560/1519
f 1393/1558/1517 1816/1561/1520 508/907/837
f 1394/1559/1518 508/907/837 504/199/173
f 588/996/309 1400/1570/308 1402/1567/1527
f 599/994/940 1402/1567/1527 1403/1568/1528
f 600/988/929 1403/1568/1528 1404/1569/1529
f 590/984/925 1404/1569/1529 1401/283/257
f 1400/1570/308 605/1006/310 614/1005/952
f 1402/1567/1527 614/1005/952 608/1001/948
f 1403/1568/1528 608/1001/948 607/999/946
f 607/999/946 604/321/295 1401/283/257
f 1405/309/283 1407/1571/1530 623/1014/960
f 1407/1571/1530 1408/1572/1531 624/1023/968
f 1408/1572/1531 1409/1573/1532 631/1019/965
f 1409/1573/1532 1406/1574/197 621/1020/199
f 606/308/282 618/1010/956 1407/1571/1530
f 618/1010/956 613/1007/953 1408/1572/1531
f 613/1007/953 612/1004/951 1409/1573/1532
f 612/1004/951 605/1006/310 1406/1574/197
f 1415/1579/299 1417/1580/1536 651/1041/986
f 1417/1580/1536 1418/1581/1537 652/1032/978
f 1418/1581/1537 1419/1582/1538 643/1029/975
f 1419/1582/1538 1416/227/201 638/226/200
f 657/1054/301 666/1053/996 1417/1580/1536
f 666/1058/996 660/1057/1000 1418/1581/1537
f 660/1057/1000 659/1047/991 1419/1582/1538
f 659/1047/991 656/341/315 1416/227/201
f 674/1077/314 1420/1586/313 1422/1583/1539
f 685/1075/1019 1422/1583/1539 1423/1584/1540
f 686/1069/1012 1423/1584/1540 1424/1585/1541
f 676/1065/1008 1424/1585/1541 1421/214/188
f 1420/1586/313 640/1043/297 653/1042/987
f 1422/1583/1539 653/1042/987 647/1037/983
f 1423/1584/1540 647/1037/983 646/1035/981
f 1424/1585/1541 646/1035/981 639/314/288
f 1430/333/307 1432/1591/1545 693/1082/1025
f 1432/1591/1545 1433/1592/1546 694/1092/1035
f 1433/1592/1546 1434/1593/1547 701/1088/1032
f 1434/1593/1547 1431/1594/180 691/1089/190
f 708/332/306 713/1097/1044 1432/1591/1545
f 713/1097/1044 722/1100/1047 1433/1592/1546
f 722/1100/1047 721/1109/1055 1434/1593/1547
f 721/1109/1055 710/1111/178 1431/1594/180
f 709/304/278 1435/203/177 1437/1595/1548
f 716/1103/1050 1437/1595/1548 1438/1596/1549
f 717/1105/1052 1438/1596/1549 1439/1597/1550
f 723/1110/1056 1439/1597/1550 1436/1598/304
f 1435/203/177 726/1113/1058 730/1115/1060
f 1437/1595/1548 730/1115/1060 739/1119/1064
f 1438/1596/1549 739/1119/1064 738/1125/1071
f 1439/1597/1550 738/1125/1071 728/1127/305
f 1445/164/144 1447/1603/1554 413/800/739
f 1447/1603/1554 1448/1604/1556 414/802/1555
f 1448/1604/1556 1449/1605/1557 420/808/746
f 1449/1605/1557 1446/1606/1558 411/237/211
f 604/321/295 609/1000/947 1447/1603/1554
f 609/1000/947 617/1003/950 1448/1604/1556
f 617/1003/950 616/1009/955 1449/1605/1557
f 616/1009/955 606/308/282 1446/1606/1558
f 622/312/286 1450/249/223 1452/1607/1559
f 634/1027/972 1452/1607/1564 1453/1608/1561
f 1453/1610/1563 1451/319/293 620/320/294
f 1450/249/223 446/843/783 451/845/785
f 1452/1607/1564 451/845/1565 448/847/1565
f 1453/1610/1563 448/838/778 445/318/292
f 1454/222/196 1456/1612/1569 428/816/1566
s 31
f 1456/1611/1567 1457/1613/1572 431/822/1568
s 2
f 431/822/759 1457/1613/1573 1455/267/241
f 656/341/315 661/1046/990 1456/1612/1569
s 31
f 669/1050/1571 668/1062/2082 1457/1613/1572
s 2
f 1457/1613/1573 668/1062/1004 658/1059/1001
f 672/213/187 1458/1616/1578 1460/1614/1574
f 1460/1614/1576 1461/1617/1581 682/1615/1577
f 682/1072/1015 1461/1618/1582 1459/272/246
f 1458/1616/1578 479/273/247 483/877/1579
f 487/880/818 481/271/245 1459/272/246
f 491/285/259 1462/284/258 1464/1619/1583
f 500/901/835 1464/1619/1583 1465/1620/1584
f 501/893/1585 1465/1620/1584 1466/1621/1586
f 494/889/825 1466/1621/1586 1463/294/268
f 1462/284/258 709/304/278 718/1104/1051
f 1464/1619/1583 718/1104/1051 712/1098/1045
f 1465/1620/1584 712/1098/1045 711/1096/1043
f 1466/1621/1586 711/1096/1043 708/332/306
f 1467/287/261 1469/1625/1589 704/1622/1039
f 1469/1623/1587 1470/1624/1591 695/1081/1027
f 1470/1624/1588 1468/344/318 690/345/319
f 455/854/795 460/856/797 1469/1625/1589
f 460/850/1590 457/848/2083 1470/1624/1591
f 457/848/1592 454/343/317 1468/344/318
f 586/982/923 1471/282/256 1473/1626/1593
f 1474/1629/1596 1472/236/210 587/311/285
f 1471/282/256 435/210/184 439/828/1597
f 443/832/1600 437/234/208 1472/236/210
f 1475/264/238 1477/1631/1601 475/872/809
f 1477/1631/1601 1478/1634/1605 476/865/1602
f 476/865/1602 1478/1634/1605 1479/1632/1603
f 469/861/801 1479/1632/1603 1476/1633/1604
f 639/314/288 648/1036/982 1477/1631/1601
f 648/1036/982 642/1030/976 1478/1634/1605
f 642/1030/976 641/1028/974 1479/1632/1603
f 641/1028/974 638/226/200 1476/1633/1604
f 1480/292/266 1482/1635/1608 512/910/840
s 32
f 1482/1635/1606 1483/1636/1610 507/912/1607
s 2
f 507/906/838 1483/1637/1611 1481/202/176
f 727/306/280 729/1122/1067 1482/1635/1608
f 1483/1637/1611 729/2097/1061 726/1113/1058
s 3
f 764/370/341 1484/369/340 1486/1638/1612
f 767/1639/1613 1486/1638/1612 1487/1640/1614
f 766/1642/1616 1487/1647/1621 1488/1643/1617
f 1488/1643/1617 1485/486/441 763/527/479
f 1484/369/340 748/360/331 750/1645/1619
f 1486/1638/1612 750/1645/1619 751/1646/1620
f 1487/1647/1621 751/1686/1659 752/1648/1622
f 752/1648/1622 749/380/350 1485/486/441
f 1489/406/374 1491/1650/1624 772/1649/1623
f 1491/1650/1624 1492/1652/1630 771/1651/1625
f 1492/1652/1626 1493/1658/1632 770/1653/1627
f 770/1653/1627 1493/1658/1632 1490/1654/424
f 753/539/488 755/1656/1629 1491/1650/1624
f 755/1656/1629 756/1657/1698 1492/1652/1630
f 756/1657/1631 757/1728/1700 1493/1658/1632
f 1493/1658/1632 757/1728/1700 754/1659/334
f 1494/476/433 1496/1661/1634 747/1660/1633
f 1496/1661/1634 1497/1666/1639 746/1662/1635
f 1497/1663/1636 1498/1667/1640 745/1664/1637
f 745/1664/1637 1498/1667/1640 1495/349/323
f 764/370/341 767/1639/1613 1496/1661/1634
f 767/1639/1613 766/1641/1615 1497/1666/1639
f 766/1642/1616 765/1644/1618 1498/1667/1640
f 1498/1667/1640 765/1644/1618 763/527/479
f 759/505/458 1499/371/342 1501/1668/1641
f 762/1669/1642 1501/1668/1641 1502/1670/1643
f 761/1671/1645 1502/1670/1648 1503/1672/1646
f 1503/1672/1646 1500/1675/339 758/1674/327
f 1499/371/342 769/353/326 772/1649/1623
f 1501/1668/1641 772/1649/1623 771/1651/1625
f 1502/1670/1648 771/1651/1628 770/1653/1627
f 770/1653/1627 768/1655/337 1500/1675/339
f 774/506/459 1504/500/454 1506/1676/1649
f 777/1677/1650 1506/1676/1649 1507/1678/1651
f 776/1679/1653 1507/1678/1656 1508/1680/1654
f 1508/1680/1654 1505/1683/329 773/1682/344
f 1504/500/454 759/505/458 762/1669/1642
f 1506/1676/1649 762/1669/1642 761/1671/1644
f 1507/1678/1656 761/1671/1645 760/1673/1647
f 760/1673/1647 758/1674/327 1505/1683/329
f 748/360/331 1509/359/330 1511/1684/1657
f 750/1645/1619 1511/1684/1657 1512/1685/1658
f 751/1686/1659 1512/1690/1663 1513/1687/1660
f 1513/1687/1660 1510/378/348 749/380/350
f 1509/359/330 778/389/358 780/1688/1661
f 1511/1684/1657 780/1688/1661 781/1689/1662
f 1512/1690/1663 781/1694/1667 782/1691/1664
f 782/1691/1664 779/377/347 1510/378/348
f 778/389/358 1514/398/366 1516/1692/1665
f 780/1688/1661 1516/1692/1665 1517/1693/1666
f 781/1694/1667 1517/1698/1671 1518/1695/1668
f 1518/1695/1668 1515/375/345 779/377/347
f 1514/398/366 788/397/365 790/1696/1669
f 1516/1692/1665 790/1696/1669 791/1697/1670
f 1517/1698/1671 791/1717/1689 792/1699/1672
f 792/1699/1672 789/387/357 1515/375/345
f 784/540/489 1519/532/482 1521/1700/1673
f 787/1701/1674 1521/1700/1673 1522/1702/1675
f 786/1703/1677 1522/1702/1680 1523/1704/1678
f 1523/1706/1678 1520/382/352 783/384/354
f 1519/532/482 774/506/459 777/1677/1650
f 1521/1700/1673 777/1677/1650 776/1679/1652
f 1522/1702/1680 776/1679/1653 775/1681/1655
f 775/1708/1655 773/374/344 1520/382/352
f 1524/517/469 1526/1710/1682 814/1709/1681
f 1526/1710/1682 1527/1712/1684 813/1711/1683
f 1527/1712/1684 1528/1714/1686 812/1713/1685
f 1528/1714/1686 1525/480/435 810/531/363
f 794/1139/1084 803/1138/1083 1526/1710/1682
f 803/1138/1083 797/1142/1087 1527/1712/1684
f 797/1142/1087 796/1133/1078 1528/1714/1686
f 796/1133/1078 793/1130/1075 1525/480/435
f 788/397/365 1529/499/453 1531/1715/1687
f 790/1696/1669 1531/1715/1691 1532/1716/1688
f 791/1717/1689 1532/1719/1692 1533/1718/1690
f 792/1699/1672 1533/1718/1690 1530/385/355
f 1529/499/453 811/515/467 814/1709/1681
f 1531/1715/1691 814/1709/1681 813/1711/1683
f 1532/1719/1692 813/2105/1683 812/1720/1685
f 812/1720/1685 810/394/363 1530/385/355
f 794/1139/1084 1534/516/468 1536/1721/1693
f 801/1137/1082 1536/1721/1693 1537/1722/1694
f 802/1140/1094 1537/1722/1696 1538/1723/1695
f 807/1724/1090 1538/1725/1695 1535/391/360
f 1534/516/468 784/540/489 787/1701/1674
f 1536/1721/1693 787/1701/1674 786/1703/1676
f 1537/1722/1696 786/1703/1677 785/1705/1679
f 1538/1725/1695 785/1707/1679 783/384/354
f 1539/414/381 1541/1726/1697 755/1656/1629
f 1541/1726/1697 1542/1727/1702 756/1657/1698
f 1542/1727/1699 1543/1732/1704 757/1728/1700
f 757/1728/1700 1543/1732/1704 1540/1729/461
f 820/475/432 822/1730/1701 1541/1726/1697
f 822/1730/1701 823/1731/1720 1542/1727/1702
f 823/1731/1703 824/1751/1722 1543/1732/1704
f 1543/1732/1704 824/1751/1722 821/1733/371
f 1544/346/320 1546/1735/1706 819/1734/1705
f 1546/1735/1706 1547/1737/1711 818/1736/1707
f 1547/1737/1708 1548/2106/1712 817/1738/1709
f 817/1739/1709 1548/1740/1712 1545/399/367
f 744/348/322 747/1660/1633 1546/1735/1706
f 747/1660/1633 746/1662/1635 1547/1737/1711
f 746/1665/1638 745/1664/1637 1548/1740/1712
f 1548/1740/1712 745/1664/1637 743/361/332
f 832/1162/1113 1549/490/444 1551/1742/1713
f 842/1160/1111 1551/1742/1713 1552/1743/1714
f 843/1153/1101 1552/1743/1714 1553/1744/1715
f 834/1149/1097 1553/1744/1715 1550/465/425
f 1549/490/444 825/492/446 827/1745/1716
f 1551/1742/1713 827/1745/1716 828/1746/1717
f 1552/1743/1714 828/1746/1717 829/1747/1718
f 1553/1744/1715 829/1747/1718 826/1748/377
f 1554/491/445 1556/1749/1719 822/1730/1701
f 1556/1749/1719 1557/1750/1724 823/1731/1720
f 1557/1750/1721 1558/1752/1723 824/1751/1722
f 1558/1752/1723 1555/1753/379 821/1733/371
f 832/1162/1113 844/1161/1112 1556/1749/1719
f 844/1161/1112 839/1164/1115 1557/1750/1724
f 839/1164/1725 838/1158/1106 1558/1752/1723
f 838/1158/1106 831/1155/1103 1555/1753/379
f 1559/493/447 1561/1754/1726 827/1745/1716
f 1561/1754/1726 1562/1755/1728 828/1746/1717
f 1562/1755/1727 1563/1757/1729 829/1747/1718
f 829/1756/1718 1563/1758/1729 1560/407/375
f 816/524/476 819/1734/1705 1561/1754/1726
f 819/1734/1705 818/1736/1707 1562/1755/1728
f 818/1736/1710 817/1738/1709 1563/1757/1729
f 817/1739/1709 815/401/369 1560/407/375
f 1564/489/443 1566/1760/1731 871/1759/1730
f 1567/1762/1733 1568/1764/1735 869/1763/1734
f 1568/1764/1735 1565/537/486 867/538/487
f 852/436/400 854/1765/1736 1566/1760/1731
f 854/1765/1736 855/1766/1737 1567/1762/1733
f 855/1766/1737 856/1767/1738 1568/1764/1735
f 856/1767/1738 853/536/485 1565/537/486
f 873/430/394 1569/429/393 1571/1768/1739
f 876/1769/1740 1571/1768/1739 1572/1770/1741
f 875/1771/1742 1572/1770/1741 1573/1772/1743
f 874/1773/1744 1573/1772/1743 1570/470/428
f 1569/429/393 857/433/397 859/1774/1745
f 1571/1768/1739 859/1774/1745 860/1775/1746
f 1572/1770/1741 860/1775/1746 861/1776/1747
f 1573/1772/1743 861/1776/1747 858/471/429
f 851/1778/1749 1576/1777/1748 1577/1779/1750
f 850/1780/1751 1577/1779/1750 1578/1781/1752
f 849/1782/1753 1578/1781/1752 1575/487/442
f 1576/1777/1748 871/1759/1730 870/1761/1732
f 1577/1779/1750 870/1761/1732 869/1763/1734
f 1578/1781/1752 869/1763/1734 867/538/487
f 1579/431/395 1581/1784/1755 866/1783/1754
f 1581/1784/1755 1582/1786/1757 865/1785/1756
f 1582/1786/1757 1583/1788/1759 864/1787/1758
f 1583/1788/1759 1580/508/460 862/528/480
f 873/430/394 876/1769/1740 1581/1784/1755
f 876/1769/1740 875/1771/1742 1582/1786/1757
f 875/1771/1742 874/1773/1744 1583/1788/1759
f 874/1773/1744 872/473/431 1580/508/460
f 1584/422/387 1586/1790/1761 881/1789/1760
f 1586/1790/1761 1587/1792/1763 880/1791/1762
f 1587/1792/1763 1588/1794/1765 879/1793/1764
f 1588/1794/1765 1585/439/403 877/423/388
f 863/472/430 866/1783/1754 1586/1790/1761
f 866/1783/1754 865/1785/1756 1587/1792/1763
f 865/1785/1756 864/1787/1758 1588/1794/1765
f 864/1787/1758 862/528/480 1585/439/403
f 1589/437/401 1591/1795/1766 854/1765/1736
f 882/442/405 884/1798/1769 1591/1795/1766
f 1594/443/406 1596/1801/1772 884/1798/1769
f 1596/1801/1772 1597/1802/1773 885/1799/1770
f 1597/1802/1773 1598/1803/1774 886/1800/1771
f 1598/1803/1774 1595/529/481 883/485/440
f 892/447/410 894/1804/1775 1596/1801/1772
f 894/1804/1775 895/1805/1776 1597/1802/1773
f 896/1806/1777 893/526/478 1595/529/481
f 1599/438/402 1601/1808/1779 891/1807/1778
f 1601/1808/1779 1602/1810/1781 890/1809/1780
f 1602/1810/1781 1603/1812/1783 889/1811/1782
f 878/502/455 881/1789/1760 1601/1808/1779
f 881/1789/1760 880/1791/1762 1602/1810/1781
f 880/1791/1762 879/1793/1764 1603/1812/1783
f 879/1793/1764 877/423/388 1600/425/389
f 915/535/484 1604/2087/439 1606/1813/1784
f 918/1814/1785 1606/1813/1784 1607/1815/1786
f 917/1816/1787 1607/1815/1786 1608/1817/1788
f 916/1818/1789 1608/1817/1788 1605/519/471
f 1604/484/439 897/483/438 901/1166/1118
f 1606/1813/1784 901/1169/1118 910/1171/1122
f 1607/1815/1786 910/1171/1122 909/1179/1130
f 1608/1817/1788 909/1179/1130 899/520/472
f 1609/449/412 1611/1820/1790 894/1804/1775
f 1613/1822/1792 1610/503/456 893/526/478
f 915/535/484 918/1814/1785 1611/1820/1790
f 918/1814/1785 917/1816/1787 1612/1821/1791
f 917/1816/1787 916/1818/1789 1613/1822/1792
f 1614/444/407 1616/1823/1793 905/1176/1126
f 1616/1823/1793 1617/1824/1794 906/1182/1133
f 1617/1824/1794 1618/1825/1795 911/1180/1131
f 888/533/483 891/1807/1778 1616/1823/1793
f 891/1807/1778 890/1809/1780 1617/1824/1794
f 890/1809/1780 889/1811/1782 1618/1825/1795
f 857/433/397 1619/454/415 1621/1826/1796
f 859/1774/1745 1621/1826/1796 1622/1827/1797
f 860/1775/1746 1622/1827/1797 1623/1828/1798
f 861/1776/1747 1623/1828/1798 1620/513/465
f 1619/454/415 924/455/416 926/1829/1799
f 1621/1826/1796 926/1829/1799 927/1830/1800
f 1622/1827/1797 927/1830/1800 928/1831/1801
f 920/456/417 1624/427/391 1626/1832/1802
f 922/1835/1805 1627/1834/1804 1628/1836/1806
f 921/1837/1807 1628/1836/1806 1625/460/420
f 1624/427/391 848/426/390 851/1778/1749
f 1626/1832/1802 851/1778/1749 850/1780/1751
f 1627/1834/1804 850/1780/1751 849/1782/1753
f 1628/1836/1806 849/1782/1753 847/451/414
f 1629/469/427 1631/2107/1808 937/1838/1137
f 1631/1839/1808 1632/1840/1809 938/1196/1147
f 1632/1840/1809 1633/1841/1810 944/1192/1143
f 1633/1841/1810 1630/497/451 935/1193/1144
f 929/463/423 931/1843/1811 1631/1839/1808
f 931/1843/1811 932/1844/1812 1632/1840/1809
f 932/1844/1812 933/1845/1813 1633/1841/1810
f 933/1845/1813 930/494/448 1630/497/451
f 924/455/416 1634/461/421 1636/1846/1814
f 926/1829/1799 1636/1846/1814 1637/1847/1815
f 927/1830/1800 1637/1847/1815 1638/1848/1816
f 1634/461/421 936/462/422 948/1199/1151
f 1636/1846/1814 948/1199/1151 943/1194/1145
f 1637/1847/1815 943/1194/1145 942/1191/1142
f 1638/1848/1816 942/1191/1142 935/1193/1144
f 929/463/423 1639/457/418 1641/1849/1817
f 931/1843/1811 1641/1849/1817 1642/1850/1818
f 932/1844/1812 1642/1850/1818 1643/1851/1819
f 933/1845/1813 1643/1851/1819 1640/495/449
f 1639/457/418 920/456/417 923/1833/1803
f 1642/1850/1818 922/1835/1805 921/1837/1807
f 936/462/422 1644/412/380 1646/1852/1820
f 947/1184/1821 1646/1855/1823 1645/522/474
f 1644/412/380 831/2086/1103 833/1854/1822
f 1646/1855/1823 833/2099/1098 830/523/475
f 1647/392/361 1649/1858/1826 806/1856/1824
f 1649/1857/1825 1648/481/436 793/1130/1075
f 898/450/413 900/1175/1125 1649/1858/1826
f 900/1859/1119 897/483/438 1648/481/436
s 4
f 972/562/508 1650/561/507 1652/1860/1827
f 975/1861/1828 1652/1860/1827 1653/1862/1829
f 974/1864/1831 1653/1869/1836 1654/1865/1832
f 1654/1865/1832 1651/676/611 971/716/647
f 1650/561/507 956/552/498 958/1867/1834
f 1652/1860/1827 958/1867/1834 959/1868/1835
f 1653/1869/1836 959/1907/1874 960/1870/1837
f 960/1870/1837 957/572/517 1651/676/611
f 1655/598/542 1657/1877/1839 980/1871/1838
f 1657/1872/1839 1658/1875/1845 979/1873/1840
f 1658/1875/1841 1659/1880/1847 978/1876/1842
f 978/1876/1842 1659/1880/1847 1656/656/594
f 961/727/656 963/1945/1844 1657/1877/1839
f 963/1878/1844 964/1879/1914 1658/1875/1845
f 964/1879/1846 965/1948/1916 1659/1880/1847
f 1659/1880/1847 965/1948/1916 962/555/501
f 1660/666/603 1662/1882/1849 955/1881/1848
f 1662/1882/1849 1663/1887/1854 954/1883/1850
f 1663/1884/1851 1664/1888/1855 953/1885/1852
f 953/1885/1852 1664/1888/1855 1661/541/490
f 972/562/508 975/1861/1828 1662/1882/1849
f 975/1861/1828 974/1863/1830 1663/1887/1854
f 974/1864/1831 973/1866/1833 1664/1888/1855
f 1664/1888/1855 973/1866/1833 971/716/647
f 967/695/629 1665/563/509 1667/1889/1856
f 970/1891/1857 1667/1896/1856 1668/1892/1858
f 969/1893/1860 1668/1892/1863 1669/1894/1861
f 1669/1894/1861 1666/560/506 966/547/494
f 1665/563/509 977/545/493 980/1871/1838
f 1667/1896/1856 980/1874/1838 979/1873/1840
f 1668/1892/1863 979/1873/1843 978/1876/1842
f 978/1876/1842 976/558/504 1666/560/506
f 982/696/630 1670/690/624 1672/1897/1864
f 985/1899/1865 1672/1904/1864 1673/1900/1866
f 984/1901/1868 1673/1900/1871 1674/1902/1869
f 1674/1902/1869 1671/549/496 981/566/511
f 1670/690/624 967/695/629 970/1890/1857
f 1672/1904/1864 970/1891/1857 969/1893/1859
f 1673/1900/1871 969/1893/1860 968/1895/1862
f 968/1895/1862 966/547/494 1671/549/496
f 956/552/498 1675/551/497 1677/1905/1872
f 958/1867/1834 1677/1905/1872 1678/1906/1873
f 959/1907/1874 1678/1911/1878 1679/1908/1875
f 1679/1908/1875 1676/570/515 957/572/517
f 1675/551/497 986/581/525 988/1909/1876
f 1677/1905/1872 988/1909/1876 989/1910/1877
f 1678/1911/1878 989/1915/1882 990/1912/1879
f 986/581/525 1680/590/534 1682/1913/1880
f 988/1909/1876 1682/1913/1880 1683/1914/1881
f 1684/1916/1883 1681/567/512 987/569/514
f 1680/590/534 996/589/533 998/1917/1884
f 1682/1913/1880 998/1917/1884 999/1918/1885
f 1683/1919/1886 999/1937/1905 1000/1920/1887
f 1000/1920/1887 997/579/524 1681/567/512
f 992/728/657 1685/721/650 1687/1921/1888
f 995/1923/1889 1687/1928/1888 1688/1924/1890
f 994/1925/1892 1688/1924/1895 1689/1926/1893
f 993/1927/1894 1689/1926/1893 1686/574/519
f 1685/721/650 982/696/630 985/1898/1865
f 1687/1928/1888 985/1899/1865 984/1901/1867
f 1688/1924/1895 984/1901/1868 983/1903/1870
f 983/1903/1870 981/566/511 1686/574/519
f 1690/704/637 1692/1930/1897 1022/1929/1896
f 1692/1930/1897 1693/1932/1899 1021/1931/1898
f 1693/1932/1899 1694/1934/1902 1020/1933/1900
f 1694/1934/1902 1691/670/605 1018/720/530
f 1002/1210/1164 1012/1209/1163 1692/1930/1897
f 1012/1209/1163 1005/1215/1167 1693/1932/1899
f 1005/1215/1167 1004/1204/1158 1694/1934/1902
f 1004/1204/1158 1001/1201/1155 1691/670/605
f 996/589/533 1695/689/623 1697/1935/1903
f 998/1917/1884 1697/1935/1907 1698/1936/1904
f 999/1937/1905 1698/1939/1908 1699/1938/1906
f 1000/1920/1887 1699/1938/1906 1696/577/522
f 1695/689/623 1019/702/635 1022/1929/1896
f 1697/1935/1907 1022/1929/1896 1021/1931/1898
f 1698/1939/1908 1021/2108/2084 1020/1940/1900
f 1020/1940/1900 1018/586/530 1696/577/522
f 1002/1210/1164 1700/703/636 1702/1941/1909
f 1010/1213/1162 1702/1944/1909 1703/1942/1910
f 1011/1211/1175 1703/1942/1912 1704/1943/1911
f 1015/1219/1171 1704/1943/1911 1701/583/527
f 1700/703/636 992/728/657 995/1922/1889
f 1702/1944/1909 995/1923/1889 994/1925/1891
f 1703/1942/1912 994/1925/1892 993/1927/1894
f 1704/1943/1911 993/1927/1894 991/576/521
f 1705/606/549 1707/1949/1913 963/1945/1844
f 1707/1946/1913 1708/1947/1918 964/1879/1914
f 1708/1947/1915 1709/1952/1920 965/1948/1916
f 965/1948/1916 1709/1952/1920 1706/699/632
f 1028/665/602 1030/1968/1917 1707/1949/1913
f 1030/1950/1917 1031/1951/1936 1708/1947/1918
f 1031/1951/1919 1032/1971/1938 1709/1952/1920
f 1709/1952/1920 1032/1971/1938 1029/595/539
f 1710/510/462 1712/1954/1922 1027/1953/1921
f 1712/1954/1922 1713/1959/1927 1026/1955/1923
f 1713/1956/1924 1714/1960/1928 1025/1957/1925
f 1025/1957/1925 1714/1960/1928 1711/591/535
f 952/512/464 955/1881/1848 1712/1954/1922
f 955/1881/1848 954/1883/1850 1713/1959/1927
f 954/1886/1853 953/1885/1852 1714/1960/1928
f 1714/1960/1928 953/1885/1852 951/553/499
f 1040/1240/1195 1715/680/614 1717/1961/1929
f 1051/1238/1193 1717/1961/1929 1718/1962/1930
f 1052/1228/1182 1718/1962/1930 1719/1963/1931
f 1042/1224/1178 1719/1963/1931 1716/709/595
f 1715/680/614 1033/682/616 1035/1964/1932
f 1717/1961/1929 1035/1964/1932 1036/1965/1933
f 1718/1962/1930 1036/1965/1933 1037/1966/1934
f 1719/1963/1931 1037/1966/1934 1034/1967/545
f 1720/681/615 1722/1973/1935 1030/1968/1917
f 1722/1969/1935 1723/1970/1940 1031/1951/1936
f 1723/1970/1937 1724/1972/1939 1032/1971/1938
f 1724/1972/1939 1721/603/547 1029/595/539
f 1040/1240/1195 1053/1239/1194 1722/1973/1935
f 1053/1244/1194 1047/1243/1197 1723/1970/1940
f 1047/1243/1941 1046/1233/1187 1724/1972/1939
f 1046/1233/1187 1039/1230/1184 1721/603/547
f 1725/683/617 1727/1974/1942 1035/1964/1932
f 1727/1974/1942 1728/1978/1944 1036/1965/1933
f 1728/1975/1943 1729/1979/1945 1037/1976/1934
f 1037/1976/1934 1729/1979/1945 1726/599/543
f 1024/712/644 1027/1953/1921 1727/1974/1942
f 1027/1953/1921 1026/1955/1923 1728/1978/1944
f 1026/1958/1926 1025/1957/1925 1729/1979/1945
f 1025/1957/1925 1023/593/537 1726/599/543
f 1730/679/613 1732/1981/1947 1080/1980/1946
f 1732/1981/1947 1733/1983/1949 1079/1982/1948
f 1733/1983/1949 1734/1985/1951 1078/1984/1950
f 1734/1985/1951 1731/725/654 1076/726/655
f 1061/628/569 1063/1986/1952 1732/1981/1947
f 1063/1986/1952 1064/1987/1953 1733/1983/1949
f 1064/1987/1953 1065/1988/1954 1734/1985/1951
f 1065/1988/1954 1062/724/653 1731/725/654
f 1082/622/563 1735/621/562 1737/1989/1955
f 1085/1990/1956 1737/1989/1955 1738/1991/1957
f 1084/1992/1958 1738/1991/1957 1739/1993/1959
f 1083/1994/1960 1739/1993/1959 1736/660/598
f 1735/621/562 1066/625/566 1068/1995/1961
f 1737/1989/1955 1068/1995/1961 1069/1996/1962
f 1738/1991/1957 1069/1996/1962 1070/1997/1963
f 1739/1993/1959 1070/1997/1963 1067/661/599
f 1057/618/559 1740/609/551 1742/1998/1964
f 1060/1999/1965 1742/1998/1964 1743/2000/1966
f 1058/2003/1969 1744/2002/1968 1741/677/612
f 1740/609/551 1077/608/550 1080/1980/1946
f 1742/1998/1964 1080/1980/1946 1079/1982/1948
f 1743/2000/1966 1079/1982/1948 1078/1984/1950
f 1744/2002/1968 1078/1984/1950 1076/726/655
f 1745/623/564 1747/2005/1971 1075/2004/1970
f 1747/2005/1971 1748/2007/1973 1074/2006/1972
f 1748/2007/1973 1749/2009/1975 1073/2008/1974
f 1749/2009/1975 1746/698/631 1071/717/648
f 1082/622/563 1085/1990/1956 1747/2005/1971
f 1085/1990/1956 1084/1992/1958 1748/2007/1973
f 1084/1992/1958 1083/1994/1960 1749/2009/1975
f 1083/1994/1960 1081/663/601 1746/698/631
f 1750/614/555 1752/2011/1977 1090/2010/1976
f 1752/2011/1977 1753/2013/1979 1089/2012/1978
f 1753/2013/1979 1754/2015/1981 1088/2014/1980
f 1754/2015/1981 1751/631/572 1086/615/556
f 1072/662/600 1075/2004/1970 1752/2011/1977
f 1075/2004/1970 1074/2006/1972 1753/2013/1979
f 1074/2006/1972 1073/2008/1974 1754/2015/1981
f 1073/2008/1974 1071/717/648 1751/631/572
f 1755/629/570 1757/2016/1982 1063/1986/1952
f 1757/2016/1982 1758/2017/1983 1064/1987/1953
f 1758/2017/1983 1759/2018/1984 1065/1988/1954
f 1759/2018/1984 1756/611/553 1062/724/653
f 1091/634/575 1093/2019/1985 1757/2016/1982
f 1094/2020/1986 1095/2021/1987 1759/2018/1984
f 1095/2021/1987 1092/675/610 1756/611/553
f 1760/635/576 1762/2022/1988 1093/2019/1985
f 1763/2023/1989 1764/2024/1990 1095/2021/1987
f 1764/2024/1990 1761/718/649 1092/675/610
f 1103/2025/1991 1104/2026/1992 1763/2023/1989
f 1104/2026/1992 1105/2027/1993 1764/2024/1990
f 1105/2027/1993 1102/715/646 1761/718/649
f 1765/630/571 1767/2029/1995 1100/2028/1994
f 1767/2029/1995 1768/2031/1997 1099/2030/1996
f 1768/2031/1997 1769/2033/1999 1098/2032/1998
f 1769/2033/1999 1766/617/558 1096/638/579
f 1087/692/626 1090/2010/1976 1767/2029/1995
f 1090/2010/1976 1089/2012/1978 1768/2031/1997
f 1089/2012/1978 1088/2014/1980 1769/2033/1999
f 1088/2014/1980 1086/615/556 1766/617/558
f 1124/2034/652 1770/2109/609 1772/2035/2000
f 1127/2036/2001 1772/2035/2000 1773/2037/2002
f 1126/2038/2003 1773/2037/2002 1774/2039/2004
f 1125/2040/2005 1774/2039/2004 1771/706/639
f 1770/674/609 1106/673/608 1110/1247/1200
f 1772/2035/2000 1110/1251/1200 1119/1253/1204
f 1773/2037/2002 1119/1253/1204 1118/1259/1212
f 1774/2039/2004 1118/1259/1212 1108/707/640
f 1775/641/582 1777/2042/2006 1103/2025/1991
f 1777/2042/2006 1778/2043/2007 1104/2026/1992
f 1778/2043/2007 1779/2044/2008 1105/2027/1993
f 1124/2034/652 1127/2036/2001 1777/2042/2006
f 1127/2036/2001 1126/2038/2003 1778/2043/2007
f 1126/2038/2003 1125/2040/2005 1779/2044/2008
f 1125/2040/2005 1123/708/641 1776/693/627
f 1780/636/577 1782/2045/2009 1114/1257/1208
f 1782/2045/2009 1783/2046/2010 1115/1262/1215
f 1783/2046/2010 1784/2047/2011 1120/1260/1213
f 1784/2047/2011 1781/705/638 1108/707/640
f 1097/722/651 1100/2028/1994 1782/2045/2009
f 1100/2028/1994 1099/2030/1996 1783/2046/2010
f 1099/2030/1996 1098/2032/1998 1784/2047/2011
f 1098/2032/1998 1096/638/579 1781/705/638
f 1066/625/566 1785/646/585 1787/2048/2012
f 1068/1995/1961 1787/2048/2012 1788/2049/2013
f 1069/1996/1962 1788/2049/2013 1789/2050/2014
f 1070/1997/1963 1789/2050/2014 1786/700/633
f 1785/646/585 1133/647/586 1135/2051/2015
f 1787/2048/2012 1135/2051/2015 1136/2052/2016
f 1788/2049/2013 1136/2052/2016 1137/2053/2017
f 1789/2050/2014 1137/2053/2017 1134/667/604
f 1132/2055/2019 1792/2054/2018 1793/2056/2020
f 1131/2057/2021 1793/2056/2020 1794/2058/2022
f 1130/2059/2023 1794/2058/2022 1791/652/590
f 1792/2054/2018 1060/1999/1965 1059/2001/1967
f 1793/2056/2020 1059/2001/1967 1058/2003/1969
f 1794/2058/2022 1058/2003/1969 1056/643/584
f 1795/659/597 1797/2060/2024 1146/1266/1219
f 1797/2060/2024 1798/2061/2025 1147/1275/1229
f 1798/2061/2025 1799/2062/2026 1153/1271/1225
f 1799/2062/2026 1796/687/621 1144/1272/1226
f 1140/2063/2027 1141/2064/2028 1798/2061/2025
f 1141/2064/2028 1142/2065/2029 1799/2062/2026
f 1142/2065/2029 1139/684/618 1796/687/621
f 1133/647/586 1800/653/591 1802/2066/2030
f 1135/2051/2015 1802/2066/2030 1803/2067/2031
f 1136/2052/2016 1803/2067/2031 1804/2068/2032
f 1137/2053/2017 1804/2068/2032 1801/686/620
f 1800/653/591 1145/654/592 1157/1278/1233
f 1802/2066/2030 1157/1278/1233 1152/1273/1227
f 1803/2067/2031 1152/1273/1227 1151/1270/1224
f 1804/2068/2032 1151/1270/1224 1144/1272/1226
f 1138/655/593 1805/649/588 1807/2069/2033
f 1140/2063/2027 1807/2069/2033 1808/2070/2034
f 1141/2064/2028 1808/2070/2034 1809/2071/2035
f 1142/2065/2029 1809/2071/2035 1806/685/619
f 1805/649/588 1129/648/587 1132/2055/2019
f 1807/2069/2033 1132/2055/2019 1131/2057/2021
f 1809/2071/2035 1130/2059/2023 1128/651/589
f 1145/654/592 1810/604/548 1812/2072/2036
f 1156/2074/1218 1812/2075/2040 1811/710/642
f 1810/604/548 1039/1230/1184 1048/1232/2037
f 1812/2075/2040 1041/2100/1179 1038/711/643
f 1813/584/528 1815/2078/2044 1006/2076/2041
f 1815/2077/2043 1814/671/606 1001/1201/1155
f 1107/642/583 1109/1256/1207 1815/2078/2044
f 1109/2079/1201 1106/673/608 1814/671/606
