# Blender 5.2.2 LTS
# www.blender.org
mtllib holocron_inf1.mtl
g Holocron.001_Holocron.002
v -0.018270 1.029066 -1.158103
v -1.248235 -0.120739 -1.185140
v -0.394605 0.587125 -1.168494
v -0.816373 0.197486 -1.177657
v -1.757699 -0.404362 -1.191798
v 0.337024 1.586476 -1.144997
v -0.022286 1.035390 -1.269679
v -1.252252 -0.114416 -1.296714
v -0.398618 0.593449 -1.280070
v -0.820390 0.203810 -1.289231
v -1.761716 -0.398038 -1.303372
v 0.333007 1.592800 -1.256571
v 0.208777 1.801469 -1.195804
v -0.175473 1.175099 -1.210532
v -0.551560 0.732928 -1.220928
v 0.134921 0.889357 -1.217250
v 0.461249 1.377808 -1.205764
v -1.552175 -0.519459 -1.250378
v -1.094972 -0.260515 -1.244288
v -0.241662 0.447645 -1.227636
v 0.767039 1.939129 -1.192565
v -1.405515 0.025360 -1.237565
v -1.967244 -0.282939 -1.244791
v -0.973569 0.343511 -1.230085
v -2.054048 -0.744358 -1.255665
v -0.663190 0.057784 -1.236803
v -3.395032 -0.947833 -1.347525
v 1.007888 -0.955723 -1.347710
v 1.012935 3.461186 -1.251142
v 1.249976 -0.962783 -1.107424
v 1.264789 -1.042181 3.275787
v 1.255031 3.462798 -1.010660
v 1.010398 -1.200812 -1.113575
v -3.393811 -1.190508 -1.115440
v 1.032859 -1.260834 3.297290
v -1.055726 -1.079532 -0.114037
v 0.121894 -1.122335 1.088869
v -0.605283 -1.093667 0.251948
v -0.206105 -1.108293 0.664545
v 0.417045 -1.137828 1.591548
v -1.621160 -1.064566 -0.456340
v -1.060681 -1.191238 -0.112589
v 0.116939 -1.234040 1.090317
v -0.610234 -1.205375 0.253397
v -0.211061 -1.219999 0.665992
v 0.416358 -1.242500 1.600097
v -1.626115 -1.176272 -0.454893
v -1.832597 -1.121005 -0.324586
v -1.197553 -1.137461 0.045079
v -0.746881 -1.151595 0.410810
v -0.918859 -1.133307 -0.271704
v -1.414678 -1.119834 -0.586647
v 0.532390 -1.186558 1.384679
v 0.258826 -1.176108 0.931127
v -0.468637 -1.147447 0.094535
v -1.982900 -1.106013 -0.879382
v -0.019998 -1.180267 1.248059
v 0.301017 -1.193769 1.806965
v -0.347920 -1.166222 0.823651
v -0.069242 -1.162068 0.506885
v 1.152068 -0.027471 1.003763
v 1.134677 1.192277 -0.157062
v 1.154696 0.345394 0.558779
v 1.148322 0.763676 0.165343
v 1.110476 1.698242 -0.445947
v 1.137233 -0.378950 1.563541
v 1.262088 -0.012592 1.017156
v 1.244697 1.207154 -0.143670
v 1.264716 0.360270 0.572170
v 1.258342 0.778553 0.178736
v 1.220496 1.713119 -0.432555
v 1.247252 -0.364074 1.576934
v 1.161376 -0.245068 1.779741
v 1.179496 0.134974 1.150898
v 1.182166 0.507587 0.705686
v 1.234664 -0.175035 0.870023
v 1.223109 -0.497956 1.360733
v 1.195964 1.498683 -0.554519
v 1.217284 1.044640 -0.290867
v 1.237243 0.198078 0.425263
v 1.203147 -0.800153 1.923796
v 1.162089 1.354793 -0.009862
v 1.135005 1.912678 -0.323982
v 1.175750 0.926111 0.312469
v 1.167331 1.997316 -0.784799
v 1.230910 0.616120 0.031610
v -0.602338 0.384177 -1.173266
v -0.199418 0.802938 -1.163421
v -1.031095 0.029654 -1.181603
v -1.478063 -0.259303 -1.188397
v -2.115884 -0.571504 -1.195701
v 0.153087 1.273619 -1.152353
v 0.552657 2.007190 -1.135105
v -0.606355 0.390501 -1.284841
v -0.203435 0.809260 -1.274995
v -1.035115 0.035977 -1.293177
v -1.482080 -0.252980 -1.299971
v -2.119901 -0.565180 -1.307275
v 0.149074 1.279942 -1.263927
v 0.548640 2.013514 -1.246678
v -0.000558 1.428330 -1.204576
v -0.356469 0.948828 -1.215851
v 0.302722 1.125231 -1.211703
v -1.318269 -0.395994 -1.247474
v -0.046384 0.663371 -1.222565
v 0.786021 2.495378 -1.179485
v -1.641873 -0.116288 -1.240894
v -0.759381 0.530061 -1.225698
v 0.486129 2.368560 -1.182467
v -2.522901 -0.749482 -1.255712
v 0.615169 1.652143 -1.199314
v -1.799298 -0.634162 -1.253074
v -1.188363 0.175744 -1.234030
v -2.436482 -0.502520 -1.249902
v -0.449307 0.244614 -1.232410
v -0.877847 -0.110112 -1.240751
v -1.068654 -1.153735 -0.874027
v 1.207557 1.069922 1.005258
v 0.767215 1.117543 -1.254546
v -0.455476 0.505448 0.395843
v -1.193574 -0.951778 -1.347616
v 1.010409 1.252731 -1.299426
v -1.191049 1.256677 -1.299333
v 1.257380 -1.002482 1.084182
v 1.252505 1.250008 -1.059042
v 1.259910 1.210309 1.132564
v -1.191705 -1.195661 -1.114508
v 1.021628 -1.230825 1.091857
v -1.180478 -1.225671 1.090924
v -0.458165 -1.138112 0.352559
v -0.456006 0.508079 -1.220123
v 1.155467 0.471252 0.389728
v -1.066983 1.122211 -1.254436
v 1.206290 -0.773337 0.964869
v 0.778773 -1.193070 0.967347
v -1.068246 -0.712379 -1.294624
v 1.203643 1.113175 -0.821523
v -1.060918 -1.188372 0.966404
v -0.397634 -1.100999 0.454911
v -0.825505 -1.086491 0.061825
v -0.033414 -1.115385 0.875300
v 0.265658 -1.129451 1.315389
v 0.592296 -1.148332 1.945699
v -1.304151 -1.072594 -0.279687
v -2.046735 -1.054533 -0.662201
v -0.402593 -1.212704 0.456360
v -0.830461 -1.198197 0.063273
v -0.038369 -1.227091 0.876748
v 0.261233 -1.240276 1.317725
v 0.600680 -1.238054 1.969338
v -1.309106 -1.184300 -0.278240
v -2.051694 -1.166238 -0.660753
v -1.454732 -1.130339 -0.123930
v -0.967191 -1.144419 0.220782
v -1.158525 -1.126556 -0.433999
v 0.399890 -1.182595 1.151507
v -0.688775 -1.140269 -0.095685
v -2.539548 -1.099137 -0.885589
v 0.127002 -1.187133 1.481608
v -0.539315 -1.158927 0.613865
v -2.405942 -1.107802 -0.588774
v 0.792937 -1.194860 2.368358
v -1.692487 -1.112972 -0.734181
v 0.661757 -1.186343 1.634436
v -0.175294 -1.173317 1.034480
v 0.531219 -1.200042 2.280601
v -0.260911 -1.154776 0.297406
v 0.103511 -1.169160 0.717568
v 1.152530 0.551369 0.354001
v 1.154513 0.151958 0.776218
v 1.142386 0.976741 -0.004530
v 1.124698 1.420484 -0.297960
v 1.090598 2.054085 -0.616906
v 1.147056 -0.197083 1.249548
v 1.120963 -0.591960 1.985392
v 1.262549 0.566245 0.367393
v 1.264533 0.166837 0.789611
v 1.252402 0.991620 0.008861
v 1.234717 1.435361 -0.284569
v 1.200618 2.068961 -0.603514
v 1.257075 -0.182204 1.262938
v 1.230983 -0.577083 1.998784
v 1.174060 -0.038147 1.405370
v 1.181968 0.314247 0.923212
v 1.230071 -0.341139 1.107116
v 1.207664 1.266356 -0.428612
v 1.237079 0.004548 0.642617
v 1.155936 -0.816927 2.478263
v 1.151752 1.589489 -0.153917
v 1.179984 0.713652 0.500989
v 1.138160 -0.518947 2.348202
v 1.122436 2.463914 -0.795701
v 1.213782 -0.650097 1.635975
v 1.182216 1.744194 -0.671855
v 1.169799 1.139248 0.142658
v 1.109000 2.378850 -0.548563
v 1.235091 0.403964 0.220405
v 1.224986 0.829113 -0.138330
v -2.901841 -1.190547 -0.878843
v 0.153884 0.870678 -1.165680
v 0.152080 0.872246 -1.161790
v 0.154178 0.870373 -1.164213
v 0.153937 0.870565 -1.162958
v 0.153201 0.871222 -1.162108
v -0.646050 0.040693 -1.181343
v -0.644231 0.039109 -1.185234
v -0.644925 0.039661 -1.181662
v -0.644181 0.038998 -1.182513
v -0.643937 0.038805 -1.183766
v -0.188603 1.185873 -1.154418
v -0.190663 1.187860 -1.158340
v -0.189748 1.186933 -1.154695
v -0.190541 1.187683 -1.155539
v -0.190862 1.188009 -1.156818
v -0.988755 0.356271 -1.177896
v -0.986691 0.354279 -1.173971
v -0.988954 0.356419 -1.176372
v -0.988633 0.356092 -1.175091
v -0.987840 0.355341 -1.174248
v -0.222699 0.428967 -1.176063
v -0.224504 0.430534 -1.172177
v -0.222409 0.428663 -1.174596
v -0.222646 0.428855 -1.173343
v -0.223382 0.429512 -1.172493
v -0.566747 0.745689 -1.168737
v -0.564698 0.743709 -1.164813
v -0.566945 0.745838 -1.167214
v -0.566628 0.745514 -1.165934
v -0.565839 0.744767 -1.165091
v -1.420697 0.038119 -1.185384
v -1.418603 0.036093 -1.181452
v -1.420896 0.038264 -1.183857
v -1.420568 0.037931 -1.182574
v -1.419759 0.037168 -1.181729
v -1.077870 -0.277573 -1.188827
v -1.076016 -0.279187 -1.192732
v -1.076730 -0.278617 -1.189146
v -1.075974 -0.279290 -1.190000
v -1.075727 -0.279492 -1.191259
v -1.982427 -0.270181 -1.192615
v -1.979337 -0.271750 -1.188668
v -1.982549 -0.270002 -1.191085
v -1.982003 -0.270234 -1.189799
v -1.980878 -0.270848 -1.188949
v -1.536061 -0.536975 -1.194928
v -1.533227 -0.538124 -1.198844
v -1.534543 -0.537844 -1.195243
v -1.533471 -0.538367 -1.196100
v -1.533010 -0.538465 -1.197363
v -3.002492 -0.741964 -1.203608
v -2.989823 -0.737052 -1.199487
v -3.003015 -0.740071 -1.203542
v -2.999642 -0.741345 -1.202061
v -2.996236 -0.740192 -1.200734
v -3.003816 -0.741851 -1.203865
v -3.001859 -0.741082 -1.202224
v -2.999639 -0.740143 -1.200929
v -3.001119 -0.739977 -1.201327
v -2.993089 -0.736936 -1.199787
v -2.996743 -0.737467 -1.200663
v -2.992787 -0.738686 -1.199830
v -2.996675 -0.738730 -1.200272
v -2.999856 -0.738988 -1.200899
v -3.004098 -0.740825 -1.203829
v -3.000230 -0.738568 -1.201982
v -3.002137 -0.739778 -1.202187
v -3.003171 -0.740699 -1.202309
v -2.035111 -0.763009 -1.204163
v -2.033891 -0.760152 -1.200174
v -2.034581 -0.763224 -1.202669
v -2.034162 -0.762756 -1.201385
v -2.033921 -0.761676 -1.200510
v 0.480208 1.359134 -1.154208
v 0.479068 1.361778 -1.150280
v 0.480552 1.358910 -1.152733
v 0.480456 1.359335 -1.151470
v 0.479934 1.360342 -1.150609
v 0.195029 1.811093 -1.139713
v 0.193591 1.814230 -1.143613
v 0.194121 1.812593 -1.139980
v 0.193530 1.813716 -1.140818
v 0.193343 1.814289 -1.142091
v 0.783145 1.919783 -1.137159
v 0.785983 1.920465 -1.141034
v 0.784667 1.919615 -1.137458
v 0.785739 1.919687 -1.138299
v 0.786204 1.919984 -1.139555
v 0.789817 3.059984 -1.114338
v 0.788005 3.060501 -1.114313
v 0.784373 3.046557 -1.110663
v 0.789744 3.061316 -1.114530
v 0.789042 3.056927 -1.112884
v 0.788844 3.059184 -1.112982
v 0.788512 3.060525 -1.113039
v 0.787684 3.058351 -1.112143
v 0.786334 3.057526 -1.112861
v 0.785060 3.053829 -1.111659
v 0.788764 3.061598 -1.114513
v 0.787578 3.059470 -1.112970
v 0.786654 3.057030 -1.111776
v 0.786094 3.049662 -1.110897
v 0.787734 3.053304 -1.111673
v 0.784369 3.049979 -1.110887
v 0.786273 3.053705 -1.111239
v 0.787787 3.056805 -1.111784
v 0.111346 0.912375 -1.272571
v 0.115958 0.908036 -1.268825
v 0.112681 0.911138 -1.272307
v 0.114024 0.909880 -1.271502
v 0.115176 0.908790 -1.270279
v -0.682153 0.076464 -1.288376
v -0.686784 0.080818 -1.292124
v -0.682935 0.077218 -1.289831
v -0.684091 0.078311 -1.291055
v -0.685445 0.079577 -1.291860
v -0.160287 1.162338 -1.262722
v -0.155900 1.158394 -1.266787
v -0.159596 1.161739 -1.264256
v -0.158521 1.160778 -1.265567
v -0.157224 1.159603 -1.266455
v -0.953992 0.326800 -1.286339
v -0.958383 0.330750 -1.282273
v -0.955316 0.328013 -1.286009
v -0.956616 0.329188 -1.285120
v -0.957692 0.330150 -1.283808
v -0.265237 0.470661 -1.282957
v -0.260629 0.466326 -1.279215
v -0.263902 0.469426 -1.282693
v -0.262559 0.468168 -1.281889
v -0.261407 0.467079 -1.280667
v -0.531995 0.716232 -1.277183
v -0.536374 0.720167 -1.273120
v -0.533315 0.717439 -1.276852
v -0.534608 0.718610 -1.275963
v -0.535684 0.719568 -1.274653
v -1.385900 0.008616 -1.293820
v -1.390328 0.012601 -1.289749
v -1.387239 0.009839 -1.293490
v -1.388551 0.011027 -1.292600
v -1.389634 0.011996 -1.291285
v -1.113931 -0.241842 -1.295848
v -1.118608 -0.237444 -1.299607
v -1.114717 -0.241082 -1.297308
v -1.115884 -0.239979 -1.298535
v -1.117249 -0.238704 -1.299343
v -1.946378 -0.299097 -1.301033
v -1.952058 -0.295696 -1.296969
v -1.948194 -0.298095 -1.300706
v -1.949914 -0.297098 -1.299819
v -1.951272 -0.296257 -1.298507
v -1.571126 -0.500794 -1.301917
v -1.577054 -0.496981 -1.305710
v -1.572011 -0.500075 -1.303385
v -1.573445 -0.499100 -1.304623
v -1.575219 -0.498012 -1.305439
v -2.972169 -0.767146 -1.307912
v -2.972650 -0.765586 -1.307893
v -2.953862 -0.763030 -1.311822
v -2.973481 -0.767155 -1.308167
v -2.968019 -0.767016 -1.309442
v -2.970281 -0.766922 -1.309501
v -2.971654 -0.766671 -1.309516
v -2.968747 -0.766194 -1.310267
v -2.968423 -0.764587 -1.309395
v -2.963368 -0.763748 -1.310670
v -2.970479 -0.765783 -1.309480
v -2.967019 -0.765333 -1.310564
v -2.958112 -0.764789 -1.311558
v -2.963082 -0.766189 -1.310722
v -2.958257 -0.763203 -1.311522
v -2.962914 -0.765026 -1.311121
v -2.966897 -0.766365 -1.310586
v -2.074574 -0.720039 -1.310954
v -2.072988 -0.725700 -1.307179
v -2.074403 -0.721776 -1.310698
v -2.074040 -0.723461 -1.309890
v -2.073545 -0.724841 -1.308655
v 0.438502 1.402176 -1.261055
v 0.442294 1.396483 -1.257328
v 0.439521 1.400422 -1.260801
v 0.440600 1.398724 -1.260005
v 0.441573 1.397340 -1.258784
v 0.223964 1.788710 -1.247992
v 0.227569 1.783318 -1.252090
v 0.224593 1.788000 -1.249528
v 0.225501 1.786726 -1.250846
v 0.226546 1.785082 -1.251749
v 0.748088 1.957796 -1.244110
v 0.742450 1.959925 -1.247941
v 0.747226 1.958385 -1.245581
v 0.745849 1.958996 -1.246824
v 0.744174 1.959537 -1.247653
v 0.819884 3.034502 -1.218685
v 0.815562 3.015910 -1.223107
v 0.818377 3.034984 -1.218686
v 0.819739 3.030277 -1.220308
v 0.818866 3.025259 -1.221719
v 0.819694 3.032591 -1.220298
v 0.819121 3.029160 -1.221487
v 0.818973 3.031042 -1.221119
v 0.815810 3.020375 -1.222701
v 0.816432 3.025566 -1.221715
v 0.817397 3.020214 -1.222703
v 0.817721 3.025113 -1.222147
v 0.818091 3.029292 -1.221485
v 0.819110 3.036085 -1.218867
v 0.817332 3.030697 -1.220305
v 0.818568 3.032792 -1.220296
v 0.819476 3.033993 -1.220276
v 0.761695 -0.716084 -1.338221
v 0.765956 -0.711835 -1.338129
v 0.770518 -0.720523 -1.342579
v 0.763324 -0.715764 -1.338213
v 0.764705 -0.714842 -1.338194
v 0.763640 -0.716395 -1.339859
v 0.764667 -0.716079 -1.339794
v 0.766303 -0.713719 -1.339800
v 0.767291 -0.716031 -1.341232
v 0.765632 -0.713463 -1.338163
v 0.765983 -0.714756 -1.339766
v 0.768416 -0.718797 -1.342216
v 0.767367 -0.717400 -1.341715
v 0.766002 -0.716644 -1.341066
v 1.261523 -0.820100 2.768113
v 1.261714 -0.817065 2.769604
v 1.265765 -0.824603 2.780387
v 1.261909 -0.819928 2.769480
v 1.262080 -0.819292 2.770243
v 1.263156 -0.820596 2.771114
v 1.263274 -0.819488 2.771620
v 1.262012 -0.818288 2.770287
v 1.265452 -0.823034 2.777757
v 1.264537 -0.821629 2.774501
v 1.265002 -0.822157 2.775236
v 1.264426 -0.821134 2.773213
v -2.898187 -0.706771 -1.338003
v -2.911855 -0.711273 -1.342361
v -2.899430 -0.703752 -1.337936
v -2.899587 -0.706536 -1.337997
v -2.901616 -0.706876 -1.339579
v -2.903249 -0.707246 -1.340466
v -2.908544 -0.709516 -1.342001
v -2.906236 -0.708675 -1.341509
v -2.900258 -0.704902 -1.337961
v 0.768474 2.948827 -1.257934
v 0.765460 2.950079 -1.257905
v 0.773025 2.962632 -1.261893
v 0.768245 2.950229 -1.257902
v 0.768821 2.951875 -1.259498
v 0.768992 2.953954 -1.260273
v 0.770164 2.956276 -1.260786
v 0.766612 2.950906 -1.257885
v 0.768107 2.952816 -1.259419
v 0.771972 2.959695 -1.261633
v -2.896485 -1.187784 -0.877779
v -2.897786 -1.187880 -0.874767
v -2.909577 -1.191990 -0.882696
v -2.897878 -1.187982 -0.877567
v -2.899354 -1.189397 -0.878252
v -2.900373 -1.189443 -0.877399
v -2.898580 -1.188035 -0.875936
v -2.906438 -1.191674 -0.880911
v -2.902844 -1.190765 -0.879351
v -2.904103 -1.191216 -0.880045
v 1.245891 -0.730222 -0.857651
v 1.250129 -0.734262 -0.866283
v 1.245875 -0.725857 -0.861816
v 1.247516 -0.730496 -0.859621
v 1.248889 -0.731360 -0.861952
v 1.245887 -0.729856 -0.859274
v 1.247455 -0.730147 -0.860613
v 1.248328 -0.730113 -0.861916
v 1.248885 -0.730070 -0.863161
v 1.249808 -0.732683 -0.864292
v 1.249339 -0.731379 -0.863253
v 1.245879 -0.727494 -0.861528
v 1.245883 -0.728899 -0.860636
v 1.247504 -0.727792 -0.862185
v 1.247451 -0.728809 -0.861883
v 1.248408 2.952145 -0.781229
v 1.252715 2.966237 -0.785595
v 1.248420 2.953299 -0.778218
v 1.248412 2.953538 -0.780972
v 1.250869 2.957274 -0.781669
v 1.252372 2.963213 -0.784586
v 1.251433 2.959692 -0.782828
v 1.248420 2.954162 -0.779344
v 1.249949 2.955818 -0.781002
v 0.766719 -1.201900 -0.874117
v 0.775470 -1.206075 -0.878706
v 0.771018 -1.201976 -0.869852
v 0.768653 -1.203529 -0.874496
v 0.770991 -1.204895 -0.875502
v 0.768355 -1.201903 -0.873789
v 0.769683 -1.203474 -0.874174
v 0.771014 -1.204355 -0.874193
v 0.772307 -1.204917 -0.874170
v 0.773387 -1.205789 -0.876978
v 0.772361 -1.205346 -0.875565
v 0.770679 -1.201944 -0.871483
v 0.769744 -1.201918 -0.872866
v 0.771342 -1.203576 -0.871803
v 0.771014 -1.203497 -0.872843
v 0.799941 -1.253957 2.808934
v 0.806529 -1.257884 2.823712
v 0.796386 -1.253570 2.809816
v 0.801055 -1.255447 2.812223
v 0.799441 -1.253477 2.810236
v 0.801410 -1.256004 2.814395
v 0.805095 -1.257548 2.820451
v 0.801967 -1.256414 2.815342
v 0.797519 -1.253265 2.810714
v 0.798591 -1.253234 2.810861
v 0.799918 -1.255037 2.812979
v 1.252822 3.959685 -1.240386
v 1.253928 3.962163 -1.236854
v 1.257350 3.959340 -1.235716
v 1.252299 3.960778 -1.240099
v 1.252330 3.961633 -1.239326
v 1.254565 3.959623 -1.240036
v 1.254336 3.961584 -1.239584
v 1.254294 3.962859 -1.238945
v 1.255252 3.962035 -1.235803
v 1.256370 3.961453 -1.235218
v 1.252902 3.962118 -1.238184
v 1.254680 3.962739 -1.237580
v 1.256026 3.962781 -1.237184
v 1.257014 3.959436 -1.237505
v 1.256038 3.959535 -1.239023
v 1.257106 3.960508 -1.235188
v 1.256625 3.961453 -1.237243
v 1.255874 3.961954 -1.238804
v -3.878057 -1.189027 -1.348192
v -3.880643 -1.185556 -1.349230
v -3.878221 -1.184397 -1.352686
v -3.879163 -1.188784 -1.347666
v -3.880044 -1.188038 -1.347679
v -3.878095 -1.188670 -1.349943
v -3.880052 -1.188274 -1.349703
v -3.881326 -1.187667 -1.349648
v -3.881276 -1.187085 -1.350813
v -3.880586 -1.184511 -1.350540
v -3.880109 -1.183923 -1.351656
v -3.880563 -1.186905 -1.348227
v -3.881246 -1.186304 -1.350002
v -3.881356 -1.185902 -1.351353
v -3.878182 -1.186165 -1.352377
v -3.878140 -1.187664 -1.351414
v -3.879277 -1.183883 -1.352409
v -3.880109 -1.185938 -1.351965
v 1.245261 -1.190930 -1.352840
v 1.249824 -1.191201 -1.348457
v 1.245303 -1.195551 -1.348423
v 1.247008 -1.190980 -1.352507
v 1.248488 -1.191048 -1.351557
v 1.245269 -1.192667 -1.352533
v 1.246951 -1.192645 -1.352045
v 1.248298 -1.192645 -1.351393
v 1.247893 -1.193606 -1.351006
v 1.249480 -1.192853 -1.348459
v 1.248504 -1.194261 -1.348455
v 1.249476 -1.191126 -1.350134
v 1.248977 -1.192737 -1.350088
v 1.248305 -1.194031 -1.350054
v 1.245292 -1.195166 -1.350143
v 1.245280 -1.194153 -1.351587
v 1.247035 -1.195207 -1.348440
v 1.246966 -1.194679 -1.350090
v 1.246913 -1.193984 -1.351404
v 1.263808 -1.259684 3.771022
v 1.260310 -1.260255 3.773640
v 1.259227 -1.263788 3.770955
v 1.263534 -1.259091 3.772293
v 1.262774 -1.258991 3.773237
v 1.263446 -1.261233 3.770997
v 1.263041 -1.260964 3.773040
v 1.262431 -1.260863 3.774366
v 1.261867 -1.261969 3.774221
v 1.259299 -1.261594 3.773552
v 1.258739 -1.262737 3.773011
v 1.261638 -1.259400 3.773709
v 1.261077 -1.261142 3.774263
v 1.260699 -1.262465 3.774273
v 1.260966 -1.263455 3.770961
v 1.262450 -1.262557 3.770975
v 1.258716 -1.263507 3.772099
v 1.260741 -1.263067 3.772951
v 1.262282 -1.262385 3.773396
v -2.898187 -0.708674 -1.251032
v -2.899430 -0.705657 -1.250967
v -2.892167 -0.704525 -1.246677
v -2.900044 -0.708632 -1.251032
v -2.900937 -0.708043 -1.251019
v -2.897267 -0.708199 -1.249392
v -2.899098 -0.708097 -1.249348
v -2.898736 -0.707192 -1.248537
v -2.898416 -0.705409 -1.249331
v -2.896680 -0.705107 -1.247940
v -2.900720 -0.706998 -1.250996
v -2.899644 -0.706770 -1.249319
v -2.894010 -0.705951 -1.247034
v -2.895799 -0.707241 -1.247988
v -2.894486 -0.704795 -1.247009
v -2.896451 -0.706272 -1.247433
v -2.897794 -0.707310 -1.248205
v 0.761695 -0.717987 -1.251249
v 0.761699 -0.713821 -1.246897
v 0.765956 -0.713739 -1.251156
v 0.761695 -0.717699 -1.249613
v 0.761695 -0.716804 -1.248209
v 0.763324 -0.717667 -1.251244
v 0.763366 -0.717311 -1.249563
v 0.763282 -0.716587 -1.248423
v 0.763328 -0.713819 -1.247221
v 0.764709 -0.713801 -1.248144
v 0.761695 -0.715443 -1.247255
v 0.763366 -0.715479 -1.247648
v 0.764491 -0.715381 -1.248396
v 0.765632 -0.715367 -1.251192
v 0.764709 -0.716746 -1.251223
v 0.765632 -0.713773 -1.249527
v 0.765239 -0.715442 -1.249523
v 0.764491 -0.716564 -1.249632
v 0.768474 2.946923 -1.170962
v 0.764209 2.940819 -1.166834
v 0.765460 2.948174 -1.170936
v 0.767959 2.945969 -1.169353
v 0.766967 2.944474 -1.168003
v 0.768435 2.948785 -1.170920
v 0.767863 2.947801 -1.169271
v 0.766936 2.947421 -1.168490
v 0.764499 2.943145 -1.167108
v 0.764834 2.945360 -1.167984
v 0.765651 2.942665 -1.167120
v 0.765990 2.945115 -1.167457
v 0.766192 2.946826 -1.168167
v 0.766807 2.949461 -1.170907
v 0.767852 2.949674 -1.170901
v 0.765174 2.947125 -1.169325
v 0.766540 2.948350 -1.169260
v 1.158877 -0.730149 -0.857649
v 1.158881 -0.725796 -0.861814
v 1.154620 -0.725889 -0.857555
v 1.158877 -0.729789 -0.859272
v 1.158881 -0.728834 -0.860632
v 1.157248 -0.729825 -0.857641
v 1.157207 -0.729396 -0.859304
v 1.157294 -0.728623 -0.860413
v 1.157252 -0.725802 -0.861490
v 1.155868 -0.725821 -0.860567
v 1.158881 -0.727433 -0.861526
v 1.157210 -0.727482 -0.861135
v 1.156085 -0.727411 -0.860384
v 1.154944 -0.727518 -0.857592
v 1.155868 -0.728902 -0.857622
v 1.154944 -0.725853 -0.859186
v 1.155337 -0.727522 -0.859262
v 1.156085 -0.728649 -0.859201
v 1.158870 -0.812861 2.806120
v 1.154628 -0.808172 2.802063
v 1.158687 -0.809806 2.807731
v 1.157245 -0.812386 2.805176
v 1.155868 -0.811329 2.804073
v 1.159171 -0.812680 2.807517
v 1.157428 -0.812082 2.807021
v 1.156070 -0.811274 2.806380
v 1.156486 -0.810986 2.807380
v 1.154937 -0.807960 2.803979
v 1.155814 -0.808194 2.805729
v 1.154948 -0.809849 2.802980
v 1.155402 -0.809825 2.805315
v 1.156047 -0.809938 2.807088
v 1.159072 -0.811027 2.808389
v 1.159244 -0.812036 2.808313
v 1.157134 -0.808844 2.807046
v 1.157371 -0.810400 2.807909
v 1.157516 -0.811588 2.808207
v 1.161414 2.952204 -0.781229
v 1.161414 2.953380 -0.778197
v 1.157149 2.946061 -0.777102
v 1.161414 2.953599 -0.780971
v 1.159781 2.950809 -0.780934
v 1.159839 2.952498 -0.780543
v 1.159881 2.953565 -0.780014
v 1.158965 2.952377 -0.779552
v 1.159785 2.952153 -0.777472
v 1.158401 2.950331 -0.777010
v 1.161414 2.954236 -0.779328
v 1.159842 2.953135 -0.778900
v 1.158580 2.951843 -0.778597
v 1.157474 2.947484 -0.778700
v 1.158397 2.949151 -0.780047
v 1.157474 2.948192 -0.776879
v 1.157947 2.949891 -0.778586
v 1.158580 2.951340 -0.779894
v -2.911519 -1.110315 -0.872156
v -2.906369 -1.106174 -0.867588
v -2.912835 -1.110328 -0.869131
v -2.910336 -1.108698 -0.871714
v -2.908940 -1.107344 -0.870689
v -2.912099 -1.108840 -0.871368
v -2.911187 -1.107538 -0.870592
v -2.912202 -1.107952 -0.870293
v -2.908391 -1.106494 -0.867384
v -2.910329 -1.107398 -0.867609
v -2.907552 -1.106457 -0.869242
v -2.909921 -1.106920 -0.869188
v -2.911778 -1.107562 -0.869276
v -2.913651 -1.110561 -0.871288
v -2.911889 -1.108744 -0.868221
v -2.912835 -1.108859 -0.869709
v -2.913217 -1.108925 -0.870857
v 0.766829 -1.114944 -0.872057
v 0.771091 -1.115049 -0.867796
v 0.766837 -1.110785 -0.867697
v 0.768462 -1.114953 -0.871733
v 0.769843 -1.114977 -0.870810
v 0.766833 -1.113320 -0.871695
v 0.768504 -1.113291 -0.871302
v 0.769626 -1.113394 -0.870554
v 0.770766 -1.113420 -0.867758
v 0.769847 -1.112035 -0.867725
v 0.770766 -1.115010 -0.869427
v 0.770377 -1.113337 -0.869429
v 0.769629 -1.112214 -0.869318
v 0.766833 -1.111069 -0.869333
v 0.766833 -1.111960 -0.870737
v 0.768466 -1.111110 -0.867704
v 0.768504 -1.111463 -0.869383
v 0.768420 -1.112185 -0.870527
v 0.773044 -1.201292 2.797927
v 0.769847 -1.201707 2.798970
v 0.766833 -1.197341 2.791224
v 0.772620 -1.201000 2.799265
v 0.771861 -1.200976 2.799933
v 0.771976 -1.199805 2.796403
v 0.771548 -1.199771 2.797998
v 0.771010 -1.199800 2.799026
v 0.770217 -1.199075 2.797783
v 0.768603 -1.200078 2.797761
v 0.767596 -1.198677 2.795865
v 0.770888 -1.201226 2.799829
v 0.769938 -1.199906 2.798638
v 0.769172 -1.198800 2.797261
v 0.768615 -1.197666 2.792776
v 0.770419 -1.198532 2.794595
v 0.766974 -1.197713 2.793569
v 0.768832 -1.198182 2.795246
v 0.770381 -1.198736 2.796720
v -0.901204 -1.081074 -0.289823
v -0.902776 -1.077251 -0.287891
v -0.900922 -1.079597 -0.290087
v -0.901124 -1.078354 -0.289813
v -0.901772 -1.077528 -0.289041
v -0.053178 -1.106012 0.490716
v -0.051587 -1.109830 0.488765
v -0.052167 -1.106288 0.489558
v -0.051511 -1.107112 0.488781
v -0.051309 -1.108355 0.488503
v -1.208665 -1.081812 0.059804
v -1.210561 -1.085808 0.061810
v -1.209695 -1.082128 0.060964
v -1.210416 -1.082999 0.061751
v -1.210721 -1.084290 0.062050
v -0.360929 -1.114568 0.840382
v -0.359029 -1.110572 0.838370
v -0.361089 -1.113053 0.840622
v -0.360784 -1.111762 0.840323
v -0.360059 -1.110890 0.839533
v -0.450978 -1.095208 0.076413
v -0.452554 -1.091392 0.078347
v -0.450700 -1.093734 0.076151
v -0.450902 -1.092492 0.076427
v -0.451550 -1.091667 0.077197
v -0.759889 -1.099941 0.427541
v -0.758000 -1.095945 0.425544
v -0.760053 -1.098424 0.427782
v -0.759748 -1.097132 0.427485
v -0.759030 -1.096261 0.426702
v -0.033006 -1.128618 1.264788
v -0.031072 -1.124614 1.262742
v -0.033162 -1.127100 1.265025
v -0.032849 -1.125805 1.264720
v -0.032117 -1.124932 1.263917
v 0.274856 -1.120054 0.914999
v 0.276481 -1.123878 0.913009
v 0.275878 -1.120332 0.913826
v 0.276546 -1.121154 0.913035
v 0.276755 -1.122400 0.912749
v 0.288085 -1.145671 1.819386
v 0.289462 -1.141606 1.816106
v 0.287860 -1.144138 1.819453
v 0.288043 -1.142830 1.818852
v 0.288604 -1.141938 1.817677
v 0.544631 -1.134049 1.366986
v 0.545985 -1.137885 1.364310
v 0.545482 -1.134320 1.365462
v 0.546039 -1.135144 1.364418
v 0.546218 -1.136395 1.364014
v 0.783492 -1.175465 2.830205
v 0.777640 -1.171119 2.815368
v 0.781547 -1.175645 2.830485
v 0.782554 -1.173872 2.826817
v 0.781116 -1.172486 2.822807
v 0.783183 -1.175124 2.831475
v 0.782245 -1.173815 2.828851
v 0.781157 -1.172704 2.826096
v 0.781062 -1.173043 2.827677
v 0.777781 -1.171524 2.819079
v 0.778575 -1.172524 2.823253
v 0.779387 -1.171519 2.818788
v 0.779651 -1.172071 2.822853
v 0.780078 -1.172722 2.826284
v 0.782130 -1.175221 2.831628
v 0.779895 -1.173970 2.827260
v 0.780997 -1.173865 2.829058
v 0.781859 -1.173814 2.830073
v 0.784141 -1.153049 1.869444
v 0.781615 -1.152671 1.857804
v 0.779075 -1.148576 1.859423
v 0.783954 -1.152972 1.866690
v 0.783404 -1.152872 1.863510
v 0.783507 -1.151391 1.867161
v 0.783210 -1.151371 1.864472
v 0.782924 -1.151341 1.862103
v 0.782470 -1.150424 1.861393
v 0.781741 -1.151106 1.857873
v 0.781299 -1.149777 1.858204
v 0.782584 -1.152767 1.860390
v 0.782344 -1.151230 1.859963
v 0.781993 -1.150003 1.859789
v 0.780765 -1.148971 1.861737
v 0.782321 -1.149959 1.864455
v 0.780368 -1.148890 1.858748
v 0.781455 -1.149407 1.860616
v 0.782447 -1.150085 1.862515
v -1.397031 -1.067614 -0.604759
v -1.399690 -1.063749 -0.603466
v -1.396829 -1.066131 -0.605073
v -1.397264 -1.064876 -0.604938
v -1.398271 -1.064038 -0.604373
v -1.842546 -1.065384 -0.309271
v -1.845605 -1.069353 -0.307857
v -1.844022 -1.065690 -0.308337
v -1.845120 -1.066553 -0.307740
v -1.845677 -1.067838 -0.307571
v -1.964559 -1.050007 -0.894568
v -1.965257 -1.053817 -0.897487
v -1.964421 -1.050266 -0.896099
v -1.964505 -1.051083 -0.897192
v -1.964799 -1.052330 -0.897680
v -3.104802 -1.040674 -0.875167
v -3.105279 -1.040698 -0.873344
v -3.091302 -1.036973 -0.869938
v -3.106690 -1.040961 -0.874690
v -3.101747 -1.039203 -0.874425
v -3.104001 -1.039333 -0.874182
v -3.105329 -1.039412 -0.873818
v -3.103150 -1.038512 -0.873022
v -3.102284 -1.039250 -0.871709
v -3.098573 -1.038036 -0.870486
v -3.104253 -1.039355 -0.872908
v -3.101808 -1.038154 -0.872013
v -3.094441 -1.037200 -0.871596
v -3.098111 -1.037981 -0.873172
v -3.094716 -1.037233 -0.869865
v -3.098481 -1.037587 -0.871692
v -3.101609 -1.038132 -0.873151
v -0.940698 -1.189448 -0.248972
v -0.936513 -1.185547 -0.253584
v -0.939496 -1.189137 -0.250327
v -0.938279 -1.188287 -0.251679
v -0.937234 -1.187025 -0.252822
v -0.086904 -1.214318 0.525008
v -0.091088 -1.218210 0.529625
v -0.087621 -1.215795 0.525769
v -0.088670 -1.217053 0.526914
v -0.089887 -1.217901 0.528268
v -1.184541 -1.189116 0.028348
v -1.180650 -1.193025 0.023774
v -1.183942 -1.190627 0.027607
v -1.182988 -1.191898 0.026478
v -1.181836 -1.192743 0.025132
v -0.331014 -1.221788 0.802341
v -0.334912 -1.217873 0.806922
v -0.332200 -1.221503 0.803700
v -0.333356 -1.220659 0.805049
v -0.334310 -1.219387 0.806180
v -0.490472 -1.203588 0.117261
v -0.486295 -1.199694 0.112659
v -0.489270 -1.203280 0.115909
v -0.488057 -1.202430 0.114560
v -0.487012 -1.201173 0.113418
v -0.729985 -1.207161 0.389515
v -0.733872 -1.203251 0.394078
v -0.731168 -1.206876 0.390868
v -0.732324 -1.206033 0.392212
v -0.733270 -1.204760 0.393338
v -0.003057 -1.235830 1.226708
v -0.006989 -1.231908 1.231331
v -0.004254 -1.235544 1.228084
v -0.005425 -1.234699 1.229445
v -0.006387 -1.233422 1.230586
v 0.241168 -1.228358 0.949250
v 0.236953 -1.232250 0.953898
v 0.240447 -1.229833 0.950013
v 0.239394 -1.231093 0.951165
v 0.238166 -1.231941 0.952529
v 0.317389 -1.245781 1.788990
v 0.313945 -1.241864 1.794545
v 0.316401 -1.245505 1.790799
v 0.315398 -1.244663 1.792490
v 0.314540 -1.243386 1.793805
v 0.518779 -1.235269 1.405060
v 0.515384 -1.239218 1.411101
v 0.518191 -1.236755 1.406016
v 0.517337 -1.238028 1.407500
v 0.516349 -1.238893 1.409286
v 0.808204 -1.236521 2.846730
v 0.806304 -1.236532 2.846958
v 0.805354 -1.240433 2.832736
v 0.807910 -1.236139 2.847992
v 0.808444 -1.237978 2.843494
v 0.808131 -1.237797 2.845786
v 0.807719 -1.237711 2.847111
v 0.807548 -1.238714 2.844864
v 0.805636 -1.238102 2.843815
v 0.805224 -1.239394 2.840008
v 0.806884 -1.236145 2.848115
v 0.806811 -1.237856 2.845936
v 0.806762 -1.239165 2.843436
v 0.806903 -1.240093 2.835920
v 0.807990 -1.239232 2.839700
v 0.805125 -1.240212 2.836119
v 0.806796 -1.239743 2.840047
v 0.807933 -1.239095 2.843305
v 0.795924 -1.214466 1.930384
v 0.792445 -1.219227 1.929295
v 0.793292 -1.214896 1.919667
v 0.795890 -1.216109 1.930110
v 0.795215 -1.217592 1.929807
v 0.795722 -1.214585 1.927829
v 0.795558 -1.216140 1.928159
v 0.795199 -1.217417 1.928320
v 0.794978 -1.217075 1.926860
v 0.793063 -1.218778 1.926929
v 0.793441 -1.217796 1.924269
v 0.794005 -1.218686 1.929521
v 0.794261 -1.218159 1.927723
v 0.794429 -1.217508 1.925900
v 0.794299 -1.214820 1.922028
v 0.795154 -1.214709 1.924893
v 0.793521 -1.216436 1.921718
v 0.794417 -1.216298 1.924080
v 0.795180 -1.216170 1.926173
v -1.437886 -1.175939 -0.564708
v -1.432328 -1.172061 -0.568531
v -1.436162 -1.175642 -0.565759
v -1.434499 -1.174801 -0.566854
v -1.433152 -1.173542 -0.567828
v -1.819589 -1.172658 -0.341317
v -1.814233 -1.176604 -0.345142
v -1.818875 -1.174172 -0.342001
v -1.817605 -1.175452 -0.342968
v -1.815976 -1.176306 -0.344071
v -2.000543 -1.158218 -0.861275
v -2.002488 -1.162205 -0.855690
v -2.001096 -1.159712 -0.860435
v -2.001657 -1.160997 -0.859079
v -2.002149 -1.161872 -0.857412
v -3.078816 -1.143959 -0.908319
v -3.060079 -1.148260 -0.904521
v -3.079267 -1.143999 -0.906801
v -3.074574 -1.145535 -0.908308
v -3.069520 -1.146906 -0.907582
v -3.076886 -1.145552 -0.908212
v -3.073426 -1.146712 -0.907743
v -3.075311 -1.146372 -0.907544
v -3.064549 -1.147903 -0.904661
v -3.069768 -1.146965 -0.905143
v -3.064431 -1.147864 -0.906252
v -3.069341 -1.147360 -0.906451
v -3.073537 -1.146736 -0.906712
v -3.080380 -1.144179 -0.907513
v -3.074933 -1.145596 -0.905895
v -3.077062 -1.145581 -0.907083
v -3.078282 -1.145552 -0.907963
v 1.186484 -0.199031 0.848323
v 1.182345 -0.197603 0.849618
v 1.185077 -0.199467 0.847929
v 1.183795 -0.199349 0.848037
v 1.182834 -0.198694 0.848630
v 1.178592 0.593567 0.011221
v 1.182734 0.592123 0.009911
v 1.179084 0.592470 0.010226
v 1.180045 0.591811 0.009628
v 1.181327 0.591689 0.009518
v 1.121799 0.142654 1.157899
v 1.125365 0.145095 1.160108
v 1.121894 0.143826 1.158959
v 1.122603 0.144701 1.159753
v 1.123824 0.145146 1.160155
v 1.121623 0.936232 0.321678
v 1.118052 0.933784 0.319465
v 1.120078 0.936283 0.321728
v 1.118857 0.935836 0.321322
v 1.118148 0.934959 0.320529
v 1.189059 0.174079 0.403562
v 1.184928 0.175506 0.404856
v 1.187652 0.173643 0.403168
v 1.186374 0.173761 0.403275
v 1.185416 0.174415 0.403869
v 1.128036 0.517708 0.714895
v 1.124465 0.515276 0.712694
v 1.126494 0.517761 0.714945
v 1.125274 0.517318 0.714543
v 1.124560 0.516446 0.713754
v 1.107970 1.364912 -0.000653
v 1.104396 1.362431 -0.002898
v 1.106425 1.364961 -0.000608
v 1.105205 1.364507 -0.001019
v 1.104491 1.363618 -0.001823
v 1.164954 1.022124 -0.311222
v 1.169116 1.020650 -0.312562
v 1.165450 1.021014 -0.312229
v 1.166415 1.020344 -0.312837
v 1.167705 1.020216 -0.312953
v 1.080890 1.922796 -0.314774
v 1.077369 1.919328 -0.316551
v 1.079349 1.922769 -0.314692
v 1.078139 1.922102 -0.315001
v 1.077441 1.920894 -0.315654
v 1.143580 1.477153 -0.575343
v 1.147819 1.474705 -0.576202
v 1.144099 1.475666 -0.576169
v 1.145087 1.474678 -0.576623
v 1.146396 1.474341 -0.576636
v 1.023883 2.936212 -0.797451
v 1.020698 2.923233 -0.792655
v 1.023646 2.936736 -0.795571
v 1.022582 2.933226 -0.796893
v 1.021518 2.929713 -0.795785
v 1.024005 2.937555 -0.797338
v 1.022513 2.935451 -0.796649
v 1.021380 2.933122 -0.795766
v 1.021625 2.934636 -0.795592
v 1.020671 2.926511 -0.792560
v 1.021224 2.930228 -0.793078
v 1.020858 2.926204 -0.794299
v 1.020923 2.930116 -0.794363
v 1.021255 2.933341 -0.794621
v 1.023875 2.937837 -0.796319
v 1.022269 2.933819 -0.794137
v 1.022365 2.935733 -0.795353
v 1.022449 2.936767 -0.796278
v 1.119212 1.973350 -0.806469
v 1.115184 1.971769 -0.803858
v 1.117793 1.972676 -0.806774
v 1.116530 1.972137 -0.806384
v 1.115615 1.971820 -0.805358
v 1.174945 -0.521945 1.339039
v 1.170760 -0.521178 1.341411
v 1.173526 -0.522434 1.338723
v 1.172233 -0.522459 1.339065
v 1.171264 -0.522019 1.340008
v 1.103717 -0.236776 1.785588
v 1.107249 -0.234946 1.788952
v 1.103801 -0.235839 1.787091
v 1.104499 -0.235162 1.788259
v 1.105708 -0.234851 1.788913
v 1.150924 -0.821684 1.901147
v 1.155002 -0.824131 1.902111
v 1.151381 -0.823169 1.901019
v 1.152316 -0.824157 1.901156
v 1.153590 -0.824495 1.901541
v 1.055003 -0.823596 3.037555
v 1.054767 -0.821792 3.038048
v 1.051700 -0.818618 3.023856
v 1.055099 -0.823497 3.038896
v 1.053679 -0.822984 3.034402
v 1.053615 -0.822767 3.036660
v 1.053550 -0.822421 3.037995
v 1.052722 -0.821701 3.035760
v 1.053359 -0.820293 3.034965
v 1.052279 -0.819162 3.031184
v 1.054973 -0.822520 3.039163
v 1.053462 -0.821504 3.036927
v 1.052344 -0.820717 3.034404
v 1.051894 -0.820290 3.026988
v 1.052588 -0.821824 3.030692
v 1.051696 -0.818575 3.027283
v 1.051990 -0.820410 3.031047
v 1.052478 -0.821847 3.034194
v 1.285838 -0.146055 0.896236
v 1.282847 -0.151037 0.891725
v 1.285789 -0.147419 0.895001
v 1.285201 -0.148844 0.893711
v 1.284167 -0.150116 0.892560
v 1.279094 0.640115 0.053310
v 1.282084 0.645116 0.057838
v 1.280414 0.641041 0.054148
v 1.281447 0.642314 0.055302
v 1.282035 0.643745 0.056598
v 1.233626 0.124850 1.141686
v 1.238341 0.120854 1.138063
v 1.235255 0.124310 1.141195
v 1.236724 0.123359 1.140333
v 1.237807 0.122146 1.139234
v 1.234595 0.911990 0.299630
v 1.229877 0.915990 0.303259
v 1.234061 0.913282 0.300802
v 1.232978 0.914497 0.301904
v 1.231509 0.915447 0.302767
v 1.288421 0.227055 0.451473
v 1.285430 0.222077 0.446966
v 1.288367 0.225694 0.450241
v 1.287780 0.224270 0.448951
v 1.286750 0.223000 0.447802
v 1.241008 0.493480 0.692862
v 1.236297 0.497465 0.696476
v 1.240474 0.494769 0.694028
v 1.239394 0.495978 0.695125
v 1.237926 0.496925 0.695984
v 1.220942 1.340636 -0.022733
v 1.216212 1.344673 -0.019073
v 1.220405 1.341943 -0.021548
v 1.219317 1.343169 -0.020436
v 1.217845 1.344127 -0.019567
v 1.265452 1.068629 -0.269173
v 1.268451 1.073675 -0.264603
v 1.266776 1.069559 -0.268331
v 1.267810 1.070845 -0.267167
v 1.268397 1.072289 -0.265858
v 1.193927 1.897280 -0.336252
v 1.189120 1.902559 -0.333190
v 1.193362 1.899061 -0.335298
v 1.192252 1.900691 -0.334380
v 1.190761 1.901918 -0.333641
v 1.244113 1.522665 -0.532832
v 1.247062 1.528956 -0.528859
v 1.245440 1.523693 -0.532032
v 1.246467 1.525249 -0.530998
v 1.247039 1.527097 -0.529882
v 1.132041 2.916013 -0.815536
v 1.131873 2.916500 -0.813985
v 1.137427 2.898198 -0.810954
v 1.133952 2.912032 -0.815259
v 1.133788 2.914292 -0.815187
v 1.133655 2.915661 -0.814954
v 1.134650 2.912841 -0.814393
v 1.133708 2.912444 -0.812840
v 1.135409 2.907544 -0.811861
v 1.132079 2.917608 -0.814707
v 1.133674 2.914492 -0.814054
v 1.135055 2.911157 -0.813491
v 1.136867 2.902390 -0.812778
v 1.135646 2.907249 -0.814291
v 1.136714 2.902541 -0.811197
v 1.135985 2.907128 -0.813100
v 1.135158 2.911031 -0.814520
v 1.218684 2.023265 -0.757252
v 1.215457 2.021284 -0.763122
v 1.218558 2.023059 -0.758997
v 1.217902 2.022612 -0.760726
v 1.216811 2.021989 -0.762175
v 1.274245 -0.469792 1.388303
v 1.271281 -0.473963 1.382430
v 1.274207 -0.470843 1.386549
v 1.273631 -0.472005 1.384816
v 1.272601 -0.473099 1.383369
v 1.215503 -0.255189 1.770532
v 1.220275 -0.258412 1.765460
v 1.217135 -0.255673 1.769931
v 1.218616 -0.256456 1.768755
v 1.219718 -0.257416 1.767184
v 1.251300 -0.776170 1.945483
v 1.254420 -0.770179 1.947784
v 1.252635 -0.775166 1.946156
v 1.253699 -0.773674 1.946829
v 1.254329 -0.771924 1.947401
v 1.163196 -0.843538 3.019168
v 1.168376 -0.838917 3.000845
v 1.163020 -0.842035 3.019629
v 1.165069 -0.843261 3.015059
v 1.166713 -0.842287 3.010132
v 1.163295 -0.843550 3.020499
v 1.164905 -0.843205 3.017364
v 1.166251 -0.842539 3.014009
v 1.165751 -0.842415 3.015860
v 1.167705 -0.839178 3.005274
v 1.166453 -0.839863 3.010398
v 1.167872 -0.840764 3.005143
v 1.167033 -0.841106 3.009994
v 1.166141 -0.841514 3.014124
v 1.164805 -0.840867 3.015440
v 1.164783 -0.842083 3.017548
v 1.164771 -0.842981 3.018756
v -0.432153 0.227512 -1.176951
v -0.430345 0.225935 -1.180838
v -0.431031 0.226483 -1.177268
v -0.430295 0.225824 -1.178118
v -0.430055 0.225631 -1.179372
v -0.369607 0.959607 -1.159738
v -0.371655 0.961587 -1.163661
v -0.370748 0.960665 -1.160016
v -0.371537 0.961412 -1.160859
v -0.371858 0.961736 -1.162138
v -0.029222 0.646259 -1.167106
v -0.027421 0.644692 -1.170990
v -0.028104 0.645236 -1.167423
v -0.027368 0.644580 -1.168273
v -0.027127 0.644388 -1.169526
v -0.772515 0.540839 -1.169583
v -0.774571 0.542822 -1.173508
v -0.773660 0.541898 -1.169860
v -0.774449 0.542647 -1.170702
v -0.774770 0.542971 -1.171983
v -1.201470 0.186499 -1.177916
v -1.203549 0.188506 -1.181844
v -1.202622 0.187564 -1.178193
v -1.203424 0.188323 -1.179037
v -1.203748 0.188651 -1.180319
v -0.860719 -0.127188 -1.185291
v -0.858888 -0.128786 -1.189188
v -0.859586 -0.128226 -1.185610
v -0.858838 -0.128894 -1.186461
v -0.858594 -0.129090 -1.187718
v -1.301301 -0.413095 -1.192014
v -1.299314 -0.414661 -1.195928
v -1.300107 -0.414121 -1.192333
v -1.299310 -0.414782 -1.193189
v -1.299031 -0.414969 -1.194452
v -1.654824 -0.105506 -1.184779
v -1.657056 -0.103530 -1.188715
v -1.656037 -0.104450 -1.185059
v -1.656884 -0.103702 -1.185904
v -1.657243 -0.103380 -1.187188
v -2.511853 -0.748602 -1.199831
v -2.521039 -0.752411 -1.204055
v -2.515325 -0.750133 -1.200181
v -2.518289 -0.751392 -1.201107
v -2.520295 -0.752192 -1.202467
v -1.785340 -0.652649 -1.197646
v -1.780354 -0.652819 -1.201555
v -1.782994 -0.653145 -1.197956
v -1.781224 -0.653352 -1.198807
v -1.780297 -0.653238 -1.200070
v -2.446443 -0.490352 -1.193756
v -2.451669 -0.489762 -1.197727
v -2.448800 -0.489824 -1.194046
v -2.450620 -0.489528 -1.194903
v -2.451627 -0.489507 -1.196196
v -0.013768 1.438957 -1.148466
v -0.015744 1.441091 -1.152388
v -0.014882 1.440071 -1.148740
v -0.015649 1.440870 -1.149582
v -0.015950 1.441226 -1.150864
v 0.319964 1.108262 -1.156241
v 0.321681 1.106556 -1.160140
v 0.321052 1.107184 -1.156559
v 0.321761 1.106481 -1.157413
v 0.321982 1.106261 -1.158669
v 0.783759 2.483416 -1.123907
v 0.787879 2.492451 -1.127843
v 0.785380 2.486802 -1.124144
v 0.786735 2.489707 -1.124973
v 0.787612 2.491691 -1.126275
v 0.471225 2.375769 -1.126439
v 0.470942 2.381320 -1.130280
v 0.470759 2.378193 -1.126681
v 0.470546 2.380099 -1.127500
v 0.470607 2.381197 -1.128761
v 0.634170 1.638255 -1.143778
v 0.634120 1.633474 -1.147768
v 0.634582 1.635999 -1.144127
v 0.634719 1.634297 -1.145007
v 0.634555 1.633410 -1.146286
v -0.468274 0.263294 -1.283986
v -0.472890 0.267636 -1.287730
v -0.469052 0.264048 -1.285441
v -0.470204 0.265138 -1.286663
v -0.471555 0.266399 -1.287467
v -0.341283 0.936065 -1.268044
v -0.336904 0.932128 -1.272107
v -0.340596 0.935466 -1.269578
v -0.339520 0.934508 -1.270887
v -0.338223 0.933335 -1.271776
v -0.065347 0.682051 -1.274141
v -0.069959 0.686386 -1.277885
v -0.066129 0.682805 -1.275595
v -0.067281 0.683893 -1.276817
v -0.068624 0.685149 -1.277621
v -0.744199 0.517300 -1.277889
v -0.739816 0.513361 -1.281953
v -0.743508 0.516701 -1.279422
v -0.742433 0.515744 -1.280734
v -0.741136 0.514569 -1.281622
v -1.173177 0.162983 -1.286216
v -1.168771 0.159019 -1.290285
v -1.172486 0.162382 -1.287751
v -1.171407 0.161419 -1.289063
v -1.170102 0.160236 -1.289953
v -0.896806 -0.091435 -1.292317
v -0.901456 -0.087062 -1.296071
v -0.897588 -0.090679 -1.293775
v -0.898747 -0.089582 -1.295001
v -0.900105 -0.088312 -1.295806
v -1.337220 -0.377325 -1.299025
v -1.342069 -0.372987 -1.302794
v -1.338021 -0.376568 -1.300488
v -1.339227 -0.375478 -1.301720
v -1.340646 -0.374220 -1.302530
v -1.626691 -0.129046 -1.293074
v -1.622090 -0.132968 -1.297147
v -1.625981 -0.129643 -1.294611
v -1.624860 -0.130601 -1.295926
v -1.623494 -0.131766 -1.296815
v -2.524758 -0.746557 -1.307348
v -2.514203 -0.741534 -1.311388
v -2.523999 -0.746102 -1.308928
v -2.521729 -0.744988 -1.310250
v -2.518289 -0.743386 -1.311114
v -1.818242 -0.615501 -1.304602
v -1.826905 -0.612922 -1.308436
v -1.819337 -0.614876 -1.306078
v -1.821370 -0.614165 -1.307325
v -1.824025 -0.613479 -1.308153
v -2.421304 -0.515279 -1.302078
v -2.412919 -0.517435 -1.306116
v -2.420308 -0.515743 -1.303615
v -2.418366 -0.516317 -1.304923
v -2.415769 -0.516910 -1.305800
v 0.014628 1.415569 -1.256767
v 0.018912 1.411439 -1.260837
v 0.015311 1.414955 -1.258303
v 0.016364 1.413955 -1.259614
v 0.017627 1.412719 -1.260505
v 0.283759 1.143910 -1.263274
v 0.279254 1.148426 -1.267021
v 0.282985 1.144676 -1.264729
v 0.281859 1.145806 -1.265953
v 0.280547 1.147123 -1.266757
v 0.784160 2.498303 -1.231111
v 0.779033 2.488275 -1.235515
v 0.783725 2.497613 -1.232721
v 0.782596 2.495464 -1.234126
v 0.780948 2.492185 -1.235106
v 0.501315 2.355800 -1.234654
v 0.503482 2.347416 -1.238826
v 0.501838 2.354861 -1.236198
v 0.502433 2.352939 -1.237534
v 0.503009 2.350324 -1.238454
v 0.596213 1.670813 -1.250868
v 0.593863 1.679125 -1.254541
v 0.595599 1.671872 -1.252324
v 0.594939 1.673824 -1.253531
v 0.594333 1.676371 -1.254312
v 0.803191 3.047743 -1.166496
v 0.804854 3.047240 -1.166510
v 0.803874 3.048894 -1.166471
v -2.987832 -0.752830 -1.255717
v -2.987329 -0.754562 -1.255759
v -2.988996 -0.753507 -1.255733
v -1.316529 -1.187677 -1.352762
v -1.316476 -1.192290 -1.348318
v -1.317250 -1.189422 -1.352457
v -1.317494 -1.190911 -1.351501
v -1.317220 -1.191917 -1.350050
v 1.256816 -1.225441 1.211382
v 1.252276 -1.229673 1.211432
v 1.256465 -1.227051 1.212121
v 1.255481 -1.228423 1.212392
v 1.254008 -1.229342 1.212152
v -1.310174 -1.222906 1.212197
v -1.309323 -1.226409 1.211432
v -1.310643 -1.224251 1.212647
v -1.310647 -1.225389 1.212661
v 1.253589 1.384299 -1.292091
v 1.249053 1.384359 -1.296615
v 1.253249 1.385094 -1.293807
v 1.252269 1.385383 -1.295268
v 1.250793 1.385125 -1.296254
v -1.313363 1.388297 -1.293044
v -1.312745 1.387553 -1.296539
v -1.313851 1.388793 -1.294363
v -1.313905 1.388824 -1.295493
v 1.257117 1.350958 1.268389
v 1.260581 1.349941 1.267519
v 1.258445 1.351406 1.268865
v 1.259570 1.351371 1.268868
v 1.260318 1.350857 1.268395
v -1.068246 -0.711427 -1.338112
v -1.070619 -0.715885 -1.342470
v -1.068425 -0.711736 -1.339748
v -1.068940 -0.712692 -1.341154
v -1.069711 -0.714150 -1.342110
v 0.771762 1.121096 -1.302238
v 0.767215 1.118497 -1.298029
v 0.770019 1.120129 -1.301931
v 0.768546 1.119297 -1.301025
v 0.767562 1.118724 -1.299654
v -1.069345 1.125794 -1.302126
v -1.066983 1.123165 -1.297923
v -1.068440 1.124816 -1.301824
v -1.067677 1.123973 -1.300918
v -1.067166 1.123393 -1.299548
v 1.253703 -0.775151 0.955427
v 1.257949 -0.779438 0.956933
v 1.255332 -0.775527 0.955281
v 1.256709 -0.776474 0.955517
v 1.257628 -0.777845 0.956096
v 1.247142 1.113144 -0.821523
v 1.251422 1.115686 -0.825937
v 1.248775 1.113337 -0.821857
v 1.250159 1.113888 -0.822815
v 1.251090 1.114712 -0.824247
v 1.259238 1.070650 0.997581
v 1.255031 1.068105 0.995804
v 1.258914 1.069626 0.996646
v 1.258002 1.068783 0.995978
v 1.256637 1.068251 0.995682
v -1.066934 -1.199030 -0.880690
v -1.064900 -1.194840 -0.875954
v -1.066037 -1.198732 -0.878939
v -1.065335 -1.197830 -0.877422
v -1.064939 -1.196464 -0.876375
v 0.790988 -1.231977 0.972283
v 0.785625 -1.227813 0.969654
v 0.789187 -1.231667 0.971363
v 0.787539 -1.230767 0.970539
v 0.786284 -1.229414 0.969939
v -1.051644 -1.224936 0.970428
v -1.050401 -1.220728 0.967809
v -1.050752 -1.224610 0.969481
v -1.050202 -1.223696 0.968652
v -1.050076 -1.222334 0.968064
v -1.066113 -0.709169 -1.246786
v -1.068246 -0.713331 -1.251141
v -1.066930 -0.710791 -1.247148
v -1.067620 -0.712151 -1.248102
v -1.068086 -0.713042 -1.249504
v 0.767215 1.116593 -1.211061
v 0.762954 1.114380 -1.206844
v 0.766891 1.116395 -1.209434
v 0.765967 1.115906 -1.208059
v 0.764583 1.115198 -1.207151
v -1.066983 1.121258 -1.210949
v -1.063977 1.118147 -1.206756
v -1.066754 1.120993 -1.209326
v -1.066102 1.120309 -1.207956
v -1.065125 1.119309 -1.207057
v 1.154624 -0.767050 0.973131
v 1.158877 -0.771520 0.974313
v 1.154944 -0.768708 0.973843
v 1.155868 -0.770142 0.974318
v 1.157248 -0.771130 0.974483
v 1.155887 1.110974 -0.817308
v 1.160148 1.113205 -0.821520
v 1.156211 1.111828 -0.818923
v 1.157134 1.112552 -0.820289
v 1.158519 1.113035 -0.821199
v 1.160090 1.071741 1.014710
v 1.155887 1.068953 1.012474
v 1.158481 1.071579 1.014797
v 1.157119 1.070991 1.014401
v 1.156207 1.070069 1.013587
v -1.072404 -1.112630 -0.872099
v -1.070657 -1.108477 -0.867641
v -1.072389 -1.111008 -0.871698
v -1.072053 -1.109650 -0.870710
v -1.071443 -1.108761 -0.869286
v 0.771922 -1.158325 0.965039
v 0.766833 -1.154083 0.962640
v 0.771281 -1.156718 0.964772
v 0.770087 -1.155347 0.964222
v 0.768527 -1.154422 0.963473
v -1.071431 -1.156020 0.964999
v -1.069776 -1.151757 0.961810
v -1.071721 -1.154410 0.964700
v -1.071511 -1.153034 0.963990
v -1.070828 -1.152102 0.962976
v 0.761695 -0.717033 -1.294733
v 0.765956 -0.712785 -1.294641
v 0.763324 -0.716713 -1.294727
v 0.764709 -0.715794 -1.294706
v 0.765632 -0.714415 -1.294678
v 0.765460 2.949127 -1.214419
v 0.768474 2.947875 -1.214447
v 0.766616 2.949953 -1.214400
v 0.768245 2.949275 -1.214416
v 1.210193 -0.816478 2.787117
v 1.210200 -0.813437 2.788668
v 1.210196 -0.816280 2.788625
v 1.210200 -0.815633 2.789449
v 1.204909 2.952175 -0.781229
v 1.204917 2.953340 -0.778206
v 1.204913 2.954281 -0.780306
v 0.771052 -1.158513 -0.868826
v 0.766776 -1.158424 -0.873087
v 0.770724 -1.158481 -0.870455
v 0.769794 -1.158453 -0.871838
v 0.768405 -1.158433 -0.872763
v -2.905313 -1.149103 -0.871950
v -2.904000 -1.149051 -0.874969
v -2.906182 -1.149060 -0.874084
v -2.898187 -0.707724 -1.294517
v -2.899430 -0.704705 -1.294451
v -2.899587 -0.707490 -1.294512
v -2.900258 -0.705855 -1.294476
v 1.202380 -0.725826 -0.861814
v 1.202384 -0.730186 -0.857649
v 1.202376 -0.727462 -0.861526
v 1.202380 -0.728865 -0.860632
v 1.202380 -0.729821 -0.859270
v 0.783114 -1.227633 2.804392
v 0.786490 -1.227624 2.803430
v 0.784411 -1.227656 2.805357
v 0.786239 -1.227649 2.804835
v -0.244832 -1.098722 0.281226
v -0.243253 -1.102536 0.279286
v -0.243829 -1.098997 0.280072
v -0.243176 -1.099820 0.279300
v -0.242974 -1.101062 0.279023
v -0.978307 -1.088767 0.235514
v -0.980199 -1.092763 0.237514
v -0.979337 -1.089085 0.236670
v -0.980058 -1.089957 0.237458
v -0.980359 -1.091248 0.237753
v -0.672692 -1.084213 -0.111876
v -0.671121 -1.088030 -0.113805
v -0.671689 -1.084490 -0.113025
v -0.671041 -1.085314 -0.113795
v -0.670842 -1.086557 -0.114068
v -0.550431 -1.103276 0.628594
v -0.552323 -1.107273 0.630595
v -0.551461 -1.103593 0.629752
v -0.552182 -1.104464 0.630540
v -0.552484 -1.105755 0.630836
v -0.186387 -1.117666 1.049182
v -0.188302 -1.121666 1.051209
v -0.187425 -1.117984 1.050351
v -0.188153 -1.118857 1.051147
v -0.188462 -1.120150 1.051448
v 0.119559 -1.113103 0.701417
v 0.121165 -1.116922 0.699449
v 0.120574 -1.113381 0.700253
v 0.121234 -1.114205 0.699470
v 0.121444 -1.115449 0.699187
v 0.415435 -1.126982 1.135196
v 0.417033 -1.130810 1.133105
v 0.416442 -1.127259 1.133975
v 0.417098 -1.128084 1.133147
v 0.417308 -1.129331 1.132843
v 0.115874 -1.131918 1.495587
v 0.114001 -1.135932 1.497796
v 0.114848 -1.132238 1.496816
v 0.114135 -1.133114 1.497668
v 0.113837 -1.134410 1.498012
v 0.778358 -1.159847 2.337390
v 0.783835 -1.164253 2.348954
v 0.780078 -1.160265 2.341011
v 0.781722 -1.161245 2.344480
v 0.783042 -1.162646 2.347269
v 0.665946 -1.141369 1.613472
v 0.666877 -1.145245 1.609468
v 0.666453 -1.141624 1.611193
v 0.666808 -1.142447 1.609631
v 0.666957 -1.143719 1.609025
v 0.518638 -1.155293 2.277942
v 0.518489 -1.159484 2.284024
v 0.518191 -1.155652 2.280375
v 0.518004 -1.156574 2.282385
v 0.518107 -1.157921 2.283666
v -1.465695 -1.074692 -0.109128
v -1.467740 -1.078685 -0.107199
v -1.466783 -1.075008 -0.107997
v -1.467553 -1.075879 -0.107234
v -1.467889 -1.077170 -0.106954
v -1.142587 -1.070496 -0.450269
v -1.140874 -1.074327 -0.452115
v -1.141530 -1.070776 -0.451387
v -1.140832 -1.071602 -0.452131
v -1.140599 -1.072849 -0.452386
v -2.528176 -1.043488 -0.882247
v -2.537255 -1.047432 -0.886259
v -2.531594 -1.043726 -0.883798
v -2.534520 -1.044560 -0.885107
v -2.536508 -1.045861 -0.885970
v -2.413449 -1.052234 -0.572354
v -2.418950 -1.056148 -0.572044
v -2.415860 -1.052519 -0.571843
v -2.417752 -1.053365 -0.571604
v -2.418836 -1.054640 -0.571675
v -1.679669 -1.056833 -0.752135
v -1.674840 -1.060763 -0.752290
v -1.677419 -1.057146 -0.752607
v -1.675710 -1.058003 -0.752804
v -1.674806 -1.059271 -0.752692
v -0.278569 -1.207024 0.315531
v -0.282750 -1.210918 0.320138
v -0.279286 -1.208500 0.316291
v -0.280332 -1.209760 0.317433
v -0.281549 -1.210608 0.318784
v -0.954179 -1.196072 0.204051
v -0.950295 -1.199983 0.199486
v -0.953580 -1.197581 0.203311
v -0.952630 -1.198856 0.202184
v -0.951478 -1.199698 0.200840
v -0.706433 -1.192511 -0.077563
v -0.710610 -1.196410 -0.072959
v -0.707150 -1.193989 -0.076802
v -0.708196 -1.195249 -0.075660
v -0.709409 -1.196101 -0.074311
v -0.526307 -1.210579 0.597134
v -0.522420 -1.214491 0.592565
v -0.525708 -1.212089 0.596395
v -0.524755 -1.213362 0.595265
v -0.523602 -1.214205 0.593921
v -0.162286 -1.224963 1.017751
v -0.158372 -1.228881 1.013150
v -0.161683 -1.226478 1.017007
v -0.160726 -1.227751 1.015872
v -0.159566 -1.228595 1.014518
v 0.085849 -1.221407 0.735691
v 0.081649 -1.225302 0.740321
v 0.085132 -1.222884 0.736454
v 0.084079 -1.224143 0.737601
v 0.082858 -1.224993 0.738959
v 0.382739 -1.234400 1.169913
v 0.378619 -1.238303 1.174748
v 0.382037 -1.235879 1.170702
v 0.381007 -1.237139 1.171897
v 0.379806 -1.237992 1.173318
v 0.139995 -1.238330 1.465422
v 0.143878 -1.242252 1.460666
v 0.140601 -1.239845 1.464675
v 0.141551 -1.241122 1.463509
v 0.142703 -1.241969 1.462101
v 0.802035 -1.225456 2.387753
v 0.798896 -1.229792 2.381300
v 0.802173 -1.227060 2.388071
v 0.801627 -1.228447 2.386954
v 0.800475 -1.229406 2.384578
v 0.656627 -1.227535 1.659463
v 0.654963 -1.231591 1.668377
v 0.656352 -1.229046 1.660870
v 0.655936 -1.230346 1.663058
v 0.655452 -1.231241 1.665694
v 0.543956 -1.240622 2.277177
v 0.546474 -1.244509 2.269911
v 0.544536 -1.242153 2.276520
v 0.545218 -1.243432 2.274908
v 0.545897 -1.244258 2.272587
v -1.441724 -1.181994 -0.140660
v -1.437642 -1.185908 -0.145134
v -1.441106 -1.183503 -0.141393
v -1.440114 -1.184777 -0.142501
v -1.438901 -1.185620 -0.143815
v -1.176179 -1.178788 -0.415881
v -1.180543 -1.182692 -0.411373
v -1.176911 -1.180270 -0.415127
v -1.177999 -1.181532 -0.414005
v -1.179273 -1.182383 -0.412687
v -2.541841 -1.150825 -0.884919
v -2.531648 -1.155229 -0.880122
v -2.541123 -1.152436 -0.884537
v -2.538934 -1.153839 -0.883491
v -2.535607 -1.154820 -0.881941
v -2.392934 -1.159451 -0.605503
v -2.384553 -1.163469 -0.607955
v -2.391992 -1.160970 -0.606082
v -2.390065 -1.162267 -0.606751
v -2.387452 -1.163145 -0.607410
v -1.710134 -1.165187 -0.716069
v -1.718343 -1.169013 -0.713629
v -1.711160 -1.166669 -0.715471
v -1.713082 -1.167916 -0.714797
v -1.715604 -1.168738 -0.714150
v -3.092271 -1.092348 -0.890072
v -3.091809 -1.092315 -0.891747
v -3.093442 -1.092319 -0.890729
v 0.793914 -1.206056 2.838713
v 0.795852 -1.205994 2.838469
v 0.794662 -1.206064 2.839973
v 0.795711 -1.206031 2.839842
v 0.787425 -1.183674 1.888631
v 0.790034 -1.183765 1.899921
v 0.788413 -1.183666 1.891084
v 0.789256 -1.183677 1.894091
v 0.789824 -1.183714 1.897194
v 1.182776 0.381398 0.200003
v 1.186912 0.379967 0.198703
v 1.183265 0.380305 0.199013
v 1.184222 0.379652 0.198419
v 1.185504 0.379532 0.198310
v 1.124267 0.321934 0.930219
v 1.127837 0.324368 0.932422
v 1.124366 0.323104 0.931277
v 1.125079 0.323978 0.932068
v 1.126300 0.324421 0.932469
v 1.184764 -0.018026 0.622209
v 1.188899 -0.019449 0.620915
v 1.185252 -0.019115 0.621222
v 1.186210 -0.019768 0.620629
v 1.187491 -0.019884 0.620522
v 1.122283 0.721336 0.507994
v 1.125854 0.723773 0.510199
v 1.122378 0.722507 0.509053
v 1.123092 0.723381 0.509846
v 1.124312 0.723826 0.510247
v 1.112105 1.146905 0.149640
v 1.115676 1.149367 0.151868
v 1.112201 1.148086 0.150708
v 1.112910 1.148967 0.151507
v 1.114131 1.149418 0.151915
v 1.172664 0.806579 -0.158703
v 1.176814 0.805122 -0.160026
v 1.173160 0.805477 -0.159702
v 1.174121 0.804812 -0.160305
v 1.175403 0.804688 -0.160419
v 1.155330 1.243978 -0.449014
v 1.159511 1.242372 -0.450303
v 1.155829 1.242815 -0.450003
v 1.156798 1.242102 -0.450594
v 1.158092 1.241946 -0.450700
v 1.094069 1.596994 -0.146904
v 1.097632 1.599609 -0.144707
v 1.094161 1.598233 -0.145845
v 1.094867 1.599165 -0.145058
v 1.096091 1.599648 -0.144658
v 1.067943 2.447496 -0.798255
v 1.071498 2.457026 -0.801899
v 1.068053 2.450974 -0.799801
v 1.068770 2.454006 -0.801036
v 1.069980 2.456131 -0.801775
v 1.129710 1.724806 -0.693676
v 1.134082 1.720221 -0.693536
v 1.130275 1.722500 -0.694119
v 1.131305 1.720819 -0.694251
v 1.132640 1.720018 -0.694044
v 1.051486 2.383380 -0.540133
v 1.054889 2.388968 -0.539356
v 1.051513 2.385756 -0.539618
v 1.052169 2.387653 -0.539290
v 1.053355 2.388781 -0.539197
v 1.116366 -0.030388 1.412224
v 1.119929 -0.028026 1.414579
v 1.116458 -0.029248 1.413341
v 1.117171 -0.028397 1.414181
v 1.118388 -0.027969 1.414616
v 1.177749 -0.363795 1.086852
v 1.181895 -0.365132 1.085418
v 1.178241 -0.364853 1.085810
v 1.179202 -0.365479 1.085172
v 1.180484 -0.365576 1.085034
v 1.101291 -0.820151 2.462747
v 1.105014 -0.823813 2.472065
v 1.101462 -0.821722 2.466159
v 1.102229 -0.822970 2.469130
v 1.103477 -0.823704 2.471202
v 1.080600 -0.509510 2.351631
v 1.084033 -0.508825 2.357411
v 1.080642 -0.509011 2.354058
v 1.081309 -0.508704 2.356009
v 1.082500 -0.508638 2.357188
v 1.161361 -0.674488 1.618800
v 1.165629 -0.674080 1.614285
v 1.161891 -0.674880 1.616576
v 1.162890 -0.674941 1.614938
v 1.164203 -0.674662 1.614132
v 1.283278 0.427961 0.242106
v 1.286269 0.432948 0.246620
v 1.284598 0.428885 0.242943
v 1.285628 0.430157 0.244094
v 1.286216 0.431582 0.245385
v 1.236098 0.304125 0.914001
v 1.240813 0.300136 0.910384
v 1.237727 0.303584 0.913508
v 1.239196 0.302636 0.912648
v 1.240279 0.301425 0.911551
v 1.285266 0.028547 0.664321
v 1.288257 0.033525 0.668828
v 1.286586 0.029469 0.665154
v 1.287616 0.030738 0.666305
v 1.288207 0.032164 0.667594
v 1.234115 0.703530 0.491777
v 1.238830 0.699542 0.488159
v 1.235744 0.702989 0.491286
v 1.237212 0.702041 0.490426
v 1.238296 0.700830 0.489327
v 1.223926 1.129126 0.133449
v 1.228648 1.125109 0.129807
v 1.225558 1.128582 0.132955
v 1.227027 1.127627 0.132090
v 1.228114 1.126409 0.130983
v 1.273166 0.853106 -0.116631
v 1.276160 0.858128 -0.112083
v 1.274486 0.854034 -0.115792
v 1.275519 0.855315 -0.114633
v 1.276107 0.856752 -0.113331
v 1.255824 1.290341 -0.406920
v 1.258822 1.295560 -0.402411
v 1.257152 1.291286 -0.406083
v 1.258189 1.292611 -0.404931
v 1.258777 1.294111 -0.403643
v 1.205871 1.579370 -0.163126
v 1.210616 1.575167 -0.166719
v 1.207507 1.578812 -0.163617
v 1.208980 1.577816 -0.164471
v 1.210074 1.576538 -0.165561
v 1.173350 2.470799 -0.789503
v 1.178058 2.460717 -0.784101
v 1.174964 2.470203 -0.788939
v 1.176425 2.468076 -0.787714
v 1.177512 2.464746 -0.786016
v 1.230353 1.768170 -0.650175
v 1.233157 1.777180 -0.647463
v 1.231673 1.769407 -0.649470
v 1.232669 1.771555 -0.648705
v 1.233191 1.774284 -0.648002
v 1.163116 2.368730 -0.557772
v 1.168075 2.360765 -0.559563
v 1.164767 2.367886 -0.558125
v 1.166289 2.366075 -0.558589
v 1.167453 2.363574 -0.559093
v 1.228190 -0.048269 1.396158
v 1.232913 -0.052162 1.392350
v 1.229819 -0.048803 1.395654
v 1.231288 -0.049730 1.394752
v 1.232375 -0.050910 1.393593
v 1.278247 -0.317146 1.128816
v 1.281241 -0.312268 1.133507
v 1.279571 -0.316230 1.129665
v 1.280604 -0.314980 1.130856
v 1.281192 -0.313590 1.132204
v 1.206840 -0.810045 2.484460
v 1.211368 -0.804571 2.474669
v 1.208442 -0.809459 2.483869
v 1.209868 -0.808212 2.481801
v 1.210895 -0.806498 2.478572
v 1.192286 -0.529066 2.338992
v 1.197181 -0.530867 2.330920
v 1.193927 -0.529441 2.338161
v 1.195437 -0.529914 2.336335
v 1.196578 -0.530416 2.333793
v 1.261947 -0.626108 1.657666
v 1.264831 -0.623366 1.666167
v 1.263263 -0.625351 1.658809
v 1.264277 -0.624566 1.660826
v 1.264827 -0.623867 1.663408
v 1.108893 -0.831914 3.028838
v 1.109099 -0.833572 3.028358
v 1.108882 -0.833141 3.030310
v 1.077762 2.926618 -0.804780
v 1.077960 2.926110 -0.806499
v 1.077708 2.927771 -0.805470
v 0.803401 -1.257065 2.817656
v 0.802623 -1.256723 2.816231
v -2.904176 -0.707700 -1.340895
v 0.769443 2.954862 -1.260678
v 1.251288 2.958220 -0.782105
vn 0.0813 -0.0773 0.9937
vn -0.0000 -0.0235 0.9997
vn 0.0778 -0.0819 0.9936
vn 0.7119 -0.5982 -0.3679
vn 0.6457 -0.6106 -0.4586
vn 0.6820 -0.5706 -0.4574
vn -0.0680 0.0420 0.9968
vn -0.6123 0.7485 -0.2544
vn -0.5521 0.7585 -0.3462
vn -0.5707 0.7820 -0.2506
vn 0.0577 -0.1023 0.9931
vn 0.0619 -0.0985 0.9932
vn 0.7466 -0.5558 -0.3657
vn 0.7155 -0.5301 -0.4551
vn -0.7720 0.5801 -0.2598
vn -0.7902 0.5013 -0.3525
vn -0.7461 0.5634 -0.3549
vn -0.6928 0.6728 -0.2593
vn -0.6303 0.6917 -0.3525
vn -0.6520 0.7133 -0.2570
vn 0.0655 -0.0944 0.9934
vn 0.0695 -0.0903 0.9935
vn -0.0641 0.0458 0.9969
vn -0.5058 0.7924 -0.3409
vn -0.5223 0.8164 -0.2464
vn 0.4645 -0.8105 -0.3568
vn 0.4907 -0.7458 -0.4505
vn 0.5116 -0.7793 -0.3617
vn 0.5562 -0.7463 -0.3656
vn 0.5720 -0.6811 -0.4570
vn 0.5969 -0.7130 -0.3678
vn -0.4540 0.8260 -0.3341
vn -0.4680 0.8504 -0.2405
vn -0.4126 0.8499 -0.3279
vn -0.4249 0.8743 -0.2347
vn 0.3871 -0.8530 -0.3500
vn 0.4030 -0.8030 -0.4390
vn 0.4197 -0.8367 -0.3518
vn 0.0532 -0.1063 0.9929
vn -0.3931 0.8603 -0.3247
vn -0.4046 0.8842 -0.2333
vn -0.4305 0.8397 -0.3311
vn -0.5223 0.8500 -0.0692
vn 0.1775 -0.9393 -0.2938
vn 0.3723 -0.8204 -0.4340
vn 0.0442 -0.1148 0.9924
vn 0.0486 -0.1105 0.9927
vn 0.7785 -0.5124 -0.3624
vn 0.7466 -0.4886 -0.4515
vn 0.8060 -0.4710 -0.3586
vn 0.7737 -0.4489 -0.4471
vn -0.8541 0.4529 -0.2559
vn -0.8434 0.4112 -0.3459
vn -0.8267 0.4418 -0.3486
vn -0.0719 0.0379 0.9967
vn 0.8232 -0.4412 -0.3574
vn 0.7914 -0.4209 -0.4434
vn 0.9270 -0.2173 -0.3056
vn 0.8909 -0.2149 -0.4002
vn -0.8704 0.4212 -0.2552
vn -0.8247 0.4454 -0.3484
vn -0.0793 0.0268 0.9965
vn 0.6176 -0.5818 -0.5293
vn 0.6521 -0.5435 -0.5285
vn -0.0000 0.0235 -0.9997
vn 0.0486 -0.0431 -0.9979
vn -0.5921 0.7260 -0.3498
vn -0.5312 0.7322 -0.4263
vn -0.0452 0.0927 -0.9947
vn -0.0415 0.0968 -0.9944
vn 0.6843 -0.5049 -0.5261
vn 0.7144 -0.4656 -0.5224
vn -0.6696 0.6527 -0.3544
vn -0.6807 0.5891 -0.4354
vn -0.6436 0.6295 -0.4353
vn -0.6059 0.6673 -0.4332
vn -0.7080 0.6104 -0.3552
vn -0.7175 0.5438 -0.4354
vn 0.6086 -0.6477 -0.4584
vn 0.5333 -0.7135 -0.4545
vn 0.5474 -0.6495 -0.5278
vn 0.5107 -0.6809 -0.5250
vn -0.4371 0.7984 -0.4142
vn -0.0494 0.0900 -0.9947
vn 0.4459 -0.7765 -0.4452
vn 0.4701 -0.7120 -0.5215
vn 0.4275 -0.7420 -0.5164
vn -0.3794 0.8332 -0.4022
vn -0.0001 0.0235 -0.9997
vn -0.0387 0.1008 -0.9942
vn 0.3872 -0.7681 -0.5100
vn 0.1809 -0.9036 -0.3882
vn 0.3585 -0.7861 -0.5036
vn -0.5715 0.6370 -0.5174
vn 0.0652 -0.0256 -0.9975
vn -0.7604 0.4841 -0.4329
vn -0.7970 0.4271 -0.4270
vn 0.7407 -0.4283 -0.5175
vn 0.7582 -0.4019 -0.5134
vn 0.0726 -0.0189 -0.9972
vn 0.0688 -0.0222 -0.9974
vn -0.8143 0.3984 -0.4222
vn -0.7830 0.4150 -0.4633
vn 0.8544 -0.2155 -0.4728
vn -0.7326 0.6290 -0.2601
vn 0.9978 -0.0191 0.0639
vn 0.9981 -0.0484 -0.0387
vn 0.9883 -0.0629 -0.1391
vn -0.0624 0.0765 -0.9951
vn -0.0657 0.0725 -0.9952
vn -0.5694 0.7005 -0.4301
vn -0.0590 0.0801 -0.9950
vn -0.0856 0.0225 0.9961
vn 0.0738 -0.0862 0.9935
vn -0.0739 0.0631 -0.9953
vn -0.0067 -0.9990 0.0452
vn -0.2797 -0.9488 0.1464
vn 0.0272 -0.9980 -0.0576
vn 0.0056 -0.9974 0.0721
vn 0.0459 -0.9864 -0.1578
vn 0.0447 -0.0462 -0.9979
vn 0.6355 -0.6787 -0.3680
vn 0.0621 -0.0294 -0.9976
vn 0.5821 -0.6173 -0.5292
vn 0.0965 -0.0235 0.9951
vn -0.0901 0.0201 0.9957
vn 0.1067 -0.0528 0.9929
vn 0.0903 -0.0718 0.9933
vn 0.0903 -0.0033 -0.9959
vn 0.0756 -0.0171 -0.9970
vn -0.0790 0.0617 -0.9950
vn 0.0946 0.0169 -0.9954
vn 0.0001 -0.0235 0.9997
vn 0.0424 -0.1198 0.9919
vn -0.0567 0.0530 0.9970
vn -0.4866 0.7650 -0.4219
vn 0.0356 -0.0577 -0.9977
vn -0.0001 0.0236 -0.9997
vn -0.0605 0.0495 0.9969
vn -0.0522 0.0566 0.9970
vn -0.0558 0.0837 -0.9949
vn -0.8173 0.5153 -0.2580
vn -0.0685 0.9918 -0.1076
vn 0.0025 0.9998 0.0219
vn -0.0956 0.9952 0.0218
vn -0.0690 0.0671 -0.9954
vn 0.0001 -0.0236 0.9997
vn 0.0256 -0.1336 0.9907
vn -0.0425 0.0683 0.9968
vn -0.0022 -0.1190 0.9929
vn -0.0375 0.1038 -0.9939
vn 0.0044 -0.0715 -0.9974
vn -0.0327 0.0082 -0.9994
vn 0.0230 -0.0686 -0.9974
vn 0.9459 0.2497 0.2070
vn 0.8934 0.0751 0.4430
vn 0.0862 -0.0737 0.9936
vn 0.9782 0.1509 -0.1430
vn 0.0375 -0.0541 -0.9978
vn 0.6743 -0.6401 -0.3683
vn -0.0524 0.0866 -0.9949
vn 0.0408 -0.0497 -0.9979
vn -0.0478 0.0613 0.9970
vn -0.3977 0.8224 -0.4068
vn 0.1859 -0.8670 -0.4623
vn 0.0519 -0.0397 -0.9979
vn 0.0552 -0.0364 -0.9978
vn 0.0588 -0.0332 -0.9977
vn -0.0754 0.0329 0.9966
vn -0.0440 0.0650 0.9969
vn 0.0103 -0.9999 -0.0079
vn -0.0049 -0.9999 -0.0114
vn 0.0002 -0.9999 -0.0126
vn -0.9549 -0.2971 0.0022
vn -0.9134 -0.3984 -0.0833
vn -0.9793 -0.2026 0.0003
vn -0.8475 -0.5239 -0.0856
vn -0.9584 -0.2853 -0.0051
vn -0.0974 -0.9926 0.0730
vn -0.0013 -0.9997 -0.0236
vn -0.0012 -0.9973 0.0738
vn 0.9998 -0.0179 0.0012
vn 1.0000 -0.0010 -0.0040
vn 0.9932 -0.0771 -0.0869
vn 0.0547 0.9973 -0.0497
vn 0.0025 0.9966 -0.0824
vn -0.0000 -0.0219 0.9998
vn 0.1592 -0.1248 0.9793
vn 0.0982 -0.0219 0.9949
vn 0.0692 -0.9931 -0.0942
vn 0.0768 -0.9970 0.0071
vn -0.0048 0.0095 -0.9999
vn 0.0003 0.0216 -0.9998
vn -0.0000 0.0216 -0.9998
vn 0.1414 0.9898 -0.0147
vn 0.0429 0.9988 0.0236
vn 0.0501 0.9973 -0.0541
vn -0.0983 0.0219 -0.9949
vn 0.0697 -0.0481 -0.9964
vn -0.0309 -0.0520 -0.9982
vn 0.0975 0.9881 0.1193
vn 0.1398 0.9899 0.0226
vn -0.0000 0.0218 -0.9998
vn -0.1857 0.2062 -0.9607
vn 1.0000 -0.0017 0.0006
vn 0.9950 0.0703 0.0711
vn 0.9861 -0.0866 0.1419
vn 1.0000 -0.0057 -0.0025
vn 0.7307 -0.6618 0.1674
vn 0.7061 -0.7079 -0.0155
vn 0.7609 -0.6487 -0.0142
vn -0.9945 0.0030 -0.1047
vn -0.9953 0.0970 0.0022
vn -1.0000 0.0007 -0.0000
vn 0.0042 -0.9999 -0.0163
vn 0.1031 -0.9946 -0.0137
vn 0.0122 -0.9998 -0.0139
vn -0.1482 -0.9798 0.1342
vn -0.1848 -0.9823 -0.0294
vn -0.0215 0.0423 -0.9989
vn 0.0002 0.1129 -0.9936
vn 0.7038 -0.7039 -0.0961
vn 0.6460 -0.7632 -0.0167
vn -0.6066 0.5935 0.5291
vn -0.5118 0.5944 0.6202
vn -0.4572 0.7514 0.4757
vn 1.0000 0.0004 -0.0010
vn 0.9939 -0.1105 -0.0045
vn 0.9868 -0.1117 -0.1174
vn -0.0030 -0.9999 -0.0128
vn -0.0035 -0.9970 0.0769
vn -0.0003 0.0219 -0.9998
vn -0.0928 0.0219 -0.9954
vn -0.0001 -0.0755 -0.9971
vn -0.1577 -0.0388 -0.9867
vn -0.0018 -0.9937 -0.1121
vn 0.1022 -0.0219 0.9945
vn 0.0001 0.0761 0.9971
vn 0.1248 0.0492 0.9910
vn -0.2316 -0.6346 -0.7373
vn -0.1685 -0.6779 -0.7156
vn -0.0807 -0.6837 -0.7252
vn 0.0014 -1.0000 -0.0090
vn 0.0131 -0.9829 0.1837
vn -0.0013 -0.8138 -0.5812
vn -0.0724 -0.7196 -0.6906
vn -0.0233 -0.0723 0.9971
vn 0.0974 0.0216 -0.9950
vn 0.0920 -0.0748 -0.9929
vn 0.9999 0.0021 -0.0112
vn 1.0000 -0.0048 -0.0039
vn 0.9952 0.0974 -0.0019
vn -0.0195 -0.9998 0.0040
vn 0.0649 0.1731 -0.9828
vn 0.0841 0.9962 0.0218
vn 0.0026 0.9971 -0.0765
vn -0.9852 -0.1537 0.0763
vn -0.9938 -0.0458 0.1014
vn 0.7327 0.1167 -0.6704
vn 0.6944 0.1956 -0.6925
vn 0.7017 0.1265 -0.7012
vn -0.6072 0.5011 0.6166
vn -0.7530 0.4540 0.4762
vn 0.6448 0.1714 -0.7449
vn 0.6669 0.1136 -0.7365
vn -0.0014 -0.1469 0.9892
vn -0.0982 -0.0290 0.9947
vn -0.0006 -0.0469 0.9989
vn 0.9955 0.0008 -0.0950
vn 1.0000 -0.0010 0.0041
vn 0.1351 0.9905 0.0237
vn 0.0010 0.9925 0.1226
vn 0.9903 0.1284 -0.0530
vn -0.4671 0.4498 0.7612
vn -0.5786 0.5643 0.5889
vn 0.0968 -0.9886 -0.1152
vn -0.9884 -0.1185 0.0953
vn 0.6613 0.0462 -0.7487
vn 0.8177 0.1957 -0.5413
vn 0.7036 0.0964 -0.7040
vn -0.9903 0.1013 -0.0952
vn -0.9952 0.0028 -0.0979
vn 0.7071 -0.6851 -0.1751
vn 0.7027 -0.7024 -0.1135
vn -0.3313 -0.4969 -0.8020
vn -0.0698 -0.6876 -0.7227
vn 0.0970 0.0751 0.9924
vn 0.1577 -0.7517 -0.6403
vn 0.0098 0.0263 -0.9996
vn 0.0846 -0.0631 -0.9944
vn -0.9904 -0.0500 -0.1289
vn -0.9968 -0.0795 -0.0017
vn -0.9870 -0.0120 -0.1606
vn -0.0946 0.9927 -0.0752
vn 0.9995 0.0222 0.0219
vn 0.9906 0.0945 0.0990
vn 1.0000 -0.0007 -0.0000
vn 0.9952 0.0975 0.0022
vn 0.9949 -0.0696 -0.0723
vn 0.9961 0.0322 -0.0818
vn -0.0751 -0.9971 -0.0132
vn -0.0039 -0.9998 -0.0186
vn -0.0936 -0.9953 -0.0235
vn -0.0160 -0.9954 -0.0948
vn -0.0974 -0.1258 0.9873
vn -0.0003 -0.1417 0.9899
vn 0.0002 0.1203 -0.9927
vn 0.0742 0.0527 -0.9958
vn -0.0967 0.1181 -0.9883
vn -0.0000 0.0219 -0.9998
vn 0.9952 -0.0028 0.0975
vn 0.9952 -0.0028 0.0982
vn 0.9968 -0.0750 0.0291
vn 0.2032 0.9741 -0.0991
vn 0.0791 -0.9922 -0.0966
vn 0.0391 -0.1531 0.9874
vn 0.1900 -0.0298 0.9813
vn 0.2150 -0.1799 0.9599
vn 0.0643 0.9962 -0.0592
vn 0.0121 0.9996 0.0237
vn 0.0684 0.9961 -0.0550
vn 0.5863 -0.3427 -0.7340
vn 0.6010 -0.4356 -0.6702
vn 0.5602 -0.4341 -0.7055
vn -0.0514 0.9944 0.0927
vn -0.7310 -0.2803 0.6221
vn -0.7418 -0.3683 0.5604
vn -0.7658 -0.2740 0.5817
vn 0.0893 0.9954 -0.0356
vn 0.0849 0.9956 -0.0391
vn 0.5429 -0.3410 -0.7675
vn 0.5189 -0.4314 -0.7380
vn -0.5595 -0.2849 0.7783
vn -0.4792 -0.3773 0.7924
vn -0.5422 -0.3794 0.7497
vn -0.6535 -0.2859 0.7008
vn -0.6732 -0.3758 0.6368
vn -0.6957 -0.2791 0.6618
vn 0.0806 0.9958 -0.0426
vn 0.0768 0.9959 -0.0468
vn -0.0558 0.9944 0.0893
vn -0.7771 -0.3621 0.5149
vn -0.8018 -0.2675 0.5344
vn 0.8041 -0.3347 -0.4914
vn 0.7395 -0.4297 -0.5182
vn 0.7721 -0.3384 -0.5379
vn 0.7380 -0.3420 -0.5818
vn 0.6732 -0.4350 -0.5981
vn 0.7038 -0.3439 -0.6217
vn -0.8135 -0.3508 0.4639
vn -0.8376 -0.2589 0.4810
vn -0.8425 -0.3320 0.4242
vn -0.8649 -0.2421 0.4397
vn 0.8653 -0.2666 -0.4244
vn 0.8023 -0.4063 -0.4373
vn 0.8351 -0.3172 -0.4494
vn 0.0931 0.9952 -0.0311
vn -0.8600 -0.3062 0.4082
vn -0.8796 -0.2188 0.4225
vn -0.8854 -0.0998 0.4539
vn -0.8590 -0.2374 0.4537
vn 0.9104 -0.1412 -0.3888
vn 0.8346 -0.3578 -0.4189
vn 0.1030 0.9944 -0.0230
vn 0.0976 0.9949 -0.0267
vn 0.4986 -0.3379 -0.7983
vn 0.4767 -0.4275 -0.7681
vn 0.4567 -0.3334 -0.8248
vn 0.4364 -0.4229 -0.7942
vn -0.4303 -0.2827 0.8573
vn -0.3880 -0.3710 0.8437
vn -0.4189 -0.3736 0.8276
vn -0.0476 0.9942 0.0969
vn 0.4265 -0.3324 -0.8412
vn 0.4079 -0.4192 -0.8111
vn 0.1998 -0.2797 -0.9391
vn 0.1992 -0.3761 -0.9049
vn -0.3985 -0.2804 0.8733
vn -0.4219 -0.3725 0.8266
vn -0.0366 0.9939 0.1044
vn 0.5737 -0.5071 -0.6432
vn 0.5346 -0.5061 -0.6768
vn -0.0121 -0.9996 -0.0237
vn 0.0533 -0.9959 -0.0737
vn -0.7083 -0.3726 0.5996
vn -0.7152 -0.4472 0.5370
vn -0.0793 -0.9965 0.0244
vn -0.0015 -0.9999 -0.0157
vn -0.0747 -0.9969 0.0258
vn 0.4951 -0.5039 -0.7078
vn 0.4553 -0.4993 -0.7371
vn -0.6332 -0.3782 0.6753
vn -0.5684 -0.4589 0.6829
vn -0.6096 -0.4587 0.6465
vn -0.6486 -0.4549 0.6102
vn -0.5901 -0.3794 0.7126
vn -0.5225 -0.4586 0.7188
vn 0.6389 -0.4358 -0.6339
vn 0.7063 -0.4330 -0.5600
vn 0.6428 -0.5068 -0.5744
vn 0.6741 -0.5064 -0.5376
vn -0.7854 -0.4304 0.4448
vn -0.0778 -0.9966 0.0274
vn -0.0107 -0.9997 -0.0226
vn 0.7714 -0.4237 -0.4748
vn 0.7068 -0.5021 -0.4983
vn 0.7379 -0.4964 -0.4573
vn -0.8350 -0.3846 0.3935
vn 0.0245 -0.9997 -0.0088
vn -0.0610 -0.9977 0.0295
vn 0.7689 -0.4794 -0.4231
vn 0.8865 -0.2334 -0.3996
vn 0.8033 -0.4333 -0.4086
vn -0.7609 -0.4380 0.4787
vn 0.0357 -0.9953 -0.0902
vn -0.4616 -0.4573 0.7601
vn -0.4040 -0.4513 0.7957
vn 0.4173 -0.4943 -0.7626
vn 0.3907 -0.4893 -0.7797
vn 0.0285 -0.9949 -0.0969
vn 0.0319 -0.9951 -0.0933
vn -0.3750 -0.4465 0.8124
vn -0.3924 -0.4870 0.7803
vn 0.2013 -0.4503 -0.8699
vn -0.6093 -0.2846 0.7401
vn -0.0042 0.0883 -0.9961
vn 0.0262 -0.0142 -0.9996
vn 0.0421 -0.1146 -0.9925
vn -0.0638 -0.9972 0.0399
vn -0.0591 -0.9974 0.0424
vn -0.6817 -0.4542 0.5737
vn -0.0674 -0.9971 0.0366
vn -0.0316 0.9935 0.1096
vn 0.0728 0.9960 -0.0512
vn -0.0502 -0.9974 0.0516
vn 0.8713 0.4885 0.0477
vn 0.9584 0.2854 0.0007
vn 0.9293 0.3692 0.0072
vn 0.9211 0.3859 0.0520
vn 0.9822 0.1876 -0.0066
vn 0.0581 -0.9959 -0.0690
vn 0.6681 -0.3454 -0.6590
vn 0.0391 -0.9955 -0.0867
vn 0.6097 -0.5082 -0.6083
vn 0.0099 0.9973 -0.0726
vn -0.0297 0.9929 0.1150
vn 0.0389 0.9958 -0.0833
vn 0.0585 0.9960 -0.0680
vn 0.0127 -0.9933 -0.1146
vn 0.0270 -0.9946 -0.1007
vn -0.0484 -0.9973 0.0559
vn -0.0076 -0.9929 -0.1189
vn 0.1076 0.9940 -0.0210
vn -0.0632 0.9946 0.0821
vn -0.7494 -0.4416 0.4933
vn 0.1565 -0.9864 -0.0504
vn 0.0631 -0.9979 -0.0131
vn -0.0598 0.9945 0.0860
vn -0.0669 0.9947 0.0777
vn -0.0713 -0.9969 0.0337
vn -0.4936 -0.2838 0.8221
vn -0.9740 -0.1782 -0.1398
vn -0.9914 -0.0973 -0.0874
vn -0.9741 -0.1744 -0.1440
vn -0.0544 -0.9974 0.0468
vn 0.0121 0.9996 0.0236
vn 0.1472 0.9891 0.0018
vn -0.0793 0.9945 0.0686
vn 0.1009 0.9946 0.0236
vn -0.0349 -0.9991 0.0241
vn 0.1812 -0.9832 -0.0228
vn 0.0800 -0.9966 0.0173
vn 0.2419 -0.9686 -0.0571
vn -0.2736 0.2267 -0.9347
vn -0.1881 0.4607 -0.8674
vn 0.0601 0.9962 -0.0634
vn -0.1719 -0.1211 -0.9776
vn 0.1008 -0.9939 -0.0450
vn 0.6287 -0.3449 -0.6970
vn -0.0743 -0.9968 0.0304
vn 0.0703 -0.9959 -0.0578
vn 0.9873 0.1551 -0.0354
vn 0.9681 0.2491 -0.0259
vn -0.0711 0.9948 0.0731
vn -0.8136 -0.4154 0.4069
vn 0.9963 0.0796 -0.0327
vn 0.0497 -0.9958 -0.0769
vn 0.0466 -0.9957 -0.0802
vn 0.0427 -0.9956 -0.0832
vn -0.0424 0.9941 0.1001
vn -0.0763 0.9946 0.0701
vn 0.4729 -0.6759 -0.5653
vn 0.5574 -0.6018 -0.5720
vn 0.5572 -0.6378 -0.5317
vn -0.9993 -0.0297 -0.0231
vn 0.1456 0.6390 0.7553
vn 0.2413 0.5878 0.7722
vn 0.1438 0.5971 0.7892
vn -0.9742 -0.1537 -0.1650
vn -0.9741 -0.1586 -0.1610
vn 0.4713 -0.7109 -0.5221
vn 0.5554 -0.6711 -0.4910
vn 0.1457 0.7971 0.5860
vn 0.2413 0.8238 0.5130
vn 0.2439 0.7805 0.5756
vn 0.1474 0.7188 0.6794
vn 0.2444 0.6657 0.7050
vn 0.1467 0.6782 0.7201
vn -0.9743 -0.1620 -0.1566
vn -0.9744 -0.1653 -0.1527
vn -0.9993 -0.0329 -0.0189
vn 0.2384 0.5414 0.8063
vn 0.1413 0.5487 0.8240
vn 0.4516 -0.4330 -0.7801
vn 0.5432 -0.4492 -0.7093
vn 0.4590 -0.4789 -0.7484
vn 0.4645 -0.5229 -0.7147
vn 0.5533 -0.5291 -0.6434
vn 0.4687 -0.5628 -0.6808
vn 0.2344 0.4893 0.8400
vn 0.1384 0.4943 0.8582
vn 0.2307 0.4476 0.8639
vn 0.1357 0.4510 0.8822
vn 0.4391 -0.3567 -0.8246
vn 0.5270 -0.3634 -0.7683
vn 0.4452 -0.3884 -0.8068
vn -0.9740 -0.1508 -0.1690
vn 0.2288 0.4280 0.8743
vn 0.1354 0.4318 0.8918
vn 0.2323 0.4651 0.8542
vn -0.0368 0.5319 0.8460
vn 0.3700 -0.1538 -0.9162
vn 0.5202 -0.3334 -0.7863
vn -0.9737 -0.1416 -0.1784
vn -0.9741 -0.1451 -0.1733
vn 0.4683 -0.7425 -0.4789
vn 0.5522 -0.7022 -0.4495
vn 0.4651 -0.7699 -0.4370
vn 0.5478 -0.7293 -0.4098
vn 0.1415 0.8777 0.4578
vn 0.2355 0.8755 0.4220
vn 0.2377 0.8593 0.4529
vn -0.9994 -0.0236 -0.0267
vn 0.4640 -0.7868 -0.4070
vn 0.5441 -0.7471 -0.3819
vn 0.4062 -0.8946 -0.1860
vn 0.4974 -0.8491 -0.1779
vn 0.1426 0.8933 0.4262
vn 0.2426 0.8180 0.5216
vn -0.9991 -0.0174 -0.0380
vn 0.6232 -0.5667 -0.5390
vn 0.6230 -0.6007 -0.5010
vn 0.9914 0.0973 0.0874
vn 0.9986 0.0489 0.0213
vn 0.2432 0.6277 0.7395
vn 0.3250 0.5745 0.7512
vn 0.9775 0.1424 0.1558
vn 0.9775 0.1384 0.1595
vn 0.6210 -0.6332 -0.4620
vn 0.6177 -0.6633 -0.4225
vn 0.2451 0.7049 0.6657
vn 0.3289 0.7236 0.6068
vn 0.3293 0.6864 0.6484
vn 0.3283 0.6492 0.6861
vn 0.2449 0.7428 0.6231
vn 0.3277 0.7597 0.5616
vn 0.5560 -0.5651 -0.6095
vn 0.5491 -0.4910 -0.6763
vn 0.6187 -0.4989 -0.6069
vn 0.6158 -0.4609 -0.6390
vn 0.3173 0.4801 0.8178
vn 0.9773 0.1470 0.1527
vn 0.5356 -0.4052 -0.7409
vn 0.6099 -0.4214 -0.6712
vn 0.6021 -0.3800 -0.7022
vn 0.3095 0.4219 0.8522
vn 0.9771 0.1357 0.1637
vn 0.5934 -0.3406 -0.7293
vn 0.4616 -0.1478 -0.8747
vn 0.5857 -0.3123 -0.7479
vn 0.3495 0.4442 0.8249
vn 0.9987 0.0333 0.0392
vn 0.3253 0.8016 0.5016
vn 0.3199 0.8372 0.4436
vn 0.6143 -0.6884 -0.3857
vn 0.6080 -0.7083 -0.3586
vn 0.9986 0.0243 0.0460
vn 0.9987 0.0289 0.0429
vn 0.3156 0.8536 0.4144
vn 0.4245 0.6679 0.6113
vn 0.5667 -0.8053 -0.1741
vn 0.1469 0.7582 0.6353
vn 0.0341 -0.9994 -0.0108
vn 0.1380 -0.9899 -0.0335
vn 0.2373 -0.9705 -0.0417
vn 0.9775 0.1587 0.1391
vn 0.9775 0.1622 0.1349
vn 0.3272 0.6125 0.7195
vn 0.9774 0.1558 0.1428
vn -0.9990 -0.0129 -0.0421
vn -0.9740 -0.1707 -0.1486
vn 0.9770 0.1716 0.1262
vn 0.0195 -0.0038 -0.9998
vn -0.1071 0.2608 -0.9594
vn 0.1245 -0.0275 -0.9918
vn 0.2190 0.1713 -0.9606
vn 0.2247 -0.0364 -0.9737
vn 0.9985 0.0522 0.0179
vn 0.4716 -0.6001 -0.6461
vn 0.9987 0.0353 0.0355
vn 0.6226 -0.5308 -0.5751
vn -0.9775 -0.1925 -0.0859
vn -0.9990 -0.0054 -0.0443
vn -0.9723 -0.2035 -0.1151
vn -0.9727 -0.1896 -0.1337
vn 0.9981 0.0049 0.0614
vn 0.9986 0.0216 0.0477
vn 0.9767 0.1753 0.1241
vn 0.9967 0.0030 0.0817
vn -0.9734 -0.1389 -0.1823
vn -0.9991 -0.0406 -0.0113
vn 0.3220 0.5300 0.7845
vn 0.9981 0.0613 0.0068
vn 0.9914 0.0974 0.0875
vn -0.9992 -0.0379 -0.0149
vn -0.9989 -0.0454 -0.0081
vn 0.9775 0.1516 0.1464
vn 0.1440 0.8416 0.5206
vn 0.9775 0.1661 0.1299
vn -0.9914 -0.0974 -0.0874
vn -0.9729 -0.1227 -0.1959
vn -0.9985 -0.0540 0.0041
vn -0.9787 -0.0950 -0.1820
vn 0.9769 0.1336 0.1666
vn 0.9957 0.0921 -0.0071
vn 0.9890 0.1299 0.0714
vn 0.9973 0.0735 -0.0047
vn -0.1635 -0.9829 0.0843
vn -0.3616 -0.9305 0.0589
vn -0.9736 -0.1835 -0.1359
vn -0.0172 -0.9996 -0.0220
vn 0.9982 0.0589 0.0104
vn 0.4726 -0.6397 -0.6061
vn 0.9774 0.1494 0.1494
vn 0.9983 0.0556 0.0145
vn -0.9988 -0.0491 -0.0034
vn 0.3124 0.4403 0.8417
vn 0.5340 -0.1452 -0.8329
vn 0.9987 0.0450 0.0251
vn 0.9987 0.0416 0.0279
vn 0.9987 0.0388 0.0315
vn -0.9993 -0.0218 -0.0319
vn -0.9986 -0.0525 0.0010
vn -0.1174 -0.9112 0.3949
vn -0.1912 -0.6831 0.7049
vn -0.5520 -0.5573 0.6203
vn -0.0641 -0.8086 0.5849
vn -0.1670 -0.3989 0.9017
vn -0.3631 -0.6209 0.6947
vn -0.8207 -0.2360 0.5203
vn -0.2677 -0.4116 0.8712
vn -0.1940 0.2802 0.9401
vn -0.0571 -0.2738 0.9601
vn -0.0464 -0.0182 0.9988
vn -0.2432 0.3118 0.9185
vn -0.1623 -0.0253 0.9864
vn -0.0474 -0.5513 0.8329
vn -0.2217 -0.0219 0.9749
vn -0.5687 0.6818 0.4602
vn -0.4663 0.8660 0.1805
vn -0.6245 0.7292 0.2799
vn -0.6311 0.6540 0.4170
vn -0.4704 0.7309 0.4945
vn -0.3970 0.8539 0.3366
vn -0.5449 0.3998 0.7370
vn 0.6567 0.1417 0.7407
vn 0.7833 0.0265 0.6211
vn 0.5316 0.5018 0.6823
vn 0.6018 0.2993 0.7404
vn 0.3715 0.1259 0.9198
vn 0.5226 0.0119 0.8525
vn 0.3865 0.2202 0.8956
vn -0.8477 0.5227 -0.0905
vn -0.6977 0.5533 0.4550
vn -0.7452 0.6093 0.2707
vn -0.8685 0.4692 0.1599
vn -0.7500 0.4583 0.4769
vn -0.6687 0.6166 0.4155
vn -0.4184 0.5136 0.7491
vn 0.2470 0.0258 0.9687
vn -0.3033 0.1742 0.9368
vn -0.0049 0.0215 0.9998
vn -0.0001 0.1333 0.9911
vn -0.3318 0.2217 0.9169
vn 0.0008 0.1876 0.9822
vn -0.0784 -0.8524 -0.5170
vn 0.0149 -0.9689 -0.2472
vn -0.0421 -0.9969 0.0671
vn -0.1440 -0.8192 -0.5551
vn -0.0036 -0.8520 -0.5235
vn 0.0043 -0.6736 -0.7391
vn -0.1829 -0.5004 -0.8463
vn -0.3702 0.5621 -0.7396
vn -0.6911 0.4999 -0.5221
vn -0.3376 0.7055 -0.6231
vn -0.2355 0.3214 -0.9172
vn -0.5277 0.7159 -0.4572
vn -0.2967 0.2950 -0.9083
vn -0.2908 0.4216 -0.8589
vn -0.0264 -0.2978 -0.9543
vn -0.1376 0.2342 -0.9624
vn -0.1150 -0.0211 -0.9931
vn -0.2328 0.4783 -0.8467
vn -0.1402 -0.0293 -0.9897
vn 0.8737 0.0967 -0.4768
vn 0.8818 0.2973 -0.3660
vn 0.9783 -0.0286 -0.2054
vn 0.8728 -0.0027 -0.4880
vn 0.9873 0.1551 0.0331
vn 0.5271 0.1946 -0.8272
vn 0.6346 0.1101 -0.7649
vn -0.2093 0.1610 -0.9645
vn 0.3236 0.0408 -0.9453
vn 0.0164 0.0547 -0.9984
vn -0.4531 0.2556 -0.8540
vn 0.0461 0.1347 -0.9898
vn 0.6983 -0.0020 -0.7158
vn -0.2961 0.2580 -0.9197
vn 0.0510 0.1609 -0.9856
vn -0.5430 0.3668 -0.7554
vn -0.6821 0.3580 -0.6376
vn -0.7550 0.4467 -0.4801
vn -0.5014 0.3910 -0.7718
vn -0.2750 0.3200 -0.9067
vn -0.3437 0.9120 -0.2237
vn -0.1043 0.9455 -0.3086
vn -0.5967 0.6089 -0.5227
vn -0.3851 0.7283 -0.5669
vn -0.3309 0.5517 -0.7656
vn -0.8785 0.1054 -0.4659
vn -0.9059 0.3517 -0.2358
vn -0.9888 0.0745 -0.1295
vn -0.3243 0.3901 -0.8618
vn -0.6579 0.4010 -0.6374
vn -0.6526 0.1800 -0.7360
vn -0.2014 0.1879 -0.9613
vn -0.2378 0.1858 -0.9534
vn 0.7154 0.6387 -0.2833
vn 0.7518 0.5628 -0.3435
vn 0.7882 0.2738 -0.5512
vn 0.7465 0.1952 -0.6361
vn 0.2263 -0.9018 -0.3682
vn 0.7788 0.1361 -0.6123
vn 0.6068 -0.1986 -0.7697
vn 0.5377 -0.3134 -0.7827
vn 0.8834 0.2174 -0.4151
vn 0.7701 0.6302 0.0995
vn 0.8630 0.1345 -0.4870
vn -0.5081 -0.8221 -0.2567
vn -0.6098 -0.7755 -0.1637
vn -0.6203 -0.7693 -0.1532
vn 0.0139 0.8833 -0.4687
vn 0.1602 0.9592 -0.2330
vn 0.5067 -0.2490 -0.8254
vn 0.8119 -0.5836 0.0165
vn 0.7087 -0.6456 0.2846
vn 0.5686 0.2488 -0.7840
vn -0.4894 0.7121 0.5034
vn -0.4895 0.7120 0.5035
vn -0.8544 -0.1728 -0.4901
vn -0.7922 -0.1802 -0.5830
vn -0.2155 -0.5013 -0.8380
vn -0.2156 -0.5013 -0.8380
vn -0.2183 -0.3283 -0.9190
vn -0.1692 -0.3358 -0.9266
vn 0.6684 -0.7418 -0.0547
vn 0.6069 -0.6108 -0.5085
vn 0.5635 -0.7850 -0.2576
vn -0.8868 0.4492 -0.1085
vn -0.8485 0.3381 -0.4071
vn -0.8394 0.3276 -0.4337
vn 0.3376 -0.7152 0.6120
vn 0.4269 -0.7161 0.5522
vn 0.2032 -0.5886 0.7825
vn 0.5063 -0.8410 0.1909
vn 0.4871 -0.7909 0.3704
vn 0.3495 -0.8966 0.2720
vn 0.4587 -0.7377 -0.4954
vn 0.4479 -0.6582 -0.6051
vn 0.7465 -0.4970 -0.4425
vn -0.2278 -0.6451 0.7294
vn -0.1031 -0.7355 0.6696
vn 0.4940 0.8596 0.1305
vn 0.2394 0.8986 0.3676
vn 0.1241 0.9877 0.0951
vn 0.8435 0.5037 0.1863
vn 0.6361 0.6533 0.4106
vn 0.5260 0.5875 0.6150
vn 0.8129 0.1555 0.5613
vn 0.9471 0.2442 0.2082
vn 0.9801 0.1485 0.1319
vn 0.2390 0.3261 0.9146
vn 0.4945 0.0913 0.8643
vn 0.6355 0.3802 0.6720
vn 0.7957 0.4165 0.4397
vn 0.0334 -0.0759 0.9966
vn 0.1720 -0.1822 0.9681
vn 0.0174 -0.4445 -0.8956
vn 0.0174 -0.4439 -0.8959
vn 0.0174 -0.4442 -0.8957
vn 0.8125 -0.5457 0.2051
vn 0.8127 -0.5453 0.2052
vn 0.1195 -0.7886 -0.6032
vn -0.0649 -0.7219 -0.6890
vn -0.0613 0.4430 0.8944
vn -0.0578 0.4431 0.8946
vn 0.0281 0.4393 0.8979
vn -0.1056 -0.5257 0.8441
vn -0.3446 -0.2623 0.9013
vn -0.0726 -0.1601 0.9844
vn -0.1897 -0.8673 0.4603
vn -0.3878 -0.6558 0.6477
vn -0.5968 -0.5432 0.5905
vn -0.4337 -0.7987 0.4171
vn -0.6601 -0.6483 0.3795
vn -0.1925 -0.9678 0.1623
vn -0.4935 -0.8534 0.1678
vn -0.1842 -0.9601 0.2102
vn -0.9044 -0.2475 0.3475
vn -0.8545 -0.5090 0.1033
vn -0.5891 -0.7941 -0.1496
vn -0.7219 -0.6330 -0.2797
vn -0.8478 -0.5287 -0.0405
vn -0.1256 -0.9584 -0.2562
vn -0.4776 -0.8363 -0.2694
vn -0.5740 -0.6114 -0.5447
vn 0.4734 0.8757 0.0951
vn 0.4735 0.8757 0.0951
vn 0.6254 -0.0272 -0.7799
vn 0.6869 -0.1953 -0.7000
vn 0.1159 -0.7176 -0.6868
vn 0.1160 -0.7174 -0.6869
vn 0.1160 -0.7175 -0.6869
vn -0.7899 -0.4372 0.4300
vn -0.7900 -0.4372 0.4300
vn -0.7899 -0.4373 0.4300
vn -0.2167 0.4691 -0.8561
vn 0.3852 0.1412 -0.9120
vn -0.2430 0.6119 -0.7527
vn 0.2075 0.3551 -0.9115
vn 0.7166 0.0990 -0.6904
vn 0.1213 0.4484 -0.8855
vn 0.3942 0.2330 -0.8890
vn -0.2991 0.8962 0.3277
vn -0.5783 0.7920 0.1957
vn -0.1643 0.7841 0.5985
vn -0.0556 0.8906 0.4514
vn -0.4272 0.8992 0.0945
vn -0.6589 0.7521 0.0096
vn 0.3150 0.9086 -0.2743
vn 0.3166 0.9086 -0.2724
vn 0.4977 0.8649 -0.0645
vn 0.9264 0.1181 -0.3576
vn 0.8825 0.4160 0.2194
vn 0.9287 0.3225 -0.1831
vn 0.7927 0.5581 0.2452
vn 0.9046 0.2198 -0.3651
vn 0.9051 0.4132 -0.1006
vn -0.4782 -0.8548 0.2019
vn -0.1194 -0.9165 -0.3819
vn -0.5894 -0.7705 0.2429
vn -0.3519 -0.8993 -0.2596
vn -0.1229 -0.6922 -0.7111
vn -0.4042 -0.8122 -0.4207
vn -0.3323 -0.6583 -0.6755
vn -0.9502 0.2103 0.2299
vn -0.7905 0.1681 0.5889
vn -0.7921 0.5754 0.2038
vn -0.9499 0.2976 0.0953
vn -0.9484 0.0661 0.3101
vn -0.7490 -0.0250 0.6621
vn -0.9996 0.0098 0.0280
vn -0.1245 -0.3567 -0.9259
vn -0.4606 0.2441 -0.8534
vn -0.3599 -0.2359 -0.9027
vn -0.6087 0.2741 -0.7445
vn -0.4111 -0.4029 -0.8177
vn 0.3729 -0.1062 -0.9218
vn 0.1176 -0.3664 -0.9230
vn 0.6881 -0.0974 -0.7191
vn 0.3464 -0.3472 -0.8715
vn 0.1019 -0.6879 -0.7187
vn 0.5590 -0.5740 -0.5983
vn 0.3117 -0.6572 -0.6862
vn 0.8564 -0.3576 -0.3725
vn 0.9096 -0.1378 -0.3919
vn 0.6881 -0.7144 -0.1271
vn 0.9096 -0.3866 -0.1521
vn 0.6540 -0.3189 -0.6859
vn 0.1187 -0.9058 -0.4068
vn 0.3755 -0.9158 -0.1426
vn 0.3484 -0.8550 -0.3841
vn 0.6540 -0.6715 -0.3485
vn 0.8932 0.1665 0.4177
vn 0.9004 -0.4190 0.1173
vn 0.8047 0.2148 0.5534
vn 0.9147 -0.2326 0.3305
vn 0.6675 -0.7403 0.0805
vn 0.8655 -0.1960 0.4609
vn 0.8495 -0.4261 0.3109
vn -0.2131 0.1678 0.9625
vn -0.1415 0.5601 0.8162
vn -0.5829 0.1580 0.7970
vn -0.2940 0.0219 0.9556
vn -0.0425 0.2402 0.9698
vn 0.0924 0.6351 0.7668
vn -0.0044 -0.0549 0.9985
vn 0.3500 -0.9304 0.1089
vn -0.2503 -0.8507 0.4623
vn 0.1661 -0.9315 0.3238
vn -0.2619 -0.7719 0.5792
vn 0.3482 -0.8857 0.3070
vn 0.1343 -0.8829 0.4500
vn 0.0185 0.9902 -0.1388
vn 0.0812 0.8827 -0.4628
vn 0.0214 0.8982 -0.4391
vn 0.4744 0.7256 -0.4984
vn 0.4745 0.7258 -0.4981
vn 0.0960 0.7277 -0.6792
vn 0.0342 0.6917 -0.7214
vn 0.3386 0.5494 -0.7639
vn 0.6882 -0.6404 -0.3410
vn 0.7107 -0.6872 -0.1505
vn 0.6364 -0.5382 -0.5526
vn 0.5185 -0.3374 -0.7857
vn 0.6370 -0.0027 -0.7709
vn 0.7912 0.0141 -0.6114
vn 0.8408 -0.1612 -0.5168
vn 0.3446 -0.5947 -0.7264
vn 0.6714 0.2906 -0.6817
vn 0.0683 0.3460 -0.9357
vn 0.2778 -0.1624 -0.9468
vn 0.0856 0.4638 -0.8818
vn 0.5288 -0.2492 -0.8113
vn 0.5430 -0.3916 -0.7428
vn -0.0954 0.9287 -0.3582
vn -0.3764 0.9232 -0.0772
vn -0.0905 0.7195 -0.6886
vn -0.3724 0.8572 -0.3556
vn -0.7032 0.7068 -0.0768
vn -0.3538 0.6760 -0.6464
vn -0.6600 0.6696 -0.3406
vn -0.3779 0.1175 -0.9184
vn -0.0965 0.3983 -0.9122
vn -0.7043 0.1079 -0.7017
vn -0.3728 0.3924 -0.8408
vn -0.6604 0.3711 -0.6528
vn -0.9200 0.3816 -0.0892
vn -0.9205 0.1063 -0.3761
vn -0.8490 0.3818 -0.3652
vn -0.9443 -0.0238 -0.3283
vn -0.9905 -0.0176 -0.1366
vn -0.8389 -0.0496 -0.5419
vn -0.5963 -0.1616 -0.7863
vn -0.5539 0.0113 -0.8325
vn -0.7198 -0.4536 -0.5255
vn -0.6590 0.5454 -0.5180
vn 0.1818 -0.2573 -0.9491
vn -0.3257 -0.0460 -0.9444
vn 0.4538 -0.4852 -0.7474
vn 0.2540 -0.3542 -0.9000
vn -0.5619 -0.1685 -0.8098
vn -0.6718 -0.0802 -0.7364
vn 0.6859 -0.7060 -0.1761
vn 0.6212 -0.6540 -0.4316
vn 0.6149 -0.6307 -0.4734
vn -0.0025 -0.7791 -0.6269
vn -0.1551 -0.6867 -0.7102
vn 0.1707 -0.8313 -0.5290
vn 0.4955 -0.5384 -0.6816
vn -0.0269 -0.6461 -0.7628
vn 0.1327 -0.5999 -0.7890
vn 0.0978 0.9117 0.3991
vn 0.3784 0.9181 0.1177
vn 0.0919 0.6888 0.7192
vn 0.3741 0.8403 0.3924
vn 0.7046 0.7014 0.1080
vn 0.3547 0.6463 0.6757
vn 0.6611 0.6525 0.3704
vn 0.3787 0.0769 0.9223
vn 0.0975 0.3583 0.9285
vn 0.7039 0.0765 0.7062
vn 0.3735 0.3545 0.8572
vn 0.6611 0.3409 0.6684
vn 0.9214 0.3739 0.1059
vn 0.9205 0.0886 0.3806
vn 0.8491 0.3646 0.3823
vn 0.4985 0.8172 -0.2894
vn 0.1108 0.9010 -0.4195
vn 0.4646 0.8832 -0.0638
vn 0.7993 0.5348 -0.2742
vn 0.4861 0.7701 -0.4131
vn 0.0513 0.7750 -0.6299
vn 0.6270 0.6683 -0.4003
vn 0.9294 -0.1710 -0.3270
vn 0.9435 0.3205 -0.0839
vn 0.6768 -0.4343 -0.5944
vn 0.9539 0.1343 -0.2684
vn 0.7739 0.6311 -0.0528
vn 0.9234 0.1081 -0.3684
vn -0.1257 -0.5678 -0.8135
vn 0.3170 -0.2974 -0.9006
vn 0.1930 -0.5895 -0.7844
vn -0.1243 -0.2341 -0.9642
vn 0.2962 -0.1308 -0.9461
vn 0.4589 -0.3430 -0.8196
vn 0.5420 -0.0610 -0.8381
vn 0.5487 -0.2993 0.7806
vn 0.4237 -0.1013 0.9001
vn 0.1887 -0.8658 0.4634
vn 0.5170 -0.5709 0.6378
vn 0.8287 -0.2664 0.4922
vn 0.7660 -0.0823 0.6375
vn 0.8057 -0.5522 0.2144
vn 0.5477 -0.7478 -0.3752
vn 0.2184 -0.8103 -0.5438
vn 0.4230 -0.6807 -0.5981
vn 0.8282 -0.5290 -0.1848
vn 0.5960 -0.7561 -0.2704
vn 0.9439 -0.0959 0.3159
vn 0.9438 -0.2837 -0.1696
vn 0.9615 -0.2564 0.0987
vn 0.7652 -0.4917 -0.4157
vn 0.3281 -0.5118 0.7940
vn 0.3919 -0.1509 0.9075
vn 0.0830 -0.4728 0.8773
vn 0.2727 -0.8294 0.4876
vn 0.3935 -0.4865 0.7800
vn 0.4082 -0.6842 0.6044
vn 0.3066 -0.9314 -0.1965
vn 0.0887 -0.9513 0.2951
vn 0.5448 -0.7075 -0.4502
vn 0.2642 -0.9603 0.0900
vn 0.0668 -0.7877 0.6125
vn 0.3553 -0.9335 0.0490
vn 0.8481 0.0309 -0.5290
vn 0.8571 -0.3839 -0.3435
vn 0.7381 -0.2857 -0.6112
vn 0.9331 0.0608 -0.3544
vn 0.9008 -0.3316 -0.2805
vn 0.7446 -0.5408 -0.3914
vn 0.7671 -0.6271 -0.1348
vn -0.3785 -0.1185 0.9180
vn -0.0980 -0.4038 0.9096
vn -0.7044 -0.1081 0.7015
vn -0.3744 -0.3930 0.8399
vn -0.0931 -0.7222 0.6854
vn -0.6615 -0.3695 0.6527
vn -0.3556 -0.6762 0.6453
vn -0.9217 -0.3778 0.0881
vn -0.9208 -0.1049 0.3758
vn -0.7004 -0.7092 0.0804
vn -0.8497 -0.3810 0.3644
vn -0.6624 -0.6678 0.3396
vn -0.0980 -0.9294 0.3559
vn -0.3701 -0.9259 0.0754
vn -0.3741 -0.8575 0.3532
vn -0.5684 -0.7943 -0.2143
vn -0.6929 -0.7170 -0.0761
vn -0.6908 -0.6132 -0.3831
vn -0.4860 -0.8135 -0.3193
vn -0.3385 -0.9172 -0.2103
vn -0.4626 -0.8836 -0.0720
vn -0.1047 -0.8728 -0.4767
vn 0.4454 -0.4817 -0.7547
vn 0.4235 -0.1883 -0.8861
vn 0.6333 -0.2574 -0.7298
vn 0.2504 -0.8055 -0.5371
vn 0.3056 -0.5608 -0.7695
vn 0.1656 -0.2853 -0.9440
vn -0.2324 -0.9674 -0.1006
vn 0.1872 -0.9294 -0.3181
vn -0.0490 -0.9649 -0.2581
vn 0.4505 -0.7029 -0.5505
vn 0.6098 0.7830 0.1225
vn 0.8711 0.4844 0.0809
vn 0.7422 0.6689 0.0424
vn 0.3375 0.9320 0.1325
vn 0.1815 0.7972 0.5758
vn 0.4889 0.8337 0.2566
vn 0.0281 0.7427 0.6690
vn 0.3194 0.9244 0.2084
vn -0.2816 0.9354 0.2141
vn 0.2367 0.9689 0.0720
vn 0.0016 0.9976 0.0696
vn -0.6172 0.7026 0.3542
vn -0.0100 0.9846 0.1748
vn 0.4890 0.8709 0.0490
vn -0.0212 0.9797 0.1993
vn -0.7308 0.4708 0.4942
vn -0.8647 0.2168 0.4531
vn -0.8614 -0.0433 0.5061
vn -0.6535 0.5398 0.5306
vn -0.7517 0.4952 0.4357
vn -0.4093 0.7907 0.4553
vn 0.9792 0.1637 -0.1201
vn 0.8761 0.4809 -0.0334
vn 0.9775 0.0632 -0.2013
vn 0.9232 0.3716 -0.0983
vn 0.6858 0.7277 -0.0008
vn 0.9562 0.2299 -0.1813
vn 0.7726 0.6318 -0.0621
vn 0.9521 0.1415 -0.2709
vn 0.9489 -0.0434 -0.3126
vn 0.9237 0.1477 -0.3534
vn 0.8269 0.5285 -0.1921
vn 0.8765 0.4506 -0.1696
vn 0.5676 0.8204 -0.0696
vn 0.4274 0.8996 -0.0899
vn 0.3774 0.9260 -0.0129
vn 0.6061 0.7679 -0.2074
vn -0.1781 0.7490 -0.6382
vn -0.0509 0.6389 -0.7676
vn -0.2618 0.6540 -0.7098
vn -0.2286 0.6926 -0.6842
vn -0.1445 0.9268 -0.3466
vn -0.0334 0.8647 -0.5012
vn -0.2409 0.9017 -0.3589
vn -0.5999 -0.0658 0.7974
vn -0.5537 0.4259 0.7155
vn -0.6721 0.2353 0.7020
vn -0.4516 0.1339 0.8821
vn -0.4476 0.4517 0.7718
vn -0.6444 0.1364 0.7524
vn -0.5152 0.7311 0.4473
vn -0.4811 0.7019 0.5252
vn -0.0422 0.9738 -0.2233
vn -0.1777 0.9274 0.3291
vn -0.0324 0.9990 0.0293
vn -0.1443 0.9892 0.0274
vn -0.2243 0.9060 0.3590
vn -0.1992 0.9796 0.0276
vn 0.9849 0.0681 0.1593
vn 0.8670 -0.4419 0.2303
vn 0.9870 -0.1509 0.0546
vn 0.3209 -0.4909 0.8099
vn 0.8024 -0.4181 0.4258
vn 0.8750 -0.4721 0.1074
vn 0.7570 -0.6531 0.0224
vn 0.6216 -0.7177 0.3137
vn -0.5345 -0.7185 0.4450
vn -0.7559 -0.4020 0.5168
vn -0.7070 -0.5971 0.3790
vn -0.2659 -0.9162 0.2997
vn -0.5250 -0.6960 0.4899
vn -0.2563 -0.8779 0.4045
vn 0.3971 -0.9174 0.0256
vn -0.1740 -0.9748 0.1397
vn 0.1006 -0.9867 0.1278
vn -0.4577 -0.8516 0.2555
vn 0.1237 -0.9738 0.1908
vn 0.9731 -0.2184 -0.0726
vn 0.9906 -0.0182 -0.1352
vn 0.8174 -0.5725 -0.0646
vn 0.9594 -0.2313 -0.1614
vn 0.9278 -0.2860 -0.2398
vn 0.9618 -0.1329 -0.2395
vn 0.8515 -0.4769 -0.2181
vn 0.5997 -0.7820 -0.1698
vn 0.5033 -0.8585 -0.0984
vn 0.4411 -0.8877 -0.1322
vn 0.7385 -0.6223 -0.2595
vn 0.8438 -0.5171 -0.1437
vn 0.9195 -0.2347 -0.3153
vn 0.7932 -0.5064 -0.3383
vn 0.8624 -0.3149 -0.3964
vn 0.8607 -0.4113 -0.2999
vn 0.6472 -0.7102 -0.2769
vn -0.1112 -0.4575 -0.8823
vn -0.3134 -0.3500 -0.8828
vn 0.0089 -0.1823 -0.9832
vn -0.0109 -0.4677 -0.8838
vn -0.1753 0.0519 -0.9832
vn -0.1954 -0.8171 -0.5423
vn -0.1154 -0.7523 -0.6486
vn -0.1450 -0.9712 0.1891
vn -0.0372 -0.9376 -0.3458
vn -0.0435 -0.9983 -0.0392
vn -0.2359 -0.8673 0.4382
vn -0.1244 -0.9899 -0.0677
vn -0.0053 -0.6990 -0.7151
vn -0.2407 -0.9296 0.2793
vn -0.1513 -0.9859 -0.0710
vn -0.3456 -0.7728 0.5322
vn -0.3350 -0.6581 0.6743
vn -0.4248 -0.5034 0.7524
vn -0.3719 -0.7883 0.4902
vn -0.3026 -0.9169 0.2604
vn -0.3467 0.0734 -0.9351
vn -0.6748 0.1172 -0.7287
vn -0.6328 0.4842 -0.6043
vn -0.5351 0.0026 -0.8448
vn -0.8857 0.0763 -0.4580
vn -0.6846 0.2886 -0.6694
vn -0.5802 0.7623 -0.2867
vn -0.8646 0.1781 -0.4699
vn -0.9706 0.1035 0.2173
vn -0.9415 -0.0380 -0.3347
vn -0.9953 -0.0510 -0.0826
vn -0.9562 0.1538 0.2491
vn -0.9938 0.0656 -0.0898
vn -0.7964 -0.0370 -0.6036
vn -0.9884 0.1249 -0.0865
vn -0.5557 0.5259 0.6439
vn -0.2806 0.4504 0.8476
vn -0.3859 0.5987 0.7019
vn -0.5181 0.5919 0.6175
vn -0.5844 0.4240 0.6919
vn -0.4280 0.3641 0.8272
vn -0.8080 0.4761 0.3471
vn -0.6826 -0.7234 0.1035
vn -0.5429 -0.8398 -0.0039
vn -0.4810 -0.8141 0.3255
vn -0.6959 -0.6689 0.2613
vn -0.8875 -0.4553 0.0710
vn -0.7959 -0.6044 -0.0361
vn -0.8667 -0.4696 0.1683
vn -0.0270 0.8537 0.5200
vn -0.5586 0.6474 0.5186
vn -0.3800 0.7182 0.5830
vn -0.2731 0.8519 0.4468
vn -0.5769 0.7014 0.4186
vn -0.5183 0.6295 0.5789
vn -0.8208 0.3349 0.4628
vn -0.9402 -0.3390 -0.0331
vn -0.9713 0.2109 0.1097
vn -0.9950 -0.0908 -0.0427
vn -0.9930 -0.0957 0.0693
vn -0.9573 0.2421 0.1578
vn -0.9884 -0.0869 0.1249
vn 0.5513 0.1465 -0.8213
vn 0.3101 0.0031 -0.9507
vn 0.4189 0.3369 -0.8432
vn 0.0583 0.1724 -0.9833
vn 0.5748 0.0484 -0.8169
vn 0.7785 0.0628 -0.6245
vn 0.8543 0.2635 -0.4480
vn 0.6713 0.4202 0.6106
vn 0.3716 0.4788 0.7954
vn 0.5402 0.4014 0.7396
vn 0.8667 0.3261 0.3774
vn 0.6935 0.4478 0.5644
vn 0.8534 0.3848 0.3516
vn 0.9646 0.1167 -0.2363
vn 0.9273 0.2323 0.2936
vn 0.9767 0.2106 0.0414
vn 0.7872 0.3169 0.5290
vn 0.9708 0.2376 0.0331
vn 0.5633 -0.8181 0.1160
vn -0.0259 -0.9994 0.0209
vn 0.3003 -0.9538 -0.0036
vn 0.5714 -0.8198 0.0387
vn 0.5816 -0.7927 0.1827
vn 0.8642 -0.4351 0.2528
vn 0.9271 0.3036 0.2198
vn 0.9677 -0.2290 0.1055
vn 0.9896 0.0812 0.1190
vn 0.7878 0.5355 0.3042
vn 0.9788 0.0502 0.1984
vn 0.7792 -0.6246 0.0521
vn 0.8679 0.3860 0.3125
vn 0.9733 0.0447 0.2251
vn 0.6666 0.6090 0.4299
vn 0.5446 0.7426 0.3898
vn 0.4206 0.5394 0.7294
vn 0.3708 0.7423 0.5581
vn 0.8524 0.3668 0.3725
vn 0.2934 -0.3388 0.8939
vn 0.3114 -0.3208 0.8945
vn 0.4359 -0.4883 0.7560
vn 0.4619 -0.4620 0.7571
vn 0.6973 -0.6766 0.2365
vn 0.6791 -0.7338 -0.0202
vn 0.7207 -0.6929 -0.0205
vn 0.2759 -0.3552 0.8932
vn 0.4096 -0.5114 0.7555
vn 0.6564 -0.7164 0.2366
vn 0.6378 -0.7699 -0.0208
vn -0.3005 0.2675 0.9155
vn -0.3178 0.2489 0.9149
vn -0.4507 0.4154 0.7902
vn -0.7218 0.6063 0.3337
vn -0.7187 0.6895 0.0900
vn -0.6831 0.6492 0.3345
vn -0.3342 0.2275 0.9146
vn -0.4765 0.3864 0.7897
vn -0.7600 0.5584 0.3325
vn -0.7599 0.6439 0.0891
vn 0.3461 -0.2822 0.8947
vn 0.3294 -0.3017 0.8947
vn 0.5117 -0.4056 0.7574
vn 0.7366 -0.6332 0.2376
vn 0.7976 -0.6030 -0.0185
vn 0.7725 -0.5890 0.2373
vn 0.4877 -0.4339 0.7575
vn 0.7610 -0.6485 -0.0196
vn -0.2830 0.2850 0.9158
vn -0.2665 0.3010 0.9156
vn -0.4238 0.4420 0.7906
vn -0.3982 0.4659 0.7902
vn -0.6037 0.7228 0.3364
vn -0.6759 0.7313 0.0912
vn -0.6343 0.7675 0.0932
vn -0.6430 0.6887 0.3350
vn -0.2486 0.3155 0.9158
vn -0.2287 0.3317 0.9153
vn -0.3705 0.4879 0.7904
vn -0.3396 0.5131 0.7883
vn -0.5153 0.7882 0.3365
vn -0.5904 0.8015 0.0952
vn -0.5394 0.8364 0.0972
vn -0.5629 0.7551 0.3360
vn 0.2569 -0.3709 0.8924
vn 0.3821 -0.5337 0.7545
vn 0.6160 -0.7516 0.2359
vn 0.5939 -0.8043 -0.0202
vn 0.2374 -0.3874 0.8908
vn 0.3531 -0.5574 0.7515
vn 0.5731 -0.7852 0.2345
vn 0.5454 -0.8380 -0.0184
vn 0.2158 -0.4043 0.8888
vn 0.3224 -0.5800 0.7481
vn 0.5254 -0.8177 0.2353
vn 0.4945 -0.8690 -0.0182
vn 0.1971 -0.4231 0.8844
vn 0.2967 -0.6042 0.7396
vn 0.4757 -0.8489 0.2306
vn 0.4464 -0.8947 -0.0183
vn -0.2074 0.3500 0.9135
vn -0.1911 0.3661 0.9107
vn -0.3056 0.5401 0.7842
vn -0.2801 0.5621 0.7782
vn -0.4210 0.8446 0.3308
vn -0.4823 0.8704 0.0987
vn -0.4372 0.8940 0.0981
vn -0.4627 0.8207 0.3352
vn 0.1047 -0.4688 0.8771
vn -0.0089 -0.4006 0.9162
vn 0.1771 -0.8355 0.5201
vn -0.0165 -0.7256 0.6880
vn 0.1892 -0.9811 0.0405
vn -0.0210 -0.9386 0.3445
vn 0.0847 -0.2082 0.9744
vn 0.2778 -0.6249 0.7296
vn 0.4268 -0.8761 0.2242
vn 0.4111 -0.9112 -0.0251
vn 0.2724 -0.6369 0.7213
vn 0.3937 -0.8953 0.2085
vn -0.1841 0.3766 0.9079
vn -0.2706 0.5740 0.7729
vn -0.4168 0.9040 0.0950
vn -0.4005 0.8564 0.3258
vn -0.3537 0.2004 0.9136
vn -0.5033 0.3544 0.7881
vn -0.8038 0.4966 0.3277
vn -0.8005 0.5927 0.0889
vn -0.3779 0.1789 0.9084
vn -0.5363 0.3120 0.7843
vn -0.8398 0.4383 0.3204
vn -0.8469 0.5246 0.0867
vn 0.3807 -0.2450 0.8916
vn 0.3623 -0.2625 0.8943
vn 0.5570 -0.3537 0.7515
vn 0.8057 -0.5429 0.2370
vn 0.8589 -0.5119 -0.0182
vn 0.8364 -0.4975 0.2300
vn 0.5352 -0.3778 0.7555
vn 0.8308 -0.5562 -0.0175
vn 0.3803 -0.0223 0.9246
vn 0.7113 -0.0178 0.7027
vn 0.9322 -0.0108 0.3617
vn 0.4406 -0.1454 0.8859
vn 0.8168 -0.2315 0.5285
vn 0.9698 -0.2414 0.0360
vn -0.3944 0.1685 0.9033
vn -0.5712 0.2750 0.7734
vn -0.8591 0.4071 0.3102
vn -0.8845 0.4594 0.0815
vn -0.9010 0.4274 0.0743
vn -0.5907 0.2605 0.7637
vn -0.8612 0.3992 0.3147
vn 0.3967 -0.2352 0.8873
vn 0.8575 -0.4672 0.2156
vn 0.5778 -0.3373 0.7432
vn 0.8771 -0.4796 -0.0251
vn 0.5227 -0.4865 -0.7001
vn 0.4929 -0.5168 -0.7000
vn 0.3782 -0.3438 -0.8595
vn 0.3564 -0.3655 -0.8599
vn 0.2106 -0.1802 -0.9608
vn 0.1980 -0.1919 -0.9612
vn 0.4637 -0.5444 -0.6990
vn 0.3355 -0.3858 -0.8594
vn 0.1864 -0.2034 -0.9612
vn -0.5818 0.5097 -0.6338
vn -0.5499 0.5441 -0.6337
vn -0.4216 0.3779 -0.8243
vn -0.3991 0.4033 -0.8235
vn -0.2311 0.2189 -0.9480
vn -0.2190 0.2329 -0.9475
vn -0.6135 0.4712 -0.6337
vn -0.4448 0.3504 -0.8243
vn -0.2437 0.2039 -0.9482
vn 0.5519 -0.4540 -0.6995
vn 0.5796 -0.4217 -0.6973
vn 0.3996 -0.3204 -0.8588
vn 0.4203 -0.2973 -0.8573
vn 0.2226 -0.1671 -0.9605
vn 0.2341 -0.1541 -0.9599
vn -0.4875 0.6059 -0.6287
vn -0.5183 0.5770 -0.6312
vn -0.3542 0.4484 -0.8207
vn -0.3761 0.4271 -0.8223
vn -0.1943 0.2573 -0.9466
vn -0.2061 0.2456 -0.9472
vn -0.4179 0.6629 -0.6213
vn -0.4553 0.6337 -0.6253
vn -0.3048 0.4915 -0.8158
vn -0.3312 0.4691 -0.8186
vn -0.1674 0.2808 -0.9450
vn -0.1821 0.2691 -0.9457
vn 0.4332 -0.5719 -0.6966
vn 0.3137 -0.4062 -0.8583
vn 0.1744 -0.2150 -0.9609
vn 0.3993 -0.5990 -0.6941
vn 0.2899 -0.4273 -0.8563
vn 0.1614 -0.2274 -0.9603
vn 0.3640 -0.6263 -0.6894
vn 0.2651 -0.4487 -0.8534
vn 0.1475 -0.2395 -0.9596
vn 0.3312 -0.6516 -0.6825
vn 0.2423 -0.4702 -0.8486
vn 0.1351 -0.2528 -0.9580
vn -0.3440 0.7173 -0.6059
vn -0.3764 0.6933 -0.6145
vn -0.2535 0.5359 -0.8053
vn -0.2756 0.5152 -0.8115
vn -0.1410 0.3081 -0.9409
vn -0.1523 0.2950 -0.9433
vn 0.0427 -0.8977 -0.4386
vn 0.1661 -0.7395 -0.6524
vn 0.0326 -0.6680 -0.7434
vn 0.1243 -0.5369 -0.8345
vn 0.0176 -0.3473 -0.9376
vn 0.0731 -0.2949 -0.9527
vn 0.3079 -0.6700 -0.6755
vn 0.2271 -0.4879 -0.8429
vn 0.1279 -0.2653 -0.9556
vn -0.3294 0.7291 -0.5999
vn -0.2438 0.5473 -0.8006
vn -0.1362 0.3163 -0.9388
vn -0.6514 0.4208 -0.6313
vn -0.4734 0.3148 -0.8227
vn -0.2587 0.1845 -0.9482
vn -0.6863 0.3738 -0.6238
vn -0.5025 0.2829 -0.8170
vn -0.2771 0.1685 -0.9460
vn 0.6061 -0.3891 -0.6937
vn 0.6303 -0.3585 -0.6886
vn 0.4400 -0.2739 -0.8552
vn 0.4598 -0.2527 -0.8513
vn 0.2456 -0.1411 -0.9591
vn 0.2578 -0.1296 -0.9575
vn 0.9061 -0.0514 -0.4200
vn 0.6842 -0.0295 -0.7287
vn 0.3688 -0.0034 -0.9295
vn 0.7304 -0.1840 -0.6578
vn 0.5363 -0.1282 -0.8343
vn 0.3071 -0.0638 -0.9495
vn -0.7050 0.3509 -0.6163
vn -0.5204 0.2680 -0.8108
vn -0.2896 0.1613 -0.9435
vn 0.6475 -0.3374 -0.6833
vn 0.4764 -0.2395 -0.8460
vn 0.2689 -0.1232 -0.9553
vn -0.8005 0.4860 -0.3508
vn 0.8805 0.4517 0.1439
vn 0.8808 0.4509 0.1443
vn -0.7988 0.4881 -0.3518
vn 0.2697 0.9505 -0.1541
vn 0.2698 0.9505 -0.1541
vn 0.2699 0.9505 -0.1540
vn 0.8567 0.5004 0.1252
vn -0.4757 0.8120 -0.3381
vn -0.4761 0.8122 -0.3371
vn -0.9449 -0.2485 -0.2132
vn -0.9449 -0.2486 -0.2132
vn -0.5312 -0.8455 0.0549
vn -0.1188 -0.9757 0.1844
vn -0.0005 -0.3634 -0.9316
vn -0.0009 -0.6945 -0.7195
vn -0.0012 -0.9177 -0.3972
vn 0.9126 -0.4087 -0.0079
vn 0.3701 -0.9289 -0.0134
vn 0.6835 -0.7298 -0.0104
vn -0.6852 0.2302 0.6910
vn -0.6577 -0.0379 0.7523
vn -0.2858 -0.9184 0.2735
vn -0.7057 0.0140 0.7084
vn 0.9242 0.0070 -0.3817
vn 0.7060 0.0144 -0.7080
vn 0.3810 0.0196 -0.9244
vn -0.6854 0.6779 0.2658
vn -0.7539 0.6566 0.0229
vn -0.3588 0.3765 -0.8541
vn -0.7076 0.7047 0.0529
vn -0.2174 0.6751 0.7050
vn 0.0274 0.7343 0.6783
vn 0.6826 0.5048 0.5285
vn 0.9795 0.1409 0.1440
vn 0.0193 0.6915 0.7221
vn 0.6825 0.5049 0.5284
vn 0.0023 0.9240 -0.3823
vn 0.0017 0.7007 -0.7134
vn 0.0014 0.5820 -0.8132
vn 0.0009 0.3821 -0.9241
vn 0.1144 0.0204 -0.9932
vn 0.0011 0.4722 -0.8815
vn -0.1116 0.1610 -0.9806
vn -0.0663 -0.0798 -0.9946
vn -0.3645 0.0207 -0.9310
vn -0.3875 0.0206 -0.9216
vn -0.6861 0.0164 -0.7274
vn -0.8949 0.0103 -0.4461
vn -0.9155 0.0094 -0.4022
vn -0.6713 0.0168 -0.7410
vn 0.3160 -0.2975 -0.9009
vn 0.3309 -0.3125 -0.8904
vn 0.5446 -0.5321 -0.6483
vn 0.4908 -0.4760 -0.7297
vn 0.6682 -0.6628 -0.3380
vn 0.4674 -0.4517 -0.7600
vn 0.4032 0.9149 0.0210
vn 0.7097 0.7044 0.0144
vn 0.9221 0.3868 0.0056
vn 0.5246 0.8511 0.0189
vn 0.7972 0.6036 0.0117
vn 0.9891 -0.0166 -0.1465
vn 0.3967 -0.0204 0.9177
vn 0.6541 -0.0171 0.7562
vn 0.7210 -0.0157 0.6928
vn 0.8850 -0.0107 0.4656
vn 0.9282 -0.0089 0.3721
vn 0.9924 -0.1075 0.0598
vn 0.8918 -0.3077 -0.3318
vn 0.7515 -0.4533 -0.4793
vn 0.5904 -0.5515 -0.5893
vn 0.6627 -0.5121 -0.5464
vn 0.2033 -0.6701 -0.7138
vn 0.8054 -0.4070 -0.4309
vn 0.3764 -0.6330 -0.6765
vn 0.1393 -0.9897 -0.0334
vn -0.0040 -0.9385 0.3454
vn -0.0038 -0.8310 0.5563
vn -0.0036 -0.7482 0.6634
vn -0.0030 -0.5642 0.8256
vn -0.0034 -0.4382 0.8989
vn -0.1096 -0.9864 0.1222
vn -0.3023 -0.9531 -0.0108
vn -0.6084 -0.7936 0.0096
vn -0.8341 -0.5516 -0.0011
vn -0.0392 -0.9944 -0.0984
vn 0.3289 -0.8789 -0.3455
vn 0.3622 -0.8519 -0.3782
vn 0.6593 -0.3466 -0.6672
vn 0.6849 -0.2314 -0.6910
vn 0.6977 -0.1422 -0.7021
vn 0.3863 -0.8300 -0.4022
vn 0.4746 -0.7319 -0.4889
vn 0.6863 -0.2236 -0.6921
vn 0.0010 0.4034 -0.9150
vn 0.0018 0.7227 -0.6912
vn 0.0024 0.9320 -0.3624
vn -0.9241 0.0089 -0.3820
vn -0.7072 0.0159 -0.7068
vn -0.3826 0.0205 -0.9237
vn 0.6525 -0.6458 -0.3966
vn 0.4991 -0.4849 -0.7181
vn 0.2702 -0.2506 -0.9296
vn 0.9261 0.3773 0.0084
vn 0.7223 0.6914 0.0156
vn 0.4152 0.9095 0.0205
vn 0.9240 -0.0090 0.3822
vn 0.7065 -0.0160 0.7075
vn 0.3825 -0.0205 0.9237
vn 0.2478 -0.6685 -0.7012
vn 0.6445 -0.5281 -0.5529
vn 0.9129 -0.2825 -0.2947
vn -0.0005 -0.4178 0.9086
vn -0.0009 -0.7297 0.6838
vn -0.0012 -0.9339 0.3574
vn -0.8525 -0.5226 -0.0121
vn -0.6390 -0.7690 -0.0180
vn -0.3546 -0.9348 -0.0221
vn 0.6855 -0.2214 -0.6936
vn 0.5413 -0.6280 -0.5591
vn 0.2874 -0.9059 -0.3111
vn -0.3812 0.9243 0.0202
vn -0.7068 0.7072 0.0155
vn -0.7054 0.7086 0.0155
vn -0.9242 0.3818 0.0084
vn 0.5805 -0.8141 -0.0177
vn 0.5219 -0.8468 -0.1030
vn 0.1998 -0.9798 -0.0120
vn -0.8285 -0.5599 -0.0023
vn -0.3882 -0.9215 -0.0077
vn -0.8367 -0.5477 -0.0025
vn -0.9876 -0.1572 -0.0034
vn -0.3827 -0.9236 -0.0202
vn -0.3842 -0.9232 -0.0077
vn -0.9866 -0.1633 -0.0035
vn 0.0217 0.9912 -0.1303
vn -0.1704 0.7757 -0.6077
vn -0.1705 0.7751 -0.6083
vn -0.1706 0.7754 -0.6080
vn -0.3460 0.0173 -0.9381
vn -0.3494 -0.3105 -0.8841
vn -0.3517 -0.2418 -0.9043
vn 0.0215 0.9912 -0.1308
vn -0.1704 0.7755 -0.6079
vn -0.1831 0.0427 -0.9822
vn -0.0001 -0.2135 0.9769
vn 0.1469 -0.1852 0.9717
vn 0.0091 -0.9323 0.3616
vn 0.1032 -0.9273 0.3597
vn -0.0003 -0.4015 0.9159
vn -0.0105 -0.9335 0.3585
vn -0.0009 -0.9125 -0.4090
vn -0.9226 -0.0082 0.3857
vn -0.7055 -0.0160 0.7085
vn -0.7040 -0.0160 0.7100
vn -0.3821 -0.0214 0.9239
vn 0.3759 0.0020 0.9267
vn 0.8035 0.1966 -0.5618
vn 0.9087 0.1987 -0.3672
vn 0.9048 0.1576 0.3957
vn 0.9048 0.1576 0.3956
vn 0.1636 -0.0405 0.9857
vn 0.1662 0.9859 0.0217
vn 0.2306 0.9710 -0.0635
vn 0.5511 0.8340 0.0277
vn 0.9840 -0.1783 0.0058
vn 0.9267 0.3753 0.0208
vn 0.9813 -0.1922 0.0050
vn 0.8094 -0.5871 -0.0128
vn 0.9250 0.3794 0.0208
vn 0.9237 0.3830 0.0084
vn 0.0003 0.3623 0.9320
vn 0.0005 0.6912 0.7227
vn 0.0006 0.6906 0.7232
vn 0.0007 0.9144 0.4047
vn 0.5924 0.1368 -0.7939
vn 0.1267 -0.1699 -0.9773
vn -0.2552 -0.3160 -0.9138
vn 0.1384 -0.1648 -0.9766
vn -0.6087 -0.4472 -0.6554
vn -0.2558 -0.3124 -0.9149
vn -0.6004 -0.4451 -0.6644
vn -0.5352 -0.6103 -0.5840
vn -0.8642 -0.4758 -0.1636
vn 0.3208 0.9054 -0.2781
vn 0.3034 0.9055 -0.2966
vn 0.4698 0.7720 -0.4282
vn 0.4422 0.7739 -0.4534
vn 0.6575 0.2637 -0.7058
vn 0.7183 0.0038 -0.6957
vn 0.6766 0.0064 -0.7363
vn 0.3375 0.9045 -0.2608
vn 0.4928 0.7717 -0.4020
vn 0.6987 0.2598 -0.6665
vn 0.7555 0.0064 -0.6551
vn -0.2710 0.9048 0.3285
vn -0.2516 0.9043 0.3449
vn -0.4143 0.7737 0.4793
vn -0.5938 0.3082 0.7433
vn -0.6740 0.0634 0.7360
vn -0.6370 0.3117 0.7051
vn -0.2303 0.9036 0.3613
vn -0.3837 0.7742 0.5034
vn -0.5448 0.3078 0.7801
vn -0.6275 0.0639 0.7760
vn 0.2642 0.9060 -0.3307
vn 0.2838 0.9060 -0.3141
vn 0.3859 0.7733 -0.5031
vn 0.6136 0.2627 -0.7446
vn 0.5849 0.0068 -0.8111
vn 0.5687 0.2620 -0.7797
vn 0.4139 0.7744 -0.4785
vn 0.6312 0.0069 -0.7756
vn -0.2891 0.9051 0.3116
vn -0.3056 0.9051 0.2956
vn -0.4409 0.7754 0.4522
vn -0.4662 0.7743 0.4280
vn -0.7125 0.3136 0.6276
vn -0.7166 0.0697 0.6940
vn -0.7540 0.0667 0.6535
vn -0.6775 0.3124 0.6659
vn -0.3212 0.9051 0.2786
vn -0.3370 0.9054 0.2583
vn -0.4896 0.7741 0.4013
vn -0.5146 0.7733 0.3703
vn -0.7803 0.3134 0.5412
vn -0.7889 0.0710 0.6104
vn -0.8250 0.0749 0.5601
vn -0.7462 0.3126 0.5878
vn 0.3531 0.9037 -0.2421
vn 0.5135 0.7726 -0.3735
vn 0.7342 0.2620 -0.6263
vn 0.7909 0.0063 -0.6119
vn 0.3698 0.9021 -0.2223
vn 0.5373 0.7698 -0.3446
vn 0.7689 0.2595 -0.5843
vn 0.8255 0.0071 -0.5643
vn 0.3869 0.8997 -0.2019
vn 0.5610 0.7655 -0.3151
vn 0.8027 0.2582 -0.5376
vn 0.8577 0.0080 -0.5140
vn 0.4055 0.8954 -0.1838
vn 0.5863 0.7564 -0.2900
vn 0.8338 0.2580 -0.4881
vn 0.8844 0.0208 -0.4663
vn -0.3554 0.9041 0.2372
vn -0.3716 0.9017 0.2210
vn -0.5410 0.7710 0.3359
vn -0.5630 0.7660 0.3104
vn -0.8354 0.3200 0.4470
vn -0.8602 0.0787 0.5038
vn -0.8841 0.0864 0.4593
vn -0.8131 0.3161 0.4887
vn 0.3376 0.9410 0.0226
vn 0.6007 0.7993 0.0195
vn 0.8109 0.5850 0.0145
vn 0.4142 0.8943 -0.1693
vn 0.5943 0.7593 -0.2651
vn 0.8580 0.2666 -0.4390
vn 0.9005 0.0624 -0.4303
vn 0.8675 0.2929 -0.4021
vn -0.3778 0.9013 0.2121
vn -0.7302 0.5717 0.3741
vn -0.8920 0.1098 0.4386
vn -0.2036 0.9016 0.3817
vn -0.3515 0.7720 0.5296
vn -0.4818 0.3032 0.8221
vn -0.5753 0.0636 0.8155
vn -0.1802 0.8973 0.4029
vn -0.3102 0.7649 0.5645
vn -0.4224 0.2977 0.8561
vn -0.5061 0.0609 0.8603
vn 0.2262 0.9034 -0.3644
vn 0.2437 0.9061 -0.3459
vn 0.3326 0.7683 -0.5469
vn 0.5217 0.2631 -0.8116
vn 0.4924 0.0090 -0.8703
vn 0.4756 0.2573 -0.8412
vn 0.3562 0.7738 -0.5237
vn 0.5374 0.0095 -0.8433
vn 0.0031 0.9335 -0.3585
vn -0.0063 0.7195 -0.6945
vn -0.0144 0.3846 -0.9230
vn 0.1251 0.8980 -0.4219
vn 0.2069 0.5508 -0.8086
vn 0.2189 0.0626 -0.9737
vn -0.1701 0.8913 0.4204
vn -0.2702 0.7574 0.5944
vn -0.3910 0.2851 0.8751
vn -0.4401 0.0550 0.8963
vn -0.4076 0.0475 0.9119
vn -0.2561 0.7456 0.6152
vn -0.3839 0.2854 0.8782
vn 0.2163 0.8990 -0.3807
vn 0.4453 0.2400 -0.8626
vn 0.3159 0.7604 -0.5674
vn 0.4598 0.0015 -0.8880
vn 0.4827 -0.6810 -0.5506
vn 0.5134 -0.6818 -0.5212
vn 0.3449 -0.8460 -0.4066
vn 0.3675 -0.8463 -0.3856
vn 0.1861 -0.9534 -0.2376
vn 0.1985 -0.9537 -0.2257
vn 0.5415 -0.6814 -0.4924
vn 0.3879 -0.8465 -0.3648
vn 0.2105 -0.9537 -0.2147
vn -0.4892 -0.6534 0.5777
vn -0.5240 -0.6535 0.5463
vn -0.3593 -0.8382 0.4103
vn -0.3849 -0.8374 0.3880
vn -0.2028 -0.9558 0.2128
vn -0.2170 -0.9552 0.2010
vn -0.4502 -0.6533 0.6087
vn -0.3308 -0.8388 0.4324
vn -0.1871 -0.9563 0.2247
vn 0.4496 -0.6802 -0.5790
vn 0.4163 -0.6781 -0.6056
vn 0.3216 -0.8446 -0.4281
vn 0.2975 -0.8433 -0.4475
vn 0.1730 -0.9527 -0.2497
vn 0.1597 -0.9521 -0.2606
vn -0.5856 -0.6502 0.4841
vn -0.5581 -0.6499 0.5159
vn -0.4304 -0.8347 0.3436
vn -0.4088 -0.8363 0.3653
vn -0.2419 -0.9540 0.1769
vn -0.2305 -0.9545 0.1890
vn -0.6468 -0.6380 0.4179
vn -0.6160 -0.6437 0.4541
vn -0.4746 -0.8288 0.2965
vn -0.4515 -0.8324 0.3212
vn -0.2654 -0.9521 0.1518
vn -0.2542 -0.9530 0.1652
vn 0.5685 -0.6810 -0.4616
vn 0.4092 -0.8452 -0.3438
vn 0.2224 -0.9536 -0.2028
vn 0.5978 -0.6772 -0.4290
vn 0.4309 -0.8440 -0.3194
vn 0.2352 -0.9535 -0.1886
vn 0.6274 -0.6721 -0.3932
vn 0.4569 -0.8404 -0.2915
vn 0.2545 -0.9521 -0.1693
vn 0.6609 -0.6573 -0.3623
vn 0.4929 -0.8286 -0.2655
vn 0.2891 -0.9456 -0.1494
vn -0.7026 -0.6196 0.3500
vn -0.6772 -0.6315 0.3777
vn -0.5133 -0.8194 0.2551
vn -0.4961 -0.8248 0.2712
vn -0.2776 -0.9509 0.1370
vn -0.2740 -0.9513 0.1414
vn 0.8257 -0.5636 -0.0248
vn 0.4921 -0.8701 -0.0275
vn 0.9905 -0.1362 -0.0170
vn 0.7042 -0.6163 -0.3525
vn 0.5452 -0.7968 -0.2604
vn 0.3482 -0.9253 -0.1501
vn -0.7252 -0.5974 0.3422
vn -0.5264 -0.8124 0.2507
vn -0.2718 -0.9532 0.1326
vn -0.3985 -0.6524 0.6447
vn -0.2943 -0.8379 0.4596
vn -0.1676 -0.9563 0.2395
vn -0.3512 -0.6442 0.6795
vn -0.2620 -0.8323 0.4884
vn -0.1513 -0.9545 0.2572
vn 0.3831 -0.6743 -0.6313
vn 0.3519 -0.6692 -0.6545
vn 0.2736 -0.8410 -0.4668
vn 0.2518 -0.8371 -0.4857
vn 0.1466 -0.9511 -0.2720
vn 0.1344 -0.9495 -0.2835
vn 0.0352 -0.4076 -0.9125
vn 0.0207 -0.7427 -0.6693
vn 0.0057 -0.9201 -0.3916
vn 0.1753 -0.6206 -0.7642
vn 0.1546 -0.8135 -0.5606
vn 0.0677 -0.9411 -0.3312
vn -0.3279 -0.6369 0.6978
vn -0.2469 -0.8260 0.5066
vn -0.1439 -0.9520 0.2701
vn 0.3307 -0.6627 -0.6719
vn 0.2379 -0.8318 -0.5015
vn 0.1278 -0.9471 -0.2944
vn -0.4618 -0.3731 0.8047
vn -0.4709 0.1604 -0.8675
vn -0.4699 0.1607 -0.8680
vn -0.5992 -0.3798 0.7048
vn -0.5217 0.1397 -0.8416
vn 0.1095 0.3005 0.9475
vn 0.1094 0.2999 0.9477
vn 0.1098 0.3002 0.9475
vn -0.8419 -0.2068 0.4984
vn 0.1115 0.3005 0.9473
vn 0.1094 0.3008 0.9474
vn 0.9116 0.3978 0.1038
vn 0.9377 -0.1392 -0.3183
vn 0.9736 -0.0372 -0.2252
vn 0.9898 0.0635 -0.1276
vn -0.8369 -0.3831 -0.3909
vn -0.8378 -0.3985 -0.3732
vn -0.6754 -0.5137 -0.5291
vn -0.6772 -0.5369 -0.5032
vn -0.1241 -0.7197 -0.6831
vn 0.1335 -0.6776 -0.7233
vn 0.1350 -0.7195 -0.6812
vn -0.8373 -0.3636 -0.4083
vn -0.6778 -0.4838 -0.5536
vn -0.1250 -0.6803 -0.7222
vn 0.1314 -0.6364 -0.7601
vn -0.9561 0.2099 0.2046
vn -0.9553 0.2302 0.1858
vn -0.8559 0.3725 0.3587
vn -0.4400 0.6898 0.5749
vn -0.2031 0.7104 0.6738
vn -0.4397 0.6515 0.6182
vn -0.9561 0.2425 0.1647
vn -0.8553 0.4003 0.3288
vn -0.4388 0.7284 0.5262
vn -0.2033 0.7516 0.6275
vn -0.8367 -0.4338 -0.3342
vn -0.8372 -0.4169 -0.3539
vn -0.6762 -0.5859 -0.4467
vn -0.1223 -0.7605 -0.6377
vn 0.1343 -0.7949 -0.5916
vn -0.1237 -0.7939 -0.5954
vn -0.6767 -0.5622 -0.4753
vn 0.1360 -0.7590 -0.6368
vn -0.9551 0.1961 0.2220
vn -0.9549 0.1765 0.2387
vn -0.8539 0.3507 0.3845
vn -0.8532 0.3222 0.4101
vn -0.4397 0.5722 0.6922
vn -0.2033 0.6679 0.7160
vn -0.2035 0.6269 0.7521
vn -0.4394 0.6116 0.6579
vn -0.9540 0.1600 0.2537
vn -0.9526 0.1399 0.2701
vn -0.8516 0.2961 0.4326
vn -0.8484 0.2651 0.4581
vn -0.4357 0.4848 0.7583
vn -0.2036 0.5832 0.7864
vn -0.2032 0.5331 0.8213
vn -0.4382 0.5318 0.7247
vn -0.8376 -0.3437 -0.4247
vn -0.6774 -0.4564 -0.5769
vn -0.1266 -0.6391 -0.7586
vn 0.1284 -0.5940 -0.7941
vn -0.8361 -0.3258 -0.4413
vn -0.6755 -0.4281 -0.6004
vn -0.1281 -0.5979 -0.7913
vn 0.1251 -0.5462 -0.8283
vn -0.8354 -0.3036 -0.4583
vn -0.6732 -0.3975 -0.6235
vn -0.1294 -0.5515 -0.8241
vn 0.1207 -0.4966 -0.8596
vn -0.8316 -0.2849 -0.4767
vn -0.6676 -0.3712 -0.6454
vn -0.1301 -0.5018 -0.8551
vn 0.1204 -0.4478 -0.8860
vn -0.9503 0.1202 0.2873
vn -0.9464 0.1041 0.3057
vn -0.8431 0.2319 0.4851
vn -0.8360 0.2070 0.5083
vn -0.4247 0.3918 0.8162
vn -0.2006 0.4757 0.8564
vn -0.1976 0.4311 0.8804
vn -0.4309 0.4331 0.7916
vn -0.8306 -0.1922 -0.5226
vn -0.8848 -0.0826 -0.4586
vn -0.4453 -0.2328 -0.8646
vn -0.6380 -0.0549 -0.7681
vn 0.0416 -0.1985 -0.9792
vn -0.2834 -0.0183 -0.9588
vn -0.9462 -0.1792 -0.2693
vn -0.6577 -0.3500 -0.6671
vn -0.1248 -0.4529 -0.8828
vn 0.1224 -0.4124 -0.9027
vn -0.6490 -0.3435 -0.6788
vn -0.1109 -0.4165 -0.9023
vn -0.9439 0.0973 0.3155
vn -0.8311 0.1983 0.5196
vn -0.1932 0.4125 0.8902
vn -0.4186 0.3728 0.8281
vn -0.9540 0.2666 0.1372
vn -0.8566 0.4217 0.2975
vn -0.4364 0.7706 0.4644
vn -0.2037 0.7917 0.5759
vn -0.9513 0.2856 0.1159
vn -0.8494 0.4625 0.2542
vn -0.4281 0.8071 0.4065
vn -0.2030 0.8375 0.5073
vn -0.8321 -0.4687 -0.2966
vn -0.8358 -0.4496 -0.3150
vn -0.6668 -0.6331 -0.3932
vn -0.1208 -0.8284 -0.5470
vn 0.1351 -0.8560 -0.4990
vn -0.1159 -0.8569 -0.5024
vn -0.6746 -0.6079 -0.4188
vn 0.1343 -0.8284 -0.5439
vn -0.8795 -0.4697 -0.0766
vn -0.6277 -0.7766 -0.0539
vn -0.2686 -0.9630 -0.0224
vn -0.8283 -0.5248 -0.1964
vn -0.4308 -0.8657 -0.2549
vn 0.0742 -0.9701 -0.2312
vn -0.9462 0.3058 0.1056
vn -0.8437 0.4905 0.2182
vn -0.4184 0.8270 0.3756
vn -0.1966 0.8753 0.4419
vn -0.1881 0.8921 0.4109
vn -0.8312 0.5174 0.2035
vn -0.4204 0.8295 0.3677
vn -0.8270 -0.4836 -0.2866
vn -0.1018 -0.8771 -0.4693
vn -0.6612 -0.6477 -0.3785
vn 0.1407 -0.8735 -0.4661
vn 0.7767 -0.4565 -0.4340
vn 0.7774 -0.4235 -0.4651
vn 0.9118 -0.2974 -0.2832
vn 0.9124 -0.2722 -0.3058
vn 0.9863 -0.1180 -0.1154
vn 0.9861 -0.1054 -0.1282
vn 0.7738 -0.3984 -0.4925
vn 0.9106 -0.2532 -0.3265
vn 0.9859 -0.0932 -0.1390
vn 0.5404 0.6437 0.5418
vn 0.5411 0.6113 0.5775
vn 0.7532 0.5022 0.4248
vn 0.7533 0.4796 0.4500
vn 0.9053 0.3226 0.2762
vn 0.9050 0.3114 0.2898
vn 0.5396 0.6751 0.5031
vn 0.7527 0.5256 0.3965
vn 0.9049 0.3365 0.2607
vn 0.7777 -0.4830 -0.4024
vn 0.7754 -0.5121 -0.3694
vn 0.9128 -0.3149 -0.2602
vn 0.9118 -0.3355 -0.2366
vn 0.9863 -0.1290 -0.1024
vn 0.9864 -0.1378 -0.0894
vn 0.5388 0.5490 0.6389
vn 0.5389 0.5821 0.6089
vn 0.7525 0.4336 0.4957
vn 0.7523 0.4577 0.4738
vn 0.9049 0.2867 0.3147
vn 0.9052 0.2978 0.3033
vn 0.5336 0.4803 0.6961
vn 0.5368 0.5175 0.6663
vn 0.7491 0.3856 0.5387
vn 0.7509 0.4119 0.5162
vn 0.9041 0.2604 0.3389
vn 0.9045 0.2745 0.3264
vn 0.7718 -0.3662 -0.5199
vn 0.9090 -0.2313 -0.3467
vn 0.9852 -0.0809 -0.1513
vn 0.7667 -0.3336 -0.5485
vn 0.9062 -0.2082 -0.3680
vn 0.9841 -0.0686 -0.1636
vn 0.7601 -0.2994 -0.5767
vn 0.9020 -0.1852 -0.3900
vn 0.9828 -0.0565 -0.1761
vn 0.7522 -0.2667 -0.6025
vn 0.8970 -0.1604 -0.4119
vn 0.9809 -0.0431 -0.1898
vn 0.5220 0.4061 0.7501
vn 0.5291 0.4384 0.7265
vn 0.7404 0.3339 0.5833
vn 0.7455 0.3566 0.5631
vn 0.9005 0.2346 0.3660
vn 0.9027 0.2454 0.3534
vn 0.4976 -0.0054 -0.8674
vn 0.7120 -0.1071 -0.6940
vn 0.7849 0.0357 -0.6186
vn 0.8755 -0.0467 -0.4810
vn 0.9555 0.0715 -0.2860
vn 0.9726 0.0181 -0.2319
vn 0.7442 -0.2441 -0.6217
vn 0.8907 -0.1472 -0.4302
vn 0.9787 -0.0361 -0.2020
vn 0.5173 0.3904 0.7616
vn 0.7361 0.3235 0.5946
vn 0.8990 0.2274 0.3744
vn 0.5371 0.7121 0.4522
vn 0.7508 0.5535 0.3605
vn 0.9046 0.3511 0.2417
vn 0.5293 0.7459 0.4044
vn 0.7444 0.5814 0.3284
vn 0.9015 0.3692 0.2257
vn 0.7726 -0.5383 -0.3365
vn 0.7688 -0.5613 -0.3064
vn 0.9090 -0.3582 -0.2130
vn 0.9062 -0.3766 -0.1921
vn 0.9853 -0.1525 -0.0764
vn 0.9844 -0.1638 -0.0646
vn 0.5056 -0.8626 -0.0132
vn 0.7904 -0.6121 0.0256
vn 0.9584 -0.2789 0.0605
vn 0.7370 -0.6627 -0.1327
vn 0.8893 -0.4522 -0.0682
vn 0.9767 -0.2147 0.0008
vn 0.5202 0.7645 0.3806
vn 0.7373 0.5987 0.3129
vn 0.8999 0.3778 0.2178
vn 0.7621 -0.5812 -0.2853
vn 0.9014 -0.3943 -0.1788
vn 0.9827 -0.1759 -0.0582
vn 0.2468 0.7415 0.6239
vn 0.2410 0.8302 0.5026
vn 0.1089 -0.2490 0.9624
vn -0.1472 -0.9693 0.1969
vn 0.2358 0.5064 0.8294
vn 0.2359 0.5118 0.8261
vn 0.1370 0.9589 -0.2483
vn 0.1368 0.9589 -0.2488
vn -0.0467 0.5185 -0.8538
vn -0.1321 0.0949 -0.9867
vn -0.0615 0.4627 -0.8844
vn 0.0353 0.4388 0.8979
vn 0.0616 -0.6159 0.7854
vn 0.0616 -0.6160 0.7854
vn -0.8858 0.4535 -0.0983
vn -0.8893 0.4562 0.0324
vn -0.6553 0.5684 0.4975
vn -0.6552 0.5685 0.4975
vn -0.3993 -0.9164 -0.0294
vn 0.2279 0.7712 0.5944
vn 0.7020 0.6825 0.2037
vn -0.4945 -0.8269 -0.2678
vn -0.5169 -0.3255 -0.7917
vn 0.3251 -0.8810 0.3438
vn 0.1082 0.8806 -0.4613
vn -0.4226 -0.9000 0.1066
vn -0.4328 0.1366 -0.8911
vn 0.7013 -0.4282 0.5699
vn 0.3446 -0.7584 0.5532
vn -0.2771 -0.6547 -0.7033
vn 0.8663 0.2476 -0.4338
vn 0.4174 -0.8923 0.1719
vn 0.8590 0.3703 -0.3537
vn 0.9167 -0.2690 0.2956
vn 0.1048 -0.4941 0.8630
vn -0.6197 -0.2871 0.7305
vn 0.8096 0.1734 -0.5608
vn 0.7988 0.4786 0.3644
vn 0.9664 0.0860 0.2421
vn 0.8067 -0.4032 -0.4321
vn 0.7894 -0.4180 -0.4496
vn 0.6796 -0.2601 -0.6859
vn -0.3830 -0.9235 -0.0203
vn -0.2709 0.2228 -0.9365
vn 0.1115 0.3006 0.9472
vn 0.9141 0.3948 0.0926
vn -0.0617 0.4615 -0.8850
vt 0.507393 0.739371
vt 0.507024 0.736558
vt 0.508710 0.737416
vt 0.459957 0.825867
vt 0.461631 0.816678
vt 0.461788 0.825843
vt 0.508252 0.734523
vt 0.507698 0.731528
vt 0.509381 0.732418
vt 0.479681 0.797548
vt 0.478409 0.788645
vt 0.480235 0.788654
vt 0.511270 0.728096
vt 0.513674 0.726891
vt 0.512942 0.729001
vt 0.460358 0.834997
vt 0.462193 0.834973
vt 0.479924 0.835309
vt 0.478998 0.845432
vt 0.478097 0.835365
vt 0.479256 0.816319
vt 0.477522 0.806835
vt 0.479346 0.806822
vt 0.512066 0.731157
vt 0.511052 0.733305
vt 0.508715 0.729357
vt 0.510393 0.730258
vt 0.479180 0.780015
vt 0.481011 0.780035
vt 0.462551 0.773604
vt 0.463417 0.781787
vt 0.461587 0.781799
vt 0.460844 0.790077
vt 0.462120 0.798609
vt 0.460295 0.798622
vt 0.480254 0.771041
vt 0.482083 0.771070
vt 0.481968 0.759262
vt 0.483770 0.759284
vt 0.465325 0.756662
vt 0.465629 0.765285
vt 0.463776 0.765279
vt 0.512006 0.725982
vt 0.514269 0.724811
vt 0.484367 0.742850
vt 0.486141 0.742837
vt 0.486747 0.723848
vt 0.488544 0.723938
vt 0.467191 0.747792
vt 0.467191 0.756696
vt 0.513085 0.721749
vt 0.515094 0.720582
vt 0.514739 0.722724
vt 0.460980 0.844136
vt 0.462824 0.844113
vt 0.461863 0.853601
vt 0.463721 0.853570
vt 0.482640 0.859216
vt 0.483729 0.879442
vt 0.480830 0.859297
vt 0.506562 0.733647
vt 0.463096 0.863661
vt 0.464969 0.863602
vt 0.464726 0.874111
vt 0.466580 0.873887
vt 0.485519 0.879395
vt 0.486799 0.903201
vt 0.503807 0.740911
vt 0.503882 0.737787
vt 0.505645 0.738580
vt 0.463458 0.816656
vt 0.463618 0.825819
vt 0.469932 0.798088
vt 0.464736 0.790030
vt 0.470474 0.789359
vt 0.477859 0.797551
vt 0.476581 0.788638
vt 0.477100 0.780019
vt 0.472266 0.772326
vt 0.478178 0.771045
vt 0.464028 0.834948
vt 0.464668 0.844087
vt 0.477429 0.816342
vt 0.475785 0.825909
vt 0.475602 0.816365
vt 0.475697 0.806848
vt 0.477613 0.825874
vt 0.476267 0.835421
vt 0.461752 0.807533
vt 0.462669 0.790063
vt 0.463944 0.798595
vt 0.464494 0.790049
vt 0.478424 0.771010
vt 0.476334 0.788657
vt 0.471229 0.780904
vt 0.464390 0.773597
vt 0.465247 0.781776
vt 0.466228 0.773594
vt 0.482598 0.742859
vt 0.473808 0.762299
vt 0.479918 0.759315
vt 0.467479 0.765296
vt 0.469049 0.747980
vt 0.469050 0.756733
vt 0.484892 0.723966
vt 0.464270 0.834954
vt 0.469643 0.825865
vt 0.470084 0.835184
vt 0.477161 0.845510
vt 0.479019 0.859380
vt 0.465577 0.853535
vt 0.466833 0.863541
vt 0.470847 0.844791
vt 0.465827 0.853600
vt 0.464912 0.844104
vt 0.481940 0.879492
vt 0.484925 0.903093
vt 0.468394 0.873660
vt 0.479437 0.825837
vt 0.473480 0.889997
vt 0.474943 0.889261
vt 0.476418 0.888523
vt 0.475539 0.825910
vt 0.476020 0.835417
vt 0.476034 0.797554
vt 0.475357 0.816370
vt 0.501334 0.743813
vt 0.501656 0.740524
vt 0.509930 0.735395
vt 0.478769 0.859311
vt 0.474577 0.871433
vt 0.472284 0.856425
vt 0.514365 0.712400
vt 0.513592 0.708627
vt 0.514766 0.712254
vt 0.514044 0.708597
vt 0.515167 0.712111
vt 0.465490 0.781752
vt 0.459922 0.807549
vt 0.463860 0.825819
vt 0.469471 0.816515
vt 0.463580 0.807517
vt 0.498660 0.747175
vt 0.498339 0.744473
vt 0.502679 0.745182
vt 0.504314 0.743303
vt 0.468619 0.873598
vt 0.467096 0.863701
vt 0.481683 0.879310
vt 0.476443 0.888135
vt 0.513495 0.719201
vt 0.515352 0.718355
vt 0.510334 0.725070
vt 0.512605 0.723898
vt 0.477347 0.779995
vt 0.469322 0.756563
vt 0.475954 0.749848
vt 0.509596 0.727189
vt 0.510937 0.722981
vt 0.469583 0.807193
vt 0.475451 0.806859
vt 0.480832 0.845354
vt 0.578278 0.806671
vt 0.569734 0.772199
vt 0.578951 0.805973
vt 0.476914 0.845495
vt 0.513894 0.716004
vt 0.515545 0.716179
vt 0.512466 0.713616
vt 0.514338 0.712487
vt 0.482344 0.743037
vt 0.477703 0.736286
vt 0.484603 0.724530
vt 0.471081 0.748244
vt 0.498618 0.747254
vt 0.494771 0.749647
vt 0.494499 0.749296
vt 0.505938 0.741320
vt 0.498794 0.747638
vt 0.495058 0.749995
vt 0.467732 0.765220
vt 0.459801 0.816699
vt 0.475788 0.797569
vt 0.466474 0.773560
vt 0.474769 0.734396
vt 0.511428 0.720769
vt 0.480166 0.759236
vt 0.476224 0.735142
vt 0.470863 0.748171
vt 0.464185 0.798581
vt 0.463822 0.807508
vt 0.463699 0.816651
vt 0.505325 0.735695
vt 0.511898 0.717808
vt 0.534247 0.738723
vt 0.499179 0.795322
vt 0.536685 0.723097
vt 0.537321 0.836964
vt 0.505328 0.863593
vt 0.536870 0.836387
vt 0.505801 0.862439
vt 0.536419 0.835809
vt 0.559513 0.810351
vt 0.531735 0.803726
vt 0.543572 0.784531
vt 0.650266 0.848754
vt 0.592187 0.889049
vt 0.590661 0.884509
vt 0.562378 0.730692
vt 0.568875 0.772381
vt 0.608954 0.833105
vt 0.645642 0.848906
vt 0.608661 0.833950
vt 0.517866 0.800419
vt 0.527647 0.758736
vt 0.656787 0.819410
vt 0.624673 0.758176
vt 0.669733 0.830006
vt 0.524835 0.883343
vt 0.550519 0.849159
vt 0.527151 0.882240
vt 0.611292 0.802516
vt 0.609781 0.771956
vt 0.641849 0.800962
vt 0.574749 0.824506
vt 0.551151 0.849905
vt 0.551293 0.718585
vt 0.628196 0.754670
vt 0.509815 0.890108
vt 0.593890 0.894168
vt 0.494685 0.896428
vt 0.666326 0.845467
vt 0.562560 0.730585
vt 0.620532 0.762357
vt 0.563641 0.732204
vt 0.613462 0.814785
vt 0.579055 0.806072
vt 0.613603 0.813901
vt 0.567542 0.812476
vt 0.540195 0.846555
vt 0.538679 0.841642
vt 0.494517 0.794088
vt 0.539464 0.706741
vt 0.578185 0.806878
vt 0.564223 0.771240
vt 0.568715 0.772362
vt 0.621313 0.761528
vt 0.654534 0.817964
vt 0.643717 0.704549
vt 0.631832 0.753845
vt 0.595056 0.719144
vt 0.573010 0.817850
vt 0.540354 0.846696
vt 0.571882 0.813663
vt 0.555409 0.773955
vt 0.552370 0.777338
vt 0.615022 0.819544
vt 0.613493 0.814946
vt 0.559146 0.770075
vt 0.539762 0.706641
vt 0.558945 0.770137
vt 0.609247 0.832256
vt 0.574635 0.823562
vt 0.574377 0.822623
vt 0.524964 0.883526
vt 0.590102 0.883068
vt 0.590561 0.884249
vt 0.499465 0.880288
vt 0.494458 0.896212
vt 0.647483 0.848988
vt 0.649553 0.848899
vt 0.649556 0.848679
vt 0.574914 0.810335
vt 0.616658 0.824782
vt 0.571928 0.813486
vt 0.524301 0.883757
vt 0.545373 0.847612
vt 0.549745 0.848342
vt 0.562939 0.811305
vt 0.683298 0.841444
vt 0.563484 0.732312
vt 0.570597 0.772019
vt 0.562714 0.811327
vt 0.561776 0.811093
vt 0.534132 0.739425
vt 0.504575 0.796406
vt 0.503696 0.796420
vt 0.680493 0.739250
vt 0.692377 0.689955
vt 0.505160 0.863455
vt 0.504589 0.864703
vt 0.552244 0.777434
vt 0.561810 0.810952
vt 0.551447 0.777664
vt 0.616607 0.824991
vt 0.612801 0.828805
vt 0.549889 0.848408
vt 0.574495 0.823601
vt 0.683209 0.841757
vt 0.668608 0.788546
vt 0.652014 0.732548
vt 0.571752 0.813538
vt 0.560873 0.810868
vt 0.505651 0.862352
vt 0.534105 0.741259
vt 0.505450 0.796393
vt 0.579697 0.805398
vt 0.613742 0.813019
vt 0.564585 0.733535
vt 0.619756 0.763179
vt 0.527265 0.882412
vt 0.589646 0.881894
vt 0.574884 0.824468
vt 0.645652 0.849085
vt 0.562087 0.730073
vt 0.621505 0.761331
vt 0.656136 0.819148
vt 0.654432 0.818132
vt 0.653008 0.817235
vt 0.579597 0.805302
vt 0.574247 0.822437
vt 0.574982 0.825702
vt 0.582814 0.853665
vt 0.559851 0.852481
vt 0.586724 0.867627
vt 0.544736 0.879235
vt 0.537384 0.837118
vt 0.504353 0.865538
vt 0.533787 0.826234
vt 0.508085 0.842102
vt 0.560905 0.810733
vt 0.550651 0.777897
vt 0.579208 0.773495
vt 0.577712 0.742949
vt 0.580706 0.804071
vt 0.600099 0.782650
vt 0.609351 0.832126
vt 0.601860 0.840868
vt 0.628712 0.856019
vt 0.529143 0.881341
vt 0.503420 0.796399
vt 0.534349 0.739395
vt 0.534311 0.741248
vt 0.534231 0.742853
vt 0.500159 0.718515
vt 0.500566 0.721330
vt 0.498864 0.720493
vt 0.429492 0.827735
vt 0.431115 0.818447
vt 0.431340 0.827693
vt 0.499365 0.723385
vt 0.499966 0.726377
vt 0.498266 0.725510
vt 0.449246 0.799216
vt 0.448030 0.790304
vt 0.449855 0.790328
vt 0.496432 0.729861
vt 0.494041 0.731081
vt 0.494755 0.728973
vt 0.430006 0.836951
vt 0.431858 0.836900
vt 0.449661 0.836980
vt 0.448907 0.847093
vt 0.447837 0.837062
vt 0.448820 0.817998
vt 0.447064 0.808507
vt 0.448890 0.808494
vt 0.495603 0.726812
vt 0.496578 0.724648
vt 0.498978 0.728568
vt 0.497286 0.727687
vt 0.448887 0.781688
vt 0.450715 0.781730
vt 0.432392 0.774929
vt 0.433065 0.783210
vt 0.431215 0.783187
vt 0.430340 0.791558
vt 0.431574 0.800202
vt 0.429726 0.800210
vt 0.450093 0.772730
vt 0.451899 0.772796
vt 0.452118 0.760866
vt 0.453780 0.761015
vt 0.435880 0.758022
vt 0.435681 0.766523
vt 0.433938 0.766588
vt 0.495711 0.731981
vt 0.493454 0.733156
vt 0.455220 0.744047
vt 0.456563 0.744384
vt 0.459656 0.725000
vt 0.458765 0.724400
vt 0.438032 0.749520
vt 0.437392 0.757680
vt 0.494630 0.736214
vt 0.492615 0.737367
vt 0.492982 0.735234
vt 0.430792 0.846169
vt 0.432653 0.846108
vt 0.431904 0.855703
vt 0.433777 0.855621
vt 0.452869 0.860677
vt 0.454479 0.880520
vt 0.451082 0.860808
vt 0.501071 0.724238
vt 0.433445 0.865802
vt 0.435337 0.865670
vt 0.435583 0.876068
vt 0.437367 0.875783
vt 0.456250 0.880437
vt 0.457797 0.903818
vt 0.503732 0.716943
vt 0.503694 0.720060
vt 0.501920 0.719288
vt 0.432958 0.818415
vt 0.433186 0.827651
vt 0.439459 0.799711
vt 0.434276 0.791552
vt 0.440067 0.790939
vt 0.447422 0.799211
vt 0.446200 0.790280
vt 0.446809 0.781668
vt 0.442132 0.773853
vt 0.448038 0.772694
vt 0.433708 0.836848
vt 0.434511 0.846044
vt 0.446992 0.818030
vt 0.445413 0.827626
vt 0.445162 0.818061
vt 0.445234 0.808520
vt 0.447243 0.827573
vt 0.446007 0.837144
vt 0.431206 0.809219
vt 0.432188 0.791563
vt 0.433419 0.800195
vt 0.434033 0.791569
vt 0.448286 0.772663
vt 0.445953 0.790297
vt 0.440932 0.782460
vt 0.434231 0.774960
vt 0.434911 0.783235
vt 0.436064 0.774993
vt 0.453879 0.743711
vt 0.443921 0.763619
vt 0.450205 0.760781
vt 0.437420 0.766461
vt 0.439235 0.748828
vt 0.438904 0.757340
vt 0.457831 0.723843
vt 0.433952 0.836849
vt 0.439250 0.827639
vt 0.439805 0.836996
vt 0.447080 0.847210
vt 0.449294 0.860943
vt 0.435646 0.855536
vt 0.437203 0.865542
vt 0.440740 0.846622
vt 0.435899 0.855594
vt 0.434757 0.846057
vt 0.452721 0.880606
vt 0.455981 0.903071
vt 0.439117 0.875505
vt 0.449068 0.827520
vt 0.444572 0.891196
vt 0.445979 0.890428
vt 0.447351 0.889656
vt 0.445166 0.827629
vt 0.445760 0.837144
vt 0.445594 0.799206
vt 0.444915 0.818068
vt 0.506190 0.714045
vt 0.505870 0.717317
vt 0.497669 0.722536
vt 0.449046 0.860881
vt 0.445212 0.873029
vt 0.442465 0.858221
vt 0.494464 0.749303
vt 0.493076 0.745800
vt 0.493271 0.745566
vt 0.494240 0.749448
vt 0.492881 0.746034
vt 0.435154 0.783215
vt 0.429359 0.809239
vt 0.433429 0.827648
vt 0.439009 0.818242
vt 0.433050 0.809200
vt 0.508879 0.710713
vt 0.509166 0.713409
vt 0.504848 0.712671
vt 0.503217 0.714553
vt 0.439336 0.875437
vt 0.437470 0.865693
vt 0.452467 0.880436
vt 0.447360 0.889284
vt 0.494203 0.738759
vt 0.492339 0.739589
vt 0.497390 0.732888
vt 0.495116 0.734066
vt 0.447057 0.781646
vt 0.439173 0.757161
vt 0.446423 0.750590
vt 0.498118 0.730755
vt 0.496786 0.734987
vt 0.439094 0.808868
vt 0.444988 0.808531
vt 0.450729 0.846978
vt 0.515648 0.743192
vt 0.515271 0.740373
vt 0.516967 0.741223
vt 0.446834 0.847200
vt 0.493778 0.741949
vt 0.492131 0.741762
vt 0.495182 0.744344
vt 0.493299 0.745457
vt 0.453621 0.743842
vt 0.449046 0.736027
vt 0.457528 0.724232
vt 0.440724 0.747940
vt 0.508922 0.710633
vt 0.512846 0.708270
vt 0.513134 0.708628
vt 0.501600 0.716547
vt 0.455863 0.903112
vt 0.454716 0.904306
vt 0.437672 0.766387
vt 0.429268 0.818478
vt 0.445347 0.799219
vt 0.436309 0.774964
vt 0.491940 0.742171
vt 0.492101 0.741857
vt 0.496284 0.737205
vt 0.450455 0.760716
vt 0.491779 0.742486
vt 0.433662 0.800181
vt 0.433293 0.809190
vt 0.433200 0.818409
vt 0.502280 0.722169
vt 0.495788 0.740164
vt 0.508499 0.935863
vt 0.501284 0.934270
vt 0.508531 0.934416
vt 0.516481 0.738329
vt 0.515883 0.735351
vt 0.517577 0.736209
vt 0.486792 0.919422
vt 0.479751 0.920104
vt 0.479826 0.918671
vt 0.519370 0.731855
vt 0.521741 0.730597
vt 0.521058 0.732720
vt 0.515724 0.935794
vt 0.515752 0.934344
vt 0.516482 0.920397
vt 0.524393 0.921382
vt 0.516477 0.921833
vt 0.501539 0.920370
vt 0.494023 0.921432
vt 0.494072 0.919997
vt 0.520231 0.734893
vt 0.519266 0.737065
vt 0.516851 0.733169
vt 0.518542 0.734032
vt 0.473009 0.919169
vt 0.473098 0.917736
vt 0.467257 0.931975
vt 0.473758 0.931646
vt 0.473692 0.933093
vt 0.480215 0.934012
vt 0.487015 0.933311
vt 0.486964 0.934757
vt 0.466029 0.917955
vt 0.466130 0.916529
vt 0.456913 0.916085
vt 0.457012 0.914683
vt 0.454074 0.928957
vt 0.460850 0.929156
vt 0.460753 0.930614
vt 0.520056 0.729729
vt 0.522287 0.728508
vt 0.444238 0.913460
vt 0.444306 0.912078
vt 0.429507 0.910732
vt 0.429579 0.909324
vt 0.447308 0.926960
vt 0.454202 0.927487
vt 0.521032 0.725482
vt 0.523007 0.724267
vt 0.522706 0.726413
vt 0.522955 0.935526
vt 0.522979 0.934070
vt 0.530436 0.935036
vt 0.530448 0.933570
vt 0.535218 0.918819
vt 0.550849 0.918343
vt 0.535247 0.920225
vt 0.514785 0.737475
vt 0.538372 0.934260
vt 0.538359 0.932777
vt 0.546567 0.933102
vt 0.546428 0.931675
vt 0.550848 0.916962
vt 0.569196 0.916602
vt 0.512044 0.744717
vt 0.512141 0.741604
vt 0.513897 0.742397
vt 0.501323 0.932826
vt 0.508564 0.932970
vt 0.486876 0.927119
vt 0.480325 0.930931
vt 0.480014 0.926375
vt 0.486731 0.920855
vt 0.479678 0.921541
vt 0.472929 0.920800
vt 0.466688 0.924269
vt 0.465943 0.919579
vt 0.515780 0.932895
vt 0.523001 0.932616
vt 0.501501 0.921808
vt 0.508981 0.923386
vt 0.501463 0.923246
vt 0.493974 0.922870
vt 0.509005 0.921947
vt 0.516472 0.923272
vt 0.494062 0.933890
vt 0.480273 0.932567
vt 0.487067 0.931867
vt 0.480331 0.931123
vt 0.465926 0.919384
vt 0.479683 0.921735
vt 0.473385 0.925449
vt 0.467335 0.930523
vt 0.473826 0.930201
vt 0.467416 0.929074
vt 0.444166 0.914837
vt 0.458907 0.922597
vt 0.456861 0.917685
vt 0.460949 0.927702
vt 0.447545 0.925552
vt 0.454331 0.926034
vt 0.429506 0.912218
vt 0.515790 0.932704
vt 0.508770 0.928219
vt 0.516123 0.928128
vt 0.524412 0.922820
vt 0.535279 0.921632
vt 0.530458 0.932106
vt 0.538345 0.931311
vt 0.523698 0.927765
vt 0.530515 0.931911
vt 0.523020 0.932424
vt 0.550855 0.919716
vt 0.568900 0.918207
vt 0.546291 0.930275
vt 0.509029 0.920511
vt 0.558995 0.926712
vt 0.558454 0.925559
vt 0.557911 0.924397
vt 0.508974 0.923579
vt 0.516463 0.923466
vt 0.486670 0.922291
vt 0.501460 0.923440
vt 0.509489 0.747585
vt 0.509914 0.744295
vt 0.518174 0.739182
vt 0.535221 0.921824
vt 0.544591 0.925335
vt 0.532849 0.926880
vt 0.437244 0.920577
vt 0.428371 0.913234
vt 0.437892 0.919479
vt 0.429469 0.912327
vt 0.438541 0.918380
vt 0.473817 0.930008
vt 0.494016 0.935336
vt 0.508570 0.932779
vt 0.501394 0.928079
vt 0.494107 0.932445
vt 0.506604 0.750779
vt 0.506462 0.748081
vt 0.510822 0.749053
vt 0.512517 0.747131
vt 0.546248 0.930098
vt 0.538475 0.931109
vt 0.550710 0.919909
vt 0.557617 0.924372
vt 0.521377 0.722932
vt 0.523206 0.722038
vt 0.518367 0.728858
vt 0.520605 0.727636
vt 0.472920 0.920606
vt 0.454212 0.925813
vt 0.449314 0.920314
vt 0.517680 0.730988
vt 0.518920 0.726761
vt 0.494046 0.927698
vt 0.493974 0.923063
vt 0.524375 0.919947
vt 0.524394 0.923013
vt 0.521687 0.719739
vt 0.523339 0.719864
vt 0.520193 0.717407
vt 0.522024 0.716226
vt 0.444294 0.915043
vt 0.438849 0.918387
vt 0.429939 0.912469
vt 0.447844 0.924006
vt 0.506557 0.750855
vt 0.502523 0.752968
vt 0.502279 0.752596
vt 0.514175 0.745146
vt 0.506705 0.751253
vt 0.502782 0.753341
vt 0.460902 0.927500
vt 0.501246 0.935716
vt 0.486673 0.922485
vt 0.467400 0.928880
vt 0.519357 0.724545
vt 0.456811 0.917488
vt 0.447778 0.924171
vt 0.487064 0.931676
vt 0.494108 0.932254
vt 0.501326 0.932635
vt 0.513572 0.739523
vt 0.519751 0.721589
vt 0.513150 0.708666
vt 0.513138 0.708674
vt 0.513148 0.708655
vt 0.513143 0.708692
vt 0.513130 0.708695
vt 0.513134 0.708664
vt 0.513146 0.708650
vt 0.513128 0.708683
vt 0.488637 0.724274
vt 0.488692 0.724265
vt 0.488672 0.724371
vt 0.488609 0.724158
vt 0.488651 0.724146
vt 0.513125 0.708722
vt 0.513138 0.708722
vt 0.513132 0.708754
vt 0.488617 0.724051
vt 0.488651 0.724038
vt 0.488584 0.723971
vt 0.488581 0.724042
vt 0.488542 0.723874
vt 0.488589 0.723926
vt 0.488618 0.723999
vt 0.494499 0.749282
vt 0.494515 0.749273
vt 0.494491 0.749302
vt 0.494488 0.749286
vt 0.494510 0.749261
vt 0.494534 0.749247
vt 0.494499 0.749268
vt 0.488568 0.903070
vt 0.488608 0.903034
vt 0.488566 0.903111
vt 0.488604 0.902961
vt 0.488642 0.902949
vt 0.488611 0.903079
vt 0.488640 0.903004
vt 0.494554 0.749221
vt 0.494545 0.749210
vt 0.494570 0.749197
vt 0.494525 0.749238
vt 0.488672 0.902843
vt 0.488632 0.902833
vt 0.488658 0.902709
vt 0.494503 0.749255
vt 0.484754 0.723913
vt 0.484766 0.724012
vt 0.484714 0.724079
vt 0.514041 0.708582
vt 0.514061 0.708591
vt 0.514067 0.708601
vt 0.484728 0.724133
vt 0.484669 0.724237
vt 0.484763 0.724081
vt 0.484814 0.724032
vt 0.484883 0.723919
vt 0.484817 0.724118
vt 0.484758 0.724146
vt 0.484807 0.723975
vt 0.484627 0.724393
vt 0.484669 0.724414
vt 0.484699 0.724262
vt 0.484742 0.724270
vt 0.495078 0.749999
vt 0.495049 0.750001
vt 0.484745 0.902993
vt 0.484757 0.902933
vt 0.484811 0.903056
vt 0.484883 0.903156
vt 0.484852 0.903082
vt 0.484799 0.902985
vt 0.484694 0.902634
vt 0.484651 0.902656
vt 0.484626 0.902513
vt 0.484771 0.902785
vt 0.484725 0.902795
vt 0.484695 0.902821
vt 0.484788 0.902918
vt 0.484855 0.903030
vt 0.484852 0.902946
vt 0.484906 0.903160
vt 0.578297 0.806704
vt 0.578259 0.806728
vt 0.578322 0.806733
vt 0.578273 0.806751
vt 0.578238 0.806794
vt 0.578331 0.806797
vt 0.578353 0.806757
vt 0.578387 0.806775
vt 0.578267 0.806821
vt 0.578308 0.806784
vt 0.578269 0.806789
vt 0.578290 0.806768
vt 0.578212 0.806844
vt 0.578254 0.806792
vt 0.578237 0.806823
vt 0.578219 0.806849
vt 0.524801 0.883425
vt 0.524666 0.883510
vt 0.524814 0.883477
vt 0.524669 0.883529
vt 0.524569 0.883610
vt 0.524514 0.883629
vt 0.524709 0.883579
vt 0.524861 0.883513
vt 0.524692 0.883567
vt 0.524683 0.883546
vt 0.524487 0.883656
vt 0.524407 0.883687
vt 0.562324 0.730466
vt 0.562403 0.730624
vt 0.562259 0.730345
vt 0.562279 0.730368
vt 0.562484 0.730573
vt 0.562362 0.730419
vt 0.562436 0.730588
vt 0.562351 0.730429
vt 0.562244 0.730318
vt 0.562214 0.730256
vt 0.656205 0.819119
vt 0.656343 0.819211
vt 0.656239 0.819084
vt 0.656371 0.819195
vt 0.656513 0.819253
vt 0.656565 0.819283
vt 0.656235 0.818959
vt 0.656407 0.819161
vt 0.656251 0.819035
vt 0.656596 0.819292
vt 0.656416 0.819148
vt 0.534291 0.739342
vt 0.534295 0.739186
vt 0.534240 0.739331
vt 0.534271 0.739172
vt 0.534252 0.739033
vt 0.534256 0.738983
vt 0.534228 0.739160
vt 0.534190 0.739352
vt 0.534213 0.739158
vt 0.534253 0.739018
vt 0.534240 0.738839
vt 0.534251 0.738932
vt 0.534240 0.738957
vt 0.574242 0.822603
vt 0.574263 0.822644
vt 0.574231 0.822664
vt 0.574254 0.822536
vt 0.574265 0.822591
vt 0.574288 0.822583
vt 0.574300 0.822629
vt 0.574293 0.822526
vt 0.574267 0.822509
vt 0.574263 0.822478
vt 0.574255 0.822480
vt 0.574339 0.822623
vt 0.574337 0.822577
vt 0.574311 0.822578
vt 0.574285 0.822540
vt 0.649790 0.848753
vt 0.649603 0.848737
vt 0.649772 0.848722
vt 0.649964 0.848762
vt 0.649933 0.848761
vt 0.649793 0.848777
vt 0.649618 0.848786
vt 0.649605 0.848837
vt 0.649810 0.848811
vt 0.649807 0.848796
vt 0.650034 0.848769
vt 0.562797 0.811219
vt 0.562751 0.811218
vt 0.562750 0.811181
vt 0.562835 0.811270
vt 0.562797 0.811245
vt 0.562746 0.811257
vt 0.562820 0.811276
vt 0.562792 0.811269
vt 0.562895 0.811299
vt 0.562831 0.811288
vt 0.562866 0.811287
vt 0.562898 0.811290
vt 0.562849 0.811262
vt 0.562732 0.811294
vt 0.562772 0.811315
vt 0.562785 0.811292
vt 0.562839 0.811302
vt 0.504624 0.865044
vt 0.504688 0.864860
vt 0.504749 0.864880
vt 0.504511 0.865183
vt 0.504590 0.865026
vt 0.504569 0.865002
vt 0.504651 0.864824
vt 0.504526 0.865128
vt 0.504622 0.864773
vt 0.504531 0.864981
vt 0.504548 0.864995
vt 0.504500 0.865185
vt 0.504462 0.865252
vt 0.683369 0.841420
vt 0.683286 0.841526
vt 0.683450 0.841424
vt 0.683397 0.841543
vt 0.683269 0.841604
vt 0.683475 0.841578
vt 0.683389 0.841633
vt 0.595042 0.719140
vt 0.595061 0.719121
vt 0.595051 0.719167
vt 0.595032 0.719156
vt 0.595039 0.719122
vt 0.595067 0.719105
vt 0.683502 0.841663
vt 0.683439 0.841646
vt 0.683243 0.841680
vt 0.683265 0.841814
vt 0.683350 0.841716
vt 0.683341 0.841845
vt 0.683437 0.841722
vt 0.539408 0.706694
vt 0.539536 0.706707
vt 0.539372 0.706625
vt 0.539496 0.706607
vt 0.539609 0.706678
vt 0.539485 0.706525
vt 0.539574 0.706566
vt 0.692388 0.689943
vt 0.692395 0.689970
vt 0.692361 0.689938
vt 0.692380 0.689927
vt 0.692405 0.689950
vt 0.692405 0.689983
vt 0.539539 0.706457
vt 0.539559 0.706518
vt 0.539683 0.706657
vt 0.539783 0.706572
vt 0.539660 0.706553
vt 0.539774 0.706495
vt 0.539623 0.706480
vt 0.571925 0.813534
vt 0.571881 0.813491
vt 0.571916 0.813578
vt 0.571882 0.813535
vt 0.571837 0.813502
vt 0.571855 0.813564
vt 0.571848 0.813539
vt 0.571865 0.813601
vt 0.571903 0.813620
vt 0.571810 0.813609
vt 0.571843 0.813638
vt 0.571879 0.813570
vt 0.571794 0.813517
vt 0.571780 0.813576
vt 0.571816 0.813554
vt 0.571837 0.813582
vt 0.494667 0.896511
vt 0.494624 0.896380
vt 0.494622 0.896586
vt 0.494553 0.896473
vt 0.494565 0.896330
vt 0.494481 0.896530
vt 0.494480 0.896425
vt 0.668614 0.788561
vt 0.668589 0.788555
vt 0.668631 0.788540
vt 0.668632 0.788562
vt 0.668601 0.788573
vt 0.668574 0.788558
vt 0.494392 0.896514
vt 0.494442 0.896465
vt 0.494510 0.896274
vt 0.494383 0.896231
vt 0.494425 0.896351
vt 0.494313 0.896280
vt 0.494375 0.896426
vt 0.564437 0.733637
vt 0.564503 0.733622
vt 0.564491 0.733677
vt 0.564466 0.733580
vt 0.564487 0.733557
vt 0.564539 0.733664
vt 0.564544 0.733723
vt 0.564515 0.733600
vt 0.564537 0.733635
vt 0.564541 0.733598
vt 0.564516 0.733545
vt 0.564597 0.733613
vt 0.564562 0.733650
vt 0.564596 0.733774
vt 0.564629 0.733754
vt 0.564995 0.732758
vt 0.564577 0.733702
vt 0.564611 0.733684
vt 0.579629 0.805286
vt 0.579618 0.805331
vt 0.579661 0.805275
vt 0.579647 0.805315
vt 0.579641 0.805357
vt 0.579674 0.805321
vt 0.579662 0.805334
vt 0.579727 0.805300
vt 0.579694 0.805267
vt 0.578625 0.806478
vt 0.579722 0.805333
vt 0.579694 0.805301
vt 0.579692 0.805326
vt 0.579669 0.805304
vt 0.579667 0.805379
vt 0.579712 0.805366
vt 0.579682 0.805349
vt 0.653019 0.817167
vt 0.653065 0.817202
vt 0.652963 0.817182
vt 0.652974 0.817133
vt 0.653041 0.817153
vt 0.653086 0.817179
vt 0.653004 0.817133
vt 0.652877 0.817046
vt 0.652859 0.817080
vt 0.653793 0.816607
vt 0.652950 0.817060
vt 0.652933 0.817096
vt 0.652914 0.817131
vt 0.653103 0.817078
vt 0.653041 0.817127
vt 0.653023 0.817070
vt 0.653097 0.817149
vt 0.652987 0.817108
vt 0.574782 0.824490
vt 0.574770 0.824535
vt 0.574814 0.824478
vt 0.574799 0.824519
vt 0.574793 0.824561
vt 0.574822 0.824508
vt 0.574815 0.824538
vt 0.574881 0.824504
vt 0.574848 0.824471
vt 0.574875 0.824538
vt 0.574848 0.824505
vt 0.574845 0.824530
vt 0.574819 0.824583
vt 0.574864 0.824570
vt 0.574383 0.823149
vt 0.574835 0.824553
vt 0.574827 0.824526
vt 0.529206 0.881375
vt 0.529149 0.881398
vt 0.529215 0.881316
vt 0.529253 0.881364
vt 0.529211 0.881411
vt 0.529164 0.881429
vt 0.529244 0.881393
vt 0.529369 0.881346
vt 0.529337 0.881296
vt 0.528995 0.882068
vt 0.529336 0.881392
vt 0.529304 0.881355
vt 0.529278 0.881303
vt 0.529275 0.881397
vt 0.529237 0.881490
vt 0.529241 0.881429
vt 0.529296 0.881437
vt 0.529187 0.881455
vt 0.645602 0.848961
vt 0.645559 0.848922
vt 0.645668 0.848957
vt 0.645622 0.848994
vt 0.645546 0.848974
vt 0.645489 0.848943
vt 0.645574 0.848994
vt 0.645603 0.849027
vt 0.645672 0.849027
vt 0.645561 0.849068
vt 0.645546 0.849015
vt 0.645422 0.848964
vt 0.645421 0.849021
vt 0.645955 0.849741
vt 0.645489 0.848994
vt 0.645488 0.849045
vt 0.534176 0.742892
vt 0.534179 0.742830
vt 0.534219 0.742931
vt 0.534164 0.742943
vt 0.534143 0.742877
vt 0.534143 0.742919
vt 0.534124 0.743060
vt 0.534181 0.743057
vt 0.533615 0.742513
vt 0.534099 0.743003
vt 0.534147 0.742996
vt 0.534201 0.742996
vt 0.534124 0.742946
vt 0.534057 0.742858
vt 0.534112 0.742896
vt 0.534077 0.742940
vt 0.534145 0.742826
vt 0.560904 0.810769
vt 0.560870 0.810737
vt 0.560898 0.810803
vt 0.560870 0.810771
vt 0.560837 0.810745
vt 0.560868 0.810796
vt 0.560845 0.810774
vt 0.560843 0.810848
vt 0.560888 0.810835
vt 0.560817 0.810826
vt 0.560858 0.810819
vt 0.560838 0.810804
vt 0.560805 0.810756
vt 0.560794 0.810801
vt 0.562452 0.811175
vt 0.560823 0.810785
vt 0.560850 0.810791
vt 0.505772 0.862366
vt 0.505826 0.862354
vt 0.505748 0.862429
vt 0.505736 0.862365
vt 0.505788 0.862305
vt 0.505844 0.862270
vt 0.505757 0.862320
vt 0.505720 0.862333
vt 0.505690 0.862392
vt 0.505709 0.862282
vt 0.505755 0.862284
vt 0.505716 0.862414
vt 0.505858 0.862190
vt 0.505811 0.862165
vt 0.504889 0.861958
vt 0.505800 0.862240
vt 0.505760 0.862221
vt 0.494476 0.749288
vt 0.494470 0.749312
vt 0.494469 0.749273
vt 0.494481 0.749263
vt 0.494482 0.749297
vt 0.494474 0.749315
vt 0.494485 0.749276
vt 0.494493 0.749199
vt 0.494479 0.749201
vt 0.494485 0.749169
vt 0.459713 0.725264
vt 0.459753 0.725267
vt 0.459737 0.725404
vt 0.494487 0.749234
vt 0.494474 0.749237
vt 0.494490 0.749262
vt 0.459704 0.725057
vt 0.459688 0.725122
vt 0.459687 0.724944
vt 0.459716 0.725015
vt 0.459728 0.725155
vt 0.459733 0.725099
vt 0.492095 0.741835
vt 0.492109 0.741835
vt 0.492089 0.741809
vt 0.492103 0.741813
vt 0.492116 0.741809
vt 0.492099 0.741794
vt 0.492110 0.741795
vt 0.438005 0.749439
vt 0.438056 0.749436
vt 0.492097 0.741758
vt 0.492107 0.741773
vt 0.492097 0.741776
vt 0.438027 0.749372
vt 0.438086 0.749339
vt 0.492105 0.741786
vt 0.492115 0.741777
vt 0.492120 0.741760
vt 0.492124 0.741784
vt 0.492108 0.741759
vt 0.513134 0.708643
vt 0.513118 0.708651
vt 0.513149 0.708621
vt 0.513145 0.708639
vt 0.513123 0.708663
vt 0.513098 0.708677
vt 0.513134 0.708657
vt 0.459651 0.903956
vt 0.459691 0.903921
vt 0.459647 0.903997
vt 0.459687 0.903848
vt 0.459725 0.903836
vt 0.459694 0.903967
vt 0.459724 0.903892
vt 0.513077 0.708704
vt 0.513086 0.708715
vt 0.513060 0.708728
vt 0.513107 0.708687
vt 0.459753 0.903729
vt 0.459712 0.903720
vt 0.459737 0.903595
vt 0.513129 0.708670
vt 0.494004 0.749576
vt 0.493992 0.749573
vt 0.493984 0.749556
vt 0.494010 0.749584
vt 0.493996 0.749584
vt 0.493974 0.749559
vt 0.493960 0.749532
vt 0.493981 0.749571
vt 0.457775 0.723854
vt 0.457849 0.723804
vt 0.457756 0.723933
vt 0.457705 0.723918
vt 0.457783 0.723804
vt 0.457723 0.723864
vt 0.457548 0.724120
vt 0.457598 0.724149
vt 0.457587 0.723988
vt 0.457631 0.724008
vt 0.457676 0.724041
vt 0.457673 0.723894
vt 0.440605 0.747832
vt 0.440526 0.747880
vt 0.440558 0.747800
vt 0.440646 0.747867
vt 0.440578 0.747892
vt 0.440555 0.747953
vt 0.440497 0.747975
vt 0.440591 0.747945
vt 0.440640 0.747942
vt 0.440685 0.747903
vt 0.440661 0.747987
vt 0.440594 0.747982
vt 0.440619 0.747906
vt 0.440473 0.748067
vt 0.440520 0.748099
vt 0.440455 0.748146
vt 0.440538 0.748022
vt 0.440591 0.748042
vt 0.455856 0.903008
vt 0.455920 0.903147
vt 0.455807 0.902948
vt 0.455819 0.902894
vt 0.455893 0.903041
vt 0.455853 0.902943
vt 0.455752 0.902624
vt 0.455713 0.902645
vt 0.455684 0.902513
vt 0.455827 0.902761
vt 0.455786 0.902770
vt 0.455759 0.902795
vt 0.455846 0.902881
vt 0.455902 0.902990
vt 0.455904 0.902907
vt 0.455948 0.903140
vt 0.520708 0.712454
vt 0.520698 0.712464
vt 0.520705 0.712443
vt 0.520705 0.712481
vt 0.520693 0.712486
vt 0.520692 0.712454
vt 0.520701 0.712438
vt 0.520689 0.712474
vt 0.520682 0.712545
vt 0.520696 0.712543
vt 0.520691 0.712571
vt 0.429756 0.909284
vt 0.429749 0.909252
vt 0.429848 0.909268
vt 0.520688 0.712512
vt 0.520701 0.712512
vt 0.520683 0.712486
vt 0.429607 0.909295
vt 0.429662 0.909301
vt 0.429528 0.909320
vt 0.429573 0.909290
vt 0.429670 0.909272
vt 0.429629 0.909271
vt 0.502279 0.752582
vt 0.502296 0.752574
vt 0.502269 0.752602
vt 0.502268 0.752585
vt 0.502291 0.752562
vt 0.502317 0.752550
vt 0.502280 0.752568
vt 0.569177 0.915163
vt 0.569149 0.915132
vt 0.569210 0.915166
vt 0.569093 0.915133
vt 0.569084 0.915103
vt 0.569185 0.915130
vt 0.569127 0.915105
vt 0.502339 0.752524
vt 0.502331 0.752512
vt 0.502357 0.752502
vt 0.502309 0.752539
vt 0.569002 0.915077
vt 0.568994 0.915108
vt 0.568898 0.915085
vt 0.502285 0.752555
vt 0.429542 0.912321
vt 0.429591 0.912363
vt 0.521536 0.712031
vt 0.521558 0.712032
vt 0.521568 0.712039
vt 0.429634 0.912354
vt 0.429713 0.912404
vt 0.429595 0.912325
vt 0.429558 0.912284
vt 0.429467 0.912223
vt 0.429626 0.912284
vt 0.429646 0.912331
vt 0.429514 0.912288
vt 0.429833 0.912444
vt 0.429851 0.912412
vt 0.429734 0.912382
vt 0.429742 0.912348
vt 0.568922 0.918300
vt 0.568844 0.918298
vt 0.568951 0.918262
vt 0.568795 0.918333
vt 0.568755 0.918322
vt 0.568872 0.918272
vt 0.568794 0.918298
vt 0.568540 0.918361
vt 0.568556 0.918393
vt 0.568450 0.918409
vt 0.568651 0.918309
vt 0.568657 0.918342
vt 0.568675 0.918364
vt 0.568746 0.918300
vt 0.568833 0.918262
vt 0.568769 0.918257
vt 0.568960 0.918239
vt 0.512077 0.731163
vt 0.511063 0.733311
vt 0.512087 0.731168
vt 0.511073 0.733315
vt 0.512096 0.731172
vt 0.511082 0.733320
vt 0.459874 0.807548
vt 0.459753 0.816700
vt 0.512953 0.729007
vt 0.512963 0.729012
vt 0.459833 0.807545
vt 0.460247 0.798621
vt 0.479628 0.825827
vt 0.479396 0.816319
vt 0.479447 0.816320
vt 0.479576 0.825831
vt 0.479351 0.816318
vt 0.479531 0.825834
vt 0.479306 0.816318
vt 0.480114 0.835286
vt 0.480063 0.835295
vt 0.480019 0.835302
vt 0.479487 0.825836
vt 0.508721 0.737421
vt 0.509942 0.735401
vt 0.508731 0.737426
vt 0.509951 0.735406
vt 0.508740 0.737432
vt 0.460310 0.834999
vt 0.509960 0.735411
vt 0.459909 0.825868
vt 0.479871 0.797570
vt 0.479485 0.806828
vt 0.479820 0.797560
vt 0.479440 0.806825
vt 0.479776 0.797554
vt 0.479396 0.806823
vt 0.479732 0.797549
vt 0.479536 0.806834
vt 0.481198 0.780078
vt 0.480373 0.788672
vt 0.481149 0.780060
vt 0.480329 0.788662
vt 0.481106 0.780047
vt 0.480285 0.788656
vt 0.481062 0.780038
vt 0.480424 0.788686
vt 0.513685 0.726897
vt 0.513695 0.726902
vt 0.460207 0.798618
vt 0.460795 0.790076
vt 0.514281 0.724817
vt 0.514291 0.724821
vt 0.460755 0.790071
vt 0.461539 0.781797
vt 0.514750 0.722730
vt 0.514760 0.722735
vt 0.461498 0.781790
vt 0.462502 0.773601
vt 0.515105 0.720592
vt 0.515114 0.720599
vt 0.462462 0.773591
vt 0.463727 0.765273
vt 0.483944 0.759379
vt 0.482218 0.771104
vt 0.483900 0.759340
vt 0.482176 0.771086
vt 0.483860 0.759310
vt 0.482133 0.771074
vt 0.483819 0.759291
vt 0.482265 0.771128
vt 0.515557 0.716175
vt 0.514342 0.712456
vt 0.515568 0.716170
vt 0.514347 0.712429
vt 0.515577 0.716163
vt 0.514355 0.712410
vt 0.515588 0.716155
vt 0.513126 0.708781
vt 0.515362 0.718372
vt 0.515371 0.718385
vt 0.463688 0.765255
vt 0.465276 0.756649
vt 0.465240 0.756613
vt 0.467139 0.747795
vt 0.486263 0.742938
vt 0.486228 0.742884
vt 0.486189 0.742849
vt 0.486302 0.743005
vt 0.481018 0.845311
vt 0.480969 0.845328
vt 0.480926 0.845341
vt 0.479975 0.835306
vt 0.482816 0.859126
vt 0.482771 0.859162
vt 0.482731 0.859190
vt 0.480882 0.845350
vt 0.505952 0.741323
vt 0.507405 0.739377
vt 0.505963 0.741325
vt 0.507415 0.739381
vt 0.505973 0.741330
vt 0.461814 0.853606
vt 0.507424 0.739387
vt 0.460931 0.844138
vt 0.498641 0.747199
vt 0.498626 0.747221
vt 0.498618 0.747240
vt 0.502685 0.745193
vt 0.502689 0.745203
vt 0.502694 0.745213
vt 0.502696 0.745225
vt 0.485680 0.879217
vt 0.485641 0.879287
vt 0.485606 0.879344
vt 0.482690 0.859209
vt 0.485567 0.879381
vt 0.488692 0.902605
vt 0.504332 0.743299
vt 0.504348 0.743297
vt 0.464675 0.874110
vt 0.504360 0.743298
vt 0.463048 0.863673
vt 0.463515 0.816655
vt 0.463638 0.807516
vt 0.463578 0.816654
vt 0.463701 0.807514
vt 0.463641 0.816653
vt 0.463764 0.807511
vt 0.464001 0.798593
vt 0.464064 0.798590
vt 0.464127 0.798585
vt 0.475727 0.825910
vt 0.475544 0.816366
vt 0.475663 0.825911
vt 0.475480 0.816367
vt 0.475599 0.825911
vt 0.475416 0.816368
vt 0.476208 0.835422
vt 0.476144 0.835421
vt 0.476080 0.835419
vt 0.463675 0.825818
vt 0.464085 0.834948
vt 0.463738 0.825818
vt 0.464149 0.834949
vt 0.463802 0.825818
vt 0.464212 0.834951
vt 0.475976 0.797556
vt 0.475638 0.806849
vt 0.475912 0.797559
vt 0.475575 0.806852
vt 0.475848 0.797564
vt 0.475510 0.806855
vt 0.477288 0.779997
vt 0.476522 0.788640
vt 0.477224 0.780002
vt 0.476458 0.788644
vt 0.477160 0.780010
vt 0.476394 0.788650
vt 0.464551 0.790047
vt 0.464615 0.790043
vt 0.464678 0.790036
vt 0.465304 0.781774
vt 0.465368 0.781768
vt 0.465431 0.781760
vt 0.466286 0.773591
vt 0.466350 0.773583
vt 0.466415 0.773572
vt 0.467538 0.765290
vt 0.467604 0.765273
vt 0.467671 0.765248
vt 0.480108 0.759242
vt 0.478366 0.771013
vt 0.480044 0.759259
vt 0.478302 0.771021
vt 0.479979 0.759285
vt 0.478237 0.771032
vt 0.477722 0.735938
vt 0.470919 0.748181
vt 0.477731 0.736027
vt 0.470977 0.748197
vt 0.477722 0.736148
vt 0.471032 0.748218
vt 0.477690 0.735891
vt 0.469111 0.756721
vt 0.469181 0.756683
vt 0.469254 0.756628
vt 0.482540 0.742873
vt 0.482475 0.742912
vt 0.482407 0.742970
vt 0.477103 0.845511
vt 0.477039 0.845508
vt 0.476974 0.845502
vt 0.478960 0.859377
vt 0.478896 0.859362
vt 0.478830 0.859339
vt 0.464726 0.844088
vt 0.465636 0.853539
vt 0.464789 0.844092
vt 0.465701 0.853554
vt 0.464853 0.844097
vt 0.465767 0.853575
vt 0.498973 0.748021
vt 0.495094 0.749990
vt 0.476452 0.888478
vt 0.476464 0.888390
vt 0.476458 0.888271
vt 0.468450 0.873651
vt 0.468510 0.873637
vt 0.468568 0.873619
vt 0.481882 0.879479
vt 0.481816 0.879439
vt 0.481747 0.879380
vt 0.466893 0.863552
vt 0.466961 0.863587
vt 0.467031 0.863639
vt 0.486803 0.903246
vt 0.484917 0.903139
vt 0.494755 0.749653
vt 0.494485 0.749304
vt 0.494761 0.749651
vt 0.486752 0.723803
vt 0.488542 0.723897
vt 0.513588 0.708616
vt 0.514043 0.708587
vt 0.559090 0.770070
vt 0.559037 0.770078
vt 0.558989 0.770101
vt 0.540298 0.846678
vt 0.540219 0.846607
vt 0.540253 0.846648
vt 0.680513 0.739255
vt 0.668647 0.788533
vt 0.494416 0.794060
vt 0.680526 0.739258
vt 0.494313 0.794032
vt 0.616642 0.824944
vt 0.616663 0.824894
vt 0.616668 0.824840
vt 0.643711 0.704529
vt 0.692347 0.689928
vt 0.628272 0.754595
vt 0.643708 0.704516
vt 0.628350 0.754519
vt 0.631818 0.753860
vt 0.595050 0.719184
vt 0.593958 0.894372
vt 0.593924 0.894269
vt 0.631810 0.753869
vt 0.568837 0.772385
vt 0.562307 0.730497
vt 0.568797 0.772381
vt 0.562225 0.730290
vt 0.568757 0.772373
vt 0.562153 0.730189
vt 0.656666 0.819349
vt 0.613478 0.814903
vt 0.613467 0.814863
vt 0.613460 0.814824
vt 0.562154 0.730164
vt 0.621454 0.761382
vt 0.621406 0.761431
vt 0.621360 0.761478
vt 0.656688 0.819345
vt 0.549861 0.848382
vt 0.549828 0.848363
vt 0.549790 0.848350
vt 0.609264 0.832220
vt 0.609288 0.832188
vt 0.650002 0.848760
vt 0.609317 0.832157
vt 0.650129 0.848751
vt 0.650149 0.848765
vt 0.590637 0.884440
vt 0.590612 0.884376
vt 0.590587 0.884314
vt 0.524417 0.883703
vt 0.524524 0.883643
vt 0.534257 0.738857
vt 0.552341 0.777370
vt 0.552311 0.777398
vt 0.552279 0.777420
vt 0.537372 0.837075
vt 0.537359 0.837034
vt 0.537342 0.836997
vt 0.504415 0.865416
vt 0.504400 0.865424
vt 0.503490 0.796414
vt 0.503558 0.796420
vt 0.503626 0.796420
vt 0.570711 0.772025
vt 0.570672 0.772018
vt 0.570633 0.772015
vt 0.573245 0.772244
vt 0.613744 0.812981
vt 0.613740 0.812943
vt 0.613731 0.812903
vt 0.613334 0.810421
vt 0.619711 0.763226
vt 0.619667 0.763274
vt 0.619621 0.763321
vt 0.617614 0.765484
vt 0.553609 0.851244
vt 0.551244 0.849965
vt 0.551209 0.849950
vt 0.551178 0.849931
vt 0.608595 0.834047
vt 0.608622 0.834017
vt 0.608645 0.833984
vt 0.607035 0.836155
vt 0.589622 0.881832
vt 0.589598 0.881771
vt 0.589577 0.881709
vt 0.589221 0.878271
vt 0.550617 0.777910
vt 0.550585 0.777931
vt 0.550556 0.777956
vt 0.548411 0.779499
vt 0.536398 0.835777
vt 0.536382 0.835741
vt 0.536367 0.835703
vt 0.535720 0.833532
vt 0.505519 0.796392
vt 0.505586 0.796392
vt 0.505653 0.796398
vt 0.508018 0.797513
vt 0.578977 0.805997
vt 0.579003 0.806022
vt 0.579029 0.806047
vt 0.654504 0.818013
vt 0.654483 0.818048
vt 0.654462 0.818083
vt 0.527196 0.882285
vt 0.527247 0.882354
vt 0.527226 0.882317
vt 0.647471 0.848775
vt 0.647478 0.848884
vt 0.645675 0.848991
vt 0.647475 0.848840
vt 0.647480 0.848926
vt 0.561784 0.811057
vt 0.561793 0.811022
vt 0.561802 0.810987
vt 0.534111 0.742833
vt 0.534250 0.741258
vt 0.534166 0.741265
vt 0.534208 0.741264
vt 0.563531 0.732280
vt 0.563563 0.732258
vt 0.563595 0.732236
vt 0.574600 0.823572
vt 0.574565 0.823582
vt 0.574530 0.823591
vt 0.505203 0.863512
vt 0.505233 0.863551
vt 0.505268 0.863575
vt 0.495591 0.726807
vt 0.496566 0.724643
vt 0.495582 0.726802
vt 0.496557 0.724638
vt 0.495572 0.726798
vt 0.496547 0.724633
vt 0.429310 0.809239
vt 0.429220 0.818478
vt 0.494743 0.728967
vt 0.494734 0.728962
vt 0.494724 0.728958
vt 0.429678 0.800209
vt 0.499978 0.726383
vt 0.449208 0.827512
vt 0.448915 0.817997
vt 0.448960 0.817998
vt 0.449163 0.827515
vt 0.448871 0.817997
vt 0.501083 0.724244
vt 0.449799 0.836964
vt 0.449755 0.836971
vt 0.449119 0.827518
vt 0.498852 0.720487
vt 0.497658 0.722530
vt 0.498843 0.720482
vt 0.497648 0.722525
vt 0.498834 0.720477
vt 0.429958 0.836953
vt 0.497639 0.722520
vt 0.429444 0.827736
vt 0.498990 0.728574
vt 0.498130 0.730761
vt 0.449385 0.799229
vt 0.448984 0.808496
vt 0.449341 0.799222
vt 0.448940 0.808494
vt 0.449296 0.799217
vt 0.449029 0.808501
vt 0.497401 0.732895
vt 0.496798 0.734993
vt 0.450852 0.781757
vt 0.449949 0.790337
vt 0.450808 0.781742
vt 0.449906 0.790330
vt 0.450765 0.781734
vt 0.449993 0.790347
vt 0.494029 0.731075
vt 0.494020 0.731071
vt 0.494010 0.731067
vt 0.430291 0.791556
vt 0.493442 0.733150
vt 0.493433 0.733145
vt 0.493423 0.733142
vt 0.431166 0.783184
vt 0.492971 0.735228
vt 0.492961 0.735223
vt 0.492951 0.735220
vt 0.432344 0.774925
vt 0.492604 0.737358
vt 0.492595 0.737351
vt 0.492584 0.737348
vt 0.433888 0.766584
vt 0.496296 0.737212
vt 0.495799 0.740174
vt 0.453910 0.761081
vt 0.451992 0.772814
vt 0.453871 0.761048
vt 0.451949 0.772802
vt 0.453830 0.761026
vt 0.452033 0.772833
vt 0.493294 0.745490
vt 0.493288 0.745522
vt 0.493281 0.745548
vt 0.492329 0.739573
vt 0.492319 0.739562
vt 0.492309 0.739557
vt 0.435829 0.758023
vt 0.437984 0.749505
vt 0.495191 0.744362
vt 0.456648 0.744456
vt 0.456610 0.744409
vt 0.456683 0.744519
vt 0.502292 0.722175
vt 0.450864 0.846949
vt 0.450821 0.846963
vt 0.449711 0.836977
vt 0.503706 0.720065
vt 0.452997 0.860620
vt 0.452958 0.860649
vt 0.450778 0.846973
vt 0.501586 0.716544
vt 0.500147 0.718510
vt 0.501575 0.716542
vt 0.500138 0.718505
vt 0.501565 0.716537
vt 0.431855 0.855710
vt 0.500129 0.718500
vt 0.430743 0.846172
vt 0.508898 0.710689
vt 0.508914 0.710666
vt 0.508922 0.710648
vt 0.504842 0.712660
vt 0.504838 0.712650
vt 0.504834 0.712640
vt 0.444517 0.891203
vt 0.505884 0.717319
vt 0.456368 0.880328
vt 0.456334 0.880385
vt 0.452917 0.860668
vt 0.456297 0.880422
vt 0.509186 0.713404
vt 0.503198 0.714556
vt 0.503183 0.714558
vt 0.435533 0.876075
vt 0.503171 0.714557
vt 0.433397 0.865817
vt 0.433015 0.818414
vt 0.433108 0.809199
vt 0.433078 0.818413
vt 0.433171 0.809196
vt 0.433142 0.818411
vt 0.433235 0.809193
vt 0.433476 0.800193
vt 0.433540 0.800190
vt 0.433603 0.800186
vt 0.445354 0.827627
vt 0.445103 0.818062
vt 0.445291 0.827628
vt 0.445039 0.818064
vt 0.445226 0.827629
vt 0.444975 0.818066
vt 0.445948 0.837146
vt 0.445884 0.837146
vt 0.445820 0.837146
vt 0.433243 0.827650
vt 0.433766 0.836847
vt 0.433307 0.827649
vt 0.433830 0.836847
vt 0.433371 0.827648
vt 0.433894 0.836848
vt 0.445535 0.799207
vt 0.445176 0.808522
vt 0.445471 0.799210
vt 0.445112 0.808524
vt 0.445407 0.799214
vt 0.445048 0.808527
vt 0.446998 0.781647
vt 0.446142 0.790281
vt 0.446934 0.781652
vt 0.446078 0.790285
vt 0.446869 0.781660
vt 0.446013 0.790291
vt 0.434090 0.791567
vt 0.434154 0.791564
vt 0.434218 0.791558
vt 0.434968 0.783234
vt 0.435032 0.783229
vt 0.435096 0.783222
vt 0.436122 0.774991
vt 0.436186 0.774985
vt 0.436250 0.774975
vt 0.437479 0.766454
vt 0.437545 0.766436
vt 0.437611 0.766413
vt 0.450397 0.760718
vt 0.448227 0.772665
vt 0.450332 0.760732
vt 0.448163 0.772672
vt 0.450267 0.760754
vt 0.448099 0.772682
vt 0.491766 0.742488
vt 0.449070 0.735819
vt 0.449066 0.735910
vt 0.492870 0.746040
vt 0.449051 0.735762
vt 0.438966 0.757316
vt 0.439036 0.757273
vt 0.439107 0.757218
vt 0.453822 0.743711
vt 0.453757 0.743737
vt 0.453688 0.743783
vt 0.447022 0.847212
vt 0.446958 0.847210
vt 0.446894 0.847205
vt 0.449236 0.860940
vt 0.449172 0.860927
vt 0.449107 0.860906
vt 0.434569 0.846044
vt 0.435705 0.855539
vt 0.434633 0.846047
vt 0.435771 0.855551
vt 0.434698 0.846051
vt 0.435837 0.855571
vt 0.447381 0.889611
vt 0.447389 0.889527
vt 0.447380 0.889413
vt 0.439172 0.875494
vt 0.439230 0.875479
vt 0.439286 0.875459
vt 0.452664 0.880594
vt 0.452599 0.880558
vt 0.452531 0.880502
vt 0.437263 0.865551
vt 0.437332 0.865584
vt 0.437404 0.865634
vt 0.457789 0.903865
vt 0.455964 0.903120
vt 0.512565 0.707904
vt 0.512555 0.707910
vt 0.512856 0.708265
vt 0.459676 0.724963
vt 0.494246 0.749464
vt 0.458772 0.724352
vt 0.494013 0.749589
vt 0.494243 0.749459
vt 0.439255 0.748747
vt 0.439282 0.748652
vt 0.439311 0.748557
vt 0.491772 0.742467
vt 0.438116 0.749242
vt 0.491933 0.742150
vt 0.520243 0.734898
vt 0.519278 0.737071
vt 0.520252 0.734903
vt 0.519287 0.737076
vt 0.501243 0.935787
vt 0.494014 0.935374
vt 0.501244 0.935754
vt 0.521069 0.732726
vt 0.521079 0.732730
vt 0.494011 0.935406
vt 0.486961 0.934795
vt 0.515872 0.735345
vt 0.509028 0.920402
vt 0.501542 0.920296
vt 0.501543 0.920261
vt 0.509029 0.920437
vt 0.501540 0.920331
vt 0.514774 0.737469
vt 0.516475 0.920288
vt 0.516479 0.920323
vt 0.509030 0.920472
vt 0.516978 0.741229
vt 0.518185 0.739188
vt 0.516987 0.741234
vt 0.508499 0.935933
vt 0.515724 0.935832
vt 0.515726 0.935864
vt 0.518194 0.739192
vt 0.508499 0.935901
vt 0.516839 0.733164
vt 0.517668 0.730982
vt 0.486807 0.919313
vt 0.494078 0.919923
vt 0.486800 0.919348
vt 0.494074 0.919958
vt 0.486795 0.919382
vt 0.494082 0.919888
vt 0.518356 0.728852
vt 0.518908 0.726755
vt 0.473123 0.917629
vt 0.479836 0.918597
vt 0.473110 0.917662
vt 0.479829 0.918632
vt 0.473102 0.917696
vt 0.479845 0.918563
vt 0.521753 0.730603
vt 0.521762 0.730608
vt 0.486957 0.934827
vt 0.480212 0.934050
vt 0.522299 0.728513
vt 0.522309 0.728518
vt 0.480206 0.934082
vt 0.473688 0.933132
vt 0.522717 0.726420
vt 0.522727 0.726424
vt 0.473681 0.933163
vt 0.467252 0.932013
vt 0.523018 0.724277
vt 0.523028 0.724284
vt 0.467243 0.932045
vt 0.460745 0.930652
vt 0.519345 0.724538
vt 0.519740 0.721580
vt 0.457061 0.914583
vt 0.466146 0.916457
vt 0.457036 0.914612
vt 0.466135 0.916490
vt 0.457019 0.914644
vt 0.466162 0.916424
vt 0.523351 0.719860
vt 0.522027 0.716195
vt 0.523361 0.719855
vt 0.522032 0.716168
vt 0.523371 0.719848
vt 0.437238 0.920621
vt 0.447303 0.927000
vt 0.522039 0.716148
vt 0.427344 0.914203
vt 0.523216 0.722055
vt 0.523225 0.722068
vt 0.460729 0.930682
vt 0.454061 0.928994
vt 0.454031 0.929020
vt 0.520183 0.717391
vt 0.444346 0.912013
vt 0.444318 0.912041
vt 0.444390 0.911987
vt 0.513560 0.739517
vt 0.524357 0.919840
vt 0.524367 0.919874
vt 0.516481 0.920357
vt 0.512129 0.741598
vt 0.535178 0.918716
vt 0.535199 0.918748
vt 0.524373 0.919908
vt 0.514188 0.745149
vt 0.515660 0.743198
vt 0.514200 0.745151
vt 0.522960 0.935596
vt 0.530440 0.935075
vt 0.530451 0.935106
vt 0.515670 0.743202
vt 0.522956 0.935564
vt 0.506584 0.750802
vt 0.506567 0.750823
vt 0.506557 0.750841
vt 0.510828 0.749064
vt 0.510832 0.749074
vt 0.510834 0.749085
vt 0.558997 0.926756
vt 0.509900 0.744293
vt 0.550768 0.916865
vt 0.550811 0.916894
vt 0.535213 0.918780
vt 0.550839 0.916925
vt 0.506442 0.748085
vt 0.512536 0.747128
vt 0.538407 0.934329
vt 0.546570 0.933141
vt 0.546563 0.933176
vt 0.512551 0.747125
vt 0.538381 0.934298
vt 0.501324 0.932781
vt 0.494108 0.932400
vt 0.501325 0.932731
vt 0.494108 0.932350
vt 0.501326 0.932681
vt 0.494108 0.932300
vt 0.487068 0.931821
vt 0.487067 0.931771
vt 0.487066 0.931721
vt 0.508980 0.923432
vt 0.501462 0.923292
vt 0.508978 0.923482
vt 0.501461 0.923342
vt 0.508976 0.923532
vt 0.501460 0.923392
vt 0.516471 0.923318
vt 0.516469 0.923368
vt 0.516466 0.923419
vt 0.508565 0.932924
vt 0.515781 0.932850
vt 0.508566 0.932875
vt 0.515784 0.932800
vt 0.508569 0.932825
vt 0.515787 0.932750
vt 0.486669 0.922337
vt 0.493973 0.922916
vt 0.486670 0.922387
vt 0.493973 0.922966
vt 0.486671 0.922438
vt 0.493973 0.923017
vt 0.472919 0.920652
vt 0.479677 0.921587
vt 0.472921 0.920702
vt 0.479678 0.921637
vt 0.472924 0.920753
vt 0.479680 0.921688
vt 0.480332 0.931078
vt 0.480331 0.931028
vt 0.480328 0.930977
vt 0.473826 0.930155
vt 0.473824 0.930105
vt 0.473821 0.930054
vt 0.467416 0.929029
vt 0.467413 0.928978
vt 0.467406 0.928927
vt 0.460947 0.927655
vt 0.460937 0.927603
vt 0.460921 0.927549
vt 0.456813 0.917534
vt 0.465925 0.919430
vt 0.456824 0.917585
vt 0.465929 0.919480
vt 0.456841 0.917637
vt 0.465935 0.919531
vt 0.438579 0.918357
vt 0.447787 0.924128
vt 0.438648 0.918354
vt 0.447802 0.924084
vt 0.438743 0.918366
vt 0.447822 0.924042
vt 0.454324 0.925986
vt 0.454298 0.925929
vt 0.454259 0.925870
vt 0.444175 0.914883
vt 0.444203 0.914936
vt 0.444245 0.914991
vt 0.524411 0.922866
vt 0.524407 0.922916
vt 0.524401 0.922966
vt 0.535275 0.921677
vt 0.535262 0.921727
vt 0.535243 0.921777
vt 0.523003 0.932570
vt 0.530463 0.932060
vt 0.523007 0.932520
vt 0.530476 0.932009
vt 0.523013 0.932470
vt 0.530494 0.931958
vt 0.557876 0.924370
vt 0.557810 0.924360
vt 0.557720 0.924362
vt 0.546285 0.930231
vt 0.546276 0.930184
vt 0.546263 0.930139
vt 0.550843 0.919760
vt 0.550811 0.919810
vt 0.550764 0.919861
vt 0.538355 0.931265
vt 0.538383 0.931212
vt 0.538426 0.931158
vt 0.569234 0.916602
vt 0.568942 0.918224
vt 0.502773 0.753346
vt 0.502508 0.752973
vt 0.502264 0.752603
vt 0.502513 0.752972
vt 0.429473 0.910727
vt 0.429545 0.909325
vt 0.521120 0.712240
vt 0.428342 0.913215
vt 0.427308 0.914130
vt 0.427284 0.914107
vt 0.429445 0.912301
vt 0.650058 0.848759
vt 0.562195 0.730243
vt 0.656613 0.819310
vt 0.504481 0.865241
vt 0.504448 0.865319
vt 0.508750 0.710244
vt 0.506856 0.751650
vt 0.484792 0.723874
vt 0.578267 0.806805
vt 0.656524 0.819261
vt 0.574268 0.822545
vt 0.513144 0.708622
vt 0.467093 0.747804
vt 0.498985 0.748031
vt 0.457621 0.723864
vt 0.447308 0.927036
s 1
g off
g Holocron.001_Holocron_Corners.002
usemtl Holocron_Corners.002
f 1258/1/1 1/2/2 201/3/3
f 1209/4/4 20/5/5 105/6/6
f 88/7/2 226/8/7 3/9/2
f 215/10/8 113/11/9 1219/12/10
f 4/13/2 1223/14/11 205/15/12
f 200/16/13 105/6/6 16/17/14
f 211/18/15 101/19/16 14/20/17
f 225/21/18 108/22/19 1214/23/20
f 3/9/2 1198/24/21 221/25/22
f 1213/26/23 4/13/2 87/27/2
f 1219/12/10 22/28/24 230/29/25
f 1229/30/26 19/31/27 236/32/28
f 1224/33/29 26/34/30 206/35/31
f 230/29/25 107/36/32 1234/37/33
f 1234/37/33 23/38/34 240/39/35
f 1244/40/36 18/41/37 246/42/38
f 89/43/2 235/44/39 1223/14/11
f 240/39/35 114/45/40 1249/46/41
f 1249/46/41 1361/47/42 252/48/43
f 268/49/44 112/50/45 1244/40/36
f 90/51/2 245/52/46 1228/53/47
f 1259/54/48 16/17/14 103/55/49
f 273/56/50 103/55/49 17/57/51
f 279/58/52 109/59/53 13/60/54
f 1/2/2 1203/61/55 88/7/2
f 1274/62/56 17/57/51 111/63/57
f 284/64/58 111/63/57 21/65/59
f 1269/66/60 1358/67/61 109/59/53
f 6/68/2 1253/69/62 92/70/2
f 105/6/6 327/71/63 1288/72/64
f 10/73/65 1304/74/66 96/75/65
f 24/76/67 1298/77/68 113/11/9
f 336/78/69 97/79/65 1314/80/70
f 103/55/49 307/81/71 1338/82/72
f 15/83/73 1283/84/74 332/85/75
f 15/83/73 1293/86/76 108/22/19
f 102/87/77 316/88/78 1283/84/74
f 115/89/79 327/71/63 20/5/5
f 116/90/80 311/91/81 26/34/30
f 19/31/27 1303/92/82 116/90/80
f 22/28/24 1313/93/83 107/36/32
f 1299/94/84 8/95/65 336/78/69
f 104/96/85 341/97/86 19/31/27
f 18/41/37 1308/98/87 104/96/85
f 23/38/34 1328/99/88 114/45/40
f 1314/80/70 11/100/89 346/101/90
f 112/50/45 351/102/91 18/41/37
f 25/103/92 1323/104/93 112/50/45
f 114/45/40 357/105/94 1361/47/42
f 306/106/95 95/107/65 7/108/65
f 14/20/17 1333/109/96 316/88/78
f 101/19/16 383/110/97 1333/109/96
f 111/63/57 379/111/98 1353/112/99
f 99/113/65 378/114/100 1339/115/101
f 13/60/54 1348/116/102 383/110/97
f 109/59/53 395/117/103 1348/116/102
f 21/65/59 1353/112/99 388/118/104
f 1204/119/105 14/20/17 102/87/77
f 1264/120/106 21/65/59 106/121/107
f 106/121/107 388/118/104 1343/122/108
f 7/108/65 1284/123/109 317/124/110
f 226/8/7 87/27/2 3/9/2
f 1214/23/20 24/76/67 215/10/8
f 108/22/19 322/125/111 24/76/67
f 95/107/65 331/126/112 1284/123/109
f 93/127/2 278/128/113 6/68/2
f 201/3/3 88/7/2 1208/129/114
f 16/17/14 1288/72/64 307/81/71
f 384/130/115 100/131/65 12/132/65
f 236/32/28 116/90/80 1224/33/29
f 1239/133/116 1362/134/117 110/135/118
f 110/135/118 356/136/119 1318/137/120
f 96/75/65 342/138/121 8/95/65
f 206/35/31 115/89/79 1199/139/122
f 225/21/18 102/87/77 15/83/73
f 1289/140/123 9/141/65 95/107/65
f 26/34/30 1278/142/124 115/89/79
f 1263/143/125 1268/144/126 93/127/2
f 283/145/127 93/127/2 1273/146/128
f 100/131/65 389/147/129 1354/148/130
f 1349/149/131 1344/150/132 100/131/65
f 5/151/133 1243/152/134 245/52/46
f 1218/153/135 2/154/2 89/43/2
f 113/11/9 337/155/136 22/28/24
f 11/100/89 1324/156/137 98/157/138
f 216/158/139 89/43/2 4/13/2
f 231/159/140 90/51/2 2/154/2
f 94/160/65 331/126/112 9/141/65
f 10/73/65 1294/161/141 94/160/65
f 1254/162/142 13/60/54 101/19/16
f 7/108/65 1339/115/101 306/106/95
s 2
f 410/163/143 136/164/144 1482/165/145
s 1
f 1334/166/146 12/132/65 99/113/65
f 91/167/147 269/168/148 1243/152/134
f 1248/169/149 1238/170/150 91/167/147
f 1329/171/151 1319/172/152 358/173/153
f 98/157/138 373/174/154 1319/172/152
f 1264/175/106 1359/176/155 288/177/156
f 274/178/157 92/70/2 1258/1/1
f 17/57/51 1338/82/72 379/111/98
f 106/179/107 393/180/158 1359/176/155
f 246/42/38 104/96/85 1229/30/26
f 1273/146/128 6/68/2 274/178/157
f 12/132/65 1354/148/130 378/114/100
f 97/79/65 352/181/159 11/100/89
f 2/154/2 1228/53/47 235/44/39
f 1199/139/122 20/5/5 220/182/160
f 321/183/161 96/75/65 1299/94/84
f 8/95/65 1309/184/162 97/79/65
f 1239/185/116 25/103/92 268/49/44
f 1233/186/163 5/151/133 90/51/2
f 107/36/32 347/187/164 23/38/34
f 110/188/118 374/189/165 25/103/92
f 1208/129/114 3/9/2 221/25/22
f 87/27/2 205/15/12 1198/24/21
f 312/190/166 94/160/65 1279/191/167
f 1279/191/167 9/141/65 326/192/168
f 92/70/2 210/193/169 1/2/2
f 241/194/170 91/167/147 5/151/133
f 346/101/90 98/157/138 1329/171/151
f 317/124/110 99/113/65 7/108/65
s 2
f 457/195/171 129/196/172 34/197/173
f 1428/198/174 1516/199/175 135/200/176
f 135/200/176 731/201/177 1472/202/178
f 715/203/179 130/204/180 1468/205/181
f 481/206/182 126/207/183 1417/208/184
f 436/209/185 136/164/144 1392/210/186
f 137/211/187 678/212/188 1458/213/189
f 1468/205/181 1478/214/190 697/215/191
f 447/216/192 123/217/193 29/218/194
f 424/219/195 134/220/196 1491/221/197
f 1443/222/198 1448/223/199 625/224/200
f 134/220/196 641/225/201 1453/226/202
f 27/227/203 1384/228/204 123/217/193
f 31/229/205 1388/230/206 570/231/207
f 32/232/208 1388/230/206 126/207/183
f 438/233/209 133/234/210 1507/235/211
f 1398/236/212 1483/237/213 119/238/214
f 33/239/215 1370/240/216 128/241/217
f 34/197/173 1375/242/218 533/243/219
f 412/244/220 121/245/203 1393/246/221
f 1403/247/222 1487/248/223 133/234/210
s 3
f 1383/249/224 1387/250/225 516/251/226
s 2
f 30/252/227 1369/253/228 552/254/229
f 457/195/171 127/255/230 1422/256/231
f 447/216/192 122/257/232 1397/258/233
f 27/227/203 1364/259/234 535/260/235
f 34/197/173 1365/261/236 127/255/230
f 1412/262/237 1510/263/238 467/264/239
f 425/265/240 118/266/241 1418/267/242
f 35/268/243 1375/242/218 129/196/172
f 35/268/243 1370/240/216 572/269/244
f 1418/267/242 1496/270/245 482/271/246
f 480/272/247 137/211/187 1412/262/237
f 28/273/203 1379/274/248 551/275/249
f 29/218/194 1379/274/248 122/257/232
f 426/276/250 124/277/251 1408/278/252
f 490/279/253 127/255/230 33/239/215
f 29/218/194 1384/228/204 515/280/254
f 1506/281/255 1438/282/256 136/164/144
f 491/283/257 135/200/176 1498/284/258
f 456/285/259 138/286/260 1433/287/261
s 3
f 1374/288/262 1383/249/224 534/289/263
s 2
f 28/273/203 1364/259/234 121/245/203
f 1433/287/261 1515/290/264 506/291/265
f 1423/292/266 1499/293/267 117/294/268
f 30/252/227 1378/295/269 125/296/270
f 31/229/205 1369/253/228 124/277/251
f 1407/297/271 1511/298/272 134/220/196
f 32/232/208 1378/295/269 517/299/273
s 3
f 571/300/274 120/301/275 1374/288/262
s 2
f 33/239/215 1365/261/236 553/302/276
f 1498/284/258 1472/202/178 714/303/277
f 138/286/260 732/304/278 1515/290/264
f 1503/305/279 1477/306/280 138/286/260
f 119/238/214 608/307/281 1442/308/282
f 133/234/210 590/309/283 1507/235/211
f 1487/248/223 1447/310/284 133/234/210
f 1492/311/285 1462/312/286 118/266/241
f 137/211/187 642/313/287 1510/263/238
f 118/266/241 679/314/288 1496/270/245
f 437/315/289 123/217/193 1402/316/290
f 445/317/291 119/238/214 1488/318/292
f 1488/318/292 1442/308/282 624/319/293
f 136/164/144 606/320/294 1482/165/145
f 426/276/250 126/207/183 31/229/205
f 466/321/295 124/277/251 30/252/227
f 643/322/296 132/323/297 1452/324/298
f 1452/324/298 1463/325/299 660/326/300
f 490/279/253 128/241/217 1427/327/301
f 505/328/302 128/241/217 35/268/243
f 1478/214/190 1473/329/303 733/330/304
f 117/294/268 713/331/305 1467/332/306
f 412/244/220 122/257/232 28/273/203
f 437/315/289 121/245/203 27/227/203
f 1448/223/199 1437/333/307 591/334/308
f 607/335/309 131/336/310 1443/222/198
f 466/321/295 125/296/270 1413/337/311
f 481/206/182 125/296/270 32/232/208
f 1463/325/299 1457/338/312 680/339/313
f 1491/221/197 1453/226/202 659/340/314
f 505/328/302 129/196/172 1432/341/315
f 455/342/316 117/294/268 1504/343/317
f 1504/343/317 1467/332/306 696/344/318
s 4
f 1579/345/319 36/346/320 751/347/321
f 1530/348/322 55/349/323 157/350/324
f 140/351/320 776/352/325 38/353/320
f 765/354/326 165/355/327 1540/356/328
f 39/357/320 1544/358/329 755/359/330
f 750/360/331 157/350/324 51/361/332
f 761/362/333 153/363/334 49/364/335
f 775/365/336 160/366/337 1535/367/338
f 38/353/320 1519/368/339 771/369/340
f 1534/370/341 39/357/320 139/371/320
f 1540/356/328 57/372/342 780/373/343
f 1550/374/344 54/375/345 786/376/346
f 1545/377/347 60/378/348 756/379/349
f 780/373/343 159/380/350 1555/381/351
f 1555/381/351 58/382/352 790/383/353
f 1565/384/354 53/385/355 796/386/356
f 141/387/320 785/388/357 1544/358/329
f 790/383/353 166/389/358 1570/390/359
f 802/391/360 166/389/358 1682/392/361
f 819/393/362 164/394/363 1565/384/354
f 142/395/320 795/396/364 1549/397/365
f 1580/398/366 51/361/332 155/399/367
f 837/400/368 155/399/367 52/401/369
f 843/402/370 161/403/371 48/404/372
f 36/346/320 1524/405/373 140/351/320
f 1595/406/374 52/401/369 163/407/375
f 848/408/376 163/407/375 56/409/377
f 1590/410/378 1679/411/379 161/403/371
f 41/412/320 1574/413/380 144/414/320
f 157/350/324 890/415/381 1609/416/382
f 45/417/383 1625/418/384 148/419/383
f 59/420/385 1619/421/386 165/355/327
f 899/422/387 149/423/388 1635/424/389
f 155/399/367 870/425/390 1659/426/391
f 50/427/392 1604/428/393 895/429/394
f 50/427/392 1614/430/395 160/366/337
f 154/431/396 879/432/397 1604/428/393
f 167/433/398 890/415/381 55/349/323
f 168/434/399 874/435/400 60/378/348
f 54/375/345 1624/436/401 168/434/399
f 57/372/342 1634/437/402 159/380/350
f 1620/438/403 43/439/404 899/422/387
f 156/440/405 904/441/406 54/375/345
f 53/385/355 1629/442/407 156/440/405
f 58/382/352 1649/443/408 166/389/358
f 1635/424/389 46/444/409 909/445/410
f 164/394/363 914/446/411 53/385/355
f 1686/447/412 1644/448/413 164/394/363
f 1682/392/361 1649/443/408 920/449/414
f 869/450/415 147/451/383 42/452/383
f 49/364/335 1654/453/416 879/432/397
f 153/363/334 961/454/417 1654/453/416
f 163/407/375 957/455/418 1674/456/419
f 151/457/383 956/458/420 1660/459/421
f 48/404/372 1669/460/422 961/454/417
f 161/403/371 973/461/423 1669/460/422
f 56/409/377 1674/456/419 966/462/424
f 1525/463/425 49/364/335 154/431/396
f 1585/464/426 56/409/377 158/465/427
f 158/465/427 966/462/424 1664/466/428
f 42/452/383 1605/467/429 880/468/430
f 776/352/325 139/371/320 38/353/320
f 1535/367/338 59/420/385 765/354/326
f 160/366/337 885/469/431 59/420/385
f 147/451/383 894/470/432 1605/467/429
f 145/471/320 842/472/433 41/412/320
f 751/347/321 140/351/320 1529/473/434
f 51/361/332 1609/416/382 870/425/390
f 962/474/435 152/475/383 47/476/383
f 786/376/346 168/434/399 1545/377/347
f 800/477/436 162/478/437 1560/479/438
f 1683/480/439 1639/481/440 162/478/437
f 148/419/383 905/482/441 43/439/404
f 756/379/349 167/433/398 1520/483/442
f 775/365/336 154/431/396 50/427/392
f 1610/484/443 44/485/383 147/451/383
f 60/378/348 1599/486/444 167/433/398
f 1584/487/445 1589/488/446 145/471/320
f 847/489/447 145/471/320 1594/490/448
f 152/475/383 967/491/449 1675/492/450
f 1670/493/451 1665/494/452 152/475/383
f 40/495/320 1564/496/453 795/396/364
f 1539/497/454 37/498/320 141/387/320
f 165/355/327 900/499/455 57/372/342
f 46/444/409 1645/500/456 150/501/457
f 766/502/458 141/387/320 39/357/320
f 781/503/459 142/395/320 37/498/320
f 146/504/383 894/470/432 44/485/383
f 45/417/383 1615/505/460 146/504/383
f 1575/506/461 48/404/372 153/363/334
f 42/452/383 1660/459/421 869/450/415
s 5
f 1751/507/462 61/508/463 989/509/464
s 4
f 1655/510/465 47/476/383 151/457/383
f 143/511/466 820/512/467 1564/496/453
f 1569/513/468 1559/514/469 143/511/466
f 1650/515/470 1640/516/471 921/517/472
f 150/501/457 938/518/473 1640/516/471
f 1585/519/426 1680/520/474 852/521/475
f 838/522/476 144/414/320 1579/345/319
f 52/401/369 1659/426/391 957/455/418
f 158/465/427 971/523/477 1680/524/474
f 796/386/356 156/440/405 1550/374/344
f 1594/490/448 41/412/320 838/522/476
f 47/476/383 1675/492/450 956/458/420
f 149/423/388 915/525/478 46/444/409
f 37/498/320 1549/397/365 785/388/357
f 1520/483/442 55/349/323 770/526/479
f 884/527/480 148/419/383 1620/438/403
f 43/439/404 1630/528/481 149/423/388
f 1560/479/438 1687/529/482 818/530/483
f 1554/531/484 40/495/320 142/395/320
f 159/380/350 910/532/485 58/382/352
f 162/478/437 937/533/486 1687/529/482
f 1529/473/434 38/353/320 771/369/340
f 139/371/320 755/359/330 1519/368/339
f 875/534/487 146/504/383 1600/535/488
f 1600/535/488 44/485/383 889/536/489
f 144/414/320 760/537/490 36/346/320
f 791/538/491 143/511/466 40/495/320
f 909/445/410 150/501/457 1650/515/470
f 880/468/430 151/457/383 42/452/383
s 5
f 1702/539/492 80/540/493 187/541/494
f 170/542/463 1014/543/495 63/544/463
f 1003/545/496 195/546/497 1712/547/498
f 64/548/463 1716/549/499 993/550/500
f 988/551/501 187/541/494 76/552/502
f 999/553/503 183/554/504 74/555/505
f 1013/556/506 190/557/507 1707/558/508
f 63/544/463 1691/559/509 1009/560/510
f 1706/561/511 64/548/463 169/562/463
f 1712/547/498 82/563/512 1018/564/513
f 1722/565/514 79/566/515 1024/567/516
f 1717/568/517 86/569/518 994/570/519
f 1018/564/513 189/571/520 1727/572/521
f 1727/572/521 83/573/522 1028/574/523
f 1737/575/524 78/576/525 1034/577/526
f 171/578/463 1023/579/527 1716/549/499
f 1028/574/523 196/580/528 1742/581/529
f 1742/581/529 1854/582/530 1040/583/531
f 1056/584/532 194/585/533 1737/575/524
f 172/586/463 1033/587/534 1721/588/535
f 1752/589/536 76/552/502 185/590/537
f 1061/591/538 185/590/537 77/592/539
f 1067/593/540 191/594/541 73/595/542
f 61/508/463 1696/596/543 170/542/463
f 1767/597/544 77/592/539 193/598/545
f 1072/599/546 193/598/545 81/600/547
f 1762/601/548 1851/602/549 191/594/541
f 66/603/463 1746/604/550 174/605/463
f 187/541/494 1115/606/551 1781/607/552
f 70/608/553 1797/609/554 178/610/553
f 84/611/555 1791/612/556 195/546/497
f 1124/613/557 179/614/553 1807/615/558
f 185/590/537 1095/616/559 1831/617/560
f 75/618/561 1776/619/562 1120/620/563
f 75/618/561 1786/621/564 190/557/507
f 184/622/565 1104/623/566 1776/619/562
f 197/624/567 1115/606/551 80/540/493
f 198/625/568 1099/626/569 86/569/518
f 79/566/515 1796/627/570 198/625/568
f 82/563/512 1806/628/571 189/571/520
f 1792/629/572 68/630/553 1124/613/557
f 186/631/573 1129/632/574 79/566/515
f 78/576/525 1801/633/575 186/631/573
f 83/573/522 1821/634/576 196/580/528
f 1807/615/558 71/635/553 1134/636/577
f 194/585/533 1139/637/578 78/576/525
f 85/638/579 1816/639/580 194/585/533
f 196/580/528 1145/640/581 1854/582/530
f 1094/641/582 177/642/553 67/643/553
f 74/555/505 1826/644/583 1104/623/566
f 183/554/504 1171/645/584 1826/644/583
f 193/598/545 1167/646/585 1846/647/586
f 181/648/553 1166/649/587 1832/650/588
f 73/595/542 1841/651/589 1171/645/584
f 191/594/541 1183/652/590 1841/651/589
f 81/600/547 1846/647/586 1176/653/591
f 1697/654/592 74/555/505 184/622/565
f 1757/655/593 81/600/547 188/656/594
f 188/656/594 1176/653/591 1836/657/595
f 67/643/553 1777/658/596 1105/659/597
f 1014/543/495 169/562/463 63/544/463
f 1707/558/508 84/611/555 1003/545/496
f 190/557/507 1110/660/598 84/611/555
f 177/642/553 1119/661/599 1777/658/596
f 175/662/463 1066/663/600 66/603/463
f 989/509/464 170/542/463 1701/664/601
f 76/552/502 1781/607/552 1095/616/559
f 1172/665/602 182/666/553 72/667/553
f 1024/567/516 198/625/568 1717/568/517
f 1732/668/603 1855/669/604 192/670/605
f 192/670/605 1144/671/606 1811/672/607
f 178/610/553 1130/673/608 68/630/553
f 994/570/519 197/624/567 1692/674/609
f 1013/556/506 184/622/565 75/618/561
f 1782/675/610 69/676/553 177/642/553
f 86/569/518 1771/677/611 197/624/567
f 1756/678/612 1761/679/613 175/662/463
f 1071/680/614 175/662/463 1766/681/615
f 182/666/553 1177/682/616 1847/683/617
f 1842/684/618 1837/685/619 182/666/553
f 65/686/463 1736/687/620 1033/587/534
f 1711/688/621 62/689/463 171/578/463
f 195/546/497 1125/690/622 82/563/512
f 71/635/553 1817/691/623 180/692/624
f 1004/693/625 171/578/463 64/548/463
f 1019/694/626 172/586/463 62/689/463
f 176/695/553 1119/661/599 69/676/553
f 70/608/553 1787/696/627 176/695/553
f 1747/697/628 73/595/542 183/554/504
f 67/643/553 1832/650/588 1094/641/582
f 1827/698/629 72/667/553 181/648/553
f 173/699/630 1057/700/631 1736/687/620
f 1741/701/632 1731/702/633 173/699/630
f 1822/703/634 1812/704/635 1146/705/636
f 180/692/624 1161/706/637 1812/704/635
f 1757/707/593 1852/708/638 1076/709/639
f 1062/710/640 174/605/463 1751/507/462
f 77/592/539 1831/617/560 1167/646/585
f 188/711/594 1181/712/641 1852/708/638
f 1034/577/526 186/631/573 1722/565/514
f 1766/681/615 66/603/463 1062/710/640
f 72/667/553 1847/683/617 1166/649/587
f 179/614/553 1140/713/642 71/635/553
f 62/689/463 1721/588/535 1023/579/527
f 1692/674/609 80/540/493 1008/714/643
f 1109/715/644 178/610/553 1792/629/572
f 68/630/553 1802/716/645 179/614/553
f 1732/668/603 85/638/579 1056/584/532
f 1726/717/646 65/686/463 172/586/463
f 189/571/520 1135/718/647 83/573/522
f 192/670/605 1162/719/648 85/638/579
f 1701/664/601 63/544/463 1009/560/510
f 169/562/463 993/550/500 1691/559/509
f 1100/720/649 176/695/553 1772/721/650
f 1772/721/650 69/676/553 1114/722/651
f 174/605/463 998/723/652 61/508/463
f 1029/724/653 173/699/630 65/686/463
f 1134/636/577 180/692/624 1822/703/634
f 1105/659/597 181/648/553 67/643/553
s 1
f 250/725/654 256/726/655 255/727/656
f 253/728/657 257/729/658 256/726/655
f 255/727/656 267/730/659 264/731/660
f 256/726/655 258/732/661 267/730/659
f 259/733/662 261/734/663 251/735/664
f 260/736/665 262/737/666 259/733/662
f 262/738/666 254/739/667 261/740/663
f 263/741/668 257/742/658 262/737/666
f 252/48/43 266/743/669 265/744/670
f 264/745/671 267/746/672 266/743/669
f 265/744/670 263/741/673 260/736/674
f 266/743/669 258/747/675 263/741/673
f 288/177/156 293/748/676 292/749/677
f 291/750/678 294/751/679 293/748/676
f 292/749/677 305/752/680 302/753/681
f 293/748/676 295/754/682 305/752/680
f 289/755/683 299/756/684 298/757/685
f 296/758/686 300/759/687 299/756/684
f 298/757/685 299/756/684 294/760/688
f 299/756/684 295/761/689 294/760/688
f 301/762/690 303/763/691 290/764/692
f 302/753/681 304/765/693 301/762/690
f 304/766/693 297/767/694 303/768/691
f 305/752/680 300/769/695 304/765/693
f 356/770/119 361/771/696 360/772/697
f 359/773/698 362/774/699 361/775/696
f 360/772/697 372/776/700 369/777/701
f 361/771/696 363/778/702 372/776/700
f 357/105/94 366/779/703 359/780/704
f 364/781/705 367/782/706 366/779/703
f 359/780/704 366/779/703 362/783/707
f 366/779/703 363/778/708 362/783/709
f 368/784/710 370/785/711 358/173/153
f 369/777/701 371/786/712 368/784/710
f 371/786/712 365/787/713 370/785/711
f 372/776/714 367/782/706 371/786/712
f 393/180/158 398/788/715 406/789/716
f 396/790/717 399/791/718 398/792/715
f 406/793/716 398/792/715 409/794/719
f 398/792/715 400/795/720 409/794/721
f 401/796/722 403/797/723 394/798/724
f 402/799/725 404/800/726 401/796/722
f 404/800/726 397/801/727 403/797/723
f 405/802/728 399/791/729 404/800/726
f 395/117/103 408/803/730 407/804/731
f 406/805/732 409/794/733 408/803/730
f 407/804/731 405/802/728 402/799/725
f 408/803/730 400/795/734 405/802/728
s 2
f 413/806/735 415/807/736 410/163/143
f 413/806/735 414/808/737 416/809/738
f 415/807/736 416/809/738 423/810/739
f 417/811/740 419/812/741 411/813/742
f 418/814/743 420/815/744 417/811/745
f 420/815/744 414/808/737 419/812/741
f 420/815/744 423/816/739 416/817/738
f 421/818/746 423/819/739 422/820/747
f 422/820/747 418/814/743 421/821/746
s 6
f 424/219/748 427/822/749 429/823/750
f 427/822/749 428/824/751 429/825/750
s 7
f 429/825/752 435/826/752 433/827/752
s 6
f 430/828/753 431/829/754 425/265/755
s 8
f 430/828/756 435/826/757 429/830/758
s 6
f 431/829/754 429/831/750 428/824/751
s 9
f 433/827/759 434/832/760 432/833/761
s 2
f 436/209/185 440/834/762 439/835/763
s 10
f 440/834/764 1859/836/764 441/837/764
s 2
f 438/233/209 444/838/765 440/839/766
s 11
f 444/838/767 439/840/767 440/841/767
s 12
f 440/841/768 1859/842/768 443/843/769
s 2
f 448/844/770 449/845/771 445/317/291
s 13
f 448/844/772 452/846/773 453/847/773
s 2
f 449/845/771 450/848/774 1860/849/775
f 446/850/776 453/851/777 452/852/778
s 14
f 451/853/779 450/848/780 453/854/781
s 15
f 458/855/782 459/856/783 455/342/784
f 458/855/782 461/857/785 460/858/786
s 16
f 459/856/787 199/859/788 463/860/789
s 17
f 456/285/790 460/861/790 461/862/790
s 18
f 460/863/791 463/864/791 199/859/791
s 19
f 462/865/792 464/866/792 463/867/792
s 2
f 468/868/793 470/869/794 465/870/795
f 469/871/796 471/872/797 468/868/793
f 470/869/794 471/873/797 477/874/798
f 473/875/799 475/876/800 474/877/801
f 475/876/800 469/871/796 474/878/801
f 476/879/802 478/880/803 467/264/239
f 477/874/798 479/881/804 476/879/802
f 479/881/804 473/875/799 478/880/803
f 479/881/804 471/873/797 472/882/805
f 480/272/247 488/883/806 483/884/807
s 20
f 488/885/808 1861/886/809 484/887/810
s 21
f 483/884/811 488/888/811 487/889/812
s 2
f 482/271/246 487/890/813 488/891/814
s 22
f 488/892/815 1861/886/816 486/893/817
s 2
f 492/894/818 494/895/819 489/896/820
f 492/894/818 493/897/821 495/898/822
f 495/898/822 501/899/823 494/895/819
f 495/898/822 496/900/824 503/901/825
f 498/902/826 497/903/827 499/904/828
f 498/905/826 499/904/828 493/906/821
f 497/903/827 493/897/821 499/904/828
f 500/907/829 502/908/830 491/283/257
f 500/907/829 501/899/823 503/909/825
f 502/908/830 503/909/825 497/910/827
f 503/901/825 496/900/824 497/903/827
f 507/911/831 508/912/832 504/913/833
f 507/911/831 511/914/834 514/915/835
f 508/912/832 514/916/835 513/917/836
s 23
f 514/915/837 511/914/838 509/918/837
s 2
f 506/291/265 512/919/839 514/920/840
s 24
f 512/919/841 513/917/842 514/921/843
s 25
f 514/921/844 511/922/845 1858/923/846
s 2
f 518/924/847 520/925/848 515/280/254
f 519/926/849 521/927/850 518/924/847
f 521/927/850 529/928/851 520/925/848
f 521/927/850 522/929/852 532/930/853
s 3
f 516/251/226 526/931/854 525/932/855
f 523/933/856 527/934/857 526/931/854
f 525/932/855 522/935/858 519/936/859
s 26
f 526/937/860 532/938/861 522/929/862
s 2
f 528/939/863 530/940/864 517/299/273
f 529/928/851 531/941/865 528/939/863
f 531/941/865 524/942/866 530/940/864
f 531/941/865 532/938/867 527/943/868
f 536/944/869 538/945/870 533/243/219
f 537/946/871 539/947/872 536/944/869
f 539/947/872 548/948/873 538/945/870
f 539/947/872 540/949/874 541/950/875
s 3
f 534/289/263 545/951/876 544/952/877
f 542/953/878 546/954/879 545/951/876
f 544/952/877 540/955/880 537/956/881
f 545/957/876 541/958/882 540/949/880
s 2
f 547/959/883 549/960/884 535/260/235
f 548/948/873 550/961/885 547/959/883
f 550/961/885 543/962/886 549/960/884
f 550/961/885 541/958/875 546/963/887
f 554/964/888 556/965/889 551/275/249
f 555/966/890 557/967/891 554/964/888
f 557/967/891 566/968/892 556/965/889
f 557/967/891 559/969/893 569/970/894
f 552/254/229 563/971/895 562/972/896
f 561/973/897 563/971/895 560/974/898
f 563/971/895 555/966/890 562/972/896
f 563/971/895 559/969/893 558/975/899
f 565/976/900 567/977/901 553/302/276
f 566/968/892 568/978/902 565/976/900
f 568/978/902 561/973/897 567/977/901
f 568/978/902 559/969/893 564/979/903
f 573/980/904 575/981/905 570/231/207
f 574/982/906 576/983/907 573/980/904
f 576/983/907 585/984/908 575/981/905
f 577/985/909 588/986/910 576/983/907
s 3
f 571/300/274 582/987/911 581/988/912
f 579/989/913 583/990/914 582/987/911
f 581/988/912 577/991/915 574/992/916
f 582/993/911 578/994/917 577/985/915
s 2
f 584/995/918 586/996/919 572/269/244
f 585/984/908 587/997/920 584/995/918
f 587/997/920 580/998/921 586/996/919
f 588/986/922 583/999/923 587/997/920
f 589/1000/924 595/1001/925 594/1002/926
s 27
f 592/1003/927 593/1004/928 595/1001/927
s 2
f 594/1002/926 605/1005/929 602/1006/930
f 595/1007/925 596/1008/931 605/1005/929
f 590/309/283 600/1009/932 599/1010/933
f 597/1011/934 605/1012/935 600/1009/936
f 600/1009/936 593/1004/937 599/1010/938
f 600/1009/936 596/1008/939 595/1007/940
f 601/1013/941 603/1014/942 591/1015/308
f 602/1006/930 604/1016/943 601/1013/941
f 604/1016/944 598/1017/945 603/1014/942
f 609/1018/946 611/1019/947 606/320/294
f 610/1020/948 612/1021/949 609/1018/946
f 612/1021/949 620/1022/950 611/1019/947
f 612/1021/949 613/1023/951 623/1024/952
f 614/1025/953 616/1026/954 607/1027/309
f 615/1028/955 617/1029/956 614/1025/953
f 617/1029/956 610/1020/948 616/1026/954
f 617/1029/956 618/1030/957 613/1031/951
f 619/1032/958 621/1033/959 608/307/281
f 620/1022/950 622/1034/960 619/1032/958
f 622/1034/960 615/1028/955 621/1033/959
f 623/1024/952 618/1030/957 622/1034/960
f 624/319/293 630/1035/961 629/1036/962
f 627/1037/963 636/1038/964 630/1035/965
s 28
f 629/1036/966 630/1039/966 638/1040/966
s 29
f 630/1035/967 636/1038/967 631/1041/967
s 2
f 632/1042/968 634/1043/969 625/1044/200
f 633/1045/970 635/1046/971 632/1042/968
f 635/1046/972 628/1047/973 634/1043/969
f 626/1048/974 640/1049/975 639/1050/976
s 30
f 638/1040/977 640/1049/978 637/1051/979
s 2
f 639/1050/976 636/1052/980 633/1045/970
s 30
f 640/1049/978 631/1041/981 636/1052/982
s 2
f 644/1053/983 646/1054/984 641/225/201
f 645/1055/985 647/1056/986 644/1053/983
f 647/1056/986 655/1057/987 646/1054/984
f 647/1056/986 648/1058/988 658/1059/989
f 649/1060/990 651/1061/991 642/313/287
f 650/1062/992 652/1063/993 649/1060/990
f 652/1063/993 645/1055/985 651/1061/991
f 653/1064/994 648/1058/988 652/1063/993
f 654/1065/995 656/1066/996 643/1067/296
f 655/1057/987 657/1068/997 654/1065/995
f 657/1068/997 650/1062/992 656/1066/996
f 657/1068/997 658/1069/989 653/1064/994
f 659/340/314 665/1070/998 664/1071/999
f 662/1072/1000 666/1073/1001 665/1070/998
f 664/1071/999 677/1074/1002 674/1075/1003
f 665/1070/998 667/1076/1004 677/1074/1002
f 668/1077/1005 670/1078/1006 660/1079/300
f 669/1080/1007 671/1081/1008 668/1077/1005
f 671/1081/1008 663/1082/1009 670/1078/1006
f 672/1083/1010 666/1073/1001 671/1081/1008
f 661/1084/1011 676/1085/1012 675/1086/1013
f 673/1087/1014 677/1074/1015 676/1085/1012
f 675/1086/1013 672/1083/1016 669/1080/1007
f 676/1085/1012 667/1076/1017 672/1083/1016
f 678/212/188 683/1088/1018 682/1089/1019
f 681/1090/1020 684/1091/1021 683/1088/1018
f 682/1089/1019 695/1092/1022 692/1093/1023
f 683/1088/1018 685/1094/1024 695/1092/1022
f 679/314/288 689/1095/1025 688/1096/1026
f 686/1097/1027 690/1098/1028 689/1095/1025
f 688/1096/1026 689/1095/1025 684/1091/1029
f 689/1095/1025 685/1094/1024 684/1091/1029
f 691/1099/1030 693/1100/1031 680/1101/313
f 692/1093/1023 694/1102/1032 691/1099/1030
f 694/1102/1032 687/1103/1033 693/1100/1031
f 695/1092/1022 690/1098/1028 694/1102/1032
f 696/344/318 701/1104/1034 709/1105/1035
f 699/1106/1036 702/1107/1037 701/1104/1034
f 709/1105/1035 701/1104/1034 712/1108/1038
f 701/1104/1034 703/1109/1039 712/1108/1038
f 704/1110/1040 706/1111/1041 697/1112/191
f 705/1113/1042 707/1114/1043 704/1110/1040
f 707/1114/1043 700/1115/1044 706/1111/1041
f 708/1116/1045 702/1107/1037 707/1114/1043
f 698/1117/1046 711/1118/1047 710/1119/1048
f 709/1120/1049 712/1108/1050 711/1118/1047
f 710/1119/1048 708/1116/1051 705/1113/1042
f 711/1118/1047 703/1109/1052 708/1116/1051
f 716/1121/1053 718/1122/1054 713/331/305
f 717/1123/1055 719/1124/1056 716/1121/1053
f 719/1124/1056 727/1125/1057 718/1122/1054
f 719/1124/1056 720/1126/1058 730/1127/1059
f 721/1128/1060 723/1129/1061 714/303/277
f 722/1130/1062 724/1131/1063 721/1128/1060
f 724/1131/1063 717/1123/1055 723/1129/1061
f 725/1132/1064 720/1126/1058 724/1131/1063
f 726/1133/1065 728/1134/1066 715/1135/179
f 727/1125/1057 729/1136/1067 726/1133/1065
f 729/1136/1067 722/1130/1062 728/1134/1066
f 729/1136/1067 730/1137/1059 725/1132/1064
f 731/201/177 737/1138/1068 736/1139/1069
f 734/1140/1070 738/1141/1071 737/1138/1068
f 736/1139/1069 749/1142/1072 746/1143/1073
f 737/1138/1068 739/1144/1074 749/1142/1072
f 732/304/278 743/1145/1075 742/1146/1076
f 740/1147/1077 744/1148/1078 743/1145/1075
f 742/1146/1076 738/1141/1079 735/1149/1080
f 743/1145/1075 739/1144/1074 738/1141/1079
f 745/1150/1081 747/1151/1082 733/1152/304
f 746/1143/1073 748/1153/1083 745/1150/1081
f 748/1153/1083 741/1154/1084 747/1151/1082
f 749/1142/1072 744/1148/1078 748/1153/1083
s 4
f 800/477/436 806/1155/1085 805/1156/1086
f 803/1157/1087 807/1158/1088 806/1155/1085
f 805/1156/1089 817/1159/1090 814/1160/1091
f 806/1155/1085 808/1161/1092 817/1159/1090
f 809/1162/1093 811/1163/1094 801/1164/1095
f 810/1165/1096 812/1166/1097 809/1167/1093
f 812/1168/1097 804/1169/1098 811/1163/1094
f 813/1170/1099 807/1158/1088 812/1168/1097
f 802/391/360 816/1171/1100 815/1172/1101
f 814/1173/1102 817/1174/1103 816/1171/1100
f 815/1172/1101 813/1175/1104 810/1165/1096
f 816/1171/1100 808/1176/1105 813/1175/1104
f 821/1177/1106 823/1178/1107 818/530/483
f 822/1179/1108 824/1180/1109 821/1177/1106
f 824/1180/1109 833/1181/1110 823/1178/1107
f 825/1182/1111 836/1183/1112 824/1180/1109
f 819/393/362 830/1184/1113 829/1185/1114
f 827/1186/1115 831/1187/1116 830/1188/1113
f 829/1185/1114 825/1189/1111 822/1190/1108
f 830/1188/1113 826/1191/1117 825/1182/1111
f 820/512/467 835/1192/1118 834/1193/1119
f 832/1194/1120 836/1183/1112 835/1192/1118
f 834/1193/1119 831/1187/1116 828/1195/1121
f 835/1192/1118 826/1191/1117 831/1187/1116
f 852/521/475 857/1196/1122 856/1197/1123
f 855/1198/1124 858/1199/1125 857/1196/1122
f 856/1197/1123 868/1200/1126 865/1201/1127
f 857/1196/1122 859/1202/1128 868/1200/1126
f 853/1203/1129 862/1204/1130 855/1205/1131
f 860/1206/1132 863/1207/1133 862/1204/1130
f 855/1205/1131 862/1204/1130 858/1208/1134
f 862/1204/1130 859/1209/1135 858/1208/1136
f 864/1210/1137 866/1211/1138 854/1212/1139
f 865/1201/1127 867/1213/1140 864/1210/1137
f 867/1214/1140 861/1215/1141 866/1216/1138
f 868/1200/1126 863/1217/1142 867/1213/1140
f 919/1218/1143 924/1219/1144 923/1220/1145
f 922/1221/1146 925/1222/1147 924/1219/1144
f 923/1220/1145 936/1223/1148 933/1224/1149
f 924/1219/1144 926/1225/1150 936/1223/1148
f 920/449/414 930/1226/1151 929/1227/1152
f 927/1228/1153 931/1229/1154 930/1226/1151
f 929/1227/1152 930/1226/1151 925/1230/1155
f 930/1226/1151 926/1231/1156 925/1230/1155
f 932/1232/1157 934/1233/1158 921/517/472
f 933/1234/1149 935/1235/1159 932/1232/1157
f 935/1235/1159 928/1236/1160 934/1233/1158
f 936/1237/1161 931/1229/1154 935/1235/1159
f 940/1238/1162 942/1239/1163 937/1240/486
f 941/1241/1164 943/1242/1165 940/1238/1162
f 942/1239/1163 955/1243/1166 952/1244/1167
f 943/1242/1165 945/1245/1168 955/1243/1166
f 938/518/473 949/1246/1169 948/1247/1170
f 946/1248/1171 950/1249/1172 949/1246/1169
f 948/1247/1170 944/1250/1173 941/1241/1164
f 949/1246/1169 945/1245/1168 944/1250/1173
f 951/1251/1174 953/1252/1175 939/1253/1176
f 952/1244/1167 954/1254/1177 951/1251/1174
f 954/1254/1177 947/1255/1178 953/1252/1175
f 955/1243/1166 950/1249/1172 954/1254/1177
f 971/523/477 976/1256/1179 984/1257/1180
f 974/1258/1181 977/1259/1182 976/1256/1179
f 984/1257/1180 976/1256/1179 987/1260/1183
f 976/1256/1179 978/1261/1184 987/1260/1185
f 979/1262/1186 981/1263/1187 972/1264/1188
f 980/1265/1189 982/1266/1190 979/1262/1186
f 982/1266/1190 975/1267/1191 981/1263/1187
f 983/1268/1192 977/1259/1193 982/1266/1190
f 973/461/423 986/1269/1194 985/1270/1195
f 984/1271/1196 987/1260/1197 986/1269/1194
f 985/1270/1195 983/1268/1192 980/1265/1189
f 986/1269/1194 978/1261/1198 983/1268/1192
s 5
f 1038/1272/1199 1044/1273/1200 1043/1274/1201
f 1041/1275/1202 1045/1276/1203 1044/1273/1200
f 1043/1274/1201 1055/1277/1204 1052/1278/1205
f 1044/1273/1200 1046/1279/1206 1055/1277/1204
f 1047/1280/1207 1049/1281/1208 1039/1282/1209
f 1048/1283/1210 1050/1284/1211 1047/1285/1207
f 1050/1286/1211 1042/1287/1212 1049/1281/1208
f 1051/1288/1213 1045/1276/1203 1050/1286/1211
f 1040/583/531 1054/1289/1214 1053/1290/1215
f 1052/1291/1216 1055/1292/1217 1054/1289/1214
f 1053/1290/1215 1051/1293/1218 1048/1283/1219
f 1054/1289/1214 1046/1294/1220 1051/1293/1218
f 1076/709/639 1081/1295/1221 1080/1296/1222
f 1079/1297/1223 1082/1298/1224 1081/1295/1221
f 1080/1296/1222 1093/1299/1225 1090/1300/1226
f 1081/1295/1221 1083/1301/1227 1093/1299/1225
f 1077/1302/1228 1087/1303/1229 1086/1304/1230
f 1084/1305/1231 1088/1306/1232 1087/1303/1229
f 1086/1304/1230 1087/1303/1229 1082/1307/1233
f 1087/1303/1229 1083/1308/1234 1082/1307/1233
f 1089/1309/1235 1091/1310/1236 1078/1311/1237
f 1090/1300/1226 1092/1312/1238 1089/1309/1235
f 1092/1313/1238 1085/1314/1239 1091/1315/1236
f 1093/1299/1225 1088/1316/1240 1092/1312/1238
f 1144/671/606 1148/1317/1241 1147/1318/1242
f 1153/1319/1243 1149/1320/1244 1148/1321/1241
f 1147/1318/1242 1160/1322/1245 1157/1323/1246
f 1148/1317/1241 1150/1324/1247 1160/1322/1245
f 1145/640/581 1154/1325/1248 1153/1326/1249
f 1151/1327/1250 1155/1328/1251 1154/1325/1248
f 1153/1326/1249 1154/1325/1248 1149/1329/1252
f 1154/1325/1248 1150/1324/1253 1149/1329/1252
f 1156/1330/1254 1158/1331/1255 1146/705/636
f 1157/1323/1246 1159/1332/1256 1156/1330/1254
f 1159/1332/1256 1152/1333/1257 1158/1331/1255
f 1160/1322/1258 1155/1328/1251 1159/1332/1256
f 1181/1334/641 1187/1335/1259 1186/1336/1260
f 1184/1337/1261 1188/1338/1262 1187/1335/1259
f 1186/1336/1260 1187/1335/1259 1197/1339/1263
f 1187/1335/1259 1189/1340/1264 1197/1339/1263
f 1190/1341/1265 1192/1342/1266 1182/1343/1267
f 1191/1344/1268 1193/1345/1269 1190/1341/1265
f 1193/1345/1269 1185/1346/1270 1192/1342/1266
f 1194/1347/1271 1188/1338/1272 1193/1345/1269
f 1183/652/590 1196/1348/1273 1195/1349/1274
f 1186/1350/1275 1197/1339/1276 1196/1348/1273
f 1195/1349/1274 1194/1347/1271 1191/1344/1268
f 1196/1348/1273 1189/1340/1277 1194/1347/1271
s 1
f 221/25/22 1200/1351/1278 224/1352/1279
f 224/1352/1279 1201/1353/1280 223/1354/1281
f 223/1354/1282 1202/1355/1283 222/1356/1284
f 1202/1357/1283 220/182/160 222/1358/1284
f 1198/24/21 207/1359/1285 1200/1351/1278
f 1200/1351/1278 208/1360/1286 1201/1353/1280
f 1201/1361/1287 209/1362/1288 1202/1357/1283
f 209/1362/1288 1199/139/122 1202/1357/1283
f 1203/1363/55 229/1364/1289 226/1365/7
f 1205/1366/1290 228/1367/1291 229/1364/1289
f 1206/1368/1292 227/1369/1293 228/1367/1294
f 227/1369/1293 1204/119/105 225/21/18
f 210/1370/169 1205/1366/1290 1203/1363/55
f 212/1371/1295 1206/1368/1296 1205/1366/1290
f 213/1372/1297 1207/1373/1298 1206/1368/1292
f 1207/1373/1298 211/18/15 1204/119/105
f 1208/129/114 204/1374/1299 201/3/3
f 1210/1375/1300 203/1376/1301 204/1374/1299
f 1211/1377/1302 202/1378/1303 203/1376/1304
f 202/1379/1303 1209/4/4 200/16/13
f 221/25/22 1210/1375/1300 1208/129/114
f 224/1352/1279 1211/1377/1305 1210/1375/1300
f 223/1354/1282 1212/1380/1306 1211/1377/1302
f 1212/1381/1306 220/182/160 1209/4/4
f 216/1382/139 1215/1383/1307 219/1384/1308
f 219/1384/1308 1216/1385/1309 218/1386/1310
f 218/1386/1311 1217/1387/1312 217/1388/1313
f 1217/1387/1312 215/10/8 217/1388/1313
f 1213/1389/23 229/1364/1289 1215/1383/1307
f 1215/1383/1307 228/1367/1291 1216/1385/1309
f 1216/1385/1314 227/1369/1293 1217/1387/1312
f 227/1369/1293 1214/23/20 1217/1387/1312
f 231/1390/140 1220/1391/1315 234/1392/1316
f 234/1392/1316 1221/1393/1317 233/1394/1318
f 233/1394/1319 1222/1395/1320 232/1396/1321
f 1222/1395/1320 230/29/25 232/1396/1321
f 1218/1397/135 219/1384/1308 1220/1391/1315
f 1220/1391/1315 218/1386/1310 1221/1393/1317
f 1221/1393/1322 217/1388/1313 1222/1395/1320
f 217/1388/1313 1219/12/10 1222/1395/1320
f 205/15/12 1225/1398/1323 207/1359/1285
f 207/1359/1285 1226/1399/1324 208/1360/1286
f 208/1400/1325 1227/1401/1326 209/1362/1288
f 1227/1401/1326 206/35/31 209/1362/1288
f 1223/14/11 237/1402/1327 1225/1398/1323
f 1225/1398/1323 238/1403/1328 1226/1399/1324
f 1226/1404/1329 239/1405/1330 1227/1401/1326
f 239/1405/1330 1224/33/29 1227/1401/1326
f 235/44/39 1230/1406/1331 237/1402/1327
f 237/1402/1327 1231/1407/1332 238/1403/1328
f 238/1408/1333 1232/1409/1334 239/1405/1330
f 1232/1409/1334 236/32/28 239/1405/1330
f 1228/53/47 247/1410/1335 1230/1406/1331
f 1230/1406/1331 248/1411/1336 1231/1407/1332
f 1231/1412/1337 249/1413/1338 1232/1409/1334
f 249/1413/1338 1229/30/26 1232/1409/1334
f 241/1414/170 1235/1415/1339 244/1416/1340
f 244/1416/1340 1236/1417/1341 243/1418/1342
f 243/1418/1343 1237/1419/1344 242/1420/1345
f 1237/1419/1344 240/39/35 242/1420/1345
f 1233/1421/163 234/1392/1316 1235/1415/1339
f 1235/1415/1339 233/1394/1318 1236/1417/1341
f 1236/1417/1346 232/1396/1321 1237/1419/1344
f 232/1396/1321 1234/37/33 1237/1419/1344
f 1238/170/150 272/1422/1347 269/168/148
f 1240/1423/1348 271/1424/1349 272/1422/1347
f 1241/1425/1350 270/1426/1351 271/1424/1349
f 1242/1427/1352 268/1428/44 270/1426/1351
f 251/1429/664 1240/1423/1348 1238/170/150
f 261/740/663 1241/1425/1350 1240/1423/1348
f 254/739/667 1242/1427/1352 1241/1425/1350
f 253/728/657 1239/133/116 1242/1427/1352
f 245/52/46 1245/1430/1353 247/1410/1335
f 247/1410/1335 1246/1431/1354 248/1411/1336
f 248/1432/1355 1247/1433/1356 249/1413/1338
f 249/1413/1338 1244/40/36 246/42/38
f 1243/152/134 272/1422/1347 1245/1430/1353
f 1245/1430/1357 271/1424/1349 1246/1431/1354
f 1246/1434/1358 270/1435/1351 1247/1433/1356
f 270/1435/1351 1244/40/36 1247/1433/1356
f 251/735/664 1250/1436/1359 259/733/662
f 259/733/662 1251/1437/1360 260/736/665
f 260/736/674 1252/1438/1361 265/744/670
f 265/744/670 1249/46/41 252/48/43
f 1248/1439/149 244/1416/1340 1250/1436/1359
f 1250/1436/1359 243/1418/1342 1251/1437/1360
f 1251/1437/1362 242/1420/1345 1252/1438/1361
f 1252/1438/1361 240/39/35 1249/46/41
f 1253/1440/62 212/1371/1295 210/1370/169
f 1255/1441/1363 213/1372/1364 212/1371/1295
f 1256/1442/1365 214/1443/1366 213/1372/1297
f 214/1443/1366 1254/162/142 211/18/15
f 278/1444/113 1255/1441/1363 1253/1440/62
f 280/1445/1367 1256/1442/1368 1255/1441/1363
f 281/1446/1369 1257/1447/1370 1256/1442/1365
f 1257/1447/1370 279/58/52 1254/162/142
f 1258/1/1 277/1448/1371 274/178/157
f 1260/1449/1372 276/1450/1373 277/1448/1371
f 1261/1451/1374 275/1452/1375 276/1450/1376
f 275/1453/1375 1259/54/48 273/56/50
f 201/3/3 1260/1449/1372 1258/1/1
f 204/1374/1299 1261/1451/1377 1260/1449/1372
f 203/1376/1304 1262/1454/1378 1261/1451/1374
f 1262/1455/1378 200/16/13 1259/54/48
f 290/764/692 1265/1456/1379 301/762/690
f 301/762/690 1266/1457/1380 302/753/681
f 302/753/681 1267/1458/1381 292/749/677
f 292/749/677 1264/175/106 288/177/156
f 1263/143/125 285/1459/1382 1265/1456/1379
f 1265/1456/1379 286/1460/1383 1266/1457/1380
f 1266/1457/1380 287/1461/1384 1267/1458/1381
f 1267/1458/1381 284/1462/58 1264/175/106
f 1268/1463/126 280/1445/1367 278/1444/113
f 1270/1464/1385 281/1446/1386 280/1445/1367
f 1271/1465/1387 282/1466/1388 281/1446/1369
f 1272/1467/1389 279/58/52 282/1466/1388
f 290/1468/692 1270/1464/1385 1268/1463/126
f 303/768/691 1271/1465/1390 1270/1464/1385
f 297/767/1391 1272/1467/1389 1271/1465/1387
f 296/758/686 1269/66/60 1272/1467/1389
f 1273/146/128 285/1459/1382 283/145/127
f 1275/1469/1392 286/1460/1383 285/1459/1382
f 1276/1470/1393 287/1461/1384 286/1460/1383
f 287/1471/1384 1274/62/56 284/64/58
f 274/178/157 1275/1469/1392 1273/146/128
f 277/1448/1371 1276/1470/1394 1275/1469/1392
f 276/1450/1376 1277/1472/1395 1276/1470/1393
f 275/1453/1375 1274/62/56 1277/1473/1395
f 1278/142/124 330/1474/1396 327/71/63
f 1280/1475/1397 329/1476/1398 330/1474/1396
f 1281/1477/1399 328/1478/1400 329/1476/1398
f 1282/1479/1401 326/192/168 328/1478/1400
f 311/91/81 1280/1475/1397 1278/142/124
f 313/1480/1402 1281/1477/1399 1280/1475/1397
f 314/1481/1403 1282/1479/1401 1281/1477/1399
f 315/1482/1404 1279/191/167 1282/1479/1401
f 332/85/75 1285/1483/1405 335/1484/1406
f 335/1484/1406 1286/1485/1407 334/1486/1408
f 334/1486/1408 1287/1487/1409 333/1488/1410
f 333/1488/1410 1284/123/109 331/126/112
f 1283/84/74 318/1489/1411 1285/1483/1405
f 1285/1483/1405 319/1490/1412 1286/1485/1407
f 1286/1485/1407 320/1491/1413 1287/1487/1409
f 1287/1487/1409 317/124/110 1284/123/109
f 307/81/71 1290/1492/1414 310/1493/1415
f 310/1493/1415 1291/1494/1416 309/1495/1417
f 309/1495/1417 1292/1496/1418 308/1497/1419
f 308/1497/1419 1289/140/123 306/106/95
f 1288/72/64 330/1474/1396 1290/1492/1414
f 1290/1492/1414 329/1476/1398 1291/1494/1416
f 1291/1494/1416 328/1478/1400 1292/1496/1418
f 1292/1496/1418 326/192/168 1289/140/123
f 1293/86/76 325/1498/1420 322/125/111
f 1295/1499/1421 324/1500/1422 325/1498/1420
f 1296/1501/1423 323/1502/1424 324/1500/1422
f 1297/1503/1425 321/183/161 323/1502/1424
f 332/85/75 1295/1499/1421 1293/86/76
f 335/1484/1406 1296/1501/1423 1295/1499/1421
f 334/1486/1408 1297/1503/1425 1296/1501/1423
f 333/1488/1410 1294/161/141 1297/1503/1425
f 1298/77/68 340/1504/1426 337/155/136
f 1300/1505/1427 339/1506/1428 340/1504/1426
f 1301/1507/1429 338/1508/1430 339/1506/1428
f 1302/1509/1431 336/78/69 338/1508/1430
f 322/125/111 1300/1505/1427 1298/77/68
f 325/1498/1420 1301/1507/1429 1300/1505/1427
f 324/1500/1422 1302/1509/1431 1301/1507/1429
f 323/1502/1424 1299/94/84 1302/1509/1431
f 1303/92/82 313/1480/1402 311/91/81
f 1305/1510/1432 314/1481/1403 313/1480/1402
f 1306/1511/1433 315/1482/1404 314/1481/1403
f 1307/1512/1434 312/190/166 315/1482/1404
f 341/97/86 1305/1510/1432 1303/92/82
f 343/1513/1435 1306/1511/1433 1305/1510/1432
f 344/1514/1436 1307/1512/1434 1306/1511/1433
f 345/1515/1437 1304/74/66 1307/1512/1434
f 1308/98/87 343/1513/1435 341/97/86
f 1310/1516/1438 344/1514/1436 343/1513/1435
f 1311/1517/1439 345/1515/1437 344/1514/1436
f 1312/1518/1440 342/138/121 345/1515/1437
f 351/102/91 1310/1516/1438 1308/98/87
f 353/1519/1441 1311/1517/1439 1310/1516/1438
f 354/1520/1442 1312/1518/1440 1311/1517/1439
f 355/1521/1443 1309/184/162 1312/1518/1440
f 1313/93/83 350/1522/1444 347/187/164
f 1315/1523/1445 349/1524/1446 350/1522/1444
f 1316/1525/1447 348/1526/1448 349/1524/1446
f 1317/1527/1449 346/101/90 348/1526/1448
f 337/155/136 1315/1523/1445 1313/93/83
f 340/1504/1426 1316/1525/1447 1315/1523/1445
f 339/1506/1428 1317/1527/1449 1316/1525/1447
f 338/1508/1430 1314/80/70 1317/1527/1449
f 374/189/165 1320/1528/1450 377/1529/1451
f 377/1529/1451 1321/1530/1452 376/1531/1453
f 376/1531/1453 1322/1532/1454 375/1533/1455
f 375/1533/1455 1319/172/152 373/174/154
f 1318/1534/120 360/772/697 1320/1528/1450
f 1320/1528/1450 369/777/701 1321/1530/1452
f 1321/1530/1452 368/784/710 1322/1532/1454
f 1322/1532/1454 358/173/153 1319/172/152
f 1323/104/93 353/1519/1441 351/102/91
f 1325/1535/1456 354/1520/1442 353/1519/1441
f 1326/1536/1457 355/1521/1443 354/1520/1442
f 1327/1537/1458 352/181/159 355/1521/1443
f 374/189/165 1325/1535/1456 1323/104/93
f 377/1529/1451 1326/1536/1457 1325/1535/1456
f 376/1531/1453 1327/1537/1458 1326/1536/1457
f 375/1533/1455 1324/156/137 1327/1537/1458
f 1328/99/88 364/781/705 357/105/94
f 1330/1538/1459 365/787/713 364/781/705
f 1331/1539/1460 370/785/711 365/787/713
f 1332/1540/1461 358/173/153 370/785/711
f 347/187/164 1330/1538/1459 1328/99/88
f 350/1522/1444 1331/1539/1460 1330/1538/1459
f 349/1524/1446 1332/1540/1461 1331/1539/1460
f 348/1526/1448 1329/171/151 1332/1540/1461
f 316/88/78 1335/1541/1462 318/1489/1411
f 318/1489/1411 1336/1542/1463 319/1490/1412
f 319/1490/1412 1337/1543/1464 320/1491/1413
f 320/1491/1413 1334/166/146 317/124/110
f 1333/109/96 385/1544/1465 1335/1541/1462
f 1335/1541/1462 386/1545/1466 1336/1542/1463
f 1336/1542/1463 387/1546/1467 1337/1543/1464
f 1337/1543/1464 384/130/115 1334/166/146
f 379/111/98 1340/1547/1468 382/1548/1469
f 382/1548/1469 1341/1549/1470 381/1550/1471
f 381/1550/1471 1342/1551/1472 380/1552/1473
f 380/1552/1473 1339/115/101 378/114/100
f 1338/82/72 310/1493/1415 1340/1547/1468
f 1340/1547/1468 309/1495/1417 1341/1549/1470
f 1341/1549/1470 308/1497/1419 1342/1551/1472
f 1342/1551/1472 306/106/95 1339/115/101
f 1343/1553/108 396/1554/717 393/180/158
f 1345/1555/1474 397/801/727 396/790/717
f 1346/1556/1475 403/797/723 397/801/727
f 1347/1557/1476 394/798/724 403/797/723
f 388/118/104 1345/1555/1474 1343/122/108
f 390/1558/1477 1346/1556/1475 1345/1555/1474
f 391/1559/1478 1347/1557/1476 1346/1556/1475
f 392/1560/1479 1344/150/132 1347/1557/1476
f 383/110/97 1350/1561/1480 385/1544/1465
f 385/1544/1465 1351/1562/1481 386/1545/1466
f 386/1545/1466 1352/1563/1482 387/1546/1467
f 387/1546/1467 1349/149/131 384/130/115
f 1348/116/102 407/804/731 1350/1561/1480
f 1350/1561/1480 402/799/725 1351/1562/1481
f 1351/1562/1481 401/796/722 1352/1563/1482
f 1352/1563/1482 394/798/724 1349/149/131
f 388/118/104 1355/1564/1483 390/1558/1477
f 390/1558/1477 1356/1565/1484 391/1559/1478
f 391/1559/1478 1357/1566/1485 392/1560/1479
f 392/1560/1479 1354/148/130 389/147/129
f 1353/112/99 382/1548/1469 1355/1564/1483
f 1355/1564/1483 381/1550/1471 1356/1565/1484
f 1356/1565/1484 380/1552/1473 1357/1566/1485
f 1357/1566/1485 378/114/100 1354/148/130
f 395/117/103 1360/1567/1486 406/1568/732
f 406/789/1487 1359/176/155 393/180/1488
f 1358/67/61 298/757/1489 1360/1567/1486
s 31
f 1360/1569/1490 298/1570/1491 291/750/1492
s 1
f 1360/1571/1493 288/177/156 1359/176/155
f 252/48/43 1363/1572/1494 264/1573/1495
s 32
f 264/731/1496 1363/1574/1497 255/727/1497
s 1
f 1363/1574/1498 250/725/654 255/727/1499
f 357/105/94 1363/1572/1494 1361/47/42
f 359/1575/698 1362/134/117 1363/1574/1498
s 2
f 535/260/235 1366/1576/1500 547/959/883
f 547/959/883 1367/1577/1501 548/948/873
f 1367/1577/1501 538/945/870 548/948/873
f 1368/1578/1502 533/243/219 538/945/870
f 1364/259/234 556/965/889 1366/1576/1500
f 1366/1576/1500 566/968/892 1367/1577/1501
f 566/968/892 1368/1578/1502 1367/1577/1501
f 565/976/900 1365/261/236 1368/1578/1502
f 1369/253/228 560/974/898 552/254/229
f 1371/1579/1503 561/973/897 560/974/898
f 561/973/897 1373/1580/1504 567/977/901
f 567/977/901 1370/240/216 553/302/276
f 570/231/207 1371/1579/1503 1369/253/228
f 575/981/905 1372/1581/1505 1371/1579/1503
f 1372/1581/1505 584/995/918 1373/1580/1504
f 1373/1580/1504 572/269/244 1370/240/216
s 3
f 1374/288/262 579/989/913 571/300/274
f 1376/1582/1506 580/1583/1507 579/989/913
s 2
f 580/998/921 1377/1584/1508 586/996/919
f 1377/1584/1508 572/269/244 586/996/919
s 3
f 1374/288/262 544/952/877 1376/1582/1506
f 1376/1582/1506 537/956/881 1377/1585/1509
s 2
f 1377/1586/1508 537/946/871 536/944/869
f 1377/1584/1508 533/243/219 1375/242/218
f 517/299/273 1380/1587/1510 528/939/863
f 528/939/863 1381/1588/1511 529/928/851
f 1381/1588/1511 520/925/848 529/928/851
f 1382/1589/1512 515/280/254 520/925/848
f 1378/295/269 562/972/896 1380/1587/1510
f 1380/1587/1510 555/966/890 1381/1588/1511
f 555/966/890 1382/1589/1512 1381/1588/1511
f 554/964/888 1379/274/248 1382/1589/1512
s 3
f 1383/249/224 542/953/878 534/289/263
f 1385/1590/1513 543/1591/1514 542/953/878
s 2
f 543/962/886 1386/1592/1515 549/960/884
f 1386/1592/1515 535/260/235 549/960/884
s 3
f 1383/249/224 525/932/855 1385/1590/1513
f 1385/1590/1513 519/936/859 1386/1593/1516
s 2
f 1386/1594/1515 519/926/849 518/924/847
f 1386/1592/1515 515/280/254 1384/228/204
s 3
f 1387/250/225 523/933/856 516/251/226
f 1389/1595/1517 524/1596/1518 523/933/856
s 2
f 1390/1597/1519 530/940/864 524/942/866
f 1391/1598/1520 517/299/273 530/940/864
s 3
f 1387/250/225 581/988/912 1389/1595/1517
f 1389/1595/1517 574/992/916 1390/1599/1521
s 2
f 1390/1597/1519 573/980/904 1391/1598/1522
f 1391/1598/1520 570/231/207 1388/230/206
f 436/209/185 1394/1600/1523 440/1601/762
f 440/1601/762 1395/1602/1524 1859/1603/1525
f 1859/1603/1525 1396/1604/1526 442/1605/1527
f 442/1605/1527 1393/246/221 437/315/289
f 410/163/143 1394/1600/1523 1392/210/186
f 415/807/736 1395/1602/1524 1394/1600/1523
f 423/810/1528 1396/1604/1526 1395/1602/1524
f 421/818/1529 1393/246/221 1396/1604/1526
f 1397/258/233 454/1606/1530 447/216/192
f 1399/1607/1531 1860/849/1532 454/1606/1530
f 1400/1608/1533 449/845/771 1860/849/1534
f 1401/1609/1535 445/317/291 449/845/771
f 1397/258/233 421/821/1529 1399/1607/1531
f 1399/1607/1531 418/814/1536 1400/1608/1533
f 1400/1608/1533 417/811/740 1401/1609/1535
f 1401/1609/1535 411/813/742 1398/236/212
f 1402/316/290 442/1610/1527 437/315/289
f 1404/1611/1537 443/843/1538 442/1610/1527
f 1405/1612/1539 440/839/1540 443/843/1538
f 1406/1613/1541 438/233/209 440/839/766
f 1402/316/290 454/1614/1530 1404/1611/1537
f 1404/1611/1537 451/853/1542 1405/1612/1539
f 1405/1612/1539 453/854/777 1406/1613/1541
f 1406/1613/1541 446/850/776 1403/247/222
f 465/870/795 1409/1615/1543 468/868/793
f 468/868/793 1410/1616/1544 469/871/796
f 469/871/796 1411/1617/1545 474/878/801
f 474/878/801 1408/278/252 466/321/295
f 424/219/195 1409/1615/1543 1407/297/271
f 429/823/1546 1410/1616/1544 1409/1615/1543
f 433/827/1547 1411/1617/1545 1410/1616/1544
f 432/833/1548 1408/278/252 1411/1617/1545
f 480/272/247 1414/1618/1549 488/885/806
f 488/885/1550 1415/1619/1551 1861/1620/1552
f 1861/1620/1552 1416/1621/1553 485/1622/1554
f 485/1622/1554 1413/337/311 481/206/182
f 467/264/239 1414/1618/1549 1412/262/237
f 478/880/803 1415/1619/1551 1414/1618/1549
f 473/875/799 1416/1621/1553 1415/1619/1551
f 474/877/801 1413/337/311 1416/1621/1553
f 1417/208/184 485/1623/1554 481/206/182
f 1419/1624/1555 486/893/1556 485/1623/1554
f 1420/1625/1557 488/891/1558 486/893/1556
f 1421/1626/1559 482/271/246 488/891/814
f 1417/208/184 432/1627/1548 1419/1624/1555
f 1419/1624/1555 433/1628/1560 1420/1625/1557
f 1420/1625/1557 430/828/1561 1421/1626/1559
f 1421/1626/1559 425/265/240 1418/267/242
f 1422/256/231 462/1629/1562 457/195/171
f 1424/1630/1563 463/860/1564 462/1629/1562
f 1425/1631/1565 459/856/1566 463/860/1564
f 1426/1632/1567 455/342/316 459/856/1566
f 1422/256/231 498/905/1568 1424/1630/1563
f 1424/1630/1563 493/906/821 1425/1631/1565
f 1425/1631/1565 492/894/818 1426/1632/1567
f 1426/1632/1567 489/896/820 1423/292/266
f 1427/327/301 498/902/1568 490/279/253
f 1429/1633/1569 497/910/827 498/902/1568
f 1430/1634/1570 502/908/830 497/910/827
f 1431/1635/1571 491/283/257 502/908/830
f 1427/327/301 510/1636/1572 1429/1633/1569
f 1430/1634/1570 507/911/831 1431/1635/1571
f 1431/1635/1571 504/913/833 1428/198/174
f 1432/341/315 510/1637/1572 505/328/302
f 1434/1638/1573 1858/923/1574 510/1637/1572
f 1435/1639/1575 514/920/840 1858/923/1576
f 1436/1640/1577 506/291/265 514/920/840
f 1432/341/315 462/865/1562 1434/1638/1573
f 1434/1638/1573 463/867/1578 1435/1639/1579
f 1435/1639/1575 460/863/1580 1436/1640/1577
f 1436/1640/1577 456/285/259 1433/287/261
f 591/1015/308 1439/1641/1581 601/1013/941
f 601/1013/941 1440/1642/1582 602/1006/930
f 602/1006/930 1441/1643/1583 594/1002/926
f 594/1002/926 1438/282/256 589/1000/924
f 1437/1644/307 616/1026/954 1439/1641/1581
f 1439/1641/1581 610/1020/948 1440/1642/1582
f 1440/1642/1582 609/1018/946 1441/1643/1583
f 1441/1643/1583 606/320/294 1438/282/256
f 1442/308/282 627/1037/963 624/319/293
f 1444/1645/1584 628/1047/973 627/1037/963
f 1445/1646/1585 634/1043/969 628/1047/973
f 1446/1647/1586 625/1044/200 634/1043/969
f 608/307/281 1444/1645/1584 1442/308/282
f 621/1033/959 1445/1646/1585 1444/1645/1584
f 615/1028/955 1446/1647/1586 1445/1646/1585
f 614/1025/953 1443/1648/198 1446/1647/1586
f 1447/310/284 597/1011/934 590/309/283
f 1449/1649/1587 598/1017/945 597/1011/934
f 1450/1650/1588 603/1014/942 598/1017/945
f 1451/1651/1589 591/1015/308 603/1014/942
f 1447/310/284 639/1050/976 1449/1649/1587
f 1449/1649/1587 633/1045/970 1450/1650/1588
f 1450/1650/1588 632/1042/968 1451/1651/1589
f 1451/1651/1589 625/1044/200 1448/1652/199
f 1452/1653/298 654/1065/995 643/1067/296
f 1454/1654/1590 655/1057/987 654/1065/995
f 1455/1655/1591 646/1054/984 655/1057/987
f 646/1054/984 1453/226/202 641/225/201
f 660/1079/300 1454/1654/1590 1452/1653/298
f 670/1078/1006 1455/1655/1591 1454/1654/1590
f 663/1082/1009 1456/1656/1592 1455/1655/1591
f 662/1072/1000 1453/226/202 1456/1656/1592
f 680/1101/313 1459/1657/1593 691/1099/1030
f 691/1099/1030 1460/1658/1594 692/1093/1023
f 692/1093/1023 1461/1659/1595 682/1089/1019
f 682/1089/1019 1458/213/189 678/212/188
f 1457/1660/312 656/1066/996 1459/1657/1593
f 1459/1657/1593 650/1062/992 1460/1658/1594
f 1460/1658/1594 649/1060/990 1461/1659/1595
f 1461/1659/1595 642/313/287 1458/213/189
f 1462/312/286 686/1097/1027 679/314/288
f 1464/1661/1596 687/1103/1033 686/1097/1027
f 1465/1662/1597 693/1100/1031 687/1103/1033
f 1466/1663/1598 680/1101/313 693/1100/1031
f 1462/312/286 675/1086/1013 1464/1661/1596
f 1464/1661/1596 669/1080/1007 1465/1662/1597
f 1465/1662/1597 668/1077/1005 1466/1663/1598
f 1466/1663/1598 660/1079/300 1463/1664/299
f 1467/332/306 699/1106/1036 696/344/318
f 1469/1665/1599 700/1115/1044 699/1106/1036
f 1470/1666/1600 706/1111/1041 700/1115/1044
f 1471/1667/1601 697/1112/191 706/1111/1041
f 713/331/305 1469/1665/1599 1467/332/306
f 718/1122/1054 1470/1666/1600 1469/1665/1599
f 727/1125/1057 1471/1667/1601 1470/1666/1600
f 726/1133/1065 1468/1668/181 1471/1667/1601
f 714/303/277 1474/1669/1602 721/1128/1060
f 721/1128/1060 1475/1670/1603 722/1130/1062
f 722/1130/1062 1476/1671/1604 728/1134/1066
f 728/1134/1066 1473/1672/303 715/1135/179
f 1472/202/178 736/1139/1069 1474/1669/1602
f 1474/1669/1602 746/1143/1073 1475/1670/1603
f 1475/1670/1603 745/1150/1081 1476/1671/1604
f 1476/1671/1604 733/1152/304 1473/1672/303
f 1477/306/280 740/1147/1077 732/304/278
f 1479/1673/1605 741/1154/1084 740/1147/1077
f 1480/1674/1606 747/1151/1082 741/1154/1084
f 1481/1675/1607 733/1152/304 747/1151/1082
f 1477/306/280 710/1119/1048 1479/1673/1605
f 1479/1673/1605 705/1113/1042 1480/1674/1606
f 1480/1674/1606 704/1110/1040 1481/1675/1607
f 1481/1675/1607 697/1112/191 1478/1676/190
f 410/163/143 1484/1677/1608 413/806/735
f 413/806/735 1485/1678/1609 414/808/1610
f 414/808/1610 1486/1679/1611 419/812/741
f 419/812/741 1483/237/213 411/813/742
f 1482/165/145 611/1019/947 1484/1677/1608
f 611/1019/947 1485/1678/1609 1484/1677/1608
f 1485/1678/1609 619/1032/958 1486/1679/1611
f 619/1032/958 1483/237/213 1486/1679/1611
f 626/1048/974 1489/1680/1612 637/1051/1613
f 637/1051/1613 1489/1681/1612 638/1040/1614
s 33
f 638/1040/1615 1490/1682/1616 629/1036/1617
s 2
f 1490/1682/1618 624/319/293 629/1036/962
f 1487/248/223 452/852/778 1489/1680/1612
s 33
f 452/846/1619 1490/1682/1616 1489/1681/1620
s 2
f 448/844/1621 1488/318/292 1490/1682/1618
f 1491/221/197 427/822/1622 424/219/195
f 1493/1683/1623 428/824/1624 427/822/1625
f 428/824/1626 1494/1684/1627 431/829/1628
f 431/829/1628 1492/311/285 425/265/240
f 659/340/314 1493/1683/1629 1491/221/197
f 664/1071/999 1494/1685/1630 1493/1683/1623
f 1494/1685/1627 674/1075/1631 673/1087/1014
f 673/1087/1014 1492/311/285 1494/1684/1627
f 1495/1686/1632 681/1090/1633 678/212/188
f 681/1090/1020 1497/1687/1634 688/1688/1635
f 688/1096/1026 1496/270/245 679/314/288
f 1495/1686/1632 483/884/807 1497/1689/1636
s 34
f 1497/1689/1637 483/884/1637 487/889/1637
s 2
f 487/890/813 1496/270/245 1497/1690/1638
f 491/283/257 1500/1691/1639 500/907/829
f 500/907/829 1501/1692/1640 501/899/1641
f 501/899/1641 1502/1693/1642 494/895/819
f 494/895/819 1499/293/267 489/896/820
f 1498/284/258 723/1129/1061 1500/1691/1639
f 1500/1691/1639 717/1123/1055 1501/1692/1640
f 1501/1692/1640 716/1121/1053 1502/1693/1642
f 1502/1693/1642 713/331/305 1499/293/267
f 1503/305/279 709/1694/1049 698/1117/1046
f 1505/1695/1643 696/344/318 709/1105/1035
f 1503/305/279 461/862/1644 1505/1696/1645
s 35
f 1505/1697/1646 461/857/1646 458/855/1647
s 2
f 458/855/1648 1504/343/317 1505/1695/1643
f 589/1000/924 1508/1698/1649 592/1003/1650
f 592/1003/1650 1508/1699/1649 593/1004/1651
s 36
f 593/1004/1652 1509/1700/1653 599/1010/1654
s 2
f 1509/1700/1655 590/309/283 599/1010/933
f 1506/281/255 439/835/763 1508/1698/1649
s 36
f 1508/1699/1656 444/838/1657 1509/1700/1653
s 2
f 444/838/765 1507/235/211 1509/1700/1655
f 467/264/239 1512/1701/1658 476/879/802
f 476/879/802 1513/1702/1659 477/874/1660
f 477/874/1660 1514/1703/1661 470/869/794
f 470/869/794 1511/298/272 465/870/795
f 1510/263/238 651/1061/991 1512/1701/1658
f 1512/1701/1658 645/1055/985 1513/1702/1659
f 1513/1702/1659 644/1053/983 1514/1703/1661
f 1514/1703/1661 641/225/201 1511/298/272
f 506/291/265 1517/1704/1662 512/919/839
f 512/919/1663 1518/1705/1664 513/917/1665
f 513/917/836 1518/1706/1666 508/912/832
f 508/912/832 1516/199/175 504/913/833
f 1515/290/264 742/1146/1076 1517/1704/1662
f 1517/1704/1667 735/1149/1080 1518/1705/1664
f 1518/1705/1668 735/1149/1669 734/1140/1070
f 1518/1706/1670 731/201/177 1516/199/175
s 4
f 771/369/340 1521/1707/1671 774/1708/1672
f 774/1708/1672 1522/1709/1673 773/1710/1674
f 773/1710/1675 1523/1711/1676 772/1712/1677
f 1523/1713/1676 770/526/479 772/1714/1677
f 1519/368/339 757/1715/1678 1521/1707/1671
f 1521/1707/1671 758/1716/1679 1522/1709/1673
f 1522/1709/1680 759/1717/1681 1523/1711/1676
f 759/1718/1681 1520/483/442 1523/1713/1676
f 1524/405/373 779/1719/1682 776/352/325
f 1526/1720/1683 778/1721/1684 779/1722/1682
f 1527/1723/1685 777/1724/1686 778/1721/1687
f 777/1724/1686 1525/463/425 775/365/336
f 760/537/490 1526/1725/1683 1524/405/373
f 762/1726/1688 1527/1723/1689 1526/1720/1683
f 763/1727/1690 1528/1728/1691 1527/1723/1685
f 1528/1728/1691 761/362/333 1525/463/425
f 1529/473/434 754/1729/1692 751/347/321
f 1531/1730/1693 753/1731/1694 754/1729/1692
f 1532/1732/1695 752/1733/1696 753/1731/1697
f 752/1734/1696 1530/348/322 750/360/331
f 771/369/340 1531/1730/1693 1529/473/434
f 774/1708/1672 1532/1732/1698 1531/1730/1693
f 773/1710/1675 1533/1735/1699 1532/1732/1695
f 1533/1736/1699 770/526/479 1530/348/322
f 766/502/458 1536/1737/1700 769/1738/1701
f 769/1739/1701 1537/1740/1702 768/1741/1703
f 768/1741/1704 1538/1742/1705 767/1743/1706
f 1538/1742/1705 765/354/326 767/1743/1706
f 1534/370/341 779/1719/1682 1536/1737/1700
f 1536/1744/1700 778/1721/1684 1537/1740/1702
f 1537/1740/1707 777/1724/1686 1538/1742/1705
f 777/1724/1686 1535/367/338 1538/1742/1705
f 781/503/459 1541/1745/1708 784/1746/1709
f 784/1747/1709 1542/1748/1710 783/1749/1711
f 783/1749/1712 1543/1750/1713 782/1751/1714
f 1543/1750/1713 780/373/343 782/1751/1714
f 1539/497/454 769/1738/1701 1541/1745/1708
f 1541/1752/1708 768/1741/1703 1542/1748/1710
f 1542/1748/1715 767/1743/1706 1543/1750/1713
f 767/1743/1706 1540/356/328 1543/1750/1713
f 755/359/330 1546/1753/1716 757/1715/1678
f 757/1715/1678 1547/1754/1717 758/1716/1679
f 758/1716/1718 1548/1755/1719 759/1717/1681
f 1548/1756/1719 756/379/349 759/1718/1681
f 1544/358/329 787/1757/1720 1546/1753/1716
f 1546/1753/1716 788/1758/1721 1547/1754/1717
f 1547/1754/1722 789/1759/1723 1548/1755/1719
f 789/1760/1723 1545/377/347 1548/1756/1719
f 785/388/357 1551/1761/1724 787/1757/1720
f 787/1757/1720 1552/1762/1725 788/1758/1721
f 788/1758/1726 1553/1763/1727 789/1759/1723
f 1553/1764/1727 786/376/346 789/1760/1723
f 1549/397/365 797/1765/1728 1551/1761/1724
f 1551/1761/1724 798/1766/1729 1552/1762/1725
f 1552/1762/1730 799/1767/1731 1553/1763/1727
f 799/1768/1731 1550/374/344 1553/1764/1727
f 791/538/491 1556/1769/1732 794/1770/1733
f 794/1771/1733 1557/1772/1734 793/1773/1735
f 793/1773/1736 1558/1774/1737 792/1775/1738
f 792/1775/1738 1555/381/351 790/383/353
f 1554/531/484 784/1746/1709 1556/1769/1732
f 1556/1776/1732 783/1749/1711 1557/1772/1734
f 1557/1772/1739 782/1751/1714 1558/1774/1737
f 782/1751/1714 1555/381/351 1558/1774/1737
f 1559/514/469 832/1194/1120 820/512/467
f 1561/1777/1740 833/1181/1110 832/1194/1120
f 1562/1778/1741 823/1178/1107 833/1181/1110
f 1563/1779/1742 818/530/483 823/1178/1107
f 801/1164/1095 1561/1777/1740 1559/514/469
f 811/1163/1094 1562/1778/1741 1561/1777/1740
f 804/1169/1098 1563/1779/1742 1562/1778/1741
f 803/1157/1087 1560/479/438 1563/1779/1742
f 795/396/364 1566/1780/1743 797/1765/1728
f 797/1765/1728 1567/1781/1744 798/1766/1729
f 798/1766/1745 1568/1782/1746 799/1767/1731
f 1568/1783/1746 796/386/356 799/1768/1731
f 1564/496/453 834/1193/1119 1566/1780/1743
f 1566/1780/1743 828/1195/1121 1567/1781/1744
f 1567/1781/1747 827/1186/1115 1568/1782/1746
f 827/1784/1115 1565/384/354 1568/1783/1746
f 801/1164/1095 1571/1785/1748 809/1162/1093
f 809/1167/1093 1572/1786/1749 810/1165/1096
f 810/1165/1096 1573/1787/1750 815/1172/1101
f 815/1172/1101 1570/390/359 802/391/360
f 1569/513/468 794/1770/1733 1571/1785/1748
f 1571/1788/1748 793/1773/1735 1572/1786/1749
f 1572/1786/1749 792/1775/1738 1573/1787/1750
f 1573/1787/1750 790/383/353 1570/390/359
f 1574/413/380 762/1789/1688 760/537/490
f 1576/1790/1751 763/1727/1752 762/1726/1688
f 1577/1791/1753 764/1792/1754 763/1727/1690
f 764/1792/1754 1575/506/461 761/362/333
f 842/472/433 1576/1793/1751 1574/413/380
f 844/1794/1755 1577/1791/1756 1576/1790/1751
f 845/1795/1757 1578/1796/1758 1577/1791/1753
f 1578/1796/1758 843/402/370 1575/506/461
f 1579/345/319 841/1797/1759 838/522/476
f 1581/1798/1760 840/1799/1761 841/1797/1759
f 1582/1800/1762 839/1801/1763 840/1799/1764
f 839/1802/1763 1580/398/366 837/400/368
f 751/347/321 1581/1798/1760 1579/345/319
f 754/1729/1692 1582/1800/1765 1581/1798/1760
f 753/1731/1697 1583/1803/1766 1582/1800/1762
f 1583/1804/1766 750/360/331 1580/398/366
f 854/1212/1139 1586/1805/1767 864/1210/1137
f 864/1210/1137 1587/1806/1768 865/1201/1127
f 865/1201/1127 1588/1807/1769 856/1197/1123
f 856/1197/1123 1585/519/426 852/521/475
f 1584/487/445 849/1808/1770 1586/1805/1767
f 1586/1805/1767 850/1809/1771 1587/1806/1768
f 1587/1806/1768 851/1810/1772 1588/1807/1769
f 1588/1811/1769 848/408/376 1585/464/426
f 1589/488/446 844/1812/1755 842/472/433
f 1591/1813/1773 845/1795/1774 844/1794/1755
f 1592/1814/1775 846/1815/1776 845/1795/1757
f 1593/1816/1777 843/402/370 846/1815/1776
f 854/1212/1139 1591/1817/1773 1589/488/446
f 866/1216/1138 1592/1814/1778 1591/1813/1773
f 861/1215/1779 1593/1816/1777 1592/1814/1775
f 860/1206/1132 1590/410/378 1593/1816/1777
f 1594/490/448 849/1808/1770 847/489/447
f 1596/1818/1780 850/1809/1771 849/1808/1770
f 1597/1819/1781 851/1810/1772 850/1809/1771
f 851/1820/1772 1595/406/374 848/408/376
f 838/522/476 1596/1818/1780 1594/490/448
f 841/1797/1759 1597/1819/1782 1596/1818/1780
f 840/1799/1764 1598/1821/1783 1597/1819/1781
f 839/1802/1763 1595/406/374 1598/1822/1783
f 1599/486/444 893/1823/1784 890/415/381
f 1601/1824/1785 892/1825/1786 893/1823/1784
f 1602/1826/1787 891/1827/1788 892/1825/1786
f 1603/1828/1789 889/536/489 891/1827/1788
f 874/435/400 1601/1824/1785 1599/486/444
f 876/1829/1790 1602/1826/1787 1601/1824/1785
f 877/1830/1791 1603/1828/1789 1602/1826/1787
f 878/1831/1792 1600/535/488 1603/1828/1789
f 895/429/394 1606/1832/1793 898/1833/1794
f 898/1833/1794 1607/1834/1795 897/1835/1796
f 897/1835/1796 1608/1836/1797 896/1837/1798
f 896/1837/1798 1605/467/429 894/470/432
f 1604/428/393 881/1838/1799 1606/1832/1793
f 1606/1832/1793 882/1839/1800 1607/1834/1795
f 1607/1834/1795 883/1840/1801 1608/1836/1797
f 1608/1836/1797 880/468/430 1605/467/429
f 870/425/390 1611/1841/1802 873/1842/1803
f 873/1842/1803 1612/1843/1804 872/1844/1805
f 872/1844/1805 1613/1845/1806 871/1846/1807
f 871/1846/1807 1610/484/443 869/450/415
f 1609/416/382 893/1823/1784 1611/1841/1802
f 1611/1841/1802 892/1825/1786 1612/1843/1804
f 1612/1843/1804 891/1827/1788 1613/1845/1806
f 1613/1845/1806 889/536/489 1610/484/443
f 1614/430/395 888/1847/1808 885/469/431
f 1616/1848/1809 887/1849/1810 888/1847/1808
f 1617/1850/1811 886/1851/1812 887/1849/1810
f 1618/1852/1813 884/527/480 886/1851/1812
f 895/429/394 1616/1848/1809 1614/430/395
f 898/1833/1794 1617/1850/1811 1616/1848/1809
f 897/1835/1796 1618/1852/1813 1617/1850/1811
f 896/1837/1798 1615/505/460 1618/1852/1813
f 1619/421/386 903/1853/1814 900/499/455
f 1621/1854/1815 902/1855/1816 903/1853/1814
f 1622/1856/1817 901/1857/1818 902/1855/1816
f 1623/1858/1819 899/422/387 901/1857/1818
f 885/469/431 1621/1854/1815 1619/421/386
f 888/1847/1808 1622/1856/1817 1621/1854/1815
f 887/1849/1810 1623/1858/1819 1622/1856/1817
f 886/1851/1812 1620/438/403 1623/1858/1819
f 1624/436/401 876/1829/1790 874/435/400
f 1626/1859/1820 877/1830/1791 876/1829/1790
f 1627/1860/1821 878/1831/1792 877/1830/1791
f 1628/1861/1822 875/534/487 878/1831/1792
f 904/441/406 1626/1859/1820 1624/436/401
f 906/1862/1823 1627/1860/1821 1626/1859/1820
f 907/1863/1824 1628/1861/1822 1627/1860/1821
f 908/1864/1825 1625/418/384 1628/1861/1822
f 1629/442/407 906/1862/1823 904/441/406
f 1631/1865/1826 907/1863/1824 906/1862/1823
f 1632/1866/1827 908/1864/1825 907/1863/1824
f 1633/1867/1828 905/482/441 908/1864/1825
f 914/446/411 1631/1865/1826 1629/442/407
f 916/1868/1829 1632/1866/1827 1631/1865/1826
f 917/1869/1830 1633/1867/1828 1632/1866/1827
f 918/1870/1831 1630/528/481 1633/1867/1828
f 1634/437/402 913/1871/1832 910/532/485
f 1636/1872/1833 912/1873/1834 913/1871/1832
f 1637/1874/1835 911/1875/1836 912/1873/1834
f 1638/1876/1837 909/445/410 911/1875/1836
f 900/499/455 1636/1872/1833 1634/437/402
f 903/1853/1814 1637/1874/1835 1636/1872/1833
f 902/1855/1816 1638/1876/1837 1637/1874/1835
f 901/1857/1818 1635/424/389 1638/1876/1837
f 1639/481/440 940/1877/1162 937/533/486
f 940/1238/1162 1642/1878/1838 941/1241/1164
f 941/1241/1164 1643/1879/1839 948/1247/1170
f 948/1247/1170 1640/516/471 938/518/473
f 1639/481/440 923/1220/1145 1641/1880/1840
f 1641/1881/1840 933/1234/1149 1642/1878/1838
f 1642/1878/1838 932/1232/1157 1643/1879/1839
f 1643/1879/1839 921/517/472 1640/516/471
f 1644/448/413 916/1868/1829 914/446/411
f 1646/1882/1841 917/1869/1830 916/1868/1829
f 1647/1883/1842 918/1870/1831 917/1869/1830
f 1648/1884/1843 915/525/478 918/1870/1831
f 939/1253/1176 1646/1882/1841 1644/448/413
f 953/1252/1175 1647/1883/1842 1646/1882/1841
f 947/1255/1178 1648/1884/1843 1647/1883/1842
f 946/1248/1171 1645/500/456 1648/1884/1843
f 1649/443/408 927/1228/1153 920/449/414
f 1651/1885/1844 928/1236/1160 927/1228/1153
f 1652/1886/1845 934/1233/1158 928/1236/1160
f 1653/1887/1846 921/517/472 934/1233/1158
f 910/532/485 1651/1885/1844 1649/443/408
f 913/1871/1832 1652/1886/1845 1651/1885/1844
f 912/1873/1834 1653/1887/1846 1652/1886/1845
f 911/1875/1836 1650/515/470 1653/1887/1846
f 879/432/397 1656/1888/1847 881/1838/1799
f 881/1838/1799 1657/1889/1848 882/1839/1800
f 882/1839/1800 1658/1890/1849 883/1840/1801
f 883/1840/1801 1655/510/465 880/468/430
f 1654/453/416 963/1891/1850 1656/1888/1847
f 1656/1888/1847 964/1892/1851 1657/1889/1848
f 1657/1889/1848 965/1893/1852 1658/1890/1849
f 1658/1890/1849 962/474/435 1655/510/465
f 957/455/418 1661/1894/1853 960/1895/1854
f 960/1895/1854 1662/1896/1855 959/1897/1856
f 959/1897/1856 1663/1898/1857 958/1899/1858
f 958/1899/1858 1660/459/421 956/458/420
f 1659/426/391 873/1842/1803 1661/1894/1853
f 1661/1894/1853 872/1844/1805 1662/1896/1855
f 1662/1896/1855 871/1846/1807 1663/1898/1857
f 1663/1898/1857 869/450/415 1660/459/421
f 1664/466/428 974/1258/1181 971/523/477
f 1666/1900/1859 975/1267/1191 974/1258/1181
f 1667/1901/1860 981/1263/1187 975/1267/1191
f 1668/1902/1861 972/1264/1188 981/1263/1187
f 966/462/424 1666/1900/1859 1664/466/428
f 968/1903/1862 1667/1901/1860 1666/1900/1859
f 969/1904/1863 1668/1902/1861 1667/1901/1860
f 970/1905/1864 1665/494/452 1668/1902/1861
f 961/454/417 1671/1906/1865 963/1891/1850
f 963/1891/1850 1672/1907/1866 964/1892/1851
f 964/1892/1851 1673/1908/1867 965/1893/1852
f 965/1893/1852 1670/493/451 962/474/435
f 1669/460/422 985/1270/1195 1671/1906/1865
f 1671/1906/1865 980/1265/1189 1672/1907/1866
f 1672/1907/1866 979/1262/1186 1673/1908/1867
f 1673/1908/1867 972/1264/1188 1670/493/451
f 966/462/424 1676/1909/1868 968/1903/1862
f 968/1903/1862 1677/1910/1869 969/1904/1863
f 969/1904/1863 1678/1911/1870 970/1905/1864
f 970/1905/1864 1675/492/450 967/491/449
f 1674/456/419 960/1895/1854 1676/1909/1868
f 1676/1909/1868 959/1897/1856 1677/1910/1869
f 1677/1910/1869 958/1899/1858 1678/1911/1870
f 1678/1911/1870 956/458/420 1675/492/450
f 973/461/423 1681/1912/1871 984/1913/1196
f 984/1914/1872 1680/520/474 971/1915/1873
f 1679/411/379 855/1205/1874 1681/1912/1871
f 1681/1916/1875 852/521/475 1680/520/474
f 1682/392/361 814/1917/1102 802/391/360
s 37
f 1684/1918/1876 805/1156/1877 814/1160/1878
s 4
f 805/1156/1086 1683/480/439 800/477/436
f 920/449/414 1684/1919/1879 1682/392/361
s 37
f 929/1920/1880 1685/1921/1881 1684/1918/1876
s 4
f 1685/1921/1882 919/1218/1143 1683/480/439
f 939/1253/1176 1688/1922/1883 951/1251/1174
f 951/1251/1174 1689/1923/1884 952/1244/1167
f 952/1244/1167 1690/1924/1885 942/1239/1163
f 942/1925/1163 1687/529/482 937/533/486
f 1686/447/412 829/1185/1114 1688/1922/1883
f 1688/1922/1883 822/1190/1108 1689/1923/1884
f 1689/1923/1884 821/1926/1106 1690/1924/1885
f 1690/1927/1885 818/530/483 1687/529/482
s 5
f 1009/560/510 1693/1928/1886 1012/1929/1887
f 1012/1929/1887 1694/1930/1888 1011/1931/1889
f 1011/1932/1890 1695/1933/1891 1010/1934/1892
f 1695/1933/1891 1008/714/643 1010/1934/1892
f 1691/559/509 995/1935/1893 1693/1928/1886
f 1693/1928/1886 996/1936/1894 1694/1930/1888
f 1694/1937/1895 997/1938/1896 1695/1933/1891
f 997/1938/1896 1692/674/609 1695/1933/1891
f 1696/596/543 1017/1939/1897 1014/543/495
f 1698/1940/1898 1016/1941/1899 1017/1942/1897
f 1699/1943/1900 1015/1944/1901 1016/1941/1902
f 1015/1944/1901 1697/654/592 1013/556/506
f 998/723/652 1698/1945/1898 1696/596/543
f 1000/1946/1903 1699/1943/1904 1698/1940/1898
f 1001/1947/1905 1700/1948/1906 1699/1943/1900
f 1700/1948/1906 999/553/503 1697/654/592
f 1701/664/601 992/1949/1907 989/509/464
f 1703/1950/1908 991/1951/1909 992/1949/1907
f 1704/1952/1910 990/1953/1911 991/1954/1912
f 990/1953/1911 1702/539/492 988/551/501
f 1009/560/510 1703/1950/1908 1701/664/601
f 1012/1929/1887 1704/1955/1913 1703/1950/1908
f 1011/1932/1890 1705/1956/1914 1704/1952/1910
f 1705/1956/1914 1008/714/643 1702/539/492
f 1004/693/625 1708/1957/1915 1007/1958/1916
f 1007/1959/1916 1709/1960/1917 1006/1961/1918
f 1006/1961/1919 1710/1962/1920 1005/1963/1921
f 1710/1962/1920 1003/545/496 1005/1963/1921
f 1706/561/511 1017/1939/1897 1708/1957/1915
f 1708/1964/1915 1016/1941/1899 1709/1960/1917
f 1709/1960/1922 1015/1944/1901 1710/1962/1920
f 1015/1944/1901 1707/558/508 1710/1962/1920
f 1019/694/626 1713/1965/1923 1022/1966/1924
f 1022/1967/1924 1714/1968/1925 1021/1969/1926
f 1021/1969/1927 1715/1970/1928 1020/1971/1929
f 1715/1970/1928 1018/564/513 1020/1971/1929
f 1711/688/621 1007/1958/1916 1713/1965/1923
f 1713/1972/1923 1006/1961/1918 1714/1968/1925
f 1714/1968/1930 1005/1963/1921 1715/1970/1928
f 1005/1963/1921 1712/547/498 1715/1970/1928
f 993/550/500 1718/1973/1931 995/1935/1893
f 995/1935/1893 1719/1974/1932 996/1936/1894
f 996/1975/1933 1720/1976/1934 997/1938/1896
f 1720/1976/1934 994/570/519 997/1938/1896
f 1716/549/499 1025/1977/1935 1718/1973/1931
f 1718/1973/1931 1026/1978/1936 1719/1974/1932
f 1719/1979/1937 1027/1980/1938 1720/1976/1934
f 1027/1980/1938 1717/568/517 1720/1976/1934
f 1023/579/527 1723/1981/1939 1025/1977/1935
f 1025/1977/1935 1724/1982/1940 1026/1978/1936
f 1026/1983/1941 1725/1984/1942 1027/1980/1938
f 1725/1984/1942 1024/567/516 1027/1980/1938
f 1721/588/535 1035/1985/1943 1723/1981/1939
f 1723/1981/1939 1036/1986/1944 1724/1982/1940
f 1724/1987/1945 1037/1988/1946 1725/1984/1942
f 1037/1988/1946 1722/565/514 1725/1984/1942
f 1029/724/653 1728/1989/1947 1032/1990/1948
f 1032/1991/1948 1729/1992/1949 1031/1993/1950
f 1031/1993/1951 1730/1994/1952 1030/1995/1953
f 1730/1994/1952 1028/574/523 1030/1995/1953
f 1726/717/646 1022/1966/1924 1728/1989/1947
f 1728/1996/1947 1021/1969/1926 1729/1992/1949
f 1729/1992/1954 1020/1971/1929 1730/1994/1952
f 1020/1971/1929 1727/572/521 1730/1994/1952
f 1731/702/633 1060/1997/1955 1057/700/631
f 1733/1998/1956 1059/1999/1957 1060/1997/1955
f 1734/2000/1958 1058/2001/1959 1059/1999/1957
f 1735/2002/1960 1056/584/532 1058/2003/1959
f 1039/1282/1209 1733/1998/1956 1731/702/633
f 1049/1281/1208 1734/2000/1958 1733/1998/1956
f 1042/1287/1212 1735/2004/1960 1734/2000/1958
f 1041/2005/1202 1732/668/603 1735/2002/1960
f 1033/587/534 1738/2006/1961 1035/1985/1943
f 1035/1985/1943 1739/2007/1962 1036/1986/1944
f 1036/2008/1963 1740/2009/1964 1037/1988/1946
f 1037/1988/1946 1737/575/524 1034/577/526
f 1736/687/620 1060/1997/1955 1738/2006/1961
f 1738/2006/1965 1059/1999/1957 1739/2007/1962
f 1739/2010/1966 1058/2003/1959 1740/2009/1964
f 1058/2003/1959 1737/575/524 1740/2009/1964
f 1039/1282/1209 1743/2011/1967 1047/1280/1207
f 1047/1285/1207 1744/2012/1968 1048/1283/1210
f 1048/1283/1219 1745/2013/1969 1053/1290/1215
f 1053/1290/1215 1742/581/529 1040/583/531
f 1741/701/632 1032/1990/1948 1743/2011/1967
f 1743/2014/1967 1031/1993/1950 1744/2012/1968
f 1744/2012/1970 1030/1995/1953 1745/2013/1969
f 1745/2013/1969 1028/574/523 1742/581/529
f 1746/604/550 1000/2015/1903 998/723/652
f 1748/2016/1971 1001/1947/1972 1000/1946/1903
f 1749/2017/1973 1002/2018/1974 1001/1947/1905
f 1002/2018/1974 1747/697/628 999/553/503
f 1066/663/600 1748/2019/1971 1746/604/550
f 1068/2020/1975 1749/2017/1976 1748/2016/1971
f 1069/2021/1977 1750/2022/1978 1749/2017/1973
f 1750/2022/1978 1067/593/540 1747/697/628
f 1751/507/462 1065/2023/1979 1062/710/640
f 1753/2024/1980 1064/2025/1981 1065/2023/1979
f 1754/2026/1982 1063/2027/1983 1064/2028/1984
f 1063/2027/1983 1752/589/536 1061/591/538
f 989/509/464 1753/2024/1980 1751/507/462
f 992/1949/1907 1754/2029/1985 1753/2024/1980
f 991/1954/1912 1755/2030/1986 1754/2026/1982
f 1755/2030/1986 988/551/501 1752/589/536
f 1078/1311/1237 1758/2031/1987 1089/1309/1235
f 1089/1309/1235 1759/2032/1988 1090/1300/1226
f 1090/1300/1226 1760/2033/1989 1080/1296/1222
f 1080/1296/1222 1757/707/593 1076/709/639
f 1756/678/612 1073/2034/1990 1758/2031/1987
f 1758/2031/1987 1074/2035/1991 1759/2032/1988
f 1759/2032/1988 1075/2036/1992 1760/2033/1989
f 1760/2037/1989 1072/599/546 1757/655/593
f 1761/679/613 1068/2038/1975 1066/663/600
f 1763/2039/1993 1069/2021/1994 1068/2020/1975
f 1764/2040/1995 1070/2041/1996 1069/2021/1977
f 1765/2042/1997 1067/593/540 1070/2041/1996
f 1078/1311/1237 1763/2043/1993 1761/679/613
f 1091/1315/1236 1764/2040/1998 1763/2039/1993
f 1085/1314/1999 1765/2042/1997 1764/2040/1995
f 1084/1305/1231 1762/601/548 1765/2042/1997
f 1766/681/615 1073/2034/1990 1071/680/614
f 1768/2044/2000 1074/2035/1991 1073/2034/1990
f 1769/2045/2001 1075/2046/1992 1074/2047/1991
f 1075/2046/1992 1767/597/544 1072/599/546
f 1062/710/640 1768/2044/2000 1766/681/615
f 1065/2023/1979 1769/2048/2002 1768/2044/2000
f 1064/2028/1984 1770/2049/2003 1769/2045/2001
f 1063/2027/1983 1767/597/544 1770/2049/2003
f 1771/677/611 1118/2050/2004 1115/606/551
f 1773/2051/2005 1117/2052/2006 1118/2050/2004
f 1774/2053/2007 1116/2054/2008 1117/2052/2006
f 1775/2055/2009 1114/722/651 1116/2054/2008
f 1099/626/569 1773/2051/2005 1771/677/611
f 1101/2056/2010 1774/2053/2007 1773/2051/2005
f 1102/2057/2011 1775/2055/2009 1774/2053/2007
f 1103/2058/2012 1772/721/650 1775/2055/2009
f 1120/620/563 1778/2059/2013 1123/2060/2014
f 1123/2060/2014 1779/2061/2015 1122/2062/2016
f 1122/2062/2016 1780/2063/2017 1121/2064/2018
f 1121/2064/2018 1777/658/596 1119/661/599
f 1776/619/562 1106/2065/2019 1778/2059/2013
f 1778/2059/2013 1107/2066/2020 1779/2061/2015
f 1779/2061/2015 1108/2067/2021 1780/2063/2017
f 1780/2063/2017 1105/659/597 1777/658/596
f 1095/616/559 1783/2068/2022 1098/2069/2023
f 1098/2069/2023 1784/2070/2024 1097/2071/2025
f 1097/2071/2025 1785/2072/2026 1096/2073/2027
f 1096/2073/2027 1782/675/610 1094/641/582
f 1781/607/552 1118/2050/2004 1783/2068/2022
f 1783/2068/2022 1117/2052/2006 1784/2070/2024
f 1784/2070/2024 1116/2054/2008 1785/2072/2026
f 1785/2072/2026 1114/722/651 1782/675/610
f 1786/621/564 1113/2074/2028 1110/660/598
f 1788/2075/2029 1112/2076/2030 1113/2074/2028
f 1789/2077/2031 1111/2078/2032 1112/2076/2030
f 1790/2079/2033 1109/715/644 1111/2078/2032
f 1120/620/563 1788/2075/2029 1786/621/564
f 1123/2060/2014 1789/2077/2031 1788/2075/2029
f 1122/2062/2016 1790/2079/2033 1789/2077/2031
f 1121/2064/2018 1787/696/627 1790/2079/2033
f 1791/612/556 1128/2080/2034 1125/690/622
f 1793/2081/2035 1127/2082/2036 1128/2080/2034
f 1794/2083/2037 1126/2084/2038 1127/2082/2036
f 1795/2085/2039 1124/613/557 1126/2084/2038
f 1110/660/598 1793/2081/2035 1791/612/556
f 1113/2074/2028 1794/2083/2037 1793/2081/2035
f 1112/2076/2030 1795/2085/2039 1794/2083/2037
f 1111/2078/2032 1792/629/572 1795/2085/2039
f 1796/627/570 1101/2056/2010 1099/626/569
f 1798/2086/2040 1102/2057/2011 1101/2056/2010
f 1799/2087/2041 1103/2058/2012 1102/2057/2011
f 1800/2088/2042 1100/720/649 1103/2058/2012
f 1129/632/574 1798/2086/2040 1796/627/570
f 1131/2089/2043 1799/2087/2041 1798/2086/2040
f 1132/2090/2044 1800/2088/2042 1799/2087/2041
f 1133/2091/2045 1797/609/554 1800/2088/2042
f 1801/633/575 1131/2089/2043 1129/632/574
f 1803/2092/2046 1132/2090/2044 1131/2089/2043
f 1804/2093/2047 1133/2091/2045 1132/2090/2044
f 1805/2094/2048 1130/673/608 1133/2091/2045
f 1139/637/578 1803/2092/2046 1801/633/575
f 1141/2095/2049 1804/2093/2047 1803/2092/2046
f 1142/2096/2050 1805/2094/2048 1804/2093/2047
f 1143/2097/2051 1802/716/645 1805/2094/2048
f 1806/628/571 1138/2098/2052 1135/718/647
f 1808/2099/2053 1137/2100/2054 1138/2098/2052
f 1809/2101/2055 1136/2102/2056 1137/2100/2054
f 1810/2103/2057 1134/636/577 1136/2102/2056
f 1125/690/622 1808/2099/2053 1806/628/571
f 1128/2080/2034 1809/2101/2055 1808/2099/2053
f 1127/2082/2036 1810/2103/2057 1809/2101/2055
f 1126/2084/2038 1807/615/558 1810/2103/2057
f 1162/719/648 1813/2104/2058 1165/2105/2059
f 1165/2105/2059 1814/2106/2060 1164/2107/2061
f 1164/2107/2061 1815/2108/2062 1163/2109/2063
f 1163/2109/2063 1812/704/635 1161/706/637
f 1811/672/607 1147/1318/1242 1813/2104/2058
f 1813/2104/2058 1157/1323/1246 1814/2106/2060
f 1814/2106/2060 1156/1330/1254 1815/2108/2062
f 1815/2108/2062 1146/705/636 1812/704/635
f 1816/639/580 1141/2095/2049 1139/637/578
f 1818/2110/2064 1142/2096/2050 1141/2095/2049
f 1819/2111/2065 1143/2097/2051 1142/2096/2050
f 1820/2112/2066 1140/713/642 1143/2097/2051
f 1162/719/648 1818/2110/2064 1816/639/580
f 1165/2105/2059 1819/2111/2065 1818/2110/2064
f 1164/2107/2061 1820/2112/2066 1819/2111/2065
f 1163/2109/2063 1817/691/623 1820/2112/2066
f 1821/634/576 1151/1327/1250 1145/640/581
f 1823/2113/2067 1152/1333/1257 1151/1327/1250
f 1824/2114/2068 1158/1331/1255 1152/1333/1257
f 1825/2115/2069 1146/705/636 1158/1331/1255
f 1135/718/647 1823/2113/2067 1821/634/576
f 1138/2098/2052 1824/2114/2068 1823/2113/2067
f 1137/2100/2054 1825/2115/2069 1824/2114/2068
f 1136/2102/2056 1822/703/634 1825/2115/2069
f 1104/623/566 1828/2116/2070 1106/2065/2019
f 1106/2065/2019 1829/2117/2071 1107/2066/2020
f 1107/2066/2020 1830/2118/2072 1108/2067/2021
f 1108/2067/2021 1827/698/629 1105/659/597
f 1826/644/583 1173/2119/2073 1828/2116/2070
f 1828/2116/2070 1174/2120/2074 1829/2117/2071
f 1829/2117/2071 1175/2121/2075 1830/2118/2072
f 1830/2118/2072 1172/665/602 1827/698/629
f 1167/646/585 1833/2122/2076 1170/2123/2077
f 1170/2123/2077 1834/2124/2078 1169/2125/2079
f 1169/2125/2079 1835/2126/2080 1168/2127/2081
f 1168/2127/2081 1832/650/588 1166/649/587
f 1831/617/560 1098/2069/2023 1833/2122/2076
f 1833/2122/2076 1097/2071/2025 1834/2124/2078
f 1834/2124/2078 1096/2073/2027 1835/2126/2080
f 1835/2126/2080 1094/641/582 1832/650/588
f 1836/657/595 1184/1337/1261 1181/1334/641
f 1838/2128/2082 1185/1346/1270 1184/1337/1261
f 1839/2129/2083 1192/1342/1266 1185/1346/1270
f 1840/2130/2084 1182/1343/1267 1192/1342/1266
f 1176/653/591 1838/2128/2082 1836/657/595
f 1178/2131/2085 1839/2129/2083 1838/2128/2082
f 1179/2132/2086 1840/2130/2084 1839/2129/2083
f 1180/2133/2087 1837/685/619 1840/2130/2084
f 1171/645/584 1843/2134/2088 1173/2119/2073
f 1173/2119/2073 1844/2135/2089 1174/2120/2074
f 1174/2120/2074 1845/2136/2090 1175/2121/2075
f 1175/2121/2075 1842/684/618 1172/665/602
f 1841/651/589 1195/1349/1274 1843/2134/2088
f 1843/2134/2088 1191/1344/1268 1844/2135/2089
f 1844/2135/2089 1190/1341/1265 1845/2136/2090
f 1845/2136/2090 1182/1343/1267 1842/684/618
f 1176/653/591 1848/2137/2091 1178/2131/2085
f 1178/2131/2085 1849/2138/2092 1179/2132/2086
f 1179/2132/2086 1850/2139/2093 1180/2133/2087
f 1180/2133/2087 1847/683/617 1177/682/616
f 1846/647/586 1170/2123/2077 1848/2137/2091
f 1848/2137/2091 1169/2125/2079 1849/2138/2092
f 1849/2138/2092 1168/2127/2081 1850/2139/2093
f 1850/2139/2093 1166/649/587 1847/683/617
f 1183/652/590 1853/2140/2094 1186/2141/1275
f 1186/2142/1260 1852/708/638 1181/712/641
f 1851/602/549 1086/1304/2095 1853/2140/2094
s 38
f 1853/2143/2096 1086/2144/2096 1079/1297/2096
s 5
f 1853/2145/2097 1076/709/639 1852/708/638
f 1040/583/531 1856/2146/2098 1052/2147/2099
s 39
f 1052/1278/2100 1856/2148/2100 1043/1274/2101
s 5
f 1856/2149/2102 1038/2150/1199 1043/2151/2103
f 1854/582/530 1153/1326/1249 1856/2146/2098
f 1153/2152/2104 1855/669/604 1856/2149/2102
s 22
f 485/1622/2105 486/2153/817 1861/1620/816
s 40
f 442/1605/2106 443/2154/2106 1859/1603/2107
s 14
f 454/1606/2108 1860/849/2109 451/2155/779
s 41
f 510/1637/2110 1858/2156/2111 1857/2157/2110
s 2
f 457/195/171 1432/341/315 129/196/172
f 1428/198/174 504/913/833 1516/199/175
f 135/200/176 1516/199/175 731/201/177
f 715/203/179 1473/329/303 130/204/180
f 1468/205/181 130/204/180 1478/214/190
f 33/239/215 553/302/276 1370/240/216
f 34/197/173 129/196/172 1375/242/218
f 457/195/171 34/197/173 127/255/230
f 34/197/173 533/243/219 1365/261/236
f 35/268/243 572/269/244 1375/242/218
f 35/268/243 128/241/217 1370/240/216
f 490/279/253 1422/256/231 127/255/230
f 491/283/257 1428/198/174 135/200/176
f 456/285/259 1503/305/279 138/286/260
s 3
f 1374/288/262 120/301/275 1383/249/224
s 2
f 1433/287/261 138/286/260 1515/290/264
f 1423/292/266 489/896/820 1499/293/267
f 31/229/205 570/231/207 1369/253/228
s 3
f 571/300/274 1387/250/225 120/301/275
s 2
f 33/239/215 127/255/230 1365/261/236
f 1498/284/258 135/200/176 1472/202/178
f 490/279/253 33/239/215 128/241/217
f 505/328/302 1427/327/301 128/241/217
f 1478/214/190 130/204/180 1473/329/303
f 117/294/268 1499/293/267 713/331/305
f 505/328/302 35/268/243 129/196/172
f 455/342/316 1423/292/266 117/294/268
f 1504/343/317 117/294/268 1467/332/306
s 4
f 765/354/326 59/420/385 165/355/327
f 775/365/336 50/427/392 160/366/337
f 1540/356/328 165/355/327 57/372/342
f 780/373/343 57/372/342 159/380/350
f 1555/381/351 159/380/350 58/382/352
f 790/383/353 58/382/352 166/389/358
f 45/417/383 875/534/487 1625/418/384
f 59/420/385 885/469/431 1619/421/386
f 899/422/387 43/439/404 149/423/388
f 50/427/392 154/431/396 1604/428/393
f 50/427/392 895/429/394 1614/430/395
f 154/431/396 49/364/335 879/432/397
f 57/372/342 900/499/455 1634/437/402
f 1620/438/403 148/419/383 43/439/404
f 58/382/352 910/532/485 1649/443/408
f 1635/424/389 149/423/388 46/444/409
f 1682/392/361 166/389/358 1649/443/408
f 869/450/415 1610/484/443 147/451/383
f 49/364/335 153/363/334 1654/453/416
f 153/363/334 48/404/372 961/454/417
f 151/457/383 47/476/383 956/458/420
f 48/404/372 161/403/371 1669/460/422
f 161/403/371 1679/411/379 973/461/423
f 42/452/383 147/451/383 1605/467/429
f 1535/367/338 160/366/337 59/420/385
f 160/366/337 1614/430/395 885/469/431
f 147/451/383 44/485/383 894/470/432
f 962/474/435 1670/493/451 152/475/383
f 148/419/383 1625/418/384 905/482/441
f 1610/484/443 889/536/489 44/485/383
f 152/475/383 1665/494/452 967/491/449
f 1670/493/451 972/1264/1188 1665/494/452
f 165/355/327 1619/421/386 900/499/455
f 46/444/409 915/525/478 1645/500/456
f 146/504/383 1615/505/460 894/470/432
f 45/417/383 884/527/480 1615/505/460
f 42/452/383 151/457/383 1660/459/421
f 1655/510/465 962/474/435 47/476/383
f 1650/515/470 150/501/457 1640/516/471
f 150/501/457 1645/500/456 938/518/473
f 47/476/383 152/475/383 1675/492/450
f 149/423/388 1630/528/481 915/525/478
f 884/527/480 45/417/383 148/419/383
f 43/439/404 905/482/441 1630/528/481
f 159/380/350 1634/437/402 910/532/485
f 875/534/487 45/417/383 146/504/383
f 1600/535/488 146/504/383 44/485/383
f 909/445/410 46/444/409 150/501/457
f 880/468/430 1655/510/465 151/457/383
s 2
f 1367/1577/1501 1368/1578/1502 538/945/870
f 1368/1578/1502 1365/261/236 533/243/219
f 566/968/892 565/976/900 1368/1578/1502
f 565/976/900 553/302/276 1365/261/236
f 561/973/897 1372/1581/1505 1373/1580/1504
f 567/977/901 1373/1580/1504 1370/240/216
s 3
f 1376/1582/1506 1377/1585/1509 580/1583/1507
s 2
f 1377/1584/1508 1375/242/218 572/269/244
s 3
f 1374/288/262 534/289/263 544/952/877
f 1376/1582/1506 544/952/877 537/956/881
s 2
f 1377/1584/1508 536/944/869 533/243/219
f 1425/1631/1565 1426/1632/1567 459/856/1566
f 1422/256/231 490/279/253 498/905/1568
f 1426/1632/1567 492/894/818 489/896/820
f 1427/327/301 1429/1633/1569 498/902/1568
f 1429/1633/1569 1430/1634/1570 497/910/827
f 1430/1634/1570 1429/1633/1569 1858/2156/2112
f 1429/1633/1569 510/1636/1572 1858/2156/2112
f 1430/1634/1570 1858/2156/2112 507/911/831
f 1436/1640/1577 1433/287/261 506/291/265
f 1436/1640/1577 460/863/1580 456/285/259
f 1471/1667/1601 1468/1668/181 697/1112/191
f 713/331/305 718/1122/1054 1469/1665/1599
f 718/1122/1054 727/1125/1057 1470/1666/1600
f 727/1125/1057 726/1133/1065 1471/1667/1601
f 726/1133/1065 715/1135/179 1468/1668/181
f 722/1130/1062 1475/1670/1603 1476/1671/1604
f 728/1134/1066 1476/1671/1604 1473/1672/303
f 1476/1671/1604 745/1150/1081 733/1152/304
s 4
f 897/1835/1796 1607/1834/1795 1608/1836/1797
f 1606/1832/1793 881/1838/1799 882/1839/1800
f 1617/1850/1811 1618/1852/1813 886/1851/1812
f 1621/1854/1815 1622/1856/1817 902/1855/1816
f 1632/1866/1827 1633/1867/1828 908/1864/1825
f 1634/437/402 1636/1872/1833 913/1871/1832
f 1637/1874/1835 1638/1876/1837 911/1875/1836
f 901/1857/1818 899/422/387 1635/424/389
f 941/1241/1164 1642/1878/1838 1643/1879/1839
f 946/1248/1171 938/518/473 1645/500/456
f 881/1838/1799 1656/1888/1847 1657/1889/1848
f 883/1840/1801 1658/1890/1849 1655/510/465
f 1658/1890/1849 965/1893/1852 962/474/435
f 959/1897/1856 1662/1896/1855 1663/1898/1857
f 968/1903/1862 969/1904/1863 1667/1901/1860
f 963/1891/1850 1671/1906/1865 1672/1907/1866
s 1
f 1258/1/1 92/70/2 1/2/2
f 1209/4/4 220/182/160 20/5/5
f 88/7/2 1203/61/55 226/8/7
f 215/10/8 24/76/67 113/11/9
f 4/13/2 89/43/2 1223/14/11
f 200/16/13 1209/4/4 105/6/6
f 211/18/15 1254/162/142 101/19/16
f 225/21/18 15/83/73 108/22/19
f 3/9/2 87/27/2 1198/24/21
f 1213/26/23 216/158/139 4/13/2
f 1219/12/10 113/11/9 22/28/24
f 1229/30/26 104/96/85 19/31/27
f 1224/33/29 116/90/80 26/34/30
f 230/29/25 22/28/24 107/36/32
f 1234/37/33 107/36/32 23/38/34
f 1244/40/36 112/50/45 18/41/37
f 89/43/2 2/154/2 235/44/39
f 240/39/35 23/38/34 114/45/40
f 1249/46/41 114/45/40 1361/47/42
f 268/49/44 25/103/92 112/50/45
f 90/51/2 5/151/133 245/52/46
f 1259/54/48 200/16/13 16/17/14
f 273/56/50 1259/54/48 103/55/49
f 279/58/52 1269/66/60 109/59/53
f 1/2/2 210/193/169 1203/61/55
f 1274/62/56 273/56/50 17/57/51
f 284/64/58 1274/62/56 111/63/57
f 1269/66/60 289/755/683 1358/67/61
f 6/68/2 278/128/113 1253/69/62
f 105/6/6 20/5/5 327/71/63
f 10/73/65 312/190/166 1304/74/66
f 24/76/67 322/125/111 1298/77/68
f 336/78/69 8/95/65 97/79/65
f 103/55/49 16/17/14 307/81/71
f 15/83/73 102/87/77 1283/84/74
f 15/83/73 332/85/75 1293/86/76
f 102/87/77 14/20/17 316/88/78
f 115/89/79 1278/142/124 327/71/63
f 116/90/80 1303/92/82 311/91/81
f 19/31/27 341/97/86 1303/92/82
f 22/28/24 337/155/136 1313/93/83
f 1299/94/84 96/75/65 8/95/65
f 104/96/85 1308/98/87 341/97/86
f 18/41/37 351/102/91 1308/98/87
f 23/38/34 347/187/164 1328/99/88
f 1314/80/70 97/79/65 11/100/89
f 112/50/45 1323/104/93 351/102/91
f 25/103/92 374/189/165 1323/104/93
f 114/45/40 1328/99/88 357/105/94
f 306/106/95 1289/140/123 95/107/65
f 14/20/17 101/19/16 1333/109/96
f 101/19/16 13/60/54 383/110/97
f 111/63/57 17/57/51 379/111/98
f 99/113/65 12/132/65 378/114/100
f 13/60/54 109/59/53 1348/116/102
f 109/59/53 1358/67/61 395/117/103
f 21/65/59 111/63/57 1353/112/99
f 1204/119/105 211/18/15 14/20/17
f 1264/120/106 284/64/58 21/65/59
f 106/121/107 21/65/59 388/118/104
f 7/108/65 95/107/65 1284/123/109
f 226/8/7 1213/26/23 87/27/2
f 1214/23/20 108/22/19 24/76/67
f 108/22/19 1293/86/76 322/125/111
f 95/107/65 9/141/65 331/126/112
f 93/127/2 1268/144/126 278/128/113
f 201/3/3 1/2/2 88/7/2
f 16/17/14 105/6/6 1288/72/64
f 384/130/115 1349/149/131 100/131/65
f 236/32/28 19/31/27 116/90/80
f 1239/133/116 250/725/654 1362/134/117
f 110/135/118 1362/134/117 356/136/119
f 96/75/65 1304/74/66 342/138/121
f 206/35/31 26/34/30 115/89/79
f 225/21/18 1204/119/105 102/87/77
f 1289/140/123 326/192/168 9/141/65
f 26/34/30 311/91/81 1278/142/124
f 1263/143/125 290/764/692 1268/144/126
f 283/145/127 1263/143/125 93/127/2
f 100/131/65 1344/150/132 389/147/129
f 1349/149/131 394/798/724 1344/150/132
f 5/151/133 91/167/147 1243/152/134
f 1218/153/135 231/159/140 2/154/2
f 113/11/9 1298/77/68 337/155/136
f 11/100/89 352/181/159 1324/156/137
f 216/158/139 1218/153/135 89/43/2
f 231/159/140 1233/186/163 90/51/2
f 94/160/65 1294/161/141 331/126/112
f 10/73/65 321/183/161 1294/161/141
f 1254/162/142 279/58/52 13/60/54
f 7/108/65 99/113/65 1339/115/101
s 2
f 410/163/143 1392/210/186 136/164/144
s 1
f 1334/166/146 384/130/115 12/132/65
f 91/167/147 1238/170/150 269/168/148
f 1248/169/149 251/1429/664 1238/170/150
f 1329/171/151 98/157/138 1319/172/152
f 98/157/138 1324/156/137 373/174/154
f 1264/175/106 106/179/107 1359/176/155
f 274/178/157 6/68/2 92/70/2
f 17/57/51 103/55/49 1338/82/72
f 106/179/107 1343/1553/108 393/180/158
f 246/42/38 18/41/37 104/96/85
f 1273/146/128 93/127/2 6/68/2
f 12/132/65 100/131/65 1354/148/130
f 97/79/65 1309/184/162 352/181/159
f 2/154/2 90/51/2 1228/53/47
f 1199/139/122 115/89/79 20/5/5
f 321/183/161 10/73/65 96/75/65
f 8/95/65 342/138/121 1309/184/162
f 1239/185/116 110/188/118 25/103/92
f 1233/186/163 241/194/170 5/151/133
f 107/36/32 1313/93/83 347/187/164
f 110/188/118 1318/1534/120 374/189/165
f 1208/129/114 88/7/2 3/9/2
f 87/27/2 4/13/2 205/15/12
f 312/190/166 10/73/65 94/160/65
f 1279/191/167 94/160/65 9/141/65
f 92/70/2 1253/69/62 210/193/169
f 241/194/170 1248/169/149 91/167/147
f 346/101/90 11/100/89 98/157/138
f 317/124/110 1334/166/146 99/113/65
s 2
f 481/206/182 32/232/208 126/207/183
f 436/209/185 1506/281/255 136/164/144
f 137/211/187 1495/1686/1632 678/212/188
f 447/216/192 1402/316/290 123/217/193
f 424/219/195 1407/297/271 134/220/196
f 1443/222/198 131/336/310 1448/223/199
f 134/220/196 1511/298/272 641/225/201
f 27/227/203 535/260/235 1384/228/204
f 31/229/205 126/207/183 1388/230/206
f 32/232/208 517/299/273 1388/230/206
f 438/233/209 1403/247/222 133/234/210
f 1398/236/212 411/813/742 1483/237/213
f 412/244/220 28/273/203 121/245/203
f 1403/247/222 446/850/776 1487/248/223
s 3
f 1383/249/224 120/301/275 1387/250/225
s 2
f 30/252/227 124/277/251 1369/253/228
f 447/216/192 29/218/194 122/257/232
f 27/227/203 121/245/203 1364/259/234
f 1412/262/237 137/211/187 1510/263/238
f 425/265/240 1492/311/285 118/266/241
f 1418/267/242 118/266/241 1496/270/245
f 480/272/247 1495/1686/1632 137/211/187
f 28/273/203 122/257/232 1379/274/248
f 29/218/194 515/280/254 1379/274/248
f 426/276/250 31/229/205 124/277/251
f 29/218/194 123/217/193 1384/228/204
f 1506/281/255 589/1000/924 1438/282/256
f 28/273/203 551/275/249 1364/259/234
f 30/252/227 552/254/229 1378/295/269
f 1407/297/271 465/870/795 1511/298/272
f 32/232/208 125/296/270 1378/295/269
f 138/286/260 1477/306/280 732/304/278
f 1503/305/279 698/1117/1046 1477/306/280
f 119/238/214 1483/237/213 608/307/281
f 133/234/210 1447/310/284 590/309/283
f 1487/248/223 626/1048/974 1447/310/284
f 1492/311/285 661/1084/1011 1462/312/286
f 137/211/187 1458/213/189 642/313/287
f 118/266/241 1462/312/286 679/314/288
f 437/315/289 27/227/203 123/217/193
f 445/317/291 1398/236/212 119/238/214
f 1488/318/292 119/238/214 1442/308/282
f 136/164/144 1438/282/256 606/320/294
f 426/276/250 1417/208/184 126/207/183
f 466/321/295 1408/278/252 124/277/251
f 643/322/296 1457/338/312 132/323/297
f 1452/324/298 132/323/297 1463/325/299
f 412/244/220 1397/258/233 122/257/232
f 437/315/289 1393/246/221 121/245/203
f 1448/223/199 131/336/310 1437/333/307
f 607/335/309 1437/333/307 131/336/310
f 466/321/295 30/252/227 125/296/270
f 481/206/182 1413/337/311 125/296/270
f 1463/325/299 132/323/297 1457/338/312
f 1491/221/197 134/220/196 1453/226/202
s 4
f 1579/345/319 144/414/320 36/346/320
f 1530/348/322 770/526/479 55/349/323
f 140/351/320 1524/405/373 776/352/325
f 39/357/320 141/387/320 1544/358/329
f 750/360/331 1530/348/322 157/350/324
f 761/362/333 1575/506/461 153/363/334
f 38/353/320 139/371/320 1519/368/339
f 1534/370/341 766/502/458 39/357/320
f 1550/374/344 156/440/405 54/375/345
f 1545/377/347 168/434/399 60/378/348
f 1565/384/354 164/394/363 53/385/355
f 141/387/320 37/498/320 785/388/357
f 802/391/360 1570/390/359 166/389/358
f 819/393/362 1686/447/412 164/394/363
f 142/395/320 40/495/320 795/396/364
f 1580/398/366 750/360/331 51/361/332
f 837/400/368 1580/398/366 155/399/367
f 843/402/370 1590/410/378 161/403/371
f 36/346/320 760/537/490 1524/405/373
f 1595/406/374 837/400/368 52/401/369
f 848/408/376 1595/406/374 163/407/375
f 1590/410/378 853/1203/1129 1679/411/379
f 41/412/320 842/472/433 1574/413/380
f 157/350/324 55/349/323 890/415/381
f 155/399/367 51/361/332 870/425/390
f 167/433/398 1599/486/444 890/415/381
f 168/434/399 1624/436/401 874/435/400
f 54/375/345 904/441/406 1624/436/401
f 156/440/405 1629/442/407 904/441/406
f 53/385/355 914/446/411 1629/442/407
f 164/394/363 1644/448/413 914/446/411
f 1686/447/412 939/1253/1176 1644/448/413
f 163/407/375 52/401/369 957/455/418
f 56/409/377 163/407/375 1674/456/419
f 1525/463/425 761/362/333 49/364/335
f 1585/464/426 848/408/376 56/409/377
f 158/465/427 56/409/377 966/462/424
f 776/352/325 1534/370/341 139/371/320
f 145/471/320 1589/488/446 842/472/433
f 751/347/321 36/346/320 140/351/320
f 51/361/332 157/350/324 1609/416/382
f 786/376/346 54/375/345 168/434/399
f 800/477/436 1683/480/439 162/478/437
f 1683/480/439 919/1218/1143 1639/481/440
f 756/379/349 60/378/348 167/433/398
f 775/365/336 1525/463/425 154/431/396
f 60/378/348 874/435/400 1599/486/444
f 1584/487/445 854/1212/1139 1589/488/446
f 847/489/447 1584/487/445 145/471/320
f 40/495/320 143/511/466 1564/496/453
f 1539/497/454 781/503/459 37/498/320
f 766/502/458 1539/497/454 141/387/320
f 781/503/459 1554/531/484 142/395/320
f 1575/506/461 843/402/370 48/404/372
s 5
f 1751/507/462 174/605/463 61/508/463
s 4
f 143/511/466 1559/514/469 820/512/467
f 1569/513/468 801/1164/1095 1559/514/469
f 1585/519/426 158/2158/427 1680/520/474
f 838/522/476 41/412/320 144/414/320
f 52/401/369 155/399/367 1659/426/391
f 158/465/427 1664/466/428 971/523/477
f 796/386/356 53/385/355 156/440/405
f 1594/490/448 145/471/320 41/412/320
f 37/498/320 142/395/320 1549/397/365
f 1520/483/442 167/433/398 55/349/323
f 1560/479/438 162/478/437 1687/529/482
f 1554/531/484 791/538/491 40/495/320
f 162/478/437 1639/481/440 937/533/486
f 1529/473/434 140/351/320 38/353/320
f 139/371/320 39/357/320 755/359/330
f 144/414/320 1574/413/380 760/537/490
f 791/538/491 1569/513/468 143/511/466
s 5
f 1702/539/492 1008/714/643 80/540/493
f 170/542/463 1696/596/543 1014/543/495
f 1003/545/496 84/611/555 195/546/497
f 64/548/463 171/578/463 1716/549/499
f 988/551/501 1702/539/492 187/541/494
f 999/553/503 1747/697/628 183/554/504
f 1013/556/506 75/618/561 190/557/507
f 63/544/463 169/562/463 1691/559/509
f 1706/561/511 1004/693/625 64/548/463
f 1712/547/498 195/546/497 82/563/512
f 1722/565/514 186/631/573 79/566/515
f 1717/568/517 198/625/568 86/569/518
f 1018/564/513 82/563/512 189/571/520
f 1727/572/521 189/571/520 83/573/522
f 1737/575/524 194/585/533 78/576/525
f 171/578/463 62/689/463 1023/579/527
f 1028/574/523 83/573/522 196/580/528
f 1742/581/529 196/580/528 1854/582/530
f 1056/584/532 85/638/579 194/585/533
f 172/586/463 65/686/463 1033/587/534
f 1752/589/536 988/551/501 76/552/502
f 1061/591/538 1752/589/536 185/590/537
f 1067/593/540 1762/601/548 191/594/541
f 61/508/463 998/723/652 1696/596/543
f 1767/597/544 1061/591/538 77/592/539
f 1072/599/546 1767/597/544 193/598/545
f 1762/601/548 1077/1302/1228 1851/602/549
f 66/603/463 1066/663/600 1746/604/550
f 187/541/494 80/540/493 1115/606/551
f 70/608/553 1100/720/649 1797/609/554
f 84/611/555 1110/660/598 1791/612/556
f 1124/613/557 68/630/553 179/614/553
f 185/590/537 76/552/502 1095/616/559
f 75/618/561 184/622/565 1776/619/562
f 75/618/561 1120/620/563 1786/621/564
f 184/622/565 74/555/505 1104/623/566
f 197/624/567 1771/677/611 1115/606/551
f 198/625/568 1796/627/570 1099/626/569
f 79/566/515 1129/632/574 1796/627/570
f 82/563/512 1125/690/622 1806/628/571
f 1792/629/572 178/610/553 68/630/553
f 186/631/573 1801/633/575 1129/632/574
f 78/576/525 1139/637/578 1801/633/575
f 83/573/522 1135/718/647 1821/634/576
f 1807/615/558 179/614/553 71/635/553
f 194/585/533 1816/639/580 1139/637/578
f 85/638/579 1162/719/648 1816/639/580
f 196/580/528 1821/634/576 1145/640/581
f 1094/641/582 1782/675/610 177/642/553
f 74/555/505 183/554/504 1826/644/583
f 183/554/504 73/595/542 1171/645/584
f 193/598/545 77/592/539 1167/646/585
f 181/648/553 72/667/553 1166/649/587
f 73/595/542 191/594/541 1841/651/589
f 191/594/541 1851/602/549 1183/652/590
f 81/600/547 193/598/545 1846/647/586
f 1697/654/592 999/553/503 74/555/505
f 1757/655/593 1072/599/546 81/600/547
f 188/656/594 81/600/547 1176/653/591
f 67/643/553 177/642/553 1777/658/596
f 1014/543/495 1706/561/511 169/562/463
f 1707/558/508 190/557/507 84/611/555
f 190/557/507 1786/621/564 1110/660/598
f 177/642/553 69/676/553 1119/661/599
f 175/662/463 1761/679/613 1066/663/600
f 989/509/464 61/508/463 170/542/463
f 76/552/502 187/541/494 1781/607/552
f 1172/665/602 1842/684/618 182/666/553
f 1024/567/516 79/566/515 198/625/568
f 1732/668/603 1038/2150/1199 1855/669/604
f 192/670/605 1855/669/604 1144/671/606
f 178/610/553 1797/609/554 1130/673/608
f 994/570/519 86/569/518 197/624/567
f 1013/556/506 1697/654/592 184/622/565
f 1782/675/610 1114/722/651 69/676/553
f 86/569/518 1099/626/569 1771/677/611
f 1756/678/612 1078/1311/1237 1761/679/613
f 1071/680/614 1756/678/612 175/662/463
f 182/666/553 1837/685/619 1177/682/616
f 1842/684/618 1182/1343/1267 1837/685/619
f 65/686/463 173/699/630 1736/687/620
f 1711/688/621 1019/694/626 62/689/463
f 195/546/497 1791/612/556 1125/690/622
f 71/635/553 1140/713/642 1817/691/623
f 1004/693/625 1711/688/621 171/578/463
f 1019/694/626 1726/717/646 172/586/463
f 176/695/553 1787/696/627 1119/661/599
f 70/608/553 1109/715/644 1787/696/627
f 1747/697/628 1067/593/540 73/595/542
f 67/643/553 181/648/553 1832/650/588
f 1827/698/629 1172/665/602 72/667/553
f 173/699/630 1731/702/633 1057/700/631
f 1741/701/632 1039/1282/1209 1731/702/633
f 1822/703/634 180/692/624 1812/704/635
f 180/692/624 1817/691/623 1161/706/637
f 1757/707/593 188/711/594 1852/708/638
f 1062/710/640 66/603/463 174/605/463
f 77/592/539 185/590/537 1831/617/560
f 188/711/594 1836/2159/595 1181/712/641
f 1034/577/526 78/576/525 186/631/573
f 1766/681/615 175/662/463 66/603/463
f 72/667/553 182/666/553 1847/683/617
f 179/614/553 1802/716/645 1140/713/642
f 62/689/463 172/586/463 1721/588/535
f 1692/674/609 197/624/567 80/540/493
f 1109/715/644 70/608/553 178/610/553
f 68/630/553 1130/673/608 1802/716/645
f 1732/668/603 192/670/605 85/638/579
f 1726/717/646 1029/724/653 65/686/463
f 189/571/520 1806/628/571 1135/718/647
f 192/670/605 1811/672/607 1162/719/648
f 1701/664/601 170/542/463 63/544/463
f 169/562/463 64/548/463 993/550/500
f 1100/720/649 70/608/553 176/695/553
f 1772/721/650 176/695/553 69/676/553
f 174/605/463 1746/604/550 998/723/652
f 1029/724/653 1741/701/632 173/699/630
f 1134/636/577 71/635/553 180/692/624
f 1105/659/597 1827/698/629 181/648/553
s 1
f 250/725/654 253/728/657 256/726/655
f 253/728/657 254/739/667 257/729/658
f 255/727/656 256/726/655 267/730/659
f 256/726/655 257/729/658 258/732/661
f 259/733/662 262/737/666 261/734/663
f 260/736/665 263/741/668 262/737/666
f 262/738/666 257/729/658 254/739/667
f 263/741/668 258/747/661 257/742/658
f 252/48/43 264/1573/671 266/743/669
f 265/744/670 266/743/669 263/741/673
f 266/743/669 267/746/672 258/747/675
f 288/177/156 291/750/678 293/748/676
f 291/750/678 298/1570/2113 294/751/679
f 292/749/677 293/748/676 305/752/680
f 293/748/676 294/751/679 295/754/682
f 289/755/683 296/758/686 299/756/684
f 296/758/686 297/767/1391 300/759/687
f 299/756/684 300/759/687 295/761/689
f 301/762/690 304/765/693 303/763/691
f 302/753/681 305/752/680 304/765/693
f 304/766/693 300/759/695 297/767/694
f 305/752/680 295/754/682 300/769/695
f 356/770/119 359/2160/698 361/771/696
f 360/772/697 361/771/696 372/776/700
f 361/771/696 362/783/699 363/778/702
f 357/105/94 364/781/705 366/779/703
f 364/781/705 365/787/713 367/782/706
f 366/779/703 367/782/706 363/778/708
f 368/784/710 371/786/712 370/785/711
f 369/777/701 372/776/714 371/786/712
f 371/786/712 367/782/706 365/787/713
f 372/776/714 363/778/708 367/782/706
f 393/180/158 396/1554/717 398/788/715
f 396/790/717 397/801/727 399/791/718
f 398/792/715 399/791/718 400/795/720
f 401/796/722 404/800/726 403/797/723
f 402/799/725 405/802/728 404/800/726
f 404/800/726 399/791/729 397/801/727
f 405/802/728 400/795/734 399/791/729
f 395/117/103 406/1568/732 408/803/730
f 407/804/731 408/803/730 405/802/728
f 408/803/730 409/794/733 400/795/734
s 2
f 413/806/735 416/809/738 415/807/736
f 417/811/740 420/815/744 419/812/741
f 418/814/743 423/2161/739 420/815/744
f 420/815/744 416/817/738 414/808/737
f 422/820/747 423/2161/739 418/814/743
s 6
f 430/828/753 429/830/750 431/829/754
s 8
f 430/828/756 433/1628/2114 435/826/757
s 9
f 433/827/759 435/826/2115 434/832/760
s 2
f 448/844/770 453/847/2116 449/845/771
f 449/845/771 453/847/2116 450/848/774
s 14
f 451/853/779 1860/2162/2109 450/848/780
s 15
f 458/855/782 460/858/786 459/856/783
s 16
f 459/856/787 460/858/2117 199/859/788
s 2
f 468/868/793 471/872/797 470/869/794
f 469/871/796 472/2163/805 471/872/797
f 473/875/799 472/882/805 475/876/800
f 475/876/800 472/2163/805 469/871/796
f 476/879/802 479/881/804 478/880/803
f 477/874/798 471/873/797 479/881/804
f 479/881/804 472/882/805 473/875/799
f 492/894/818 495/898/822 494/895/819
f 495/898/822 503/901/825 501/899/823
f 495/898/822 493/897/821 496/900/824
f 497/903/827 496/900/824 493/897/821
f 500/907/829 503/909/825 502/908/830
f 507/911/831 514/915/835 508/912/832
f 507/911/831 1858/2156/2112 511/914/834
f 518/924/847 521/927/850 520/925/848
f 519/926/849 522/929/852 521/927/850
f 521/927/850 532/930/853 529/928/851
s 3
f 516/251/226 523/933/856 526/931/854
f 523/933/856 524/1596/1518 527/934/857
f 525/932/855 526/931/854 522/935/858
s 26
f 526/937/860 527/943/2118 532/938/861
s 2
f 528/939/863 531/941/865 530/940/864
f 529/928/851 532/930/867 531/941/865
f 531/941/865 527/943/868 524/942/866
f 536/944/869 539/947/872 538/945/870
f 537/946/871 540/949/2119 539/947/872
f 539/947/872 541/950/875 548/948/873
s 3
f 534/289/263 542/953/878 545/951/876
f 542/953/878 543/1591/1514 546/954/879
f 544/952/877 545/951/876 540/955/880
f 545/957/876 546/963/879 541/958/882
s 2
f 547/959/883 550/961/885 549/960/884
f 548/948/873 541/950/875 550/961/885
f 550/961/885 546/963/2120 543/962/886
f 554/964/888 557/967/891 556/965/889
f 555/966/890 558/975/899 557/967/891
f 557/967/891 569/970/894 566/968/892
f 557/967/891 558/975/899 559/969/893
f 552/254/229 560/974/898 563/971/895
f 561/973/897 564/979/903 563/971/895
f 563/971/895 558/975/899 555/966/890
f 563/971/895 564/979/903 559/969/893
f 565/976/900 568/978/902 567/977/901
f 566/968/892 569/970/894 568/978/902
f 568/978/902 564/979/903 561/973/897
f 568/978/902 569/970/894 559/969/893
f 573/980/904 576/983/907 575/981/905
f 574/982/906 577/985/909 576/983/907
f 576/983/907 588/986/910 585/984/908
f 577/985/909 578/994/2121 588/986/910
s 3
f 571/300/274 579/989/913 582/987/911
f 579/989/913 580/1583/1507 583/990/914
f 581/988/912 582/987/911 577/991/915
f 582/993/911 583/999/914 578/994/917
s 2
f 584/995/918 587/997/920 586/996/919
f 585/984/908 588/986/922 587/997/920
f 587/997/920 583/999/923 580/998/921
f 588/986/922 578/994/2122 583/999/923
f 589/1000/924 592/1003/1650 595/1001/925
f 594/1002/926 595/1001/925 605/1005/929
f 590/309/283 597/1011/934 600/1009/932
f 597/1011/934 598/1017/945 605/1012/935
f 600/1009/936 595/1007/940 593/1004/937
f 600/1009/936 605/1012/935 596/1008/939
f 601/1013/941 604/1016/943 603/1014/942
f 602/1006/930 605/1005/929 604/1016/943
f 604/1016/944 605/1012/935 598/1017/945
f 609/1018/946 612/1021/949 611/1019/947
f 610/1020/948 613/1031/951 612/1021/949
f 612/1021/949 623/1024/952 620/1022/950
f 614/1025/953 617/1029/956 616/1026/954
f 615/1028/955 618/1030/957 617/1029/956
f 617/1029/956 613/1031/951 610/1020/948
f 619/1032/958 622/1034/960 621/1033/959
f 620/1022/950 623/1024/952 622/1034/960
f 622/1034/960 618/1030/957 615/1028/955
f 623/1024/952 613/1023/951 618/1030/957
f 624/319/293 627/1037/963 630/1035/961
f 627/1037/963 628/1047/973 636/1038/964
f 632/1042/968 635/1046/971 634/1043/969
f 633/1045/970 636/1052/980 635/1046/971
f 635/1046/972 636/1038/964 628/1047/973
f 626/1048/974 637/1051/1613 640/1049/975
s 30
f 638/1040/977 630/1039/2123 640/1049/978
s 2
f 639/1050/976 640/1049/975 636/1052/980
s 30
f 640/1049/978 630/1039/2123 631/1041/981
s 2
f 644/1053/983 647/1056/986 646/1054/984
f 645/1055/985 648/1058/988 647/1056/986
f 647/1056/986 658/1059/989 655/1057/987
f 649/1060/990 652/1063/993 651/1061/991
f 650/1062/992 653/1064/994 652/1063/993
f 652/1063/993 648/1058/988 645/1055/985
f 653/1064/994 658/1069/989 648/1058/988
f 654/1065/995 657/1068/997 656/1066/996
f 655/1057/987 658/1059/989 657/1068/997
f 657/1068/997 653/1064/994 650/1062/992
f 659/340/314 662/1072/1000 665/1070/998
f 662/1072/1000 663/1082/1009 666/1073/1001
f 664/1071/999 665/1070/998 677/1074/1002
f 665/1070/998 666/1073/1001 667/1076/1004
f 668/1077/1005 671/1081/1008 670/1078/1006
f 669/1080/1007 672/1083/1010 671/1081/1008
f 671/1081/1008 666/1073/1001 663/1082/1009
f 672/1083/1010 667/1076/2124 666/1073/1001
f 661/1084/1011 673/1087/1014 676/1085/1012
f 673/1087/1014 674/1075/1631 677/1074/1015
f 675/1086/1013 676/1085/1012 672/1083/1016
f 676/1085/1012 677/1074/1015 667/1076/1017
f 678/212/188 681/1090/1633 683/1088/1018
f 681/1090/1020 688/1688/1635 684/1091/1021
f 682/1089/1019 683/1088/1018 695/1092/1022
f 683/1088/1018 684/1091/1021 685/1094/1024
f 679/314/288 686/1097/1027 689/1095/1025
f 686/1097/1027 687/1103/1033 690/1098/1028
f 689/1095/1025 690/1098/1028 685/1094/1024
f 691/1099/1030 694/1102/1032 693/1100/1031
f 692/1093/1023 695/1092/1022 694/1102/1032
f 694/1102/1032 690/1098/1028 687/1103/1033
f 695/1092/1022 685/1094/1024 690/1098/1028
f 696/344/318 699/1106/1036 701/1104/1034
f 699/1106/1036 700/1115/1044 702/1107/1037
f 701/1104/1034 702/1107/1037 703/1109/1039
f 704/1110/1040 707/1114/1043 706/1111/1041
f 705/1113/1042 708/1116/1045 707/1114/1043
f 707/1114/1043 702/1107/1037 700/1115/1044
f 708/1116/1045 703/1109/2125 702/1107/1037
f 698/1117/1046 709/1694/1049 711/1118/1047
f 710/1119/1048 711/1118/1047 708/1116/1051
f 711/1118/1047 712/1108/1050 703/1109/1052
f 716/1121/1053 719/1124/1056 718/1122/1054
f 717/1123/1055 720/1126/1058 719/1124/1056
f 719/1124/1056 730/1127/1059 727/1125/1057
f 721/1128/1060 724/1131/1063 723/1129/1061
f 722/1130/1062 725/1132/1064 724/1131/1063
f 724/1131/1063 720/1126/1058 717/1123/1055
f 725/1132/1064 730/1137/1059 720/1126/1058
f 726/1133/1065 729/1136/1067 728/1134/1066
f 727/1125/1057 730/1127/1059 729/1136/1067
f 729/1136/1067 725/1132/1064 722/1130/1062
f 731/201/177 734/1140/1070 737/1138/1068
f 734/1140/1070 735/1149/1669 738/1141/1071
f 736/1139/1069 737/1138/1068 749/1142/1072
f 737/1138/1068 738/1141/1071 739/1144/1074
f 732/304/278 740/1147/1077 743/1145/1075
f 740/1147/1077 741/1154/1084 744/1148/1078
f 742/1146/1076 743/1145/1075 738/1141/1079
f 743/1145/1075 744/1148/1078 739/1144/1074
f 745/1150/1081 748/1153/1083 747/1151/1082
f 746/1143/1073 749/1142/1072 748/1153/1083
f 748/1153/1083 744/1148/1078 741/1154/1084
f 749/1142/1072 739/1144/1074 744/1148/1078
s 4
f 800/477/436 803/1157/1087 806/1155/1085
f 803/1157/1087 804/1169/1098 807/1158/1088
f 805/1156/1089 806/1155/1085 817/1159/1090
f 806/1155/1085 807/1158/1088 808/1161/1092
f 809/1162/1093 812/1168/1097 811/1163/1094
f 810/1165/1096 813/1175/1099 812/1166/1097
f 812/1168/1097 807/1158/1088 804/1169/1098
f 813/1170/1099 808/1161/1092 807/1158/1088
f 802/391/360 814/1917/1102 816/1171/1100
f 815/1172/1101 816/1171/1100 813/1175/1104
f 816/1171/1100 817/1174/1103 808/1176/1105
f 821/1177/1106 824/1180/1109 823/1178/1107
f 822/1179/1108 825/1182/1111 824/1180/1109
f 824/1180/1109 836/1183/1112 833/1181/1110
f 825/1182/1111 826/1191/1117 836/1183/1112
f 819/393/362 827/1784/1115 830/1184/1113
f 827/1186/1115 828/1195/2126 831/1187/1116
f 829/1185/1114 830/1184/1113 825/1189/1111
f 830/1188/1113 831/1187/1116 826/1191/1117
f 820/512/467 832/1194/1120 835/1192/1118
f 832/1194/1120 833/1181/1110 836/1183/1112
f 834/1193/1119 835/1192/1118 831/1187/1116
f 835/1192/1118 836/1183/1112 826/1191/1117
f 852/521/475 855/2164/1124 857/1196/1122
f 856/1197/1123 857/1196/1122 868/1200/1126
f 857/1196/1122 858/1199/1125 859/1202/1128
f 853/1203/1129 860/1206/1132 862/1204/1130
f 860/1206/1132 861/1215/1779 863/1207/1133
f 862/1204/1130 863/1207/1133 859/1209/1135
f 864/1210/1137 867/1213/1140 866/1211/1138
f 865/1201/1127 868/1200/1126 867/1213/1140
f 867/1214/1140 863/1207/1142 861/1215/1141
f 868/1200/1126 859/1202/1128 863/1217/1142
f 919/1218/1143 922/1221/2127 924/1219/1144
f 922/1221/1146 929/1920/2128 925/1222/1147
f 923/1220/1145 924/1219/1144 936/1223/1148
f 924/1219/1144 925/1222/1147 926/1225/1150
f 920/449/414 927/1228/1153 930/1226/1151
f 927/1228/1153 928/1236/1160 931/1229/1154
f 930/1226/1151 931/1229/1154 926/1231/1156
f 932/1232/1157 935/1235/1159 934/1233/1158
f 933/1234/1149 936/1237/1161 935/1235/1159
f 935/1235/1159 931/1229/1154 928/1236/1160
f 936/1237/1161 926/1231/1156 931/1229/1154
f 940/1238/1162 943/1242/1165 942/1239/1163
f 941/1241/1164 944/1250/1173 943/1242/1165
f 942/1239/1163 943/1242/1165 955/1243/1166
f 943/1242/1165 944/1250/1173 945/1245/1168
f 938/518/473 946/1248/1171 949/1246/1169
f 946/1248/1171 947/1255/1178 950/1249/1172
f 948/1247/1170 949/1246/1169 944/1250/1173
f 949/1246/1169 950/1249/1172 945/1245/1168
f 951/1251/1174 954/1254/1177 953/1252/1175
f 952/1244/1167 955/1243/1166 954/1254/1177
f 954/1254/1177 950/1249/1172 947/1255/1178
f 955/1243/1166 945/1245/1168 950/1249/1172
f 971/523/477 974/1258/1181 976/1256/1179
f 974/1258/1181 975/1267/1191 977/1259/1182
f 976/1256/1179 977/1259/1182 978/1261/1184
f 979/1262/1186 982/1266/1190 981/1263/1187
f 980/1265/1189 983/1268/1192 982/1266/1190
f 982/1266/1190 977/1259/1193 975/1267/1191
f 983/1268/1192 978/1261/1198 977/1259/1193
f 973/461/423 984/1913/1196 986/1269/1194
f 985/1270/1195 986/1269/1194 983/1268/1192
f 986/1269/1194 987/1260/1197 978/1261/1198
s 5
f 1038/1272/1199 1041/1275/1202 1044/1273/1200
f 1041/1275/1202 1042/1287/1212 1045/1276/1203
f 1043/1274/1201 1044/1273/1200 1055/1277/1204
f 1044/1273/1200 1045/1276/1203 1046/1279/1206
f 1047/1280/1207 1050/1286/1211 1049/1281/1208
f 1048/1283/1210 1051/1293/1213 1050/1284/1211
f 1050/1286/1211 1045/1276/1203 1042/1287/1212
f 1051/1288/1213 1046/1279/1206 1045/1276/1203
f 1040/583/531 1052/2147/1216 1054/1289/1214
f 1053/1290/1215 1054/1289/1214 1051/1293/1218
f 1054/1289/1214 1055/1292/1217 1046/1294/1220
f 1076/709/639 1079/1297/1223 1081/1295/1221
f 1079/1297/1223 1086/2144/2129 1082/1298/1224
f 1080/1296/1222 1081/1295/1221 1093/1299/1225
f 1081/1295/1221 1082/1298/1224 1083/1301/1227
f 1077/1302/1228 1084/1305/1231 1087/1303/1229
f 1084/1305/1231 1085/1314/1999 1088/1306/1232
f 1087/1303/1229 1088/1306/1232 1083/1308/1234
f 1089/1309/1235 1092/1312/1238 1091/1310/1236
f 1090/1300/1226 1093/1299/1225 1092/1312/1238
f 1092/1313/1238 1088/1306/1240 1085/1314/1239
f 1093/1299/1225 1083/1301/1227 1088/1316/1240
f 1144/671/606 1153/2152/1243 1148/1317/1241
f 1147/1318/1242 1148/1317/1241 1160/1322/1245
f 1148/1317/1241 1149/1329/2130 1150/1324/1247
f 1145/640/581 1151/1327/1250 1154/1325/1248
f 1151/1327/1250 1152/1333/1257 1155/1328/1251
f 1154/1325/1248 1155/1328/1251 1150/1324/1253
f 1156/1330/1254 1159/1332/1256 1158/1331/1255
f 1157/1323/1246 1160/1322/1258 1159/1332/1256
f 1159/1332/1256 1155/1328/1251 1152/1333/1257
f 1160/1322/1258 1150/1324/1253 1155/1328/1251
f 1181/1334/641 1184/1337/1261 1187/1335/1259
f 1184/1337/1261 1185/1346/1270 1188/1338/1262
f 1187/1335/1259 1188/1338/1262 1189/1340/1264
f 1190/1341/1265 1193/1345/1269 1192/1342/1266
f 1191/1344/1268 1194/1347/1271 1193/1345/1269
f 1193/1345/1269 1188/1338/1272 1185/1346/1270
f 1194/1347/1271 1189/1340/1277 1188/1338/1272
f 1183/652/590 1186/2141/1275 1196/1348/1273
f 1195/1349/1274 1196/1348/1273 1194/1347/1271
f 1196/1348/1273 1197/1339/2131 1189/1340/1277
s 1
f 221/25/22 1198/24/21 1200/1351/1278
f 224/1352/1279 1200/1351/1278 1201/1353/1280
f 223/1354/1282 1201/1353/1287 1202/1355/1283
f 1202/1357/1283 1199/139/122 220/182/160
f 1198/24/21 205/15/12 207/1359/1285
f 1200/1351/1278 207/1359/1285 208/1360/1286
f 1201/1361/1287 208/1400/1325 209/1362/1288
f 209/1362/1288 206/35/31 1199/139/122
f 1203/1363/55 1205/1366/1290 229/1364/1289
f 1205/1366/1290 1206/1368/1296 228/1367/1291
f 1206/1368/1292 1207/1373/1298 227/1369/1293
f 227/1369/1293 1207/1373/1298 1204/119/105
f 210/1370/169 212/1371/1295 1205/1366/1290
f 212/1371/1295 213/1372/1364 1206/1368/1296
f 213/1372/1297 214/1443/1366 1207/1373/1298
f 1207/1373/1298 214/1443/1366 211/18/15
f 1208/129/114 1210/1375/1300 204/1374/1299
f 1210/1375/1300 1211/1377/1305 203/1376/1301
f 1211/1377/1302 1212/1380/1306 202/1378/1303
f 202/1379/1303 1212/1381/1306 1209/4/4
f 221/25/22 224/1352/1279 1210/1375/1300
f 224/1352/1279 223/1354/1281 1211/1377/1305
f 223/1354/1282 222/1356/1284 1212/1380/1306
f 1212/1381/1306 222/1358/1284 220/182/160
f 216/1382/139 1213/1389/23 1215/1383/1307
f 219/1384/1308 1215/1383/1307 1216/1385/1309
f 218/1386/1311 1216/1385/1314 1217/1387/1312
f 1217/1387/1312 1214/23/20 215/10/8
f 1213/1389/23 226/1365/7 229/1364/1289
f 1215/1383/1307 229/1364/1289 228/1367/1291
f 1216/1385/1314 228/1367/1294 227/1369/1293
f 227/1369/1293 225/21/18 1214/23/20
f 231/1390/140 1218/1397/135 1220/1391/1315
f 234/1392/1316 1220/1391/1315 1221/1393/1317
f 233/1394/1319 1221/1393/1322 1222/1395/1320
f 1222/1395/1320 1219/12/10 230/29/25
f 1218/1397/135 216/1382/139 219/1384/1308
f 1220/1391/1315 219/1384/1308 218/1386/1310
f 1221/1393/1322 218/1386/1311 217/1388/1313
f 217/1388/1313 215/10/8 1219/12/10
f 205/15/12 1223/14/11 1225/1398/1323
f 207/1359/1285 1225/1398/1323 1226/1399/1324
f 208/1400/1325 1226/1404/1329 1227/1401/1326
f 1227/1401/1326 1224/33/29 206/35/31
f 1223/14/11 235/44/39 237/1402/1327
f 1225/1398/1323 237/1402/1327 238/1403/1328
f 1226/1404/1329 238/1408/1333 239/1405/1330
f 239/1405/1330 236/32/28 1224/33/29
f 235/44/39 1228/53/47 1230/1406/1331
f 237/1402/1327 1230/1406/1331 1231/1407/1332
f 238/1408/1333 1231/1412/1337 1232/1409/1334
f 1232/1409/1334 1229/30/26 236/32/28
f 1228/53/47 245/52/46 247/1410/1335
f 1230/1406/1331 247/1410/1335 248/1411/1336
f 1231/1412/1337 248/1432/1355 249/1413/1338
f 249/1413/1338 246/42/38 1229/30/26
f 241/1414/170 1233/1421/163 1235/1415/1339
f 244/1416/1340 1235/1415/1339 1236/1417/1341
f 243/1418/1343 1236/1417/1346 1237/1419/1344
f 1237/1419/1344 1234/37/33 240/39/35
f 1233/1421/163 231/1390/140 234/1392/1316
f 1235/1415/1339 234/1392/1316 233/1394/1318
f 1236/1417/1346 233/1394/1319 232/1396/1321
f 232/1396/1321 230/29/25 1234/37/33
f 1238/170/150 1240/1423/1348 272/1422/1347
f 1240/1423/1348 1241/1425/1350 271/1424/1349
f 1241/1425/1350 1242/1427/1352 270/1426/1351
f 1242/1427/1352 1239/133/116 268/1428/44
f 251/1429/664 261/740/663 1240/1423/1348
f 261/740/663 254/739/667 1241/1425/1350
f 254/739/667 253/728/657 1242/1427/1352
f 253/728/657 250/725/654 1239/133/116
f 245/52/46 1243/152/134 1245/1430/1353
f 247/1410/1335 1245/1430/1357 1246/1431/1354
f 248/1432/1355 1246/1434/1358 1247/1433/1356
f 249/1413/1338 1247/1433/1356 1244/40/36
f 1243/152/134 269/168/148 272/1422/1347
f 1245/1430/1357 272/1422/1347 271/1424/1349
f 1246/1434/1358 271/2165/1349 270/1435/1351
f 270/1435/1351 268/49/44 1244/40/36
f 251/735/664 1248/1439/149 1250/1436/1359
f 259/733/662 1250/1436/1359 1251/1437/1360
f 260/736/674 1251/1437/1362 1252/1438/1361
f 265/744/670 1252/1438/1361 1249/46/41
f 1248/1439/149 241/1414/170 244/1416/1340
f 1250/1436/1359 244/1416/1340 243/1418/1342
f 1251/1437/1362 243/1418/1343 242/1420/1345
f 1252/1438/1361 242/1420/1345 240/39/35
f 1253/1440/62 1255/1441/1363 212/1371/1295
f 1255/1441/1363 1256/1442/1368 213/1372/1364
f 1256/1442/1365 1257/1447/1370 214/1443/1366
f 214/1443/1366 1257/1447/1370 1254/162/142
f 278/1444/113 280/1445/1367 1255/1441/1363
f 280/1445/1367 281/1446/1386 1256/1442/1368
f 281/1446/1369 282/1466/1388 1257/1447/1370
f 1257/1447/1370 282/1466/1388 279/58/52
f 1258/1/1 1260/1449/1372 277/1448/1371
f 1260/1449/1372 1261/1451/1377 276/1450/1373
f 1261/1451/1374 1262/1454/1378 275/1452/1375
f 275/1453/1375 1262/1455/1378 1259/54/48
f 201/3/3 204/1374/1299 1260/1449/1372
f 204/1374/1299 203/1376/1301 1261/1451/1377
f 203/1376/1304 202/1378/1303 1262/1454/1378
f 1262/1455/1378 202/1379/1303 200/16/13
f 290/764/692 1263/143/125 1265/1456/1379
f 301/762/690 1265/1456/1379 1266/1457/1380
f 302/753/681 1266/1457/1380 1267/1458/1381
f 292/749/677 1267/1458/1381 1264/175/106
f 1263/143/125 283/145/127 285/1459/1382
f 1265/1456/1379 285/1459/1382 286/1460/1383
f 1266/1457/1380 286/1460/1383 287/1461/1384
f 1267/1458/1381 287/1461/1384 284/1462/58
f 1268/1463/126 1270/1464/1385 280/1445/1367
f 1270/1464/1385 1271/1465/1390 281/1446/1386
f 1271/1465/1387 1272/1467/1389 282/1466/1388
f 1272/1467/1389 1269/66/60 279/58/52
f 290/1468/692 303/768/691 1270/1464/1385
f 303/768/691 297/767/694 1271/1465/1390
f 297/767/1391 296/758/686 1272/1467/1389
f 296/758/686 289/755/683 1269/66/60
f 1273/146/128 1275/1469/1392 285/1459/1382
f 1275/1469/1392 1276/1470/1394 286/1460/1383
f 1276/1470/1393 1277/1472/1395 287/1461/1384
f 287/1471/1384 1277/1473/1395 1274/62/56
f 274/178/157 277/1448/1371 1275/1469/1392
f 277/1448/1371 276/1450/1373 1276/1470/1394
f 276/1450/1376 275/1452/1375 1277/1472/1395
f 275/1453/1375 273/56/50 1274/62/56
f 1278/142/124 1280/1475/1397 330/1474/1396
f 1280/1475/1397 1281/1477/1399 329/1476/1398
f 1281/1477/1399 1282/1479/1401 328/1478/1400
f 1282/1479/1401 1279/191/167 326/192/168
f 311/91/81 313/1480/1402 1280/1475/1397
f 313/1480/1402 314/1481/1403 1281/1477/1399
f 314/1481/1403 315/1482/1404 1282/1479/1401
f 315/1482/1404 312/190/166 1279/191/167
f 332/85/75 1283/84/74 1285/1483/1405
f 335/1484/1406 1285/1483/1405 1286/1485/1407
f 334/1486/1408 1286/1485/1407 1287/1487/1409
f 333/1488/1410 1287/1487/1409 1284/123/109
f 1283/84/74 316/88/78 318/1489/1411
f 1285/1483/1405 318/1489/1411 319/1490/1412
f 1286/1485/1407 319/1490/1412 320/1491/1413
f 1287/1487/1409 320/1491/1413 317/124/110
f 307/81/71 1288/72/64 1290/1492/1414
f 310/1493/1415 1290/1492/1414 1291/1494/1416
f 309/1495/1417 1291/1494/1416 1292/1496/1418
f 308/1497/1419 1292/1496/1418 1289/140/123
f 1288/72/64 327/71/63 330/1474/1396
f 1290/1492/1414 330/1474/1396 329/1476/1398
f 1291/1494/1416 329/1476/1398 328/1478/1400
f 1292/1496/1418 328/1478/1400 326/192/168
f 1293/86/76 1295/1499/1421 325/1498/1420
f 1295/1499/1421 1296/1501/1423 324/1500/1422
f 1296/1501/1423 1297/1503/1425 323/1502/1424
f 1297/1503/1425 1294/161/141 321/183/161
f 332/85/75 335/1484/1406 1295/1499/1421
f 335/1484/1406 334/1486/1408 1296/1501/1423
f 334/1486/1408 333/1488/1410 1297/1503/1425
f 333/1488/1410 331/126/112 1294/161/141
f 1298/77/68 1300/1505/1427 340/1504/1426
f 1300/1505/1427 1301/1507/1429 339/1506/1428
f 1301/1507/1429 1302/1509/1431 338/1508/1430
f 1302/1509/1431 1299/94/84 336/78/69
f 322/125/111 325/1498/1420 1300/1505/1427
f 325/1498/1420 324/1500/1422 1301/1507/1429
f 324/1500/1422 323/1502/1424 1302/1509/1431
f 323/1502/1424 321/183/161 1299/94/84
f 1303/92/82 1305/1510/1432 313/1480/1402
f 1305/1510/1432 1306/1511/1433 314/1481/1403
f 1306/1511/1433 1307/1512/1434 315/1482/1404
f 1307/1512/1434 1304/74/66 312/190/166
f 341/97/86 343/1513/1435 1305/1510/1432
f 343/1513/1435 344/1514/1436 1306/1511/1433
f 344/1514/1436 345/1515/1437 1307/1512/1434
f 345/1515/1437 342/138/121 1304/74/66
f 1308/98/87 1310/1516/1438 343/1513/1435
f 1310/1516/1438 1311/1517/1439 344/1514/1436
f 1311/1517/1439 1312/1518/1440 345/1515/1437
f 1312/1518/1440 1309/184/162 342/138/121
f 351/102/91 353/1519/1441 1310/1516/1438
f 353/1519/1441 354/1520/1442 1311/1517/1439
f 354/1520/1442 355/1521/1443 1312/1518/1440
f 355/1521/1443 352/181/159 1309/184/162
f 1313/93/83 1315/1523/1445 350/1522/1444
f 1315/1523/1445 1316/1525/1447 349/1524/1446
f 1316/1525/1447 1317/1527/1449 348/1526/1448
f 1317/1527/1449 1314/80/70 346/101/90
f 337/155/136 340/1504/1426 1315/1523/1445
f 340/1504/1426 339/1506/1428 1316/1525/1447
f 339/1506/1428 338/1508/1430 1317/1527/1449
f 338/1508/1430 336/78/69 1314/80/70
f 374/189/165 1318/1534/120 1320/1528/1450
f 377/1529/1451 1320/1528/1450 1321/1530/1452
f 376/1531/1453 1321/1530/1452 1322/1532/1454
f 375/1533/1455 1322/1532/1454 1319/172/152
f 1318/1534/120 356/770/119 360/772/697
f 1320/1528/1450 360/772/697 369/777/701
f 1321/1530/1452 369/777/701 368/784/710
f 1322/1532/1454 368/784/710 358/173/153
f 1323/104/93 1325/1535/1456 353/1519/1441
f 1325/1535/1456 1326/1536/1457 354/1520/1442
f 1326/1536/1457 1327/1537/1458 355/1521/1443
f 1327/1537/1458 1324/156/137 352/181/159
f 374/189/165 377/1529/1451 1325/1535/1456
f 377/1529/1451 376/1531/1453 1326/1536/1457
f 376/1531/1453 375/1533/1455 1327/1537/1458
f 375/1533/1455 373/174/154 1324/156/137
f 1328/99/88 1330/1538/1459 364/781/705
f 1330/1538/1459 1331/1539/1460 365/787/713
f 1331/1539/1460 1332/1540/1461 370/785/711
f 1332/1540/1461 1329/171/151 358/173/153
f 347/187/164 350/1522/1444 1330/1538/1459
f 350/1522/1444 349/1524/1446 1331/1539/1460
f 349/1524/1446 348/1526/1448 1332/1540/1461
f 348/1526/1448 346/101/90 1329/171/151
f 316/88/78 1333/109/96 1335/1541/1462
f 318/1489/1411 1335/1541/1462 1336/1542/1463
f 319/1490/1412 1336/1542/1463 1337/1543/1464
f 320/1491/1413 1337/1543/1464 1334/166/146
f 1333/109/96 383/110/97 385/1544/1465
f 1335/1541/1462 385/1544/1465 386/1545/1466
f 1336/1542/1463 386/1545/1466 387/1546/1467
f 1337/1543/1464 387/1546/1467 384/130/115
f 379/111/98 1338/82/72 1340/1547/1468
f 382/1548/1469 1340/1547/1468 1341/1549/1470
f 381/1550/1471 1341/1549/1470 1342/1551/1472
f 380/1552/1473 1342/1551/1472 1339/115/101
f 1338/82/72 307/81/71 310/1493/1415
f 1340/1547/1468 310/1493/1415 309/1495/1417
f 1341/1549/1470 309/1495/1417 308/1497/1419
f 1342/1551/1472 308/1497/1419 306/106/95
f 1343/1553/108 1345/2166/1474 396/1554/717
f 1345/1555/1474 1346/1556/1475 397/801/727
f 1346/1556/1475 1347/1557/1476 403/797/723
f 1347/1557/1476 1344/150/132 394/798/724
f 388/118/104 390/1558/1477 1345/1555/1474
f 390/1558/1477 391/1559/1478 1346/1556/1475
f 391/1559/1478 392/1560/1479 1347/1557/1476
f 392/1560/1479 389/147/129 1344/150/132
f 383/110/97 1348/116/102 1350/1561/1480
f 385/1544/1465 1350/1561/1480 1351/1562/1481
f 386/1545/1466 1351/1562/1481 1352/1563/1482
f 387/1546/1467 1352/1563/1482 1349/149/131
f 1348/116/102 395/117/103 407/804/731
f 1350/1561/1480 407/804/731 402/799/725
f 1351/1562/1481 402/799/725 401/796/722
f 1352/1563/1482 401/796/722 394/798/724
f 388/118/104 1353/112/99 1355/1564/1483
f 390/1558/1477 1355/1564/1483 1356/1565/1484
f 391/1559/1478 1356/1565/1484 1357/1566/1485
f 392/1560/1479 1357/1566/1485 1354/148/130
f 1353/112/99 379/111/98 382/1548/1469
f 1355/1564/1483 382/1548/1469 381/1550/1471
f 1356/1565/1484 381/1550/1471 380/1552/1473
f 1357/1566/1485 380/1552/1473 378/114/100
f 395/117/103 1358/67/61 1360/1567/1486
f 406/789/1487 1360/1571/1493 1359/176/155
f 1358/67/61 289/755/683 298/757/1489
f 1360/1571/1493 291/750/2132 288/177/156
f 252/48/43 1361/47/42 1363/1572/1494
f 1363/1574/1498 1362/134/117 250/725/654
f 357/105/94 359/780/704 1363/1572/1494
f 359/1575/698 356/136/119 1362/134/117
s 2
f 535/260/235 1364/259/234 1366/1576/1500
f 547/959/883 1366/1576/1500 1367/1577/1501
f 1364/259/234 551/275/249 556/965/889
f 1366/1576/1500 556/965/889 566/968/892
f 1369/253/228 1371/1579/1503 560/974/898
f 1371/1579/1503 1372/1581/1505 561/973/897
f 570/231/207 575/981/905 1371/1579/1503
f 575/981/905 585/984/908 1372/1581/1505
f 1372/1581/1505 585/984/908 584/995/918
f 1373/1580/1504 584/995/918 572/269/244
s 3
f 1374/288/262 1376/1582/1506 579/989/913
s 2
f 517/299/273 1378/295/269 1380/1587/1510
f 528/939/863 1380/1587/1510 1381/1588/1511
f 1381/1588/1511 1382/1589/1512 520/925/848
f 1382/1589/1512 1379/274/248 515/280/254
f 1378/295/269 552/254/229 562/972/896
f 1380/1587/1510 562/972/896 555/966/890
f 555/966/890 554/964/888 1382/1589/1512
f 554/964/888 551/275/249 1379/274/248
s 3
f 1383/249/224 1385/1590/1513 542/953/878
f 1385/1590/1513 1386/1593/1516 543/1591/1514
s 2
f 1386/1592/1515 1384/228/204 535/260/235
s 3
f 1383/249/224 516/251/226 525/932/855
f 1385/1590/1513 525/932/855 519/936/859
s 2
f 1386/1592/1515 518/924/847 515/280/254
s 3
f 1387/250/225 1389/1595/1517 523/933/856
f 1389/1595/1517 1390/1599/1521 524/1596/1518
s 2
f 1390/1597/1519 1391/1598/1522 530/940/864
f 1391/1598/1520 1388/230/206 517/299/273
s 3
f 1387/250/225 571/300/274 581/988/912
f 1389/1595/1517 581/988/912 574/992/916
s 2
f 1390/1597/1519 574/982/906 573/980/904
f 1391/1598/1520 573/980/904 570/231/207
f 436/209/185 1392/210/186 1394/1600/1523
f 440/1601/762 1394/1600/1523 1395/1602/1524
f 1859/1603/1525 1395/1602/1524 1396/1604/1526
f 442/1605/1527 1396/1604/1526 1393/246/221
f 410/163/143 415/807/736 1394/1600/1523
f 415/807/736 423/810/739 1395/1602/1524
f 423/810/1528 421/818/1529 1396/1604/1526
f 421/818/1529 412/244/220 1393/246/221
f 1397/258/233 1399/1607/1531 454/1606/1530
f 1399/1607/1531 1400/1608/1533 1860/849/1532
f 1400/1608/1533 1401/1609/1535 449/845/771
f 1401/1609/1535 1398/236/212 445/317/291
f 1397/258/233 412/244/220 421/821/1529
f 1399/1607/1531 421/821/1529 418/814/1536
f 1400/1608/1533 418/814/1536 417/811/740
f 1401/1609/1535 417/811/740 411/813/742
f 1402/316/290 1404/1611/1537 442/1610/1527
f 1404/1611/1537 1405/1612/1539 443/843/1538
f 1405/1612/1539 1406/1613/1541 440/839/1540
f 1406/1613/1541 1403/247/222 438/233/209
f 1402/316/290 447/216/192 454/1614/1530
f 1404/1611/1537 454/1614/1530 451/853/1542
f 1405/1612/1539 451/853/1542 453/854/777
f 1406/1613/1541 453/854/777 446/850/776
f 465/870/795 1407/297/271 1409/1615/1543
f 468/868/793 1409/1615/1543 1410/1616/1544
f 469/871/796 1410/1616/1544 1411/1617/1545
f 474/878/801 1411/1617/1545 1408/278/252
f 424/219/195 429/823/1546 1409/1615/1543
f 429/823/1546 433/827/1547 1410/1616/1544
f 433/827/1547 432/833/1548 1411/1617/1545
f 432/833/1548 426/276/250 1408/278/252
f 480/272/247 1412/262/237 1414/1618/1549
f 488/885/1550 1414/1618/1549 1415/1619/1551
f 1861/1620/1552 1415/1619/1551 1416/1621/1553
f 485/1622/1554 1416/1621/1553 1413/337/311
f 467/264/239 478/880/803 1414/1618/1549
f 478/880/803 473/875/799 1415/1619/1551
f 473/875/799 474/877/801 1416/1621/1553
f 474/877/801 466/321/295 1413/337/311
f 1417/208/184 1419/1624/1555 485/1623/1554
f 1419/1624/1555 1420/1625/1557 486/893/1556
f 1420/1625/1557 1421/1626/1559 488/891/1558
f 1421/1626/1559 1418/267/242 482/271/246
f 1417/208/184 426/276/250 432/1627/1548
f 1419/1624/1555 432/1627/1548 433/1628/2133
f 1420/1625/1557 433/1628/2134 430/828/1561
f 1421/1626/1559 430/828/1561 425/265/240
f 1422/256/231 1424/1630/1563 462/1629/1562
f 1424/1630/1563 1425/1631/1565 463/860/1564
f 1426/1632/1567 1423/292/266 455/342/316
f 1424/1630/1563 498/905/1568 493/906/821
f 1425/1631/1565 493/906/821 492/894/818
f 1430/1634/1570 1431/1635/1571 502/908/830
f 1431/1635/1571 1428/198/174 491/283/257
f 1427/327/301 505/328/302 510/1636/1572
f 1431/1635/1571 507/911/831 504/913/833
f 1432/341/315 1434/1638/1573 510/1637/1572
f 1434/1638/1573 1435/1639/1579 1858/923/1574
f 1435/1639/1575 1436/1640/1577 514/920/840
f 1432/341/315 457/195/171 462/865/1562
f 1434/1638/1573 462/865/1562 463/867/1578
f 1435/1639/1575 463/867/2135 460/863/1580
f 591/1015/308 1437/1644/307 1439/1641/1581
f 601/1013/941 1439/1641/1581 1440/1642/1582
f 602/1006/930 1440/1642/1582 1441/1643/1583
f 594/1002/926 1441/1643/1583 1438/282/256
f 1437/1644/307 607/1027/309 616/1026/954
f 1439/1641/1581 616/1026/954 610/1020/948
f 1440/1642/1582 610/1020/948 609/1018/946
f 1441/1643/1583 609/1018/946 606/320/294
f 1442/308/282 1444/1645/1584 627/1037/963
f 1444/1645/1584 1445/1646/1585 628/1047/973
f 1445/1646/1585 1446/1647/1586 634/1043/969
f 1446/1647/1586 1443/1648/198 625/1044/200
f 608/307/281 621/1033/959 1444/1645/1584
f 621/1033/959 615/1028/955 1445/1646/1585
f 615/1028/955 614/1025/953 1446/1647/1586
f 614/1025/953 607/1027/309 1443/1648/198
f 1447/310/284 1449/1649/1587 597/1011/934
f 1449/1649/1587 1450/1650/1588 598/1017/945
f 1450/1650/1588 1451/1651/1589 603/1014/942
f 1451/1651/1589 1448/1652/199 591/1015/308
f 1447/310/284 626/1048/974 639/1050/976
f 1449/1649/1587 639/1050/976 633/1045/970
f 1450/1650/1588 633/1045/970 632/1042/968
f 1451/1651/1589 632/1042/968 625/1044/200
f 1452/1653/298 1454/1654/1590 654/1065/995
f 1454/1654/1590 1455/1655/1591 655/1057/987
f 1455/1655/1591 1456/1656/1592 646/1054/984
f 646/1054/984 1456/1656/1592 1453/226/202
f 660/1079/300 670/1078/1006 1454/1654/1590
f 670/1078/1006 663/1082/1009 1455/1655/1591
f 663/1082/1009 662/1072/1000 1456/1656/1592
f 662/1072/1000 659/340/314 1453/226/202
f 680/1101/313 1457/1660/312 1459/1657/1593
f 691/1099/1030 1459/1657/1593 1460/1658/1594
f 692/1093/1023 1460/1658/1594 1461/1659/1595
f 682/1089/1019 1461/1659/1595 1458/213/189
f 1457/1660/312 643/1067/296 656/1066/996
f 1459/1657/1593 656/1066/996 650/1062/992
f 1460/1658/1594 650/1062/992 649/1060/990
f 1461/1659/1595 649/1060/990 642/313/287
f 1462/312/286 1464/1661/1596 686/1097/1027
f 1464/1661/1596 1465/1662/1597 687/1103/1033
f 1465/1662/1597 1466/1663/1598 693/1100/1031
f 1466/1663/1598 1463/1664/299 680/1101/313
f 1462/312/286 661/1084/1011 675/1086/1013
f 1464/1661/1596 675/1086/1013 669/1080/1007
f 1465/1662/1597 669/1080/1007 668/1077/1005
f 1466/1663/1598 668/1077/1005 660/1079/300
f 1467/332/306 1469/1665/1599 699/1106/1036
f 1469/1665/1599 1470/1666/1600 700/1115/1044
f 1470/1666/1600 1471/1667/1601 706/1111/1041
f 714/303/277 1472/202/178 1474/1669/1602
f 721/1128/1060 1474/1669/1602 1475/1670/1603
f 1472/202/178 731/201/177 736/1139/1069
f 1474/1669/1602 736/1139/1069 746/1143/1073
f 1475/1670/1603 746/1143/1073 745/1150/1081
f 1477/306/280 1479/1673/1605 740/1147/1077
f 1479/1673/1605 1480/1674/1606 741/1154/1084
f 1480/1674/1606 1481/1675/1607 747/1151/1082
f 1481/1675/1607 1478/1676/190 733/1152/304
f 1477/306/280 698/1117/1046 710/1119/1048
f 1479/1673/1605 710/1119/1048 705/1113/1042
f 1480/1674/1606 705/1113/1042 704/1110/1040
f 1481/1675/1607 704/1110/1040 697/1112/191
f 410/163/143 1482/165/145 1484/1677/1608
f 413/806/735 1484/1677/1608 1485/1678/1609
f 414/808/1610 1485/1678/1609 1486/1679/1611
f 419/812/741 1486/1679/1611 1483/237/213
f 1482/165/145 606/320/294 611/1019/947
f 611/1019/947 620/1022/950 1485/1678/1609
f 1485/1678/1609 620/1022/950 619/1032/958
f 619/1032/958 608/307/281 1483/237/213
f 626/1048/974 1487/248/223 1489/1680/1612
s 33
f 638/1040/1615 1489/1681/1620 1490/1682/1616
s 2
f 1490/1682/1618 1488/318/292 624/319/293
f 1487/248/223 446/850/776 452/852/778
s 33
f 452/846/1619 448/844/2136 1490/1682/1616
s 2
f 448/844/1621 445/317/291 1488/318/292
f 1491/221/197 1493/1683/1629 427/822/1622
f 1493/1683/1623 1494/1685/1630 428/824/1624
f 431/829/1628 1494/1684/1627 1492/311/285
f 659/340/314 664/1071/999 1493/1683/1629
f 664/1071/999 674/1075/1003 1494/1685/1630
f 673/1087/1014 661/1084/1011 1492/311/285
f 1495/1686/1632 1497/1689/1636 681/1090/1633
f 688/1096/1026 1497/1690/1638 1496/270/245
f 1495/1686/1632 480/272/247 483/884/807
f 487/890/813 482/271/246 1496/270/245
f 491/283/257 1498/284/258 1500/1691/1639
f 500/907/829 1500/1691/1639 1501/1692/1640
f 501/899/1641 1501/1692/1640 1502/1693/1642
f 494/895/819 1502/1693/1642 1499/293/267
f 1498/284/258 714/303/277 723/1129/1061
f 1500/1691/1639 723/1129/1061 717/1123/1055
f 1501/1692/1640 717/1123/1055 716/1121/1053
f 1502/1693/1642 716/1121/1053 713/331/305
f 1503/305/279 1505/1696/1645 709/1694/1049
f 1505/1695/1643 1504/343/317 696/344/318
f 1503/305/279 456/285/259 461/862/1644
f 458/855/1648 455/342/316 1504/343/317
f 589/1000/924 1506/281/255 1508/1698/1649
s 36
f 593/1004/1652 1508/1699/1656 1509/1700/1653
s 2
f 1509/1700/1655 1507/235/211 590/309/283
f 1506/281/255 436/209/185 439/835/763
s 36
f 1508/1699/1656 439/840/1657 444/838/1657
s 2
f 444/838/765 438/233/209 1507/235/211
f 467/264/239 1510/263/238 1512/1701/1658
f 476/879/802 1512/1701/1658 1513/1702/1659
f 477/874/1660 1513/1702/1659 1514/1703/1661
f 470/869/794 1514/1703/1661 1511/298/272
f 1510/263/238 642/313/287 651/1061/991
f 1512/1701/1658 651/1061/991 645/1055/985
f 1513/1702/1659 645/1055/985 644/1053/983
f 1514/1703/1661 644/1053/983 641/225/201
f 506/291/265 1515/290/264 1517/1704/1662
f 512/919/1663 1517/1704/1667 1518/1705/1664
f 508/912/832 1518/1706/1670 1516/199/175
f 1515/290/264 732/304/278 742/1146/1076
f 1517/1704/1667 742/1146/1076 735/1149/1080
f 1518/1706/1670 734/1140/1070 731/201/177
s 4
f 771/369/340 1519/368/339 1521/1707/1671
f 774/1708/1672 1521/1707/1671 1522/1709/1673
f 773/1710/1675 1522/1709/1680 1523/1711/1676
f 1523/1713/1676 1520/483/442 770/526/479
f 1519/368/339 755/359/330 757/1715/1678
f 1521/1707/1671 757/1715/1678 758/1716/1679
f 1522/1709/1680 758/1716/1718 759/1717/1681
f 759/1718/1681 756/379/349 1520/483/442
f 1524/405/373 1526/1725/1683 779/1719/1682
f 1526/1720/1683 1527/1723/1689 778/1721/1684
f 1527/1723/1685 1528/1728/1691 777/1724/1686
f 777/1724/1686 1528/1728/1691 1525/463/425
f 760/537/490 762/1789/1688 1526/1725/1683
f 762/1726/1688 763/1727/1752 1527/1723/1689
f 763/1727/1690 764/1792/1754 1528/1728/1691
f 1528/1728/1691 764/1792/1754 761/362/333
f 1529/473/434 1531/1730/1693 754/1729/1692
f 1531/1730/1693 1532/1732/1698 753/1731/1694
f 1532/1732/1695 1533/1735/1699 752/1733/1696
f 752/1734/1696 1533/1736/1699 1530/348/322
f 771/369/340 774/1708/1672 1531/1730/1693
f 774/1708/1672 773/1710/1674 1532/1732/1698
f 773/1710/1675 772/1712/1677 1533/1735/1699
f 1533/1736/1699 772/1714/1677 770/526/479
f 766/502/458 1534/370/341 1536/1737/1700
f 769/1739/1701 1536/1744/1700 1537/1740/1702
f 768/1741/1704 1537/1740/1707 1538/1742/1705
f 1538/1742/1705 1535/367/338 765/354/326
f 1534/370/341 776/352/325 779/1719/1682
f 1536/1744/1700 779/1722/1682 778/1721/1684
f 1537/1740/1707 778/1721/1687 777/1724/1686
f 777/1724/1686 775/365/336 1535/367/338
f 781/503/459 1539/497/454 1541/1745/1708
f 784/1747/1709 1541/1752/1708 1542/1748/1710
f 783/1749/1712 1542/1748/1715 1543/1750/1713
f 1543/1750/1713 1540/356/328 780/373/343
f 1539/497/454 766/502/458 769/1738/1701
f 1541/1752/1708 769/1739/1701 768/1741/1703
f 1542/1748/1715 768/1741/1704 767/1743/1706
f 767/1743/1706 765/354/326 1540/356/328
f 755/359/330 1544/358/329 1546/1753/1716
f 757/1715/1678 1546/1753/1716 1547/1754/1717
f 758/1716/1718 1547/1754/1722 1548/1755/1719
f 1548/1756/1719 1545/377/347 756/379/349
f 1544/358/329 785/388/357 787/1757/1720
f 1546/1753/1716 787/1757/1720 788/1758/1721
f 1547/1754/1722 788/1758/1726 789/1759/1723
f 789/1760/1723 786/376/346 1545/377/347
f 785/388/357 1549/397/365 1551/1761/1724
f 787/1757/1720 1551/1761/1724 1552/1762/1725
f 788/1758/1726 1552/1762/1730 1553/1763/1727
f 1553/1764/1727 1550/374/344 786/376/346
f 1549/397/365 795/396/364 797/1765/1728
f 1551/1761/1724 797/1765/1728 798/1766/1729
f 1552/1762/1730 798/1766/1745 799/1767/1731
f 799/1768/1731 796/386/356 1550/374/344
f 791/538/491 1554/531/484 1556/1769/1732
f 794/1771/1733 1556/1776/1732 1557/1772/1734
f 793/1773/1736 1557/1772/1739 1558/1774/1737
f 792/1775/1738 1558/1774/1737 1555/381/351
f 1554/531/484 781/503/459 784/1746/1709
f 1556/1776/1732 784/1747/1709 783/1749/1711
f 1557/1772/1739 783/1749/1712 782/1751/1714
f 782/1751/1714 780/373/343 1555/381/351
f 1559/514/469 1561/1777/1740 832/1194/1120
f 1561/1777/1740 1562/1778/1741 833/1181/1110
f 1562/1778/1741 1563/1779/1742 823/1178/1107
f 1563/1779/1742 1560/479/438 818/530/483
f 801/1164/1095 811/1163/1094 1561/1777/1740
f 811/1163/1094 804/1169/1098 1562/1778/1741
f 804/1169/1098 803/1157/1087 1563/1779/1742
f 803/1157/1087 800/477/436 1560/479/438
f 795/396/364 1564/496/453 1566/1780/1743
f 797/1765/1728 1566/1780/1743 1567/1781/1744
f 798/1766/1745 1567/1781/1747 1568/1782/1746
f 1568/1783/1746 1565/384/354 796/386/356
f 1564/496/453 820/512/467 834/1193/1119
f 1566/1780/1743 834/1193/1119 828/1195/1121
f 1567/1781/1747 828/1195/2126 827/1186/1115
f 827/1784/1115 819/393/362 1565/384/354
f 801/1164/1095 1569/513/468 1571/1785/1748
f 809/1167/1093 1571/1788/1748 1572/1786/1749
f 810/1165/1096 1572/1786/1749 1573/1787/1750
f 815/1172/1101 1573/1787/1750 1570/390/359
f 1569/513/468 791/538/491 794/1770/1733
f 1571/1788/1748 794/1771/1733 793/1773/1735
f 1572/1786/1749 793/1773/1736 792/1775/1738
f 1573/1787/1750 792/1775/1738 790/383/353
f 1574/413/380 1576/1793/1751 762/1789/1688
f 1576/1790/1751 1577/1791/1756 763/1727/1752
f 1577/1791/1753 1578/1796/1758 764/1792/1754
f 764/1792/1754 1578/1796/1758 1575/506/461
f 842/472/433 844/1812/1755 1576/1793/1751
f 844/1794/1755 845/1795/1774 1577/1791/1756
f 845/1795/1757 846/1815/1776 1578/1796/1758
f 1578/1796/1758 846/1815/1776 843/402/370
f 1579/345/319 1581/1798/1760 841/1797/1759
f 1581/1798/1760 1582/1800/1765 840/1799/1761
f 1582/1800/1762 1583/1803/1766 839/1801/1763
f 839/1802/1763 1583/1804/1766 1580/398/366
f 751/347/321 754/1729/1692 1581/1798/1760
f 754/1729/1692 753/1731/1694 1582/1800/1765
f 753/1731/1697 752/1733/1696 1583/1803/1766
f 1583/1804/1766 752/1734/1696 750/360/331
f 854/1212/1139 1584/487/445 1586/1805/1767
f 864/1210/1137 1586/1805/1767 1587/1806/1768
f 865/1201/1127 1587/1806/1768 1588/1807/1769
f 856/1197/1123 1588/1807/1769 1585/519/426
f 1584/487/445 847/489/447 849/1808/1770
f 1586/1805/1767 849/1808/1770 850/1809/1771
f 1587/1806/1768 850/1809/1771 851/1810/1772
f 1588/1811/1769 851/1820/1772 848/408/376
f 1589/488/446 1591/1817/1773 844/1812/1755
f 1591/1813/1773 1592/1814/1778 845/1795/1774
f 1592/1814/1775 1593/1816/1777 846/1815/1776
f 1593/1816/1777 1590/410/378 843/402/370
f 854/1212/1139 866/1211/1138 1591/1817/1773
f 866/1216/1138 861/1215/1141 1592/1814/1778
f 861/1215/1779 860/1206/1132 1593/1816/1777
f 860/1206/1132 853/1203/1129 1590/410/378
f 1594/490/448 1596/1818/1780 849/1808/1770
f 1596/1818/1780 1597/1819/1782 850/1809/1771
f 1597/1819/1781 1598/1821/1783 851/1810/1772
f 851/1820/1772 1598/1822/1783 1595/406/374
f 838/522/476 841/1797/1759 1596/1818/1780
f 841/1797/1759 840/1799/1761 1597/1819/1782
f 840/1799/1764 839/1801/1763 1598/1821/1783
f 839/1802/1763 837/400/368 1595/406/374
f 1599/486/444 1601/1824/1785 893/1823/1784
f 1601/1824/1785 1602/1826/1787 892/1825/1786
f 1602/1826/1787 1603/1828/1789 891/1827/1788
f 1603/1828/1789 1600/535/488 889/536/489
f 874/435/400 876/1829/1790 1601/1824/1785
f 876/1829/1790 877/1830/1791 1602/1826/1787
f 877/1830/1791 878/1831/1792 1603/1828/1789
f 878/1831/1792 875/534/487 1600/535/488
f 895/429/394 1604/428/393 1606/1832/1793
f 898/1833/1794 1606/1832/1793 1607/1834/1795
f 896/1837/1798 1608/1836/1797 1605/467/429
f 1604/428/393 879/432/397 881/1838/1799
f 1607/1834/1795 882/1839/1800 883/1840/1801
f 1608/1836/1797 883/1840/1801 880/468/430
f 870/425/390 1609/416/382 1611/1841/1802
f 873/1842/1803 1611/1841/1802 1612/1843/1804
f 872/1844/1805 1612/1843/1804 1613/1845/1806
f 871/1846/1807 1613/1845/1806 1610/484/443
f 1609/416/382 890/415/381 893/1823/1784
f 1611/1841/1802 893/1823/1784 892/1825/1786
f 1612/1843/1804 892/1825/1786 891/1827/1788
f 1613/1845/1806 891/1827/1788 889/536/489
f 1614/430/395 1616/1848/1809 888/1847/1808
f 1616/1848/1809 1617/1850/1811 887/1849/1810
f 1618/1852/1813 1615/505/460 884/527/480
f 895/429/394 898/1833/1794 1616/1848/1809
f 898/1833/1794 897/1835/1796 1617/1850/1811
f 897/1835/1796 896/1837/1798 1618/1852/1813
f 896/1837/1798 894/470/432 1615/505/460
f 1619/421/386 1621/1854/1815 903/1853/1814
f 1622/1856/1817 1623/1858/1819 901/1857/1818
f 1623/1858/1819 1620/438/403 899/422/387
f 885/469/431 888/1847/1808 1621/1854/1815
f 888/1847/1808 887/1849/1810 1622/1856/1817
f 887/1849/1810 886/1851/1812 1623/1858/1819
f 886/1851/1812 884/527/480 1620/438/403
f 1624/436/401 1626/1859/1820 876/1829/1790
f 1626/1859/1820 1627/1860/1821 877/1830/1791
f 1627/1860/1821 1628/1861/1822 878/1831/1792
f 1628/1861/1822 1625/418/384 875/534/487
f 904/441/406 906/1862/1823 1626/1859/1820
f 906/1862/1823 907/1863/1824 1627/1860/1821
f 907/1863/1824 908/1864/1825 1628/1861/1822
f 908/1864/1825 905/482/441 1625/418/384
f 1629/442/407 1631/1865/1826 906/1862/1823
f 1631/1865/1826 1632/1866/1827 907/1863/1824
f 1633/1867/1828 1630/528/481 905/482/441
f 914/446/411 916/1868/1829 1631/1865/1826
f 916/1868/1829 917/1869/1830 1632/1866/1827
f 917/1869/1830 918/1870/1831 1633/1867/1828
f 918/1870/1831 915/525/478 1630/528/481
f 1636/1872/1833 1637/1874/1835 912/1873/1834
f 1638/1876/1837 1635/424/389 909/445/410
f 900/499/455 903/1853/1814 1636/1872/1833
f 903/1853/1814 902/1855/1816 1637/1874/1835
f 902/1855/1816 901/1857/1818 1638/1876/1837
f 1639/481/440 1641/1880/1840 940/1877/1162
f 940/1238/1162 1641/1881/1840 1642/1878/1838
f 948/1247/1170 1643/1879/1839 1640/516/471
f 1639/481/440 919/1218/1143 923/1220/1145
f 1641/1881/1840 923/2167/1145 933/1234/1149
f 1642/1878/1838 933/1234/1149 932/1232/1157
f 1643/1879/1839 932/1232/1157 921/517/472
f 1644/448/413 1646/1882/1841 916/1868/1829
f 1646/1882/1841 1647/1883/1842 917/1869/1830
f 1647/1883/1842 1648/1884/1843 918/1870/1831
f 1648/1884/1843 1645/500/456 915/525/478
f 939/1253/1176 953/1252/1175 1646/1882/1841
f 953/1252/1175 947/1255/1178 1647/1883/1842
f 947/1255/1178 946/1248/1171 1648/1884/1843
f 1649/443/408 1651/1885/1844 927/1228/1153
f 1651/1885/1844 1652/1886/1845 928/1236/1160
f 1652/1886/1845 1653/1887/1846 934/1233/1158
f 1653/1887/1846 1650/515/470 921/517/472
f 910/532/485 913/1871/1832 1651/1885/1844
f 913/1871/1832 912/1873/1834 1652/1886/1845
f 912/1873/1834 911/1875/1836 1653/1887/1846
f 911/1875/1836 909/445/410 1650/515/470
f 879/432/397 1654/453/416 1656/1888/1847
f 882/1839/1800 1657/1889/1848 1658/1890/1849
f 1654/453/416 961/454/417 963/1891/1850
f 1656/1888/1847 963/1891/1850 964/1892/1851
f 1657/1889/1848 964/1892/1851 965/1893/1852
f 957/455/418 1659/426/391 1661/1894/1853
f 960/1895/1854 1661/1894/1853 1662/1896/1855
f 958/1899/1858 1663/1898/1857 1660/459/421
f 1659/426/391 870/425/390 873/1842/1803
f 1661/1894/1853 873/1842/1803 872/1844/1805
f 1662/1896/1855 872/1844/1805 871/1846/1807
f 1663/1898/1857 871/1846/1807 869/450/415
f 1664/466/428 1666/1900/1859 974/1258/1181
f 1666/1900/1859 1667/1901/1860 975/1267/1191
f 1667/1901/1860 1668/1902/1861 981/1263/1187
f 1668/1902/1861 1665/494/452 972/1264/1188
f 966/462/424 968/1903/1862 1666/1900/1859
f 969/1904/1863 970/1905/1864 1668/1902/1861
f 970/1905/1864 967/491/449 1665/494/452
f 961/454/417 1669/460/422 1671/1906/1865
f 964/1892/1851 1672/1907/1866 1673/1908/1867
f 965/1893/1852 1673/1908/1867 1670/493/451
f 1669/460/422 973/461/423 985/1270/1195
f 1671/1906/1865 985/1270/1195 980/1265/1189
f 1672/1907/1866 980/1265/1189 979/1262/1186
f 1673/1908/1867 979/1262/1186 972/1264/1188
f 966/462/424 1674/456/419 1676/1909/1868
f 968/1903/1862 1676/1909/1868 1677/1910/1869
f 969/1904/1863 1677/1910/1869 1678/1911/1870
f 970/1905/1864 1678/1911/1870 1675/492/450
f 1674/456/419 957/455/418 960/1895/1854
f 1676/1909/1868 960/1895/1854 959/1897/1856
f 1677/1910/1869 959/1897/1856 958/1899/1858
f 1678/1911/1870 958/1899/1858 956/458/420
f 973/461/423 1679/411/379 1681/1912/1871
f 984/1914/1872 1681/1916/1875 1680/520/474
f 1679/411/379 853/1203/1129 855/1205/1874
f 1681/1916/1875 855/2164/2137 852/521/475
f 1682/392/361 1684/1919/1879 814/1917/1102
s 37
f 1684/1918/1876 1685/1921/1881 805/1156/1877
s 4
f 805/1156/1086 1685/1921/1882 1683/480/439
f 920/449/414 929/1227/1152 1684/1919/1879
s 37
f 929/1920/1880 922/1221/2138 1685/1921/1881
s 4
f 1685/1921/1882 922/1221/2139 919/1218/1143
f 939/1253/1176 1686/447/412 1688/1922/1883
f 951/1251/1174 1688/1922/1883 1689/1923/1884
f 952/1244/1167 1689/1923/1884 1690/1924/1885
f 942/1925/1163 1690/1927/1885 1687/529/482
f 1686/447/412 819/393/362 829/1185/1114
f 1688/1922/1883 829/1185/1114 822/1190/1108
f 1689/1923/1884 822/1190/1108 821/1926/1106
f 1690/1927/1885 821/1177/1106 818/530/483
s 5
f 1009/560/510 1691/559/509 1693/1928/1886
f 1012/1929/1887 1693/1928/1886 1694/1930/1888
f 1011/1932/1890 1694/1937/1895 1695/1933/1891
f 1695/1933/1891 1692/674/609 1008/714/643
f 1691/559/509 993/550/500 995/1935/1893
f 1693/1928/1886 995/1935/1893 996/1936/1894
f 1694/1937/1895 996/1975/1933 997/1938/1896
f 997/1938/1896 994/570/519 1692/674/609
f 1696/596/543 1698/1945/1898 1017/1939/1897
f 1698/1940/1898 1699/1943/1904 1016/1941/1899
f 1699/1943/1900 1700/1948/1906 1015/1944/1901
f 1015/1944/1901 1700/1948/1906 1697/654/592
f 998/723/652 1000/2015/1903 1698/1945/1898
f 1000/1946/1903 1001/1947/1972 1699/1943/1904
f 1001/1947/1905 1002/2018/1974 1700/1948/1906
f 1700/1948/1906 1002/2018/1974 999/553/503
f 1701/664/601 1703/1950/1908 992/1949/1907
f 1703/1950/1908 1704/1955/1913 991/1951/1909
f 1704/1952/1910 1705/1956/1914 990/1953/1911
f 990/1953/1911 1705/1956/1914 1702/539/492
f 1009/560/510 1012/1929/1887 1703/1950/1908
f 1012/1929/1887 1011/1931/1889 1704/1955/1913
f 1011/1932/1890 1010/1934/1892 1705/1956/1914
f 1705/1956/1914 1010/1934/1892 1008/714/643
f 1004/693/625 1706/561/511 1708/1957/1915
f 1007/1959/1916 1708/1964/1915 1709/1960/1917
f 1006/1961/1919 1709/1960/1922 1710/1962/1920
f 1710/1962/1920 1707/558/508 1003/545/496
f 1706/561/511 1014/543/495 1017/1939/1897
f 1708/1964/1915 1017/1942/1897 1016/1941/1899
f 1709/1960/1922 1016/1941/1902 1015/1944/1901
f 1015/1944/1901 1013/556/506 1707/558/508
f 1019/694/626 1711/688/621 1713/1965/1923
f 1022/1967/1924 1713/1972/1923 1714/1968/1925
f 1021/1969/1927 1714/1968/1930 1715/1970/1928
f 1715/1970/1928 1712/547/498 1018/564/513
f 1711/688/621 1004/693/625 1007/1958/1916
f 1713/1972/1923 1007/1959/1916 1006/1961/1918
f 1714/1968/1930 1006/1961/1919 1005/1963/1921
f 1005/1963/1921 1003/545/496 1712/547/498
f 993/550/500 1716/549/499 1718/1973/1931
f 995/1935/1893 1718/1973/1931 1719/1974/1932
f 996/1975/1933 1719/1979/1937 1720/1976/1934
f 1720/1976/1934 1717/568/517 994/570/519
f 1716/549/499 1023/579/527 1025/1977/1935
f 1718/1973/1931 1025/1977/1935 1026/1978/1936
f 1719/1979/1937 1026/1983/1941 1027/1980/1938
f 1027/1980/1938 1024/567/516 1717/568/517
f 1023/579/527 1721/588/535 1723/1981/1939
f 1025/1977/1935 1723/1981/1939 1724/1982/1940
f 1026/1983/1941 1724/1987/1945 1725/1984/1942
f 1725/1984/1942 1722/565/514 1024/567/516
f 1721/588/535 1033/587/534 1035/1985/1943
f 1723/1981/1939 1035/1985/1943 1036/1986/1944
f 1724/1987/1945 1036/2008/1963 1037/1988/1946
f 1037/1988/1946 1034/577/526 1722/565/514
f 1029/724/653 1726/717/646 1728/1989/1947
f 1032/1991/1948 1728/1996/1947 1729/1992/1949
f 1031/1993/1951 1729/1992/1954 1730/1994/1952
f 1730/1994/1952 1727/572/521 1028/574/523
f 1726/717/646 1019/694/626 1022/1966/1924
f 1728/1996/1947 1022/1967/1924 1021/1969/1926
f 1729/1992/1954 1021/1969/1927 1020/1971/1929
f 1020/1971/1929 1018/564/513 1727/572/521
f 1731/702/633 1733/1998/1956 1060/1997/1955
f 1733/1998/1956 1734/2000/1958 1059/1999/1957
f 1734/2000/1958 1735/2004/1960 1058/2001/1959
f 1735/2002/1960 1732/668/603 1056/584/532
f 1039/1282/1209 1049/1281/1208 1733/1998/1956
f 1049/1281/1208 1042/1287/1212 1734/2000/1958
f 1042/1287/1212 1041/1275/1202 1735/2004/1960
f 1041/2005/1202 1038/2150/1199 1732/668/603
f 1033/587/534 1736/687/620 1738/2006/1961
f 1035/1985/1943 1738/2006/1965 1739/2007/1962
f 1036/2008/1963 1739/2010/1966 1740/2009/1964
f 1037/1988/1946 1740/2009/1964 1737/575/524
f 1736/687/620 1057/700/631 1060/1997/1955
f 1738/2006/1965 1060/1997/1955 1059/1999/1957
f 1739/2010/1966 1059/2168/1957 1058/2003/1959
f 1058/2003/1959 1056/584/532 1737/575/524
f 1039/1282/1209 1741/701/632 1743/2011/1967
f 1047/1285/1207 1743/2014/1967 1744/2012/1968
f 1048/1283/1219 1744/2012/1970 1745/2013/1969
f 1053/1290/1215 1745/2013/1969 1742/581/529
f 1741/701/632 1029/724/653 1032/1990/1948
f 1743/2014/1967 1032/1991/1948 1031/1993/1950
f 1744/2012/1970 1031/1993/1951 1030/1995/1953
f 1745/2013/1969 1030/1995/1953 1028/574/523
f 1746/604/550 1748/2019/1971 1000/2015/1903
f 1748/2016/1971 1749/2017/1976 1001/1947/1972
f 1749/2017/1973 1750/2022/1978 1002/2018/1974
f 1002/2018/1974 1750/2022/1978 1747/697/628
f 1066/663/600 1068/2038/1975 1748/2019/1971
f 1068/2020/1975 1069/2021/1994 1749/2017/1976
f 1069/2021/1977 1070/2041/1996 1750/2022/1978
f 1750/2022/1978 1070/2041/1996 1067/593/540
f 1751/507/462 1753/2024/1980 1065/2023/1979
f 1753/2024/1980 1754/2029/1985 1064/2025/1981
f 1754/2026/1982 1755/2030/1986 1063/2027/1983
f 1063/2027/1983 1755/2030/1986 1752/589/536
f 989/509/464 992/1949/1907 1753/2024/1980
f 992/1949/1907 991/1951/1909 1754/2029/1985
f 991/1954/1912 990/1953/1911 1755/2030/1986
f 1755/2030/1986 990/1953/1911 988/551/501
f 1078/1311/1237 1756/678/612 1758/2031/1987
f 1089/1309/1235 1758/2031/1987 1759/2032/1988
f 1090/1300/1226 1759/2032/1988 1760/2033/1989
f 1080/1296/1222 1760/2033/1989 1757/707/593
f 1756/678/612 1071/680/614 1073/2034/1990
f 1758/2031/1987 1073/2034/1990 1074/2035/1991
f 1759/2032/1988 1074/2035/1991 1075/2036/1992
f 1760/2037/1989 1075/2046/1992 1072/599/546
f 1761/679/613 1763/2043/1993 1068/2038/1975
f 1763/2039/1993 1764/2040/1998 1069/2021/1994
f 1764/2040/1995 1765/2042/1997 1070/2041/1996
f 1765/2042/1997 1762/601/548 1067/593/540
f 1078/1311/1237 1091/1310/1236 1763/2043/1993
f 1091/1315/1236 1085/1314/1239 1764/2040/1998
f 1085/1314/1999 1084/1305/1231 1765/2042/1997
f 1084/1305/1231 1077/1302/1228 1762/601/548
f 1766/681/615 1768/2044/2000 1073/2034/1990
f 1768/2044/2000 1769/2048/2002 1074/2035/1991
f 1769/2045/2001 1770/2049/2003 1075/2046/1992
f 1075/2046/1992 1770/2049/2003 1767/597/544
f 1062/710/640 1065/2023/1979 1768/2044/2000
f 1065/2023/1979 1064/2025/1981 1769/2048/2002
f 1064/2028/1984 1063/2027/1983 1770/2049/2003
f 1063/2027/1983 1061/591/538 1767/597/544
f 1771/677/611 1773/2051/2005 1118/2050/2004
f 1773/2051/2005 1774/2053/2007 1117/2052/2006
f 1774/2053/2007 1775/2055/2009 1116/2054/2008
f 1775/2055/2009 1772/721/650 1114/722/651
f 1099/626/569 1101/2056/2010 1773/2051/2005
f 1101/2056/2010 1102/2057/2011 1774/2053/2007
f 1102/2057/2011 1103/2058/2012 1775/2055/2009
f 1103/2058/2012 1100/720/649 1772/721/650
f 1120/620/563 1776/619/562 1778/2059/2013
f 1123/2060/2014 1778/2059/2013 1779/2061/2015
f 1122/2062/2016 1779/2061/2015 1780/2063/2017
f 1121/2064/2018 1780/2063/2017 1777/658/596
f 1776/619/562 1104/623/566 1106/2065/2019
f 1778/2059/2013 1106/2065/2019 1107/2066/2020
f 1779/2061/2015 1107/2066/2020 1108/2067/2021
f 1780/2063/2017 1108/2067/2021 1105/659/597
f 1095/616/559 1781/607/552 1783/2068/2022
f 1098/2069/2023 1783/2068/2022 1784/2070/2024
f 1097/2071/2025 1784/2070/2024 1785/2072/2026
f 1096/2073/2027 1785/2072/2026 1782/675/610
f 1781/607/552 1115/606/551 1118/2050/2004
f 1783/2068/2022 1118/2050/2004 1117/2052/2006
f 1784/2070/2024 1117/2052/2006 1116/2054/2008
f 1785/2072/2026 1116/2054/2008 1114/722/651
f 1786/621/564 1788/2075/2029 1113/2074/2028
f 1788/2075/2029 1789/2077/2031 1112/2076/2030
f 1789/2077/2031 1790/2079/2033 1111/2078/2032
f 1790/2079/2033 1787/696/627 1109/715/644
f 1120/620/563 1123/2060/2014 1788/2075/2029
f 1123/2060/2014 1122/2062/2016 1789/2077/2031
f 1122/2062/2016 1121/2064/2018 1790/2079/2033
f 1121/2064/2018 1119/661/599 1787/696/627
f 1791/612/556 1793/2081/2035 1128/2080/2034
f 1793/2081/2035 1794/2083/2037 1127/2082/2036
f 1794/2083/2037 1795/2085/2039 1126/2084/2038
f 1795/2085/2039 1792/629/572 1124/613/557
f 1110/660/598 1113/2074/2028 1793/2081/2035
f 1113/2074/2028 1112/2076/2030 1794/2083/2037
f 1112/2076/2030 1111/2078/2032 1795/2085/2039
f 1111/2078/2032 1109/715/644 1792/629/572
f 1796/627/570 1798/2086/2040 1101/2056/2010
f 1798/2086/2040 1799/2087/2041 1102/2057/2011
f 1799/2087/2041 1800/2088/2042 1103/2058/2012
f 1800/2088/2042 1797/609/554 1100/720/649
f 1129/632/574 1131/2089/2043 1798/2086/2040
f 1131/2089/2043 1132/2090/2044 1799/2087/2041
f 1132/2090/2044 1133/2091/2045 1800/2088/2042
f 1133/2091/2045 1130/673/608 1797/609/554
f 1801/633/575 1803/2092/2046 1131/2089/2043
f 1803/2092/2046 1804/2093/2047 1132/2090/2044
f 1804/2093/2047 1805/2094/2048 1133/2091/2045
f 1805/2094/2048 1802/716/645 1130/673/608
f 1139/637/578 1141/2095/2049 1803/2092/2046
f 1141/2095/2049 1142/2096/2050 1804/2093/2047
f 1142/2096/2050 1143/2097/2051 1805/2094/2048
f 1143/2097/2051 1140/713/642 1802/716/645
f 1806/628/571 1808/2099/2053 1138/2098/2052
f 1808/2099/2053 1809/2101/2055 1137/2100/2054
f 1809/2101/2055 1810/2103/2057 1136/2102/2056
f 1810/2103/2057 1807/615/558 1134/636/577
f 1125/690/622 1128/2080/2034 1808/2099/2053
f 1128/2080/2034 1127/2082/2036 1809/2101/2055
f 1127/2082/2036 1126/2084/2038 1810/2103/2057
f 1126/2084/2038 1124/613/557 1807/615/558
f 1162/719/648 1811/672/607 1813/2104/2058
f 1165/2105/2059 1813/2104/2058 1814/2106/2060
f 1164/2107/2061 1814/2106/2060 1815/2108/2062
f 1163/2109/2063 1815/2108/2062 1812/704/635
f 1811/672/607 1144/671/606 1147/1318/1242
f 1813/2104/2058 1147/1318/1242 1157/1323/1246
f 1814/2106/2060 1157/1323/1246 1156/1330/1254
f 1815/2108/2062 1156/1330/1254 1146/705/636
f 1816/639/580 1818/2110/2064 1141/2095/2049
f 1818/2110/2064 1819/2111/2065 1142/2096/2050
f 1819/2111/2065 1820/2112/2066 1143/2097/2051
f 1820/2112/2066 1817/691/623 1140/713/642
f 1162/719/648 1165/2105/2059 1818/2110/2064
f 1165/2105/2059 1164/2107/2061 1819/2111/2065
f 1164/2107/2061 1163/2109/2063 1820/2112/2066
f 1163/2109/2063 1161/706/637 1817/691/623
f 1821/634/576 1823/2113/2067 1151/1327/1250
f 1823/2113/2067 1824/2114/2068 1152/1333/1257
f 1824/2114/2068 1825/2115/2069 1158/1331/1255
f 1825/2115/2069 1822/703/634 1146/705/636
f 1135/718/647 1138/2098/2052 1823/2113/2067
f 1138/2098/2052 1137/2100/2054 1824/2114/2068
f 1137/2100/2054 1136/2102/2056 1825/2115/2069
f 1136/2102/2056 1134/636/577 1822/703/634
f 1104/623/566 1826/644/583 1828/2116/2070
f 1106/2065/2019 1828/2116/2070 1829/2117/2071
f 1107/2066/2020 1829/2117/2071 1830/2118/2072
f 1108/2067/2021 1830/2118/2072 1827/698/629
f 1826/644/583 1171/645/584 1173/2119/2073
f 1828/2116/2070 1173/2119/2073 1174/2120/2074
f 1829/2117/2071 1174/2120/2074 1175/2121/2075
f 1830/2118/2072 1175/2121/2075 1172/665/602
f 1167/646/585 1831/617/560 1833/2122/2076
f 1170/2123/2077 1833/2122/2076 1834/2124/2078
f 1169/2125/2079 1834/2124/2078 1835/2126/2080
f 1168/2127/2081 1835/2126/2080 1832/650/588
f 1831/617/560 1095/616/559 1098/2069/2023
f 1833/2122/2076 1098/2069/2023 1097/2071/2025
f 1834/2124/2078 1097/2071/2025 1096/2073/2027
f 1835/2126/2080 1096/2073/2027 1094/641/582
f 1836/657/595 1838/2128/2082 1184/1337/1261
f 1838/2128/2082 1839/2129/2083 1185/1346/1270
f 1839/2129/2083 1840/2130/2084 1192/1342/1266
f 1840/2130/2084 1837/685/619 1182/1343/1267
f 1176/653/591 1178/2131/2085 1838/2128/2082
f 1178/2131/2085 1179/2132/2086 1839/2129/2083
f 1179/2132/2086 1180/2133/2087 1840/2130/2084
f 1180/2133/2087 1177/682/616 1837/685/619
f 1171/645/584 1841/651/589 1843/2134/2088
f 1173/2119/2073 1843/2134/2088 1844/2135/2089
f 1174/2120/2074 1844/2135/2089 1845/2136/2090
f 1175/2121/2075 1845/2136/2090 1842/684/618
f 1841/651/589 1183/652/590 1195/1349/1274
f 1843/2134/2088 1195/1349/1274 1191/1344/1268
f 1844/2135/2089 1191/1344/1268 1190/1341/1265
f 1845/2136/2090 1190/1341/1265 1182/1343/1267
f 1176/653/591 1846/647/586 1848/2137/2091
f 1178/2131/2085 1848/2137/2091 1849/2138/2092
f 1179/2132/2086 1849/2138/2092 1850/2139/2093
f 1180/2133/2087 1850/2139/2093 1847/683/617
f 1846/647/586 1167/646/585 1170/2123/2077
f 1848/2137/2091 1170/2123/2077 1169/2125/2079
f 1849/2138/2092 1169/2125/2079 1168/2127/2081
f 1850/2139/2093 1168/2127/2081 1166/649/587
f 1183/652/590 1851/602/549 1853/2140/2094
f 1186/2142/1260 1853/2145/2097 1852/708/638
f 1851/602/549 1077/1302/1228 1086/1304/2095
f 1853/2145/2097 1079/1297/1223 1076/709/639
f 1040/583/531 1854/582/530 1856/2146/2098
f 1856/2149/2102 1855/669/604 1038/2150/1199
f 1854/582/530 1145/640/581 1153/1326/1249
f 1153/2152/2104 1144/671/2140 1855/669/604
