# Blender 5.2.2 LTS
# www.blender.org
mtllib holocron_sup1.mtl
g holocron_sup1_Holocron.004
v 0.007349 1.114918 0.997688
v -1.220785 1.132036 -0.154266
v -0.368280 1.121525 0.555075
v -0.789427 1.127321 0.164700
v -1.729799 1.136195 -0.438745
v 0.361754 1.106554 1.555754
v 0.003294 1.226540 1.003073
v -1.224840 1.243662 -0.148880
v -0.372335 1.233145 0.560461
v -0.793482 1.238945 0.170084
v -1.733850 1.247818 -0.433361
v 0.357699 1.218176 1.561138
v 0.233153 1.159119 1.770109
v -0.150102 1.168519 1.143026
v -0.525484 1.175129 0.700184
v 0.160746 1.172935 0.857735
v 0.486300 1.165611 1.346783
v -1.524103 1.193868 -0.554001
v -1.067316 1.190058 -0.294285
v -0.215135 1.179537 0.415350
v 0.791193 1.157175 1.908682
v -1.378309 1.185642 -0.008862
v -1.939546 1.190145 -0.318106
v -0.946871 1.180925 0.310032
v -2.025617 1.197147 -0.779736
v -0.636041 1.185341 0.024754
v -3.372106 1.277804 -0.988724
v 1.036631 1.288219 -0.986975
v 1.032572 1.209292 3.415770
v 1.278792 1.047948 -0.991644
v 1.282278 -3.356338 -1.054487
v 1.274725 0.976989 3.419912
v 1.039591 1.052051 -1.230099
v -3.378832 1.047062 -1.234116
v 1.043082 -3.351902 -1.295090
v -1.026479 0.053018 -1.103777
v 0.151503 -1.149895 -1.134659
v -0.575922 -0.312956 -1.114140
v -0.176618 -0.725555 -1.124683
v 0.446802 -1.652611 -1.145489
v -1.592020 0.395289 -1.092571
v -1.031255 0.050636 -1.215473
v 0.146727 -1.152277 -1.246359
v -0.580698 -0.315336 -1.225838
v -0.181398 -0.727935 -1.236382
v 0.442026 -1.654991 -1.257187
v -1.596796 0.392908 -1.204269
v -1.803335 0.263014 -1.148247
v -1.168173 -0.106612 -1.160603
v -0.717390 -0.472331 -1.170963
v -0.889566 0.210268 -1.158649
v -1.385484 0.525182 -1.148594
v 0.557909 -1.443613 -1.199303
v 0.288485 -0.992572 -1.189531
v -0.439230 -0.155961 -1.169012
v -1.953798 0.817877 -1.138124
v 0.009745 -1.309601 -1.191488
v 0.330923 -1.863988 -1.203369
v -0.318304 -0.885178 -1.181511
v 0.794314 -1.940092 -1.209429
v -0.039713 -0.568316 -1.179556
v 1.179907 -1.055391 -0.038900
v 1.160280 0.115570 1.171085
v 1.181830 -0.607308 0.330240
v 1.174689 -0.210398 0.745213
v 1.135199 0.408661 1.674583
v 1.165770 -1.618086 -0.385721
v 1.289908 -1.068629 -0.023739
v 1.270281 0.102331 1.186249
v 1.291826 -0.620547 0.345404
v 1.284689 -0.223637 0.760376
v 1.245196 0.395422 1.689747
v 1.275770 -1.631324 -0.370558
v 1.189753 -1.833155 -0.250000
v 1.207114 -1.201157 0.124807
v 1.209078 -0.752850 0.493696
v 1.262705 -0.922865 -0.187447
v 1.251787 -1.416254 -0.506279
v 1.220980 0.515585 1.474262
v 1.243090 0.248162 1.022469
v 1.264578 -0.475004 0.181946
v 1.232447 -1.981826 -0.803797
v 1.187472 -0.030260 1.334867
v 1.159418 0.288495 1.890068
v 1.201895 -0.356154 0.908913
v 1.191492 0.750012 1.970907
v 1.257483 -0.077880 0.596678
v -0.575693 1.124546 0.351763
v -0.173441 1.118300 0.771233
v -1.003885 1.129812 -0.003502
v -1.450392 1.134076 -0.293217
v -2.087713 1.138610 -0.606485
v 0.178316 1.111250 1.242554
v 0.576716 1.100227 1.976877
v -0.579744 1.236168 0.357147
v -0.177496 1.229920 0.776619
v -1.007940 1.241434 0.001884
v -1.454443 1.245699 -0.287832
v -2.091768 1.250232 -0.601101
v 0.174265 1.222872 1.247938
v 0.572661 1.211849 1.982264
v 0.024409 1.164726 1.396576
v -0.330740 1.171904 0.916430
v 0.328169 1.169401 1.093914
v -1.290392 1.192053 -0.430141
v -0.020200 1.176315 0.631422
v 0.809290 1.148741 2.465052
v -1.614443 1.187723 -0.150909
v -0.732984 1.178152 0.496954
v 0.509600 1.150588 2.337734
v -2.494459 1.197029 -0.785610
v 0.639780 1.161490 1.621407
v -1.771044 1.195541 -0.669117
v -1.161398 1.183414 0.141895
v -2.408437 1.193301 -0.538471
v -0.422457 1.182562 0.211956
v -0.850427 1.187832 -0.143511
v -1.043672 0.811342 -1.186722
v 1.229731 -1.057986 1.060579
v 0.792666 1.208249 1.086542
v -0.437029 -0.453398 0.458824
v -1.167738 1.283012 -0.987850
v 1.034601 1.248757 1.214396
v -1.169767 1.243549 1.213524
v 1.280535 -1.154197 -1.023066
v 1.276755 1.012468 1.214136
v 1.278502 -1.189675 1.182713
v -1.169622 1.049556 -1.232105
v 1.041334 -1.149926 -1.262594
v -1.167875 -1.152421 -1.264603
v -0.428709 -0.413893 -1.157507
v -0.429567 1.172472 0.475504
v 1.182356 -0.437214 0.454683
v -1.041536 1.205006 1.088234
v 1.231398 -1.032982 -0.782953
v 0.800741 -1.025160 -1.214212
v -1.039877 1.233932 -0.746555
v 1.229212 0.779366 1.086552
v -1.043150 -1.025674 -1.214842
v -0.368215 -0.515918 -1.119446
v -0.796205 -0.122835 -1.108900
v -0.003866 -0.936318 -1.129742
v 0.295332 -1.376431 -1.139654
v 0.622156 -2.006790 -1.152756
v -1.274954 0.218658 -1.098619
v -2.017664 0.601116 -1.084936
v -0.372991 -0.518299 -1.231144
v -0.800981 -0.125216 -1.220598
v -0.008646 -0.938698 -1.241440
v 0.290556 -1.378814 -1.251352
v 0.617380 -2.009174 -1.264454
v -1.279733 0.216278 -1.210318
v -2.022440 0.598736 -1.196632
v -1.425405 0.062382 -1.155300
v -0.937757 -0.282308 -1.165726
v -1.129282 0.372551 -1.153633
v 0.429079 -1.212650 -1.194395
v -0.659429 0.034256 -1.163773
v -2.510458 0.823996 -1.132189
v 0.156809 -1.542594 -1.196615
v -0.509763 -0.675388 -1.176273
v -2.376764 0.527153 -1.138161
v 0.810198 -2.408647 -1.216736
v -1.663339 0.672699 -1.143408
v 0.678278 -1.687989 -1.204330
v -0.145616 -1.096012 -1.186567
v 0.561262 -2.327976 -1.212877
v -0.231443 -0.358834 -1.174318
v 0.133105 -0.779003 -1.184612
v 1.179281 -0.400818 0.534494
v 1.182013 -0.826355 0.138626
v 1.168371 -0.038754 0.956842
v 1.149904 0.258366 1.398092
v 1.114710 0.582580 2.028954
v 1.175226 -1.302581 -0.206465
v 1.149943 -2.041704 -0.595226
v 1.289282 -0.414059 0.549660
v 1.292010 -0.839594 0.153790
v 1.278368 -0.051992 0.972008
v 1.259901 0.245125 1.413258
v 1.224711 0.569341 2.044117
v 1.285227 -1.315819 -0.191301
v 1.259943 -2.054941 -0.580065
v 1.202013 -1.457066 -0.046194
v 1.209242 -0.971981 0.302177
v 1.258436 -1.161335 -0.351574
v 1.233084 0.387749 1.243011
v 1.264780 -0.693969 -0.009764
v 1.185400 -2.536425 -0.816021
v 1.176722 0.115743 1.568336
v 1.206515 -0.546440 0.698042
v 1.167113 -2.403888 -0.519161
v 1.145849 0.764794 2.437328
v 1.242773 -1.692758 -0.656132
v 1.206808 0.634966 1.718763
v 1.195563 -0.184574 1.120615
v 1.132612 0.516955 2.354307
v 1.262049 -0.268436 0.386110
v 1.251177 0.093830 0.808235
v -3.860971 1.277992 -1.233477
v 0.179751 1.121216 0.839516
v 0.177946 1.117340 0.841114
v 0.180048 1.119746 0.839226
v 0.179804 1.118495 0.839426
v 0.179068 1.117649 0.840090
v -0.618856 1.129745 0.008152
v -0.617037 1.133623 0.006538
v -0.617727 1.130054 0.007122
v -0.616987 1.130900 0.006451
v -0.616743 1.132152 0.006248
v -0.163236 1.112493 1.154247
v -0.165296 1.116432 1.156199
v -0.164381 1.112780 1.155302
v -0.165174 1.113629 1.156044
v -0.165498 1.114910 1.156359
v -0.962065 1.128843 0.323202
v -0.959997 1.124902 0.321245
v -0.962263 1.127321 0.323362
v -0.961942 1.126037 0.323048
v -0.961145 1.125187 0.322304
v -0.196127 1.127814 0.397133
v -0.197931 1.123942 0.398731
v -0.195833 1.126346 0.396841
v -0.196073 1.125095 0.397043
v -0.196810 1.124250 0.397707
v -0.540678 1.123044 0.713356
v -0.538625 1.119105 0.711412
v -0.540876 1.121523 0.713518
v -0.540556 1.120239 0.713205
v -0.539766 1.119390 0.712465
v -1.393499 1.133562 0.004311
v -1.391397 1.129616 0.002321
v -1.393698 1.132037 0.004467
v -1.393369 1.130751 0.004147
v -1.392561 1.129902 0.003393
v -1.050173 1.134460 -0.310852
v -1.048315 1.138351 -0.312496
v -1.049028 1.134770 -0.311897
v -1.048273 1.135620 -0.312576
v -1.048025 1.136877 -0.312786
v -1.954736 1.138073 -0.304935
v -1.951643 1.134115 -0.306465
v -1.954859 1.136545 -0.304743
v -1.954313 1.135257 -0.304966
v -1.953184 1.134402 -0.305569
v -1.507951 1.138277 -0.571028
v -1.505113 1.142185 -0.572205
v -1.506429 1.138588 -0.571896
v -1.505354 1.139438 -0.572424
v -1.504892 1.140701 -0.572533
v -2.974054 1.144865 -0.778423
v -2.961393 1.140789 -0.773457
v -2.974577 1.144815 -0.776531
v -2.971201 1.143324 -0.777782
v -2.967794 1.142009 -0.776615
v -2.975374 1.145122 -0.778313
v -2.973421 1.143490 -0.777527
v -2.971201 1.142202 -0.776573
v -2.972681 1.142600 -0.776413
v -2.964655 1.141089 -0.773346
v -2.968305 1.141959 -0.773893
v -2.964350 1.141118 -0.775095
v -2.968237 1.141557 -0.775150
v -2.971418 1.142183 -0.775421
v -2.975660 1.145096 -0.777290
v -2.971788 1.143268 -0.775011
v -2.973699 1.143463 -0.776224
v -2.974733 1.143575 -0.777149
v -2.006635 1.145496 -0.797928
v -2.005422 1.141531 -0.795036
v -2.006105 1.143997 -0.798128
v -2.005686 1.142719 -0.797649
v -2.005449 1.141852 -0.796562
v 0.505297 1.113904 1.328571
v 0.504156 1.109999 1.331245
v 0.505644 1.112429 1.328362
v 0.505549 1.111168 1.328793
v 0.505026 1.110315 1.329807
v 0.219401 1.103109 1.780178
v 0.217959 1.107034 1.783281
v 0.218493 1.103390 1.781675
v 0.217898 1.104232 1.782789
v 0.217711 1.105514 1.783356
v 0.807341 1.101614 1.889824
v 0.810183 1.105492 1.890478
v 0.808863 1.101914 1.889658
v 0.809939 1.102755 1.889725
v 0.810400 1.104013 1.890011
v 0.812201 1.088310 3.030188
v 0.810389 1.088286 3.030703
v 0.806780 1.084522 3.016785
v 0.812128 1.088509 3.031517
v 0.811430 1.086828 3.027142
v 0.811232 1.086946 3.029398
v 0.810892 1.087013 3.030737
v 0.810072 1.086098 3.028570
v 0.808726 1.086809 3.027733
v 0.807455 1.085576 3.024046
v 0.811144 1.088497 3.031797
v 0.809962 1.086937 3.029680
v 0.809046 1.085722 3.027248
v 0.808497 1.084779 3.019888
v 0.810129 1.085589 3.023525
v 0.806772 1.084772 3.020201
v 0.808668 1.085158 3.023928
v 0.810179 1.085728 3.027027
v 0.137118 1.228439 0.880251
v 0.141741 1.224657 0.875950
v 0.138457 1.228165 0.879019
v 0.139803 1.227351 0.877769
v 0.140959 1.226118 0.876692
v -0.655042 1.237062 0.042971
v -0.659681 1.240845 0.047287
v -0.655828 1.238523 0.043713
v -0.656984 1.239755 0.044794
v -0.658338 1.240572 0.046049
v -0.134908 1.220606 1.129854
v -0.130514 1.224638 1.125881
v -0.134218 1.222136 1.129242
v -0.133142 1.223439 1.128273
v -0.131841 1.224318 1.127092
v -0.927278 1.237045 0.292883
v -0.931677 1.233011 0.296860
v -0.928606 1.236725 0.294094
v -0.929907 1.235843 0.295277
v -0.930986 1.234541 0.296246
v -0.238760 1.235040 0.437866
v -0.234140 1.231264 0.433569
v -0.237421 1.234769 0.436634
v -0.236074 1.233955 0.435387
v -0.234922 1.232724 0.434309
v -0.505907 1.231248 0.683050
v -0.510286 1.227217 0.687012
v -0.507227 1.230927 0.684258
v -0.508524 1.230048 0.685432
v -0.509599 1.228747 0.686401
v -1.358682 1.241760 -0.026041
v -1.363115 1.237719 -0.022032
v -1.360021 1.241436 -0.024817
v -1.361334 1.240556 -0.023624
v -1.362421 1.239250 -0.022646
v -1.086313 1.241766 -0.276073
v -1.090997 1.245563 -0.271717
v -1.087103 1.243233 -0.275328
v -1.088270 1.244470 -0.274237
v -1.089639 1.245287 -0.272968
v -1.918672 1.246256 -0.334698
v -1.924356 1.242219 -0.331274
v -1.920488 1.245938 -0.333698
v -1.922209 1.245058 -0.332697
v -1.923567 1.243751 -0.331844
v -1.543096 1.245554 -0.535797
v -1.549032 1.249378 -0.532024
v -1.543981 1.247030 -0.535093
v -1.545423 1.248274 -0.534128
v -1.547193 1.249099 -0.533052
v -2.943712 1.248961 -0.804426
v -2.944196 1.248956 -0.802868
v -2.925413 1.252910 -0.800312
v -2.939565 1.250494 -0.804302
v -2.941828 1.250554 -0.804213
v -2.943201 1.250570 -0.803967
v -2.940290 1.251325 -0.803486
v -2.939970 1.250467 -0.801872
v -2.934919 1.251751 -0.801037
v -2.945287 1.249214 -0.803596
v -2.942026 1.250541 -0.803074
v -2.938566 1.251631 -0.802626
v -2.929659 1.252630 -0.802078
v -2.934629 1.251783 -0.803478
v -2.929807 1.252608 -0.800489
v -2.934461 1.252192 -0.802319
v -2.938444 1.251646 -0.803659
v -2.046198 1.252632 -0.755915
v -2.044599 1.248810 -0.761541
v -2.046022 1.252361 -0.757648
v -2.045656 1.251541 -0.759325
v -2.045156 1.250292 -0.760691
v 0.463495 1.221096 1.370653
v 0.467299 1.217324 1.364996
v 0.464518 1.220829 1.368902
v 0.465601 1.220018 1.367214
v 0.466578 1.218786 1.365841
v 0.248343 1.211202 1.756939
v 0.251955 1.215259 1.751520
v 0.248976 1.212735 1.756218
v 0.249884 1.214043 1.754934
v 0.250933 1.214928 1.753284
v 0.772196 1.208866 1.926889
v 0.766558 1.212715 1.928976
v 0.771334 1.210343 1.927465
v 0.769957 1.211592 1.928064
v 0.768282 1.212425 1.928595
v 0.842280 1.192447 3.003883
v 0.837984 1.196715 2.985247
v 0.840773 1.192452 3.004360
v 0.842142 1.194036 2.999645
v 0.841276 1.195406 2.994616
v 0.842093 1.194044 3.001959
v 0.841524 1.195204 2.998516
v 0.841376 1.194855 3.000402
v 0.838228 1.196344 2.989712
v 0.838843 1.195404 2.994913
v 0.839819 1.196347 2.989559
v 0.840132 1.195832 2.994461
v 0.840494 1.195204 2.998646
v 0.841501 1.192644 3.005463
v 0.839739 1.194039 3.000057
v 0.840967 1.194045 3.002157
v 0.841875 1.194036 3.003359
v 0.790056 1.280656 -0.747656
v 0.794314 1.280593 -0.743401
v 0.798903 1.284992 -0.752136
v 0.791685 1.280650 -0.747334
v 0.793070 1.280636 -0.746412
v 0.792002 1.282295 -0.747982
v 0.793028 1.282232 -0.747665
v 0.794363 1.283112 -0.747656
v 0.794665 1.282255 -0.745293
v 0.795656 1.283674 -0.747618
v 0.793989 1.280616 -0.745031
v 0.794344 1.282212 -0.746334
v 0.796789 1.284641 -0.750406
v 0.794367 1.283694 -0.748947
v 0.795733 1.284149 -0.749001
v 1.275416 -2.866061 -0.808828
v 1.275412 -2.867356 -0.805826
v 1.279726 -2.879731 -0.813639
v 1.275416 -2.868204 -0.807974
v 1.277048 -2.869037 -0.809219
v 1.277872 -2.871126 -0.809431
v 1.277048 -2.870127 -0.808310
v 1.278441 -2.873453 -0.810663
v 1.279383 -2.876435 -0.811823
v -2.869837 1.268800 -0.744370
v -2.883451 1.273136 -0.748901
v -2.871084 1.268743 -0.741354
v -2.872804 1.270430 -0.744696
v -2.871237 1.268793 -0.744139
v -2.874891 1.271250 -0.744871
v -2.880171 1.272775 -0.747150
v -2.877867 1.272290 -0.746304
v -2.871912 1.268761 -0.742506
v -2.873903 1.270410 -0.743790
v 0.790999 1.214799 2.917524
v 0.787981 1.214768 2.918770
v 0.795595 1.218798 2.931246
v 0.790114 1.214764 2.919653
v 0.791346 1.216377 2.920517
v 0.791533 1.217156 2.922621
v 0.790442 1.216353 2.921619
v 0.792330 1.217667 2.924183
v 0.794562 1.218535 2.928371
v 0.792982 1.218115 2.925619
v -2.883287 0.811496 -1.230839
v -2.884527 0.808490 -1.230883
v -2.897016 0.816099 -1.235081
v -2.884687 0.811268 -1.230841
v -2.886305 0.811867 -1.232468
v -2.888365 0.812052 -1.233290
v -2.885359 0.809639 -1.230869
v -2.887243 0.811159 -1.232424
v -2.893736 0.814358 -1.234764
v -2.891363 0.813495 -1.234297
v 1.274374 0.800123 -0.757002
v 1.278635 0.808985 -0.761372
v 1.274370 0.804323 -0.752680
v 1.276003 0.802073 -0.757313
v 1.277388 0.804441 -0.758255
v 1.274374 0.801746 -0.756655
v 1.275946 0.803093 -0.756979
v 1.276823 0.804421 -0.756964
v 1.278311 0.807218 -0.759300
v 1.277384 0.805713 -0.756922
v 1.277838 0.805805 -0.758295
v 1.274370 0.804022 -0.754316
v 1.274374 0.803118 -0.755711
v 1.276003 0.804697 -0.754597
v 1.275946 0.804390 -0.755636
v 1.271044 0.754432 2.925863
v 1.275290 0.758750 2.939751
v 1.271044 0.751408 2.927063
v 1.272669 0.754733 2.928923
v 1.273489 0.754868 2.930965
v 1.274969 0.757729 2.936741
v 1.274500 0.756241 2.934008
v 1.271044 0.753523 2.927980
v 1.272669 0.753756 2.929874
v 0.795973 0.812523 -1.229586
v 0.804777 0.817134 -1.233772
v 0.800234 0.808264 -1.229652
v 0.797907 0.812894 -1.231209
v 0.800261 0.813900 -1.232578
v 0.797606 0.812198 -1.229591
v 0.798937 0.812574 -1.231159
v 0.802672 0.815388 -1.233475
v 0.801630 0.813974 -1.233028
v 0.800856 0.812600 -1.232418
v 0.799910 0.809894 -1.229624
v 0.798987 0.811275 -1.229605
v 0.800581 0.810222 -1.231251
v 0.800261 0.811250 -1.231178
v 0.801275 -2.857251 -1.285759
v 0.805918 -2.870857 -1.290180
v 0.798258 -2.858505 -1.285780
v 0.801630 -2.860183 -1.287430
v 0.801047 -2.858652 -1.285782
v 0.801825 -2.862277 -1.288279
v 0.804877 -2.867990 -1.289831
v 0.803286 -2.865246 -1.289328
v 0.799414 -2.859331 -1.285791
v 0.800940 -2.861200 -1.287390
v 1.269545 1.199787 3.900291
v 1.270678 1.196239 3.902691
v 1.274161 1.195248 3.900120
v 1.269034 1.199492 3.901350
v 1.269068 1.198714 3.902176
v 1.271311 1.199436 3.900265
v 1.271082 1.198993 3.902184
v 1.271044 1.198355 3.903427
v 1.272219 1.197802 3.903349
v 1.272009 1.195236 3.902622
v 1.273142 1.194697 3.902107
v 1.269644 1.197573 3.902647
v 1.271429 1.197003 3.903311
v 1.272787 1.196633 3.903397
v 1.273806 1.196982 3.900173
v 1.272806 1.198451 3.900223
v 1.273894 1.194700 3.901228
v 1.273401 1.196709 3.902124
v -3.863134 1.279033 -1.229694
v -3.860723 1.282475 -1.228523
v -3.861730 1.277494 -1.232910
v -3.860670 1.279763 -1.232792
v -3.862600 1.279516 -1.232401
v -3.863851 1.279455 -1.231796
v -3.863794 1.280613 -1.231213
v -3.863073 1.280347 -1.228642
v -3.862592 1.281460 -1.228050
v -3.863073 1.278038 -1.231037
v -3.863752 1.279808 -1.230434
v -3.863859 1.281152 -1.230034
v -3.860708 1.282170 -1.230286
v -3.860689 1.281218 -1.231785
v -3.861768 1.282209 -1.228008
v -3.862619 1.281765 -1.230064
v 1.274363 1.291448 -1.221823
v 1.278940 1.286893 -1.221901
v 1.274401 1.286964 -1.226421
v 1.276114 1.291095 -1.221827
v 1.277601 1.290106 -1.221844
v 1.274370 1.291125 -1.223564
v 1.276060 1.290618 -1.223511
v 1.277411 1.289942 -1.223476
v 1.277006 1.289549 -1.224457
v 1.278597 1.286920 -1.223629
v 1.277617 1.286942 -1.225096
v 1.278593 1.288629 -1.221870
v 1.278090 1.288598 -1.223541
v 1.277418 1.288576 -1.224880
v 1.274390 1.288697 -1.226051
v 1.274378 1.290158 -1.225048
v 1.276140 1.286958 -1.226074
v 1.276072 1.288629 -1.225550
v 1.276022 1.289963 -1.224857
v 1.284830 -3.832957 -1.295341
v 1.281389 -3.835480 -1.296518
v 1.280237 -3.832946 -1.299997
v 1.284579 -3.834051 -1.294842
v 1.283839 -3.834915 -1.294889
v 1.284495 -3.832942 -1.297112
v 1.284098 -3.834887 -1.296911
v 1.283495 -3.836152 -1.296892
v 1.282927 -3.836076 -1.298073
v 1.280356 -3.835389 -1.297852
v 1.279772 -3.834877 -1.298981
v 1.282717 -3.835418 -1.295479
v 1.282137 -3.836059 -1.297279
v 1.281752 -3.836138 -1.298645
v 1.282007 -3.832937 -1.299631
v 1.283503 -3.832937 -1.298616
v 1.279734 -3.834019 -1.299734
v 1.281786 -3.834873 -1.299246
v -2.869810 1.192591 -0.745367
v -2.871057 1.192550 -0.742348
v -2.863794 1.188276 -0.741167
v -2.871671 1.192589 -0.745327
v -2.872560 1.192583 -0.744740
v -2.868891 1.190954 -0.744875
v -2.870722 1.190912 -0.744776
v -2.870363 1.190110 -0.743862
v -2.870046 1.190917 -0.742086
v -2.868307 1.189529 -0.741770
v -2.872347 1.192568 -0.743694
v -2.871271 1.190893 -0.743450
v -2.869772 1.189764 -0.743120
v -2.865637 1.188617 -0.742603
v -2.867426 1.189560 -0.743904
v -2.866113 1.188603 -0.741447
v -2.868078 1.189014 -0.742931
v 0.790079 1.193681 -0.748837
v 0.790079 1.189364 -0.744633
v 0.794337 1.193625 -0.744579
v 0.790079 1.192047 -0.748533
v 0.790079 1.190653 -0.747627
v 0.791712 1.193678 -0.748512
v 0.791750 1.192000 -0.748142
v 0.791666 1.190866 -0.747410
v 0.791708 1.189688 -0.744629
v 0.793089 1.190614 -0.744619
v 0.790079 1.189710 -0.746258
v 0.791750 1.190103 -0.746296
v 0.792876 1.190851 -0.746202
v 0.794016 1.193647 -0.746208
v 0.793093 1.193666 -0.747591
v 0.794016 1.191993 -0.744602
v 0.793623 1.191977 -0.746273
v 0.792876 1.192077 -0.747395
v 0.791022 1.143982 2.916620
v 0.786768 1.139802 2.910547
v 0.788008 1.143964 2.917866
v 0.790510 1.142364 2.915680
v 0.789519 1.141001 2.914196
v 0.790983 1.143957 2.918482
v 0.790411 1.142298 2.917511
v 0.789484 1.141514 2.917139
v 0.787054 1.140095 2.912870
v 0.787386 1.140990 2.915079
v 0.788206 1.140102 2.912394
v 0.788542 1.140461 2.914841
v 0.788740 1.141187 2.916546
v 0.789351 1.143948 2.919155
v 0.790396 1.143944 2.919373
v 0.787722 1.142347 2.916832
v 0.789084 1.142290 2.918058
v 1.187380 0.800097 -0.757080
v 1.187376 0.804300 -0.752758
v 1.183115 0.800037 -0.752823
v 1.187380 0.801723 -0.756733
v 1.187380 0.803093 -0.755789
v 1.185751 0.800093 -0.756758
v 1.185709 0.801759 -0.756342
v 1.185793 0.802873 -0.755579
v 1.185747 0.803974 -0.752766
v 1.184366 0.803051 -0.752779
v 1.187380 0.803997 -0.754395
v 1.185709 0.803607 -0.754442
v 1.184584 0.802856 -0.754370
v 1.183443 0.800060 -0.754452
v 1.184370 0.800080 -0.755836
v 1.183443 0.801668 -0.752800
v 1.183836 0.801732 -0.754469
v 1.184584 0.801665 -0.755596
v 1.188421 -2.866083 -0.808907
v 1.184157 -2.860141 -0.804565
v 1.188421 -2.867379 -0.805906
v 1.186793 -2.865176 -0.808378
v 1.185408 -2.863726 -0.807367
v 1.188425 -2.867946 -0.808891
v 1.186751 -2.867008 -0.808310
v 1.185961 -2.866661 -0.807377
v 1.184481 -2.862454 -0.804882
v 1.185404 -2.864642 -0.805248
v 1.184485 -2.861958 -0.806030
v 1.184874 -2.864394 -0.806400
v 1.185625 -2.866084 -0.806625
v 1.188421 -2.868646 -0.807270
v 1.188425 -2.868844 -0.808319
v 1.186789 -2.866371 -0.805609
v 1.186751 -2.867575 -0.806990
v 1.184050 0.754408 2.925785
v 1.184050 0.751387 2.926987
v 1.179796 0.750231 2.919670
v 1.184050 0.754161 2.927183
v 1.182425 0.754103 2.924391
v 1.182478 0.753725 2.926083
v 1.182520 0.753204 2.927155
v 1.181601 0.752731 2.925968
v 1.182421 0.750651 2.925762
v 1.181040 0.750176 2.923941
v 1.184050 0.752524 2.927832
v 1.182478 0.752087 2.926733
v 1.181219 0.751774 2.925440
v 1.180121 0.751841 2.921082
v 1.181040 0.753203 2.922739
v 1.180121 0.750025 2.921803
v 1.180590 0.751747 2.923489
v 1.181223 0.753067 2.924927
v -2.883314 0.810165 -1.143856
v -2.877264 0.805842 -1.139662
v -2.884557 0.807158 -1.143904
v -2.881929 0.809817 -1.142231
v -2.880293 0.808874 -1.140862
v -2.884718 0.809936 -1.143862
v -2.883627 0.809463 -1.142296
v -2.882478 0.808769 -1.141045
v -2.883528 0.808454 -1.141434
v -2.879400 0.805672 -1.139988
v -2.881532 0.805862 -1.140911
v -2.878652 0.807478 -1.139961
v -2.881059 0.807421 -1.140434
v -2.883013 0.807483 -1.141064
v -2.885389 0.808309 -1.143885
v -2.883344 0.806384 -1.142284
v -2.884298 0.807832 -1.142319
v -2.884702 0.808954 -1.142340
v 0.795943 0.811191 -1.142607
v 0.800207 0.806932 -1.142668
v 0.795943 0.806865 -1.138409
v 0.797575 0.810867 -1.142609
v 0.798956 0.809944 -1.142624
v 0.795943 0.810842 -1.140980
v 0.797617 0.810451 -1.140945
v 0.798739 0.809703 -1.141041
v 0.799883 0.806907 -1.141041
v 0.798956 0.806885 -1.139656
v 0.799883 0.808563 -1.142643
v 0.799490 0.808577 -1.140972
v 0.798739 0.808475 -1.139849
v 0.795943 0.808502 -1.138710
v 0.795943 0.809897 -1.139614
v 0.797575 0.806871 -1.138735
v 0.797617 0.808549 -1.139099
v 0.797529 0.809685 -1.139830
v 0.801249 -2.858581 -1.198778
v 0.798228 -2.859836 -1.198797
v 0.796984 -2.852650 -1.194427
v 0.801207 -2.860442 -1.198807
v 0.800623 -2.861335 -1.198820
v 0.800730 -2.857694 -1.197134
v 0.800635 -2.859523 -1.197121
v 0.799708 -2.859177 -1.196325
v 0.797945 -2.858850 -1.197151
v 0.797606 -2.857139 -1.195744
v 0.799574 -2.861121 -1.198816
v 0.799307 -2.860073 -1.197130
v 0.798964 -2.858597 -1.195982
v 0.798426 -2.854482 -1.194780
v 0.799738 -2.856253 -1.195730
v 0.797270 -2.854963 -1.194788
v 0.798762 -2.856914 -1.195208
v -0.872000 0.228826 -1.106543
v -0.873579 0.226928 -1.102703
v -0.871721 0.229104 -1.105068
v -0.871923 0.228840 -1.103819
v -0.872576 0.228076 -1.102989
v -0.023741 -0.551673 -1.123610
v -0.022146 -0.549757 -1.127451
v -0.022733 -0.550519 -1.123896
v -0.022077 -0.549750 -1.124727
v -0.021871 -0.549482 -1.125975
v -1.179369 -0.120875 -1.104851
v -1.181261 -0.122915 -1.108833
v -1.180399 -0.122038 -1.105160
v -1.181120 -0.122833 -1.106024
v -1.181421 -0.123142 -1.107313
v -0.331388 -0.901479 -1.129742
v -0.329496 -0.899432 -1.125755
v -0.331552 -0.901705 -1.128223
v -0.331251 -0.901396 -1.126932
v -0.330526 -0.900597 -1.126066
v -0.421663 -0.137404 -1.116905
v -0.423242 -0.139302 -1.113068
v -0.421385 -0.137125 -1.115431
v -0.421587 -0.137389 -1.114185
v -0.422239 -0.138153 -1.113354
v -0.730478 -0.488634 -1.119194
v -0.728597 -0.486603 -1.115211
v -0.730638 -0.488860 -1.117676
v -0.730341 -0.488555 -1.116386
v -0.729624 -0.487761 -1.115520
v -0.003340 -1.325901 -1.139725
v -0.001417 -1.323820 -1.135735
v -0.003500 -1.326126 -1.138203
v -0.003191 -1.325809 -1.136911
v -0.002458 -1.325000 -1.136044
v 0.304419 -0.975973 -1.133587
v 0.306040 -0.974021 -1.137440
v 0.305441 -0.974803 -1.133875
v 0.306109 -0.974021 -1.134708
v 0.306319 -0.973746 -1.135960
v 0.317835 -1.880287 -1.151613
v 0.319281 -1.877224 -1.147596
v 0.317641 -1.880439 -1.150087
v 0.317843 -1.879908 -1.148788
v 0.318419 -1.878782 -1.147915
v 0.574328 -1.427994 -1.143379
v 0.575461 -1.425071 -1.147236
v 0.575163 -1.426450 -1.143661
v 0.575670 -1.425351 -1.144493
v 0.575777 -1.424867 -1.145748
v 0.813010 -2.889057 -1.172239
v 0.807753 -2.876572 -1.167988
v 0.811129 -2.889622 -1.172209
v 0.812300 -2.886247 -1.170656
v 0.811053 -2.882885 -1.169292
v 0.812929 -2.890377 -1.172518
v 0.812090 -2.888467 -1.170858
v 0.811087 -2.886288 -1.169540
v 0.810957 -2.887767 -1.169964
v 0.807715 -2.879832 -1.168339
v 0.808344 -2.883456 -1.169266
v 0.809458 -2.879488 -1.168356
v 0.809595 -2.883366 -1.168856
v 0.809939 -2.886533 -1.169529
v 0.811911 -2.890683 -1.172501
v 0.809542 -2.886894 -1.170624
v 0.810797 -2.888773 -1.170841
v 0.811743 -2.889785 -1.170967
v 0.811854 -1.921561 -1.157391
v 0.808916 -1.920472 -1.153423
v 0.812037 -1.921048 -1.155886
v 0.811545 -1.920660 -1.154606
v 0.810450 -1.920460 -1.153740
v -1.367922 0.543735 -1.096504
v -1.370592 0.542475 -1.092630
v -1.367727 0.544063 -1.095022
v -1.368162 0.543937 -1.093765
v -1.369169 0.543380 -1.092926
v -1.813368 0.248159 -1.092516
v -1.816419 0.246711 -1.096478
v -1.814844 0.247223 -1.092815
v -1.815943 0.246620 -1.093676
v -1.816496 0.246440 -1.094961
v -1.935549 0.833534 -1.082218
v -1.936247 0.836421 -1.086056
v -1.935411 0.835065 -1.082493
v -1.935499 0.836149 -1.083319
v -1.935789 0.836628 -1.084570
v -3.075804 0.813915 -1.074545
v -3.076280 0.812092 -1.074551
v -3.062307 0.808720 -1.070776
v -3.077131 0.813816 -1.074753
v -3.072748 0.813187 -1.073059
v -3.075002 0.812942 -1.073193
v -3.076334 0.812576 -1.073271
v -3.074152 0.811788 -1.072359
v -3.073286 0.810469 -1.073088
v -3.069578 0.809258 -1.071856
v -3.077390 0.812830 -1.074757
v -3.075258 0.811668 -1.073206
v -3.072813 0.810783 -1.071995
v -3.065447 0.810377 -1.071022
v -3.069113 0.811943 -1.071823
v -3.065721 0.808645 -1.071045
v -3.069486 0.810467 -1.071417
v -3.072614 0.811922 -1.071980
v -0.911314 0.187059 -1.214634
v -0.907133 0.191710 -1.210758
v -0.910112 0.188417 -1.214331
v -0.908895 0.189780 -1.213490
v -0.907846 0.190935 -1.212234
v -0.057279 -0.586871 -1.231663
v -0.061476 -0.591541 -1.235542
v -0.057997 -0.587649 -1.233141
v -0.059046 -0.588807 -1.234398
v -0.060266 -0.590176 -1.235239
v -1.155084 -0.090308 -1.212376
v -1.151190 -0.085768 -1.216316
v -1.154482 -0.089580 -1.213890
v -1.153528 -0.088461 -1.215172
v -1.152372 -0.087124 -1.216022
v -0.301317 -0.864329 -1.237221
v -0.305219 -0.868874 -1.233278
v -0.302503 -0.865686 -1.236931
v -0.303659 -0.867025 -1.236076
v -0.304613 -0.868146 -1.234795
v -0.460977 -0.179167 -1.224998
v -0.456800 -0.174521 -1.221127
v -0.459776 -0.177810 -1.224697
v -0.458559 -0.176449 -1.223858
v -0.457514 -0.175295 -1.222603
v -0.700414 -0.451496 -1.226679
v -0.704302 -0.456027 -1.222738
v -0.701597 -0.452849 -1.226383
v -0.702749 -0.454184 -1.225533
v -0.703699 -0.455300 -1.224251
v 0.026766 -1.288717 -1.247202
v 0.022829 -1.293301 -1.243252
v 0.025568 -1.290087 -1.246906
v 0.024401 -1.291439 -1.246052
v 0.023440 -1.292568 -1.244768
v 0.270922 -1.011127 -1.241627
v 0.266684 -1.015841 -1.245518
v 0.270197 -1.011908 -1.243107
v 0.269140 -1.013078 -1.244370
v 0.267905 -1.014460 -1.245214
v 0.347327 -1.841872 -1.259056
v 0.344008 -1.847689 -1.255127
v 0.346361 -1.843715 -1.258772
v 0.345392 -1.845466 -1.257923
v 0.344565 -1.846864 -1.256645
v 0.540354 -1.462159 -1.251377
v 0.536730 -1.468110 -1.255314
v 0.539675 -1.463036 -1.252869
v 0.538748 -1.464475 -1.254143
v 0.537714 -1.466258 -1.254999
v 0.838843 -2.856510 -1.275709
v 0.837294 -2.857027 -1.275719
v 0.834357 -2.838241 -1.279390
v 0.838885 -2.857818 -1.275986
v 0.838637 -2.852341 -1.277178
v 0.838595 -2.854606 -1.277273
v 0.838377 -2.855983 -1.277313
v 0.837839 -2.853072 -1.278025
v 0.836214 -2.852802 -1.277170
v 0.835280 -2.847748 -1.278376
v 0.837462 -2.854827 -1.277271
v 0.836947 -2.851364 -1.278309
v 0.836210 -2.842454 -1.279167
v 0.837713 -2.847404 -1.278393
v 0.834627 -2.842635 -1.279156
v 0.836554 -2.847257 -1.278805
v 0.837977 -2.851216 -1.278313
v 0.771197 -1.960284 -1.265352
v 0.776766 -1.958628 -1.261478
v 0.772921 -1.960079 -1.265072
v 0.774588 -1.959691 -1.264236
v 0.775938 -1.959183 -1.262974
v -1.408602 0.502769 -1.204554
v -1.403047 0.506630 -1.200691
v -1.406877 0.503824 -1.204262
v -1.405214 0.504927 -1.203424
v -1.403867 0.505913 -1.202171
v -1.790247 0.279318 -1.200016
v -1.784887 0.283109 -1.203987
v -1.789533 0.279989 -1.201534
v -1.788263 0.280945 -1.202822
v -1.786630 0.282041 -1.203684
v -1.971353 0.799330 -1.190203
v -1.973303 0.793710 -1.194147
v -1.971903 0.798479 -1.191692
v -1.972467 0.797112 -1.192966
v -1.972959 0.795437 -1.193829
v -3.049661 0.846212 -1.178059
v -3.030920 0.842383 -1.182301
v -3.050108 0.844694 -1.178089
v -3.045416 0.846187 -1.179628
v -3.040361 0.845453 -1.180986
v -3.050985 0.846226 -1.178259
v -3.047727 0.846091 -1.179649
v -3.044267 0.845615 -1.180799
v -3.046152 0.845419 -1.180462
v -3.035391 0.842525 -1.181948
v -3.040609 0.843015 -1.181025
v -3.035272 0.844116 -1.181925
v -3.040182 0.844318 -1.181429
v -3.044374 0.844583 -1.180815
v -3.045778 0.843776 -1.179668
v -3.047903 0.844963 -1.179668
v -3.049124 0.845843 -1.179649
v 1.214560 -0.901379 -0.211699
v 1.210421 -0.902661 -0.210270
v 1.213152 -0.900988 -0.212141
v 1.211870 -0.901093 -0.212025
v 1.210909 -0.901681 -0.211367
v 1.205195 -0.057692 0.573872
v 1.209337 -0.056394 0.572424
v 1.205687 -0.056707 0.572767
v 1.206648 -0.056114 0.572104
v 1.207930 -0.056004 0.571983
v 1.149401 -1.208107 0.132452
v 1.152968 -1.210295 0.134918
v 1.149496 -1.209158 0.133635
v 1.150206 -1.209944 0.134516
v 1.151427 -1.210342 0.134968
v 1.147753 -0.365294 0.919024
v 1.144186 -0.363100 0.916552
v 1.146212 -0.365342 0.919073
v 1.144991 -0.364940 0.918621
v 1.144282 -0.364155 0.917734
v 1.216429 -0.453517 0.157690
v 1.212294 -0.454801 0.159121
v 1.215021 -0.453128 0.157249
v 1.213743 -0.453236 0.157366
v 1.212786 -0.453822 0.158024
v 1.154932 -0.761988 0.503807
v 1.151366 -0.759809 0.501350
v 1.153391 -0.762036 0.503859
v 1.152170 -0.761640 0.503408
v 1.151461 -0.760858 0.502529
v 1.133333 -0.039399 1.344976
v 1.129767 -0.037176 1.342470
v 1.131792 -0.039446 1.345024
v 1.130572 -0.039040 1.344564
v 1.129862 -0.038241 1.343668
v 1.190790 0.268313 0.999702
v 1.194956 0.269641 0.998222
v 1.191286 0.269310 0.998583
v 1.192255 0.269914 0.997908
v 1.193541 0.270030 0.997782
v 1.105288 0.279358 1.900177
v 1.101771 0.281106 1.896688
v 1.103747 0.279275 1.900150
v 1.102534 0.279579 1.899477
v 1.101843 0.280222 1.898262
v 1.168627 0.536218 1.452475
v 1.172869 0.537058 1.450026
v 1.169146 0.537031 1.450981
v 1.170134 0.537478 1.449991
v 1.171442 0.537485 1.449657
v 1.046545 0.770458 2.909437
v 1.043379 0.765556 2.896494
v 1.046305 0.768585 2.909977
v 1.045244 0.769877 2.906456
v 1.044188 0.768740 2.902948
v 1.046660 0.770359 2.910782
v 1.045176 0.769652 2.908682
v 1.044047 0.768751 2.906357
v 1.044283 0.768589 2.907873
v 1.043349 0.765488 2.899773
v 1.043894 0.766039 2.903486
v 1.043532 0.767225 2.899450
v 1.043593 0.767322 2.903362
v 1.043921 0.767607 2.906588
v 1.046534 0.769344 2.911072
v 1.044932 0.767127 2.907070
v 1.045023 0.768360 2.908974
v 1.045107 0.769295 2.910000
v 1.143408 0.771470 1.946686
v 1.139384 0.768844 1.945120
v 1.141989 0.771767 1.946007
v 1.140726 0.771371 1.945471
v 1.139811 0.770344 1.945158
v 1.203654 -1.394772 -0.530525
v 1.199473 -1.397140 -0.529743
v 1.202238 -1.394462 -0.531019
v 1.200945 -1.394803 -0.531044
v 1.199976 -1.395745 -0.530594
v 1.132082 -1.838947 -0.241755
v 1.135611 -1.842295 -0.239891
v 1.132162 -1.840443 -0.240803
v 1.132860 -1.841604 -0.240116
v 1.134070 -1.842254 -0.239796
v 1.180254 -1.959371 -0.825600
v 1.184336 -1.960354 -0.828033
v 1.180712 -1.959255 -0.827087
v 1.181647 -1.959400 -0.828072
v 1.182921 -1.959785 -0.828405
v 1.084616 -3.095779 -0.818184
v 1.084376 -3.096258 -0.816376
v 1.081301 -3.082041 -0.813324
v 1.084711 -3.097121 -0.818073
v 1.083292 -3.092624 -0.817600
v 1.083224 -3.094879 -0.817364
v 1.083159 -3.096213 -0.817003
v 1.082331 -3.093971 -0.816303
v 1.082964 -3.093160 -0.814903
v 1.081885 -3.089371 -0.813807
v 1.084582 -3.097380 -0.817095
v 1.083071 -3.095135 -0.816097
v 1.081953 -3.092605 -0.815334
v 1.081496 -3.085189 -0.814972
v 1.082197 -3.088903 -0.816473
v 1.081297 -3.085464 -0.813251
v 1.081595 -3.089247 -0.815056
v 1.082087 -3.092407 -0.816465
v 1.313841 -0.948820 -0.158167
v 1.310854 -0.944353 -0.163193
v 1.313792 -0.947598 -0.159540
v 1.313204 -0.946320 -0.160976
v 1.312174 -0.945180 -0.162258
v 1.305632 -0.099367 0.620930
v 1.308619 -0.103850 0.625973
v 1.306952 -0.100196 0.621864
v 1.307982 -0.101338 0.623152
v 1.308565 -0.102623 0.624594
v 1.261256 -1.192015 0.114697
v 1.265978 -1.188425 0.110678
v 1.262888 -1.191528 0.114151
v 1.264357 -1.190675 0.113197
v 1.265440 -1.189585 0.111979
v 1.260760 -0.343418 0.894779
v 1.256037 -0.347014 0.898802
v 1.260226 -0.344580 0.896080
v 1.259138 -0.345671 0.897303
v 1.257666 -0.346526 0.898258
v 1.315714 -0.500959 0.211222
v 1.312731 -0.496494 0.206202
v 1.315665 -0.499738 0.209850
v 1.315081 -0.498459 0.208414
v 1.314051 -0.497321 0.207134
v 1.267939 -0.740128 0.479578
v 1.263220 -0.743710 0.483585
v 1.267405 -0.741282 0.480873
v 1.266318 -0.742369 0.482090
v 1.264849 -0.743221 0.483044
v 1.246344 -0.017493 1.320698
v 1.241606 -0.021122 1.324757
v 1.245802 -0.018666 1.322014
v 1.244715 -0.019771 1.323246
v 1.243239 -0.020632 1.324209
v 1.291224 0.226680 1.046717
v 1.294214 0.222152 1.051805
v 1.292547 0.225845 1.047655
v 1.293581 0.224694 1.048952
v 1.294169 0.223397 1.050409
v 1.218359 0.300653 1.874662
v 1.213549 0.297636 1.879959
v 1.217795 0.299713 1.876451
v 1.216681 0.298809 1.878086
v 1.215189 0.298081 1.879316
v 1.269095 0.494112 1.498501
v 1.272036 0.490193 1.504829
v 1.270422 0.493323 1.499537
v 1.271445 0.492300 1.501104
v 1.272013 0.491202 1.502962
v 1.154726 0.788405 2.889261
v 1.154562 0.786861 2.889759
v 1.160143 0.783674 2.871492
v 1.156645 0.788096 2.885286
v 1.156477 0.788044 2.887547
v 1.156340 0.787821 2.888916
v 1.157343 0.787235 2.886101
v 1.156405 0.785679 2.885717
v 1.158110 0.784659 2.880827
v 1.154764 0.787590 2.890862
v 1.156363 0.786913 2.887754
v 1.157751 0.786322 2.884428
v 1.159575 0.785534 2.875671
v 1.158350 0.787087 2.880514
v 1.159422 0.783957 2.875832
v 1.158686 0.785898 2.880402
v 1.157851 0.787350 2.884293
v 1.242811 0.722697 1.997169
v 1.239584 0.728549 1.995134
v 1.242686 0.724441 1.996948
v 1.242029 0.726166 1.996485
v 1.240938 0.727608 1.995848
v 1.302889 -1.443576 -0.477806
v 1.299925 -1.437738 -0.482029
v 1.302851 -1.441830 -0.478870
v 1.302271 -1.440108 -0.480047
v 1.301249 -1.438671 -0.481155
v 1.243895 -1.824015 -0.260113
v 1.248671 -1.818971 -0.263371
v 1.245531 -1.823418 -0.260597
v 1.247011 -1.822247 -0.261387
v 1.248114 -1.820686 -0.262362
v 1.280566 -2.003300 -0.779556
v 1.283678 -2.005548 -0.773540
v 1.281904 -2.003961 -0.778545
v 1.282965 -2.004621 -0.777046
v 1.283591 -2.005178 -0.775290
v 1.192835 -3.077532 -0.838102
v 1.198004 -3.059168 -0.833628
v 1.192656 -3.077979 -0.836597
v 1.194704 -3.073418 -0.837856
v 1.196348 -3.068480 -0.836922
v 1.194544 -3.075723 -0.837782
v 1.195887 -3.072361 -0.837143
v 1.195387 -3.074213 -0.837002
v 1.197336 -3.063601 -0.833853
v 1.196085 -3.068732 -0.834496
v 1.197504 -3.063476 -0.835436
v 1.196669 -3.068334 -0.835741
v 1.195776 -3.072471 -0.836117
v 1.192839 -3.079107 -0.837292
v 1.194441 -3.073782 -0.835457
v 1.194418 -3.075899 -0.836660
v 1.194411 -3.077113 -0.837547
v 1.249361 -1.427016 1.400633
v -0.405260 1.126968 0.195343
v -0.403448 1.130842 0.193739
v -0.404135 1.127275 0.194315
v -0.403398 1.128120 0.193649
v -0.403154 1.129371 0.193447
v -0.343878 1.115879 0.927656
v -0.345930 1.119819 0.929602
v -0.345018 1.116163 0.928709
v -0.345812 1.117014 0.929449
v -0.346132 1.118298 0.929764
v -0.002996 1.120720 0.614799
v -0.001192 1.124593 0.613205
v -0.001875 1.121030 0.613777
v -0.001138 1.121875 0.613113
v -0.000898 1.123126 0.612913
v -0.746118 1.122127 0.508177
v -0.748178 1.126067 0.510126
v -0.747263 1.122411 0.509232
v -0.748056 1.123261 0.509972
v -0.748377 1.124546 0.510286
v -1.174509 1.127390 0.153095
v -1.176592 1.131335 0.155066
v -1.175665 1.127675 0.154160
v -1.176466 1.128526 0.154907
v -1.176790 1.129809 0.155224
v -0.833261 1.132236 -0.160097
v -0.831423 1.136121 -0.161726
v -0.832124 1.132547 -0.161135
v -0.831377 1.133394 -0.161808
v -0.831129 1.134649 -0.162016
v -1.273386 1.136460 -0.446754
v -1.271398 1.140359 -0.448351
v -1.272192 1.136770 -0.447781
v -1.271391 1.137619 -0.448444
v -1.271112 1.138881 -0.448645
v -1.627397 1.131697 -0.139679
v -1.629633 1.135648 -0.137739
v -1.628610 1.131984 -0.138626
v -1.629461 1.132835 -0.137888
v -1.629820 1.134124 -0.137577
v -2.483400 1.141161 -0.784245
v -2.492582 1.145351 -0.788103
v -2.486868 1.141496 -0.785782
v -2.489832 1.142412 -0.787056
v -2.491838 1.143765 -0.787870
v -1.757040 1.139965 -0.687119
v -1.752058 1.143874 -0.687315
v -1.754698 1.140272 -0.687613
v -1.752928 1.141121 -0.687824
v -1.751997 1.142385 -0.687717
v -2.418401 1.137255 -0.525848
v -2.423628 1.141231 -0.525301
v -2.420759 1.137551 -0.525330
v -2.422582 1.138408 -0.525043
v -2.423589 1.139702 -0.525032
v 0.011198 1.108701 1.407648
v 0.009215 1.112641 1.409748
v 0.010081 1.108984 1.408760
v 0.009314 1.109833 1.409550
v 0.009009 1.111117 1.409897
v 0.345457 1.113802 1.077436
v 0.347174 1.117687 1.075699
v 0.346545 1.114113 1.076359
v 0.347254 1.114960 1.075649
v 0.347475 1.116215 1.075418
v 0.807059 1.093065 2.453550
v 0.811167 1.097078 2.462557
v 0.808680 1.093329 2.456936
v 0.810026 1.094185 2.459837
v 0.810900 1.095501 2.461811
v 0.494696 1.094614 2.345387
v 0.494410 1.098505 2.350904
v 0.494231 1.094881 2.347809
v 0.494009 1.095712 2.349709
v 0.494074 1.096987 2.350794
v 0.658816 1.105845 1.608015
v 0.658774 1.109794 1.603199
v 0.659235 1.106175 1.605755
v 0.659373 1.107039 1.604046
v 0.659212 1.108310 1.603149
v -0.441461 1.234289 0.230173
v -0.446085 1.238066 0.234476
v -0.442243 1.235748 0.230915
v -0.443399 1.236978 0.231993
v -0.444746 1.237795 0.233242
v -0.315542 1.223994 0.903257
v -0.311159 1.228023 0.899294
v -0.314852 1.225521 0.902647
v -0.313776 1.226823 0.901678
v -0.312479 1.227702 0.900501
v -0.039205 1.228040 0.649641
v -0.043821 1.231819 0.653934
v -0.039987 1.229500 0.650381
v -0.041139 1.230731 0.651457
v -0.042486 1.231546 0.652704
v -0.717790 1.230239 0.483784
v -0.713403 1.234270 0.479815
v -0.717100 1.231768 0.483170
v -0.716020 1.233070 0.482203
v -0.714723 1.233949 0.481024
v -1.146208 1.235498 0.128723
v -1.141794 1.239534 0.124731
v -1.145513 1.237027 0.128111
v -1.144430 1.238333 0.127136
v -1.143125 1.239214 0.125950
v -0.869428 1.239548 -0.125298
v -0.874086 1.243335 -0.120964
v -0.870214 1.241012 -0.124554
v -0.871374 1.242244 -0.123468
v -0.872736 1.243063 -0.122208
v -1.309389 1.243754 -0.411934
v -1.314245 1.247560 -0.407637
v -1.310194 1.245224 -0.411190
v -1.311395 1.246464 -0.410112
v -1.312818 1.247284 -0.408865
v -1.599252 1.239800 -0.164078
v -1.594648 1.243841 -0.168024
v -1.598543 1.241333 -0.164688
v -1.597421 1.242639 -0.165653
v -1.596052 1.243520 -0.166824
v -2.496336 1.248688 -0.783119
v -2.485788 1.252771 -0.778112
v -2.495580 1.250272 -0.782677
v -2.493307 1.251605 -0.781569
v -2.489870 1.252481 -0.779966
v -1.790029 1.247220 -0.650915
v -1.798700 1.251074 -0.648382
v -1.791124 1.248699 -0.650305
v -1.793157 1.249952 -0.649609
v -1.795816 1.250786 -0.648933
v -2.393247 1.245373 -0.551638
v -2.384863 1.249393 -0.553814
v -2.392252 1.246904 -0.552113
v -2.390310 1.248207 -0.552694
v -2.387712 1.249081 -0.553291
v 0.039603 1.216809 1.383404
v 0.043894 1.220845 1.379246
v 0.040285 1.218338 1.382778
v 0.041342 1.219641 1.381769
v 0.042608 1.220522 1.380527
v 0.309168 1.221120 1.112131
v 0.304651 1.224903 1.116608
v 0.308394 1.222584 1.112885
v 0.307261 1.223815 1.114000
v 0.305948 1.224632 1.115309
v 0.807413 1.200390 2.467543
v 0.802298 1.204708 2.457468
v 0.806978 1.201994 2.466837
v 0.805853 1.203379 2.464676
v 0.804209 1.204332 2.461388
v 0.524794 1.202671 2.324562
v 0.526972 1.206773 2.316147
v 0.525316 1.204207 2.323612
v 0.525915 1.205528 2.321680
v 0.526495 1.206427 2.319059
v 0.620779 1.213192 1.639618
v 0.618418 1.216934 1.647896
v 0.620165 1.214657 1.640663
v 0.619501 1.215883 1.642605
v 0.618887 1.216681 1.645144
v 0.825579 1.140369 3.017532
v 0.827242 1.140377 3.017033
v 0.826262 1.140350 3.018686
v -2.959387 1.196885 -0.789700
v -2.958879 1.196911 -0.791430
v -2.960550 1.196895 -0.790379
v -1.293176 1.286963 -1.225185
v -1.293184 1.282507 -1.229790
v -1.293916 1.286647 -1.226936
v -1.294176 1.285690 -1.228420
v -1.293920 1.284235 -1.229424
v 1.281885 -1.273107 -1.258633
v 1.277331 -1.273035 -1.263208
v 1.281550 -1.273813 -1.260387
v 1.280562 -1.274046 -1.261873
v 1.279082 -1.273773 -1.262865
v -1.290880 -1.278218 -1.263105
v -1.290197 -1.277422 -1.266575
v -1.291361 -1.278672 -1.264444
v -1.291399 -1.278680 -1.265575
v 1.276549 1.241079 1.339224
v 1.271967 1.245619 1.339264
v 1.276201 1.242799 1.339979
v 1.275206 1.244265 1.340252
v 1.273722 1.245256 1.340000
v -1.296232 1.237637 1.336493
v -1.295530 1.241130 1.335896
v -1.296716 1.238960 1.336996
v -1.296755 1.240088 1.337059
v 1.276034 -1.319619 1.303089
v 1.279494 -1.318794 1.302408
v 1.277365 -1.320095 1.303562
v 1.278490 -1.320105 1.303598
v -1.039888 1.274727 -0.746014
v -1.042295 1.279063 -0.750507
v -1.040075 1.276363 -0.746338
v -1.040594 1.277761 -0.747307
v -1.041376 1.278711 -0.748770
v 0.797236 1.251896 1.089529
v 0.792658 1.247696 1.087061
v 0.795485 1.251595 1.088602
v 0.793997 1.250692 1.087807
v 0.793005 1.249321 1.087265
v -1.044000 1.245969 1.091148
v -1.041551 1.241755 1.088709
v -1.043066 1.245663 1.090231
v -1.042269 1.244753 1.089447
v -1.041738 1.243382 1.088911
v 1.274897 -1.032969 -0.782915
v 1.279181 -1.035281 -0.787493
v 1.276526 -1.033144 -0.783260
v 1.277918 -1.033646 -0.784254
v 1.278849 -1.034396 -0.785738
v 1.272707 0.779379 1.086590
v 1.276964 0.783861 1.089046
v 1.274336 0.779721 1.086779
v 1.275721 0.780692 1.087311
v 1.276640 0.782145 1.088108
v 1.277506 -1.060562 1.063023
v 1.273226 -1.057974 1.060617
v 1.277174 -1.059571 1.062103
v 1.276247 -1.058732 1.061325
v 1.274859 -1.058169 1.060802
v -1.046060 0.816607 -1.234428
v -1.043657 0.812011 -1.230213
v -1.045141 0.814868 -1.234119
v -1.044359 0.813383 -1.233210
v -1.043840 0.812380 -1.231838
v 0.805338 -1.026817 -1.261976
v 0.800757 -1.024493 -1.257704
v 0.803583 -1.025908 -1.261648
v 0.802099 -1.025146 -1.260721
v 0.801104 -1.024650 -1.259336
v -1.045557 -1.027417 -1.262632
v -1.043134 -1.025008 -1.258333
v -1.044630 -1.026475 -1.262291
v -1.043844 -1.025687 -1.261354
v -1.043318 -1.025171 -1.259966
v -1.037740 1.188819 -0.742899
v -1.039865 1.193136 -0.747101
v -1.038553 1.189166 -0.744526
v -1.039243 1.190108 -0.745895
v -1.039701 1.191502 -0.746799
v 0.792681 1.168804 1.086021
v 0.788424 1.164572 1.083836
v 0.792357 1.167176 1.085838
v 0.791434 1.165800 1.085358
v 0.790053 1.164886 1.084656
v -1.041525 1.168259 1.087759
v -1.038511 1.164040 1.084692
v -1.041296 1.166630 1.087509
v -1.040643 1.165258 1.086838
v -1.039663 1.164348 1.085850
v 1.183638 -1.030929 -0.778708
v 1.187903 -1.032992 -0.782993
v 1.183962 -1.031720 -0.780348
v 1.184889 -1.032389 -0.781738
v 1.186270 -1.032836 -0.782669
v 1.181456 0.775122 1.084311
v 1.185713 0.779356 1.086512
v 1.181780 0.776741 1.085152
v 1.182703 0.778115 1.085865
v 1.184084 0.779032 1.086344
v 1.186236 -1.057997 1.060539
v 1.181978 -1.054948 1.057560
v 1.184607 -1.057764 1.060312
v 1.183222 -1.057104 1.059666
v 1.182303 -1.056114 1.058699
v -1.043688 0.810678 -1.143230
v -1.041548 0.806356 -1.139034
v -1.043524 0.810332 -1.141605
v -1.043062 0.809385 -1.140238
v -1.042368 0.807990 -1.139334
v 0.800726 -1.025826 -1.170723
v 0.796465 -1.023771 -1.166433
v 0.800402 -1.025688 -1.169090
v 0.799479 -1.025250 -1.167702
v 0.798094 -1.024577 -1.166769
v -1.043165 -1.026340 -1.171350
v -1.040148 -1.023398 -1.167044
v -1.042936 -1.026136 -1.169718
v -1.042280 -1.025503 -1.168325
v -1.041303 -1.024544 -1.167387
v 0.790068 1.237168 -0.748245
v 0.794325 1.237109 -0.743988
v 0.791701 1.237166 -0.747923
v 0.793082 1.237154 -0.747000
v 0.794005 1.237133 -0.745619
v 0.787993 1.179365 2.918318
v 0.791010 1.179392 2.917072
v 0.789149 1.179356 2.919147
v 0.790781 1.179369 2.918474
v 1.231917 -2.866072 -0.808867
v 1.231917 -2.867368 -0.805866
v 1.231920 -2.867476 -0.808657
v 1.231917 -2.868179 -0.807034
v 1.227549 0.754421 2.925825
v 1.227549 0.751398 2.927025
v 1.227545 0.753510 2.927940
v 0.800223 0.807598 -1.186161
v 0.795958 0.811857 -1.186096
v 0.799895 0.809229 -1.186134
v 0.798971 0.810611 -1.186115
v 0.797590 0.811535 -1.186100
v -2.884542 0.807824 -1.187393
v -2.883302 0.810831 -1.187347
v -2.885374 0.808973 -1.187378
v -2.884702 0.810602 -1.187351
v -2.869821 1.230695 -0.744869
v -2.871073 1.230646 -0.741850
v -2.871221 1.230690 -0.744637
v -2.871900 1.230663 -0.743004
v 1.230875 0.804313 -0.752720
v 1.230879 0.800110 -0.757040
v 1.230875 0.804009 -0.754356
v 1.230875 0.803106 -0.755749
v 1.230875 0.801737 -0.756693
v 0.798243 -2.859170 -1.242289
v 0.801260 -2.857917 -1.242268
v 0.799399 -2.859998 -1.242302
v 0.801031 -2.859319 -1.242290
v -0.215460 -0.342180 -1.118374
v -0.213876 -0.340274 -1.122208
v -0.214456 -0.341030 -1.118656
v -0.213800 -0.340264 -1.119488
v -0.213598 -0.339998 -1.120733
v -0.948961 -0.296578 -1.109974
v -0.950845 -0.298610 -1.113955
v -0.949987 -0.297737 -1.110283
v -0.950708 -0.298531 -1.111149
v -0.951010 -0.298837 -1.112438
v -0.643438 0.050918 -1.107828
v -0.641859 0.052815 -1.111666
v -0.642435 0.052065 -1.108114
v -0.641786 0.052830 -1.108944
v -0.641584 0.053091 -1.110191
v -0.520963 -0.689653 -1.120518
v -0.522848 -0.691688 -1.124500
v -0.521993 -0.690813 -1.120827
v -0.522711 -0.691609 -1.121693
v -0.523012 -0.691917 -1.122982
v -0.156793 -1.110251 -1.130814
v -0.158701 -1.112313 -1.134804
v -0.157831 -1.111423 -1.131124
v -0.158560 -1.112226 -1.131992
v -0.158865 -1.112540 -1.133282
v 0.149058 -0.762383 -1.128670
v 0.150667 -0.760450 -1.132513
v 0.150072 -0.761221 -1.128956
v 0.150736 -0.760446 -1.129787
v 0.150942 -0.760174 -1.131037
v 0.445063 -1.196184 -1.138456
v 0.446635 -1.194101 -1.142317
v 0.446066 -1.194963 -1.138742
v 0.446718 -1.194138 -1.139576
v 0.446917 -1.193835 -1.140829
v 0.145602 -1.556681 -1.140858
v 0.143728 -1.558894 -1.144855
v 0.144575 -1.557911 -1.141172
v 0.143862 -1.558764 -1.142040
v 0.143561 -1.559109 -1.143333
v 0.808336 -2.398516 -1.160706
v 0.812407 -2.407544 -1.165024
v 0.809946 -2.401944 -1.161091
v 0.811289 -2.404864 -1.162046
v 0.812151 -2.406832 -1.163427
v 0.695715 -1.674499 -1.148449
v 0.695822 -1.669450 -1.152275
v 0.696162 -1.672139 -1.148714
v 0.696337 -1.670350 -1.149534
v 0.696219 -1.669405 -1.150787
v 0.548594 -2.339101 -1.157061
v 0.548178 -2.344273 -1.161121
v 0.548128 -2.341463 -1.157396
v 0.547884 -2.343275 -1.158283
v 0.547899 -2.344262 -1.159592
v -1.436456 0.048042 -1.099550
v -1.438493 0.046080 -1.103533
v -1.437544 0.046908 -1.099859
v -1.438310 0.046139 -1.100723
v -1.438646 0.045847 -1.102013
v -1.113436 0.389295 -1.097687
v -1.111719 0.391107 -1.101534
v -1.112379 0.390410 -1.097975
v -1.111681 0.391147 -1.098806
v -1.111448 0.391393 -1.100056
v -2.499174 0.821123 -1.076494
v -2.508249 0.825099 -1.080488
v -2.502592 0.822670 -1.076752
v -2.505518 0.823971 -1.077600
v -2.507501 0.824823 -1.078913
v -2.384359 0.511195 -1.082472
v -2.389852 0.510851 -1.086393
v -2.386766 0.510681 -1.082758
v -2.388658 0.510435 -1.083603
v -2.389742 0.510494 -1.084879
v -1.650614 0.691124 -1.087402
v -1.645780 0.691248 -1.091326
v -1.648363 0.691595 -1.087713
v -1.646654 0.691786 -1.088568
v -1.645750 0.691662 -1.089836
v -0.249010 -0.377391 -1.226429
v -0.253195 -0.382047 -1.230303
v -0.249727 -0.378166 -1.227905
v -0.250772 -0.379324 -1.229160
v -0.251993 -0.380686 -1.230003
v -0.924669 -0.266004 -1.217499
v -0.920778 -0.261471 -1.221439
v -0.924066 -0.265275 -1.219013
v -0.923116 -0.264160 -1.220295
v -0.921961 -0.262823 -1.221146
v -0.676996 0.015697 -1.215885
v -0.681173 0.011051 -1.219757
v -0.677713 0.014924 -1.217363
v -0.678758 0.013769 -1.218616
v -0.679971 0.012408 -1.219458
v -0.496675 -0.659081 -1.228041
v -0.492784 -0.654548 -1.231983
v -0.496073 -0.658355 -1.229557
v -0.495123 -0.657238 -1.230839
v -0.493967 -0.655900 -1.231689
v -0.132528 -1.079710 -1.238335
v -0.128614 -1.075149 -1.242283
v -0.131925 -1.078980 -1.239853
v -0.130968 -1.077856 -1.241133
v -0.129804 -1.076512 -1.241987
v 0.115538 -0.797560 -1.236715
v 0.111323 -0.802248 -1.240599
v 0.114821 -0.798337 -1.238195
v 0.113764 -0.799502 -1.239452
v 0.112536 -0.800877 -1.240297
v 0.411524 -1.231199 -1.246483
v 0.407347 -1.236082 -1.250385
v 0.410803 -1.231993 -1.247967
v 0.409758 -1.233201 -1.249231
v 0.408545 -1.234638 -1.250078
v 0.169897 -1.526296 -1.248379
v 0.173762 -1.521545 -1.252323
v 0.170496 -1.525552 -1.249895
v 0.171442 -1.524385 -1.251179
v 0.172590 -1.522981 -1.252031
v 0.807986 -2.409749 -1.268429
v 0.802775 -2.399248 -1.272371
v 0.807535 -2.408978 -1.270004
v 0.806387 -2.406710 -1.271305
v 0.804713 -2.403293 -1.272137
v 0.660727 -1.706529 -1.256390
v 0.658396 -1.715187 -1.260393
v 0.660143 -1.707617 -1.257893
v 0.659498 -1.709641 -1.259180
v 0.658884 -1.712301 -1.260059
v 0.574347 -2.311677 -1.264635
v 0.576361 -2.303181 -1.268513
v 0.574805 -2.310647 -1.266151
v 0.575350 -2.308671 -1.267418
v 0.575896 -2.306051 -1.268246
v -1.412317 0.078686 -1.207073
v -1.408235 0.083128 -1.211018
v -1.411699 0.079407 -1.208588
v -1.410707 0.080503 -1.209869
v -1.409490 0.081810 -1.210724
v -1.146848 0.353996 -1.205738
v -1.151209 0.349449 -1.209616
v -1.147577 0.353227 -1.207218
v -1.148664 0.352093 -1.208473
v -1.149938 0.350767 -1.209316
v -2.512670 0.822895 -1.183868
v -2.502470 0.818063 -1.188219
v -2.511949 0.822500 -1.185478
v -2.509756 0.821442 -1.186869
v -2.506429 0.819886 -1.187834
v -2.363680 0.543455 -1.189930
v -2.355291 0.545875 -1.193954
v -2.362734 0.544021 -1.191452
v -2.360807 0.544681 -1.192753
v -2.358194 0.545332 -1.193630
v -1.680898 0.654148 -1.195496
v -1.689108 0.651673 -1.199318
v -1.681925 0.653538 -1.196976
v -1.683843 0.652851 -1.198219
v -1.686365 0.652196 -1.199043
v -3.063196 0.828392 -1.126320
v -3.062731 0.830066 -1.126299
v -3.064363 0.829048 -1.126297
v 0.824213 -2.873325 -1.223963
v 0.825930 -2.872782 -1.223972
v 0.824915 -2.874472 -1.223988
v 1.209765 -0.248239 0.363293
v 1.213900 -0.246948 0.361856
v 1.210253 -0.247256 0.362194
v 1.211214 -0.246667 0.361534
v 1.212492 -0.246559 0.361418
v 1.151530 -0.978938 0.309832
v 1.155100 -0.981120 0.312290
v 1.151625 -0.979987 0.311010
v 1.152338 -0.980771 0.311892
v 1.153555 -0.981169 0.312340
v 1.212492 -0.673759 -0.032591
v 1.216631 -0.672480 -0.034018
v 1.212984 -0.672783 -0.033686
v 1.213942 -0.672195 -0.034344
v 1.215224 -0.672089 -0.034460
v 1.148806 -0.553396 0.705692
v 1.152373 -0.555579 0.708155
v 1.148897 -0.554444 0.706871
v 1.149611 -0.555229 0.707752
v 1.150831 -0.555628 0.708204
v 1.137858 -0.191505 1.128239
v 1.141424 -0.193712 1.130724
v 1.137949 -0.192565 1.129427
v 1.138659 -0.193357 1.130318
v 1.139879 -0.193760 1.130774
v 1.198885 0.114002 0.785448
v 1.203036 0.115314 0.783987
v 1.199381 0.114992 0.784336
v 1.200342 0.115590 0.783669
v 1.201624 0.115704 0.783546
v 1.180777 0.407950 1.220383
v 1.184962 0.409225 1.218771
v 1.181277 0.408928 1.219212
v 1.182249 0.409514 1.218494
v 1.183542 0.409618 1.218340
v 1.119028 0.108778 1.575808
v 1.122591 0.106605 1.578447
v 1.119116 0.107731 1.577055
v 1.119826 0.106952 1.577995
v 1.121046 0.106556 1.578484
v 1.091379 0.767201 2.420801
v 1.094919 0.770924 2.430307
v 1.091486 0.768774 2.424267
v 1.092196 0.770037 2.427290
v 1.093401 0.770790 2.429411
v 1.154330 0.656608 1.699110
v 1.158709 0.656430 1.694534
v 1.154894 0.657034 1.696800
v 1.155928 0.657151 1.695120
v 1.157267 0.656940 1.694324
v 1.075091 0.508545 2.358816
v 1.078486 0.507817 2.364416
v 1.075114 0.508051 2.361197
v 1.075770 0.507740 2.363098
v 1.076952 0.507657 2.364227
v 1.144312 -1.463868 -0.038469
v 1.147871 -1.466204 -0.036081
v 1.144404 -1.464978 -0.037317
v 1.145113 -1.465812 -0.036459
v 1.146330 -1.466243 -0.036026
v 1.206145 -1.141273 -0.374481
v 1.210295 -1.139853 -0.375824
v 1.206637 -1.140242 -0.375547
v 1.207602 -1.139607 -0.376175
v 1.208884 -1.139470 -0.376272
v 1.130755 -2.520952 -0.819458
v 1.134485 -2.530299 -0.823040
v 1.130930 -2.524379 -0.821003
v 1.131701 -2.527357 -0.822224
v 1.132952 -2.529435 -0.822937
v 1.109541 -2.407253 -0.509789
v 1.112974 -2.413027 -0.509052
v 1.109583 -2.409676 -0.509270
v 1.110251 -2.411626 -0.508945
v 1.111441 -2.412802 -0.508869
v 1.190386 -1.675802 -0.680748
v 1.194651 -1.671282 -0.680372
v 1.190920 -1.673581 -0.681160
v 1.191916 -1.671942 -0.681231
v 1.193224 -1.671133 -0.680958
v 1.310198 -0.289925 0.410366
v 1.313185 -0.294397 0.415396
v 1.311518 -0.290752 0.411299
v 1.312548 -0.291893 0.412582
v 1.313135 -0.293173 0.414021
v 1.263388 -0.962841 0.292067
v 1.268107 -0.959257 0.288057
v 1.265017 -0.962353 0.291525
v 1.266485 -0.961500 0.290571
v 1.267569 -0.960413 0.289354
v 1.312929 -0.715456 0.014492
v 1.315916 -0.719920 0.019512
v 1.314249 -0.716284 0.015425
v 1.315279 -0.717422 0.016706
v 1.315867 -0.718700 0.018143
v 1.260657 -0.537300 0.687931
v 1.265379 -0.533714 0.683918
v 1.262289 -0.536814 0.687387
v 1.263758 -0.535959 0.686436
v 1.264841 -0.534872 0.685217
v 1.249701 -0.175434 1.110504
v 1.254431 -0.171823 1.106464
v 1.251333 -0.174944 1.109959
v 1.252806 -0.174086 1.108999
v 1.253893 -0.172990 1.107773
v 1.299319 0.072346 0.832487
v 1.302309 0.067841 0.837549
v 1.300642 0.071512 0.833424
v 1.301672 0.070367 0.834715
v 1.302260 0.069077 0.836163
v 1.281210 0.366271 1.267256
v 1.284197 0.361807 1.272516
v 1.282538 0.365441 1.268209
v 1.283571 0.364301 1.269545
v 1.284155 0.363025 1.271057
v 1.230856 0.124882 1.558228
v 1.235605 0.128443 1.554001
v 1.232493 0.125368 1.557669
v 1.233969 0.126215 1.556669
v 1.235060 0.127295 1.555382
v 1.196757 0.758669 2.444345
v 1.201479 0.753186 2.434317
v 1.198370 0.758101 2.443754
v 1.199835 0.756857 2.441641
v 1.200926 0.755132 2.438326
v 1.254915 0.613496 1.742996
v 1.257704 0.610860 1.752033
v 1.256232 0.612803 1.744240
v 1.257227 0.612057 1.746395
v 1.257742 0.611376 1.749132
v 1.186739 0.526091 2.344198
v 1.191714 0.527815 2.336226
v 1.188395 0.526438 2.343353
v 1.189921 0.526888 2.341541
v 1.191084 0.527374 2.339039
v 1.256159 -1.447925 -0.056305
v 1.260885 -1.444149 -0.060221
v 1.257788 -1.447422 -0.056839
v 1.259260 -1.446528 -0.057772
v 1.260348 -1.445379 -0.058960
v 1.306582 -1.182823 -0.327322
v 1.309569 -1.187472 -0.322403
v 1.307902 -1.183663 -0.326397
v 1.308932 -1.184843 -0.325136
v 1.309519 -1.186180 -0.323734
v 1.236296 -2.542550 -0.809004
v 1.240813 -2.532715 -0.803604
v 1.237898 -2.541953 -0.808418
v 1.239317 -2.539873 -0.807188
v 1.240343 -2.536630 -0.805496
v 1.221255 -2.394749 -0.529274
v 1.226153 -2.386690 -0.531132
v 1.222899 -2.393920 -0.529652
v 1.224406 -2.392097 -0.530138
v 1.225550 -2.389560 -0.530659
v 1.290903 -1.714238 -0.631886
v 1.293787 -1.722716 -0.629066
v 1.292223 -1.715373 -0.631119
v 1.293230 -1.717384 -0.630314
v 1.293780 -1.719960 -0.629593
v 1.138518 -3.087118 -0.826485
v 1.138724 -3.086654 -0.828148
v 1.138483 -3.088281 -0.827152
v 1.100432 0.777722 2.899868
v 1.100634 0.779438 2.899347
v 1.100378 0.778421 2.901018
v 1.274107 0.755637 2.932636
v 1.278307 -2.872027 -0.809910
v -2.875814 1.271676 -0.745325
v -2.889265 0.812506 -1.233715
v 0.802290 -2.863198 -1.288710
v 1.186449 -1.539363 1.507374
v -3.863199 1.277036 -1.232517
vn 0.0822 -0.9942 -0.0692
vn 0.0003 -0.9999 -0.0152
vn 0.0783 -0.9942 -0.0736
vn 0.7133 0.3614 -0.6005
vn 0.6466 0.4536 -0.6133
vn 0.6828 0.4528 -0.5733
vn -0.0676 -0.9965 0.0500
vn -0.6136 0.2606 0.7454
vn -0.5534 0.3523 0.7547
vn -0.5720 0.2572 0.7789
vn 0.0582 -0.9939 -0.0940
vn 0.0620 -0.9940 -0.0898
vn 0.7472 0.3615 -0.5576
vn 0.7162 0.4508 -0.5327
vn -0.7731 0.2637 0.5769
vn -0.7911 0.3565 0.4971
vn -0.7471 0.3593 0.5592
vn -0.6939 0.2654 0.6694
vn -0.6315 0.3581 0.6878
vn -0.6532 0.2619 0.7104
vn 0.0656 -0.9941 -0.0864
vn 0.0699 -0.9942 -0.0819
vn -0.0637 -0.9965 0.0538
vn -0.5072 0.3474 0.7887
vn -0.5236 0.2528 0.8136
vn 0.4657 0.3503 -0.8127
vn 0.4918 0.4444 -0.7487
vn 0.5129 0.3547 -0.7817
vn 0.5575 0.3591 -0.7485
vn 0.5730 0.4514 -0.6840
vn 0.5982 0.3611 -0.7153
vn -0.4554 0.3408 0.8225
vn -0.4694 0.2474 0.8476
vn -0.4140 0.3348 0.8465
vn -0.4263 0.2421 0.8716
vn 0.3885 0.3422 -0.8556
vn 0.4042 0.4324 -0.8060
vn 0.4210 0.3448 -0.8390
vn 0.0535 -0.9938 -0.0977
vn -0.3945 0.3318 0.8569
vn -0.4061 0.2408 0.8815
vn -0.4309 0.3373 0.8370
vn -0.5236 0.0764 0.8485
vn 0.1790 0.2853 -0.9416
vn 0.3735 0.4272 -0.8234
vn 0.0451 -0.9932 -0.1074
vn 0.0489 -0.9936 -0.1019
vn 0.7794 0.3579 -0.5143
vn 0.7473 0.4476 -0.4912
vn 0.8067 0.3547 -0.4727
vn 0.7743 0.4435 -0.4514
vn -0.8547 0.2601 0.4493
vn -0.8441 0.3491 0.4069
vn -0.8275 0.3520 0.4375
vn -0.0713 -0.9964 0.0456
vn 0.8236 0.3544 -0.4427
vn 0.7919 0.4401 -0.4233
vn 0.9274 0.3037 -0.2184
vn 0.8911 0.3987 -0.2168
vn -0.8710 0.2587 0.4176
vn -0.8260 0.3522 0.4401
vn -0.0789 -0.9963 0.0348
vn 0.6183 0.5246 -0.5852
vn 0.6529 0.5240 -0.5469
vn -0.0003 0.9999 0.0152
vn 0.0481 0.9975 -0.0509
vn -0.5934 0.3557 0.7221
vn -0.5323 0.4329 0.7275
vn -0.0462 0.9953 0.0848
vn -0.0417 0.9952 0.0881
vn 0.6850 0.5219 -0.5083
vn 0.7152 0.5182 -0.4690
vn -0.6708 0.3597 0.6486
vn -0.6819 0.4396 0.5846
vn -0.6450 0.4394 0.6252
vn -0.6069 0.4389 0.6626
vn -0.7090 0.3601 0.6063
vn -0.7184 0.4398 0.5390
vn 0.6095 0.4531 -0.6505
vn 0.5343 0.4487 -0.7164
vn 0.5481 0.5230 -0.6528
vn 0.5115 0.5199 -0.6842
vn -0.4386 0.4201 0.7944
vn -0.0495 0.9955 0.0813
vn 0.4470 0.4388 -0.7795
vn 0.4712 0.5156 -0.7157
vn 0.4286 0.5105 -0.7455
vn -0.3808 0.4092 0.8292
vn -0.0389 0.9950 0.0922
vn 0.3885 0.5030 -0.7721
vn 0.1822 0.3807 -0.9066
vn 0.3596 0.4970 -0.7897
vn -0.3990 0.4493 0.7993
vn 0.0650 0.9973 -0.0339
vn -0.7613 0.4368 0.4792
vn -0.7977 0.4305 0.4223
vn 0.7411 0.5145 -0.4314
vn 0.7592 0.5094 -0.4052
vn 0.0722 0.9970 -0.0270
vn 0.0681 0.9972 -0.0301
vn -0.8143 0.4268 0.3933
vn -0.7844 0.4651 0.4103
vn 0.8548 0.4709 -0.2181
vn -0.7335 0.2658 0.6256
vn 0.9978 -0.0642 -0.0170
vn 0.9981 0.0386 -0.0471
vn 0.9881 0.1404 -0.0625
vn -0.0626 0.9957 0.0680
vn -0.0656 0.9958 0.0638
vn -0.5705 0.4362 0.6958
vn -0.0594 0.9956 0.0718
vn -0.0860 -0.9958 0.0310
vn 0.0744 -0.9942 -0.0780
vn -0.0752 0.9956 0.0552
vn -0.0051 -0.0533 -0.9986
vn -0.2794 -0.1506 -0.9483
vn 0.0288 0.0493 -0.9984
vn -0.1607 0.1641 -0.9733
vn 0.0475 0.1496 -0.9876
vn 0.0450 0.9975 -0.0552
vn 0.6363 0.3632 -0.6806
vn 0.0617 0.9974 -0.0375
vn 0.5829 0.5245 -0.6206
vn 0.0960 -0.9953 -0.0150
vn -0.0903 -0.9955 0.0287
vn 0.1077 -0.9932 -0.0445
vn 0.0903 -0.9939 -0.0631
vn 0.0901 0.9959 -0.0115
vn 0.0758 0.9968 -0.0255
vn -0.0793 0.9954 0.0534
vn 0.0948 0.9955 0.0087
vn 0.0430 -0.9927 -0.1124
vn -0.0563 -0.9966 0.0609
vn -0.4880 0.4284 0.7605
vn 0.0356 0.9972 -0.0663
vn -0.0004 0.9999 0.0153
vn -0.0602 -0.9965 0.0576
vn -0.0520 -0.9965 0.0648
vn -0.0561 0.9956 0.0752
vn -0.8182 0.2619 0.5119
vn 0.0006 0.0914 0.9958
vn -0.0968 -0.0135 0.9952
vn -0.0703 0.1173 0.9906
vn -0.0695 0.9958 0.0588
vn 0.0004 -0.9999 -0.0152
vn 0.0258 -0.9919 -0.1241
vn -0.0428 -0.9961 0.0773
vn -0.0017 -0.9939 -0.1106
vn -0.0379 0.9947 0.0953
vn 0.0043 0.9968 -0.0796
vn -0.0330 0.9995 -0.0003
vn 0.0229 0.9968 -0.0770
vn 0.9457 -0.2049 0.2524
vn 0.8942 -0.4400 0.0825
vn 0.0863 -0.9941 -0.0651
vn 0.9782 0.1413 0.1521
vn 0.0372 0.9974 -0.0621
vn 0.6752 0.3630 -0.6421
vn -0.0529 0.9955 0.0783
vn 0.0409 0.9974 -0.0585
vn -0.0474 -0.9965 0.0692
vn -0.3991 0.4135 0.8184
vn 0.1870 0.4559 -0.8702
vn 0.0516 0.9975 -0.0487
vn 0.0547 0.9975 -0.0443
vn 0.0580 0.9975 -0.0409
vn -0.0756 -0.9963 0.0414
vn -0.0438 -0.9964 0.0731
vn 0.0148 0.0100 -0.9998
vn 0.0007 0.0151 -0.9999
vn 0.0053 0.0141 -0.9999
vn -0.9900 0.0554 -0.1299
vn -1.0000 -0.0003 -0.0004
vn -0.9945 0.0013 -0.1049
vn -0.9869 0.0176 -0.1605
vn -0.9952 0.0012 -0.0982
vn -0.0972 -0.0824 -0.9919
vn 0.0003 0.0153 -0.9999
vn 0.0004 -0.0828 -0.9966
vn 0.9999 -0.0037 -0.0110
vn 1.0000 0.0048 -0.0032
vn 0.9925 0.0881 -0.0852
vn 0.0450 0.0831 0.9955
vn 0.0009 -0.0133 0.9999
vn 0.0003 -0.9999 -0.0136
vn 0.1597 -0.9803 -0.1164
vn 0.0989 -0.9950 -0.0134
vn 0.0697 0.0848 -0.9940
vn 0.0740 -0.0155 -0.9971
vn -0.0019 1.0000 0.0073
vn -0.0023 0.9998 0.0174
vn -0.0007 0.9998 0.0194
vn 0.0948 0.0913 0.9913
vn -0.0009 -0.0141 0.9999
vn -0.0009 0.0670 0.9977
vn -0.0984 0.9951 0.0134
vn 0.0690 0.9961 -0.0557
vn -0.0306 0.9977 -0.0604
vn -0.0009 -0.1120 0.9937
vn 0.0968 -0.0140 0.9952
vn -0.0004 0.9998 0.0179
vn -0.1518 0.9740 0.1684
vn 1.0000 0.0047 0.0012
vn 0.9675 -0.1811 0.1767
vn 0.9881 -0.1425 -0.0582
vn 1.0000 0.0011 0.0007
vn 0.7050 0.0881 -0.7037
vn 0.7624 0.0087 -0.6470
vn 0.7389 0.1112 -0.6646
vn -0.9944 0.1056 0.0010
vn -0.9953 -0.0016 0.0964
vn -1.0000 -0.0003 -0.0009
vn 0.0012 0.0144 -0.9999
vn 0.1021 0.0146 -0.9947
vn 0.0052 0.0150 -0.9999
vn -0.1845 -0.1726 -0.9676
vn -0.2157 0.2029 -0.9551
vn -0.0226 0.9991 0.0361
vn -0.0028 0.9998 0.0181
vn -0.0031 0.9940 0.1096
vn 0.6285 0.0843 -0.7732
vn 0.7072 0.0094 -0.7069
vn -0.4647 -0.4794 0.7445
vn -0.5768 -0.5876 0.5675
vn -0.5148 -0.6166 0.5956
vn 1.0000 0.0006 0.0014
vn 0.9956 0.0023 -0.0932
vn 0.9904 0.1004 -0.0947
vn 0.0007 0.0108 -0.9999
vn 0.0004 -0.0826 -0.9966
vn 0.0038 0.9998 0.0179
vn -0.0993 0.9949 0.0178
vn -0.0019 0.9968 -0.0801
vn -0.1972 0.9804 0.0015
vn 0.0010 0.1096 -0.9940
vn 0.1040 -0.9945 -0.0134
vn 0.0002 -0.9964 0.0850
vn 0.1308 -0.9897 0.0576
vn 0.0728 0.7843 -0.6161
vn 0.0004 0.7180 -0.6960
vn 0.0818 0.7156 -0.6937
vn 0.0014 0.0110 -0.9999
vn 0.0612 -0.1469 -0.9873
vn 0.0779 0.6394 -0.7650
vn -0.0013 0.5698 -0.8218
vn 0.0963 -0.9882 -0.1193
vn 0.0009 0.9999 0.0162
vn 0.1002 0.9948 0.0179
vn 0.0982 0.9917 -0.0827
vn 0.9999 0.0145 0.0058
vn 1.0000 0.0005 0.0055
vn 0.9952 -0.0011 0.0974
vn -0.0207 -0.0056 -0.9998
vn 0.0181 0.9750 0.2215
vn 0.0828 -0.0130 0.9965
vn 0.0009 0.0992 0.9951
vn -0.9951 -0.0992 -0.0018
vn -0.9889 -0.0687 -0.1316
vn 0.7034 0.7075 -0.0686
vn 0.7608 0.6490 0.0102
vn 0.7056 0.7085 0.0111
vn -0.6047 -0.6148 0.5063
vn -0.6042 -0.5291 0.5958
vn -0.7494 -0.4767 0.4595
vn 0.6683 0.7435 -0.0243
vn 0.6466 0.7628 0.0119
vn 0.0003 -0.9929 -0.1191
vn -0.0972 -0.9951 -0.0153
vn 0.0003 -0.9999 -0.0153
vn 0.9949 0.1008 0.0027
vn 1.0000 0.0004 0.0009
vn 0.1031 -0.0140 0.9946
vn 0.9869 0.0605 0.1496
vn -0.4631 -0.7620 0.4527
vn 0.0981 0.1115 -0.9889
vn -0.9903 -0.0973 -0.0987
vn 0.6849 0.7130 -0.1498
vn 0.7022 0.7066 -0.0870
vn -0.9907 0.0953 0.0971
vn -0.9938 0.1111 0.0006
vn 0.7097 0.1696 -0.6838
vn 0.6474 0.0100 -0.7621
vn 0.7039 0.1070 -0.7022
vn 0.1609 0.7203 -0.6747
vn 0.0986 0.7146 -0.6926
vn 0.0977 -0.9917 0.0839
vn 0.1598 0.6325 -0.7579
vn 0.0093 0.9997 0.0226
vn 0.0834 0.9941 -0.0687
vn -0.9899 0.0962 -0.1038
vn -0.9967 0.0007 -0.0813
vn -0.9883 0.1518 -0.0150
vn -0.0964 0.0839 0.9918
vn 0.9995 -0.0202 0.0224
vn 0.9907 -0.0962 0.0962
vn 1.0000 0.0003 0.0009
vn 0.9951 -0.0011 0.0985
vn 0.9951 0.0721 -0.0674
vn 0.9967 0.0737 0.0329
vn -0.0858 0.0152 -0.9962
vn -0.0038 0.0229 -0.9997
vn -0.0977 0.0152 -0.9951
vn -0.0304 0.0893 -0.9955
vn -0.0966 -0.9890 -0.1120
vn 0.0003 -0.9937 -0.1124
vn -0.0002 0.9937 0.1117
vn 0.0736 0.9963 0.0433
vn -0.0972 0.9891 0.1104
vn -0.0003 0.9999 0.0136
vn 0.9957 -0.0926 -0.0003
vn 0.9951 -0.0993 -0.0004
vn 0.9968 -0.0302 -0.0736
vn 0.1599 0.0028 0.9871
vn 0.0854 0.1006 -0.9913
vn 0.0536 -0.9883 -0.1429
vn 0.0811 -0.9966 -0.0152
vn 0.1039 -0.9791 -0.1747
vn 0.0628 0.0677 0.9957
vn 0.0105 -0.0154 0.9998
vn 0.0671 0.0637 0.9957
vn 0.5868 0.7314 -0.3476
vn 0.6015 0.6667 -0.4402
vn 0.5607 0.7020 -0.4391
vn -0.0533 -0.0848 0.9950
vn -0.7309 -0.6250 -0.2742
vn -0.7411 -0.5637 -0.3648
vn -0.7651 -0.5841 -0.2710
vn 0.0877 0.0440 0.9952
vn 0.0839 0.0480 0.9953
vn 0.5433 0.7647 -0.3466
vn 0.5194 0.7345 -0.4367
vn -0.5589 -0.7809 -0.2789
vn -0.4784 -0.7957 -0.3715
vn -0.5414 -0.7530 -0.3740
vn -0.6534 -0.7039 -0.2784
vn -0.6724 -0.6401 -0.3716
vn -0.6946 -0.6638 -0.2773
vn 0.0802 0.0517 0.9954
vn 0.0759 0.0559 0.9955
vn -0.0574 -0.0810 0.9951
vn -0.7761 -0.5182 -0.3594
vn -0.8010 -0.5367 -0.2652
vn 0.8043 0.4885 -0.3384
vn 0.7401 0.5147 -0.4328
vn 0.7720 0.5349 -0.3435
vn 0.7383 0.5790 -0.3459
vn 0.6737 0.5946 -0.4389
vn 0.7042 0.6190 -0.3478
vn -0.8110 -0.4673 -0.3521
vn -0.8361 -0.4832 -0.2597
vn -0.8358 -0.4265 -0.3456
vn -0.8613 -0.4409 -0.2526
vn 0.8484 0.4119 -0.3325
vn 0.7992 0.4281 -0.4219
vn 0.8312 0.4441 -0.3344
vn 0.0923 0.0399 0.9949
vn -0.8467 -0.4073 -0.3423
vn -0.8716 -0.4209 -0.2512
vn -0.8259 -0.4433 -0.3484
vn -0.8382 -0.5381 -0.0892
vn 0.9387 0.2034 -0.2784
vn 0.8172 0.3977 -0.4171
vn 0.1018 0.0315 0.9943
vn 0.0962 0.0352 0.9947
vn 0.4989 0.7954 -0.3441
vn 0.4772 0.7646 -0.4332
vn 0.4569 0.8219 -0.3402
vn 0.4368 0.7907 -0.4289
vn -0.4298 -0.8599 -0.2753
vn -0.3872 -0.8469 -0.3646
vn -0.4181 -0.8308 -0.3673
vn -0.0490 -0.0885 0.9949
vn 0.4268 0.8387 -0.3383
vn 0.4083 0.8077 -0.4253
vn 0.1998 0.9366 -0.2879
vn 0.1996 0.9018 -0.3833
vn -0.3977 -0.8755 -0.2744
vn -0.4206 -0.8295 -0.3675
vn -0.0382 -0.0963 0.9946
vn 0.5744 0.6391 -0.5114
vn 0.5355 0.6729 -0.5104
vn -0.0105 0.0154 -0.9998
vn 0.0547 0.0653 -0.9964
vn -0.7076 -0.6028 -0.3687
vn -0.7143 -0.5409 -0.4440
vn -0.0793 -0.0319 -0.9963
vn -0.0825 -0.0276 -0.9962
vn 0.4958 0.7039 -0.5086
vn 0.4560 0.7332 -0.5046
vn -0.6325 -0.6786 -0.3736
vn -0.5674 -0.6867 -0.4544
vn -0.6089 -0.6507 -0.4537
vn -0.6478 -0.6141 -0.4509
vn -0.5893 -0.7159 -0.3744
vn -0.5214 -0.7226 -0.4539
vn 0.6395 0.6304 -0.4401
vn 0.7069 0.5565 -0.4365
vn 0.6435 0.5703 -0.5105
vn 0.6758 0.5344 -0.5077
vn -0.7829 -0.4486 -0.4312
vn -0.0761 -0.0357 -0.9965
vn 0.7718 0.4705 -0.4277
vn 0.7074 0.4942 -0.5053
vn 0.7384 0.4524 -0.5001
vn -0.8194 -0.3920 -0.4184
vn -0.0105 0.0153 -0.9998
vn -0.0875 -0.0253 -0.9958
vn 0.7656 0.4127 -0.4934
vn 0.9042 0.2075 -0.3732
vn 0.7841 0.3841 -0.4874
vn -0.6171 -0.5776 -0.5344
vn 0.0375 0.0822 -0.9959
vn -0.4608 -0.7641 -0.4515
vn -0.4032 -0.7996 -0.4451
vn 0.4179 0.7585 -0.4999
vn 0.3913 0.7757 -0.4952
vn 0.0301 0.0888 -0.9956
vn 0.0334 0.0848 -0.9958
vn -0.3740 -0.8162 -0.4404
vn -0.5655 -0.6203 -0.5435
vn 0.2019 0.8665 -0.4565
vn -0.6086 -0.7425 -0.2798
vn -0.0046 0.9968 0.0800
vn 0.0260 0.9994 -0.0225
vn 0.0420 0.9916 -0.1224
vn -0.0620 -0.0481 -0.9969
vn -0.0583 -0.0514 -0.9970
vn -0.6815 -0.5782 -0.4486
vn -0.0660 -0.0452 -0.9968
vn -0.0332 -0.1015 0.9943
vn 0.0715 0.0599 0.9956
vn -0.0486 -0.0597 -0.9970
vn 0.9982 0.0153 0.0581
vn 0.9530 -0.2605 0.1548
vn 0.9977 0.0508 -0.0438
vn 0.9959 0.0264 0.0862
vn 0.9871 0.0709 -0.1434
vn 0.0586 0.0619 -0.9964
vn 0.6685 0.6564 -0.3496
vn 0.0406 0.0783 -0.9961
vn 0.6108 0.6043 -0.5116
vn 0.0083 0.0813 0.9967
vn -0.0315 -0.1072 0.9937
vn 0.0375 0.0927 0.9950
vn 0.0565 0.0756 0.9955
vn 0.0142 0.1060 -0.9943
vn 0.0285 0.0922 -0.9953
vn -0.0468 -0.0642 -0.9968
vn -0.0061 0.1099 -0.9939
vn 0.0105 -0.0153 0.9998
vn 0.1060 0.0292 0.9939
vn -0.0649 -0.0740 0.9951
vn -0.7483 -0.4972 -0.4393
vn 0.0695 0.0526 -0.9962
vn -0.0106 0.0153 -0.9998
vn -0.0616 -0.0779 0.9951
vn -0.0683 -0.0693 0.9953
vn -0.0694 -0.0417 -0.9967
vn -0.4929 -0.8244 -0.2781
vn -0.9738 0.1381 -0.1809
vn -0.9913 0.0863 -0.0996
vn -0.9739 0.1423 -0.1766
vn -0.0524 -0.0544 -0.9971
vn 0.0106 -0.0153 0.9998
vn 0.1198 0.0127 0.9927
vn -0.0811 -0.0604 0.9949
vn 0.1065 -0.0153 0.9942
vn -0.0904 -0.0243 -0.9956
vn 0.0844 0.0220 -0.9962
vn 0.0058 -0.0171 -0.9998
vn 0.0809 0.0404 -0.9959
vn -0.2723 0.9362 0.2223
vn -0.1036 0.8842 0.4555
vn 0.0587 0.0719 0.9957
vn 0.0033 0.9913 0.1316
vn 0.0666 0.0548 -0.9963
vn 0.6292 0.6941 -0.3497
vn -0.0718 -0.0380 -0.9967
vn 0.0628 0.0585 -0.9963
vn -0.0734 -0.0651 0.9952
vn -0.8078 -0.4099 -0.4237
vn 0.8683 0.2129 -0.4480
vn 0.0518 0.0690 -0.9963
vn 0.0478 0.0716 -0.9963
vn 0.0447 0.0754 -0.9962
vn -0.0441 -0.0919 0.9948
vn -0.0774 -0.0616 0.9951
vn 0.4740 0.5591 -0.6803
vn 0.5582 0.5671 -0.6057
vn 0.5581 0.5266 -0.6413
vn -0.9993 0.0223 -0.0308
vn 0.1448 -0.7502 0.6452
vn 0.2405 -0.7672 0.5946
vn 0.1433 -0.7846 0.6032
vn -0.9741 0.1622 -0.1575
vn -0.9740 0.1591 -0.1613
vn 0.4725 0.5162 -0.7143
vn 0.5564 0.4856 -0.6743
vn 0.1448 -0.5793 0.8022
vn 0.2401 -0.5061 0.8284
vn 0.2428 -0.5690 0.7857
vn 0.1463 -0.6733 0.7247
vn 0.2436 -0.6994 0.6720
vn 0.1455 -0.7144 0.6844
vn -0.9739 0.1564 -0.1647
vn -0.9739 0.1517 -0.1691
vn -0.9992 0.0181 -0.0344
vn 0.2378 -0.8017 0.5485
vn 0.1413 -0.8193 0.5557
vn 0.4518 0.7769 -0.4385
vn 0.5437 0.7057 -0.4542
vn 0.4597 0.7443 -0.4846
vn 0.4653 0.7108 -0.5275
vn 0.5540 0.6391 -0.5335
vn 0.4698 0.6761 -0.5676
vn 0.2339 -0.8358 0.4967
vn 0.1375 -0.8544 0.5011
vn 0.2302 -0.8601 0.4552
vn 0.1359 -0.8780 0.4590
vn 0.4400 0.8217 -0.3623
vn 0.5274 0.7653 -0.3689
vn 0.4443 0.8042 -0.3948
vn -0.9741 0.1663 -0.1530
vn 0.2283 -0.8707 0.4356
vn 0.1346 -0.8887 0.4384
vn 0.2317 -0.8505 0.4723
vn -0.0377 -0.8412 0.5394
vn 0.3694 0.9152 -0.1609
vn 0.5205 0.7836 -0.3391
vn -0.9733 0.1781 -0.1445
vn -0.9739 0.1715 -0.1484
vn 0.4692 0.4729 -0.7458
vn 0.5532 0.4438 -0.7050
vn 0.4665 0.4306 -0.7727
vn 0.5489 0.4039 -0.7318
vn 0.1408 -0.4504 0.8817
vn 0.2342 -0.4146 0.8793
vn 0.2365 -0.4456 0.8634
vn -0.9993 0.0265 -0.0269
vn 0.4647 0.4014 -0.7893
vn 0.5452 0.3758 -0.7494
vn 0.4081 0.1785 -0.8953
vn 0.4988 0.1709 -0.8497
vn 0.1413 -0.4183 0.8973
vn 0.2366 -0.4483 0.8620
vn -0.9991 0.0376 -0.0196
vn 0.6238 0.5345 -0.5702
vn 0.6237 0.4957 -0.6043
vn 0.9913 -0.0863 0.0996
vn 0.9985 -0.0208 0.0501
vn 0.2424 -0.7341 0.6343
vn 0.3244 -0.7463 0.5812
vn 0.9772 -0.1548 0.1456
vn 0.9772 -0.1584 0.1415
vn 0.6222 0.4566 -0.6358
vn 0.6189 0.4170 -0.6656
vn 0.2441 -0.6597 0.7108
vn 0.3278 -0.6017 0.7284
vn 0.3283 -0.6423 0.6926
vn 0.3272 -0.6807 0.6555
vn 0.2439 -0.6168 0.7484
vn 0.3269 -0.5551 0.7648
vn 0.5567 0.6049 -0.5693
vn 0.5497 0.6724 -0.4957
vn 0.6200 0.6035 -0.5014
vn 0.6160 0.6356 -0.4655
vn 0.3167 -0.8137 0.4875
vn 0.9773 -0.1507 0.1490
vn 0.5360 0.7377 -0.4105
vn 0.6103 0.6678 -0.4261
vn 0.6024 0.6992 -0.3849
vn 0.3086 -0.8488 0.4293
vn 0.9771 -0.1616 0.1383
vn 0.5938 0.7265 -0.3458
vn 0.4617 0.8735 -0.1544
vn 0.5864 0.7450 -0.3181
vn 0.3499 -0.8207 0.4517
vn 0.9987 -0.0386 0.0340
vn 0.3241 -0.4945 0.8065
vn 0.3179 -0.4367 0.8416
vn 0.6139 0.3798 -0.6920
vn 0.6097 0.3535 -0.7094
vn 0.9986 -0.0453 0.0265
vn 0.9987 -0.0421 0.0304
vn 0.3138 -0.4072 0.8577
vn 0.3559 -0.4271 0.8312
vn 0.5669 0.1677 -0.8065
vn 0.1456 -0.6289 0.7637
vn 0.0345 0.0026 -0.9994
vn 0.1396 0.0253 -0.9899
vn 0.2393 0.0336 -0.9704
vn 0.9772 -0.1376 0.1620
vn 0.9772 -0.1339 0.1648
vn 0.3264 -0.7142 0.6192
vn 0.9773 -0.1410 0.1584
vn -0.9990 0.0425 -0.0136
vn -0.9737 0.1473 -0.1737
vn 0.9770 -0.1233 0.1739
vn 0.0191 0.9997 -0.0121
vn -0.1078 0.9615 0.2526
vn 0.1243 0.9916 -0.0356
vn 0.2173 0.9622 0.1641
vn 0.2251 0.9733 -0.0442
vn 0.9984 -0.0179 0.0542
vn 0.4719 0.6406 -0.6057
vn 0.9987 -0.0349 0.0372
vn 0.6225 0.5707 -0.5355
vn -0.9773 0.0840 -0.1947
vn -0.9990 0.0431 -0.0083
vn -0.9721 0.1129 -0.2057
vn -0.9730 0.1322 -0.1895
vn 0.9981 -0.0608 0.0089
vn 0.9986 -0.0476 0.0231
vn 0.9763 -0.1224 0.1782
vn 0.9967 -0.0814 0.0050
vn -0.9735 0.1795 -0.1417
vn -0.9990 0.0114 -0.0422
vn 0.3209 -0.7804 0.5367
vn 0.9980 -0.0054 0.0629
vn 0.9913 -0.0864 0.0997
vn -0.9992 0.0142 -0.0378
vn -0.9989 0.0061 -0.0460
vn 0.9772 -0.1444 0.1556
vn 0.1434 -0.5135 0.8460
vn 0.9774 -0.1281 0.1685
vn -0.9913 0.0863 -0.0997
vn -0.9729 0.1942 -0.1255
vn -0.9985 -0.0025 -0.0554
vn -0.9784 0.1817 -0.0981
vn 0.9765 -0.1658 0.1378
vn 0.9956 0.0085 0.0936
vn 0.9886 -0.0724 0.1319
vn 0.9972 0.0042 0.0751
vn -0.1288 -0.2561 -0.9580
vn -0.3572 -0.0682 -0.9315
vn -0.9735 0.1341 -0.1854
vn 0.2274 -0.1799 -0.9570
vn 0.9981 -0.0073 0.0609
vn 0.4740 0.6008 -0.6438
vn 0.9770 -0.1492 0.1522
vn 0.9982 -0.0142 0.0579
vn -0.9987 0.0033 -0.0510
vn 0.3123 -0.8375 0.4483
vn 0.5339 0.8319 -0.1513
vn 0.9987 -0.0220 0.0469
vn 0.9987 -0.0269 0.0438
vn 0.9987 -0.0308 0.0402
vn -0.9992 0.0312 -0.0232
vn -0.9985 -0.0030 -0.0540
vn -0.1171 -0.4044 -0.9071
vn -0.1894 -0.7105 -0.6777
vn -0.5490 -0.6253 -0.5547
vn -0.0623 -0.5922 -0.8034
vn -0.1660 -0.9051 -0.3916
vn -0.3600 -0.6989 -0.6180
vn -0.8172 -0.5241 -0.2397
vn -0.2662 -0.8745 -0.4055
vn -0.1946 -0.9375 0.2885
vn -0.0564 -0.9623 -0.2659
vn -0.0464 -0.9989 -0.0107
vn -0.2442 -0.9154 0.3202
vn -0.1622 -0.9866 -0.0172
vn -0.0463 -0.8375 -0.5445
vn -0.2214 -0.9751 -0.0136
vn -0.5701 -0.4544 0.6844
vn -0.4673 -0.1738 0.8669
vn -0.6253 -0.2737 0.7308
vn -0.6330 -0.4125 0.6551
vn -0.4713 -0.4884 0.7344
vn -0.3986 -0.3294 0.8559
vn -0.5440 -0.7326 0.4091
vn 0.6577 -0.7381 0.1505
vn 0.7854 -0.6182 0.0327
vn 0.5315 -0.6767 0.5095
vn 0.6010 -0.7372 0.3088
vn 0.3706 -0.9191 0.1338
vn 0.5240 -0.8515 0.0201
vn 0.3866 -0.8932 0.2297
vn -0.8478 0.0922 0.5223
vn -0.6974 -0.4529 0.5555
vn -0.7443 -0.2677 0.6119
vn -0.8693 -0.1561 0.4690
vn -0.7501 -0.4744 0.4607
vn -0.6691 -0.4104 0.6196
vn -0.4164 -0.7478 0.5172
vn 0.2474 -0.9683 0.0343
vn -0.3032 -0.9355 0.1813
vn -0.0053 -0.9995 0.0297
vn -0.0005 -0.9900 0.1413
vn -0.3305 -0.9161 0.2270
vn 0.0001 -0.9806 0.1958
vn -0.1018 0.5026 -0.8585
vn 0.0164 0.2386 -0.9710
vn -0.3050 0.3875 -0.8699
vn -0.1766 0.0054 -0.9843
vn -0.0023 0.5164 -0.8564
vn 0.0053 0.7327 -0.6805
vn -0.1831 0.8416 -0.5081
vn -0.3468 0.7515 0.5613
vn -0.4309 0.4725 0.7688
vn -0.3391 0.6287 0.6998
vn -0.2365 0.9192 0.3149
vn -0.3715 0.7733 0.5138
vn -0.2973 0.9096 0.2902
vn -0.0260 0.9518 -0.3058
vn -0.1381 0.9644 0.2257
vn -0.1150 0.9929 -0.0295
vn -0.2338 0.8505 0.4711
vn -0.1409 0.9894 -0.0363
vn 0.8728 0.4790 0.0940
vn 0.8826 0.3647 0.2967
vn 0.9790 0.2018 -0.0288
vn 0.8707 0.4918 -0.0059
vn 0.9874 -0.0331 0.1545
vn 0.5294 0.8274 0.1874
vn 0.6342 0.7661 0.1041
vn -0.2100 0.9657 0.1525
vn 0.3233 0.9457 0.0336
vn 0.0149 0.9988 0.0468
vn -0.4528 0.8565 0.2477
vn 0.0458 0.9909 0.1264
vn 0.6960 0.7180 -0.0070
vn -0.2972 0.9216 0.2497
vn 0.0514 0.9869 0.1531
vn -0.5430 0.7593 0.3587
vn -0.6834 0.6398 0.3516
vn -0.7561 0.4830 0.4416
vn -0.5021 0.7746 0.3847
vn -0.2774 0.9086 0.3122
vn -0.3437 0.2318 0.9100
vn -0.1055 0.4975 0.8610
vn -0.5982 0.5262 0.6043
vn -0.3881 0.6370 0.6660
vn -0.1717 0.8494 0.4991
vn -0.6600 0.6390 0.3952
vn -0.4254 0.7973 0.4282
vn -0.8536 0.5086 0.1127
vn -0.9066 0.2381 0.3483
vn -0.9888 0.1304 0.0728
vn -0.5428 0.8218 0.1732
vn -0.1952 0.9490 0.2477
vn -0.1273 0.9794 0.1565
vn 0.6724 0.3278 0.6637
vn 0.7489 0.3855 0.5390
vn 0.6671 0.2760 0.6920
vn 0.9153 0.3365 0.2215
vn 0.9216 0.3418 0.1839
vn 0.7133 0.6517 -0.2581
vn 0.7133 0.6516 -0.2580
vn 0.4321 -0.3288 0.8397
vn 0.6662 -0.2128 0.7148
vn 0.6996 -0.1919 0.6883
vn 0.4314 0.6331 0.6427
vn 0.2012 0.4822 0.8526
vn 0.1440 0.4385 0.8871
vn 0.3127 0.8769 0.3651
vn 0.2493 0.8973 0.3643
vn 0.2632 0.8615 0.4343
vn 0.5267 0.8170 0.2348
vn 0.5267 0.8170 0.2346
vn 0.7771 0.2981 -0.5543
vn 0.6418 0.4498 -0.6211
vn -0.1011 0.7137 0.6931
vn -0.1519 0.6674 0.7290
vn -0.6588 0.6800 -0.3218
vn -0.5260 0.7634 -0.3749
vn -0.6853 0.6750 -0.2734
vn 0.0027 0.9379 -0.3468
vn 0.0961 0.9308 -0.3527
vn 0.2644 0.7266 -0.6341
vn 0.2645 0.7266 -0.6341
vn 0.2644 0.7267 -0.6340
vn -0.6408 0.7644 0.0705
vn -0.6407 0.7645 0.0705
vn -0.6408 0.7645 0.0705
vn 0.1870 -0.8460 -0.4993
vn 0.1936 -0.7842 -0.5895
vn 0.5218 -0.2029 -0.8286
vn 0.5218 -0.2030 -0.8286
vn 0.5216 -0.2031 -0.8286
vn 0.3457 -0.2149 -0.9134
vn 0.3525 -0.1687 -0.9205
vn 0.7400 0.6721 -0.0273
vn 0.6224 0.6188 -0.4793
vn 0.7864 0.5734 -0.2297
vn -0.1771 -0.8073 -0.5629
vn -0.2622 -0.8441 -0.4678
vn -0.0360 -0.7196 -0.6934
vn 0.5061 -0.1185 0.8543
vn 0.2425 -0.3580 0.9017
vn 0.1279 -0.0850 0.9881
vn 0.8195 -0.1709 0.5470
vn 0.6449 -0.3988 0.6520
vn 0.5338 -0.6065 0.5892
vn 0.8033 -0.4287 0.4134
vn 0.6446 -0.6642 0.3787
vn 0.8547 -0.4930 0.1623
vn 0.9516 -0.2420 0.1893
vn 0.9818 -0.1449 0.1225
vn 0.2428 -0.9112 0.3326
vn 0.5090 -0.8556 0.0943
vn 0.7693 -0.4787 -0.4231
vn 0.6800 -0.6436 -0.3513
vn 0.6721 -0.6809 -0.2910
vn 0.9316 -0.2754 -0.2371
vn 0.8181 -0.4189 -0.3940
vn 0.7110 0.2796 -0.6452
vn 0.9377 -0.2616 -0.2288
vn -0.0961 -0.8711 -0.4817
vn -0.3453 -0.9024 -0.2578
vn -0.0708 -0.9868 -0.1455
vn -0.1935 -0.4520 -0.8708
vn -0.3879 -0.6465 -0.6569
vn -0.1621 -0.6387 -0.7522
vn -0.5972 -0.5894 -0.5440
vn 0.5003 -0.5600 -0.6603
vn 0.5002 -0.5602 -0.6603
vn 0.5003 -0.5601 -0.6603
vn -0.3027 -0.1262 -0.9447
vn -0.1287 -0.1164 -0.9848
vn -0.9065 -0.3409 -0.2490
vn -0.9374 -0.1014 -0.3333
vn -0.7158 -0.3767 -0.5880
vn -0.5627 -0.3089 -0.7668
vn -0.7951 0.1912 -0.5756
vn -0.8548 0.1927 -0.4819
vn -0.1975 0.3540 -0.9142
vn -0.5380 0.3339 -0.7740
vn -0.2156 0.5258 -0.8228
vn -0.2156 0.5259 -0.8228
vn 0.5635 0.7941 -0.2275
vn 0.6107 0.6340 -0.4744
vn -0.8131 -0.1855 -0.5517
vn -0.8453 -0.2700 -0.4610
vn -0.8483 -0.2802 -0.4492
vn -0.7488 -0.0673 -0.6593
vn -0.2246 0.8270 0.5154
vn 0.3712 0.9178 0.1411
vn -0.2629 0.7367 0.6230
vn 0.2466 0.8931 0.3762
vn 0.6980 0.7031 0.1356
vn 0.4080 0.8064 0.4281
vn 0.6638 0.6635 0.3453
vn -0.2178 -0.2342 0.9475
vn -0.5815 -0.2042 0.7875
vn -0.1774 -0.5954 0.7836
vn -0.0727 -0.3162 0.9459
vn -0.3024 -0.0976 0.9482
vn -0.6593 -0.0225 0.7516
vn -0.0152 -0.0323 0.9994
vn 0.9178 0.3755 0.1290
vn 0.8696 -0.2231 0.4404
vn 0.8991 0.2497 0.3596
vn 0.7681 -0.2587 0.5857
vn 0.8126 0.4084 0.4158
vn -0.3419 0.3541 -0.8705
vn -0.1099 0.4722 -0.8746
vn -0.2871 -0.0015 -0.9579
vn -0.3610 -0.1303 -0.9234
vn -0.1230 0.7147 -0.6885
vn -0.4260 0.3085 -0.8505
vn -0.3346 0.6777 -0.6548
vn -0.9469 -0.2324 0.2221
vn -0.7711 -0.5173 0.3712
vn -0.7880 -0.2058 0.5803
vn -0.9466 -0.0996 0.3066
vn -0.9465 -0.2690 0.1783
vn -0.7091 -0.5547 0.4353
vn -0.9992 -0.0322 0.0254
vn -0.1232 0.9276 -0.3528
vn -0.4841 0.8317 0.2719
vn -0.3608 0.9036 -0.2311
vn -0.6088 0.7435 0.2769
vn -0.4130 0.8195 -0.3974
vn 0.3870 0.9155 -0.1096
vn 0.1249 0.9186 -0.3750
vn 0.7009 0.7067 -0.0961
vn 0.3623 0.8638 -0.3501
vn 0.1087 0.7120 -0.6937
vn 0.5754 0.5873 -0.5692
vn 0.3262 0.6780 -0.6588
vn 0.9133 0.1325 -0.3851
vn 0.9125 0.3915 -0.1183
vn 0.7016 0.1207 -0.7022
vn 0.8572 0.3710 -0.3572
vn 0.6669 0.6746 -0.3165
vn 0.1253 0.3998 -0.9080
vn 0.3859 0.1383 -0.9121
vn 0.3611 0.3761 -0.8533
vn 0.6665 0.3395 -0.6637
vn 0.8677 -0.4477 0.2159
vn 0.9226 -0.1131 -0.3687
vn 0.7643 -0.5970 0.2439
vn 0.9027 -0.3478 -0.2531
vn 0.7068 -0.1109 -0.6987
vn 0.8154 -0.4003 -0.4183
vn 0.6713 -0.3204 -0.6684
vn -0.2161 -0.9544 0.2058
vn -0.1839 -0.8012 0.5694
vn -0.5798 -0.7951 0.1778
vn -0.3027 -0.9506 0.0691
vn -0.0766 -0.9542 0.2894
vn -0.0006 -0.7596 0.6503
vn -0.0135 -0.9999 0.0050
vn 0.3800 -0.1112 -0.9183
vn -0.2262 -0.4524 -0.8627
vn 0.2546 -0.3478 -0.9024
vn -0.2571 -0.6000 -0.7576
vn 0.4183 -0.3994 -0.8158
vn 0.0251 0.1428 0.9894
vn 0.0336 0.3160 0.9482
vn 0.0635 0.5147 0.8550
vn 0.5595 0.6061 0.5653
vn 0.4383 0.7643 0.4729
vn 0.4715 0.5074 0.7213
vn 0.1174 0.7692 0.6282
vn 0.0970 0.7256 0.6813
vn -0.1997 0.6896 0.6961
vn 0.6732 0.4898 -0.5540
vn 0.8483 0.0911 -0.5217
vn 0.6414 0.4672 -0.6086
vn 0.5702 0.7017 -0.4271
vn 0.8410 0.5150 -0.1659
vn 0.6146 0.7787 -0.1257
vn 0.0675 0.9389 0.3376
vn 0.2773 0.9456 -0.1700
vn 0.1863 0.7986 0.5723
vn 0.3731 0.8959 -0.2411
vn 0.5005 0.7430 -0.4443
vn -0.0968 0.3664 0.9254
vn -0.3780 0.0852 0.9219
vn -0.0914 0.6947 0.7134
vn -0.3727 0.3624 0.8542
vn -0.7039 0.0827 0.7054
vn -0.3544 0.6521 0.6702
vn -0.6611 0.3454 0.6660
vn -0.3789 0.9190 0.1095
vn -0.0972 0.9154 0.3907
vn -0.7045 0.7025 0.1009
vn -0.3726 0.8446 0.3844
vn -0.6614 0.6560 0.3636
vn -0.9209 0.0919 0.3787
vn -0.9204 0.3773 0.1021
vn -0.8489 0.3687 0.3787
vn -0.9444 0.3276 -0.0279
vn -0.9907 0.1347 -0.0196
vn -0.8469 0.5289 -0.0560
vn -0.6170 0.7797 -0.1068
vn -0.4618 0.7767 -0.4284
vn -0.5582 0.6195 -0.5519
vn -0.7162 0.5209 -0.4645
vn -0.6844 0.6990 0.2073
vn -0.2767 0.6965 -0.6621
vn 0.1820 0.9470 -0.2645
vn -0.3262 0.9437 -0.0548
vn 0.4544 0.7434 -0.4908
vn 0.2542 0.8967 -0.3622
vn -0.5629 0.8076 -0.1760
vn -0.6727 0.7347 -0.0873
vn 0.6865 0.1697 -0.7070
vn 0.5605 0.4929 -0.6655
vn 0.6146 0.4675 -0.6354
vn 0.1754 0.5219 -0.8348
vn 0.4362 0.7035 -0.5610
vn 0.1366 0.7865 -0.6023
vn 0.0965 -0.3914 0.9151
vn 0.3776 -0.1102 0.9194
vn 0.0961 -0.1109 0.9892
vn 0.0911 -0.7140 0.6942
vn 0.3724 -0.3851 0.8444
vn 0.7033 -0.1026 0.7034
vn 0.3538 -0.6704 0.6522
vn 0.6613 -0.3634 0.6562
vn 0.3784 -0.9217 0.0852
vn 0.0970 -0.9256 0.3659
vn 0.7043 -0.7050 0.0827
vn 0.3728 -0.8547 0.3613
vn 0.6615 -0.6652 0.3462
vn 0.9200 -0.1029 0.3781
vn 0.9211 -0.3782 0.0926
vn 0.8495 -0.3776 0.3685
vn 0.3272 0.0187 0.9448
vn 0.1349 0.0084 0.9908
vn 0.5407 0.0501 0.8397
vn 0.7779 0.1092 0.6188
vn 0.7703 0.4322 0.4688
vn 0.6102 0.5523 0.5680
vn 0.5115 0.4602 0.7257
vn 0.7113 -0.1872 0.6775
vn 0.6875 0.6670 0.2871
vn 0.9434 0.2805 -0.1770
vn 0.9426 0.0622 0.3280
vn 0.7367 0.5084 -0.4458
vn 0.8918 0.3785 -0.2479
vn 0.8049 0.1778 0.5662
vn 0.7337 0.0868 0.6740
vn 0.4828 0.6816 -0.5498
vn 0.4594 0.6514 -0.6039
vn 0.5143 0.8427 -0.1593
vn 0.5143 0.8427 -0.1594
vn 0.6966 0.5769 -0.4266
vn 0.7793 0.6139 -0.1254
vn 0.5483 -0.7839 -0.2913
vn 0.4237 -0.9010 -0.0929
vn 0.1903 -0.4702 -0.8618
vn 0.5176 -0.6436 -0.5638
vn 0.8293 -0.4943 -0.2607
vn 0.7663 -0.6380 -0.0756
vn 0.8073 -0.2180 -0.5484
vn 0.5490 0.3688 -0.7501
vn 0.2195 0.5355 -0.8155
vn 0.4244 0.5912 -0.6858
vn 0.8300 0.1797 -0.5281
vn 0.5956 0.2650 -0.7583
vn 0.9440 -0.3169 -0.0915
vn 0.9442 0.1673 -0.2839
vn 0.9618 -0.1014 -0.2542
vn 0.7670 0.4114 -0.4924
vn 0.2823 -0.7789 -0.5600
vn 0.1596 -0.9736 -0.1631
vn 0.0817 -0.8956 -0.4373
vn 0.2548 -0.4847 -0.8367
vn 0.8568 -0.4793 -0.1901
vn 0.5560 -0.6430 -0.5267
vn 0.9200 -0.3782 -0.1032
vn 0.5467 -0.2139 -0.8096
vn 0.2874 0.1776 -0.9412
vn 0.0884 -0.3029 -0.9489
vn 0.4990 0.4173 -0.7595
vn 0.2537 -0.0892 -0.9632
vn 0.0684 -0.6275 -0.7756
vn 0.5320 0.1853 -0.8263
vn 0.7664 0.6247 -0.1497
vn 0.7555 0.3676 -0.5423
vn 0.6937 0.5891 -0.4144
vn 0.8199 0.5316 -0.2123
vn 0.7615 0.2665 -0.5909
vn -0.3782 -0.9190 -0.1112
vn -0.0967 -0.9146 -0.3927
vn -0.7036 -0.7031 -0.1028
vn -0.3736 -0.8433 -0.3863
vn -0.0909 -0.6934 -0.7148
vn -0.6610 -0.6556 -0.3652
vn -0.3539 -0.6512 -0.6714
vn -0.9203 -0.0916 -0.3803
vn -0.9201 -0.3778 -0.1035
vn -0.7037 -0.0811 -0.7059
vn -0.8492 -0.3669 -0.3798
vn -0.6610 -0.3439 -0.6669
vn -0.0967 -0.3650 -0.9260
vn -0.3781 -0.0830 -0.9220
vn -0.3726 -0.3598 -0.8554
vn -0.9439 0.0350 -0.3282
vn -0.8383 0.0701 -0.5408
vn -0.5579 0.5712 -0.6020
vn -0.4629 0.4504 -0.7634
vn -0.7157 0.4830 -0.5044
vn -0.6168 0.1282 -0.7766
vn -0.6715 0.1073 -0.7332
vn -0.6795 -0.1873 -0.7094
vn 0.5598 0.6812 -0.4718
vn 0.5220 0.8499 -0.0717
vn 0.6135 0.6496 -0.4491
vn 0.4356 0.5824 -0.6864
vn 0.1706 0.8477 -0.5023
vn 0.1708 0.8477 -0.5022
vn 0.1707 0.8478 -0.5022
vn 0.1369 0.6261 -0.7676
vn -0.3257 0.0815 -0.9420
vn 0.1820 0.2922 -0.9389
vn -0.5622 0.1983 -0.8029
vn 0.2542 0.3885 -0.8857
vn 0.4536 0.5130 -0.7287
vn 0.9074 -0.1039 0.4072
vn 0.6783 -0.1848 0.7112
vn 0.5629 -0.5494 0.6175
vn 0.8021 -0.0541 0.5947
vn 0.3918 -0.1720 0.9038
vn 0.6220 -0.3575 0.6966
vn 0.2537 -0.8233 0.5077
vn 0.4064 -0.2740 0.8716
vn -0.2885 -0.2157 0.9329
vn 0.2632 -0.0658 0.9625
vn 0.0070 -0.0616 0.9981
vn -0.3186 -0.2647 0.9102
vn 0.0156 -0.1775 0.9840
vn 0.5413 -0.0481 0.8395
vn 0.0144 -0.2366 0.9715
vn -0.6742 -0.5923 0.4412
vn -0.8575 -0.4885 0.1613
vn -0.7203 -0.6430 0.2602
vn -0.6443 -0.6533 0.3976
vn -0.7268 -0.4943 0.4769
vn -0.8490 -0.4216 0.3184
vn -0.3995 -0.5642 0.7226
vn -0.1682 0.6409 0.7490
vn -0.0523 0.7729 0.6323
vn -0.5223 0.5104 0.6832
vn -0.3259 0.5815 0.7454
vn -0.1460 0.3534 0.9240
vn -0.0350 0.5078 0.8607
vn -0.2417 0.3656 0.8988
vn -0.5034 -0.8570 -0.1102
vn -0.5445 -0.7162 0.4365
vn -0.5972 -0.7614 0.2521
vn -0.4515 -0.8812 0.1404
vn -0.4476 -0.7669 0.4599
vn -0.6076 -0.6884 0.3963
vn -0.5161 -0.4377 0.7363
vn -0.0442 0.2310 0.9720
vn -0.1790 -0.3216 0.9298
vn -0.0345 -0.0222 0.9992
vn -0.1460 -0.0193 0.9891
vn -0.2253 -0.3511 0.9088
vn -0.2006 -0.0208 0.9795
vn 0.8609 -0.0481 -0.5065
vn 0.9715 0.0403 -0.2337
vn 0.9965 -0.0242 0.0802
vn 0.8302 -0.1190 -0.5445
vn 0.8589 0.0240 -0.5116
vn 0.6831 0.0315 -0.7296
vn 0.5158 -0.1587 -0.8419
vn -0.5430 -0.3716 -0.7530
vn -0.4786 -0.6923 -0.5400
vn -0.6894 -0.3439 -0.6376
vn -0.3041 -0.2278 -0.9250
vn -0.6990 -0.5352 -0.4742
vn -0.2773 -0.2890 -0.9163
vn -0.4014 -0.2881 -0.8694
vn 0.3104 -0.0043 -0.9506
vn -0.2184 -0.1276 -0.9675
vn 0.0365 -0.0988 -0.9944
vn -0.4618 -0.2297 -0.8567
vn 0.0462 -0.1232 -0.9913
vn -0.0871 0.8777 -0.4711
vn -0.0434 0.9897 0.1365
vn 0.0091 0.9818 -0.1899
vn -0.0101 0.8809 -0.4732
vn -0.1521 0.8531 -0.4991
vn -0.1948 0.5358 -0.8215
vn -0.1436 -0.1980 -0.9696
vn -0.0361 0.3370 -0.9408
vn -0.0424 0.0300 -0.9986
vn -0.2341 -0.4450 -0.8644
vn -0.1229 0.0586 -0.9907
vn -0.0045 0.7093 -0.7048
vn -0.2392 -0.2878 -0.9273
vn -0.1500 0.0626 -0.9867
vn -0.3670 -0.5337 -0.7619
vn -0.3339 -0.6800 -0.6528
vn -0.6864 -0.4924 -0.5352
vn -0.5152 -0.6997 -0.4949
vn -0.3003 -0.2704 -0.9147
vn -0.3477 0.9354 0.0638
vn -0.6736 0.7310 0.1089
vn -0.6343 0.6074 0.4783
vn -0.5362 0.8440 -0.0064
vn -0.8859 0.4585 0.0706
vn -0.6841 0.6729 0.2812
vn -0.5808 0.2899 0.7606
vn -0.8643 0.4723 0.1731
vn -0.9705 -0.2177 0.1039
vn -0.9413 0.3350 -0.0425
vn -0.9951 0.0838 -0.0535
vn -0.9570 -0.2447 0.1555
vn -0.9937 0.0929 0.0633
vn -0.7961 0.6036 -0.0432
vn -0.9882 0.0906 0.1233
vn -0.5559 -0.6407 0.5297
vn -0.2817 -0.8431 0.4581
vn -0.3868 -0.6965 0.6043
vn -0.5174 -0.6140 0.5960
vn -0.5839 -0.6894 0.4287
vn -0.4278 -0.8230 0.3737
vn -0.8113 -0.3406 0.4751
vn -0.6808 -0.1110 -0.7240
vn -0.5415 -0.0031 -0.8407
vn -0.6581 -0.4684 -0.5895
vn -0.6959 -0.2691 -0.6658
vn -0.8853 -0.0758 -0.4588
vn -0.7963 0.0311 -0.6041
vn -0.8660 -0.1731 -0.4690
vn -0.0271 -0.5120 0.8586
vn -0.5556 -0.5091 0.6574
vn -0.3804 -0.5781 0.7219
vn -0.2743 -0.4408 0.8547
vn -0.5764 -0.4117 0.7058
vn -0.5173 -0.5751 0.6338
vn -0.8188 -0.4546 0.3506
vn -0.9392 0.0301 -0.3420
vn -0.9715 -0.1080 0.2111
vn -0.9948 0.0416 -0.0934
vn -0.9928 -0.0708 -0.0963
vn -0.9578 -0.1562 0.2415
vn -0.9872 -0.1279 -0.0951
vn 0.5501 0.8231 0.1411
vn 0.3088 0.9511 -0.0042
vn 0.4180 0.8458 0.3314
vn 0.0612 0.9844 0.1649
vn 0.5749 0.8171 0.0436
vn 0.7789 0.6243 0.0594
vn 0.8519 0.4553 0.2587
vn 0.6687 -0.6101 0.4250
vn 0.3709 -0.7921 0.4848
vn 0.5393 -0.7368 0.4078
vn 0.8656 -0.3770 0.3296
vn 0.6877 -0.5702 0.4494
vn 0.8542 -0.3439 0.3900
vn 0.9641 0.2384 0.1168
vn 0.9271 -0.2913 0.2358
vn 0.9764 -0.0397 0.2125
vn 0.7876 -0.5254 0.3221
vn 0.9706 -0.0366 0.2377
vn 0.5527 -0.1443 -0.8208
vn 0.4311 -0.3383 -0.8365
vn 0.3006 -0.0037 -0.9537
vn 0.5699 -0.0447 -0.8205
vn 0.0577 -0.1696 -0.9838
vn 0.8615 -0.2553 -0.4388
vn 0.8144 -0.1712 -0.5545
vn 0.9270 -0.2159 0.3066
vn 0.9681 -0.1060 -0.2269
vn 0.9895 -0.1178 0.0838
vn 0.7871 -0.3001 0.5389
vn 0.9787 -0.1982 0.0541
vn 0.7792 -0.0572 -0.6242
vn 0.8679 -0.3080 0.3896
vn 0.9733 -0.2241 0.0488
vn 0.6729 -0.4024 0.6208
vn 0.5430 -0.3832 0.7472
vn 0.3730 -0.4605 0.8055
vn 0.6921 -0.4287 0.5806
vn 0.8526 -0.3700 0.3690
vn 0.2941 -0.8965 -0.3313
vn 0.3116 -0.8973 -0.3126
vn 0.4372 -0.7594 -0.4818
vn 0.4618 -0.7616 -0.4546
vn 0.6980 -0.2424 -0.6738
vn 0.6803 0.0141 -0.7328
vn 0.7217 0.0143 -0.6920
vn 0.2763 -0.8963 -0.3469
vn 0.4106 -0.7596 -0.5044
vn 0.6577 -0.2407 -0.7138
vn 0.6390 0.0143 -0.7691
vn -0.3004 -0.9135 0.2744
vn -0.3174 -0.9132 0.2555
vn -0.4517 -0.7858 0.4223
vn -0.7224 -0.3308 0.6072
vn -0.7197 -0.0848 0.6891
vn -0.6841 -0.3292 0.6509
vn -0.3347 -0.9126 0.2349
vn -0.4772 -0.7864 0.3923
vn -0.7604 -0.3297 0.5596
vn -0.7609 -0.0837 0.6434
vn 0.3471 -0.8967 -0.2745
vn 0.3303 -0.8970 -0.2938
vn 0.5124 -0.7607 -0.3984
vn 0.7382 -0.2408 -0.6302
vn 0.7987 0.0145 -0.6015
vn 0.7737 -0.2419 -0.5856
vn 0.4885 -0.7610 -0.4269
vn 0.7620 0.0146 -0.6474
vn -0.2831 -0.9135 0.2921
vn -0.2667 -0.9132 0.3081
vn -0.4245 -0.7867 0.4482
vn -0.3995 -0.7857 0.4722
vn -0.6053 -0.3291 0.7247
vn -0.6770 -0.0861 0.7309
vn -0.6355 -0.0864 0.7672
vn -0.6443 -0.3274 0.6911
vn -0.2493 -0.9126 0.3241
vn -0.2290 -0.9127 0.3385
vn -0.3722 -0.7850 0.4953
vn -0.3403 -0.7841 0.5191
vn -0.5167 -0.3289 0.7905
vn -0.5917 -0.0895 0.8012
vn -0.5407 -0.0900 0.8364
vn -0.5634 -0.3321 0.7565
vn 0.2581 -0.8951 -0.3635
vn 0.3836 -0.7580 -0.5275
vn 0.6174 -0.2403 -0.7490
vn 0.5951 0.0125 -0.8035
vn 0.2378 -0.8939 -0.3800
vn 0.3543 -0.7559 -0.5506
vn 0.5745 -0.2428 -0.7816
vn 0.5468 0.0110 -0.8372
vn 0.2165 -0.8923 -0.3962
vn 0.3239 -0.7520 -0.5741
vn 0.5270 -0.2412 -0.8149
vn 0.4960 0.0108 -0.8683
vn 0.1980 -0.8879 -0.4153
vn 0.2976 -0.7455 -0.5963
vn 0.4769 -0.2393 -0.8458
vn 0.4478 0.0111 -0.8941
vn -0.2074 -0.9108 0.3568
vn -0.1916 -0.9076 0.3737
vn -0.3061 -0.7799 0.5460
vn -0.2813 -0.7725 0.5693
vn -0.4222 -0.3248 0.8463
vn -0.4836 -0.0913 0.8705
vn -0.4386 -0.0913 0.8940
vn -0.4640 -0.3277 0.8230
vn 0.1054 -0.8813 -0.4607
vn -0.0080 -0.9196 -0.3927
vn 0.1788 -0.5267 -0.8311
vn -0.0151 -0.6941 -0.7197
vn 0.1907 -0.0493 -0.9804
vn -0.0195 -0.3520 -0.9358
vn 0.1868 -0.8822 -0.4322
vn 0.2788 -0.7350 -0.6181
vn 0.4282 -0.2317 -0.8735
vn 0.4126 0.0168 -0.9108
vn 0.3952 -0.2155 -0.8929
vn -0.1845 -0.9048 0.3839
vn -0.2705 -0.7697 0.5783
vn -0.4182 -0.0876 0.9041
vn -0.4016 -0.3204 0.8580
vn -0.3547 -0.9116 0.2079
vn -0.5031 -0.7858 0.3597
vn -0.8041 -0.3244 0.4983
vn -0.8012 -0.0857 0.5922
vn -0.3777 -0.9071 0.1856
vn -0.5389 -0.7795 0.3194
vn -0.8390 -0.3215 0.4390
vn -0.8477 -0.0837 0.5238
vn 0.3815 -0.8934 -0.2375
vn 0.3634 -0.8960 -0.2551
vn 0.5592 -0.7528 -0.3472
vn 0.8074 -0.2385 -0.5397
vn 0.8596 0.0151 -0.5107
vn 0.8376 -0.2324 -0.4945
vn 0.5362 -0.7581 -0.3712
vn 0.8318 0.0136 -0.5550
vn 0.3808 -0.9246 -0.0139
vn 0.7114 -0.7027 -0.0108
vn 0.9318 -0.3629 -0.0063
vn 0.4421 -0.8864 -0.1377
vn 0.8164 -0.5315 -0.2256
vn 0.9700 -0.0405 -0.2397
vn -0.3955 -0.9015 0.1757
vn -0.5697 -0.7728 0.2797
vn -0.8611 -0.3024 0.4087
vn -0.8851 -0.0795 0.4585
vn -0.9019 -0.0676 0.4266
vn -0.5892 -0.7631 0.2654
vn -0.8619 -0.3106 0.4008
vn 0.3967 -0.8895 -0.2269
vn 0.8580 -0.2216 -0.4634
vn 0.5780 -0.7465 -0.3298
vn 0.8779 0.0213 -0.4784
vn 0.5233 0.6961 -0.4915
vn 0.4931 0.6964 -0.5214
vn 0.3779 0.8572 -0.3498
vn 0.3572 0.8565 -0.3726
vn 0.2100 0.9596 -0.1872
vn 0.1985 0.9595 -0.2001
vn 0.4643 0.6946 -0.5495
vn 0.3362 0.8560 -0.3928
vn 0.1868 0.9594 -0.2114
vn -0.5831 0.6371 0.5041
vn -0.5514 0.6374 0.5383
vn -0.4225 0.8272 0.3705
vn -0.3994 0.8272 0.3953
vn -0.2318 0.9497 0.2108
vn -0.2194 0.9495 0.2244
vn -0.6137 0.6386 0.4642
vn -0.4454 0.8272 0.3426
vn -0.2439 0.9499 0.1953
vn 0.5530 0.6948 -0.4597
vn 0.5802 0.6938 -0.4267
vn 0.4004 0.8559 -0.3273
vn 0.4202 0.8552 -0.3036
vn 0.2226 0.9591 -0.1747
vn 0.2338 0.9588 -0.1615
vn -0.4885 0.6337 0.5999
vn -0.5189 0.6368 0.5703
vn -0.3555 0.8236 0.4419
vn -0.3768 0.8259 0.4193
vn -0.1952 0.9485 0.2495
vn -0.2070 0.9491 0.2375
vn -0.4190 0.6274 0.6564
vn -0.4562 0.6312 0.6272
vn -0.3057 0.8201 0.4836
vn -0.3322 0.8224 0.4618
vn -0.1688 0.9469 0.2736
vn -0.1828 0.9479 0.2608
vn 0.4334 0.6929 -0.5762
vn 0.3142 0.8548 -0.4130
vn 0.1746 0.9591 -0.2229
vn 0.4002 0.6888 -0.6045
vn 0.2902 0.8530 -0.4338
vn 0.1616 0.9584 -0.2352
vn 0.3649 0.6842 -0.6315
vn 0.2658 0.8495 -0.4557
vn 0.1480 0.9574 -0.2479
vn 0.3320 0.6770 -0.6568
vn 0.2427 0.8450 -0.4765
vn 0.1356 0.9557 -0.2611
vn -0.3452 0.6119 0.7116
vn -0.3776 0.6202 0.6876
vn -0.2544 0.8098 0.5286
vn -0.2768 0.8155 0.5083
vn -0.1418 0.9433 0.3001
vn -0.1530 0.9457 0.2868
vn 0.0440 0.4312 -0.9012
vn 0.1672 0.6464 -0.7445
vn 0.0335 0.7384 -0.6736
vn 0.1251 0.8296 -0.5442
vn 0.0179 0.9351 -0.3539
vn 0.0733 0.9504 -0.3024
vn 0.3090 0.6696 -0.6754
vn 0.2278 0.8387 -0.4947
vn 0.1282 0.9534 -0.2732
vn -0.3306 0.6061 0.7234
vn -0.2450 0.8049 0.5404
vn -0.1371 0.9413 0.3084
vn -0.6519 0.6350 0.4144
vn -0.4737 0.8254 0.3070
vn -0.2594 0.9495 0.1763
vn -0.6871 0.6267 0.3675
vn -0.5025 0.8197 0.2750
vn -0.2772 0.9474 0.1601
vn 0.6065 0.6908 -0.3938
vn 0.6300 0.6866 -0.3629
vn 0.4400 0.8532 -0.2801
vn 0.4599 0.8494 -0.2590
vn 0.2454 0.9579 -0.1486
vn 0.2578 0.9564 -0.1371
vn 0.9063 0.4193 -0.0534
vn 0.6855 0.7273 -0.0346
vn 0.3702 0.9289 -0.0106
vn 0.7310 0.6559 -0.1884
vn 0.5367 0.8330 -0.1344
vn 0.3071 0.9490 -0.0714
vn -0.7054 0.6194 0.3446
vn -0.5213 0.8127 0.2605
vn -0.2898 0.9448 0.1528
vn 0.6484 0.6800 -0.3423
vn 0.4760 0.8445 -0.2454
vn 0.2684 0.9544 -0.1305
vn -0.8028 0.3552 0.4789
vn 0.8806 -0.1400 0.4526
vn 0.8813 -0.1400 0.4512
vn -0.7996 0.3557 0.4838
vn 0.2694 0.1620 0.9493
vn 0.2695 0.1620 0.9493
vn 0.8557 -0.1208 0.5032
vn -0.4712 0.3429 0.8126
vn -0.4781 0.3436 0.8083
vn -0.9438 0.2094 -0.2556
vn -0.9437 0.2094 -0.2559
vn -0.5284 -0.0583 -0.8470
vn -0.1193 -0.1928 -0.9740
vn -0.4759 -0.0803 -0.8758
vn -0.0011 0.9304 -0.3666
vn -0.0003 0.7180 -0.6960
vn 0.0006 0.3954 -0.9185
vn 0.9252 0.0065 -0.3795
vn 0.3849 0.0137 -0.9228
vn 0.7090 0.0109 -0.7051
vn -0.6826 -0.6898 0.2415
vn -0.6577 -0.7533 -0.0033
vn -0.3575 -0.3482 -0.8666
vn -0.7045 -0.7091 0.0292
vn -0.3837 -0.3750 -0.8439
vn 0.9225 0.3858 0.0078
vn 0.7044 0.7097 0.0134
vn 0.3817 0.9241 0.0169
vn -0.6820 -0.2738 0.6781
vn -0.7512 -0.0209 0.6597
vn -0.2960 0.9033 0.3106
vn -0.7057 -0.0669 0.7054
vn -0.2452 -0.6979 0.6729
vn 0.0167 -0.6711 0.7412
vn 0.8699 -0.3535 0.3439
vn -0.0289 -0.7204 0.6929
vn -0.0004 0.3900 0.9208
vn -0.0004 0.4108 0.9117
vn -0.0017 0.7196 0.6943
vn -0.0021 0.8052 0.5930
vn -0.0027 0.9273 0.3743
vn 0.1248 0.9921 0.0103
vn -0.0444 0.9960 -0.0779
vn -0.3347 0.9422 0.0167
vn -0.5041 0.8635 0.0151
vn -0.6701 0.7422 0.0128
vn -0.8451 0.5345 0.0088
vn -0.9144 0.4048 0.0064
vn 0.2999 0.9100 -0.2864
vn 0.4256 0.8049 -0.4135
vn 0.5546 0.6404 -0.5313
vn 0.6747 0.3100 -0.6698
vn 0.4379 0.7918 -0.4259
vn 0.6564 0.3828 -0.6501
vn 0.4004 -0.0128 0.9163
vn 0.7256 -0.0095 0.6880
vn 0.9301 -0.0049 0.3674
vn 0.4206 -0.0126 0.9071
vn 0.8234 -0.0078 0.5674
vn 0.9914 0.1304 -0.0091
vn 0.4001 -0.9164 -0.0121
vn 0.5028 -0.8643 -0.0113
vn 0.7259 -0.6878 -0.0087
vn 0.8932 -0.4496 -0.0052
vn 0.9307 -0.3658 -0.0041
vn 0.9932 -0.0692 -0.0938
vn 0.8955 0.3195 -0.3098
vn 0.7955 0.4358 -0.4211
vn 0.6419 0.5512 -0.5330
vn 0.3430 0.6729 -0.6554
vn 0.3281 0.6789 -0.6568
vn 0.7843 0.4456 -0.4316
vn 0.4353 0.6463 -0.6268
vn 0.1202 0.0160 -0.9926
vn 0.0004 -0.3546 -0.9350
vn 0.0005 -0.5594 -0.8289
vn 0.0004 -0.6775 -0.7355
vn 0.0004 -0.9100 -0.4146
vn -0.3569 0.0142 -0.9340
vn -0.5180 0.0128 -0.8553
vn -0.8115 0.0087 -0.5843
vn -0.9140 0.0060 -0.4058
vn -0.0662 0.1078 -0.9920
vn -0.3760 0.0139 -0.9265
vn -0.5250 0.0128 -0.8510
vn 0.3167 0.3313 -0.8888
vn 0.5386 0.4555 -0.7089
vn 0.5443 0.5560 -0.6282
vn 0.6678 0.6754 -0.3128
vn 0.3407 0.3554 -0.8704
vn 0.0001 0.9186 0.3953
vn 0.0005 0.6975 0.7166
vn 0.0008 0.3822 0.9241
vn -0.9252 0.3794 -0.0085
vn -0.7064 0.7078 0.0089
vn -0.3832 0.9236 0.0122
vn 0.6535 0.3910 -0.6481
vn 0.5006 0.7132 -0.4908
vn 0.2711 0.9272 -0.2583
vn 0.9235 -0.0051 0.3836
vn 0.7067 -0.0098 0.7075
vn 0.3823 -0.0129 0.9239
vn 0.9238 -0.3828 -0.0044
vn 0.7082 -0.7060 -0.0089
vn 0.3835 -0.9234 -0.0122
vn 0.3827 0.6636 -0.6428
vn 0.7082 0.5064 -0.4921
vn 0.9240 0.2753 -0.2654
vn 0.0004 -0.9180 -0.3966
vn 0.0004 -0.6961 -0.7180
vn 0.0004 -0.3690 -0.9294
vn -0.9239 0.0057 -0.3826
vn -0.7066 0.0107 -0.7075
vn -0.3823 0.0140 -0.9239
vn 0.6518 0.6603 -0.3731
vn 0.4990 0.5117 -0.6994
vn 0.2708 0.2857 -0.9193
vn -0.3821 -0.0126 0.9240
vn -0.7069 -0.0098 0.7072
vn -0.7071 -0.0098 0.7070
vn -0.9243 -0.0054 0.3816
vn 0.5789 0.0102 -0.8153
vn 0.5244 0.0940 -0.8463
vn 0.2037 0.0009 -0.9790
vn -0.8245 -0.0056 -0.5658
vn -0.3863 0.0021 -0.9224
vn -0.8345 -0.0051 -0.5510
vn -0.9865 0.0015 -0.1635
vn -0.3813 0.0021 -0.9245
vn -0.3813 0.0236 -0.9242
vn -0.0011 0.1497 0.9887
vn -0.0084 0.3700 0.9290
vn 0.0091 0.9178 0.3969
vn -0.0083 0.9158 0.4016
vn -0.0083 0.9177 0.3971
vn -0.0000 0.8241 -0.5665
vn -0.0074 0.9298 -0.3680
vn -0.0108 0.5495 0.8354
vn -0.0095 0.9821 -0.1879
vn 0.0847 0.8558 -0.5103
vn 0.0004 0.7722 -0.6354
vn -0.0014 -0.9782 -0.2076
vn 0.1474 -0.9731 -0.1771
vn 0.0107 -0.3684 -0.9296
vn 0.1046 -0.3666 -0.9245
vn -0.0031 -0.9183 -0.3958
vn -0.0030 0.3978 -0.9175
vn -0.7074 -0.7068 -0.0111
vn -0.7076 -0.7066 -0.0110
vn -0.9239 -0.3826 -0.0062
vn -0.3819 -0.9241 -0.0143
vn 0.9241 -0.3820 -0.0055
vn 0.1614 -0.9868 -0.0151
vn 0.8111 0.5848 0.0092
vn 0.9241 -0.3822 -0.0055
vn 0.9258 -0.3780 -0.0055
vn 0.1604 -0.9869 -0.0149
vn 0.1618 -0.0129 0.9867
vn 0.0212 0.1233 0.9921
vn 0.9219 -0.0191 0.3870
vn 0.5649 -0.0221 0.8249
vn 0.5508 -0.0217 0.8344
vn 0.9795 -0.0076 -0.2013
vn 0.8134 0.0077 -0.5817
vn 0.1621 -0.0129 0.9867
vn 0.9241 -0.0046 0.3821
vn 0.9239 -0.0191 0.3821
vn -0.0001 -0.9288 0.3705
vn -0.0004 -0.7168 0.6973
vn -0.0004 -0.7170 0.6971
vn -0.0007 -0.3958 0.9183
vn 0.5825 0.8127 0.0128
vn -0.3843 0.9231 0.0140
vn -0.3881 0.9212 0.0265
vn -0.3840 0.9232 0.0140
vn -0.9874 0.1584 0.0022
vn -0.9864 0.1644 0.0021
vn 0.2014 0.9792 0.0247
vn -0.8242 0.5661 0.0182
vn -0.3841 0.9229 0.0265
vn -0.9967 0.0807 0.0009
vn 0.3199 0.2862 0.9032
vn 0.3023 0.3048 0.9031
vn 0.4679 0.4344 0.7697
vn 0.4419 0.4607 0.7698
vn 0.6573 0.7085 0.2570
vn 0.7182 0.6959 -0.0006
vn 0.6764 0.7366 -0.0004
vn 0.3372 0.2696 0.9020
vn 0.4927 0.4096 0.7678
vn 0.6979 0.6688 0.2562
vn 0.7552 0.6555 0.0005
vn -0.2724 -0.3210 0.9071
vn -0.2531 -0.3375 0.9067
vn -0.4152 -0.4725 0.7774
vn -0.5938 -0.7406 0.3146
vn -0.6739 -0.7354 0.0703
vn -0.6376 -0.7032 0.3146
vn -0.2315 -0.3535 0.9064
vn -0.3860 -0.4984 0.7763
vn -0.5451 -0.7777 0.3132
vn -0.6274 -0.7757 0.0691
vn 0.2626 0.3382 0.9037
vn 0.2825 0.3220 0.9036
vn 0.3841 0.5089 0.7704
vn 0.6131 0.7473 0.2563
vn 0.5847 0.8113 0.0015
vn 0.5681 0.7819 0.2568
vn 0.4118 0.4843 0.7719
vn 0.6310 0.7757 0.0011
vn -0.2907 -0.3044 0.9071
vn -0.3068 -0.2879 0.9072
vn -0.4430 -0.4468 0.7772
vn -0.4661 -0.4206 0.7783
vn -0.7133 -0.6255 0.3161
vn -0.7167 -0.6937 0.0714
vn -0.7538 -0.6530 0.0730
vn -0.6778 -0.6635 0.3169
vn -0.3224 -0.2709 0.9070
vn -0.3385 -0.2509 0.9069
vn -0.4915 -0.3951 0.7761
vn -0.5152 -0.3641 0.7759
vn -0.7801 -0.5382 0.3190
vn -0.7889 -0.6099 0.0753
vn -0.8250 -0.5597 0.0785
vn -0.7459 -0.5848 0.3188
vn 0.3531 0.2509 0.9013
vn 0.5154 0.3824 0.7669
vn 0.7339 0.6294 0.2556
vn 0.7907 0.6122 0.0008
vn 0.3709 0.2317 0.8993
vn 0.5396 0.3537 0.7640
vn 0.7686 0.5869 0.2544
vn 0.8253 0.5647 0.0014
vn 0.3875 0.2107 0.8975
vn 0.5630 0.3238 0.7603
vn 0.8022 0.5403 0.2540
vn 0.8576 0.5143 0.0022
vn 0.4071 0.1927 0.8928
vn 0.5872 0.2985 0.7524
vn 0.8343 0.4908 0.2509
vn 0.8843 0.4669 0.0005
vn -0.3577 -0.2302 0.9050
vn -0.3736 -0.2139 0.9026
vn -0.5436 -0.3304 0.7716
vn -0.5650 -0.3049 0.7667
vn -0.8387 -0.4454 0.3133
vn -0.8603 -0.5034 0.0802
vn -0.8849 -0.4589 0.0794
vn -0.8143 -0.4861 0.3173
vn 0.4554 0.1019 0.8844
vn 0.3889 -0.0144 0.9212
vn 0.8250 0.1879 0.5330
vn 0.7166 -0.0109 0.6974
vn 0.9759 0.2108 0.0562
vn 0.9345 -0.0052 0.3559
vn 0.1926 0.0735 0.9785
vn 0.6084 0.2800 0.7426
vn 0.8630 0.4430 0.2428
vn 0.9018 0.4321 -0.0065
vn 0.6213 0.2754 0.7336
vn 0.8832 0.4107 0.2264
vn -0.3841 -0.2071 0.8998
vn -0.5764 -0.2953 0.7619
vn -0.8953 -0.4387 0.0769
vn -0.8509 -0.4253 0.3084
vn -0.2046 -0.3736 0.9047
vn -0.3526 -0.5232 0.7759
vn -0.4819 -0.8192 0.3109
vn -0.5752 -0.8151 0.0692
vn -0.1817 -0.3959 0.9001
vn -0.3102 -0.5564 0.7709
vn -0.4234 -0.8543 0.3015
vn -0.5060 -0.8599 0.0676
vn 0.2247 0.3720 0.9006
vn 0.2427 0.3544 0.9031
vn 0.3311 0.5532 0.7644
vn 0.5212 0.8141 0.2561
vn 0.4922 0.8705 0.0009
vn 0.4752 0.8439 0.2490
vn 0.3554 0.5311 0.7692
vn 0.5372 0.8434 0.0024
vn 0.0015 0.3665 0.9304
vn -0.0076 0.7004 0.7137
vn -0.0153 0.9262 0.3768
vn 0.1238 0.4303 0.8942
vn 0.2056 0.8132 0.5445
vn 0.2183 0.9744 0.0547
vn -0.1712 -0.4127 0.8946
vn -0.2714 -0.5894 0.7609
vn -0.3913 -0.8730 0.2911
vn -0.4400 -0.8959 0.0616
vn -0.4075 -0.9116 0.0543
vn -0.2566 -0.6078 0.7515
vn -0.3838 -0.8751 0.2949
vn 0.2142 0.3873 0.8967
vn 0.4447 0.8647 0.2336
vn 0.3143 0.5734 0.7566
vn 0.4596 0.8881 -0.0054
vn 0.4839 0.5451 -0.6846
vn 0.5144 0.5155 -0.6853
vn 0.3460 0.3994 -0.8490
vn 0.3688 0.3786 -0.8489
vn 0.1872 0.2293 -0.9552
vn 0.1998 0.2177 -0.9553
vn 0.5428 0.4872 -0.6841
vn 0.3894 0.3580 -0.8486
vn 0.2117 0.2065 -0.9553
vn -0.4880 -0.5832 -0.6494
vn -0.5232 -0.5523 -0.6490
vn -0.3576 -0.4171 -0.8356
vn -0.3832 -0.3949 -0.8350
vn -0.2008 -0.2204 -0.9545
vn -0.2153 -0.2088 -0.9540
vn -0.4487 -0.6138 -0.6495
vn -0.3293 -0.4394 -0.8357
vn -0.1857 -0.2328 -0.9546
vn 0.4506 0.5736 -0.6841
vn 0.4175 0.6004 -0.6821
vn 0.3222 0.4204 -0.8482
vn 0.2983 0.4401 -0.8470
vn 0.1740 0.2411 -0.9548
vn 0.1611 0.2528 -0.9540
vn -0.5859 -0.4908 -0.6448
vn -0.5570 -0.5215 -0.6464
vn -0.4297 -0.3513 -0.8318
vn -0.4074 -0.3724 -0.8338
vn -0.2403 -0.1849 -0.9529
vn -0.2282 -0.1963 -0.9536
vn -0.6445 -0.4225 -0.6373
vn -0.6146 -0.4594 -0.6412
vn -0.4737 -0.3029 -0.8270
vn -0.4503 -0.3284 -0.8303
vn -0.2656 -0.1594 -0.9508
vn -0.2529 -0.1734 -0.9518
vn 0.5706 0.4569 -0.6824
vn 0.4098 0.3363 -0.8479
vn 0.2235 0.1946 -0.9551
vn 0.5988 0.4239 -0.6795
vn 0.4321 0.3134 -0.8456
vn 0.2360 0.1817 -0.9546
vn 0.6265 0.3890 -0.6754
vn 0.4534 0.2887 -0.8433
vn 0.2491 0.1686 -0.9537
vn 0.6526 0.3567 -0.6685
vn 0.4753 0.2663 -0.8385
vn 0.2625 0.1563 -0.9522
vn -0.7012 -0.3505 -0.6209
vn -0.6768 -0.3824 -0.6291
vn -0.5197 -0.2529 -0.8160
vn -0.4981 -0.2743 -0.8226
vn -0.2929 -0.1332 -0.9468
vn -0.2787 -0.1437 -0.9496
vn 0.9023 0.0701 -0.4253
vn 0.7440 0.1932 -0.6396
vn 0.6762 0.0596 -0.7343
vn 0.5449 0.1498 -0.8250
vn 0.3583 0.0404 -0.9327
vn 0.3049 0.0948 -0.9476
vn 0.6721 0.3339 -0.6610
vn 0.4939 0.2518 -0.8323
vn 0.2743 0.1489 -0.9501
vn -0.7137 -0.3364 -0.6144
vn -0.5307 -0.2433 -0.8119
vn -0.3014 -0.1286 -0.9448
vn -0.3975 -0.6506 -0.6471
vn -0.2932 -0.4674 -0.8340
vn -0.1661 -0.2475 -0.9545
vn -0.3500 -0.6850 -0.6390
vn -0.2606 -0.4957 -0.8285
vn -0.1496 -0.2651 -0.9525
vn 0.3840 0.6257 -0.6790
vn 0.3529 0.6491 -0.6739
vn 0.2748 0.4597 -0.8445
vn 0.2531 0.4790 -0.8405
vn 0.1479 0.2639 -0.9531
vn 0.1362 0.2761 -0.9514
vn 0.0360 0.9135 -0.4052
vn 0.0233 0.6966 -0.7171
vn 0.0071 0.3839 -0.9233
vn 0.1759 0.7451 -0.6433
vn 0.1268 0.5531 -0.8234
vn 0.0690 0.3231 -0.9439
vn -0.3267 -0.7032 -0.6315
vn -0.2454 -0.5135 -0.8222
vn -0.1422 -0.2779 -0.9500
vn 0.3315 0.6663 -0.6679
vn 0.2393 0.4949 -0.8354
vn 0.1295 0.2870 -0.9492
vn -0.4644 -0.8043 -0.3707
vn -0.4658 -0.8034 -0.3710
vn -0.9559 0.2449 -0.1622
vn -0.9559 0.2448 -0.1623
vn -0.5215 0.8423 0.1360
vn -0.7977 -0.4872 -0.3555
vn -0.7979 -0.4865 -0.3560
vn 0.2757 -0.9349 -0.2236
vn 0.2760 -0.9348 -0.2236
vn 0.8563 -0.5132 0.0579
vn 0.9755 -0.0994 0.1962
vn -0.8375 0.3877 -0.3850
vn -0.8369 0.3701 -0.4034
vn -0.6771 0.5248 -0.5158
vn -0.6765 0.5000 -0.5406
vn -0.1227 0.6768 -0.7258
vn 0.1346 0.7168 -0.6841
vn 0.1364 0.6751 -0.7250
vn -0.8378 0.4034 -0.3679
vn -0.6771 0.5492 -0.4898
vn -0.1229 0.7162 -0.6870
vn 0.1326 0.7531 -0.6444
vn -0.9560 -0.2029 0.2118
vn -0.9563 -0.1823 0.2286
vn -0.8560 -0.3545 0.3764
vn -0.4410 -0.5696 0.6937
vn -0.2043 -0.6676 0.7160
vn -0.4410 -0.6128 0.6558
vn -0.9555 -0.1640 0.2451
vn -0.8567 -0.3239 0.4014
vn -0.4415 -0.5199 0.7313
vn -0.2046 -0.6219 0.7559
vn -0.8366 0.3305 -0.4369
vn -0.8371 0.3491 -0.4212
vn -0.6753 0.4424 -0.5902
vn -0.1224 0.6307 -0.7663
vn 0.1366 0.5839 -0.8002
vn -0.1211 0.5867 -0.8007
vn -0.6776 0.4683 -0.5671
vn 0.1368 0.6301 -0.7644
vn -0.9554 -0.2220 0.1948
vn -0.9549 -0.2373 0.1786
vn -0.8546 -0.3843 0.3494
vn -0.8550 -0.4047 0.3244
vn -0.4416 -0.6859 0.5784
vn -0.2048 -0.7100 0.6738
vn -0.2050 -0.7463 0.6332
vn -0.4403 -0.6543 0.6149
vn -0.9540 -0.2529 0.1610
vn -0.9524 -0.2699 0.1417
vn -0.8519 -0.4312 0.2972
vn -0.8489 -0.4561 0.2673
vn -0.4359 -0.7546 0.4906
vn -0.2040 -0.7824 0.5884
vn -0.2039 -0.8174 0.5388
vn -0.4387 -0.7204 0.5372
vn -0.8374 0.4200 -0.3499
vn -0.6772 0.5721 -0.4627
vn -0.1257 0.7504 -0.6489
vn 0.1297 0.7891 -0.6004
vn -0.8357 0.4397 -0.3289
vn -0.6734 0.6000 -0.4319
vn -0.1272 0.7863 -0.6047
vn 0.1256 0.8237 -0.5529
vn -0.8346 0.4557 -0.3093
vn -0.6721 0.6205 -0.4041
vn -0.1287 0.8201 -0.5575
vn 0.1214 0.8553 -0.5038
vn -0.8308 0.4753 -0.2897
vn -0.6682 0.6411 -0.3775
vn -0.1295 0.8508 -0.5094
vn 0.1204 0.8823 -0.4550
vn -0.9506 -0.2862 0.1205
vn -0.9460 -0.3067 0.1049
vn -0.8439 -0.4827 0.2343
vn -0.8350 -0.5090 0.2090
vn -0.4269 -0.8115 0.3990
vn -0.2019 -0.8526 0.4820
vn -0.1981 -0.8763 0.4392
vn -0.4311 -0.7884 0.4388
vn -0.8305 0.5206 -0.1980
vn -0.8849 0.4574 -0.0878
vn -0.4463 0.8620 -0.2404
vn -0.6397 0.7661 -0.0624
vn 0.0408 0.9776 -0.2064
vn -0.2831 0.9587 -0.0267
vn -0.9465 0.2657 -0.1833
vn -0.6577 0.6625 -0.3585
vn -0.1220 0.8806 -0.4578
vn 0.1230 0.8997 -0.4188
vn -0.6463 0.6777 -0.3508
vn -0.1113 0.8982 -0.4253
vn -0.9436 -0.3159 0.0989
vn -0.8336 -0.5144 0.2013
vn -0.1930 -0.8879 0.4175
vn -0.4174 -0.8269 0.3769
vn -0.9548 -0.1357 0.2643
vn -0.8542 -0.2960 0.4274
vn -0.4374 -0.4585 0.7736
vn -0.2055 -0.5691 0.7962
vn -0.9510 -0.1121 0.2880
vn -0.8516 -0.2510 0.4602
vn -0.4291 -0.3998 0.8100
vn -0.2035 -0.5008 0.8413
vn -0.8325 0.2934 -0.4698
vn -0.8347 0.3113 -0.4542
vn -0.6692 0.3897 -0.6327
vn -0.1211 0.5403 -0.8327
vn 0.1369 0.4917 -0.8599
vn -0.1136 0.4936 -0.8622
vn -0.6725 0.4139 -0.6135
vn 0.1348 0.5368 -0.8329
vn -0.8793 0.0725 -0.4708
vn -0.6257 0.0472 -0.7787
vn -0.2675 0.0144 -0.9634
vn -0.8270 0.1920 -0.5283
vn -0.4292 0.2473 -0.8687
vn 0.0749 0.2233 -0.9719
vn -0.9466 -0.1033 0.3054
vn -0.8423 -0.2130 0.4951
vn -0.4180 -0.3692 0.8300
vn -0.1974 -0.4344 0.8788
vn -0.1886 -0.4033 0.8954
vn -0.8335 -0.1997 0.5152
vn -0.4223 -0.3616 0.8312
vn -0.8266 0.2825 -0.4867
vn -0.1012 0.4619 -0.8811
vn -0.6587 0.3703 -0.6550
vn 0.1413 0.4589 -0.8772
vn 0.7777 0.4309 -0.4577
vn 0.7767 0.4622 -0.4279
vn 0.9126 0.2821 -0.2960
vn 0.9122 0.3039 -0.2749
vn 0.9864 0.1158 -0.1163
vn 0.9863 0.1275 -0.1048
vn 0.7752 0.4894 -0.3995
vn 0.9114 0.3238 -0.2538
vn 0.9857 0.1403 -0.0933
vn 0.5393 -0.5378 0.6481
vn 0.5404 -0.5710 0.6181
vn 0.7524 -0.4210 0.5066
vn 0.7531 -0.4449 0.4847
vn 0.9044 -0.2735 0.3274
vn 0.9045 -0.2873 0.3151
vn 0.5387 -0.4973 0.6801
vn 0.7524 -0.3921 0.5293
vn 0.9046 -0.2579 0.3394
vn 0.7778 0.3979 -0.4865
vn 0.7766 0.3650 -0.5135
vn 0.9126 0.2578 -0.3173
vn 0.9118 0.2342 -0.3374
vn 0.9865 0.1019 -0.1279
vn 0.9862 0.0885 -0.1397
vn 0.5376 -0.6338 0.5561
vn 0.5388 -0.6046 0.5866
vn 0.7511 -0.4918 0.4404
vn 0.7522 -0.4701 0.4617
vn 0.9042 -0.3129 0.2908
vn 0.9044 -0.3005 0.3028
vn 0.5326 -0.6922 0.4871
vn 0.5361 -0.6619 0.5240
vn 0.7490 -0.5346 0.3914
vn 0.7504 -0.5125 0.4174
vn 0.9039 -0.3357 0.2649
vn 0.9045 -0.3226 0.2790
vn 0.7719 0.5173 -0.3696
vn 0.9098 0.3434 -0.2331
vn 0.9855 0.1490 -0.0814
vn 0.7669 0.5461 -0.3370
vn 0.9063 0.3670 -0.2097
vn 0.9842 0.1635 -0.0683
vn 0.7603 0.5747 -0.3027
vn 0.9025 0.3887 -0.1855
vn 0.9830 0.1754 -0.0548
vn 0.7524 0.6003 -0.2710
vn 0.8972 0.4103 -0.1634
vn 0.9804 0.1921 -0.0432
vn 0.5219 -0.7462 0.4132
vn 0.5282 -0.7229 0.4455
vn 0.7398 -0.5805 0.3401
vn 0.7457 -0.5593 0.3621
vn 0.9006 -0.3637 0.2380
vn 0.9028 -0.3504 0.2494
vn 0.4978 0.8672 -0.0118
vn 0.7120 0.6934 -0.1111
vn 0.7843 0.6196 0.0319
vn 0.8760 0.4799 -0.0485
vn 0.9550 0.2881 0.0705
vn 0.9728 0.2311 0.0177
vn 0.7446 0.6192 -0.2494
vn 0.8908 0.4291 -0.1493
vn 0.9792 0.1999 -0.0361
vn 0.5167 -0.7583 0.3976
vn 0.7360 -0.5911 0.3298
vn 0.8983 -0.3722 0.2334
vn 0.5358 -0.4462 0.7168
vn 0.7503 -0.3560 0.5570
vn 0.9044 -0.2382 0.3540
vn 0.5277 -0.3981 0.7504
vn 0.7441 -0.3231 0.5848
vn 0.9017 -0.2210 0.3717
vn 0.7736 0.3321 -0.5396
vn 0.7691 0.3013 -0.5637
vn 0.9102 0.2102 -0.3567
vn 0.9068 0.1892 -0.3767
vn 0.9855 0.0757 -0.1515
vn 0.9845 0.0633 -0.1634
vn 0.5094 0.0061 -0.8605
vn 0.7925 -0.0304 -0.6091
vn 0.9595 -0.0626 -0.2748
vn 0.7362 0.1275 -0.6646
vn 0.8890 0.0646 -0.4533
vn 0.9773 -0.0024 -0.2118
vn 0.5200 -0.3744 0.7678
vn 0.7363 -0.3078 0.6026
vn 0.8975 -0.2162 0.3844
vn 0.7633 0.2807 -0.5819
vn 0.9028 0.1755 -0.3927
vn 0.9831 0.0561 -0.1741
vn 0.2391 -0.4886 0.8391
vn -0.0858 -0.4572 -0.8852
vn -0.0861 -0.4561 -0.8857
vn 0.2393 -0.4933 0.8363
vn 0.1180 -0.9641 -0.2379
vn 0.1182 -0.9641 -0.2379
vn -0.0725 -0.5100 -0.8571
vn 0.2350 -0.8257 0.5128
vn 0.2355 -0.8209 0.5202
vn 0.1360 0.2553 0.9572
vn -0.0477 0.8580 0.5114
vn -0.1329 0.9875 0.0842
vn -0.0624 0.8883 0.4551
vn 0.6795 0.4961 -0.5406
vn 0.6040 0.6459 -0.4669
vn 0.6041 0.6458 -0.4670
vn 0.0631 -0.7715 -0.6331
vn 0.0631 -0.7716 -0.6330
vn -0.4814 -0.4418 0.7570
vn -0.4815 -0.4419 0.7569
vn 0.6896 0.5436 -0.4785
vn 0.6897 0.5435 -0.4785
vn 0.0596 0.5931 0.8029
vn 0.0597 0.5931 0.8029
vn 0.2294 -0.5895 0.7745
vn -0.1011 0.7814 -0.6158
vn 0.8062 0.3789 0.4545
vn 0.0021 -0.4519 0.8921
vn 0.4729 0.6553 0.5890
vn -0.4586 0.8126 -0.3596
vn 0.3439 -0.5045 -0.7920
vn -0.2727 -0.8476 -0.4552
vn -0.1394 0.3630 -0.9213
vn -0.1240 0.8844 0.4499
vn 0.8975 -0.1192 0.4246
vn -0.4339 0.8901 0.1398
vn 0.8972 -0.4277 0.1099
vn -0.1173 -0.4233 -0.8984
vn 0.6695 0.6848 0.2878
vn -0.9904 0.0214 -0.1364
vn -0.2781 0.6817 -0.6767
vn -0.7803 0.2069 0.5901
vn -0.2943 -0.3891 -0.8729
vn -0.6220 -0.7318 -0.2784
vn 0.8102 0.5605 0.1716
vn 0.9663 -0.2415 0.0896
vn -0.4749 -0.0806 -0.8763
vn -0.8823 0.0071 -0.4707
vn 0.3826 0.0028 -0.9239
vn -0.9235 -0.0047 -0.3837
vn -0.0104 0.5373 0.8433
vn 0.0006 -0.9189 -0.3945
vn 0.0007 0.3979 -0.9174
vn 0.9258 -0.3779 -0.0055
vn -0.8321 0.5543 0.0175
vn -0.1118 0.9602 0.2561
vn -0.1505 -0.0922 -0.9843
vn -0.0627 0.8888 0.4539
vt 0.757132 0.733556
vt 0.752506 0.733510
vt 0.754280 0.730986
vt 0.886390 0.772512
vt 0.877609 0.764021
vt 0.887680 0.770496
vt 0.749512 0.731053
vt 0.744544 0.731235
vt 0.746388 0.728734
vt 0.870592 0.730758
vt 0.860394 0.725417
vt 0.861781 0.723540
vt 0.739912 0.724618
vt 0.738620 0.720459
vt 0.741791 0.722179
vt 0.896698 0.778578
vt 0.897962 0.776543
vt 0.910657 0.757571
vt 0.920912 0.765513
vt 0.909452 0.759571
vt 0.889971 0.744909
vt 0.878720 0.739866
vt 0.880040 0.737940
vt 0.745013 0.724120
vt 0.748215 0.726255
vt 0.741286 0.729057
vt 0.743159 0.726579
vt 0.852104 0.718039
vt 0.853531 0.716179
vt 0.832507 0.730177
vt 0.841726 0.735736
vt 0.840304 0.737666
vt 0.848469 0.744903
vt 0.858534 0.750071
vt 0.857166 0.752035
vt 0.843771 0.710006
vt 0.845218 0.708176
vt 0.833234 0.699034
vt 0.834677 0.697242
vt 0.817397 0.713721
vt 0.826399 0.720355
vt 0.824906 0.722245
vt 0.736722 0.722877
vt 0.735473 0.718946
vt 0.818715 0.683568
vt 0.820126 0.681775
vt 0.801509 0.665837
vt 0.802900 0.663936
vt 0.810032 0.704694
vt 0.818939 0.711862
vt 0.730270 0.719974
vt 0.728991 0.716442
vt 0.732289 0.717617
vt 0.907230 0.784255
vt 0.908471 0.782201
vt 0.918324 0.789704
vt 0.919540 0.787627
vt 0.938353 0.770662
vt 0.961431 0.782291
vt 0.937262 0.772698
vt 0.747697 0.733576
vt 0.930272 0.795041
vt 0.931461 0.792951
vt 0.942687 0.800232
vt 0.943857 0.798131
vt 0.962505 0.780269
vt 0.989872 0.793735
vt 0.758779 0.739686
vt 0.753761 0.738872
vt 0.755450 0.736200
vt 0.878919 0.762031
vt 0.888965 0.768485
vt 0.863874 0.741382
vt 0.851419 0.740746
vt 0.855110 0.734205
vt 0.869239 0.732661
vt 0.859004 0.727303
vt 0.850507 0.720178
vt 0.838857 0.719152
vt 0.842160 0.712120
vt 0.899223 0.774513
vt 0.909708 0.780151
vt 0.888686 0.746859
vt 0.897704 0.755424
vt 0.887397 0.748813
vt 0.877396 0.741798
vt 0.898956 0.753443
vt 0.908243 0.761579
vt 0.867834 0.757150
vt 0.849863 0.742957
vt 0.859899 0.748113
vt 0.851253 0.741017
vt 0.842317 0.711841
vt 0.858837 0.727573
vt 0.846888 0.726914
vt 0.833962 0.728265
vt 0.843145 0.733814
vt 0.835414 0.726361
vt 0.817306 0.685355
vt 0.829865 0.709660
vt 0.831670 0.701138
vt 0.827889 0.718474
vt 0.811711 0.702988
vt 0.820475 0.710016
vt 0.800241 0.667864
vt 0.899399 0.774251
vt 0.893309 0.761992
vt 0.903705 0.768085
vt 0.919757 0.767553
vt 0.936171 0.774741
vt 0.920750 0.785555
vt 0.932649 0.790865
vt 0.914698 0.773889
vt 0.920990 0.785323
vt 0.909894 0.779893
vt 0.960360 0.784315
vt 0.988609 0.795765
vt 0.945025 0.796029
vt 0.900203 0.751471
vt 0.767523 0.749427
vt 0.766197 0.742507
vt 0.768164 0.749265
vt 0.766928 0.742514
vt 0.768804 0.749102
vt 0.897530 0.755688
vt 0.908068 0.761843
vt 0.867883 0.734571
vt 0.887226 0.749078
vt 0.762809 0.744326
vt 0.757638 0.743033
vt 0.751311 0.728552
vt 0.935932 0.774971
vt 0.946594 0.787498
vt 0.928433 0.780152
vt 0.715995 0.715107
vt 0.709801 0.715105
vt 0.715895 0.714427
vt 0.709887 0.714382
vt 0.715797 0.713744
vt 0.843309 0.733541
vt 0.866491 0.759131
vt 0.889138 0.768222
vt 0.883134 0.755462
vt 0.869173 0.755175
vt 0.767412 0.749340
vt 0.763004 0.749199
vt 0.765394 0.742513
vt 0.762775 0.739439
vt 0.945103 0.795732
vt 0.933004 0.790682
vt 0.959995 0.784487
vt 0.966617 0.795898
vt 0.726348 0.718590
vt 0.725540 0.715407
vt 0.734802 0.725305
vt 0.733557 0.721346
vt 0.850672 0.719905
vt 0.820521 0.709606
vt 0.819058 0.697582
vt 0.738011 0.727074
vt 0.731620 0.723755
vt 0.873265 0.748526
vt 0.877227 0.742064
vt 0.922061 0.763483
vt 0.833162 0.866832
vt 0.791764 0.875765
vt 0.790988 0.874899
vt 0.919572 0.767811
vt 0.721461 0.717036
vt 0.722220 0.714532
vt 0.717287 0.718529
vt 0.716122 0.715178
vt 0.817281 0.685753
vt 0.806914 0.684932
vt 0.800567 0.668607
vt 0.813604 0.701168
vt 0.770094 0.756050
vt 0.769420 0.756347
vt 0.759948 0.736351
vt 0.770696 0.755693
vt 0.828013 0.718155
vt 0.876293 0.766019
vt 0.867715 0.734839
vt 0.835572 0.726080
vt 0.802666 0.686362
vt 0.728228 0.722335
vt 0.831787 0.700825
vt 0.804580 0.685501
vt 0.813357 0.701328
vt 0.860067 0.747845
vt 0.869342 0.754909
vt 0.879090 0.761766
vt 0.750718 0.736059
vt 0.723682 0.720711
vt 0.878237 0.828860
vt 0.812367 0.776866
vt 0.895708 0.833456
vt 0.729319 0.780727
vt 0.759256 0.822470
vt 0.758412 0.823120
vt 0.733092 0.782809
vt 0.760106 0.821822
vt 0.787730 0.852526
vt 0.798884 0.818715
vt 0.821484 0.835441
vt 0.736358 0.957321
vt 0.691143 0.886406
vt 0.696625 0.885335
vt 0.884011 0.862979
vt 0.833295 0.867824
vt 0.757155 0.909449
vt 0.736381 0.951903
vt 0.756168 0.909046
vt 0.804453 0.801833
vt 0.855206 0.818373
vt 0.768720 0.967084
vt 0.846059 0.936278
vt 0.755763 0.979947
vt 0.703455 0.804000
vt 0.741818 0.838150
vt 0.704411 0.806152
vt 0.791192 0.915253
vt 0.829192 0.917019
vt 0.789478 0.953253
vt 0.770870 0.869012
vt 0.741086 0.838927
vt 0.899090 0.850986
vt 0.850194 0.940767
vt 0.698268 0.785739
vt 0.685114 0.887580
vt 0.693640 0.767613
vt 0.738981 0.974888
vt 0.842081 0.931952
vt 0.882371 0.864210
vt 0.884123 0.863203
vt 0.778414 0.916213
vt 0.791635 0.875882
vt 0.779355 0.916444
vt 0.784852 0.861386
vt 0.746500 0.825710
vt 0.752670 0.824319
vt 0.814201 0.771051
vt 0.913548 0.838407
vt 0.790748 0.874768
vt 0.835034 0.861249
vt 0.833201 0.866641
vt 0.769307 0.966496
vt 0.841292 0.931080
vt 0.638140 0.976056
vt 0.683661 0.955591
vt 0.685668 0.985005
vt 0.777916 0.867615
vt 0.746311 0.825879
vt 0.783060 0.866534
vt 0.832756 0.850255
vt 0.828948 0.846133
vt 0.772653 0.917482
vt 0.778221 0.916232
vt 0.836966 0.855179
vt 0.913631 0.838784
vt 0.836914 0.854931
vt 0.758144 0.909848
vt 0.770907 0.869182
vt 0.772047 0.868939
vt 0.703231 0.804117
vt 0.698320 0.884971
vt 0.696955 0.885267
vt 0.711581 0.773758
vt 0.693927 0.767353
vt 0.736226 0.956482
vt 0.736198 0.954044
vt 0.736484 0.956493
vt 0.786839 0.870501
vt 0.766410 0.918759
vt 0.783269 0.866601
vt 0.703010 0.803312
vt 0.744319 0.831826
vt 0.742634 0.837198
vt 0.786636 0.855910
vt 0.742284 0.992981
vt 0.882253 0.864011
vt 0.833424 0.868818
vt 0.786996 0.854528
vt 0.786629 0.855636
vt 0.810596 0.782469
vt 0.874988 0.828401
vt 0.810166 0.783796
vt 0.706421 0.945358
vt 0.658893 0.936409
vt 0.679646 0.896762
vt 0.729457 0.780517
vt 0.731467 0.781675
vt 0.828834 0.845973
vt 0.787160 0.854582
vt 0.828533 0.844949
vt 0.766169 0.918681
vt 0.761980 0.914133
vt 0.742553 0.837375
vt 0.741921 0.992859
vt 0.733196 0.993955
vt 0.783222 0.866387
vt 0.787346 0.853463
vt 0.733199 0.782620
vt 0.809739 0.785108
vt 0.792388 0.876714
vt 0.780298 0.916673
vt 0.880890 0.865108
vt 0.770422 0.964947
vt 0.840511 0.930213
vt 0.704986 0.808070
vt 0.699672 0.884679
vt 0.769808 0.869416
vt 0.736172 0.951907
vt 0.884766 0.862688
vt 0.842306 0.932199
vt 0.769092 0.966357
vt 0.770233 0.964807
vt 0.771230 0.963513
vt 0.792512 0.876602
vt 0.772279 0.868797
vt 0.768106 0.869843
vt 0.734091 0.877988
vt 0.736569 0.850405
vt 0.717109 0.882054
vt 0.705062 0.830986
vt 0.758226 0.823182
vt 0.728685 0.780218
vt 0.770707 0.818894
vt 0.753700 0.785294
vt 0.787505 0.853515
vt 0.828229 0.843928
vt 0.830925 0.879001
vt 0.868905 0.880785
vt 0.792908 0.877216
vt 0.817109 0.903764
vt 0.758292 0.909977
vt 0.748621 0.901497
vt 0.729156 0.933121
vt 0.705186 0.807982
vt 0.810698 0.782148
vt 0.877405 0.828903
vt 0.874960 0.828650
vt 0.872835 0.828382
vt 0.736932 0.717212
vt 0.741545 0.717309
vt 0.739761 0.719815
vt 0.868636 0.799794
vt 0.860055 0.791540
vt 0.869896 0.797832
vt 0.744521 0.719758
vt 0.749443 0.719542
vt 0.747646 0.722042
vt 0.852625 0.758926
vt 0.842383 0.753927
vt 0.843695 0.752020
vt 0.754172 0.726002
vt 0.755588 0.730098
vt 0.752368 0.728489
vt 0.878627 0.805771
vt 0.879884 0.803802
vt 0.892608 0.785243
vt 0.902654 0.793245
vt 0.891395 0.787212
vt 0.872090 0.772644
vt 0.860866 0.767780
vt 0.862141 0.765850
vt 0.749094 0.726625
vt 0.745852 0.724538
vt 0.752699 0.721637
vt 0.750893 0.724133
vt 0.833929 0.746975
vt 0.835256 0.745098
vt 0.815138 0.759540
vt 0.824348 0.764677
vt 0.823017 0.766610
vt 0.831224 0.773441
vt 0.841202 0.778233
vt 0.839910 0.780187
vt 0.825471 0.739400
vt 0.826823 0.737556
vt 0.814760 0.729036
vt 0.816110 0.727226
vt 0.799780 0.743951
vt 0.808819 0.750134
vt 0.807422 0.752036
vt 0.757398 0.727632
vt 0.758771 0.731498
vt 0.799949 0.714427
vt 0.801261 0.712592
vt 0.782287 0.697885
vt 0.783438 0.696014
vt 0.792285 0.735375
vt 0.801225 0.742081
vt 0.763910 0.730298
vt 0.765305 0.733765
vt 0.761984 0.732712
vt 0.888794 0.811481
vt 0.890049 0.809500
vt 0.899489 0.817096
vt 0.900738 0.815091
vt 0.919687 0.798824
vt 0.941576 0.811330
vt 0.918543 0.800781
vt 0.746312 0.717253
vt 0.911049 0.822699
vt 0.912277 0.820650
vt 0.923282 0.827991
vt 0.924288 0.825912
vt 0.942741 0.809429
vt 0.968349 0.824433
vt 0.735387 0.711056
vt 0.740352 0.711987
vt 0.738643 0.714602
vt 0.861320 0.789588
vt 0.871156 0.795871
vt 0.846242 0.769581
vt 0.833994 0.769289
vt 0.837434 0.762758
vt 0.851332 0.760844
vt 0.841067 0.755837
vt 0.832442 0.749131
vt 0.820980 0.748528
vt 0.823968 0.741527
vt 0.881140 0.801833
vt 0.891302 0.807519
vt 0.870828 0.774588
vt 0.879784 0.783046
vt 0.869566 0.776533
vt 0.859587 0.769714
vt 0.881027 0.781089
vt 0.890178 0.789187
vt 0.850437 0.784951
vt 0.832533 0.771497
vt 0.842493 0.776283
vt 0.833840 0.769558
vt 0.824112 0.741248
vt 0.840912 0.756109
vt 0.829123 0.755863
vt 0.816497 0.757618
vt 0.825677 0.762748
vt 0.817855 0.755705
vt 0.798633 0.716262
vt 0.811841 0.739549
vt 0.813303 0.731153
vt 0.810212 0.748241
vt 0.793867 0.733657
vt 0.802662 0.740223
vt 0.781618 0.699886
vt 0.881315 0.801580
vt 0.875432 0.789514
vt 0.885617 0.795568
vt 0.901472 0.795238
vt 0.917404 0.802743
vt 0.901983 0.813087
vt 0.913491 0.818624
vt 0.896335 0.801436
vt 0.902224 0.812866
vt 0.891489 0.807271
vt 0.940426 0.813225
vt 0.966583 0.826400
vt 0.925275 0.823877
vt 0.882267 0.779136
vt 0.945722 0.829624
vt 0.945917 0.827622
vt 0.946116 0.825617
vt 0.879613 0.783307
vt 0.890003 0.789445
vt 0.850037 0.762765
vt 0.869399 0.776796
vt 0.731426 0.706246
vt 0.736592 0.707746
vt 0.742732 0.722259
vt 0.917162 0.802958
vt 0.927091 0.815666
vt 0.909658 0.807913
vt 0.778275 0.734638
vt 0.784376 0.734424
vt 0.778396 0.735300
vt 0.784286 0.735145
vt 0.778513 0.735964
vt 0.825829 0.762476
vt 0.849161 0.786903
vt 0.871326 0.795614
vt 0.865408 0.783120
vt 0.851713 0.783001
vt 0.727025 0.700828
vt 0.731384 0.701270
vt 0.728741 0.708016
vt 0.731400 0.711212
vt 0.925363 0.823599
vt 0.913840 0.818455
vt 0.940064 0.813368
vt 0.945732 0.825335
vt 0.767858 0.731537
vt 0.768773 0.734673
vt 0.759225 0.725156
vt 0.760595 0.729047
vt 0.832594 0.748858
vt 0.802693 0.739821
vt 0.800829 0.728135
vt 0.755987 0.723513
vt 0.762438 0.726588
vt 0.855620 0.776416
vt 0.859424 0.769981
vt 0.903835 0.791259
vt 0.721309 0.739146
vt 0.725901 0.739230
vt 0.724124 0.741723
vt 0.901285 0.795489
vt 0.772773 0.732912
vt 0.772104 0.735427
vt 0.776876 0.731282
vt 0.778146 0.734572
vt 0.798623 0.716649
vt 0.788630 0.716236
vt 0.781952 0.700599
vt 0.795652 0.731820
vt 0.966950 0.828632
vt 0.967377 0.830719
vt 0.734168 0.714363
vt 0.966533 0.826547
vt 0.810323 0.747925
vt 0.858786 0.793497
vt 0.849878 0.763034
vt 0.818000 0.755424
vt 0.784541 0.717762
vt 0.765857 0.727879
vt 0.813406 0.730843
vt 0.786377 0.716863
vt 0.795416 0.731984
vt 0.842650 0.776017
vt 0.851874 0.782738
vt 0.861486 0.789328
vt 0.743332 0.714798
vt 0.770435 0.729334
vt 0.911917 0.674709
vt 0.919998 0.683458
vt 0.910528 0.676582
vt 0.728858 0.741683
vt 0.733775 0.741509
vt 0.731953 0.743986
vt 0.926283 0.716223
vt 0.936262 0.721536
vt 0.934894 0.723378
vt 0.738397 0.748034
vt 0.739720 0.752153
vt 0.736551 0.750471
vt 0.902426 0.668015
vt 0.901014 0.669869
vt 0.887247 0.689318
vt 0.877220 0.681375
vt 0.888456 0.687361
vt 0.907429 0.702049
vt 0.918409 0.707175
vt 0.917085 0.709049
vt 0.733333 0.748562
vt 0.730141 0.746449
vt 0.737001 0.743650
vt 0.735161 0.746112
vt 0.944389 0.728745
vt 0.943001 0.730559
vt 0.963497 0.716906
vt 0.954499 0.711523
vt 0.955878 0.709652
vt 0.947990 0.702604
vt 0.938273 0.697486
vt 0.939629 0.695597
vt 0.952502 0.736586
vt 0.951089 0.738364
vt 0.962704 0.747308
vt 0.961301 0.749043
vt 0.978259 0.732927
vt 0.969465 0.726478
vt 0.970923 0.724630
vt 0.741584 0.749729
vt 0.742869 0.753626
vt 0.976669 0.762257
vt 0.975308 0.764002
vt 0.993637 0.779136
vt 0.992417 0.781271
vt 0.985354 0.741755
vt 0.976746 0.734753
vt 0.748051 0.752540
vt 0.749364 0.756059
vt 0.746058 0.754917
vt 0.892861 0.661450
vt 0.891425 0.663285
vt 0.882912 0.654790
vt 0.881440 0.656610
vt 0.859991 0.676118
vt 0.836917 0.664390
vt 0.861090 0.674097
vt 0.730662 0.739192
vt 0.872325 0.647758
vt 0.870817 0.649564
vt 0.861327 0.640413
vt 0.859798 0.642224
vt 0.835847 0.666425
vt 0.808106 0.653272
vt 0.719715 0.733018
vt 0.724699 0.733903
vt 0.722999 0.736534
vt 0.918627 0.685356
vt 0.909135 0.678459
vt 0.932970 0.705884
vt 0.945099 0.706619
vt 0.941469 0.712964
vt 0.927630 0.714366
vt 0.937633 0.719689
vt 0.945946 0.726659
vt 0.957304 0.727668
vt 0.954077 0.734535
vt 0.899598 0.671727
vt 0.889985 0.665125
vt 0.908721 0.700151
vt 0.899974 0.691593
vt 0.910018 0.698249
vt 0.919736 0.705296
vt 0.898714 0.693525
vt 0.889672 0.685396
vt 0.929346 0.690440
vt 0.946625 0.704482
vt 0.936920 0.699373
vt 0.945262 0.706358
vt 0.953923 0.734805
vt 0.937798 0.719425
vt 0.949473 0.720097
vt 0.962079 0.718775
vt 0.953121 0.713389
vt 0.960664 0.720636
vt 0.978022 0.760537
vt 0.966050 0.736924
vt 0.964225 0.745277
vt 0.968010 0.728317
vt 0.983757 0.743384
vt 0.975251 0.736554
vt 0.994693 0.776764
vt 0.898527 0.672995
vt 0.904397 0.685171
vt 0.894213 0.679032
vt 0.878383 0.679370
vt 0.862194 0.672069
vt 0.879964 0.658438
vt 0.869307 0.651378
vt 0.883427 0.673187
vt 0.877321 0.661852
vt 0.888221 0.667324
vt 0.837990 0.662350
vt 0.809238 0.651302
vt 0.858270 0.644037
vt 0.897461 0.695450
vt 0.711235 0.722909
vt 0.712130 0.729981
vt 0.710581 0.723034
vt 0.711395 0.729925
vt 0.709925 0.723158
vt 0.900148 0.691335
vt 0.889847 0.685138
vt 0.928979 0.712505
vt 0.910190 0.697991
vt 0.715705 0.728242
vt 0.720905 0.729688
vt 0.727064 0.744159
vt 0.862434 0.671842
vt 0.851934 0.659336
vt 0.869907 0.666847
vt 0.992555 0.759242
vt 0.997240 0.776739
vt 0.990715 0.760070
vt 0.994812 0.776675
vt 0.988883 0.760902
vt 0.952961 0.713655
vt 0.930696 0.688545
vt 0.908605 0.679070
vt 0.914329 0.691763
vt 0.927997 0.692335
vt 0.711339 0.723002
vt 0.715750 0.723330
vt 0.712939 0.730031
vt 0.715703 0.733226
vt 0.853532 0.651238
vt 0.865499 0.656430
vt 0.838356 0.662174
vt 0.831782 0.651288
vt 0.751997 0.753883
vt 0.752839 0.757089
vt 0.743461 0.747292
vt 0.744752 0.751214
vt 0.945784 0.726925
vt 0.975207 0.736953
vt 0.976514 0.748672
vt 0.740255 0.745584
vt 0.746651 0.748788
vt 0.923885 0.698761
vt 0.919906 0.705037
vt 0.876064 0.683369
vt 0.878568 0.679117
vt 0.756954 0.755396
vt 0.756243 0.757998
vt 0.761065 0.753735
vt 0.762327 0.757069
vt 0.978041 0.760156
vt 0.988496 0.760616
vt 0.994364 0.776085
vt 0.981958 0.745136
vt 0.709076 0.716171
vt 0.709779 0.715928
vt 0.718531 0.736339
vt 0.708453 0.716490
vt 0.967889 0.728628
vt 0.921367 0.681563
vt 0.929147 0.712244
vt 0.960510 0.720910
vt 0.750064 0.750144
vt 0.964111 0.745579
vt 0.982195 0.744980
vt 0.936754 0.699631
vt 0.927827 0.692591
vt 0.918451 0.685610
vt 0.727688 0.736721
vt 0.754645 0.751712
vt 0.709768 0.715829
vt 0.709778 0.715848
vt 0.709751 0.715831
vt 0.709806 0.715846
vt 0.709807 0.715867
vt 0.709763 0.715852
vt 0.709741 0.715834
vt 0.709788 0.715867
vt 0.709898 0.715907
vt 0.709900 0.715883
vt 0.709940 0.715901
vt 0.709844 0.715906
vt 0.709846 0.715887
vt 0.709851 0.715865
vt 0.709803 0.715881
vt 0.802965 0.663923
vt 0.803035 0.663985
vt 0.709769 0.715868
vt 0.709791 0.715892
vt 0.769396 0.756342
vt 0.769388 0.756312
vt 0.769425 0.756365
vt 0.769399 0.756359
vt 0.769366 0.756317
vt 0.769353 0.756272
vt 0.769373 0.756337
vt 0.991006 0.791684
vt 0.990988 0.791616
vt 0.991053 0.791715
vt 0.769345 0.756342
vt 0.769352 0.756325
vt 0.769380 0.756357
vt 0.769414 0.756378
vt 0.769319 0.756233
vt 0.769300 0.756242
vt 0.769288 0.756201
vt 0.769335 0.756282
vt 0.769320 0.756289
vt 0.709909 0.714358
vt 0.709939 0.714356
vt 0.800158 0.667833
vt 0.800191 0.667946
vt 0.800184 0.668006
vt 0.800193 0.668119
vt 0.800262 0.668154
vt 0.800321 0.668301
vt 0.800245 0.668072
vt 0.800245 0.667983
vt 0.800187 0.667838
vt 0.800325 0.668050
vt 0.800302 0.668135
vt 0.800448 0.668472
vt 0.800504 0.668446
vt 0.800372 0.668291
vt 0.800417 0.668253
vt 0.770709 0.755664
vt 0.770703 0.755708
vt 0.988375 0.795902
vt 0.988316 0.795850
vt 0.988484 0.795874
vt 0.770715 0.755682
vt 0.988401 0.795839
vt 0.988549 0.795851
vt 0.987946 0.795734
vt 0.987944 0.795796
vt 0.987769 0.795735
vt 0.988162 0.795743
vt 0.988144 0.795800
vt 0.988154 0.795850
vt 0.988320 0.795806
vt 0.988488 0.795810
vt 0.988390 0.795755
vt 0.988675 0.795823
vt 0.790947 0.874918
vt 0.790921 0.874871
vt 0.790910 0.874946
vt 0.790893 0.874885
vt 0.790845 0.874839
vt 0.790871 0.874904
vt 0.790845 0.874858
vt 0.790833 0.874951
vt 0.790878 0.874981
vt 0.790854 0.875019
vt 0.790809 0.874872
vt 0.790851 0.874924
vt 0.790809 0.874835
vt 0.790787 0.874804
vt 0.790780 0.874811
vt 0.703371 0.803982
vt 0.703301 0.803803
vt 0.703166 0.803648
vt 0.703137 0.803585
vt 0.703205 0.803806
vt 0.703268 0.804033
vt 0.703113 0.803554
vt 0.703187 0.803812
vt 0.884249 0.862912
vt 0.884089 0.863014
vt 0.884431 0.862869
vt 0.884284 0.862934
vt 0.884300 0.862957
vt 0.884130 0.863057
vt 0.884142 0.863115
vt 0.884335 0.862984
vt 0.884324 0.862970
vt 0.884464 0.862854
vt 0.884539 0.862824
vt 0.884402 0.862890
vt 0.769119 0.966441
vt 0.768997 0.966591
vt 0.768931 0.966785
vt 0.768891 0.966840
vt 0.769047 0.966674
vt 0.769215 0.966506
vt 0.769060 0.966687
vt 0.768919 0.966798
vt 0.877466 0.828836
vt 0.877664 0.828865
vt 0.877486 0.828779
vt 0.877685 0.828834
vt 0.877871 0.828827
vt 0.877931 0.828835
vt 0.877419 0.828643
vt 0.877708 0.828781
vt 0.877474 0.828719
vt 0.877711 0.828762
vt 0.877888 0.828831
vt 0.772079 0.868779
vt 0.772030 0.868802
vt 0.772008 0.868762
vt 0.772159 0.868798
vt 0.772093 0.868807
vt 0.772044 0.868847
vt 0.772135 0.868828
vt 0.772100 0.868835
vt 0.772169 0.868845
vt 0.772191 0.868816
vt 0.772229 0.868813
vt 0.772227 0.868803
vt 0.772050 0.868894
vt 0.772104 0.868895
vt 0.772105 0.868864
vt 0.736420 0.956748
vt 0.736413 0.956546
vt 0.736363 0.956948
vt 0.736388 0.956765
vt 0.736296 0.956544
vt 0.736314 0.956780
vt 0.736334 0.956780
vt 0.736353 0.957046
vt 0.786752 0.855745
vt 0.786756 0.855691
vt 0.786802 0.855692
vt 0.786696 0.855805
vt 0.786721 0.855743
vt 0.786693 0.855735
vt 0.786710 0.855681
vt 0.786647 0.855858
vt 0.786666 0.855781
vt 0.786664 0.855824
vt 0.786657 0.855861
vt 0.786667 0.855662
vt 0.786639 0.855708
vt 0.786666 0.855725
vt 0.786649 0.855790
vt 0.729142 0.780556
vt 0.729310 0.780642
vt 0.729012 0.780419
vt 0.729144 0.780514
vt 0.729156 0.780488
vt 0.729327 0.780585
vt 0.729370 0.780545
vt 0.729160 0.780444
vt 0.729154 0.780460
vt 0.728982 0.780397
vt 0.728917 0.780347
vt 0.729045 0.780432
vt 0.742308 0.993066
vt 0.742188 0.992962
vt 0.742296 0.993162
vt 0.742158 0.993087
vt 0.742097 0.992936
vt 0.742112 0.993172
vt 0.742052 0.993074
vt 0.741879 0.993606
vt 0.741997 0.993247
vt 0.742237 0.993302
vt 0.741768 0.993152
vt 0.741946 0.993119
vt 0.742032 0.993136
vt 0.742009 0.992900
vt 0.741850 0.992917
vt 0.741959 0.993022
vt 0.741803 0.993003
vt 0.913706 0.838463
vt 0.913581 0.838500
vt 0.913702 0.838304
vt 0.913612 0.838342
vt 0.913606 0.838592
vt 0.913803 0.838461
vt 0.913747 0.838561
vt 0.914298 0.838444
vt 0.913926 0.838524
vt 0.913853 0.838285
vt 0.913955 0.838771
vt 0.913839 0.838631
vt 0.913811 0.838548
vt 0.913622 0.838685
vt 0.913714 0.838817
vt 0.913750 0.838668
vt 0.913810 0.838815
vt 0.783212 0.866594
vt 0.783267 0.866545
vt 0.783160 0.866580
vt 0.783215 0.866543
vt 0.783259 0.866492
vt 0.783183 0.866508
vt 0.783213 0.866501
vt 0.783094 0.866489
vt 0.783110 0.866561
vt 0.783132 0.866450
vt 0.783137 0.866517
vt 0.783174 0.866536
vt 0.783244 0.866440
vt 0.783174 0.866417
vt 0.783198 0.866462
vt 0.783163 0.866485
vt 0.693553 0.767591
vt 0.693705 0.767538
vt 0.693476 0.767531
vt 0.693609 0.767447
vt 0.693772 0.767470
vt 0.693558 0.767364
vt 0.693675 0.767361
vt 0.693300 0.766947
vt 0.693552 0.767225
vt 0.693385 0.767410
vt 0.693752 0.767079
vt 0.693690 0.767246
vt 0.693631 0.767313
vt 0.693846 0.767409
vt 0.693914 0.767264
vt 0.693767 0.767306
vt 0.693863 0.767183
vt 0.880779 0.864921
vt 0.880791 0.865002
vt 0.880726 0.864983
vt 0.880871 0.864988
vt 0.880845 0.864961
vt 0.880738 0.865041
vt 0.880666 0.865043
vt 0.880773 0.865042
vt 0.880817 0.865050
vt 0.880883 0.865024
vt 0.880795 0.865116
vt 0.880753 0.865071
vt 0.880817 0.865019
vt 0.880600 0.865102
vt 0.880621 0.865143
vt 0.881860 0.865620
vt 0.880689 0.865084
vt 0.880708 0.865127
vt 0.792529 0.876642
vt 0.792475 0.876624
vt 0.792539 0.876682
vt 0.792493 0.876661
vt 0.792443 0.876650
vt 0.792482 0.876693
vt 0.792468 0.876678
vt 0.792504 0.876759
vt 0.792545 0.876722
vt 0.791289 0.875384
vt 0.792464 0.876749
vt 0.792505 0.876719
vt 0.792476 0.876714
vt 0.792503 0.876689
vt 0.792414 0.876679
vt 0.792426 0.876734
vt 0.792449 0.876701
vt 0.771310 0.963534
vt 0.771262 0.963584
vt 0.771297 0.963467
vt 0.771354 0.963485
vt 0.771287 0.963612
vt 0.771351 0.963520
vt 0.771323 0.963562
vt 0.771469 0.963379
vt 0.771430 0.963354
vt 0.771819 0.964636
vt 0.771443 0.963463
vt 0.771402 0.963440
vt 0.771364 0.963413
vt 0.771405 0.963644
vt 0.771354 0.963565
vt 0.771423 0.963550
vt 0.771321 0.963628
vt 0.771382 0.963503
vt 0.769790 0.869292
vt 0.769736 0.869276
vt 0.769773 0.869253
vt 0.769801 0.869332
vt 0.769754 0.869312
vt 0.769704 0.869301
vt 0.769765 0.869340
vt 0.769729 0.869329
vt 0.769765 0.869411
vt 0.769807 0.869373
vt 0.769726 0.869401
vt 0.769767 0.869370
vt 0.769744 0.869345
vt 0.769676 0.869331
vt 0.769688 0.869385
vt 0.771467 0.868969
vt 0.769710 0.869352
vt 0.769737 0.869365
vt 0.705128 0.808042
vt 0.705108 0.807976
vt 0.705193 0.808064
vt 0.705149 0.808105
vt 0.705072 0.807983
vt 0.705120 0.808085
vt 0.705097 0.808040
vt 0.705185 0.808257
vt 0.705225 0.808235
vt 0.703891 0.807946
vt 0.705123 0.808192
vt 0.705164 0.808169
vt 0.705207 0.808148
vt 0.705079 0.808065
vt 0.705059 0.808132
vt 0.705040 0.808005
vt 0.705119 0.808120
vt 0.736318 0.951854
vt 0.736365 0.951807
vt 0.736320 0.951931
vt 0.736280 0.951876
vt 0.736306 0.951789
vt 0.736346 0.951723
vt 0.736281 0.951820
vt 0.736241 0.951853
vt 0.736238 0.951933
vt 0.736196 0.951801
vt 0.736258 0.951787
vt 0.736324 0.951644
vt 0.736257 0.951640
vt 0.735394 0.952356
vt 0.736286 0.951721
vt 0.736225 0.951717
vt 0.872792 0.828315
vt 0.872868 0.828324
vt 0.872740 0.828358
vt 0.872728 0.828297
vt 0.872817 0.828279
vt 0.872879 0.828285
vt 0.872762 0.828275
vt 0.872585 0.828233
vt 0.872582 0.828300
vt 0.873404 0.827471
vt 0.872664 0.828209
vt 0.872662 0.828270
vt 0.872658 0.828330
vt 0.872731 0.828249
vt 0.872858 0.828175
vt 0.872798 0.828239
vt 0.872751 0.828189
vt 0.787462 0.853509
vt 0.787504 0.853471
vt 0.787422 0.853499
vt 0.787463 0.853469
vt 0.787498 0.853431
vt 0.787434 0.853463
vt 0.787462 0.853438
vt 0.787372 0.853428
vt 0.787384 0.853484
vt 0.787401 0.853399
vt 0.787407 0.853450
vt 0.787440 0.853443
vt 0.787486 0.853391
vt 0.787433 0.853374
vt 0.786882 0.855096
vt 0.787451 0.853410
vt 0.787426 0.853427
vt 0.733157 0.782758
vt 0.733173 0.782824
vt 0.733104 0.782696
vt 0.733093 0.782732
vt 0.733217 0.782785
vt 0.733254 0.782846
vt 0.733200 0.782754
vt 0.733185 0.782712
vt 0.733129 0.782667
vt 0.733253 0.782698
vt 0.733235 0.782757
vt 0.733158 0.782727
vt 0.733338 0.782874
vt 0.733364 0.782835
vt 0.733171 0.781541
vt 0.733279 0.782806
vt 0.733306 0.782768
vt 0.784459 0.733698
vt 0.784448 0.733678
vt 0.784477 0.733698
vt 0.784418 0.733682
vt 0.784415 0.733661
vt 0.784465 0.733673
vt 0.784486 0.733694
vt 0.784436 0.733660
vt 0.784321 0.733626
vt 0.784320 0.733649
vt 0.784280 0.733633
vt 0.784373 0.733625
vt 0.784373 0.733644
vt 0.784370 0.733666
vt 0.784418 0.733645
vt 0.783497 0.695996
vt 0.783568 0.696049
vt 0.783370 0.695976
vt 0.783453 0.695961
vt 0.783605 0.696016
vt 0.783714 0.696109
vt 0.783547 0.695979
vt 0.725189 0.693440
vt 0.725213 0.693445
vt 0.725220 0.693475
vt 0.725184 0.693424
vt 0.725211 0.693427
vt 0.725241 0.693471
vt 0.725254 0.693515
vt 0.725235 0.693451
vt 0.969540 0.822433
vt 0.969528 0.822366
vt 0.969582 0.822464
vt 0.969449 0.822319
vt 0.969462 0.822270
vt 0.969580 0.822393
vt 0.969520 0.822310
vt 0.725289 0.693556
vt 0.725311 0.693546
vt 0.725321 0.693591
vt 0.725273 0.693504
vt 0.725288 0.693497
vt 0.725254 0.693463
vt 0.781502 0.699937
vt 0.781567 0.700023
vt 0.781568 0.700129
vt 0.781545 0.699862
vt 0.781573 0.699968
vt 0.781639 0.700165
vt 0.781702 0.700308
vt 0.781624 0.700085
vt 0.781623 0.700001
vt 0.781570 0.699865
vt 0.781700 0.700063
vt 0.781679 0.700145
vt 0.781831 0.700471
vt 0.781885 0.700444
vt 0.781752 0.700297
vt 0.781795 0.700258
vt 0.966427 0.826479
vt 0.966605 0.826519
vt 0.966330 0.826485
vt 0.966283 0.826435
vt 0.966488 0.826466
vt 0.966358 0.826436
vt 0.965953 0.826307
vt 0.965947 0.826364
vt 0.965787 0.826297
vt 0.966151 0.826330
vt 0.966131 0.826380
vt 0.966137 0.826425
vt 0.966290 0.826397
vt 0.966443 0.826419
vt 0.966359 0.826357
vt 0.966638 0.826495
vt 0.768521 0.756118
vt 0.768494 0.756107
vt 0.768538 0.756101
vt 0.768465 0.756131
vt 0.768453 0.756106
vt 0.768505 0.756092
vt 0.768542 0.756087
vt 0.768473 0.756095
vt 0.768359 0.756079
vt 0.768358 0.756101
vt 0.768318 0.756085
vt 0.768408 0.756077
vt 0.768409 0.756095
vt 0.768407 0.756116
vt 0.768451 0.756090
vt 0.768510 0.756071
vt 0.768488 0.756084
vt 0.768459 0.756075
vt 0.709802 0.715936
vt 0.709807 0.715964
vt 0.709776 0.715910
vt 0.709802 0.715919
vt 0.709829 0.715961
vt 0.709839 0.716005
vt 0.709823 0.715942
vt 0.709807 0.715903
vt 0.709818 0.715924
vt 0.709789 0.715898
vt 0.709850 0.715936
vt 0.709843 0.715953
vt 0.709871 0.716045
vt 0.709890 0.716037
vt 0.709900 0.716078
vt 0.709857 0.715996
vt 0.709873 0.715990
vt 0.994720 0.776604
vt 0.994698 0.776516
vt 0.994797 0.776779
vt 0.994726 0.776660
vt 0.994638 0.776490
vt 0.994587 0.776362
vt 0.994660 0.776556
vt 0.994671 0.776635
vt 0.994760 0.776781
vt 0.994591 0.776581
vt 0.994606 0.776508
vt 0.994474 0.776210
vt 0.994424 0.776233
vt 0.994543 0.776371
vt 0.994504 0.776405
vt 0.708439 0.716518
vt 0.708447 0.716475
vt 0.708446 0.716546
vt 0.708433 0.716563
vt 0.708434 0.716500
vt 0.708430 0.716539
vt 0.809869 0.651303
vt 0.809870 0.651237
vt 0.810053 0.651299
vt 0.809650 0.651300
vt 0.809666 0.651243
vt 0.708428 0.716619
vt 0.708442 0.716613
vt 0.708439 0.716681
vt 0.809492 0.651247
vt 0.809492 0.651204
vt 0.809340 0.651256
vt 0.809431 0.651299
vt 0.809175 0.651253
vt 0.809285 0.651225
vt 0.809414 0.651223
vt 0.745026 0.724103
vt 0.748227 0.726238
vt 0.745036 0.724089
vt 0.748237 0.726224
vt 0.745045 0.724075
vt 0.748247 0.726210
vt 0.866455 0.759182
vt 0.876258 0.766071
vt 0.741803 0.722162
vt 0.741813 0.722148
vt 0.741822 0.722134
vt 0.857129 0.752086
vt 0.744531 0.731252
vt 0.747685 0.733594
vt 0.744520 0.731267
vt 0.747674 0.733608
vt 0.744510 0.731282
vt 0.890007 0.744856
vt 0.750706 0.736076
vt 0.750695 0.736091
vt 0.747663 0.733623
vt 0.900237 0.751416
vt 0.754292 0.730969
vt 0.751323 0.728536
vt 0.754302 0.730955
vt 0.751333 0.728522
vt 0.754313 0.730942
vt 0.896665 0.778632
vt 0.751344 0.728508
vt 0.886357 0.772565
vt 0.741273 0.729074
vt 0.737998 0.727090
vt 0.741262 0.729089
vt 0.737987 0.727105
vt 0.741252 0.729104
vt 0.737978 0.727121
vt 0.880078 0.737888
vt 0.870630 0.730706
vt 0.734788 0.725322
vt 0.731607 0.723772
vt 0.734777 0.725337
vt 0.731596 0.723787
vt 0.853615 0.716091
vt 0.861821 0.723489
vt 0.853573 0.716130
vt 0.734768 0.725352
vt 0.738633 0.720442
vt 0.738643 0.720428
vt 0.738652 0.720413
vt 0.848430 0.744953
vt 0.735486 0.718930
vt 0.735496 0.718916
vt 0.735504 0.718901
vt 0.840264 0.737715
vt 0.732303 0.717600
vt 0.732313 0.717586
vt 0.732321 0.717571
vt 0.832466 0.730225
vt 0.729009 0.716428
vt 0.729023 0.716415
vt 0.729033 0.716400
vt 0.824860 0.722290
vt 0.728214 0.722351
vt 0.723663 0.720726
vt 0.728202 0.722366
vt 0.723648 0.720739
vt 0.834774 0.697171
vt 0.845262 0.708128
vt 0.834722 0.697198
vt 0.845307 0.708093
vt 0.722217 0.714513
vt 0.716075 0.715162
vt 0.722213 0.714495
vt 0.716035 0.715145
vt 0.722209 0.714478
vt 0.716007 0.715127
vt 0.722200 0.714459
vt 0.725569 0.715396
vt 0.725592 0.715386
vt 0.725608 0.715372
vt 0.809993 0.704748
vt 0.817344 0.713759
vt 0.717257 0.718539
vt 0.717232 0.718549
vt 0.803179 0.664053
vt 0.820176 0.681736
vt 0.820242 0.681725
vt 0.753749 0.738890
vt 0.753739 0.738905
vt 0.750683 0.736105
vt 0.910689 0.757515
vt 0.757631 0.743056
vt 0.757624 0.743074
vt 0.753727 0.738919
vt 0.922091 0.763426
vt 0.759955 0.736330
vt 0.757143 0.733538
vt 0.759961 0.736312
vt 0.757153 0.733524
vt 0.759971 0.736297
vt 0.918298 0.789762
vt 0.757164 0.733510
vt 0.907199 0.784310
vt 0.767444 0.749375
vt 0.767475 0.749405
vt 0.767501 0.749424
vt 0.765412 0.742506
vt 0.765429 0.742501
vt 0.765446 0.742497
vt 0.765466 0.742497
vt 0.763006 0.749231
vt 0.763007 0.749258
vt 0.757614 0.743090
vt 0.962520 0.780206
vt 0.938376 0.770602
vt 0.763003 0.749279
vt 0.990902 0.791574
vt 0.762774 0.739409
vt 0.762774 0.739383
vt 0.942651 0.800287
vt 0.762779 0.739364
vt 0.930254 0.795102
vt 0.878960 0.761968
vt 0.869214 0.755113
vt 0.879005 0.761899
vt 0.869258 0.755044
vt 0.879049 0.761830
vt 0.869302 0.754973
vt 0.859941 0.748051
vt 0.859985 0.747982
vt 0.860028 0.747911
vt 0.897663 0.755487
vt 0.887356 0.748875
vt 0.897618 0.755555
vt 0.887312 0.748944
vt 0.897573 0.755624
vt 0.887267 0.749013
vt 0.908203 0.761643
vt 0.908158 0.761711
vt 0.908112 0.761780
vt 0.889006 0.768422
vt 0.899264 0.774450
vt 0.889051 0.768353
vt 0.899309 0.774382
vt 0.889096 0.768285
vt 0.899356 0.774314
vt 0.867841 0.734633
vt 0.877355 0.741860
vt 0.867797 0.734703
vt 0.877310 0.741929
vt 0.867754 0.734773
vt 0.877267 0.741999
vt 0.850629 0.719967
vt 0.858961 0.727365
vt 0.850585 0.720037
vt 0.858917 0.727434
vt 0.850544 0.720110
vt 0.858875 0.727505
vt 0.851295 0.740955
vt 0.851339 0.740884
vt 0.851381 0.740813
vt 0.843188 0.733752
vt 0.843231 0.733681
vt 0.843273 0.733608
vt 0.835457 0.726299
vt 0.835499 0.726226
vt 0.835538 0.726151
vt 0.827930 0.718409
vt 0.827965 0.718328
vt 0.827993 0.718240
vt 0.831747 0.700889
vt 0.842273 0.711903
vt 0.831714 0.700967
vt 0.842232 0.711974
vt 0.831688 0.701053
vt 0.842193 0.712049
vt 0.806579 0.684634
vt 0.813411 0.701280
vt 0.806676 0.684696
vt 0.813473 0.701234
vt 0.806790 0.684802
vt 0.813539 0.701196
vt 0.715805 0.713721
vt 0.820511 0.709944
vt 0.820529 0.709844
vt 0.820532 0.709726
vt 0.817274 0.685425
vt 0.817261 0.685522
vt 0.817265 0.685636
vt 0.919717 0.767617
vt 0.919671 0.767685
vt 0.919620 0.767751
vt 0.936129 0.774803
vt 0.936071 0.774864
vt 0.936002 0.774921
vt 0.909749 0.780087
vt 0.920794 0.785493
vt 0.909797 0.780020
vt 0.920854 0.785431
vt 0.909847 0.779953
vt 0.920922 0.785373
vt 0.770700 0.755636
vt 0.967010 0.796101
vt 0.966919 0.796034
vt 0.966780 0.795965
vt 0.967041 0.796168
vt 0.945052 0.795959
vt 0.945075 0.795882
vt 0.945092 0.795804
vt 0.960308 0.784372
vt 0.960223 0.784421
vt 0.960113 0.784459
vt 0.932702 0.790807
vt 0.932787 0.790755
vt 0.932892 0.790713
vt 0.989924 0.793760
vt 0.988657 0.795801
vt 0.770099 0.756077
vt 0.769424 0.756375
vt 0.770098 0.756068
vt 0.801464 0.665799
vt 0.802853 0.663905
vt 0.709783 0.715109
vt 0.709870 0.714381
vt 0.836979 0.855111
vt 0.836975 0.855047
vt 0.836953 0.854987
vt 0.746341 0.825817
vt 0.746435 0.825733
vt 0.746382 0.825768
vt 0.814355 0.770561
vt 0.814316 0.770684
vt 0.814239 0.770930
vt 0.814278 0.770806
vt 0.766221 0.918726
vt 0.766278 0.918754
vt 0.766341 0.918764
vt 0.850539 0.941146
vt 0.850454 0.941051
vt 0.850280 0.940860
vt 0.850368 0.940956
vt 0.684612 0.887679
vt 0.684737 0.887653
vt 0.684990 0.887604
vt 0.684863 0.887628
vt 0.833161 0.866786
vt 0.833169 0.866739
vt 0.884499 0.862833
vt 0.833183 0.866691
vt 0.884625 0.862756
vt 0.768803 0.966951
vt 0.778273 0.916219
vt 0.778321 0.916210
vt 0.778369 0.916207
vt 0.884653 0.862760
vt 0.842247 0.932135
vt 0.842191 0.932073
vt 0.842137 0.932014
vt 0.768803 0.966980
vt 0.768876 0.966878
vt 0.742581 0.837338
vt 0.742603 0.837295
vt 0.742619 0.837249
vt 0.703084 0.803452
vt 0.758185 0.909870
vt 0.758223 0.909900
vt 0.736364 0.957013
vt 0.758257 0.909936
vt 0.736369 0.957162
vt 0.736351 0.957180
vt 0.696711 0.885318
vt 0.696793 0.885301
vt 0.696873 0.885285
vt 0.703060 0.803439
vt 0.878079 0.828854
vt 0.828910 0.846094
vt 0.828878 0.846056
vt 0.828852 0.846016
vt 0.758279 0.823173
vt 0.758327 0.823161
vt 0.758372 0.823144
vt 0.728816 0.780306
vt 0.728947 0.780377
vt 0.728804 0.780280
vt 0.810672 0.782232
vt 0.810646 0.782311
vt 0.810621 0.782389
vt 0.878101 0.828839
vt 0.877969 0.828827
vt 0.833407 0.868955
vt 0.833419 0.868908
vt 0.833426 0.868862
vt 0.833096 0.872076
vt 0.780342 0.916679
vt 0.780389 0.916678
vt 0.780437 0.916670
vt 0.783514 0.916671
vt 0.840457 0.930153
vt 0.840403 0.930094
vt 0.840350 0.930034
vt 0.837562 0.926921
vt 0.739541 0.841757
vt 0.741019 0.839049
vt 0.741037 0.839003
vt 0.741058 0.838962
vt 0.756057 0.908962
vt 0.756092 0.908996
vt 0.756128 0.909025
vt 0.753570 0.907017
vt 0.699751 0.884661
vt 0.699829 0.884644
vt 0.699907 0.884627
vt 0.703981 0.883770
vt 0.828212 0.843886
vt 0.828188 0.843847
vt 0.828157 0.843809
vt 0.826507 0.841088
vt 0.760144 0.821798
vt 0.760187 0.821781
vt 0.760234 0.821768
vt 0.763055 0.820526
vt 0.809714 0.785185
vt 0.809690 0.785260
vt 0.809664 0.785337
vt 0.808415 0.789376
vt 0.791731 0.875794
vt 0.791699 0.875823
vt 0.791667 0.875852
vt 0.770366 0.964905
vt 0.770327 0.964876
vt 0.770289 0.964848
vt 0.704347 0.806180
vt 0.704303 0.806199
vt 0.704260 0.806218
vt 0.704197 0.806246
vt 0.736451 0.954040
vt 0.736325 0.954042
vt 0.736279 0.951938
vt 0.736375 0.954041
vt 0.736274 0.954043
vt 0.787078 0.854555
vt 0.787037 0.854541
vt 0.787119 0.854568
vt 0.872878 0.828243
vt 0.874969 0.828576
vt 0.874979 0.828476
vt 0.874974 0.828526
vt 0.882288 0.864069
vt 0.882336 0.864150
vt 0.882312 0.864109
vt 0.770898 0.869139
vt 0.770889 0.869097
vt 0.770880 0.869054
vt 0.731434 0.781735
vt 0.731388 0.781817
vt 0.731411 0.781776
vt 0.731355 0.781877
vt 0.749082 0.726642
vt 0.745840 0.724555
vt 0.749072 0.726656
vt 0.745830 0.724569
vt 0.858723 0.793591
vt 0.849127 0.786954
vt 0.858752 0.793548
vt 0.752356 0.728506
vt 0.752346 0.728520
vt 0.849096 0.786996
vt 0.839875 0.780237
vt 0.749456 0.719525
vt 0.882358 0.778984
vt 0.872156 0.772544
vt 0.872188 0.772497
vt 0.882330 0.779033
vt 0.872125 0.772591
vt 0.746325 0.717236
vt 0.892690 0.785087
vt 0.892666 0.785138
vt 0.882301 0.779082
vt 0.739749 0.719832
vt 0.742720 0.722275
vt 0.739738 0.719846
vt 0.868576 0.799891
vt 0.878595 0.805824
vt 0.878570 0.805870
vt 0.742710 0.722290
vt 0.868603 0.799846
vt 0.752711 0.721620
vt 0.755999 0.723495
vt 0.852737 0.758789
vt 0.862211 0.765752
vt 0.852698 0.758831
vt 0.862177 0.765797
vt 0.852662 0.758874
vt 0.862247 0.765708
vt 0.759238 0.725139
vt 0.762451 0.726570
vt 0.835379 0.744971
vt 0.843771 0.751927
vt 0.835335 0.745009
vt 0.843733 0.751969
vt 0.835295 0.745048
vt 0.843813 0.751888
vt 0.755576 0.730115
vt 0.755566 0.730130
vt 0.755558 0.730145
vt 0.752338 0.728535
vt 0.831187 0.773491
vt 0.758759 0.731515
vt 0.758749 0.731529
vt 0.758742 0.731545
vt 0.822980 0.766660
vt 0.761971 0.732728
vt 0.761961 0.732743
vt 0.761954 0.732758
vt 0.815099 0.759588
vt 0.765287 0.733780
vt 0.765274 0.733793
vt 0.765264 0.733809
vt 0.807379 0.752081
vt 0.765870 0.727862
vt 0.770453 0.729319
vt 0.765881 0.727847
vt 0.770468 0.729305
vt 0.816203 0.727153
vt 0.826864 0.737508
vt 0.816153 0.727181
vt 0.762461 0.726555
vt 0.826906 0.737472
vt 0.772107 0.735447
vt 0.778193 0.734587
vt 0.772112 0.735464
vt 0.778234 0.734602
vt 0.772117 0.735482
vt 0.778262 0.734619
vt 0.772127 0.735500
vt 0.768744 0.734685
vt 0.768721 0.734697
vt 0.768706 0.734710
vt 0.792249 0.735430
vt 0.799730 0.743990
vt 0.776906 0.731271
vt 0.776930 0.731261
vt 0.801309 0.712551
vt 0.801373 0.712537
vt 0.743344 0.714781
vt 0.903902 0.791096
vt 0.903886 0.791151
vt 0.892640 0.785188
vt 0.740364 0.711969
vt 0.919718 0.798649
vt 0.919721 0.798711
vt 0.903865 0.791203
vt 0.734160 0.714384
vt 0.736921 0.717229
vt 0.734153 0.714402
vt 0.888741 0.811582
vt 0.899462 0.817152
vt 0.899450 0.817205
vt 0.736911 0.717244
vt 0.888762 0.811534
vt 0.726994 0.700789
vt 0.726964 0.700757
vt 0.726938 0.700737
vt 0.726915 0.700732
vt 0.728722 0.708023
vt 0.728705 0.708027
vt 0.728687 0.708028
vt 0.945689 0.829686
vt 0.736600 0.707724
vt 0.942711 0.809228
vt 0.942747 0.809304
vt 0.919712 0.798767
vt 0.942760 0.809369
vt 0.731383 0.701238
vt 0.969221 0.822089
vt 0.969333 0.822201
vt 0.731400 0.711242
vt 0.911041 0.822822
vt 0.923253 0.828048
vt 0.923215 0.828089
vt 0.731400 0.711268
vt 0.911030 0.822759
vt 0.861360 0.789527
vt 0.851752 0.782939
vt 0.861403 0.789459
vt 0.851794 0.782871
vt 0.861446 0.789391
vt 0.851836 0.782801
vt 0.842532 0.776222
vt 0.842574 0.776152
vt 0.842614 0.776082
vt 0.879744 0.783108
vt 0.869526 0.776595
vt 0.879700 0.783176
vt 0.869483 0.776664
vt 0.879655 0.783244
vt 0.869439 0.776732
vt 0.890138 0.789249
vt 0.890093 0.789316
vt 0.890047 0.789383
vt 0.871196 0.795810
vt 0.881180 0.801772
vt 0.871240 0.795743
vt 0.881225 0.801706
vt 0.871285 0.795676
vt 0.881272 0.801640
vt 0.849997 0.762827
vt 0.859547 0.769777
vt 0.849956 0.762897
vt 0.859505 0.769846
vt 0.849915 0.762968
vt 0.859463 0.769915
vt 0.832554 0.748920
vt 0.841027 0.755900
vt 0.832514 0.748990
vt 0.840986 0.755970
vt 0.832476 0.749063
vt 0.840947 0.756042
vt 0.833879 0.769496
vt 0.833920 0.769426
vt 0.833959 0.769355
vt 0.825716 0.762686
vt 0.825756 0.762616
vt 0.825795 0.762543
vt 0.817894 0.755642
vt 0.817933 0.755570
vt 0.817969 0.755495
vt 0.810250 0.748176
vt 0.810282 0.748096
vt 0.810306 0.748009
vt 0.813369 0.730906
vt 0.824072 0.741310
vt 0.813339 0.730984
vt 0.824033 0.741382
vt 0.813318 0.731070
vt 0.823999 0.741456
vt 0.788295 0.715958
vt 0.795467 0.731935
vt 0.788391 0.716015
vt 0.795527 0.731889
vt 0.788506 0.716114
vt 0.795590 0.731849
vt 0.784235 0.735173
vt 0.778506 0.735986
vt 0.802694 0.740152
vt 0.802709 0.740053
vt 0.802707 0.739938
vt 0.798604 0.716331
vt 0.798595 0.716425
vt 0.798603 0.716536
vt 0.901432 0.795300
vt 0.901384 0.795366
vt 0.901333 0.795430
vt 0.917360 0.802802
vt 0.917301 0.802859
vt 0.917232 0.802912
vt 0.891343 0.807458
vt 0.902028 0.813028
vt 0.891391 0.807393
vt 0.902088 0.812968
vt 0.891442 0.807329
vt 0.902156 0.812913
vt 0.946091 0.825552
vt 0.946009 0.825482
vt 0.945882 0.825409
vt 0.925303 0.823812
vt 0.925329 0.823740
vt 0.925350 0.823667
vt 0.940373 0.813276
vt 0.940287 0.813318
vt 0.940179 0.813348
vt 0.913543 0.818568
vt 0.913627 0.818520
vt 0.913730 0.818482
vt 0.968401 0.824466
vt 0.966625 0.826458
vt 0.723789 0.693886
vt 0.724497 0.693669
vt 0.723793 0.693903
vt 0.724497 0.693642
vt 0.725184 0.693414
vt 0.724497 0.693651
vt 0.782241 0.697857
vt 0.783393 0.695990
vt 0.782187 0.697847
vt 0.783344 0.695968
vt 0.784394 0.734420
vt 0.784304 0.735146
vt 0.733321 0.748579
vt 0.730129 0.746465
vt 0.921466 0.681430
vt 0.930765 0.688455
vt 0.921434 0.681471
vt 0.930733 0.688496
vt 0.921403 0.681513
vt 0.736539 0.750488
vt 0.930800 0.688416
vt 0.939700 0.695509
vt 0.939666 0.695548
vt 0.733788 0.741492
vt 0.730674 0.739175
vt 0.733798 0.741477
vt 0.730685 0.739160
vt 0.733809 0.741463
vt 0.907393 0.702101
vt 0.727700 0.736704
vt 0.727711 0.736689
vt 0.730696 0.739146
vt 0.897426 0.695504
vt 0.724112 0.741740
vt 0.912012 0.674573
vt 0.902491 0.667922
vt 0.902518 0.667877
vt 0.911983 0.674617
vt 0.902462 0.667966
vt 0.727052 0.744175
vt 0.911953 0.674659
vt 0.737014 0.743633
vt 0.740268 0.745567
vt 0.737025 0.743618
vt 0.740278 0.745553
vt 0.737035 0.743603
vt 0.740288 0.745537
vt 0.917048 0.709100
vt 0.926245 0.716273
vt 0.743474 0.747275
vt 0.746664 0.748771
vt 0.743484 0.747260
vt 0.746675 0.748756
vt 0.743494 0.747244
vt 0.746683 0.748740
vt 0.934854 0.723427
vt 0.942960 0.730608
vt 0.739708 0.752170
vt 0.939737 0.695472
vt 0.948064 0.702518
vt 0.948028 0.702555
vt 0.742857 0.753642
vt 0.948104 0.702483
vt 0.955955 0.709568
vt 0.955917 0.709604
vt 0.746044 0.754933
vt 0.955997 0.709537
vt 0.963578 0.716825
vt 0.963537 0.716859
vt 0.749346 0.756074
vt 0.749332 0.756087
vt 0.746034 0.754947
vt 0.970967 0.724586
vt 0.750078 0.750127
vt 0.754664 0.751697
vt 0.750089 0.750112
vt 0.754678 0.751683
vt 0.750098 0.750096
vt 0.754689 0.751668
vt 0.754695 0.751649
vt 0.750104 0.750076
vt 0.756246 0.758018
vt 0.762375 0.757083
vt 0.756250 0.758036
vt 0.762415 0.757097
vt 0.756258 0.758053
vt 0.992602 0.759191
vt 0.985397 0.741708
vt 0.762443 0.757114
vt 0.999536 0.776525
vt 0.752809 0.757100
vt 0.752786 0.757111
vt 0.971016 0.724560
vt 0.978310 0.732890
vt 0.978374 0.732883
vt 0.761094 0.753724
vt 0.761119 0.753713
vt 0.761135 0.753700
vt 0.761143 0.753682
vt 0.724711 0.733886
vt 0.724721 0.733870
vt 0.727723 0.736675
vt 0.887215 0.689373
vt 0.720912 0.729666
vt 0.720920 0.729647
vt 0.724733 0.733857
vt 0.876034 0.683426
vt 0.718523 0.736360
vt 0.892946 0.661307
vt 0.882964 0.654687
vt 0.882972 0.654631
vt 0.892924 0.661355
vt 0.882946 0.654738
vt 0.721298 0.739163
vt 0.892897 0.661400
vt 0.711310 0.722965
vt 0.711282 0.722934
vt 0.711257 0.722914
vt 0.712920 0.730038
vt 0.712903 0.730041
vt 0.712885 0.730042
vt 0.712865 0.730040
vt 0.715749 0.723298
vt 0.715749 0.723271
vt 0.720930 0.729632
vt 0.835832 0.666488
vt 0.859967 0.676177
vt 0.715754 0.723250
vt 0.807106 0.655405
vt 0.872332 0.647563
vt 0.861416 0.640334
vt 0.861463 0.640304
vt 0.872352 0.647638
vt 0.861372 0.640368
vt 0.715704 0.733257
vt 0.872353 0.647701
vt 0.918585 0.685415
vt 0.927956 0.692395
vt 0.918538 0.685481
vt 0.927911 0.692461
vt 0.918493 0.685548
vt 0.927867 0.692529
vt 0.936879 0.699432
vt 0.936835 0.699500
vt 0.936792 0.699568
vt 0.900015 0.691531
vt 0.910059 0.698188
vt 0.900060 0.691464
vt 0.910104 0.698121
vt 0.900106 0.691397
vt 0.910149 0.698054
vt 0.889712 0.685333
vt 0.889757 0.685267
vt 0.889804 0.685200
vt 0.909091 0.678518
vt 0.899553 0.671785
vt 0.909042 0.678582
vt 0.899502 0.671847
vt 0.708515 0.745386
vt 0.707383 0.748932
vt 0.708491 0.745377
vt 0.898570 0.672934
vt 0.707407 0.748941
vt 0.706078 0.752436
vt 0.908647 0.679008
vt 0.929021 0.712445
vt 0.919777 0.705235
vt 0.929065 0.712377
vt 0.919822 0.705168
vt 0.929108 0.712308
vt 0.919865 0.705100
vt 0.945827 0.726865
vt 0.937675 0.719629
vt 0.945869 0.726797
vt 0.937719 0.719561
vt 0.945910 0.726726
vt 0.937760 0.719491
vt 0.945221 0.706418
vt 0.945178 0.706486
vt 0.945136 0.706555
vt 0.953079 0.713449
vt 0.953037 0.713518
vt 0.952997 0.713589
vt 0.960622 0.720696
vt 0.960581 0.720767
vt 0.960543 0.720841
vt 0.967970 0.728381
vt 0.967936 0.728459
vt 0.967909 0.728545
vt 0.964150 0.745518
vt 0.953965 0.734746
vt 0.964183 0.745442
vt 0.954006 0.734676
vt 0.964207 0.745359
vt 0.954044 0.734604
vt 0.988815 0.760898
vt 0.982143 0.745027
vt 0.988723 0.760839
vt 0.982084 0.745072
vt 0.988614 0.760739
vt 0.982020 0.745109
vt 0.975216 0.736624
vt 0.975198 0.736722
vt 0.975196 0.736836
vt 0.978052 0.760469
vt 0.978063 0.760376
vt 0.978058 0.760267
vt 0.878422 0.679308
vt 0.878469 0.679242
vt 0.878520 0.679177
vt 0.862237 0.672008
vt 0.862296 0.671947
vt 0.862364 0.671891
vt 0.889938 0.665181
vt 0.879912 0.658491
vt 0.889884 0.665241
vt 0.879846 0.658544
vt 0.710186 0.738017
vt 0.709410 0.741771
vt 0.710163 0.738002
vt 0.877389 0.661804
vt 0.709434 0.741781
vt 0.888268 0.667265
vt 0.709907 0.723172
vt 0.709892 0.723205
vt 0.709881 0.723252
vt 0.708431 0.716740
vt 0.711372 0.729924
vt 0.711347 0.729923
vt 0.853543 0.651166
vt 0.831616 0.651219
vt 0.838041 0.662292
vt 0.838128 0.662243
vt 0.838238 0.662203
vt 0.869246 0.651425
vt 0.858226 0.644096
vt 0.710803 0.734012
vt 0.710781 0.733984
vt 0.711322 0.729923
vt 0.710825 0.734033
vt 0.865610 0.656402
vt 0.808056 0.653249
vt 0.809193 0.651272
vt 0.806953 0.655264
vt 0.709073 0.716143
vt 0.709778 0.715899
vt 0.709074 0.716152
vt 0.993689 0.779170
vt 0.992471 0.781295
vt 0.769542 0.756637
vt 0.997258 0.776795
vt 0.999516 0.776652
vt 0.999523 0.776707
vt 0.994808 0.776742
vt 0.728890 0.780342
vt 0.736362 0.957077
vt 0.884557 0.862802
vt 0.703109 0.803526
vt 0.768854 0.966893
vt 0.877997 0.828839
vt 0.806506 0.684630
vt 0.788224 0.715956
vt 0.806999 0.655295
vt 0.790829 0.874873
vt 0.703262 0.803799
vt 0.703161 0.803632
vt 0.769014 0.966627
vt 0.772148 0.868814
vt 0.772152 0.868835
vt 0.736364 0.956964
vt 0.786687 0.855787
vt 0.781521 0.699876
vt 0.768531 0.756078
vt 0.861862 0.723449
vt 0.768822 0.749087
vt 0.839843 0.780278
vt 0.963624 0.716796
vt 0.746690 0.748720
vt 0.985424 0.741656
vt 0.706102 0.752445
vt 0.709871 0.723306
vt 0.710210 0.738030
s 1
g off
g holocron_sup1_Holocron_Corners.002
usemtl Holocron_Corners.002
f 1223/1/1 1/2/2 202/3/3
f 1174/4/4 20/5/5 106/6/6
f 89/7/2 227/8/7 3/9/2
f 216/10/8 114/11/9 1184/12/10
f 4/13/2 1188/14/11 206/15/12
f 201/16/13 106/6/6 16/17/14
f 212/18/15 102/19/16 14/20/17
f 226/21/18 109/22/19 1179/23/20
f 3/9/2 1163/24/21 222/25/22
f 1178/26/23 4/13/2 88/27/2
f 1184/12/10 22/28/24 231/29/25
f 1194/30/26 19/31/27 237/32/28
f 1189/33/29 26/34/30 207/35/31
f 231/29/25 108/36/32 1199/37/33
f 1199/37/33 23/38/34 241/39/35
f 1209/40/36 18/41/37 247/42/38
f 90/43/2 236/44/39 1188/14/11
f 241/39/35 115/45/40 1214/46/41
f 1214/46/41 1326/47/42 253/48/43
f 269/49/44 113/50/45 1209/40/36
f 91/51/2 246/52/46 1193/53/47
f 1224/54/48 16/17/14 104/55/49
f 274/56/50 104/55/49 17/57/51
f 280/58/52 110/59/53 13/60/54
f 1/2/2 1168/61/55 89/7/2
f 1239/62/56 17/57/51 112/63/57
f 285/64/58 112/63/57 21/65/59
f 1234/66/60 1323/67/61 110/59/53
f 6/68/2 1218/69/62 93/70/2
f 106/6/6 328/71/63 1253/72/64
f 10/73/65 1269/74/66 97/75/65
f 24/76/67 1263/77/68 114/11/9
f 337/78/69 98/79/65 1279/80/70
f 104/55/49 308/81/71 1303/82/72
f 15/83/73 1248/84/74 333/85/75
f 15/83/73 1258/86/76 109/22/19
f 103/87/77 317/88/78 1248/84/74
f 116/89/79 328/71/63 20/5/5
f 117/90/80 312/91/81 26/34/30
f 19/31/27 1268/92/82 117/90/80
f 22/28/24 1278/93/83 108/36/32
f 1264/94/84 8/95/65 337/78/69
f 105/96/85 342/97/86 19/31/27
f 18/41/37 1273/98/87 105/96/85
f 23/38/34 1293/99/88 115/45/40
f 1279/80/70 11/100/65 347/101/89
f 113/50/45 352/102/90 18/41/37
f 25/103/91 1288/104/92 113/50/45
f 115/45/40 358/105/93 1326/47/42
f 307/106/94 96/107/65 7/108/65
f 14/20/17 1298/109/95 317/88/78
f 102/19/16 384/110/96 1298/109/95
f 112/63/57 380/111/97 1318/112/98
f 100/113/65 379/114/99 1304/115/100
f 13/60/54 1313/116/101 384/110/96
f 110/59/53 396/117/102 1313/116/101
f 21/65/59 1318/112/98 389/118/103
f 1169/119/104 14/20/17 103/87/77
f 1229/120/105 21/121/59 107/122/106
f 107/122/106 389/123/103 1308/124/107
f 7/108/65 1249/125/108 318/126/109
f 227/8/7 88/27/2 3/9/2
f 1179/23/20 24/76/67 216/10/8
f 109/22/19 323/127/110 24/76/67
f 96/107/65 332/128/111 1249/125/108
f 94/129/2 279/130/112 6/68/2
f 202/3/3 89/7/2 1173/131/113
f 16/17/14 1253/72/64 308/81/71
f 385/132/114 101/133/65 12/134/65
f 237/32/28 117/90/80 1189/33/29
f 1204/135/115 1327/136/116 111/137/117
f 111/137/117 357/138/118 1283/139/119
f 97/75/65 343/140/120 8/95/65
f 207/35/31 116/89/79 1164/141/121
f 226/21/18 103/87/77 15/83/73
f 1254/142/122 9/143/65 96/107/65
f 26/34/30 1243/144/123 116/89/79
f 1228/145/124 1233/146/125 94/129/2
f 284/147/126 94/129/2 1238/148/127
f 101/133/65 390/149/128 1319/150/129
f 1314/151/130 1309/152/131 101/133/65
f 5/153/2 1208/154/132 246/52/46
f 1183/155/133 2/156/2 90/43/2
f 114/11/9 338/157/134 22/28/24
f 11/100/65 1289/158/135 99/159/136
f 217/160/137 90/43/2 4/13/2
f 232/161/138 91/51/2 2/156/2
f 95/162/65 332/128/111 9/143/65
f 10/73/65 1259/163/139 95/162/65
f 1219/164/140 13/60/54 102/19/16
f 7/108/65 1304/115/100 307/106/94
s 2
f 1356/165/141 1446/166/142 411/167/143
s 1
f 1299/168/144 12/134/65 100/113/65
f 92/169/145 270/170/146 1208/154/132
f 1213/171/147 1203/172/148 92/169/145
f 1294/173/149 1284/174/150 359/175/151
f 99/159/136 374/176/152 1284/174/150
f 1229/120/105 1324/177/153 289/178/154
f 275/179/155 93/70/2 1223/1/1
f 17/57/51 1303/82/72 380/111/97
f 107/122/106 394/180/156 1324/177/153
f 247/42/38 105/96/85 1194/30/26
f 1238/148/127 6/68/2 275/179/155
f 12/134/65 1319/150/129 379/114/99
f 98/79/65 353/181/157 11/100/65
f 2/156/2 1193/53/47 236/44/39
f 1164/141/121 20/5/5 221/182/158
f 322/183/159 97/75/65 1264/94/84
f 8/95/65 1274/184/160 98/79/65
f 1204/185/115 25/103/91 269/49/44
f 1198/186/161 5/153/2 91/51/2
f 108/36/32 348/187/162 23/38/34
f 111/188/117 375/189/163 25/103/91
f 1173/131/113 3/9/2 222/25/22
f 88/27/2 206/15/12 1163/24/21
f 313/190/164 95/162/65 1244/191/165
f 1244/191/165 9/143/65 327/192/166
f 93/70/2 211/193/167 1/2/2
f 242/194/168 92/169/145 5/153/2
f 347/101/89 99/159/136 1294/173/149
f 318/126/109 100/113/65 7/108/65
s 2
f 457/195/169 130/196/170 34/197/171
f 503/198/172 136/199/173 1392/200/174
f 136/199/173 725/201/175 1436/202/176
f 709/203/177 131/204/178 1432/205/179
f 481/206/180 127/207/181 1381/208/182
f 435/209/183 137/210/184 1356/165/141
f 138/211/185 671/212/186 1422/213/187
f 1432/205/179 1442/214/188 690/215/189
f 447/216/190 124/217/191 29/218/192
f 426/219/193 135/220/194 1455/221/195
f 1407/222/196 1412/223/197 620/224/198
f 1476/225/199 1417/226/200 135/220/194
f 27/227/201 1349/228/202 124/217/191
f 31/229/203 1353/230/204 566/231/205
f 32/232/206 1353/230/204 127/207/181
f 1367/233/207 1472/234/208 437/235/209
f 1362/236/210 1447/237/211 120/238/212
f 33/239/213 1335/240/214 129/241/215
f 34/197/171 1340/242/216 200/243/217
f 413/244/218 122/245/219 1357/246/220
f 446/247/221 134/248/222 1367/233/207
s 3
f 514/249/223 121/250/224 1352/251/225
s 2
f 30/252/226 1334/253/227 548/254/228
f 457/195/169 128/255/229 1386/256/230
f 447/216/190 123/257/231 1361/258/232
f 27/227/201 1329/259/233 532/260/234
f 34/197/171 1330/261/235 128/255/229
f 1376/262/236 1475/263/237 467/264/238
f 427/265/239 119/266/240 1382/267/241
f 35/268/242 1340/242/216 130/196/170
f 35/268/242 1335/240/214 568/269/243
f 482/270/244 119/266/240 1460/271/245
f 480/272/246 138/211/185 1376/262/236
f 28/273/247 1344/274/248 547/275/249
f 29/218/192 1344/274/248 123/257/231
f 428/276/250 125/277/251 1372/278/252
f 490/279/253 128/255/229 33/239/213
f 29/218/192 1349/228/202 513/280/254
f 1471/281/255 1402/282/256 137/210/184
f 1392/200/174 1462/283/257 491/284/258
f 1397/285/259 1467/286/260 139/287/261
s 3
f 1339/288/262 1348/289/263 531/290/264
s 2
f 28/273/247 1329/259/233 122/245/219
f 505/291/265 139/287/261 1480/292/266
f 1387/293/267 1463/294/268 118/295/269
f 30/252/226 1343/296/270 126/297/271
f 31/229/203 1334/253/227 125/277/251
f 1371/298/272 1476/225/199 135/220/194
f 32/232/206 1343/296/270 515/299/273
s 3
f 1352/251/225 1339/288/262 567/300/274
s 2
f 33/239/213 1330/261/235 549/301/275
f 1462/283/257 1436/202/176 708/302/276
f 139/287/261 726/303/277 1480/292/266
f 1467/286/260 1441/304/278 139/287/261
f 120/238/212 603/305/279 1406/306/280
f 134/248/222 585/307/281 1472/234/208
f 1451/308/282 1411/309/283 134/248/222
f 119/266/240 656/310/284 1426/311/285
f 1475/263/237 1422/213/187 637/312/286
f 1460/271/245 1426/311/285 672/313/287
f 436/314/288 124/217/191 1366/315/289
f 445/316/290 120/238/212 1452/317/291
f 1452/317/291 1406/306/280 619/318/292
f 137/210/184 601/319/293 1446/166/142
f 428/276/250 127/207/181 31/229/203
f 466/320/294 125/277/251 30/252/226
f 638/321/295 133/322/296 1416/323/297
f 1416/323/297 1427/324/298 655/325/299
f 490/279/253 129/241/215 1391/326/300
f 504/327/301 129/241/215 35/268/242
f 1442/214/188 1437/328/302 727/329/303
f 118/295/269 707/330/304 1431/331/305
f 413/244/218 123/257/231 28/273/247
f 436/314/288 122/245/219 27/227/201
f 1412/223/197 1401/332/306 586/333/307
f 602/334/308 132/335/309 1407/222/196
f 466/320/294 126/297/271 1377/336/310
f 481/206/180 126/297/271 32/232/206
f 1427/324/298 1421/337/311 673/338/312
f 135/220/194 654/339/313 1455/221/195
f 504/327/301 130/196/170 1396/340/314
f 455/341/315 118/295/269 1468/342/316
f 118/295/269 689/343/317 1468/342/316
s 4
f 1544/344/318 36/345/319 743/346/320
f 1495/347/321 55/348/322 158/349/323
f 141/350/319 768/351/324 38/352/319
f 757/353/325 166/354/326 1505/355/327
f 39/356/319 1509/357/328 747/358/329
f 742/359/330 158/349/323 51/360/331
f 753/361/332 154/362/333 49/363/334
f 767/364/335 161/365/336 1500/366/337
f 38/352/319 1484/367/338 763/368/339
f 1499/369/340 39/356/319 140/370/319
f 1505/355/327 57/371/341 772/372/342
f 1515/373/343 54/374/344 778/375/345
f 1510/376/346 61/377/347 748/378/348
f 772/372/342 160/379/349 1520/380/350
f 1520/380/350 58/381/351 782/382/352
f 1530/383/353 53/384/354 788/385/355
f 142/386/319 777/387/356 1509/357/328
f 782/382/352 167/388/357 1535/389/358
f 1535/389/358 1647/390/359 794/391/360
f 810/392/361 165/393/362 1530/383/353
f 143/394/319 787/395/363 1514/396/364
f 1545/397/365 51/360/331 156/398/366
f 815/399/367 156/398/366 52/400/368
f 821/401/369 162/402/370 48/403/371
f 36/345/319 1489/404/372 141/350/319
f 1560/405/373 52/400/368 164/406/374
f 826/407/375 164/406/374 56/408/376
f 1555/409/377 1644/410/378 162/402/370
f 41/411/319 1539/412/379 145/413/319
f 158/349/323 869/414/380 1574/415/381
f 45/416/382 1590/417/383 149/418/382
f 59/419/384 1584/420/385 166/354/326
f 878/421/386 150/422/382 1600/423/387
f 156/398/366 849/424/388 1624/425/389
f 50/426/390 1569/427/391 874/428/392
f 50/426/390 1579/429/393 161/365/336
f 155/430/394 858/431/395 1569/427/391
f 168/432/396 869/414/380 55/348/322
f 169/433/397 853/434/398 61/377/347
f 54/374/344 1589/435/399 169/433/397
f 57/371/341 1599/436/400 160/379/349
f 1585/437/401 43/438/382 878/421/386
f 157/439/402 883/440/403 54/374/344
f 53/384/354 1594/441/404 157/439/402
f 58/381/351 1614/442/405 167/388/357
f 1600/423/387 46/443/406 888/444/407
f 165/393/362 893/445/408 53/384/354
f 60/446/409 1609/447/410 165/393/362
f 167/388/357 899/448/411 1647/390/359
f 848/449/412 148/450/382 42/451/382
f 49/363/334 1619/452/413 858/431/395
f 154/362/333 925/453/414 1619/452/413
f 164/406/374 921/454/415 1639/455/416
f 152/456/382 920/457/417 1625/458/418
f 48/403/371 1634/459/419 925/453/414
f 162/402/370 937/460/420 1634/459/419
f 56/408/376 1639/455/416 930/461/421
f 1490/462/422 49/363/334 155/430/394
f 1550/463/423 56/408/376 159/464/424
f 159/464/424 930/461/421 1629/465/425
f 42/451/382 1570/466/426 859/467/427
f 768/351/324 140/370/319 38/352/319
f 1500/366/337 59/419/384 757/353/325
f 161/365/336 864/468/428 59/419/384
f 148/450/382 873/469/429 1570/466/426
f 146/470/319 820/471/430 41/411/319
f 743/346/320 141/350/319 1494/472/431
f 51/360/331 1574/415/381 849/424/388
f 926/473/432 153/474/382 47/475/382
f 778/375/345 169/433/397 1510/376/346
f 1525/476/433 1648/477/434 163/478/435
f 163/478/435 898/479/436 1604/480/437
f 149/418/382 884/481/438 43/438/382
f 748/378/348 168/432/396 1485/482/439
f 767/364/335 155/430/394 50/426/390
f 1575/483/440 44/484/382 148/450/382
f 61/377/347 1564/485/441 168/432/396
f 1549/486/442 1554/487/443 146/470/319
f 825/488/444 146/470/319 1559/489/445
f 153/474/382 931/490/446 1640/491/447
f 1635/492/448 1630/493/449 153/474/382
f 40/494/450 1529/495/451 787/395/363
f 1504/496/452 37/497/319 142/386/319
f 166/354/326 879/498/453 57/371/341
f 46/443/406 1610/499/454 151/500/455
f 758/501/456 142/386/319 39/356/319
f 773/502/457 143/394/319 37/497/319
f 147/503/382 873/469/429 44/484/382
f 45/416/382 1580/504/458 147/503/382
f 1540/505/459 48/403/371 154/362/333
f 42/451/382 1625/458/418 848/449/412
s 5
f 1710/506/460 62/507/461 953/508/462
s 4
f 1620/509/463 47/475/382 152/456/382
f 144/510/464 811/511/465 1529/495/451
f 1534/512/466 1524/513/467 144/510/464
f 1615/514/468 1605/515/469 900/516/470
f 151/500/455 915/517/471 1605/515/469
f 1550/463/423 1645/518/472 830/519/473
f 816/520/474 145/413/319 1544/344/318
f 52/400/368 1624/425/389 921/454/415
f 159/464/424 935/521/475 1645/518/472
f 788/385/355 157/439/402 1515/373/343
f 1559/489/445 41/411/319 816/520/474
f 47/475/382 1640/491/447 920/457/417
f 150/422/382 894/522/476 46/443/406
f 37/497/319 1514/396/364 777/387/356
f 1485/482/439 55/348/322 762/523/477
f 863/524/478 149/418/382 1585/437/401
f 43/438/382 1595/525/479 150/422/382
f 1525/526/433 60/446/409 810/392/361
f 1519/527/480 40/494/450 143/394/319
f 160/379/349 889/528/481 58/381/351
f 163/529/435 916/530/482 60/446/409
f 1494/472/431 38/352/319 763/368/339
f 140/370/319 747/358/329 1484/367/338
f 854/531/483 147/503/382 1565/532/484
f 1565/532/484 44/484/382 868/533/485
f 145/413/319 752/534/486 36/345/319
f 783/535/487 144/510/464 40/494/450
f 888/444/407 151/500/455 1615/514/468
f 859/467/427 152/456/382 42/451/382
s 5
f 1661/536/488 81/537/489 188/538/490
f 171/539/461 978/540/491 64/541/461
f 967/542/492 196/543/493 1671/544/494
f 65/545/461 1675/546/495 957/547/496
f 952/548/497 188/538/490 77/549/498
f 963/550/499 184/551/500 75/552/501
f 977/553/502 191/554/503 1666/555/504
f 64/541/461 1650/556/505 973/557/506
f 1665/558/507 65/545/461 170/559/461
f 1671/544/494 83/560/508 982/561/509
f 1681/562/510 80/563/511 988/564/512
f 1676/565/513 87/566/514 958/567/515
f 982/561/509 190/568/516 1686/569/517
f 1686/569/517 84/570/518 992/571/519
f 1696/572/520 79/573/521 998/574/522
f 172/575/461 987/576/523 1675/546/495
f 992/571/519 197/577/524 1701/578/525
f 1701/578/525 1813/579/526 1004/580/527
f 1020/581/528 195/582/529 1696/572/520
f 173/583/461 997/584/530 1680/585/531
f 1711/586/532 77/549/498 186/587/533
f 1025/588/534 186/587/533 78/589/535
f 1031/590/536 192/591/537 74/592/538
f 62/507/461 1655/593/539 171/539/461
f 1726/594/540 78/589/535 194/595/541
f 1036/596/542 194/595/541 82/597/543
f 1721/598/544 1810/599/545 192/591/537
f 67/600/461 1705/601/546 175/602/461
f 188/538/490 1079/603/547 1740/604/548
f 71/605/549 1756/606/550 179/607/549
f 85/608/551 1750/609/552 196/543/493
f 1088/610/553 180/611/549 1766/612/554
f 186/587/533 1059/613/555 1790/614/556
f 76/615/557 1735/616/558 1084/617/559
f 76/615/557 1745/618/560 191/554/503
f 185/619/561 1068/620/562 1735/616/558
f 198/621/563 1079/603/547 81/537/489
f 199/622/564 1063/623/565 87/566/514
f 80/563/511 1755/624/566 199/622/564
f 83/560/508 1765/625/567 190/568/516
f 1751/626/568 69/627/549 1088/610/553
f 187/628/569 1093/629/570 80/563/511
f 79/573/521 1760/630/571 187/628/569
f 84/570/518 1780/631/572 197/577/524
f 1766/612/554 72/632/549 1098/633/573
f 195/582/529 1103/634/574 79/573/521
f 86/635/575 1775/636/576 195/582/529
f 197/577/524 1109/637/577 1813/579/526
f 1058/638/578 178/639/549 68/640/549
f 75/552/501 1785/641/579 1068/620/562
f 184/551/500 1135/642/580 1785/641/579
f 194/595/541 1131/643/581 1805/644/582
f 182/645/549 1130/646/583 1791/647/584
f 74/592/538 1800/648/585 1135/642/580
f 192/591/537 1147/649/586 1800/648/585
f 82/597/543 1805/644/582 1140/650/587
f 1656/651/588 75/552/501 185/619/561
f 1716/652/589 82/653/543 189/654/590
f 189/654/590 1140/655/587 1795/656/591
f 68/640/549 1736/657/592 1069/658/593
f 978/540/491 170/559/461 64/541/461
f 1666/555/504 85/608/551 967/542/492
f 191/554/503 1074/659/594 85/608/551
f 178/639/549 1083/660/595 1736/657/592
f 176/661/461 1030/662/596 67/600/461
f 953/508/462 171/539/461 1660/663/597
f 77/549/498 1740/604/548 1059/613/555
f 1136/664/598 183/665/549 73/666/549
f 988/564/512 199/622/564 1676/565/513
f 1691/667/599 1814/668/600 193/669/601
f 193/669/601 1108/670/602 1770/671/603
f 179/607/549 1094/672/604 69/627/549
f 958/567/515 198/621/563 1651/673/605
f 977/553/502 185/619/561 76/615/557
f 1741/674/606 70/675/549 178/639/549
f 87/566/514 1730/676/607 198/621/563
f 1715/677/608 1720/678/609 176/661/461
f 1035/679/610 176/661/461 1725/680/611
f 183/665/549 1141/681/612 1806/682/613
f 1801/683/614 1796/684/615 183/665/549
f 66/685/461 1695/686/616 997/584/530
f 1670/687/617 63/688/461 172/575/461
f 196/543/493 1089/689/618 83/560/508
f 72/632/549 1776/690/619 181/691/620
f 968/692/621 172/575/461 65/545/461
f 983/693/622 173/583/461 63/688/461
f 177/694/549 1083/660/595 70/675/549
f 71/605/549 1746/695/623 177/694/549
f 1706/696/624 74/592/538 184/551/500
f 68/640/549 1791/647/584 1058/638/578
f 1786/697/625 73/666/549 182/645/549
f 174/698/626 1021/699/627 1695/686/616
f 1700/700/628 1690/701/629 174/698/626
f 1781/702/630 1771/703/631 1110/704/632
f 181/691/620 1125/705/633 1771/703/631
f 1716/652/589 1811/706/634 1040/707/635
f 1026/708/636 175/602/461 1710/506/460
f 78/589/535 1790/614/556 1131/643/581
f 189/654/590 1145/709/637 1811/706/634
f 998/574/522 187/628/569 1681/562/510
f 1725/680/611 67/600/461 1026/708/636
f 73/666/549 1806/682/613 1130/646/583
f 180/611/549 1104/710/638 72/632/549
f 63/688/461 1680/585/531 987/576/523
f 1651/673/605 81/537/489 972/711/639
f 1073/712/640 179/607/549 1751/626/568
f 69/627/549 1761/713/641 180/611/549
f 1691/667/599 86/635/575 1020/581/528
f 1685/714/642 66/685/461 173/583/461
f 190/568/516 1099/715/643 84/570/518
f 193/669/601 1126/716/644 86/635/575
f 1660/663/597 64/541/461 973/557/506
f 170/559/461 957/547/496 1650/556/505
f 1064/717/645 177/694/549 1731/718/646
f 1731/718/646 70/675/549 1078/719/647
f 175/602/461 962/720/648 62/507/461
f 993/721/649 174/698/626 66/685/461
f 1098/633/573 181/691/620 1781/702/630
f 1069/658/593 182/645/549 68/640/549
s 1
f 251/722/650 257/723/651 256/724/652
f 254/725/653 258/726/654 257/723/651
f 256/724/652 268/727/655 265/728/656
f 257/723/651 259/729/657 268/727/655
f 260/730/658 262/731/659 252/732/660
f 261/733/661 263/734/662 260/730/658
f 263/734/662 255/735/663 262/731/659
f 264/736/664 258/726/654 263/734/662
f 253/48/43 267/737/665 266/738/666
f 265/728/667 268/727/668 267/739/665
f 266/740/666 264/736/669 261/733/670
f 267/739/665 259/729/671 264/736/669
f 289/178/154 294/741/672 293/742/673
f 292/743/674 295/744/675 294/741/672
f 293/742/673 306/745/676 303/746/677
f 294/741/672 296/747/678 306/745/676
f 290/748/679 300/749/680 299/750/681
f 297/751/682 301/752/683 300/753/680
f 299/754/681 300/753/680 295/744/684
f 300/753/680 296/747/685 295/744/684
f 302/755/686 304/756/687 291/757/688
f 303/746/677 305/758/689 302/755/686
f 305/758/689 298/759/690 304/756/687
f 306/745/676 301/752/691 305/758/689
f 357/138/118 361/760/692 360/761/693
f 366/762/694 362/763/695 361/764/692
f 360/765/693 373/766/696 370/767/697
f 361/764/692 363/768/698 373/766/696
f 358/105/93 367/769/699 366/770/700
f 364/771/701 368/772/702 367/769/699
f 366/770/700 367/769/699 362/763/703
f 367/769/699 363/768/704 362/763/703
f 369/773/705 371/774/706 359/175/151
f 370/767/697 372/775/707 369/773/705
f 372/775/707 365/776/708 371/774/706
f 373/766/709 368/772/702 372/775/707
f 394/180/156 399/777/710 407/778/711
f 397/779/712 400/780/713 399/781/710
f 407/778/711 399/777/710 410/782/714
f 399/781/710 401/783/715 410/784/716
f 402/785/717 404/786/718 395/787/719
f 403/788/720 405/789/721 402/785/717
f 405/789/721 398/790/722 404/786/718
f 406/791/723 400/780/724 405/789/721
f 396/117/102 409/792/725 408/793/726
f 407/794/727 410/784/728 409/792/725
f 408/793/726 406/791/723 403/788/720
f 409/792/725 401/783/729 406/791/723
s 2
f 414/795/730 416/796/731 411/167/143
f 415/797/732 417/798/733 414/795/730
f 417/798/733 424/799/734 416/796/731
f 417/798/733 422/800/735 418/801/736
f 419/802/737 421/803/738 412/804/739
f 420/805/740 422/806/735 419/802/737
f 421/803/738 422/800/735 415/797/732
f 424/799/734 425/807/741 423/808/742
f 425/807/741 420/805/740 423/809/742
s 6
f 429/810/743 430/811/744 426/219/745
f 430/811/744 431/812/746 1817/813/747
s 7
f 427/265/748 432/814/749 429/815/749
s 8
f 433/816/750 431/812/751 432/817/752
s 9
f 438/818/753 439/819/754 435/209/755
s 10
f 438/818/756 440/820/757 444/821/758
s 11
f 439/819/759 444/822/760 443/823/759
s 2
f 437/235/209 443/824/761 444/825/762
s 10
f 444/826/758 1818/827/763 442/828/764
f 444/822/758 440/829/757 1818/827/763
s 12
f 448/830/765 449/831/766 445/316/767
f 449/831/766 450/832/768 452/833/769
s 13
f 446/247/770 451/834/771 448/835/772
s 14
f 451/836/773 452/837/774 450/832/775
s 2
f 458/838/776 459/839/777 455/341/315
s 15
f 458/838/778 461/840/779 462/841/780
s 2
f 459/839/777 460/842/781 1819/843/782
f 456/844/783 462/845/784 461/846/785
s 16
f 462/847/786 1819/848/787 460/842/788
s 2
f 468/849/789 470/850/790 465/851/791
f 469/852/792 471/853/793 468/849/789
f 471/853/793 477/854/794 470/850/790
f 471/853/793 472/855/795 479/856/796
f 474/857/797 475/858/798 473/859/799
f 475/858/798 469/852/792 473/860/799
f 476/861/800 478/862/801 467/264/238
f 476/861/800 477/854/794 479/863/796
f 479/863/796 474/857/797 478/862/801
s 17
f 483/864/802 487/865/803 480/272/804
f 483/864/802 484/866/805 488/867/806
s 18
f 482/270/807 487/868/807 488/869/807
s 17
f 488/870/806 484/866/805 1816/871/808
s 2
f 492/872/809 494/873/810 489/874/811
f 493/875/812 495/876/813 492/872/814
f 494/873/810 495/877/813 500/878/815
s 19
f 496/879/816 498/880/817 497/881/818
s 2
f 497/881/819 493/875/812 496/882/820
f 499/883/821 501/884/822 491/284/258
f 500/878/815 502/885/823 499/883/821
f 501/884/822 502/885/823 498/886/824
f 502/885/823 495/877/813 498/880/824
f 506/887/825 507/888/826 503/198/172
f 506/887/825 508/889/827 512/890/828
s 20
f 507/888/829 512/891/830 511/892/829
s 2
f 505/291/265 511/893/831 512/894/832
s 21
f 512/895/833 1820/896/834 510/897/835
f 512/891/833 508/898/836 1820/896/834
s 2
f 516/899/837 518/900/838 513/280/254
f 517/901/839 519/902/840 516/899/837
f 519/902/840 528/903/841 518/900/838
f 519/902/840 520/904/842 521/905/843
s 3
f 514/906/223 525/907/844 524/908/845
f 522/909/846 526/910/847 525/907/844
f 524/908/845 520/904/848 517/901/849
f 525/907/844 521/911/850 520/904/848
s 2
f 527/912/851 529/913/852 515/299/273
f 528/903/841 530/914/853 527/912/851
f 530/914/853 523/915/854 529/913/852
f 530/914/853 521/911/843 526/910/855
f 200/243/217 535/916/856 534/917/857
f 1822/918/858 535/916/856 533/919/859
f 535/916/856 544/920/860 534/917/857
f 535/916/856 536/921/861 537/922/862
s 3
f 531/923/264 541/924/863 540/925/864
f 538/926/865 542/927/866 541/924/863
f 540/925/864 536/921/867 1822/918/868
f 541/924/863 537/928/869 536/921/867
s 2
f 543/929/870 545/930/871 532/260/234
f 544/920/860 546/931/872 543/929/870
f 546/931/872 539/932/873 545/930/871
f 546/931/872 537/928/862 542/927/874
f 550/933/875 552/934/876 547/275/249
f 551/935/877 553/936/878 550/933/875
f 553/936/878 562/937/879 552/934/876
f 553/936/878 555/938/880 565/939/881
f 556/940/882 558/941/883 548/254/228
f 557/942/884 559/943/885 556/940/882
f 559/943/885 551/935/877 558/941/883
f 559/943/885 555/938/880 554/944/886
f 561/945/887 563/946/888 549/301/275
f 562/937/879 564/947/889 561/945/887
f 564/947/889 557/942/884 563/946/888
f 564/947/889 555/938/880 560/948/890
f 569/949/891 571/950/892 566/231/205
f 570/951/893 572/952/894 569/949/891
f 572/952/894 581/953/895 571/950/892
f 572/952/894 573/954/896 574/955/897
s 3
f 567/956/274 578/957/898 577/958/899
f 575/959/900 579/960/901 578/957/898
f 577/958/899 573/954/902 570/951/903
f 578/957/898 574/961/904 573/954/902
s 2
f 580/962/905 582/963/906 568/269/243
f 581/953/895 583/964/907 580/962/905
f 583/964/907 576/965/908 582/963/906
f 583/964/907 574/961/897 579/960/909
f 584/966/910 590/967/911 589/968/912
f 588/969/913 590/967/914 587/970/915
f 589/968/912 596/971/916 598/972/917
f 590/967/914 591/973/918 596/971/916
f 585/307/281 595/974/919 594/975/920
f 592/976/921 596/977/922 595/974/919
s 22
f 594/975/923 595/978/923 588/969/923
s 2
f 595/974/919 596/977/922 591/973/924
f 597/979/925 599/980/926 586/981/307
f 598/972/917 600/982/927 597/979/925
f 600/982/928 593/983/929 599/980/926
f 604/984/930 606/985/931 601/319/293
f 605/986/932 607/987/933 604/984/930
f 607/987/933 615/988/934 606/985/931
f 607/987/933 608/989/935 618/990/936
f 609/991/937 611/992/938 602/993/308
f 610/994/939 612/995/940 609/991/937
f 612/995/940 605/986/932 611/992/938
f 612/995/940 613/996/941 608/997/935
f 614/998/942 616/999/943 603/305/279
f 615/988/934 617/1000/944 614/998/942
f 617/1000/944 610/994/939 616/999/943
f 618/990/936 613/996/941 617/1000/944
f 619/318/292 625/1001/945 624/1002/946
f 622/1003/947 631/1004/948 625/1001/949
f 625/1001/949 633/1005/950 624/1002/951
f 625/1001/949 626/1006/952 635/1007/953
f 627/1008/954 629/1009/955 620/1010/198
f 628/1011/956 630/1012/957 627/1008/954
f 630/1012/958 623/1013/959 629/1009/955
f 621/1014/960 635/1015/961 634/1016/962
s 23
f 632/1017/963 633/1005/963 635/1015/963
s 2
f 634/1016/962 631/1018/964 628/1011/956
f 635/1007/961 626/1006/965 631/1018/964
f 639/1019/966 641/1020/967 636/1021/968
f 640/1022/969 642/1023/970 639/1019/966
f 642/1023/970 650/1024/971 641/1020/967
f 643/1025/972 653/1026/973 642/1023/970
f 644/1027/974 646/1028/975 637/312/286
f 645/1029/976 647/1030/977 644/1027/974
f 647/1030/977 640/1022/969 646/1028/975
f 647/1030/977 648/1031/978 643/1025/972
f 649/1032/979 651/1033/980 638/1034/295
f 650/1024/971 652/1035/981 649/1032/979
f 652/1035/981 645/1029/976 651/1033/980
f 652/1035/981 653/1026/973 648/1036/978
f 654/339/313 660/1037/982 659/1038/983
f 657/1039/984 666/1040/985 660/1037/986
f 660/1037/986 668/1041/987 659/1038/988
f 660/1037/986 661/1042/989 670/1043/990
f 662/1044/991 664/1045/992 655/1046/299
f 663/1047/993 665/1048/994 662/1044/991
f 665/1048/995 658/1049/996 664/1045/992
f 656/310/284 670/1050/997 669/1051/998
s 24
f 667/1052/999 668/1041/999 670/1050/1000
s 2
f 669/1051/998 666/1053/1001 663/1047/993
f 670/1043/997 661/1042/1002 666/1053/1001
f 671/212/186 676/1054/1003 675/1055/1004
f 674/1056/1005 677/1057/1006 676/1054/1003
f 675/1055/1004 688/1058/1007 685/1059/1008
f 676/1054/1003 678/1060/1009 688/1058/1007
f 672/313/287 682/1061/1010 681/1062/1011
f 679/1063/1012 683/1064/1013 682/1061/1010
f 681/1062/1011 682/1061/1010 677/1057/1014
f 682/1061/1010 678/1060/1009 677/1057/1014
f 684/1065/1015 686/1066/1016 673/1067/312
f 685/1059/1008 687/1068/1017 684/1065/1015
f 687/1068/1017 680/1069/1018 686/1066/1016
f 688/1058/1007 683/1064/1013 687/1068/1017
f 689/343/317 695/1070/1019 694/1071/1020
f 692/1072/1021 696/1073/1022 695/1070/1019
f 694/1071/1023 706/1074/1024 703/1075/1025
f 695/1070/1019 697/1076/1026 706/1074/1024
f 698/1077/1027 700/1078/1028 690/1079/189
f 699/1080/1029 701/1081/1030 698/1077/1027
f 701/1081/1030 693/1082/1031 700/1078/1028
f 702/1083/1032 696/1073/1022 701/1081/1030
f 691/1084/1033 705/1085/1034 704/1086/1035
f 703/1075/1036 706/1074/1037 705/1085/1034
f 704/1086/1035 702/1083/1032 699/1080/1029
f 705/1085/1034 697/1076/1026 702/1083/1032
f 710/1087/1038 712/1088/1039 707/330/304
f 711/1089/1040 713/1090/1041 710/1087/1038
f 713/1090/1041 721/1091/1042 712/1088/1039
f 714/1092/1043 724/1093/1044 713/1090/1041
f 715/1094/1045 717/1095/1046 708/302/276
f 716/1096/1047 718/1097/1048 715/1094/1045
f 718/1097/1048 711/1089/1040 717/1095/1046
f 718/1097/1048 719/1098/1049 714/1092/1043
f 720/1099/1050 722/1100/1051 709/1101/177
f 721/1091/1042 723/1102/1052 720/1099/1050
f 723/1102/1052 716/1096/1047 722/1100/1051
f 723/1102/1052 724/1093/1044 719/1103/1049
f 725/201/175 731/1104/1053 730/1105/1054
f 729/1106/1055 731/1104/1056 728/1107/1057
f 730/1105/1054 737/1108/1058 739/1109/1059
f 731/1104/1056 732/1110/1060 737/1108/1058
f 726/303/277 736/1111/1061 735/1112/1062
f 733/1113/1063 737/1114/1064 736/1111/1061
s 25
f 735/1112/1065 736/1115/1066 729/1106/1067
s 2
f 736/1111/1061 737/1114/1064 732/1110/1068
f 738/1116/1069 740/1117/1070 727/1118/303
f 739/1109/1059 741/1119/1071 738/1116/1069
f 741/1119/1072 734/1120/1073 740/1117/1070
s 4
f 792/1121/1074 798/1122/1075 797/1123/1076
f 795/1124/1077 799/1125/1078 798/1122/1075
f 797/1123/1076 809/1126/1079 806/1127/1080
f 798/1122/1075 800/1128/1081 809/1126/1079
f 801/1129/1082 803/1130/1083 793/1131/1084
f 802/1132/1085 804/1133/1086 801/1129/1082
f 804/1133/1086 796/1134/1087 803/1130/1083
f 805/1135/1088 799/1125/1078 804/1133/1086
f 794/391/360 808/1136/1089 807/1137/1090
f 806/1138/1091 809/1139/1092 808/1136/1089
f 807/1137/1090 805/1140/1093 802/1141/1094
f 808/1136/1089 800/1142/1095 805/1140/1093
f 830/1143/473 835/1144/1096 834/1145/1097
f 833/1146/1098 836/1147/1099 835/1144/1096
f 834/1145/1097 847/1148/1100 844/1149/1101
f 835/1144/1096 837/1150/1102 847/1148/1100
f 831/1151/1103 841/1152/1104 840/1153/1105
f 838/1154/1106 842/1155/1107 841/1152/1104
f 840/1153/1105 841/1152/1104 836/1156/1108
f 841/1152/1104 837/1157/1109 836/1156/1108
f 843/1158/1110 845/1159/1111 832/1160/1112
f 844/1149/1101 846/1161/1113 843/1158/1110
f 846/1161/1113 839/1162/1114 845/1159/1111
f 847/1148/1100 842/1163/1115 846/1161/1113
f 898/1164/436 903/1165/1116 902/1166/1117
f 901/1167/1118 904/1168/1119 903/1165/1116
f 902/1166/1117 914/1169/1120 911/1170/1121
f 903/1165/1116 905/1171/1122 914/1169/1120
f 899/448/411 908/1172/1123 901/1173/1124
f 906/1174/1125 909/1175/1126 908/1172/1123
f 901/1173/1124 908/1172/1123 904/1168/1127
f 908/1172/1123 905/1171/1128 904/1168/1129
f 910/1176/1130 912/1177/1131 900/516/470
f 911/1170/1121 913/1178/1132 910/1176/1130
f 913/1178/1132 907/1179/1133 912/1177/1131
f 914/1169/1134 909/1175/1126 913/1178/1132
f 935/521/475 941/1180/1135 940/1181/1136
f 938/1182/1137 942/1183/1138 941/1180/1135
f 940/1181/1136 941/1180/1135 951/1184/1139
f 941/1180/1135 943/1185/1140 951/1184/1139
f 944/1186/1141 946/1187/1142 936/1188/1143
f 945/1189/1144 947/1190/1145 944/1186/1141
f 947/1190/1145 939/1191/1146 946/1187/1142
f 948/1192/1147 942/1183/1148 947/1190/1145
f 937/460/420 950/1193/1149 949/1194/1150
f 940/1195/1151 951/1184/1152 950/1193/1149
f 949/1194/1150 948/1192/1147 945/1189/1144
f 950/1193/1149 943/1185/1153 948/1192/1147
s 5
f 1002/1196/1154 1008/1197/1155 1007/1198/1156
f 1005/1199/1157 1009/1200/1158 1008/1197/1155
f 1007/1198/1156 1019/1201/1159 1016/1202/1160
f 1008/1197/1155 1010/1203/1161 1019/1201/1159
f 1011/1204/1162 1013/1205/1163 1003/1206/1164
f 1012/1207/1165 1014/1208/1166 1011/1204/1162
f 1014/1208/1166 1006/1209/1167 1013/1205/1163
f 1015/1210/1168 1009/1200/1158 1014/1208/1166
f 1004/1211/527 1018/1212/1169 1017/1213/1170
f 1016/1202/1171 1019/1201/1172 1018/1212/1169
f 1017/1213/1170 1015/1210/1173 1012/1207/1174
f 1018/1212/1169 1010/1203/1175 1015/1210/1173
f 1040/707/635 1045/1214/1176 1044/1215/1177
f 1043/1216/1178 1046/1217/1179 1045/1214/1176
f 1044/1215/1177 1057/1218/1180 1054/1219/1181
f 1045/1214/1176 1047/1220/1182 1057/1218/1180
f 1041/1221/1183 1051/1222/1184 1050/1223/1185
f 1048/1224/1186 1052/1225/1187 1051/1222/1184
f 1050/1223/1185 1051/1222/1184 1046/1217/1188
f 1051/1222/1184 1047/1220/1189 1046/1217/1188
f 1053/1226/1190 1055/1227/1191 1042/1228/1192
f 1054/1219/1181 1056/1229/1193 1053/1226/1190
f 1056/1229/1193 1049/1230/1194 1055/1227/1191
f 1057/1218/1180 1052/1225/1195 1056/1229/1193
f 1108/670/602 1112/1231/1196 1111/1232/1197
f 1117/1233/1198 1113/1234/1199 1112/1231/1196
f 1111/1232/1197 1124/1235/1200 1121/1236/1201
f 1112/1231/1196 1114/1237/1202 1124/1235/1200
f 1109/637/577 1118/1238/1203 1117/1239/1204
f 1115/1240/1205 1119/1241/1206 1118/1238/1203
f 1117/1239/1204 1118/1238/1203 1113/1234/1207
f 1118/1238/1203 1114/1237/1208 1113/1234/1207
f 1120/1242/1209 1122/1243/1210 1110/704/632
f 1121/1236/1201 1123/1244/1211 1120/1242/1209
f 1123/1244/1211 1116/1245/1212 1122/1243/1210
f 1124/1235/1213 1119/1241/1206 1123/1244/1211
f 1145/709/637 1150/1246/1214 1158/1247/1215
f 1148/1248/1216 1151/1249/1217 1150/1246/1214
f 1158/1247/1215 1150/1246/1214 1161/1250/1218
f 1150/1246/1214 1152/1251/1219 1161/1250/1220
f 1153/1252/1221 1155/1253/1222 1146/1254/1223
f 1154/1255/1224 1156/1256/1225 1153/1252/1221
f 1156/1257/1225 1149/1258/1226 1155/1259/1222
f 1157/1260/1227 1151/1261/1228 1156/1256/1225
f 1147/649/586 1160/1262/1229 1159/1263/1230
f 1158/1264/1231 1161/1265/1232 1160/1262/1229
f 1159/1263/1230 1157/1260/1227 1154/1255/1224
f 1160/1262/1229 1152/1266/1233 1157/1260/1227
s 1
f 222/25/22 1165/1267/1234 225/1268/1235
f 225/1268/1235 1166/1269/1236 224/1270/1237
f 224/1270/1238 1167/1271/1239 223/1272/1240
f 1167/1273/1239 221/182/158 223/1274/1240
f 1163/24/21 208/1275/1241 1165/1267/1234
f 1165/1267/1234 209/1276/1242 1166/1269/1236
f 1166/1269/1243 210/1277/1244 1167/1271/1239
f 210/1278/1244 1164/141/121 1167/1273/1239
f 1168/61/55 230/1279/1245 227/8/7
f 1170/1280/1246 229/1281/1247 230/1279/1245
f 1171/1282/1248 228/1283/1249 229/1281/1250
f 228/1284/1249 1169/119/104 226/21/18
f 211/193/167 1170/1280/1246 1168/61/55
f 213/1285/1251 1171/1282/1252 1170/1280/1246
f 214/1286/1253 1172/1287/1254 1171/1282/1248
f 1172/1288/1254 212/18/15 1169/119/104
f 1173/131/113 205/1289/1255 202/3/3
f 1175/1290/1256 204/1291/1257 205/1289/1255
f 1176/1292/1258 203/1293/1259 204/1291/1260
f 203/1294/1259 1174/4/4 201/16/13
f 222/25/22 1175/1290/1256 1173/131/113
f 225/1268/1235 1176/1292/1261 1175/1290/1256
f 224/1270/1238 1177/1295/1262 1176/1292/1258
f 1177/1296/1262 221/182/158 1174/4/4
f 217/160/137 1180/1297/1263 220/1298/1264
f 220/1298/1264 1181/1299/1265 219/1300/1266
f 219/1300/1267 1182/1301/1268 218/1302/1269
f 1182/1303/1268 216/10/8 218/1304/1269
f 1178/26/23 230/1279/1245 1180/1297/1263
f 1180/1297/1263 229/1281/1247 1181/1299/1265
f 1181/1299/1270 228/1283/1249 1182/1301/1268
f 228/1284/1249 1179/23/20 1182/1303/1268
f 232/161/138 1185/1305/1271 235/1306/1272
f 235/1306/1272 1186/1307/1273 234/1308/1274
f 234/1309/1275 1187/1310/1276 233/1311/1277
f 1187/1310/1276 231/29/25 233/1311/1277
f 1183/155/133 220/1298/1264 1185/1305/1271
f 1185/1305/1271 219/1300/1266 1186/1307/1273
f 1186/1307/1278 218/1302/1269 1187/1312/1276
f 218/1304/1269 1184/12/10 1187/1310/1276
f 206/15/12 1190/1313/1279 208/1275/1241
f 208/1275/1241 1191/1314/1280 209/1276/1242
f 209/1276/1281 1192/1315/1282 210/1277/1244
f 1192/1316/1282 207/35/31 210/1278/1244
f 1188/14/11 238/1317/1283 1190/1313/1279
f 1190/1313/1279 239/1318/1284 1191/1314/1280
f 1191/1314/1285 240/1319/1286 1192/1315/1282
f 240/1320/1286 1189/33/29 1192/1316/1282
f 236/44/39 1195/1321/1287 238/1317/1283
f 238/1317/1283 1196/1322/1288 239/1318/1284
f 239/1318/1289 1197/1323/1290 240/1319/1286
f 1197/1324/1290 237/32/28 240/1320/1286
f 1193/53/47 248/1325/1291 1195/1321/1287
f 1195/1321/1287 249/1326/1292 1196/1322/1288
f 1196/1322/1293 250/1327/1294 1197/1323/1290
f 250/1328/1294 1194/30/26 1197/1324/1290
f 242/194/168 1200/1329/1295 245/1330/1296
f 245/1330/1296 1201/1331/1297 244/1332/1298
f 244/1333/1299 1202/1334/1300 243/1335/1301
f 1202/1334/1300 241/39/35 243/1335/1301
f 1198/186/161 235/1306/1272 1200/1329/1295
f 1200/1329/1295 234/1308/1274 1201/1331/1297
f 1201/1336/1302 233/1311/1277 1202/1334/1300
f 233/1311/1277 1199/37/33 1202/1334/1300
f 1203/172/148 273/1337/1303 270/170/146
f 1205/1338/1304 272/1339/1305 273/1337/1303
f 1206/1340/1306 271/1341/1307 272/1339/1305
f 1207/1342/1308 269/1343/44 271/1341/1307
f 252/732/660 1205/1338/1304 1203/172/148
f 262/731/659 1206/1340/1306 1205/1338/1304
f 255/735/663 1207/1342/1308 1206/1340/1306
f 254/725/653 1204/135/115 1207/1342/1308
f 246/52/46 1210/1344/1309 248/1325/1291
f 248/1325/1291 1211/1345/1310 249/1326/1292
f 249/1326/1311 1212/1346/1312 250/1327/1294
f 250/1328/1294 1209/40/36 247/42/38
f 1208/154/132 273/1337/1303 1210/1344/1309
f 1210/1344/1309 272/1339/1305 1211/1345/1310
f 1211/1345/1313 271/1341/1307 1212/1346/1312
f 271/1347/1307 1209/40/36 1212/1348/1312
f 252/732/660 1215/1349/1314 260/730/658
f 260/730/658 1216/1350/1315 261/733/661
f 261/1351/670 1217/1352/1316 266/738/666
f 266/738/666 1214/46/41 253/48/43
f 1213/171/147 245/1330/1296 1215/1349/1314
f 1215/1349/1314 244/1332/1298 1216/1350/1315
f 1216/1353/1317 243/1335/1301 1217/1352/1316
f 1217/1352/1316 241/39/35 1214/46/41
f 1218/69/62 213/1285/1251 211/193/167
f 1220/1354/1318 214/1286/1319 213/1285/1251
f 1221/1355/1320 215/1356/1321 214/1286/1253
f 215/1357/1321 1219/164/140 212/18/15
f 279/130/112 1220/1354/1318 1218/69/62
f 281/1358/1322 1221/1355/1323 1220/1354/1318
f 282/1359/1324 1222/1360/1325 1221/1355/1320
f 1222/1361/1325 280/58/52 1219/164/140
f 1223/1/1 278/1362/1326 275/179/155
f 1225/1363/1327 277/1364/1328 278/1362/1326
f 1226/1365/1329 276/1366/1330 277/1364/1331
f 276/1367/1330 1224/54/48 274/56/50
f 202/3/3 1225/1363/1327 1223/1/1
f 205/1289/1255 1226/1365/1332 1225/1363/1327
f 204/1291/1260 1227/1368/1333 1226/1365/1329
f 1227/1369/1333 201/16/13 1224/54/48
f 291/757/688 1230/1370/1334 302/755/686
f 302/755/686 1231/1371/1335 303/746/677
f 303/746/677 1232/1372/1336 293/742/673
f 293/742/673 1229/120/105 289/178/154
f 1228/145/124 286/1373/1337 1230/1370/1334
f 1230/1370/1334 287/1374/1338 1231/1371/1335
f 1231/1371/1335 288/1375/1339 1232/1372/1336
f 1232/1372/1336 285/1376/58 1229/120/105
f 1233/146/125 281/1358/1322 279/130/112
f 1235/1377/1340 282/1359/1341 281/1358/1322
f 1236/1378/1342 283/1379/1343 282/1359/1324
f 1237/1380/1344 280/58/52 283/1381/1343
f 291/757/688 1235/1377/1340 1233/146/125
f 304/756/687 1236/1378/1345 1235/1377/1340
f 298/759/1346 1237/1382/1344 1236/1378/1342
f 297/1383/682 1234/66/60 1237/1380/1344
f 1238/148/127 286/1373/1337 284/147/126
f 1240/1384/1347 287/1374/1338 286/1373/1337
f 1241/1385/1348 288/1375/1339 287/1374/1338
f 288/1386/1339 1239/62/56 285/64/58
f 275/179/155 1240/1384/1347 1238/148/127
f 278/1362/1326 1241/1385/1349 1240/1384/1347
f 277/1364/1331 1242/1387/1350 1241/1385/1348
f 276/1367/1330 1239/62/56 1242/1388/1350
f 1243/144/123 331/1389/1351 328/71/63
f 1245/1390/1352 330/1391/1353 331/1389/1351
f 1246/1392/1354 329/1393/1355 330/1391/1353
f 1247/1394/1356 327/192/166 329/1393/1355
f 312/91/81 1245/1390/1352 1243/144/123
f 314/1395/1357 1246/1392/1354 1245/1390/1352
f 315/1396/1358 1247/1394/1356 1246/1392/1354
f 316/1397/1359 1244/191/165 1247/1394/1356
f 333/85/75 1250/1398/1360 336/1399/1361
f 336/1399/1361 1251/1400/1362 335/1401/1363
f 335/1401/1363 1252/1402/1364 334/1403/1365
f 334/1403/1365 1249/125/108 332/128/111
f 1248/84/74 319/1404/1366 1250/1398/1360
f 1250/1398/1360 320/1405/1367 1251/1400/1362
f 1251/1400/1362 321/1406/1368 1252/1402/1364
f 1252/1402/1364 318/126/109 1249/125/108
f 308/81/71 1255/1407/1369 311/1408/1370
f 311/1408/1370 1256/1409/1371 310/1410/1372
f 310/1410/1372 1257/1411/1373 309/1412/1374
f 309/1412/1374 1254/142/122 307/106/94
f 1253/72/64 331/1389/1351 1255/1407/1369
f 1255/1407/1369 330/1391/1353 1256/1409/1371
f 1256/1409/1371 329/1393/1355 1257/1411/1373
f 1257/1411/1373 327/192/166 1254/142/122
f 1258/86/76 326/1413/1375 323/127/110
f 1260/1414/1376 325/1415/1377 326/1413/1375
f 1261/1416/1378 324/1417/1379 325/1415/1377
f 1262/1418/1380 322/183/159 324/1417/1379
f 333/85/75 1260/1414/1376 1258/86/76
f 336/1399/1361 1261/1416/1378 1260/1414/1376
f 335/1401/1363 1262/1418/1380 1261/1416/1378
f 334/1403/1365 1259/163/139 1262/1418/1380
f 1263/77/68 341/1419/1381 338/157/134
f 1265/1420/1382 340/1421/1383 341/1419/1381
f 1266/1422/1384 339/1423/1385 340/1421/1383
f 1267/1424/1386 337/78/69 339/1423/1385
f 323/127/110 1265/1420/1382 1263/77/68
f 326/1413/1375 1266/1422/1384 1265/1420/1382
f 325/1415/1377 1267/1424/1386 1266/1422/1384
f 324/1417/1379 1264/94/84 1267/1424/1386
f 1268/92/82 314/1395/1357 312/91/81
f 1270/1425/1387 315/1396/1358 314/1395/1357
f 1271/1426/1388 316/1397/1359 315/1396/1358
f 1272/1427/1389 313/190/164 316/1397/1359
f 342/97/86 1270/1425/1387 1268/92/82
f 344/1428/1390 1271/1426/1388 1270/1425/1387
f 345/1429/1391 1272/1427/1389 1271/1426/1388
f 346/1430/1392 1269/74/66 1272/1427/1389
f 1273/98/87 344/1428/1390 342/97/86
f 1275/1431/1393 345/1429/1391 344/1428/1390
f 1276/1432/1394 346/1430/1392 345/1429/1391
f 1277/1433/1395 343/140/120 346/1430/1392
f 352/102/90 1275/1431/1393 1273/98/87
f 354/1434/1396 1276/1432/1394 1275/1431/1393
f 355/1435/1397 1277/1433/1395 1276/1432/1394
f 356/1436/1398 1274/184/160 1277/1433/1395
f 1278/93/83 351/1437/1399 348/187/162
f 1280/1438/1400 350/1439/1401 351/1437/1399
f 1281/1440/1402 349/1441/1403 350/1439/1401
f 1282/1442/1404 347/101/89 349/1441/1403
f 338/157/134 1280/1438/1400 1278/93/83
f 341/1419/1381 1281/1440/1402 1280/1438/1400
f 340/1421/1383 1282/1442/1404 1281/1440/1402
f 339/1423/1385 1279/80/70 1282/1442/1404
f 375/189/163 1285/1443/1405 378/1444/1406
f 378/1444/1406 1286/1445/1407 377/1446/1408
f 377/1446/1408 1287/1447/1409 376/1448/1410
f 376/1448/1410 1284/174/150 374/176/152
f 1283/139/119 360/761/693 1285/1449/1405
f 1285/1443/1405 370/767/697 1286/1445/1407
f 1286/1445/1407 369/773/705 1287/1447/1409
f 1287/1447/1409 359/175/151 1284/174/150
f 1288/104/92 354/1434/1396 352/102/90
f 1290/1450/1411 355/1435/1397 354/1434/1396
f 1291/1451/1412 356/1436/1398 355/1435/1397
f 1292/1452/1413 353/181/157 356/1436/1398
f 375/189/163 1290/1450/1411 1288/104/92
f 378/1444/1406 1291/1451/1412 1290/1450/1411
f 377/1446/1408 1292/1452/1413 1291/1451/1412
f 376/1448/1410 1289/158/135 1292/1452/1413
f 1293/99/88 364/771/701 358/105/93
f 1295/1453/1414 365/776/708 364/771/701
f 1296/1454/1415 371/774/706 365/776/708
f 1297/1455/1416 359/175/151 371/774/706
f 348/187/162 1295/1453/1414 1293/99/88
f 351/1437/1399 1296/1454/1415 1295/1453/1414
f 350/1439/1401 1297/1455/1416 1296/1454/1415
f 349/1441/1403 1294/173/149 1297/1455/1416
f 317/88/78 1300/1456/1417 319/1404/1366
f 319/1404/1366 1301/1457/1418 320/1405/1367
f 320/1405/1367 1302/1458/1419 321/1406/1368
f 321/1406/1368 1299/168/144 318/126/109
f 1298/109/95 386/1459/1420 1300/1456/1417
f 1300/1456/1417 387/1460/1421 1301/1457/1418
f 1301/1457/1418 388/1461/1422 1302/1458/1419
f 1302/1458/1419 385/132/114 1299/168/144
f 380/111/97 1305/1462/1423 383/1463/1424
f 383/1463/1424 1306/1464/1425 382/1465/1426
f 382/1465/1426 1307/1466/1427 381/1467/1428
f 381/1467/1428 1304/115/100 379/114/99
f 1303/82/72 311/1408/1370 1305/1462/1423
f 1305/1462/1423 310/1410/1372 1306/1464/1425
f 1306/1464/1425 309/1412/1374 1307/1466/1427
f 1307/1466/1427 307/106/94 1304/115/100
f 1308/124/107 397/1468/712 394/180/156
f 1310/1469/1429 398/790/722 397/779/712
f 1311/1470/1430 404/786/718 398/790/722
f 1312/1471/1431 395/787/719 404/786/718
f 389/118/103 1310/1469/1429 1308/1472/107
f 391/1473/1432 1311/1470/1430 1310/1469/1429
f 392/1474/1433 1312/1471/1431 1311/1470/1430
f 393/1475/1434 1309/152/131 1312/1471/1431
f 384/110/96 1315/1476/1435 386/1459/1420
f 386/1459/1420 1316/1477/1436 387/1460/1421
f 387/1460/1421 1317/1478/1437 388/1461/1422
f 388/1461/1422 1314/151/130 385/132/114
f 1313/116/101 408/793/726 1315/1476/1435
f 1315/1476/1435 403/788/720 1316/1477/1436
f 1316/1477/1436 402/785/717 1317/1478/1437
f 1317/1478/1437 395/787/719 1314/151/130
f 389/118/103 1320/1479/1438 391/1473/1432
f 391/1473/1432 1321/1480/1439 392/1474/1433
f 392/1474/1433 1322/1481/1440 393/1475/1434
f 393/1475/1434 1319/150/129 390/149/128
f 1318/112/98 383/1463/1424 1320/1479/1438
f 1320/1479/1438 382/1465/1426 1321/1480/1439
f 1321/1480/1439 381/1467/1428 1322/1481/1440
f 1322/1481/1440 379/114/99 1319/150/129
f 396/117/102 1325/1482/1441 407/1483/727
f 407/778/1442 1324/177/153 394/180/1443
f 1323/67/61 299/750/1444 1325/1482/1441
s 26
f 1325/1484/1445 299/1485/1446 292/743/1445
s 1
f 1325/1486/1447 289/178/154 1324/177/153
f 253/48/43 1328/1487/1448 265/1488/1449
s 27
f 265/728/1450 1328/1489/1450 256/724/1451
s 1
f 1328/1489/1452 251/722/650 256/724/1453
f 1326/47/42 366/770/700 1328/1487/1448
f 366/1490/1454 1327/136/116 1328/1489/1452
s 2
f 532/260/234 1331/1491/1455 543/929/870
f 543/929/870 1332/1492/1456 544/920/860
f 1332/1492/1456 534/917/857 544/920/860
f 1333/1493/1457 200/243/217 534/917/857
f 1329/259/233 552/934/876 1331/1491/1455
f 1331/1491/1455 562/937/879 1332/1492/1456
f 562/937/879 1333/1493/1457 1332/1492/1456
f 561/945/887 1330/261/235 1333/1493/1457
f 1334/253/227 556/940/882 548/254/228
f 1336/1494/1458 557/942/884 556/940/882
f 557/942/884 1338/1495/1459 563/946/888
f 563/946/888 1335/240/214 549/301/275
f 566/231/205 1336/1494/1458 1334/253/227
f 571/950/892 1337/1496/1460 1336/1494/1458
f 1337/1496/1460 580/962/905 1338/1495/1459
f 1338/1495/1459 568/269/243 1335/240/214
s 3
f 1339/1497/262 575/959/900 567/956/274
f 1341/1498/1461 576/965/1462 575/959/900
s 2
f 576/965/908 1342/1499/1463 582/963/906
f 1342/1499/1463 568/269/243 582/963/906
s 3
f 1339/1497/262 540/925/864 1341/1498/1461
f 1341/1498/1461 1822/918/868 1342/1500/1464
s 2
f 1342/1500/1463 1822/918/858 533/919/859
f 1342/1499/1463 200/243/1465 1340/242/216
f 515/299/273 1345/1501/1466 527/912/851
f 527/912/851 1346/1502/1467 528/903/841
f 1346/1502/1467 518/900/838 528/903/841
f 1347/1503/1468 513/280/254 518/900/838
f 1343/296/270 558/941/883 1345/1501/1466
f 1345/1501/1466 551/935/877 1346/1502/1467
f 551/935/877 1347/1503/1468 1346/1502/1467
f 550/933/875 1344/274/248 1347/1503/1468
s 3
f 1348/1504/263 538/926/865 531/923/264
f 1350/1505/1469 539/932/1470 538/926/865
s 2
f 539/932/873 1351/1506/1471 545/930/871
f 1351/1506/1471 532/260/234 545/930/871
s 3
f 1348/1504/263 524/908/845 1350/1505/1469
f 1350/1505/1469 517/901/849 1351/1507/1472
s 2
f 1351/1507/1471 517/901/839 516/899/837
f 1351/1506/1471 513/280/254 1349/228/202
s 3
f 1352/1508/225 522/909/846 514/906/223
f 1354/1509/1473 523/915/1474 522/909/846
s 2
f 523/915/854 1355/1510/1475 529/913/852
f 1355/1510/1475 515/299/273 529/913/852
s 3
f 1352/1508/225 577/958/899 1354/1509/1473
f 1354/1509/1473 570/951/903 1355/1511/1476
s 2
f 1355/1511/1475 570/951/893 569/949/891
f 1355/1510/1475 566/231/205 1353/230/204
f 435/209/183 1358/1512/1477 438/818/1478
f 438/818/1478 1359/1513/1479 1818/1514/1480
f 1818/1514/1480 1360/1515/1481 441/1516/1482
f 441/1516/1482 1357/246/220 436/314/288
f 411/167/143 1358/1512/1477 1356/165/141
f 416/796/731 1359/1513/1479 1358/1512/1477
f 424/799/734 1360/1515/1481 1359/1513/1479
f 423/808/742 1357/246/220 1360/1515/1481
f 1361/258/232 453/1517/1483 447/216/190
f 1363/1518/1484 452/833/1485 453/1517/1483
f 1364/1519/1486 449/831/1487 452/833/1485
f 1365/1520/1488 445/316/290 449/831/1487
f 1361/258/232 423/809/742 1363/1518/1484
f 1363/1518/1484 420/805/740 1364/1519/1486
f 1364/1519/1486 419/802/737 1365/1520/1488
f 1365/1520/1488 412/804/739 1362/236/210
f 1366/315/289 441/1521/1482 436/314/288
f 1368/1522/1489 442/828/1490 441/1521/1482
f 1369/1523/1491 444/825/762 442/828/1490
f 1370/1524/1492 437/235/209 444/825/762
f 1366/315/289 453/1525/1483 1368/1522/1489
f 1368/1522/1489 452/1526/1493 1369/1523/1491
f 1369/1523/1491 451/836/1494 1370/1524/1492
f 1370/1524/1492 446/247/221 1367/233/207
f 465/851/791 1373/1527/1495 468/849/789
f 468/849/789 1374/1528/1496 469/852/792
f 469/852/792 1375/1529/1497 473/860/799
f 473/860/799 1372/278/252 466/320/294
f 426/219/193 1373/1527/1495 1371/298/272
f 430/811/1498 1374/1528/1496 1373/1527/1495
f 1817/813/1499 1375/1529/1497 1374/1528/1496
f 434/1530/1500 1372/278/252 1375/1529/1497
f 480/272/246 1378/1531/1501 483/864/1502
f 483/864/1502 1379/1532/1503 1816/1533/1504
f 1816/1533/1504 1380/1534/1505 485/1535/1506
f 485/1535/1506 1377/336/310 481/206/180
f 467/264/238 1378/1531/1501 1376/262/236
f 478/862/801 1379/1532/1503 1378/1531/1501
f 474/857/797 1380/1534/1505 1379/1532/1503
f 473/859/799 1377/336/310 1380/1534/1505
f 1381/208/182 485/1536/1506 481/206/180
f 1383/1537/1507 1816/871/1508 485/1536/1506
f 1384/1538/1509 488/869/1510 1816/871/1508
f 1385/1539/1511 482/270/244 488/869/1510
f 1381/208/182 434/1540/1500 1383/1537/1507
f 1383/1537/1507 433/816/1512 1384/1538/1509
f 1384/1538/1509 432/817/1513 1385/1539/1511
f 1385/1539/1511 427/265/239 1382/267/241
f 1386/256/230 463/1541/1514 457/195/169
f 1388/1542/1515 1819/843/1516 463/1541/1514
f 1389/1543/1517 459/839/777 1819/843/1516
f 1390/1544/1518 455/341/315 459/839/777
f 1386/256/230 496/882/820 1388/1542/1515
f 1388/1542/1515 493/875/812 1389/1543/1517
f 1389/1543/1517 492/872/809 1390/1544/1518
f 1390/1544/1518 489/874/811 1387/293/267
f 1391/326/300 496/879/820 490/279/253
f 1393/1545/1519 498/886/1520 496/879/820
f 1394/1546/1521 501/884/822 498/886/824
f 1395/1547/1522 491/284/258 501/884/822
f 1391/326/300 509/1548/1523 1393/1545/1519
f 1393/1545/1519 1820/1549/1524 1394/1546/1525
f 1394/1546/1521 506/887/825 1395/1547/1522
f 1395/1547/1522 503/198/172 1392/200/174
f 1396/340/314 509/1550/1523 504/327/301
f 1398/1551/1526 510/897/1527 509/1550/1523
f 1399/1552/1528 512/894/832 510/897/1527
f 1400/1553/1529 505/291/265 512/894/832
f 1396/340/314 463/1554/1514 1398/1551/1526
f 1398/1551/1526 464/1555/1530 1399/1552/1528
f 1399/1552/1528 462/847/784 1400/1553/1529
f 1400/1553/1529 456/844/783 1397/285/259
f 586/981/307 1403/1556/1531 597/979/925
f 597/979/925 1404/1557/1532 598/972/917
f 598/972/917 1405/1558/1533 589/968/912
f 589/968/912 1402/282/256 584/966/910
f 1401/1559/306 611/992/938 1403/1556/1531
f 1403/1556/1531 605/986/932 1404/1557/1532
f 1404/1557/1532 604/984/930 1405/1558/1533
f 1405/1558/1533 601/319/293 1402/282/256
f 1406/306/280 622/1003/947 619/318/292
f 1408/1560/1534 623/1013/959 622/1003/947
f 1409/1561/1535 629/1009/955 623/1013/959
f 1410/1562/1536 620/1010/198 629/1009/955
f 603/305/279 1408/1560/1534 1406/306/280
f 616/999/943 1409/1561/1535 1408/1560/1534
f 610/994/939 1410/1562/1536 1409/1561/1535
f 609/991/937 1407/1563/196 1410/1562/1536
f 1411/309/283 592/976/921 585/307/281
f 1413/1564/1537 593/983/929 592/976/921
f 1414/1565/1538 599/980/926 593/983/929
f 1415/1566/1539 586/981/307 599/980/926
f 1411/309/283 634/1016/962 1413/1564/1537
f 1413/1564/1537 628/1011/956 1414/1565/1538
f 1414/1565/1538 627/1008/954 1415/1566/1539
f 1415/1566/1539 620/1010/198 1412/1567/197
f 1416/1568/297 649/1032/979 638/1034/295
f 1418/1569/1540 650/1024/971 649/1032/979
f 1419/1570/1541 641/1020/967 650/1024/971
f 1420/1571/1542 636/1021/968 641/1020/967
f 655/1046/299 1418/1569/1540 1416/1568/297
f 664/1045/992 1419/1570/1541 1418/1569/1540
f 658/1049/996 1420/1571/1542 1419/1570/1541
f 657/1039/984 1417/226/200 1420/1571/1542
f 673/1067/312 1423/1572/1543 684/1065/1015
f 684/1065/1015 1424/1573/1544 685/1059/1008
f 685/1059/1008 1425/1574/1545 675/1055/1004
f 675/1055/1004 1422/213/187 671/212/186
f 1421/1575/311 651/1033/980 1423/1572/1543
f 1423/1572/1543 645/1029/976 1424/1573/1544
f 1424/1573/1544 644/1027/974 1425/1574/1545
f 1425/1574/1545 637/312/286 1422/213/187
f 1426/311/285 679/1063/1012 672/313/287
f 1428/1576/1546 680/1069/1018 679/1063/1012
f 1429/1577/1547 686/1066/1016 680/1069/1018
f 1430/1578/1548 673/1067/312 686/1066/1016
f 1426/311/285 669/1051/998 1428/1576/1546
f 1428/1576/1546 663/1047/993 1429/1577/1547
f 1429/1577/1547 662/1044/991 1430/1578/1548
f 1430/1578/1548 655/1046/299 1427/1579/298
f 1431/331/305 692/1072/1021 689/343/317
f 1433/1580/1549 693/1082/1031 692/1072/1021
f 1434/1581/1550 700/1078/1028 693/1082/1031
f 1435/1582/1551 690/1079/189 700/1078/1028
f 707/330/304 1433/1580/1549 1431/331/305
f 712/1088/1039 1434/1581/1550 1433/1580/1549
f 721/1091/1042 1435/1582/1551 1434/1581/1550
f 720/1099/1050 1432/1583/179 1435/1582/1551
f 708/302/276 1438/1584/1552 715/1094/1045
f 715/1094/1045 1439/1585/1553 716/1096/1047
f 716/1096/1047 1440/1586/1554 722/1100/1051
f 722/1100/1051 1437/1587/302 709/1101/177
f 1436/202/176 730/1105/1054 1438/1584/1552
f 1438/1584/1552 739/1109/1059 1439/1585/1553
f 1439/1585/1553 738/1116/1069 1440/1586/1554
f 1440/1586/1554 727/1118/303 1437/1587/302
f 1441/304/278 733/1113/1063 726/303/277
f 1443/1588/1555 734/1120/1073 733/1113/1063
f 1444/1589/1556 740/1117/1070 734/1120/1073
f 1445/1590/1557 727/1118/303 740/1117/1070
f 1441/304/278 704/1086/1035 1443/1588/1555
f 1443/1588/1555 699/1080/1029 1444/1589/1556
f 1444/1589/1556 698/1077/1027 1445/1590/1557
f 1445/1590/1557 690/1079/189 1442/1591/188
f 411/167/143 1448/1592/1558 414/795/730
f 1448/1592/1558 415/797/1559 414/795/730
f 1449/1593/1560 421/803/738 415/797/1559
f 1450/1594/1561 412/804/739 421/803/738
f 1446/166/142 606/985/931 1448/1592/1558
f 1448/1592/1558 615/988/934 1449/1593/1560
f 615/988/934 1450/1594/1561 1449/1593/1560
f 614/998/942 1447/237/211 1450/1594/1561
f 621/1014/960 1453/1595/1562 632/1017/1563
f 632/1017/1563 1453/1596/1562 633/1005/1564
s 28
f 633/1005/1565 1454/1597/1566 624/1002/1567
s 2
f 1454/1597/1568 619/318/292 624/1002/946
f 446/247/221 1453/1595/1562 1451/308/282
s 28
f 1453/1596/1569 448/830/1570 1454/1597/1566
s 2
f 1454/1597/1568 445/316/290 1452/317/291
f 426/219/193 1457/1598/1571 429/810/1572
s 29
f 429/810/1573 1457/1598/1574 1458/1599/1575
s 2
f 1458/1600/1576 427/265/239 429/815/1577
f 654/339/313 1457/1598/1571 1455/221/195
s 29
f 1457/1598/1574 668/1041/1578 1458/1599/1575
s 2
f 1458/1599/1576 668/1041/1579 667/1052/1580
f 1458/1600/1576 656/310/284 1456/1601/1581
f 1459/1602/1582 674/1056/1583 671/212/186
f 674/1056/1005 1461/1603/1584 681/1604/1585
f 681/1062/1011 1460/271/245 672/313/287
f 480/272/246 1461/1605/1586 1459/1602/1582
f 1461/1606/1587 482/270/244 1460/271/245
f 1462/283/257 499/883/821 491/284/258
f 499/883/821 1465/1607/1588 500/878/1589
f 1465/1607/1588 494/873/810 500/878/1589
f 494/873/810 1463/294/268 489/874/811
f 708/302/276 1464/1608/1590 1462/283/257
f 1464/1608/1590 711/1089/1040 1465/1607/1588
f 711/1089/1040 1466/1609/1591 1465/1607/1588
f 1466/1609/1591 707/330/304 1463/294/268
f 1467/286/260 703/1610/1036 691/1084/1033
f 703/1075/1025 1470/1611/1592 694/1071/1023
f 1470/1611/1593 689/343/317 694/1071/1020
f 456/844/783 1469/1612/1594 1467/286/260
f 1469/1613/1595 458/838/1596 1470/1611/1592
f 458/838/1597 1468/342/316 1470/1611/1593
f 584/966/910 1473/1614/1598 587/970/1599
s 30
f 1473/1614/1600 588/969/1601 587/970/1602
s 2
f 588/969/1603 1474/1615/1604 594/975/920
f 1474/1615/1604 585/307/281 594/975/920
f 1471/281/255 439/819/1605 1473/1614/1598
s 30
f 1473/1614/1600 443/823/1606 1474/1616/1607
s 2
f 1474/1615/1604 437/235/209 1472/234/208
f 467/264/238 1477/1617/1608 476/861/800
f 1477/1617/1608 477/854/1609 476/861/800
f 1478/1618/1610 470/850/790 477/854/1609
f 470/850/790 1476/225/199 465/851/791
f 637/312/286 1477/1617/1608 1475/263/237
f 646/1028/975 1478/1618/1610 1477/1617/1608
f 640/1022/969 1479/1619/1611 1478/1618/1610
f 1479/1619/1611 636/1021/968 1476/225/199
f 505/291/265 1482/1620/1612 511/893/831
s 31
f 511/892/1613 1483/1621/1614 507/888/1615
s 2
f 1483/1621/1616 503/198/172 507/888/1617
f 726/303/277 1482/1620/1612 1480/292/266
f 1482/1620/1612 735/1112/1062 729/1106/1618
s 31
f 729/1106/1619 1483/1621/1614 1482/1622/1620
s 2
f 1483/1621/1616 725/201/175 1481/1623/1621
s 4
f 763/368/339 1486/1624/1622 766/1625/1623
f 766/1625/1623 1487/1626/1624 765/1627/1625
f 765/1628/1626 1488/1629/1627 764/1630/1628
f 1488/1629/1627 762/523/477 764/1630/1628
f 1484/367/338 749/1631/1629 1486/1624/1622
f 1486/1624/1622 750/1632/1630 1487/1626/1624
f 1487/1633/1631 751/1634/1632 1488/1629/1627
f 751/1634/1632 1485/482/439 1488/1629/1627
f 1489/404/372 771/1635/1633 768/351/324
f 1491/1636/1634 770/1637/1635 771/1638/1633
f 1492/1639/1636 769/1640/1637 770/1637/1638
f 769/1640/1637 1490/462/422 767/364/335
f 752/534/486 1491/1641/1634 1489/404/372
f 754/1642/1639 1492/1639/1640 1491/1636/1634
f 755/1643/1641 1493/1644/1642 1492/1639/1636
f 1493/1644/1642 753/361/332 1490/462/422
f 1494/472/431 746/1645/1643 743/346/320
f 1496/1646/1644 745/1647/1645 746/1645/1643
f 1497/1648/1646 744/1649/1647 745/1650/1648
f 744/1649/1647 1495/347/321 742/359/330
f 763/368/339 1496/1646/1644 1494/472/431
f 766/1625/1623 1497/1651/1649 1496/1646/1644
f 765/1628/1626 1498/1652/1650 1497/1648/1646
f 1498/1652/1650 762/523/477 1495/347/321
f 758/501/456 1501/1653/1651 761/1654/1652
f 761/1655/1652 1502/1656/1653 760/1657/1654
f 760/1657/1655 1503/1658/1656 759/1659/1657
f 1503/1658/1656 757/353/325 759/1659/1657
f 1499/369/340 771/1635/1633 1501/1653/1651
f 1501/1660/1651 770/1637/1635 1502/1656/1653
f 1502/1656/1658 769/1640/1637 1503/1658/1656
f 769/1640/1637 1500/366/337 1503/1658/1656
f 773/502/457 1506/1661/1659 776/1662/1660
f 776/1663/1660 1507/1664/1661 775/1665/1662
f 775/1665/1663 1508/1666/1664 774/1667/1665
f 1508/1666/1664 772/372/342 774/1667/1665
f 1504/496/452 761/1654/1652 1506/1661/1659
f 1506/1668/1659 760/1657/1654 1507/1664/1661
f 1507/1664/1666 759/1659/1657 1508/1666/1664
f 759/1659/1657 1505/355/327 1508/1666/1664
f 747/358/329 1511/1669/1667 749/1631/1629
f 749/1631/1629 1512/1670/1668 750/1632/1630
f 750/1632/1669 1513/1671/1670 751/1672/1632
f 1513/1673/1670 748/378/348 751/1634/1632
f 1509/357/328 779/1674/1671 1511/1669/1667
f 1511/1669/1667 780/1675/1672 1512/1670/1668
f 1512/1670/1673 781/1676/1674 1513/1671/1670
f 781/1677/1674 1510/376/346 1513/1673/1670
f 777/387/356 1516/1678/1675 779/1674/1671
f 779/1674/1671 1517/1679/1676 780/1675/1672
f 780/1675/1677 1518/1680/1678 781/1676/1674
f 1518/1681/1678 778/375/345 781/1677/1674
f 1514/396/364 789/1682/1679 1516/1678/1675
f 1516/1678/1675 790/1683/1680 1517/1679/1676
f 1517/1679/1681 791/1684/1682 1518/1680/1678
f 791/1685/1682 1515/373/343 1518/1681/1678
f 783/535/487 1521/1686/1683 786/1687/1684
f 786/1687/1684 1522/1688/1685 785/1689/1686
f 785/1690/1687 1523/1691/1688 784/1692/1689
f 1523/1691/1688 782/382/352 784/1692/1689
f 1519/527/480 776/1662/1660 1521/1686/1683
f 1521/1686/1683 775/1693/1662 1522/1688/1685
f 1522/1694/1690 774/1667/1665 1523/1691/1688
f 774/1667/1665 1520/380/350 1523/1691/1688
f 1524/513/467 814/1695/1691 811/511/465
f 1526/1696/1692 813/1697/1693 814/1695/1691
f 1527/1698/1694 812/1699/1695 813/1697/1693
f 1528/1700/1696 810/1701/361 812/1699/1695
f 793/1131/1084 1526/1696/1692 1524/513/467
f 803/1130/1083 1527/1698/1694 1526/1696/1692
f 796/1134/1087 1528/1700/1696 1527/1698/1694
f 795/1124/1077 1525/476/433 1528/1700/1696
f 787/395/363 1531/1702/1697 789/1682/1679
f 789/1682/1679 1532/1703/1698 790/1683/1680
f 790/1683/1699 1533/1704/1700 791/1684/1682
f 791/1685/1682 1530/383/353 788/385/355
f 1529/495/451 814/1695/1691 1531/1702/1697
f 1531/1702/1701 813/1697/1693 1532/1703/1698
f 1532/1703/1702 812/1699/1695 1533/1704/1700
f 812/1705/1695 1530/383/353 1533/1706/1700
f 793/1131/1084 1536/1707/1703 801/1129/1082
f 801/1129/1082 1537/1708/1704 802/1132/1085
f 802/1141/1094 1538/1709/1705 807/1137/1090
f 807/1137/1090 1535/389/358 794/391/360
f 1534/512/466 786/1687/1684 1536/1707/1703
f 1536/1707/1703 785/1689/1686 1537/1708/1704
f 1537/1710/1706 784/1692/1689 1538/1709/1705
f 1538/1709/1705 782/382/352 1535/389/358
f 1539/412/379 754/1711/1639 752/534/486
f 1541/1712/1707 755/1643/1708 754/1642/1639
f 1542/1713/1709 756/1714/1710 755/1643/1641
f 756/1714/1710 1540/505/459 753/361/332
f 820/471/430 1541/1715/1707 1539/412/379
f 822/1716/1711 1542/1713/1712 1541/1712/1707
f 823/1717/1713 1543/1718/1714 1542/1713/1709
f 1543/1718/1714 821/401/369 1540/505/459
f 1544/344/318 819/1719/1715 816/520/474
f 1546/1720/1716 818/1721/1717 819/1719/1715
f 1547/1722/1718 817/1723/1719 818/1724/1720
f 817/1723/1719 1545/397/365 815/399/367
f 743/346/320 1546/1720/1716 1544/344/318
f 746/1645/1643 1547/1725/1721 1546/1720/1716
f 745/1650/1648 1548/1726/1722 1547/1722/1718
f 1548/1726/1722 742/359/330 1545/397/365
f 832/1160/1112 1551/1727/1723 843/1158/1110
f 843/1158/1110 1552/1728/1724 844/1149/1101
f 844/1149/1101 1553/1729/1725 834/1145/1097
f 834/1145/1097 1550/1730/423 830/1143/473
f 1549/486/442 827/1731/1726 1551/1727/1723
f 1551/1727/1723 828/1732/1727 1552/1728/1724
f 1552/1728/1724 829/1733/1728 1553/1729/1725
f 1553/1734/1725 826/407/375 1550/463/423
f 1554/487/443 822/1735/1711 820/471/430
f 1556/1736/1729 823/1717/1730 822/1716/1711
f 1557/1737/1731 824/1738/1732 823/1717/1713
f 1558/1739/1733 821/401/369 824/1738/1732
f 832/1160/1112 1556/1740/1729 1554/487/443
f 845/1741/1111 1557/1737/1734 1556/1736/1729
f 839/1742/1735 1558/1739/1733 1557/1737/1731
f 838/1154/1106 1555/409/377 1558/1739/1733
f 1559/489/445 827/1731/1726 825/488/444
f 1561/1743/1736 828/1732/1727 827/1731/1726
f 1562/1744/1737 829/1745/1728 828/1746/1727
f 829/1745/1728 1560/405/373 826/407/375
f 816/520/474 1561/1743/1736 1559/489/445
f 819/1719/1715 1562/1747/1738 1561/1743/1736
f 818/1724/1720 1563/1748/1739 1562/1744/1737
f 817/1723/1719 1560/405/373 1563/1748/1739
f 1564/485/441 872/1749/1740 869/414/380
f 1566/1750/1741 871/1751/1742 872/1749/1740
f 1567/1752/1743 870/1753/1744 871/1751/1742
f 1568/1754/1745 868/533/485 870/1753/1744
f 853/434/398 1566/1750/1741 1564/485/441
f 855/1755/1746 1567/1752/1743 1566/1750/1741
f 856/1756/1747 1568/1754/1745 1567/1752/1743
f 857/1757/1748 1565/532/484 1568/1754/1745
f 874/428/392 1571/1758/1749 877/1759/1750
f 877/1759/1750 1572/1760/1751 876/1761/1752
f 876/1761/1752 1573/1762/1753 875/1763/1754
f 875/1763/1754 1570/466/426 873/469/429
f 1569/427/391 860/1764/1755 1571/1758/1749
f 1571/1758/1749 861/1765/1756 1572/1760/1751
f 1572/1760/1751 862/1766/1757 1573/1762/1753
f 1573/1762/1753 859/467/427 1570/466/426
f 849/424/388 1576/1767/1758 852/1768/1759
f 852/1768/1759 1577/1769/1760 851/1770/1761
f 851/1770/1761 1578/1771/1762 850/1772/1763
f 850/1772/1763 1575/483/440 848/449/412
f 1574/415/381 872/1749/1740 1576/1767/1758
f 1576/1767/1758 871/1751/1742 1577/1769/1760
f 1577/1769/1760 870/1753/1744 1578/1771/1762
f 1578/1771/1762 868/533/485 1575/483/440
f 1579/429/393 867/1773/1764 864/468/428
f 1581/1774/1765 866/1775/1766 867/1773/1764
f 1582/1776/1767 865/1777/1768 866/1775/1766
f 1583/1778/1769 863/524/478 865/1777/1768
f 874/428/392 1581/1774/1765 1579/429/393
f 877/1759/1750 1582/1776/1767 1581/1774/1765
f 876/1761/1752 1583/1778/1769 1582/1776/1767
f 875/1763/1754 1580/504/458 1583/1778/1769
f 1584/420/385 882/1779/1770 879/498/453
f 1586/1780/1771 881/1781/1772 882/1779/1770
f 1587/1782/1773 880/1783/1774 881/1781/1772
f 1588/1784/1775 878/421/386 880/1783/1774
f 864/468/428 1586/1780/1771 1584/420/385
f 867/1773/1764 1587/1782/1773 1586/1780/1771
f 866/1775/1766 1588/1784/1775 1587/1782/1773
f 865/1777/1768 1585/437/401 1588/1784/1775
f 1589/435/399 855/1755/1746 853/434/398
f 1591/1785/1776 856/1756/1747 855/1755/1746
f 1592/1786/1777 857/1757/1748 856/1756/1747
f 1593/1787/1778 854/531/483 857/1757/1748
f 883/440/403 1591/1785/1776 1589/435/399
f 885/1788/1779 1592/1786/1777 1591/1785/1776
f 886/1789/1780 1593/1787/1778 1592/1786/1777
f 887/1790/1781 1590/417/383 1593/1787/1778
f 1594/441/404 885/1788/1779 883/440/403
f 1596/1791/1782 886/1789/1780 885/1788/1779
f 1597/1792/1783 887/1790/1781 886/1789/1780
f 1598/1793/1784 884/481/438 887/1790/1781
f 893/445/408 1596/1791/1782 1594/441/404
f 895/1794/1785 1597/1792/1783 1596/1791/1782
f 896/1795/1786 1598/1793/1784 1597/1792/1783
f 897/1796/1787 1595/525/479 1598/1793/1784
f 1599/436/400 892/1797/1788 889/528/481
f 1601/1798/1789 891/1799/1790 892/1797/1788
f 1602/1800/1791 890/1801/1792 891/1799/1790
f 1603/1802/1793 888/444/407 890/1801/1792
f 879/498/453 1601/1798/1789 1599/436/400
f 882/1779/1770 1602/1800/1791 1601/1798/1789
f 881/1781/1772 1603/1802/1793 1602/1800/1791
f 880/1783/1774 1600/423/387 1603/1802/1793
f 916/530/482 1606/1803/1794 919/1804/1795
f 919/1804/1795 1607/1805/1796 918/1806/1797
f 918/1806/1797 1608/1807/1798 917/1808/1799
f 917/1808/1799 1605/515/469 915/517/471
f 1604/480/437 902/1809/1117 1606/1810/1794
f 1606/1803/1794 911/1170/1121 1607/1805/1796
f 1607/1805/1796 910/1176/1130 1608/1807/1798
f 1608/1807/1798 900/516/470 1605/515/469
f 1609/447/410 895/1794/1785 893/445/408
f 1611/1811/1800 896/1795/1786 895/1794/1785
f 1612/1812/1801 897/1796/1787 896/1795/1786
f 1613/1813/1802 894/522/476 897/1796/1787
f 916/530/482 1611/1811/1800 1609/447/410
f 919/1804/1795 1612/1812/1801 1611/1811/1800
f 918/1806/1797 1613/1813/1802 1612/1812/1801
f 917/1808/1799 1610/499/454 1613/1813/1802
f 1614/442/405 906/1174/1125 899/448/411
f 1616/1814/1803 907/1179/1133 906/1174/1125
f 1617/1815/1804 912/1177/1131 907/1179/1133
f 1618/1816/1805 900/516/470 912/1177/1131
f 889/528/481 1616/1814/1803 1614/442/405
f 892/1797/1788 1617/1815/1804 1616/1814/1803
f 891/1799/1790 1618/1816/1805 1617/1815/1804
f 890/1801/1792 1615/514/468 1618/1816/1805
f 858/431/395 1621/1817/1806 860/1764/1755
f 860/1764/1755 1622/1818/1807 861/1765/1756
f 861/1765/1756 1623/1819/1808 862/1766/1757
f 862/1766/1757 1620/509/463 859/467/427
f 1619/452/413 927/1820/1809 1621/1817/1806
f 1621/1817/1806 928/1821/1810 1622/1818/1807
f 1622/1818/1807 929/1822/1811 1623/1819/1808
f 1623/1819/1808 926/473/432 1620/509/463
f 921/454/415 1626/1823/1812 924/1824/1813
f 924/1824/1813 1627/1825/1814 923/1826/1815
f 923/1826/1815 1628/1827/1816 922/1828/1817
f 922/1828/1817 1625/458/418 920/457/417
f 1624/425/389 852/1768/1759 1626/1823/1812
f 1626/1823/1812 851/1770/1761 1627/1825/1814
f 1627/1825/1814 850/1772/1763 1628/1827/1816
f 1628/1827/1816 848/449/412 1625/458/418
f 1629/465/425 938/1182/1137 935/521/475
f 1631/1829/1818 939/1191/1146 938/1182/1137
f 1632/1830/1819 946/1187/1142 939/1191/1146
f 1633/1831/1820 936/1188/1143 946/1187/1142
f 930/461/421 1631/1829/1818 1629/465/425
f 932/1832/1821 1632/1830/1819 1631/1829/1818
f 933/1833/1822 1633/1831/1820 1632/1830/1819
f 934/1834/1823 1630/493/449 1633/1831/1820
f 925/453/414 1636/1835/1824 927/1820/1809
f 927/1820/1809 1637/1836/1825 928/1821/1810
f 928/1821/1810 1638/1837/1826 929/1822/1811
f 929/1822/1811 1635/492/448 926/473/432
f 1634/459/419 949/1194/1150 1636/1835/1824
f 1636/1835/1824 945/1189/1144 1637/1836/1825
f 1637/1836/1825 944/1186/1141 1638/1837/1826
f 1638/1837/1826 936/1188/1143 1635/492/448
f 930/461/421 1641/1838/1827 932/1832/1821
f 932/1832/1821 1642/1839/1828 933/1833/1822
f 933/1833/1822 1643/1840/1829 934/1834/1823
f 934/1834/1823 1640/491/447 931/490/446
f 1639/455/416 924/1824/1813 1641/1838/1827
f 1641/1838/1827 923/1826/1815 1642/1839/1828
f 1642/1839/1828 922/1828/1817 1643/1840/1829
f 1643/1840/1829 920/457/417 1640/491/447
f 937/460/420 1646/1841/1830 940/1842/1151
f 940/1843/1136 1645/1844/472 935/1845/475
f 1644/410/378 840/1153/1831 1646/1841/1830
s 32
f 1646/1846/1832 840/1847/1833 833/1146/1833
s 4
f 1646/1848/1834 830/1143/473 1645/1844/472
f 794/391/360 1649/1849/1835 806/1850/1836
s 33
f 806/1138/1837 1649/1851/1837 797/1852/1838
s 4
f 1649/1853/1839 792/1121/1074 797/1123/1840
f 899/448/411 1649/1849/1835 1647/390/359
f 901/1854/1118 1648/477/434 1649/1853/1839
s 5
f 973/557/506 1652/1855/1841 976/1856/1842
f 976/1857/1842 1653/1858/1843 975/1859/1844
f 975/1859/1845 1654/1860/1846 974/1861/1847
f 1654/1860/1846 972/711/639 974/1861/1847
f 1650/556/505 959/1862/1848 1652/1855/1841
f 1652/1863/1841 960/1864/1849 1653/1858/1843
f 1653/1858/1850 961/1865/1851 1654/1860/1846
f 961/1865/1851 1651/673/605 1654/1860/1846
f 1655/593/539 981/1866/1852 978/540/491
f 1657/1867/1853 980/1868/1854 981/1866/1852
f 1658/1869/1855 979/1870/1856 980/1868/1857
f 979/1871/1856 1656/651/588 977/553/502
f 962/720/648 1657/1867/1853 1655/593/539
f 964/1872/1858 1658/1869/1859 1657/1867/1853
f 965/1873/1860 1659/1874/1861 1658/1869/1855
f 1659/1875/1861 963/550/499 1656/651/588
f 1660/663/597 956/1876/1862 953/508/462
f 1662/1877/1863 955/1878/1864 956/1879/1862
f 1663/1880/1865 954/1881/1866 955/1878/1867
f 954/1881/1866 1661/536/488 952/548/497
f 973/557/506 1662/1882/1863 1660/663/597
f 976/1857/1842 1663/1880/1868 1662/1877/1863
f 975/1859/1845 1664/1883/1869 1663/1880/1865
f 1664/1883/1869 972/711/639 1661/536/488
f 968/692/621 1667/1884/1870 971/1885/1871
f 971/1885/1871 1668/1886/1872 970/1887/1873
f 970/1887/1874 1669/1888/1875 969/1889/1876
f 1669/1890/1875 967/542/492 969/1891/1876
f 1665/558/507 981/1866/1852 1667/1884/1870
f 1667/1884/1870 980/1868/1854 1668/1886/1872
f 1668/1886/1877 979/1870/1856 1669/1888/1875
f 979/1871/1856 1666/555/504 1669/1890/1875
f 983/693/622 1672/1892/1878 986/1893/1879
f 986/1893/1879 1673/1894/1880 985/1895/1881
f 985/1895/1882 1674/1896/1883 984/1897/1884
f 1674/1898/1883 982/561/509 984/1899/1884
f 1670/687/617 971/1885/1871 1672/1892/1878
f 1672/1892/1878 970/1887/1873 1673/1894/1880
f 1673/1894/1885 969/1889/1876 1674/1896/1883
f 969/1891/1876 1671/544/494 1674/1898/1883
f 957/547/496 1677/1900/1886 959/1862/1848
f 959/1901/1848 1678/1902/1887 960/1864/1849
f 960/1864/1888 1679/1903/1889 961/1865/1851
f 1679/1903/1889 958/567/515 961/1865/1851
f 1675/546/495 989/1904/1890 1677/1900/1886
f 1677/1905/1886 990/1906/1891 1678/1902/1887
f 1678/1902/1892 991/1907/1893 1679/1903/1889
f 991/1907/1893 1676/565/513 1679/1903/1889
f 987/576/523 1682/1908/1894 989/1904/1890
f 989/1909/1890 1683/1910/1895 990/1906/1891
f 990/1906/1896 1684/1911/1897 991/1907/1893
f 1684/1911/1897 988/564/512 991/1907/1893
f 1680/585/531 999/1912/1898 1682/1908/1894
f 1682/1908/1894 1000/1913/1899 1683/1914/1895
f 1683/1910/1900 1001/1915/1901 1684/1911/1897
f 1001/1915/1901 1681/562/510 1684/1911/1897
f 993/721/649 1687/1916/1902 996/1917/1903
f 996/1917/1903 1688/1918/1904 995/1919/1905
f 995/1919/1906 1689/1920/1907 994/1921/1908
f 1689/1920/1907 992/1922/519 994/1921/1908
f 1685/714/642 986/1893/1879 1687/1916/1902
f 1687/1916/1902 985/1895/1881 1688/1918/1904
f 1688/1918/1909 984/1897/1884 1689/1920/1907
f 984/1897/1884 1686/1923/517 1689/1920/1907
f 1690/701/629 1024/1924/1910 1021/699/627
f 1692/1925/1911 1023/1926/1912 1024/1924/1910
f 1693/1927/1913 1022/1928/1914 1023/1926/1912
f 1694/1929/1915 1020/581/528 1022/1930/1914
f 1003/1206/1164 1692/1925/1911 1690/701/629
f 1013/1205/1163 1693/1927/1913 1692/1925/1911
f 1006/1209/1167 1694/1931/1915 1693/1927/1913
f 1005/1932/1157 1691/667/599 1694/1929/1915
f 997/584/530 1697/1933/1916 999/1912/1898
f 999/1912/1898 1698/1934/1917 1000/1913/1899
f 1000/1935/1918 1699/1936/1919 1001/1915/1901
f 1001/1915/1901 1696/572/520 998/574/522
f 1695/686/616 1024/1924/1910 1697/1933/1916
f 1697/1933/1920 1023/1926/1912 1698/1934/1917
f 1698/1937/1921 1022/1930/1914 1699/1936/1919
f 1022/1930/1914 1696/572/520 1699/1936/1919
f 1003/1206/1164 1702/1938/1922 1011/1204/1162
f 1011/1204/1162 1703/1939/1923 1012/1207/1165
f 1012/1207/1174 1704/1940/1924 1017/1213/1170
f 1017/1213/1170 1701/1941/525 1004/1211/527
f 1700/700/628 996/1917/1903 1702/1938/1922
f 1702/1938/1922 995/1919/1905 1703/1939/1923
f 1703/1939/1925 994/1921/1908 1704/1940/1924
f 1704/1940/1924 992/1922/519 1701/1941/525
f 1705/601/546 964/1872/1858 962/720/648
f 1707/1942/1926 965/1873/1927 964/1872/1858
f 1708/1943/1928 966/1944/1929 965/1873/1860
f 966/1945/1929 1706/696/624 963/550/499
f 1030/662/596 1707/1942/1926 1705/601/546
f 1032/1946/1930 1708/1943/1931 1707/1942/1926
f 1033/1947/1932 1709/1948/1933 1708/1943/1928
f 1709/1949/1933 1031/590/536 1706/696/624
f 1710/506/460 1029/1950/1934 1026/708/636
f 1712/1951/1935 1028/1952/1936 1029/1953/1934
f 1713/1954/1937 1027/1955/1938 1028/1952/1939
f 1027/1955/1938 1711/586/532 1025/588/534
f 953/508/462 1712/1956/1935 1710/506/460
f 956/1879/1862 1713/1954/1940 1712/1951/1935
f 955/1878/1867 1714/1957/1941 1713/1954/1937
f 1714/1957/1941 952/548/497 1711/586/532
f 1042/1228/1192 1717/1958/1942 1053/1226/1190
f 1053/1226/1190 1718/1959/1943 1054/1219/1181
f 1054/1219/1181 1719/1960/1944 1044/1215/1177
f 1044/1215/1177 1716/652/589 1040/707/635
f 1715/677/608 1037/1961/1945 1717/1958/1942
f 1717/1958/1942 1038/1962/1946 1718/1959/1943
f 1718/1959/1943 1039/1963/1947 1719/1960/1944
f 1719/1960/1944 1036/1964/542 1716/652/589
f 1720/678/609 1032/1946/1930 1030/662/596
f 1722/1965/1948 1033/1947/1949 1032/1946/1930
f 1723/1966/1950 1034/1967/1951 1033/1947/1932
f 1724/1968/1952 1031/590/536 1034/1969/1951
f 1042/1228/1192 1722/1965/1948 1720/678/609
f 1055/1227/1191 1723/1966/1953 1722/1965/1948
f 1049/1230/1954 1724/1970/1952 1723/1966/1950
f 1048/1971/1186 1721/598/544 1724/1968/1952
f 1725/680/611 1037/1961/1945 1035/679/610
f 1727/1972/1955 1038/1973/1946 1037/1974/1945
f 1728/1975/1956 1039/1976/1947 1038/1973/1946
f 1039/1976/1947 1726/594/540 1036/596/542
f 1026/708/636 1727/1977/1955 1725/680/611
f 1029/1953/1934 1728/1975/1957 1727/1972/1955
f 1028/1952/1939 1729/1978/1958 1728/1975/1956
f 1027/1955/1938 1726/594/540 1729/1978/1958
f 1730/676/607 1082/1979/1959 1079/603/547
f 1732/1980/1960 1081/1981/1961 1082/1979/1959
f 1733/1982/1962 1080/1983/1963 1081/1981/1961
f 1734/1984/1964 1078/719/647 1080/1983/1963
f 1063/623/565 1732/1980/1960 1730/676/607
f 1065/1985/1965 1733/1982/1962 1732/1980/1960
f 1066/1986/1966 1734/1984/1964 1733/1982/1962
f 1067/1987/1967 1731/718/646 1734/1984/1964
f 1084/617/559 1737/1988/1968 1087/1989/1969
f 1087/1989/1969 1738/1990/1970 1086/1991/1971
f 1086/1991/1971 1739/1992/1972 1085/1993/1973
f 1085/1993/1973 1736/657/592 1083/660/595
f 1735/616/558 1070/1994/1974 1737/1988/1968
f 1737/1988/1968 1071/1995/1975 1738/1990/1970
f 1738/1990/1970 1072/1996/1976 1739/1992/1972
f 1739/1992/1972 1069/658/593 1736/657/592
f 1059/613/555 1742/1997/1977 1062/1998/1978
f 1062/1998/1978 1743/1999/1979 1061/2000/1980
f 1061/2001/1980 1744/2002/1981 1060/2003/1982
f 1060/2004/1982 1741/674/606 1058/638/578
f 1740/604/548 1082/1979/1959 1742/1997/1977
f 1742/1997/1977 1081/1981/1961 1743/1999/1979
f 1743/2005/1979 1080/2006/1963 1744/2002/1981
f 1744/2007/1981 1078/719/647 1741/674/606
f 1745/618/560 1077/2008/1983 1074/659/594
f 1747/2009/1984 1076/2010/1985 1077/2008/1983
f 1748/2011/1986 1075/2012/1987 1076/2010/1985
f 1749/2013/1988 1073/712/640 1075/2012/1987
f 1084/617/559 1747/2009/1984 1745/618/560
f 1087/1989/1969 1748/2011/1986 1747/2009/1984
f 1086/1991/1971 1749/2013/1988 1748/2011/1986
f 1085/1993/1973 1746/695/623 1749/2013/1988
f 1750/609/552 1092/2014/1989 1089/689/618
f 1752/2015/1990 1091/2016/1991 1092/2014/1989
f 1753/2017/1992 1090/2018/1993 1091/2016/1991
f 1754/2019/1994 1088/610/553 1090/2018/1993
f 1074/659/594 1752/2015/1990 1750/609/552
f 1077/2008/1983 1753/2017/1992 1752/2015/1990
f 1076/2010/1985 1754/2019/1994 1753/2017/1992
f 1075/2012/1987 1751/626/568 1754/2019/1994
f 1755/624/566 1065/1985/1965 1063/623/565
f 1757/2020/1995 1066/1986/1966 1065/1985/1965
f 1758/2021/1996 1067/1987/1967 1066/1986/1966
f 1759/2022/1997 1064/717/645 1067/1987/1967
f 1093/629/570 1757/2020/1995 1755/624/566
f 1095/2023/1998 1758/2021/1996 1757/2020/1995
f 1096/2024/1999 1759/2022/1997 1758/2021/1996
f 1097/2025/2000 1756/606/550 1759/2022/1997
f 1760/630/571 1095/2023/1998 1093/629/570
f 1762/2026/2001 1096/2024/1999 1095/2023/1998
f 1763/2027/2002 1097/2025/2000 1096/2024/1999
f 1764/2028/2003 1094/672/604 1097/2025/2000
f 1103/634/574 1762/2026/2001 1760/630/571
f 1105/2029/2004 1763/2027/2002 1762/2026/2001
f 1106/2030/2005 1764/2028/2003 1763/2027/2002
f 1107/2031/2006 1761/713/641 1764/2028/2003
f 1765/625/567 1102/2032/2007 1099/715/643
f 1767/2033/2008 1101/2034/2009 1102/2032/2007
f 1768/2035/2010 1100/2036/2011 1101/2034/2009
f 1769/2037/2012 1098/633/573 1100/2036/2011
f 1089/689/618 1767/2033/2008 1765/625/567
f 1092/2014/1989 1768/2035/2010 1767/2033/2008
f 1091/2016/1991 1769/2037/2012 1768/2035/2010
f 1090/2018/1993 1766/612/554 1769/2037/2012
f 1126/716/644 1772/2038/2013 1129/2039/2014
f 1129/2039/2014 1773/2040/2015 1128/2041/2016
f 1128/2041/2016 1774/2042/2017 1127/2043/2018
f 1127/2043/2018 1771/703/631 1125/705/633
f 1770/671/603 1111/1232/1197 1772/2038/2013
f 1772/2038/2013 1121/1236/1201 1773/2040/2015
f 1773/2040/2015 1120/1242/1209 1774/2042/2017
f 1774/2042/2017 1110/704/632 1771/703/631
f 1775/636/576 1105/2029/2004 1103/634/574
f 1777/2044/2019 1106/2030/2005 1105/2029/2004
f 1778/2045/2020 1107/2031/2006 1106/2030/2005
f 1779/2046/2021 1104/710/638 1107/2031/2006
f 1126/716/644 1777/2044/2019 1775/636/576
f 1129/2039/2014 1778/2045/2020 1777/2044/2019
f 1128/2041/2016 1779/2046/2021 1778/2045/2020
f 1127/2043/2018 1776/690/619 1779/2046/2021
f 1780/631/572 1115/1240/1205 1109/637/577
f 1782/2047/2022 1116/1245/1212 1115/1240/1205
f 1783/2048/2023 1122/1243/1210 1116/1245/1212
f 1784/2049/2024 1110/704/632 1122/1243/1210
f 1099/715/643 1782/2047/2022 1780/631/572
f 1102/2032/2007 1783/2048/2023 1782/2047/2022
f 1101/2034/2009 1784/2049/2024 1783/2048/2023
f 1100/2036/2011 1781/702/630 1784/2049/2024
f 1068/620/562 1787/2050/2025 1070/1994/1974
f 1070/1994/1974 1788/2051/2026 1071/1995/1975
f 1071/1995/1975 1789/2052/2027 1072/1996/1976
f 1072/1996/1976 1786/697/625 1069/658/593
f 1785/641/579 1137/2053/2028 1787/2050/2025
f 1787/2050/2025 1138/2054/2029 1788/2051/2026
f 1788/2051/2026 1139/2055/2030 1789/2052/2027
f 1789/2052/2027 1136/664/598 1786/697/625
f 1131/643/581 1792/2056/2031 1134/2057/2032
f 1134/2057/2032 1793/2058/2033 1133/2059/2034
f 1133/2060/2034 1794/2061/2035 1132/2062/2036
f 1132/2063/2036 1791/647/584 1130/646/583
f 1790/614/556 1062/1998/1978 1792/2056/2031
f 1792/2056/2031 1061/2000/1980 1793/2058/2033
f 1793/2064/2033 1060/2003/1982 1794/2061/2035
f 1794/2065/2035 1058/638/578 1791/647/584
f 1795/656/591 1148/1248/1216 1145/709/637
f 1797/2066/2037 1149/1258/1226 1148/1248/1216
f 1798/2067/2038 1155/1259/1222 1149/1258/1226
f 1799/2068/2039 1146/2069/1223 1155/1259/1222
f 1140/655/587 1797/2066/2037 1795/656/591
f 1142/2070/2040 1798/2067/2038 1797/2066/2037
f 1143/2071/2041 1799/2068/2039 1798/2067/2038
f 1144/2072/2042 1796/684/615 1799/2073/2039
f 1135/642/580 1802/2074/2043 1137/2053/2028
f 1137/2053/2028 1803/2075/2044 1138/2054/2029
f 1138/2054/2029 1804/2076/2045 1139/2055/2030
f 1139/2055/2030 1801/683/614 1136/664/598
f 1800/648/585 1159/1263/1230 1802/2074/2043
f 1802/2074/2043 1154/1255/1224 1803/2075/2044
f 1803/2075/2044 1153/1252/1221 1804/2076/2045
f 1804/2076/2045 1146/1254/1223 1801/683/614
f 1140/650/587 1807/2077/2046 1142/2078/2040
f 1142/2070/2040 1808/2079/2047 1143/2071/2041
f 1143/2071/2041 1809/2080/2048 1144/2081/2042
f 1144/2072/2042 1806/682/613 1141/681/612
f 1805/644/582 1134/2057/2032 1807/2077/2046
f 1807/2082/2046 1133/2060/2034 1808/2079/2047
f 1808/2079/2047 1132/2062/2036 1809/2080/2048
f 1809/2083/2048 1130/646/583 1806/682/613
f 1147/649/586 1812/2084/2049 1158/2085/1231
f 1158/1247/2050 1811/706/634 1145/709/2051
f 1810/599/545 1050/2086/2052 1812/2084/2049
s 34
f 1812/2087/2053 1050/2088/2053 1043/1216/2054
s 5
f 1812/2089/2055 1040/707/635 1811/706/634
f 1004/580/527 1815/2090/2056 1016/2091/2057
s 35
f 1016/1202/2058 1815/2092/2058 1007/1198/2058
s 5
f 1815/2093/2059 1002/2094/1154 1007/2095/2060
f 1813/579/526 1117/1239/1204 1815/2090/2056
f 1117/2096/2061 1814/668/600 1815/2093/2059
s 2
f 509/1548/1523 510/2097/1527 1820/1549/2062
s 36
f 485/1535/2063 486/2098/2064 1816/1533/2064
s 37
f 441/1516/2065 442/2099/2065 1818/1514/2066
s 38
f 434/1530/2067 1817/813/2068 433/2100/2067
s 39
f 453/1517/2069 452/833/2070 454/2101/2069
s 40
f 463/1541/2071 1819/843/2072 464/2102/2072
s 1
f 212/18/15 1219/164/140 102/19/16
f 231/29/25 22/28/24 108/36/32
f 1199/37/33 108/36/32 23/38/34
f 241/39/35 23/38/34 115/45/40
f 10/73/65 313/190/164 1269/74/66
f 24/76/67 323/127/110 1263/77/68
f 337/78/69 8/95/65 98/79/65
f 15/83/73 103/87/77 1248/84/74
f 15/83/73 333/85/75 1258/86/76
f 103/87/77 14/20/17 317/88/78
f 22/28/24 338/157/134 1278/93/83
f 1264/94/84 97/75/65 8/95/65
f 23/38/34 348/187/162 1293/99/88
f 1279/80/70 98/79/65 11/100/65
f 115/45/40 1293/99/88 358/105/93
f 307/106/94 1254/142/122 96/107/65
f 14/20/17 102/19/16 1298/109/95
f 102/19/16 13/60/54 384/110/96
f 100/113/65 12/134/65 379/114/99
f 13/60/54 110/59/53 1313/116/101
f 110/59/53 1323/67/61 396/117/102
f 7/108/65 96/107/65 1249/125/108
f 109/22/19 1258/86/76 323/127/110
f 96/107/65 9/143/65 332/128/111
f 385/132/114 1314/151/130 101/133/65
f 97/75/65 1269/74/66 343/140/120
f 226/21/18 1169/119/104 103/87/77
f 1254/142/122 327/192/166 9/143/65
f 101/133/65 1309/152/131 390/149/128
f 1314/151/130 395/787/719 1309/152/131
f 114/11/9 1263/77/68 338/157/134
f 11/100/65 353/181/157 1289/158/135
f 95/162/65 1259/163/139 332/128/111
f 10/73/65 322/183/159 1259/163/139
f 1219/164/140 280/58/52 13/60/54
f 7/108/65 100/113/65 1304/115/100
s 2
f 1356/165/141 137/210/184 1446/166/142
s 1
f 1299/168/144 385/132/114 12/134/65
f 1294/173/149 99/159/136 1284/174/150
f 99/159/136 1289/158/135 374/176/152
f 17/57/51 104/55/49 1303/82/72
f 12/134/65 101/133/65 1319/150/129
f 98/79/65 1274/184/160 353/181/157
f 322/183/159 10/73/65 97/75/65
f 8/95/65 343/140/120 1274/184/160
f 108/36/32 1278/93/83 348/187/162
f 313/190/164 10/73/65 95/162/65
f 1244/191/165 95/162/65 9/143/65
f 347/101/89 11/100/65 99/159/136
f 318/126/109 1299/168/144 100/113/65
s 2
f 435/209/183 1471/281/255 137/210/184
f 447/216/190 1366/315/289 124/217/191
f 1407/222/196 132/335/309 1412/223/197
f 27/227/201 532/260/234 1349/228/202
f 1362/236/210 412/804/739 1447/237/211
f 413/244/218 28/273/247 122/245/219
f 446/247/221 1451/308/282 134/248/222
s 3
f 514/249/223 1348/289/263 121/250/224
s 2
f 447/216/190 29/218/192 123/257/231
f 27/227/201 122/245/219 1329/259/233
f 28/273/247 123/257/231 1344/274/248
f 29/218/192 513/280/254 1344/274/248
f 29/218/192 124/217/191 1349/228/202
f 1471/281/255 584/966/910 1402/282/256
s 3
f 1339/288/262 121/250/224 1348/289/263
s 2
f 28/273/247 547/275/249 1329/259/233
f 30/252/226 548/254/228 1343/296/270
f 32/232/206 126/297/271 1343/296/270
f 33/239/213 128/255/229 1330/261/235
f 120/238/212 1447/237/211 603/305/279
f 436/314/288 27/227/201 124/217/191
f 445/316/290 1362/236/210 120/238/212
f 1452/317/291 120/238/212 1406/306/280
f 137/210/184 1402/282/256 601/319/293
f 413/244/218 1361/258/232 123/257/231
f 436/314/288 1357/246/220 122/245/219
f 1412/223/197 132/335/309 1401/332/306
f 602/334/308 1401/332/306 132/335/309
s 1
f 333/85/75 1248/84/74 1250/1398/1360
f 335/1401/1363 1251/1400/1362 1252/1402/1364
f 309/1412/1374 1257/1411/1373 1254/142/122
f 1265/1420/1382 1266/1422/1384 340/1421/1383
f 1282/1442/1404 1279/80/70 347/101/89
f 348/187/162 351/1437/1399 1295/1453/1414
f 349/1441/1403 347/101/89 1294/173/149
f 317/88/78 1298/109/95 1300/1456/1417
f 1302/1458/1419 388/1461/1422 385/132/114
f 387/1460/1421 1316/1477/1436 1317/1478/1437
f 1315/1476/1435 408/793/726 403/788/720
s 2
f 550/933/875 547/275/249 1344/274/248
s 3
f 1348/1504/263 1350/1505/1469 538/926/865
f 1350/1505/1469 1351/1507/1472 539/932/1470
s 2
f 1351/1506/1471 1349/228/202 532/260/234
s 3
f 1348/1504/263 514/906/223 524/908/845
f 1350/1505/1469 524/908/845 517/901/849
s 2
f 1351/1506/1471 516/899/837 513/280/254
f 435/209/183 1356/165/141 1358/1512/1477
f 1818/1514/1480 1359/1513/1479 1360/1515/1481
f 411/167/143 416/796/731 1358/1512/1477
f 424/799/734 423/808/742 1360/1515/1481
f 1361/258/232 1363/1518/1484 453/1517/1483
f 1363/1518/1484 1364/1519/1486 452/833/1485
f 1364/1519/1486 1365/1520/1488 449/831/1487
f 1365/1520/1488 1362/236/210 445/316/290
f 1361/258/232 413/244/218 423/809/742
f 1364/1519/1486 420/805/740 419/802/737
f 1368/1522/1489 1369/1523/1491 442/828/1490
f 1370/1524/1492 1367/233/207 437/235/209
f 1369/1523/1491 452/1526/1493 451/836/1494
f 589/968/912 1405/1558/1533 1402/282/256
f 1401/1559/306 602/993/308 611/992/938
f 1403/1556/1531 611/992/938 605/986/932
f 1404/1557/1532 605/986/932 604/984/930
f 1405/1558/1533 604/984/930 601/319/293
f 1406/306/280 1408/1560/1534 622/1003/947
f 603/305/279 616/999/943 1408/1560/1534
f 616/999/943 610/994/939 1409/1561/1535
s 1
f 1223/1/1 93/70/2 1/2/2
f 1174/4/4 221/182/158 20/5/5
f 89/7/2 1168/61/55 227/8/7
f 216/10/8 24/76/67 114/11/9
f 4/13/2 90/43/2 1188/14/11
f 201/16/13 1174/4/4 106/6/6
f 226/21/18 15/83/73 109/22/19
f 3/9/2 88/27/2 1163/24/21
f 1178/26/23 217/160/137 4/13/2
f 1184/12/10 114/11/9 22/28/24
f 1194/30/26 105/96/85 19/31/27
f 1189/33/29 117/90/80 26/34/30
f 1209/40/36 113/50/45 18/41/37
f 90/43/2 2/156/2 236/44/39
f 1214/46/41 115/45/40 1326/47/42
f 269/49/44 25/103/91 113/50/45
f 91/51/2 5/153/2 246/52/46
f 1224/54/48 201/16/13 16/17/14
f 274/56/50 1224/54/48 104/55/49
f 280/58/52 1234/66/60 110/59/53
f 1/2/2 211/193/167 1168/61/55
f 1239/62/56 274/56/50 17/57/51
f 285/64/58 1239/62/56 112/63/57
f 1234/66/60 290/748/679 1323/67/61
f 6/68/2 279/130/112 1218/69/62
f 106/6/6 20/5/5 328/71/63
f 104/55/49 16/17/14 308/81/71
f 116/89/79 1243/144/123 328/71/63
f 117/90/80 1268/92/82 312/91/81
f 19/31/27 342/97/86 1268/92/82
f 105/96/85 1273/98/87 342/97/86
f 18/41/37 352/102/90 1273/98/87
f 113/50/45 1288/104/92 352/102/90
f 25/103/91 375/189/163 1288/104/92
f 112/63/57 17/57/51 380/111/97
f 21/65/59 112/63/57 1318/112/98
f 1169/119/104 212/18/15 14/20/17
f 1229/120/105 285/1376/58 21/121/59
f 107/122/106 21/121/59 389/123/103
f 227/8/7 1178/26/23 88/27/2
f 1179/23/20 109/22/19 24/76/67
f 94/129/2 1233/146/125 279/130/112
f 202/3/3 1/2/2 89/7/2
f 16/17/14 106/6/6 1253/72/64
f 237/32/28 19/31/27 117/90/80
f 1204/135/115 251/722/650 1327/136/116
f 111/137/117 1327/136/116 357/138/118
f 207/35/31 26/34/30 116/89/79
f 26/34/30 312/91/81 1243/144/123
f 1228/145/124 291/757/688 1233/146/125
f 284/147/126 1228/145/124 94/129/2
f 5/153/2 92/169/145 1208/154/132
f 1183/155/133 232/161/138 2/156/2
f 217/160/137 1183/155/133 90/43/2
f 232/161/138 1198/186/161 91/51/2
f 92/169/145 1203/172/148 270/170/146
f 1213/171/147 252/732/660 1203/172/148
f 1229/120/105 107/122/106 1324/177/153
f 275/179/155 6/68/2 93/70/2
f 107/122/106 1308/124/107 394/180/156
f 247/42/38 18/41/37 105/96/85
f 1238/148/127 94/129/2 6/68/2
f 2/156/2 91/51/2 1193/53/47
f 1164/141/121 116/89/79 20/5/5
f 1204/185/115 111/188/117 25/103/91
f 1198/186/161 242/194/168 5/153/2
f 111/188/117 1283/2103/119 375/189/163
f 1173/131/113 89/7/2 3/9/2
f 88/27/2 4/13/2 206/15/12
f 93/70/2 1218/69/62 211/193/167
f 242/194/168 1213/171/147 92/169/145
s 2
f 457/195/169 1396/340/314 130/196/170
f 503/198/172 1481/1623/1621 136/199/173
f 136/199/173 1481/1623/1621 725/201/175
f 709/203/177 1437/328/302 131/204/178
f 481/206/180 32/232/206 127/207/181
f 138/211/185 1459/1602/1582 671/212/186
f 1432/205/179 131/204/178 1442/214/188
f 426/219/193 1371/298/272 135/220/194
f 1476/225/199 636/1021/968 1417/226/200
f 31/229/203 127/207/181 1353/230/204
f 32/232/206 515/299/273 1353/230/204
f 1367/233/207 134/248/222 1472/234/208
f 33/239/213 549/301/275 1335/240/214
f 34/197/171 130/196/170 1340/242/216
f 30/252/226 125/277/251 1334/253/227
f 457/195/169 34/197/171 128/255/229
f 34/197/171 200/243/217 1330/261/235
f 1376/262/236 138/211/185 1475/263/237
f 427/265/239 1456/1601/1581 119/266/240
f 35/268/242 568/269/243 1340/242/216
f 35/268/242 129/241/215 1335/240/214
f 482/270/244 1382/267/241 119/266/240
f 480/272/246 1459/1602/1582 138/211/185
f 428/276/250 31/229/203 125/277/251
f 490/279/253 1386/256/230 128/255/229
f 1392/200/174 136/199/173 1462/283/257
f 1397/285/259 456/844/783 1467/286/260
f 505/291/265 1397/285/259 139/287/261
f 1387/293/267 489/874/811 1463/294/268
f 31/229/203 566/231/205 1334/253/227
f 1371/298/272 465/851/791 1476/225/199
s 3
f 1352/251/225 121/250/224 1339/288/262
s 2
f 1462/283/257 136/199/173 1436/202/176
f 139/287/261 1441/304/278 726/303/277
f 1467/286/260 691/1084/1033 1441/304/278
f 134/248/222 1411/309/283 585/307/281
f 1451/308/282 621/1014/960 1411/309/283
f 119/266/240 1456/1601/1581 656/310/284
f 1475/263/237 138/211/185 1422/213/187
f 1460/271/245 119/266/240 1426/311/285
f 428/276/250 1381/208/182 127/207/181
f 466/320/294 1372/278/252 125/277/251
f 638/321/295 1421/337/311 133/322/296
f 1416/323/297 133/322/296 1427/324/298
f 490/279/253 33/239/213 129/241/215
f 504/327/301 1391/326/300 129/241/215
f 1442/214/188 131/204/178 1437/328/302
f 118/295/269 1463/294/268 707/330/304
f 466/320/294 30/252/226 126/297/271
f 481/206/180 1377/336/310 126/297/271
f 1427/324/298 133/322/296 1421/337/311
f 135/220/194 1417/226/200 654/339/313
f 504/327/301 35/268/242 130/196/170
f 455/341/315 1387/293/267 118/295/269
f 118/295/269 1431/331/305 689/343/317
s 4
f 1544/344/318 145/413/319 36/345/319
f 1495/347/321 762/523/477 55/348/322
f 141/350/319 1489/404/372 768/351/324
f 757/353/325 59/419/384 166/354/326
f 39/356/319 142/386/319 1509/357/328
f 742/359/330 1495/347/321 158/349/323
f 753/361/332 1540/505/459 154/362/333
f 767/364/335 50/426/390 161/365/336
f 38/352/319 140/370/319 1484/367/338
f 1499/369/340 758/501/456 39/356/319
f 1505/355/327 166/354/326 57/371/341
f 1515/373/343 157/439/402 54/374/344
f 1510/376/346 169/433/397 61/377/347
f 772/372/342 57/371/341 160/379/349
f 1520/380/350 160/379/349 58/381/351
f 1530/383/353 165/393/362 53/384/354
f 142/386/319 37/497/319 777/387/356
f 782/382/352 58/381/351 167/388/357
f 1535/389/358 167/388/357 1647/390/359
f 810/392/361 60/446/409 165/393/362
f 143/394/319 40/494/450 787/395/363
f 1545/397/365 742/359/330 51/360/331
f 815/399/367 1545/397/365 156/398/366
f 821/401/369 1555/409/377 162/402/370
f 36/345/319 752/534/486 1489/404/372
f 1560/405/373 815/399/367 52/400/368
f 826/407/375 1560/405/373 164/406/374
f 1555/409/377 831/1151/1103 1644/410/378
f 41/411/319 820/471/430 1539/412/379
f 158/349/323 55/348/322 869/414/380
f 45/416/382 854/531/483 1590/417/383
f 59/419/384 864/468/428 1584/420/385
f 878/421/386 43/438/382 150/422/382
f 156/398/366 51/360/331 849/424/388
f 50/426/390 155/430/394 1569/427/391
f 50/426/390 874/428/392 1579/429/393
f 155/430/394 49/363/334 858/431/395
f 168/432/396 1564/485/441 869/414/380
f 169/433/397 1589/435/399 853/434/398
f 54/374/344 883/440/403 1589/435/399
f 57/371/341 879/498/453 1599/436/400
f 1585/437/401 149/418/382 43/438/382
f 157/439/402 1594/441/404 883/440/403
f 53/384/354 893/445/408 1594/441/404
f 58/381/351 889/528/481 1614/442/405
f 1600/423/387 150/422/382 46/443/406
f 165/393/362 1609/447/410 893/445/408
f 60/446/409 916/530/482 1609/447/410
f 167/388/357 1614/442/405 899/448/411
f 848/449/412 1575/483/440 148/450/382
f 49/363/334 154/362/333 1619/452/413
f 154/362/333 48/403/371 925/453/414
f 164/406/374 52/400/368 921/454/415
f 152/456/382 47/475/382 920/457/417
f 48/403/371 162/402/370 1634/459/419
f 162/402/370 1644/410/378 937/460/420
f 56/408/376 164/406/374 1639/455/416
f 1490/462/422 753/361/332 49/363/334
f 1550/463/423 826/407/375 56/408/376
f 159/464/424 56/408/376 930/461/421
f 42/451/382 148/450/382 1570/466/426
f 768/351/324 1499/369/340 140/370/319
f 1500/366/337 161/365/336 59/419/384
f 161/365/336 1579/429/393 864/468/428
f 148/450/382 44/484/382 873/469/429
f 146/470/319 1554/487/443 820/471/430
f 743/346/320 36/345/319 141/350/319
f 51/360/331 158/349/323 1574/415/381
f 926/473/432 1635/492/448 153/474/382
f 778/375/345 54/374/344 169/433/397
f 1525/476/433 792/1121/1074 1648/477/434
f 163/478/435 1648/477/434 898/479/436
f 149/418/382 1590/417/383 884/481/438
f 748/378/348 61/377/347 168/432/396
f 767/364/335 1490/462/422 155/430/394
f 1575/483/440 868/533/485 44/484/382
f 61/377/347 853/434/398 1564/485/441
f 1549/486/442 832/1160/1112 1554/487/443
f 825/488/444 1549/486/442 146/470/319
f 153/474/382 1630/493/449 931/490/446
f 1635/492/448 936/1188/1143 1630/493/449
f 40/494/450 144/510/464 1529/495/451
f 1504/496/452 773/502/457 37/497/319
f 166/354/326 1584/420/385 879/498/453
f 46/443/406 894/522/476 1610/499/454
f 758/501/456 1504/496/452 142/386/319
f 773/502/457 1519/527/480 143/394/319
f 147/503/382 1580/504/458 873/469/429
f 45/416/382 863/524/478 1580/504/458
f 1540/505/459 821/401/369 48/403/371
f 42/451/382 152/456/382 1625/458/418
s 5
f 1710/506/460 175/602/461 62/507/461
s 4
f 1620/509/463 926/473/432 47/475/382
f 144/510/464 1524/513/467 811/511/465
f 1534/512/466 793/1131/1084 1524/513/467
f 1615/514/468 151/500/455 1605/515/469
f 151/500/455 1610/499/454 915/517/471
f 1550/463/423 159/464/424 1645/518/472
f 816/520/474 41/411/319 145/413/319
f 52/400/368 156/398/366 1624/425/389
f 159/464/424 1629/465/425 935/521/475
f 788/385/355 53/384/354 157/439/402
f 1559/489/445 146/470/319 41/411/319
f 47/475/382 153/474/382 1640/491/447
f 150/422/382 1595/525/479 894/522/476
f 37/497/319 143/394/319 1514/396/364
f 1485/482/439 168/432/396 55/348/322
f 863/524/478 45/416/382 149/418/382
f 43/438/382 884/481/438 1595/525/479
f 1525/526/433 163/529/435 60/446/409
f 1519/527/480 783/535/487 40/494/450
f 160/379/349 1599/436/400 889/528/481
f 163/529/435 1604/2104/437 916/530/482
f 1494/472/431 141/350/319 38/352/319
f 140/370/319 39/356/319 747/358/329
f 854/531/483 45/416/382 147/503/382
f 1565/532/484 147/503/382 44/484/382
f 145/413/319 1539/412/379 752/534/486
f 783/535/487 1534/512/466 144/510/464
f 888/444/407 46/443/406 151/500/455
f 859/467/427 1620/509/463 152/456/382
s 5
f 1661/536/488 972/711/639 81/537/489
f 171/539/461 1655/593/539 978/540/491
f 967/542/492 85/608/551 196/543/493
f 65/545/461 172/575/461 1675/546/495
f 952/548/497 1661/536/488 188/538/490
f 963/550/499 1706/696/624 184/551/500
f 977/553/502 76/615/557 191/554/503
f 64/541/461 170/559/461 1650/556/505
f 1665/558/507 968/692/621 65/545/461
f 1671/544/494 196/543/493 83/560/508
f 1681/562/510 187/628/569 80/563/511
f 1676/565/513 199/622/564 87/566/514
f 982/561/509 83/560/508 190/568/516
f 1686/569/517 190/568/516 84/570/518
f 1696/572/520 195/582/529 79/573/521
f 172/575/461 63/688/461 987/576/523
f 992/571/519 84/570/518 197/577/524
f 1701/578/525 197/577/524 1813/579/526
f 1020/581/528 86/635/575 195/582/529
f 173/583/461 66/685/461 997/584/530
f 1711/586/532 952/548/497 77/549/498
f 1025/588/534 1711/586/532 186/587/533
f 1031/590/536 1721/598/544 192/591/537
f 62/507/461 962/720/648 1655/593/539
f 1726/594/540 1025/588/534 78/589/535
f 1036/596/542 1726/594/540 194/595/541
f 1721/598/544 1041/2105/1183 1810/599/545
f 67/600/461 1030/662/596 1705/601/546
f 188/538/490 81/537/489 1079/603/547
f 71/605/549 1064/717/645 1756/606/550
f 85/608/551 1074/659/594 1750/609/552
f 1088/610/553 69/627/549 180/611/549
f 186/587/533 77/549/498 1059/613/555
f 76/615/557 185/619/561 1735/616/558
f 76/615/557 1084/617/559 1745/618/560
f 185/619/561 75/552/501 1068/620/562
f 198/621/563 1730/676/607 1079/603/547
f 199/622/564 1755/624/566 1063/623/565
f 80/563/511 1093/629/570 1755/624/566
f 83/560/508 1089/689/618 1765/625/567
f 1751/626/568 179/607/549 69/627/549
f 187/628/569 1760/630/571 1093/629/570
f 79/573/521 1103/634/574 1760/630/571
f 84/570/518 1099/715/643 1780/631/572
f 1766/612/554 180/611/549 72/632/549
f 195/582/529 1775/636/576 1103/634/574
f 86/635/575 1126/716/644 1775/636/576
f 197/577/524 1780/631/572 1109/637/577
f 1058/638/578 1741/674/606 178/639/549
f 75/552/501 184/551/500 1785/641/579
f 184/551/500 74/592/538 1135/642/580
f 194/595/541 78/589/535 1131/643/581
f 182/645/549 73/666/549 1130/646/583
f 74/592/538 192/591/537 1800/648/585
f 192/591/537 1810/599/545 1147/649/586
f 82/597/543 194/595/541 1805/644/582
f 1656/651/588 963/550/499 75/552/501
f 1716/652/589 1036/1964/542 82/653/543
f 189/654/590 82/653/543 1140/655/587
f 68/640/549 178/639/549 1736/657/592
f 978/540/491 1665/558/507 170/559/461
f 1666/555/504 191/554/503 85/608/551
f 191/554/503 1745/618/560 1074/659/594
f 178/639/549 70/675/549 1083/660/595
f 176/661/461 1720/678/609 1030/662/596
f 953/508/462 62/507/461 171/539/461
f 77/549/498 188/538/490 1740/604/548
f 1136/664/598 1801/683/614 183/665/549
f 988/564/512 80/563/511 199/622/564
f 1691/667/599 1002/2094/1154 1814/668/600
f 193/669/601 1814/668/600 1108/670/602
f 179/607/549 1756/606/550 1094/672/604
f 958/567/515 87/566/514 198/621/563
f 977/553/502 1656/651/588 185/619/561
f 1741/674/606 1078/719/647 70/675/549
f 87/566/514 1063/623/565 1730/676/607
f 1715/677/608 1042/1228/1192 1720/678/609
f 1035/679/610 1715/677/608 176/661/461
f 183/665/549 1796/684/615 1141/681/612
f 1801/683/614 1146/1254/1223 1796/684/615
f 66/685/461 174/698/626 1695/686/616
f 1670/687/617 983/693/622 63/688/461
f 196/543/493 1750/609/552 1089/689/618
f 72/632/549 1104/710/638 1776/690/619
f 968/692/621 1670/687/617 172/575/461
f 983/693/622 1685/714/642 173/583/461
f 177/694/549 1746/695/623 1083/660/595
f 71/605/549 1073/712/640 1746/695/623
f 1706/696/624 1031/590/536 74/592/538
f 68/640/549 182/645/549 1791/647/584
f 1786/697/625 1136/664/598 73/666/549
f 174/698/626 1690/701/629 1021/699/627
f 1700/700/628 1003/1206/1164 1690/701/629
f 1781/702/630 181/691/620 1771/703/631
f 181/691/620 1776/690/619 1125/705/633
f 1716/652/589 189/654/590 1811/706/634
f 1026/708/636 67/600/461 175/602/461
f 78/589/535 186/587/533 1790/614/556
f 189/654/590 1795/656/591 1145/709/637
f 998/574/522 79/573/521 187/628/569
f 1725/680/611 176/661/461 67/600/461
f 73/666/549 183/665/549 1806/682/613
f 180/611/549 1761/713/641 1104/710/638
f 63/688/461 173/583/461 1680/585/531
f 1651/673/605 198/621/563 81/537/489
f 1073/712/640 71/605/549 179/607/549
f 69/627/549 1094/672/604 1761/713/641
f 1691/667/599 193/669/601 86/635/575
f 1685/714/642 993/721/649 66/685/461
f 190/568/516 1765/625/567 1099/715/643
f 193/669/601 1770/671/603 1126/716/644
f 1660/663/597 171/539/461 64/541/461
f 170/559/461 65/545/461 957/547/496
f 1064/717/645 71/605/549 177/694/549
f 1731/718/646 177/694/549 70/675/549
f 175/602/461 1705/601/546 962/720/648
f 993/721/649 1700/700/628 174/698/626
f 1098/633/573 72/632/549 181/691/620
f 1069/658/593 1786/697/625 182/645/549
s 1
f 251/722/650 254/725/653 257/723/651
f 254/725/653 255/735/663 258/726/654
f 256/724/652 257/723/651 268/727/655
f 257/723/651 258/726/654 259/729/657
f 260/730/658 263/734/662 262/731/659
f 261/733/661 264/736/664 263/734/662
f 263/734/662 258/726/654 255/735/663
f 264/736/664 259/729/657 258/726/654
f 253/48/43 265/1488/667 267/737/665
f 266/740/666 267/739/665 264/736/669
f 267/739/665 268/727/668 259/729/671
f 289/178/154 292/743/674 294/741/672
f 292/743/674 299/1485/2073 295/744/675
f 293/742/673 294/741/672 306/745/676
f 294/741/672 295/744/675 296/747/678
f 290/748/679 297/1383/682 300/749/680
f 297/751/682 298/759/1346 301/752/683
f 300/753/680 301/752/683 296/747/685
f 302/755/686 305/758/689 304/756/687
f 303/746/677 306/745/676 305/758/689
f 305/758/689 301/752/691 298/759/690
f 306/745/676 296/747/678 301/752/691
f 357/138/118 366/1490/694 361/760/692
f 360/765/693 361/764/692 373/766/696
f 361/764/692 362/763/2074 363/768/698
f 358/105/93 364/771/701 367/769/699
f 364/771/701 365/776/708 368/772/702
f 367/769/699 368/772/702 363/768/704
f 369/773/705 372/775/707 371/774/706
f 370/767/697 373/766/709 372/775/707
f 372/775/707 368/772/702 365/776/708
f 373/766/709 363/768/704 368/772/702
f 394/180/156 397/1468/712 399/777/710
f 397/779/712 398/790/722 400/780/713
f 399/781/710 400/780/713 401/783/715
f 402/785/717 405/789/721 404/786/718
f 403/788/720 406/791/723 405/789/721
f 405/789/721 400/780/724 398/790/722
f 406/791/723 401/783/729 400/780/724
f 396/117/102 407/1483/727 409/792/725
f 408/793/726 409/792/725 406/791/723
f 409/792/725 410/784/728 401/783/729
s 2
f 414/795/730 417/798/733 416/796/731
f 415/797/732 422/800/735 417/798/733
f 417/798/733 418/801/736 424/799/734
f 419/802/737 422/806/735 421/803/738
f 420/805/740 418/2106/736 422/806/735
f 424/799/734 418/801/736 425/807/741
f 425/807/741 418/2106/736 420/805/740
s 6
f 429/810/743 432/2107/2075 430/811/744
f 430/811/744 432/2107/2075 431/812/746
s 8
f 433/816/750 1817/2108/2076 431/812/751
s 9
f 438/818/753 444/821/2077 439/819/754
s 10
f 438/818/756 1818/827/763 440/820/757
s 12
f 448/830/765 451/2109/2078 449/831/766
f 449/831/766 451/2109/2078 450/832/768
s 2
f 458/838/776 462/841/2079 459/839/777
f 459/839/777 462/841/2079 460/842/781
s 16
f 462/847/786 464/1555/2080 1819/848/787
s 2
f 468/849/789 471/853/793 470/850/790
f 469/852/792 472/2110/795 471/853/793
f 471/853/793 479/856/796 477/854/794
f 474/857/797 472/2111/795 475/858/798
f 475/858/798 472/2110/795 469/852/792
f 476/861/800 479/863/796 478/862/801
f 479/863/796 472/2111/795 474/857/797
s 17
f 483/864/802 488/867/806 487/865/803
f 483/864/802 1816/2112/808 484/866/805
s 2
f 492/872/809 495/876/813 494/873/810
f 493/875/812 498/2113/824 495/876/813
f 497/881/819 498/2113/824 493/875/812
f 499/883/821 502/885/823 501/884/822
f 500/878/815 495/877/813 502/885/823
f 506/887/825 512/890/828 507/888/826
f 506/887/825 1820/896/2081 508/889/827
f 516/899/837 519/902/840 518/900/838
f 517/901/839 520/904/2082 519/902/840
f 519/902/840 521/905/843 528/903/841
s 3
f 514/906/223 522/909/846 525/907/844
f 522/909/846 523/915/1474 526/910/847
f 524/908/845 525/907/844 520/904/848
f 525/907/844 526/910/847 521/911/850
s 2
f 527/912/851 530/914/853 529/913/852
f 528/903/841 521/905/843 530/914/853
f 530/914/853 526/910/2083 523/915/854
f 200/243/217 533/919/859 535/916/856
f 1822/918/858 536/921/861 535/916/856
f 535/916/856 537/922/862 544/920/860
s 3
f 531/923/264 538/926/865 541/924/863
f 538/926/865 539/932/1470 542/927/866
f 540/925/864 541/924/863 536/921/867
f 541/924/863 542/927/866 537/928/869
s 2
f 543/929/870 546/931/872 545/930/871
f 544/920/860 537/922/862 546/931/872
f 546/931/872 542/927/2084 539/932/873
f 550/933/875 553/936/878 552/934/876
f 551/935/877 554/944/886 553/936/878
f 553/936/878 565/939/881 562/937/879
f 553/936/878 554/944/886 555/938/880
f 556/940/882 559/943/885 558/941/883
f 557/942/884 560/948/890 559/943/885
f 559/943/885 554/944/886 551/935/877
f 559/943/885 560/948/890 555/938/880
f 561/945/887 564/947/889 563/946/888
f 562/937/879 565/939/881 564/947/889
f 564/947/889 560/948/890 557/942/884
f 564/947/889 565/939/881 555/938/880
f 569/949/891 572/952/894 571/950/892
f 570/951/893 573/954/2085 572/952/894
f 572/952/894 574/955/897 581/953/895
s 3
f 567/956/274 575/959/900 578/957/898
f 575/959/900 576/965/1462 579/960/901
f 577/958/899 578/957/898 573/954/902
f 578/957/898 579/960/901 574/961/904
s 2
f 580/962/905 583/964/907 582/963/906
f 581/953/895 574/955/897 583/964/907
f 583/964/907 579/960/2086 576/965/908
f 584/966/910 587/970/1599 590/967/911
f 588/969/913 595/978/2087 590/967/914
f 589/968/912 590/967/914 596/971/916
f 590/967/914 595/978/2087 591/973/918
f 585/307/281 592/976/921 595/974/919
f 592/976/921 593/983/929 596/977/922
f 597/979/925 600/982/928 599/980/926
f 598/972/917 596/971/916 600/982/927
f 600/982/928 596/977/922 593/983/929
f 604/984/930 607/987/933 606/985/931
f 605/986/932 608/997/935 607/987/933
f 607/987/933 618/990/936 615/988/934
f 609/991/937 612/995/940 611/992/938
f 610/994/939 613/996/941 612/995/940
f 612/995/940 608/997/935 605/986/932
f 614/998/942 617/1000/944 616/999/943
f 615/988/934 618/990/936 617/1000/944
f 617/1000/944 613/996/941 610/994/939
f 618/990/936 608/989/935 613/996/941
f 619/318/292 622/1003/947 625/1001/945
f 622/1003/947 623/1013/959 631/1004/948
f 625/1001/949 635/1007/953 633/1005/950
f 625/1001/949 631/1004/948 626/1006/952
f 627/1008/954 630/1012/957 629/1009/955
f 628/1011/956 631/1018/964 630/1012/957
f 630/1012/958 631/1004/948 623/1013/959
f 621/1014/960 632/1017/1563 635/1015/961
f 634/1016/962 635/1015/961 631/1018/964
f 639/1019/966 642/1023/970 641/1020/967
f 640/1022/969 643/1025/972 642/1023/970
f 642/1023/970 653/1026/973 650/1024/971
f 643/1025/972 648/1031/978 653/1026/973
f 644/1027/974 647/1030/977 646/1028/975
f 645/1029/976 648/1036/978 647/1030/977
f 647/1030/977 643/1025/972 640/1022/969
f 649/1032/979 652/1035/981 651/1033/980
f 650/1024/971 653/1026/973 652/1035/981
f 652/1035/981 648/1036/978 645/1029/976
f 654/339/313 657/1039/984 660/1037/982
f 657/1039/984 658/1049/996 666/1040/985
f 660/1037/986 670/1043/990 668/1041/987
f 660/1037/986 666/1040/985 661/1042/989
f 662/1044/991 665/1048/994 664/1045/992
f 663/1047/993 666/1053/1001 665/1048/994
f 665/1048/995 666/1040/985 658/1049/996
f 656/310/284 667/1052/1580 670/1050/997
f 669/1051/998 670/1050/997 666/1053/1001
f 671/212/186 674/1056/1583 676/1054/1003
f 674/1056/1005 681/1604/1585 677/1057/1006
f 675/1055/1004 676/1054/1003 688/1058/1007
f 676/1054/1003 677/1057/1006 678/1060/1009
f 672/313/287 679/1063/1012 682/1061/1010
f 679/1063/1012 680/1069/1018 683/1064/1013
f 682/1061/1010 683/1064/1013 678/1060/1009
f 684/1065/1015 687/1068/1017 686/1066/1016
f 685/1059/1008 688/1058/1007 687/1068/1017
f 687/1068/1017 683/1064/1013 680/1069/1018
f 688/1058/1007 678/1060/1009 683/1064/1013
f 689/343/317 692/1072/1021 695/1070/1019
f 692/1072/1021 693/1082/1031 696/1073/1022
f 694/1071/1023 695/1070/1019 706/1074/1024
f 695/1070/1019 696/1073/1022 697/1076/1026
f 698/1077/1027 701/1081/1030 700/1078/1028
f 699/1080/1029 702/1083/1032 701/1081/1030
f 701/1081/1030 696/1073/1022 693/1082/1031
f 702/1083/1032 697/1076/1026 696/1073/1022
f 691/1084/1033 703/1610/1036 705/1085/1034
f 704/1086/1035 705/1085/1034 702/1083/1032
f 705/1085/1034 706/1074/1037 697/1076/1026
f 710/1087/1038 713/1090/1041 712/1088/1039
f 711/1089/1040 714/1092/1043 713/1090/1041
f 713/1090/1041 724/1093/1044 721/1091/1042
f 714/1092/1043 719/1098/1049 724/1093/1044
f 715/1094/1045 718/1097/1048 717/1095/1046
f 716/1096/1047 719/1103/1049 718/1097/1048
f 718/1097/1048 714/1092/1043 711/1089/1040
f 720/1099/1050 723/1102/1052 722/1100/1051
f 721/1091/1042 724/1093/1044 723/1102/1052
f 723/1102/1052 719/1103/1049 716/1096/1047
f 725/201/175 728/1107/2088 731/1104/1053
f 729/1106/1055 736/1115/2089 731/1104/1056
f 730/1105/1054 731/1104/1056 737/1108/1058
f 731/1104/1056 736/1115/2089 732/1110/1060
f 726/303/277 733/1113/1063 736/1111/1061
f 733/1113/1063 734/1120/1073 737/1114/1064
f 738/1116/1069 741/1119/1072 740/1117/1070
f 739/1109/1059 737/1108/1058 741/1119/1071
f 741/1119/1072 737/1114/1064 734/1120/1073
s 4
f 792/1121/1074 795/1124/1077 798/1122/1075
f 795/1124/1077 796/1134/1087 799/1125/1078
f 797/1123/1076 798/1122/1075 809/1126/1079
f 798/1122/1075 799/1125/1078 800/1128/1081
f 801/1129/1082 804/1133/1086 803/1130/1083
f 802/1132/1085 805/1135/1088 804/1133/1086
f 804/1133/1086 799/1125/1078 796/1134/1087
f 805/1135/1088 800/1128/1081 799/1125/1078
f 794/391/360 806/1850/1091 808/1136/1089
f 807/1137/1090 808/1136/1089 805/1140/1093
f 808/1136/1089 809/1139/1092 800/1142/1095
f 830/1143/473 833/1146/1098 835/1144/1096
f 833/1146/1098 840/1847/2090 836/1147/1099
f 834/1145/1097 835/1144/1096 847/1148/1100
f 835/1144/1096 836/1147/1099 837/1150/1102
f 831/1151/1103 838/1154/1106 841/1152/1104
f 838/1154/1106 839/1742/1735 842/1155/1107
f 841/1152/1104 842/1155/1107 837/1157/1109
f 843/1158/1110 846/1161/1113 845/1159/1111
f 844/1149/1101 847/1148/1100 846/1161/1113
f 846/1161/1113 842/1163/1115 839/1162/1114
f 847/1148/1100 837/1150/1102 842/1163/1115
f 898/1164/436 901/2114/1118 903/1165/1116
f 902/1166/1117 903/1165/1116 914/1169/1120
f 903/1165/1116 904/1168/1119 905/1171/1122
f 899/448/411 906/1174/1125 908/1172/1123
f 906/1174/1125 907/1179/1133 909/1175/1126
f 908/1172/1123 909/1175/1126 905/1171/1128
f 910/1176/1130 913/1178/1132 912/1177/1131
f 911/1170/1121 914/1169/1134 913/1178/1132
f 913/1178/1132 909/1175/1126 907/1179/1133
f 914/1169/1134 905/1171/1128 909/1175/1126
f 935/521/475 938/1182/1137 941/1180/1135
f 938/1182/1137 939/1191/1146 942/1183/1138
f 941/1180/1135 942/1183/1138 943/1185/1140
f 944/1186/1141 947/1190/1145 946/1187/1142
f 945/1189/1144 948/1192/1147 947/1190/1145
f 947/1190/1145 942/1183/1148 939/1191/1146
f 948/1192/1147 943/1185/1153 942/1183/1148
f 937/460/420 940/1842/1151 950/1193/1149
f 949/1194/1150 950/1193/1149 948/1192/1147
f 950/1193/1149 951/1184/2091 943/1185/1153
s 5
f 1002/1196/1154 1005/1199/1157 1008/1197/1155
f 1005/1199/1157 1006/1209/1167 1009/1200/1158
f 1007/1198/1156 1008/1197/1155 1019/1201/1159
f 1008/1197/1155 1009/1200/1158 1010/1203/1161
f 1011/1204/1162 1014/1208/1166 1013/1205/1163
f 1012/1207/1165 1015/1210/1168 1014/1208/1166
f 1014/1208/1166 1009/1200/1158 1006/1209/1167
f 1015/1210/1168 1010/1203/1161 1009/1200/1158
f 1004/1211/527 1016/2115/1171 1018/1212/1169
f 1017/1213/1170 1018/1212/1169 1015/1210/1173
f 1018/1212/1169 1019/1201/1172 1010/1203/1175
f 1040/707/635 1043/1216/1178 1045/1214/1176
f 1043/1216/1178 1050/2088/2092 1046/1217/1179
f 1044/1215/1177 1045/1214/1176 1057/1218/1180
f 1045/1214/1176 1046/1217/1179 1047/1220/1182
f 1041/1221/1183 1048/1224/1186 1051/1222/1184
f 1048/1224/1186 1049/1230/1954 1052/1225/1187
f 1051/1222/1184 1052/1225/1187 1047/1220/1189
f 1053/1226/1190 1056/1229/1193 1055/1227/1191
f 1054/1219/1181 1057/1218/1180 1056/1229/1193
f 1056/1229/1193 1052/1225/1195 1049/1230/1194
f 1057/1218/1180 1047/1220/1182 1052/1225/1195
f 1108/670/602 1117/2096/1198 1112/1231/1196
f 1111/1232/1197 1112/1231/1196 1124/1235/1200
f 1112/1231/1196 1113/1234/2093 1114/1237/1202
f 1109/637/577 1115/1240/1205 1118/1238/1203
f 1115/1240/1205 1116/1245/1212 1119/1241/1206
f 1118/1238/1203 1119/1241/1206 1114/1237/1208
f 1120/1242/1209 1123/1244/1211 1122/1243/1210
f 1121/1236/1201 1124/1235/1213 1123/1244/1211
f 1123/1244/1211 1119/1241/1206 1116/1245/1212
f 1124/1235/1213 1114/1237/1208 1119/1241/1206
f 1145/709/637 1148/1248/1216 1150/1246/1214
f 1148/1248/1216 1149/1258/1226 1151/1249/1217
f 1150/1246/1214 1151/1249/1217 1152/1251/1219
f 1153/1252/1221 1156/1256/1225 1155/1253/1222
f 1154/1255/1224 1157/1260/1227 1156/1256/1225
f 1156/1257/1225 1151/1249/1228 1149/1258/1226
f 1157/1260/1227 1152/1266/1233 1151/1261/1228
f 1147/649/586 1158/2085/1231 1160/1262/1229
f 1159/1263/1230 1160/1262/1229 1157/1260/1227
f 1160/1262/1229 1161/1265/1232 1152/1266/1233
s 1
f 222/25/22 1163/24/21 1165/1267/1234
f 225/1268/1235 1165/1267/1234 1166/1269/1236
f 224/1270/1238 1166/1269/1243 1167/1271/1239
f 1167/1273/1239 1164/141/121 221/182/158
f 1163/24/21 206/15/12 208/1275/1241
f 1165/1267/1234 208/1275/1241 209/1276/1242
f 1166/1269/1243 209/1276/1281 210/1277/1244
f 210/1278/1244 207/35/31 1164/141/121
f 1168/61/55 1170/1280/1246 230/1279/1245
f 1170/1280/1246 1171/1282/1252 229/1281/1247
f 1171/1282/1248 1172/1287/1254 228/1283/1249
f 228/1284/1249 1172/1288/1254 1169/119/104
f 211/193/167 213/1285/1251 1170/1280/1246
f 213/1285/1251 214/1286/1319 1171/1282/1252
f 214/1286/1253 215/1356/1321 1172/1287/1254
f 1172/1288/1254 215/1357/1321 212/18/15
f 1173/131/113 1175/1290/1256 205/1289/1255
f 1175/1290/1256 1176/1292/1261 204/1291/1257
f 1176/1292/1258 1177/1295/1262 203/1293/1259
f 203/1294/1259 1177/1296/1262 1174/4/4
f 222/25/22 225/1268/1235 1175/1290/1256
f 225/1268/1235 224/1270/1237 1176/1292/1261
f 224/1270/1238 223/1272/1240 1177/1295/1262
f 1177/1296/1262 223/1274/1240 221/182/158
f 217/160/137 1178/26/23 1180/1297/1263
f 220/1298/1264 1180/1297/1263 1181/1299/1265
f 219/1300/1267 1181/1299/1270 1182/1301/1268
f 1182/1303/1268 1179/23/20 216/10/8
f 1178/26/23 227/8/7 230/1279/1245
f 1180/1297/1263 230/1279/1245 229/1281/1247
f 1181/1299/1270 229/1281/1250 228/1283/1249
f 228/1284/1249 226/21/18 1179/23/20
f 232/161/138 1183/155/133 1185/1305/1271
f 235/1306/1272 1185/1305/1271 1186/1307/1273
f 234/1309/1275 1186/2116/1278 1187/1310/1276
f 1187/1310/1276 1184/12/10 231/29/25
f 1183/155/133 217/160/137 220/1298/1264
f 1185/1305/1271 220/1298/1264 219/1300/1266
f 1186/1307/1278 219/1300/1267 218/1302/1269
f 218/1304/1269 216/10/8 1184/12/10
f 206/15/12 1188/14/11 1190/1313/1279
f 208/1275/1241 1190/1313/1279 1191/1314/1280
f 209/1276/1281 1191/1314/1285 1192/1315/1282
f 1192/1316/1282 1189/33/29 207/35/31
f 1188/14/11 236/44/39 238/1317/1283
f 1190/1313/1279 238/1317/1283 239/1318/1284
f 1191/1314/1285 239/1318/1289 240/1319/1286
f 240/1320/1286 237/32/28 1189/33/29
f 236/44/39 1193/53/47 1195/1321/1287
f 238/1317/1283 1195/1321/1287 1196/1322/1288
f 239/1318/1289 1196/1322/1293 1197/1323/1290
f 1197/1324/1290 1194/30/26 237/32/28
f 1193/53/47 246/52/46 248/1325/1291
f 1195/1321/1287 248/1325/1291 249/1326/1292
f 1196/1322/1293 249/1326/1311 250/1327/1294
f 250/1328/1294 247/42/38 1194/30/26
f 242/194/168 1198/186/161 1200/1329/1295
f 245/1330/1296 1200/1329/1295 1201/1331/1297
f 244/1333/1299 1201/1336/1302 1202/1334/1300
f 1202/1334/1300 1199/37/33 241/39/35
f 1198/186/161 232/161/138 235/1306/1272
f 1200/1329/1295 235/1306/1272 234/1308/1274
f 1201/1336/1302 234/1309/1275 233/1311/1277
f 233/1311/1277 231/29/25 1199/37/33
f 1203/172/148 1205/1338/1304 273/1337/1303
f 1205/1338/1304 1206/1340/1306 272/1339/1305
f 1206/1340/1306 1207/1342/1308 271/1341/1307
f 1207/1342/1308 1204/135/115 269/1343/44
f 252/732/660 262/731/659 1205/1338/1304
f 262/731/659 255/735/663 1206/1340/1306
f 255/735/663 254/725/653 1207/1342/1308
f 254/725/653 251/722/650 1204/135/115
f 246/52/46 1208/154/132 1210/1344/1309
f 248/1325/1291 1210/1344/1309 1211/1345/1310
f 249/1326/1311 1211/1345/1313 1212/1346/1312
f 250/1328/1294 1212/1348/1312 1209/40/36
f 1208/154/132 270/170/146 273/1337/1303
f 1210/1344/1309 273/1337/1303 272/1339/1305
f 1211/1345/1313 272/1339/1305 271/1341/1307
f 271/1347/1307 269/49/44 1209/40/36
f 252/732/660 1213/171/147 1215/1349/1314
f 260/730/658 1215/1349/1314 1216/1350/1315
f 261/1351/670 1216/1353/1317 1217/1352/1316
f 266/738/666 1217/1352/1316 1214/46/41
f 1213/171/147 242/194/168 245/1330/1296
f 1215/1349/1314 245/1330/1296 244/1332/1298
f 1216/1353/1317 244/1333/1299 243/1335/1301
f 1217/1352/1316 243/1335/1301 241/39/35
f 1218/69/62 1220/1354/1318 213/1285/1251
f 1220/1354/1318 1221/1355/1323 214/1286/1319
f 1221/1355/1320 1222/1360/1325 215/1356/1321
f 215/1357/1321 1222/1361/1325 1219/164/140
f 279/130/112 281/1358/1322 1220/1354/1318
f 281/1358/1322 282/1359/1341 1221/1355/1323
f 282/1359/1324 283/1379/1343 1222/1360/1325
f 1222/1361/1325 283/1381/1343 280/58/52
f 1223/1/1 1225/1363/1327 278/1362/1326
f 1225/1363/1327 1226/1365/1332 277/1364/1328
f 1226/1365/1329 1227/1368/1333 276/1366/1330
f 276/1367/1330 1227/1369/1333 1224/54/48
f 202/3/3 205/1289/1255 1225/1363/1327
f 205/1289/1255 204/1291/1257 1226/1365/1332
f 204/1291/1260 203/1293/1259 1227/1368/1333
f 1227/1369/1333 203/1294/1259 201/16/13
f 291/757/688 1228/145/124 1230/1370/1334
f 302/755/686 1230/1370/1334 1231/1371/1335
f 303/746/677 1231/1371/1335 1232/1372/1336
f 293/742/673 1232/1372/1336 1229/120/105
f 1228/145/124 284/147/126 286/1373/1337
f 1230/1370/1334 286/1373/1337 287/1374/1338
f 1231/1371/1335 287/1374/1338 288/1375/1339
f 1232/1372/1336 288/1375/1339 285/1376/58
f 1233/146/125 1235/1377/1340 281/1358/1322
f 1235/1377/1340 1236/1378/1345 282/1359/1341
f 1236/1378/1342 1237/1382/1344 283/1379/1343
f 1237/1380/1344 1234/66/60 280/58/52
f 291/757/688 304/756/687 1235/1377/1340
f 304/756/687 298/759/690 1236/1378/1345
f 298/759/1346 297/751/682 1237/1382/1344
f 297/1383/682 290/748/679 1234/66/60
f 1238/148/127 1240/1384/1347 286/1373/1337
f 1240/1384/1347 1241/1385/1349 287/1374/1338
f 1241/1385/1348 1242/1387/1350 288/1375/1339
f 288/1386/1339 1242/1388/1350 1239/62/56
f 275/179/155 278/1362/1326 1240/1384/1347
f 278/1362/1326 277/1364/1328 1241/1385/1349
f 277/1364/1331 276/1366/1330 1242/1387/1350
f 276/1367/1330 274/56/50 1239/62/56
f 1243/144/123 1245/1390/1352 331/1389/1351
f 1245/1390/1352 1246/1392/1354 330/1391/1353
f 1246/1392/1354 1247/1394/1356 329/1393/1355
f 1247/1394/1356 1244/191/165 327/192/166
f 312/91/81 314/1395/1357 1245/1390/1352
f 314/1395/1357 315/1396/1358 1246/1392/1354
f 315/1396/1358 316/1397/1359 1247/1394/1356
f 316/1397/1359 313/190/164 1244/191/165
f 336/1399/1361 1250/1398/1360 1251/1400/1362
f 334/1403/1365 1252/1402/1364 1249/125/108
f 1248/84/74 317/88/78 319/1404/1366
f 1250/1398/1360 319/1404/1366 320/1405/1367
f 1251/1400/1362 320/1405/1367 321/1406/1368
f 1252/1402/1364 321/1406/1368 318/126/109
f 308/81/71 1253/72/64 1255/1407/1369
f 311/1408/1370 1255/1407/1369 1256/1409/1371
f 310/1410/1372 1256/1409/1371 1257/1411/1373
f 1253/72/64 328/71/63 331/1389/1351
f 1255/1407/1369 331/1389/1351 330/1391/1353
f 1256/1409/1371 330/1391/1353 329/1393/1355
f 1257/1411/1373 329/1393/1355 327/192/166
f 1258/86/76 1260/1414/1376 326/1413/1375
f 1260/1414/1376 1261/1416/1378 325/1415/1377
f 1261/1416/1378 1262/1418/1380 324/1417/1379
f 1262/1418/1380 1259/163/139 322/183/159
f 333/85/75 336/1399/1361 1260/1414/1376
f 336/1399/1361 335/1401/1363 1261/1416/1378
f 335/1401/1363 334/1403/1365 1262/1418/1380
f 334/1403/1365 332/128/111 1259/163/139
f 1263/77/68 1265/1420/1382 341/1419/1381
f 1266/1422/1384 1267/1424/1386 339/1423/1385
f 1267/1424/1386 1264/94/84 337/78/69
f 323/127/110 326/1413/1375 1265/1420/1382
f 326/1413/1375 325/1415/1377 1266/1422/1384
f 325/1415/1377 324/1417/1379 1267/1424/1386
f 324/1417/1379 322/183/159 1264/94/84
f 1268/92/82 1270/1425/1387 314/1395/1357
f 1270/1425/1387 1271/1426/1388 315/1396/1358
f 1271/1426/1388 1272/1427/1389 316/1397/1359
f 1272/1427/1389 1269/74/66 313/190/164
f 342/97/86 344/1428/1390 1270/1425/1387
f 344/1428/1390 345/1429/1391 1271/1426/1388
f 345/1429/1391 346/1430/1392 1272/1427/1389
f 346/1430/1392 343/140/120 1269/74/66
f 1273/98/87 1275/1431/1393 344/1428/1390
f 1275/1431/1393 1276/1432/1394 345/1429/1391
f 1276/1432/1394 1277/1433/1395 346/1430/1392
f 1277/1433/1395 1274/184/160 343/140/120
f 352/102/90 354/1434/1396 1275/1431/1393
f 354/1434/1396 355/1435/1397 1276/1432/1394
f 355/1435/1397 356/1436/1398 1277/1433/1395
f 356/1436/1398 353/181/157 1274/184/160
f 1278/93/83 1280/1438/1400 351/1437/1399
f 1280/1438/1400 1281/1440/1402 350/1439/1401
f 1281/1440/1402 1282/1442/1404 349/1441/1403
f 338/157/134 341/1419/1381 1280/1438/1400
f 341/1419/1381 340/1421/1383 1281/1440/1402
f 340/1421/1383 339/1423/1385 1282/1442/1404
f 339/1423/1385 337/78/69 1279/80/70
f 375/189/163 1283/2103/119 1285/1443/1405
f 378/1444/1406 1285/1443/1405 1286/1445/1407
f 377/1446/1408 1286/1445/1407 1287/1447/1409
f 376/1448/1410 1287/1447/1409 1284/174/150
f 1283/139/119 357/138/118 360/761/693
f 1285/1443/1405 360/765/693 370/767/697
f 1286/1445/1407 370/767/697 369/773/705
f 1287/1447/1409 369/773/705 359/175/151
f 1288/104/92 1290/1450/1411 354/1434/1396
f 1290/1450/1411 1291/1451/1412 355/1435/1397
f 1291/1451/1412 1292/1452/1413 356/1436/1398
f 1292/1452/1413 1289/158/135 353/181/157
f 375/189/163 378/1444/1406 1290/1450/1411
f 378/1444/1406 377/1446/1408 1291/1451/1412
f 377/1446/1408 376/1448/1410 1292/1452/1413
f 376/1448/1410 374/176/152 1289/158/135
f 1293/99/88 1295/1453/1414 364/771/701
f 1295/1453/1414 1296/1454/1415 365/776/708
f 1296/1454/1415 1297/1455/1416 371/774/706
f 1297/1455/1416 1294/173/149 359/175/151
f 351/1437/1399 350/1439/1401 1296/1454/1415
f 350/1439/1401 349/1441/1403 1297/1455/1416
f 319/1404/1366 1300/1456/1417 1301/1457/1418
f 320/1405/1367 1301/1457/1418 1302/1458/1419
f 321/1406/1368 1302/1458/1419 1299/168/144
f 1298/109/95 384/110/96 386/1459/1420
f 1300/1456/1417 386/1459/1420 387/1460/1421
f 1301/1457/1418 387/1460/1421 388/1461/1422
f 380/111/97 1303/82/72 1305/1462/1423
f 383/1463/1424 1305/1462/1423 1306/1464/1425
f 382/1465/1426 1306/1464/1425 1307/1466/1427
f 381/1467/1428 1307/1466/1427 1304/115/100
f 1303/82/72 308/81/71 311/1408/1370
f 1305/1462/1423 311/1408/1370 310/1410/1372
f 1306/1464/1425 310/1410/1372 309/1412/1374
f 1307/1466/1427 309/1412/1374 307/106/94
f 1308/124/107 1310/2117/1429 397/1468/712
f 1310/1469/1429 1311/1470/1430 398/790/722
f 1311/1470/1430 1312/1471/1431 404/786/718
f 1312/1471/1431 1309/152/131 395/787/719
f 389/118/103 391/1473/1432 1310/1469/1429
f 391/1473/1432 392/1474/1433 1311/1470/1430
f 392/1474/1433 393/1475/1434 1312/1471/1431
f 393/1475/1434 390/149/128 1309/152/131
f 384/110/96 1313/116/101 1315/1476/1435
f 386/1459/1420 1315/1476/1435 1316/1477/1436
f 388/1461/1422 1317/1478/1437 1314/151/130
f 1313/116/101 396/117/102 408/793/726
f 1316/1477/1436 403/788/720 402/785/717
f 1317/1478/1437 402/785/717 395/787/719
f 389/118/103 1318/112/98 1320/1479/1438
f 391/1473/1432 1320/1479/1438 1321/1480/1439
f 392/1474/1433 1321/1480/1439 1322/1481/1440
f 393/1475/1434 1322/1481/1440 1319/150/129
f 1318/112/98 380/111/97 383/1463/1424
f 1320/1479/1438 383/1463/1424 382/1465/1426
f 1321/1480/1439 382/1465/1426 381/1467/1428
f 1322/1481/1440 381/1467/1428 379/114/99
f 396/117/102 1323/67/61 1325/1482/1441
f 407/778/1442 1325/1486/1447 1324/177/153
f 1323/67/61 290/748/679 299/750/1444
f 1325/1486/1447 292/743/2094 289/178/154
f 253/48/43 1326/47/42 1328/1487/1448
f 1328/1489/1452 1327/136/116 251/722/650
f 1326/47/42 358/105/93 366/770/700
f 366/1490/1454 357/138/2095 1327/136/116
s 2
f 532/260/234 1329/259/233 1331/1491/1455
f 543/929/870 1331/1491/1455 1332/1492/1456
f 1332/1492/1456 1333/1493/1457 534/917/857
f 1333/1493/1457 1330/261/235 200/243/217
f 1329/259/233 547/275/249 552/934/876
f 1331/1491/1455 552/934/876 562/937/879
f 562/937/879 561/945/887 1333/1493/1457
f 561/945/887 549/301/275 1330/261/235
f 1334/253/227 1336/1494/1458 556/940/882
f 1336/1494/1458 1337/1496/1460 557/942/884
f 557/942/884 1337/1496/1460 1338/1495/1459
f 563/946/888 1338/1495/1459 1335/240/214
f 566/231/205 571/950/892 1336/1494/1458
f 571/950/892 581/953/895 1337/1496/1460
f 1337/1496/1460 581/953/895 580/962/905
f 1338/1495/1459 580/962/905 568/269/243
s 3
f 1339/1497/262 1341/1498/1461 575/959/900
f 1341/1498/1461 1342/1500/1464 576/965/1462
s 2
f 1342/1499/1463 1340/242/216 568/269/243
s 3
f 1339/1497/262 531/923/264 540/925/864
f 1341/1498/1461 540/925/864 1822/918/868
s 2
f 1342/1499/1463 533/919/859 200/243/1465
f 515/299/273 1343/296/270 1345/1501/1466
f 527/912/851 1345/1501/1466 1346/1502/1467
f 1346/1502/1467 1347/1503/1468 518/900/838
f 1347/1503/1468 1344/274/248 513/280/254
f 1343/296/270 548/254/228 558/941/883
f 1345/1501/1466 558/941/883 551/935/877
f 551/935/877 550/933/875 1347/1503/1468
s 3
f 1352/1508/225 1354/1509/1473 522/909/846
f 1354/1509/1473 1355/1511/1476 523/915/1474
s 2
f 1355/1510/1475 1353/230/204 515/299/273
s 3
f 1352/1508/225 567/956/274 577/958/899
f 1354/1509/1473 577/958/899 570/951/903
s 2
f 1355/1510/1475 569/949/891 566/231/205
f 438/818/1478 1358/1512/1477 1359/1513/1479
f 441/1516/1482 1360/1515/1481 1357/246/220
f 416/796/731 424/799/734 1359/1513/1479
f 423/808/742 413/244/218 1357/246/220
f 1363/1518/1484 423/809/742 420/805/740
f 1365/1520/1488 419/802/737 412/804/739
f 1366/315/289 1368/1522/1489 441/1521/1482
f 1369/1523/1491 1370/1524/1492 444/825/762
f 1366/315/289 447/216/190 453/1525/1483
f 1368/1522/1489 453/1525/1483 452/1526/1493
f 1370/1524/1492 451/836/1494 446/247/221
f 465/851/791 1371/298/272 1373/1527/1495
f 468/849/789 1373/1527/1495 1374/1528/1496
f 469/852/792 1374/1528/1496 1375/1529/1497
f 473/860/799 1375/1529/1497 1372/278/252
f 426/219/193 430/811/1498 1373/1527/1495
f 430/811/1498 1817/813/1499 1374/1528/1496
f 1817/813/1499 434/1530/1500 1375/1529/1497
f 434/1530/1500 428/276/250 1372/278/252
f 480/272/246 1376/262/236 1378/1531/1501
f 483/864/1502 1378/1531/1501 1379/1532/1503
f 1816/1533/1504 1379/1532/1503 1380/1534/1505
f 485/1535/1506 1380/1534/1505 1377/336/310
f 467/264/238 478/862/801 1378/1531/1501
f 478/862/801 474/857/797 1379/1532/1503
f 474/857/797 473/859/799 1380/1534/1505
f 473/859/799 466/320/294 1377/336/310
f 1381/208/182 1383/1537/1507 485/1536/1506
f 1383/1537/1507 1384/1538/1509 1816/871/1508
f 1384/1538/1509 1385/1539/1511 488/869/1510
f 1385/1539/1511 1382/267/241 482/270/244
f 1381/208/182 428/276/250 434/1540/1500
f 1383/1537/1507 434/1540/1500 433/816/1512
f 1384/1538/1509 433/816/1512 432/817/1513
f 1385/1539/1511 432/817/1513 427/265/239
f 1386/256/230 1388/1542/1515 463/1541/1514
f 1388/1542/1515 1389/1543/1517 1819/843/1516
f 1389/1543/1517 1390/1544/1518 459/839/777
f 1390/1544/1518 1387/293/267 455/341/315
f 1386/256/230 490/279/253 496/882/820
f 1388/1542/1515 496/882/820 493/875/812
f 1389/1543/1517 493/875/812 492/872/809
f 1390/1544/1518 492/872/809 489/874/811
f 1391/326/300 1393/1545/1519 496/879/820
f 1393/1545/1519 1394/1546/1525 498/886/1520
f 1394/1546/1521 1395/1547/1522 501/884/822
f 1395/1547/1522 1392/200/174 491/284/258
f 1391/326/300 504/327/301 509/1548/1523
f 1393/1545/1519 509/1548/1523 1820/1549/1524
f 1394/1546/1521 1820/1549/2096 506/887/825
f 1395/1547/1522 506/887/825 503/198/172
f 1396/340/314 1398/1551/1526 509/1550/1523
f 1398/1551/1526 1399/1552/1528 510/897/1527
f 1399/1552/1528 1400/1553/1529 512/894/832
f 1400/1553/1529 1397/285/259 505/291/265
f 1396/340/314 457/195/169 463/1554/1514
f 1398/1551/1526 463/1554/1514 464/1555/1530
f 1399/1552/1528 464/1555/1530 462/847/784
f 1400/1553/1529 462/847/784 456/844/783
f 586/981/307 1401/1559/306 1403/1556/1531
f 597/979/925 1403/1556/1531 1404/1557/1532
f 598/972/917 1404/1557/1532 1405/1558/1533
f 1408/1560/1534 1409/1561/1535 623/1013/959
f 1409/1561/1535 1410/1562/1536 629/1009/955
f 1410/1562/1536 1407/1563/196 620/1010/198
f 610/994/939 609/991/937 1410/1562/1536
f 609/991/937 602/993/308 1407/1563/196
f 1411/309/283 1413/1564/1537 592/976/921
f 1413/1564/1537 1414/1565/1538 593/983/929
f 1414/1565/1538 1415/1566/1539 599/980/926
f 1415/1566/1539 1412/1567/197 586/981/307
f 1411/309/283 621/1014/960 634/1016/962
f 1413/1564/1537 634/1016/962 628/1011/956
f 1414/1565/1538 628/1011/956 627/1008/954
f 1415/1566/1539 627/1008/954 620/1010/198
f 1416/1568/297 1418/1569/1540 649/1032/979
f 1418/1569/1540 1419/1570/1541 650/1024/971
f 1419/1570/1541 1420/1571/1542 641/1020/967
f 1420/1571/1542 1417/226/200 636/1021/968
f 655/1046/299 664/1045/992 1418/1569/1540
f 664/1045/992 658/1049/996 1419/1570/1541
f 658/1049/996 657/1039/984 1420/1571/1542
f 657/1039/984 654/339/313 1417/226/200
f 673/1067/312 1421/1575/311 1423/1572/1543
f 684/1065/1015 1423/1572/1543 1424/1573/1544
f 685/1059/1008 1424/1573/1544 1425/1574/1545
f 675/1055/1004 1425/1574/1545 1422/213/187
f 1421/1575/311 638/1034/295 651/1033/980
f 1423/1572/1543 651/1033/980 645/1029/976
f 1424/1573/1544 645/1029/976 644/1027/974
f 1425/1574/1545 644/1027/974 637/312/286
f 1426/311/285 1428/1576/1546 679/1063/1012
f 1428/1576/1546 1429/1577/1547 680/1069/1018
f 1429/1577/1547 1430/1578/1548 686/1066/1016
f 1430/1578/1548 1427/1579/298 673/1067/312
f 1426/311/285 656/310/284 669/1051/998
f 1428/1576/1546 669/1051/998 663/1047/993
f 1429/1577/1547 663/1047/993 662/1044/991
f 1430/1578/1548 662/1044/991 655/1046/299
f 1431/331/305 1433/1580/1549 692/1072/1021
f 1433/1580/1549 1434/1581/1550 693/1082/1031
f 1434/1581/1550 1435/1582/1551 700/1078/1028
f 1435/1582/1551 1432/1583/179 690/1079/189
f 707/330/304 712/1088/1039 1433/1580/1549
f 712/1088/1039 721/1091/1042 1434/1581/1550
f 721/1091/1042 720/1099/1050 1435/1582/1551
f 720/1099/1050 709/1101/177 1432/1583/179
f 708/302/276 1436/202/176 1438/1584/1552
f 715/1094/1045 1438/1584/1552 1439/1585/1553
f 716/1096/1047 1439/1585/1553 1440/1586/1554
f 722/1100/1051 1440/1586/1554 1437/1587/302
f 1436/202/176 725/201/175 730/1105/1054
f 1438/1584/1552 730/1105/1054 739/1109/1059
f 1439/1585/1553 739/1109/1059 738/1116/1069
f 1440/1586/1554 738/1116/1069 727/1118/303
f 1441/304/278 1443/1588/1555 733/1113/1063
f 1443/1588/1555 1444/1589/1556 734/1120/1073
f 1444/1589/1556 1445/1590/1557 740/1117/1070
f 1445/1590/1557 1442/1591/188 727/1118/303
f 1441/304/278 691/1084/1033 704/1086/1035
f 1443/1588/1555 704/1086/1035 699/1080/1029
f 1444/1589/1556 699/1080/1029 698/1077/1027
f 1445/1590/1557 698/1077/1027 690/1079/189
f 411/167/143 1446/166/142 1448/1592/1558
f 1448/1592/1558 1449/1593/1560 415/797/1559
f 1449/1593/1560 1450/1594/1561 421/803/738
f 1450/1594/1561 1447/237/211 412/804/739
f 1446/166/142 601/319/293 606/985/931
f 1448/1592/1558 606/985/931 615/988/934
f 615/988/934 614/998/942 1450/1594/1561
f 614/998/942 603/305/279 1447/237/211
f 621/1014/960 1451/308/282 1453/1595/1562
s 28
f 633/1005/1565 1453/1596/1569 1454/1597/1566
s 2
f 1454/1597/1568 1452/317/291 619/318/292
f 446/247/221 448/835/2097 1453/1595/1562
f 1454/1597/1568 448/830/2098 445/316/290
f 426/219/193 1455/221/195 1457/1598/1571
f 1458/1600/1576 1456/1601/1581 427/265/239
f 654/339/313 659/1038/983 1457/1598/1571
s 29
f 1457/1598/1574 659/1038/2099 668/1041/1578
s 2
f 1458/1600/1576 667/1052/1580 656/310/284
f 1459/1602/1582 1461/1605/1586 674/1056/1583
f 681/1062/1011 1461/1606/1587 1460/271/245
f 480/272/246 487/865/2100 1461/1605/1586
f 1461/1606/1587 487/868/2101 482/270/244
f 1462/283/257 1464/1608/1590 499/883/821
f 499/883/821 1464/1608/1590 1465/1607/1588
f 1465/1607/1588 1466/1609/1591 494/873/810
f 494/873/810 1466/1609/1591 1463/294/268
f 708/302/276 717/1095/1046 1464/1608/1590
f 1464/1608/1590 717/1095/1046 711/1089/1040
f 711/1089/1040 710/1087/1038 1466/1609/1591
f 1466/1609/1591 710/1087/1038 707/330/304
f 1467/286/260 1469/1612/1594 703/1610/1036
f 703/1075/1025 1469/1613/1595 1470/1611/1592
f 1470/1611/1593 1468/342/316 689/343/317
f 456/844/783 461/846/785 1469/1612/1594
f 1469/1613/1595 461/840/2102 458/838/1596
f 458/838/1597 455/341/315 1468/342/316
f 584/966/910 1471/281/255 1473/1614/1598
s 30
f 1473/1614/1600 1474/1616/1607 588/969/1601
s 2
f 1474/1615/1604 1472/234/208 585/307/281
f 1471/281/255 435/209/183 439/819/1605
s 30
f 1473/1614/1600 439/819/1606 443/823/1606
s 2
f 1474/1615/1604 443/824/761 437/235/209
f 467/264/238 1475/263/237 1477/1617/1608
f 1477/1617/1608 1478/1618/1610 477/854/1609
f 1478/1618/1610 1479/1619/1611 470/850/790
f 470/850/790 1479/1619/1611 1476/225/199
f 637/312/286 646/1028/975 1477/1617/1608
f 646/1028/975 640/1022/969 1478/1618/1610
f 640/1022/969 639/1019/966 1479/1619/1611
f 1479/1619/1611 639/1019/966 636/1021/968
f 505/291/265 1480/292/266 1482/1620/1612
s 31
f 511/892/1613 1482/1622/1620 1483/1621/1614
s 2
f 1483/1621/1616 1481/1623/1621 503/198/172
f 726/303/277 735/1112/1062 1482/1620/1612
s 31
f 729/1106/1619 728/1107/2103 1483/1621/1614
s 2
f 1483/1621/1616 728/1107/2088 725/201/175
s 4
f 763/368/339 1484/367/338 1486/1624/1622
f 766/1625/1623 1486/1624/1622 1487/1626/1624
f 765/1628/1626 1487/1633/1631 1488/1629/1627
f 1488/1629/1627 1485/482/439 762/523/477
f 1484/367/338 747/358/329 749/1631/1629
f 1486/1624/1622 749/1631/1629 750/1632/1630
f 1487/1633/1631 750/2118/1669 751/1634/1632
f 751/1634/1632 748/378/348 1485/482/439
f 1489/404/372 1491/1641/1634 771/1635/1633
f 1491/1636/1634 1492/1639/1640 770/1637/1635
f 1492/1639/1636 1493/1644/1642 769/1640/1637
f 769/1640/1637 1493/1644/1642 1490/462/422
f 752/534/486 754/1711/1639 1491/1641/1634
f 754/1642/1639 755/1643/1708 1492/1639/1640
f 755/1643/1641 756/1714/1710 1493/1644/1642
f 1493/1644/1642 756/1714/1710 753/361/332
f 1494/472/431 1496/1646/1644 746/1645/1643
f 1496/1646/1644 1497/1651/1649 745/1647/1645
f 1497/1648/1646 1498/1652/1650 744/1649/1647
f 744/1649/1647 1498/1652/1650 1495/347/321
f 763/368/339 766/1625/1623 1496/1646/1644
f 766/1625/1623 765/1627/1625 1497/1651/1649
f 765/1628/1626 764/1630/1628 1498/1652/1650
f 1498/1652/1650 764/1630/1628 762/523/477
f 758/501/456 1499/369/340 1501/1653/1651
f 761/1655/1652 1501/1660/1651 1502/1656/1653
f 760/1657/1655 1502/1656/1658 1503/1658/1656
f 1503/1658/1656 1500/366/337 757/353/325
f 1499/369/340 768/351/324 771/1635/1633
f 1501/1660/1651 771/1638/1633 770/1637/1635
f 1502/1656/1658 770/1637/1638 769/1640/1637
f 769/1640/1637 767/364/335 1500/366/337
f 773/502/457 1504/496/452 1506/1661/1659
f 776/1663/1660 1506/1668/1659 1507/1664/1661
f 775/1665/1663 1507/1664/1666 1508/1666/1664
f 1508/1666/1664 1505/355/327 772/372/342
f 1504/496/452 758/501/456 761/1654/1652
f 1506/1668/1659 761/1655/1652 760/1657/1654
f 1507/1664/1666 760/1657/1655 759/1659/1657
f 759/1659/1657 757/353/325 1505/355/327
f 747/358/329 1509/357/328 1511/1669/1667
f 749/1631/1629 1511/1669/1667 1512/1670/1668
f 750/1632/1669 1512/1670/1673 1513/1671/1670
f 1513/1673/1670 1510/376/346 748/378/348
f 1509/357/328 777/387/356 779/1674/1671
f 1511/1669/1667 779/1674/1671 780/1675/1672
f 1512/1670/1673 780/1675/1677 781/1676/1674
f 781/1677/1674 778/375/345 1510/376/346
f 777/387/356 1514/396/364 1516/1678/1675
f 779/1674/1671 1516/1678/1675 1517/1679/1676
f 780/1675/1677 1517/1679/1681 1518/1680/1678
f 1518/1681/1678 1515/373/343 778/375/345
f 1514/396/364 787/395/363 789/1682/1679
f 1516/1678/1675 789/1682/1679 790/1683/1680
f 1517/1679/1681 790/1683/1699 791/1684/1682
f 791/1685/1682 788/385/355 1515/373/343
f 783/535/487 1519/527/480 1521/1686/1683
f 786/1687/1684 1521/1686/1683 1522/1688/1685
f 785/1690/1687 1522/1694/1690 1523/1691/1688
f 1523/1691/1688 1520/380/350 782/382/352
f 1519/527/480 773/502/457 776/1662/1660
f 1521/1686/1683 776/1662/1660 775/1693/1662
f 1522/1694/1690 775/1665/1663 774/1667/1665
f 774/1667/1665 772/372/342 1520/380/350
f 1524/513/467 1526/1696/1692 814/1695/1691
f 1526/1696/1692 1527/1698/1694 813/1697/1693
f 1527/1698/1694 1528/1700/1696 812/1699/1695
f 1528/1700/1696 1525/476/433 810/1701/361
f 793/1131/1084 803/1130/1083 1526/1696/1692
f 803/1130/1083 796/1134/1087 1527/1698/1694
f 796/1134/1087 795/1124/1077 1528/1700/1696
f 795/1124/1077 792/1121/1074 1525/476/433
f 787/395/363 1529/495/451 1531/1702/1697
f 789/1682/1679 1531/1702/1701 1532/1703/1698
f 790/1683/1699 1532/1703/1702 1533/1704/1700
f 791/1685/1682 1533/1706/1700 1530/383/353
f 1529/495/451 811/511/465 814/1695/1691
f 1531/1702/1701 814/1695/1691 813/1697/1693
f 1532/1703/1702 813/1697/1693 812/1699/1695
f 812/1705/1695 810/392/361 1530/383/353
f 793/1131/1084 1534/512/466 1536/1707/1703
f 801/1129/1082 1536/1707/1703 1537/1708/1704
f 802/1141/1094 1537/1710/1706 1538/1709/1705
f 807/1137/1090 1538/1709/1705 1535/389/358
f 1534/512/466 783/535/487 786/1687/1684
f 1536/1707/1703 786/1687/1684 785/1689/1686
f 1537/1710/1706 785/1690/1687 784/1692/1689
f 1538/1709/1705 784/1692/1689 782/382/352
f 1539/412/379 1541/1715/1707 754/1711/1639
f 1541/1712/1707 1542/1713/1712 755/1643/1708
f 1542/1713/1709 1543/1718/1714 756/1714/1710
f 756/1714/1710 1543/1718/1714 1540/505/459
f 820/471/430 822/1735/1711 1541/1715/1707
f 822/1716/1711 823/1717/1730 1542/1713/1712
f 823/1717/1713 824/1738/1732 1543/1718/1714
f 1543/1718/1714 824/1738/1732 821/401/369
f 1544/344/318 1546/1720/1716 819/1719/1715
f 1546/1720/1716 1547/1725/1721 818/1721/1717
f 1547/1722/1718 1548/1726/1722 817/1723/1719
f 817/1723/1719 1548/1726/1722 1545/397/365
f 743/346/320 746/1645/1643 1546/1720/1716
f 746/1645/1643 745/1647/1645 1547/1725/1721
f 745/1650/1648 744/1649/1647 1548/1726/1722
f 1548/1726/1722 744/1649/1647 742/359/330
f 832/1160/1112 1549/486/442 1551/1727/1723
f 843/1158/1110 1551/1727/1723 1552/1728/1724
f 844/1149/1101 1552/1728/1724 1553/1729/1725
f 834/1145/1097 1553/1729/1725 1550/1730/423
f 1549/486/442 825/488/444 827/1731/1726
f 1551/1727/1723 827/1731/1726 828/1732/1727
f 1552/1728/1724 828/1732/1727 829/1733/1728
f 1553/1734/1725 829/1745/1728 826/407/375
f 1554/487/443 1556/1740/1729 822/1735/1711
f 1556/1736/1729 1557/1737/1734 823/1717/1730
f 1557/1737/1731 1558/1739/1733 824/1738/1732
f 1558/1739/1733 1555/409/377 821/401/369
f 832/1160/1112 845/1159/1111 1556/1740/1729
f 845/1741/1111 839/1742/1114 1557/1737/1734
f 839/1742/1735 838/1154/1106 1558/1739/1733
f 838/1154/1106 831/1151/1103 1555/409/377
f 1559/489/445 1561/1743/1736 827/1731/1726
f 1561/1743/1736 1562/1747/1738 828/1732/1727
f 1562/1744/1737 1563/1748/1739 829/1745/1728
f 829/1745/1728 1563/1748/1739 1560/405/373
f 816/520/474 819/1719/1715 1561/1743/1736
f 819/1719/1715 818/1721/1717 1562/1747/1738
f 818/1724/1720 817/1723/1719 1563/1748/1739
f 817/1723/1719 815/399/367 1560/405/373
f 1564/485/441 1566/1750/1741 872/1749/1740
f 1566/1750/1741 1567/1752/1743 871/1751/1742
f 1567/1752/1743 1568/1754/1745 870/1753/1744
f 1568/1754/1745 1565/532/484 868/533/485
f 853/434/398 855/1755/1746 1566/1750/1741
f 855/1755/1746 856/1756/1747 1567/1752/1743
f 856/1756/1747 857/1757/1748 1568/1754/1745
f 857/1757/1748 854/531/483 1565/532/484
f 874/428/392 1569/427/391 1571/1758/1749
f 877/1759/1750 1571/1758/1749 1572/1760/1751
f 876/1761/1752 1572/1760/1751 1573/1762/1753
f 875/1763/1754 1573/1762/1753 1570/466/426
f 1569/427/391 858/431/395 860/1764/1755
f 1571/1758/1749 860/1764/1755 861/1765/1756
f 1572/1760/1751 861/1765/1756 862/1766/1757
f 1573/1762/1753 862/1766/1757 859/467/427
f 849/424/388 1574/415/381 1576/1767/1758
f 852/1768/1759 1576/1767/1758 1577/1769/1760
f 851/1770/1761 1577/1769/1760 1578/1771/1762
f 850/1772/1763 1578/1771/1762 1575/483/440
f 1574/415/381 869/414/380 872/1749/1740
f 1576/1767/1758 872/1749/1740 871/1751/1742
f 1577/1769/1760 871/1751/1742 870/1753/1744
f 1578/1771/1762 870/1753/1744 868/533/485
f 1579/429/393 1581/1774/1765 867/1773/1764
f 1581/1774/1765 1582/1776/1767 866/1775/1766
f 1582/1776/1767 1583/1778/1769 865/1777/1768
f 1583/1778/1769 1580/504/458 863/524/478
f 874/428/392 877/1759/1750 1581/1774/1765
f 877/1759/1750 876/1761/1752 1582/1776/1767
f 876/1761/1752 875/1763/1754 1583/1778/1769
f 875/1763/1754 873/469/429 1580/504/458
f 1584/420/385 1586/1780/1771 882/1779/1770
f 1586/1780/1771 1587/1782/1773 881/1781/1772
f 1587/1782/1773 1588/1784/1775 880/1783/1774
f 1588/1784/1775 1585/437/401 878/421/386
f 864/468/428 867/1773/1764 1586/1780/1771
f 867/1773/1764 866/1775/1766 1587/1782/1773
f 866/1775/1766 865/1777/1768 1588/1784/1775
f 865/1777/1768 863/524/478 1585/437/401
f 1589/435/399 1591/1785/1776 855/1755/1746
f 1591/1785/1776 1592/1786/1777 856/1756/1747
f 1592/1786/1777 1593/1787/1778 857/1757/1748
f 1593/1787/1778 1590/417/383 854/531/483
f 883/440/403 885/1788/1779 1591/1785/1776
f 885/1788/1779 886/1789/1780 1592/1786/1777
f 886/1789/1780 887/1790/1781 1593/1787/1778
f 887/1790/1781 884/481/438 1590/417/383
f 1594/441/404 1596/1791/1782 885/1788/1779
f 1596/1791/1782 1597/1792/1783 886/1789/1780
f 1597/1792/1783 1598/1793/1784 887/1790/1781
f 1598/1793/1784 1595/525/479 884/481/438
f 893/445/408 895/1794/1785 1596/1791/1782
f 895/1794/1785 896/1795/1786 1597/1792/1783
f 896/1795/1786 897/1796/1787 1598/1793/1784
f 897/1796/1787 894/522/476 1595/525/479
f 1599/436/400 1601/1798/1789 892/1797/1788
f 1601/1798/1789 1602/1800/1791 891/1799/1790
f 1602/1800/1791 1603/1802/1793 890/1801/1792
f 1603/1802/1793 1600/423/387 888/444/407
f 879/498/453 882/1779/1770 1601/1798/1789
f 882/1779/1770 881/1781/1772 1602/1800/1791
f 881/1781/1772 880/1783/1774 1603/1802/1793
f 880/1783/1774 878/421/386 1600/423/387
f 916/530/482 1604/2104/437 1606/1803/1794
f 919/1804/1795 1606/1803/1794 1607/1805/1796
f 918/1806/1797 1607/1805/1796 1608/1807/1798
f 917/1808/1799 1608/1807/1798 1605/515/469
f 1604/480/437 898/479/436 902/1809/1117
f 1606/1803/1794 902/1166/1117 911/1170/1121
f 1607/1805/1796 911/1170/1121 910/1176/1130
f 1608/1807/1798 910/1176/1130 900/516/470
f 1609/447/410 1611/1811/1800 895/1794/1785
f 1611/1811/1800 1612/1812/1801 896/1795/1786
f 1612/1812/1801 1613/1813/1802 897/1796/1787
f 1613/1813/1802 1610/499/454 894/522/476
f 916/530/482 919/1804/1795 1611/1811/1800
f 919/1804/1795 918/1806/1797 1612/1812/1801
f 918/1806/1797 917/1808/1799 1613/1813/1802
f 917/1808/1799 915/517/471 1610/499/454
f 1614/442/405 1616/1814/1803 906/1174/1125
f 1616/1814/1803 1617/1815/1804 907/1179/1133
f 1617/1815/1804 1618/1816/1805 912/1177/1131
f 1618/1816/1805 1615/514/468 900/516/470
f 889/528/481 892/1797/1788 1616/1814/1803
f 892/1797/1788 891/1799/1790 1617/1815/1804
f 891/1799/1790 890/1801/1792 1618/1816/1805
f 890/1801/1792 888/444/407 1615/514/468
f 858/431/395 1619/452/413 1621/1817/1806
f 860/1764/1755 1621/1817/1806 1622/1818/1807
f 861/1765/1756 1622/1818/1807 1623/1819/1808
f 862/1766/1757 1623/1819/1808 1620/509/463
f 1619/452/413 925/453/414 927/1820/1809
f 1621/1817/1806 927/1820/1809 928/1821/1810
f 1622/1818/1807 928/1821/1810 929/1822/1811
f 1623/1819/1808 929/1822/1811 926/473/432
f 921/454/415 1624/425/389 1626/1823/1812
f 924/1824/1813 1626/1823/1812 1627/1825/1814
f 923/1826/1815 1627/1825/1814 1628/1827/1816
f 922/1828/1817 1628/1827/1816 1625/458/418
f 1624/425/389 849/424/388 852/1768/1759
f 1626/1823/1812 852/1768/1759 851/1770/1761
f 1627/1825/1814 851/1770/1761 850/1772/1763
f 1628/1827/1816 850/1772/1763 848/449/412
f 1629/465/425 1631/1829/1818 938/1182/1137
f 1631/1829/1818 1632/1830/1819 939/1191/1146
f 1632/1830/1819 1633/1831/1820 946/1187/1142
f 1633/1831/1820 1630/493/449 936/1188/1143
f 930/461/421 932/1832/1821 1631/1829/1818
f 932/1832/1821 933/1833/1822 1632/1830/1819
f 933/1833/1822 934/1834/1823 1633/1831/1820
f 934/1834/1823 931/490/446 1630/493/449
f 925/453/414 1634/459/419 1636/1835/1824
f 927/1820/1809 1636/1835/1824 1637/1836/1825
f 928/1821/1810 1637/1836/1825 1638/1837/1826
f 929/1822/1811 1638/1837/1826 1635/492/448
f 1634/459/419 937/460/420 949/1194/1150
f 1636/1835/1824 949/1194/1150 945/1189/1144
f 1637/1836/1825 945/1189/1144 944/1186/1141
f 1638/1837/1826 944/1186/1141 936/1188/1143
f 930/461/421 1639/455/416 1641/1838/1827
f 932/1832/1821 1641/1838/1827 1642/1839/1828
f 933/1833/1822 1642/1839/1828 1643/1840/1829
f 934/1834/1823 1643/1840/1829 1640/491/447
f 1639/455/416 921/454/415 924/1824/1813
f 1641/1838/1827 924/1824/1813 923/1826/1815
f 1642/1839/1828 923/1826/1815 922/1828/1817
f 1643/1840/1829 922/1828/1817 920/457/417
f 937/460/420 1644/410/378 1646/1841/1830
f 940/1843/1136 1646/1848/1834 1645/1844/472
f 1644/410/378 831/1151/1103 840/1153/1831
f 1646/1848/1834 833/1146/2104 830/1143/473
f 794/391/360 1647/390/359 1649/1849/1835
f 1649/1853/1839 1648/477/434 792/1121/1074
f 899/448/411 901/1173/1124 1649/1849/1835
f 901/1854/1118 898/479/436 1648/477/434
s 5
f 973/557/506 1650/556/505 1652/1855/1841
f 976/1857/1842 1652/1863/1841 1653/1858/1843
f 975/1859/1845 1653/1858/1850 1654/1860/1846
f 1654/1860/1846 1651/673/605 972/711/639
f 1650/556/505 957/547/496 959/1862/1848
f 1652/1863/1841 959/1901/1848 960/1864/1849
f 1653/1858/1850 960/1864/1888 961/1865/1851
f 961/1865/1851 958/567/515 1651/673/605
f 1655/593/539 1657/1867/1853 981/1866/1852
f 1657/1867/1853 1658/1869/1859 980/1868/1854
f 1658/1869/1855 1659/1874/1861 979/1870/1856
f 979/1871/1856 1659/1875/1861 1656/651/588
f 962/720/648 964/1872/1858 1657/1867/1853
f 964/1872/1858 965/1873/1927 1658/1869/1859
f 965/1873/1860 966/1944/1929 1659/1874/1861
f 1659/1875/1861 966/1945/1929 963/550/499
f 1660/663/597 1662/1882/1863 956/1876/1862
f 1662/1877/1863 1663/1880/1868 955/1878/1864
f 1663/1880/1865 1664/1883/1869 954/1881/1866
f 954/1881/1866 1664/1883/1869 1661/536/488
f 973/557/506 976/1856/1842 1662/1882/1863
f 976/1857/1842 975/1859/1844 1663/1880/1868
f 975/1859/1845 974/1861/1847 1664/1883/1869
f 1664/1883/1869 974/1861/1847 972/711/639
f 968/692/621 1665/558/507 1667/1884/1870
f 971/1885/1871 1667/1884/1870 1668/1886/1872
f 970/1887/1874 1668/1886/1877 1669/1888/1875
f 1669/1890/1875 1666/555/504 967/542/492
f 1665/558/507 978/540/491 981/1866/1852
f 1667/1884/1870 981/1866/1852 980/1868/1854
f 1668/1886/1877 980/1868/1857 979/1870/1856
f 979/1871/1856 977/553/502 1666/555/504
f 983/693/622 1670/687/617 1672/1892/1878
f 986/1893/1879 1672/1892/1878 1673/1894/1880
f 985/1895/1882 1673/1894/1885 1674/1896/1883
f 1674/1898/1883 1671/544/494 982/561/509
f 1670/687/617 968/692/621 971/1885/1871
f 1672/1892/1878 971/1885/1871 970/1887/1873
f 1673/1894/1885 970/1887/1874 969/1889/1876
f 969/1891/1876 967/542/492 1671/544/494
f 957/547/496 1675/546/495 1677/1900/1886
f 959/1901/1848 1677/1905/1886 1678/1902/1887
f 960/1864/1888 1678/1902/1892 1679/1903/1889
f 1679/1903/1889 1676/565/513 958/567/515
f 1675/546/495 987/576/523 989/1904/1890
f 1677/1905/1886 989/1909/1890 990/1906/1891
f 1678/1902/1892 990/1906/1896 991/1907/1893
f 991/1907/1893 988/564/512 1676/565/513
f 987/576/523 1680/585/531 1682/1908/1894
f 989/1909/1890 1682/2119/1894 1683/1910/1895
f 990/1906/1896 1683/1910/1900 1684/1911/1897
f 1684/1911/1897 1681/562/510 988/564/512
f 1680/585/531 997/584/530 999/1912/1898
f 1682/1908/1894 999/1912/1898 1000/1913/1899
f 1683/1910/1900 1000/1935/1918 1001/1915/1901
f 1001/1915/1901 998/574/522 1681/562/510
f 993/721/649 1685/714/642 1687/1916/1902
f 996/1917/1903 1687/1916/1902 1688/1918/1904
f 995/1919/1906 1688/1918/1909 1689/1920/1907
f 1689/1920/1907 1686/1923/517 992/1922/519
f 1685/714/642 983/693/622 986/1893/1879
f 1687/1916/1902 986/1893/1879 985/1895/1881
f 1688/1918/1909 985/1895/1882 984/1897/1884
f 984/1897/1884 982/2120/509 1686/1923/517
f 1690/701/629 1692/1925/1911 1024/1924/1910
f 1692/1925/1911 1693/1927/1913 1023/1926/1912
f 1693/1927/1913 1694/1931/1915 1022/1928/1914
f 1694/1929/1915 1691/667/599 1020/581/528
f 1003/1206/1164 1013/1205/1163 1692/1925/1911
f 1013/1205/1163 1006/1209/1167 1693/1927/1913
f 1006/1209/1167 1005/1199/1157 1694/1931/1915
f 1005/1932/1157 1002/2094/1154 1691/667/599
f 997/584/530 1695/686/616 1697/1933/1916
f 999/1912/1898 1697/1933/1920 1698/1934/1917
f 1000/1935/1918 1698/1937/1921 1699/1936/1919
f 1001/1915/1901 1699/1936/1919 1696/572/520
f 1695/686/616 1021/699/627 1024/1924/1910
f 1697/1933/1920 1024/1924/1910 1023/1926/1912
f 1698/1937/1921 1023/2121/1912 1022/1930/1914
f 1022/1930/1914 1020/581/528 1696/572/520
f 1003/1206/1164 1700/700/628 1702/1938/1922
f 1011/1204/1162 1702/1938/1922 1703/1939/1923
f 1012/1207/1174 1703/1939/1925 1704/1940/1924
f 1017/1213/1170 1704/1940/1924 1701/1941/525
f 1700/700/628 993/721/649 996/1917/1903
f 1702/1938/1922 996/1917/1903 995/1919/1905
f 1703/1939/1925 995/1919/1906 994/1921/1908
f 1704/1940/1924 994/1921/1908 992/1922/519
f 1705/601/546 1707/1942/1926 964/1872/1858
f 1707/1942/1926 1708/1943/1931 965/1873/1927
f 1708/1943/1928 1709/1948/1933 966/1944/1929
f 966/1945/1929 1709/1949/1933 1706/696/624
f 1030/662/596 1032/1946/1930 1707/1942/1926
f 1032/1946/1930 1033/1947/1949 1708/1943/1931
f 1033/1947/1932 1034/1967/1951 1709/1948/1933
f 1709/1949/1933 1034/1969/1951 1031/590/536
f 1710/506/460 1712/1956/1935 1029/1950/1934
f 1712/1951/1935 1713/1954/1940 1028/1952/1936
f 1713/1954/1937 1714/1957/1941 1027/1955/1938
f 1027/1955/1938 1714/1957/1941 1711/586/532
f 953/508/462 956/1876/1862 1712/1956/1935
f 956/1879/1862 955/1878/1864 1713/1954/1940
f 955/1878/1867 954/1881/1866 1714/1957/1941
f 1714/1957/1941 954/1881/1866 952/548/497
f 1042/1228/1192 1715/677/608 1717/1958/1942
f 1053/1226/1190 1717/1958/1942 1718/1959/1943
f 1054/1219/1181 1718/1959/1943 1719/1960/1944
f 1044/1215/1177 1719/1960/1944 1716/652/589
f 1715/677/608 1035/679/610 1037/1961/1945
f 1717/1958/1942 1037/1961/1945 1038/1962/1946
f 1718/1959/1943 1038/1962/1946 1039/1963/1947
f 1719/1960/1944 1039/1963/1947 1036/1964/542
f 1720/678/609 1722/1965/1948 1032/1946/1930
f 1722/1965/1948 1723/1966/1953 1033/1947/1949
f 1723/1966/1950 1724/1970/1952 1034/1967/1951
f 1724/1968/1952 1721/598/544 1031/590/536
f 1042/1228/1192 1055/1227/1191 1722/1965/1948
f 1055/1227/1191 1049/1230/1194 1723/1966/1953
f 1049/1230/1954 1048/1224/1186 1724/1970/1952
f 1048/1971/1186 1041/2105/1183 1721/598/544
f 1725/680/611 1727/1977/1955 1037/1961/1945
f 1727/1972/1955 1728/1975/1957 1038/1973/1946
f 1728/1975/1956 1729/1978/1958 1039/1976/1947
f 1039/1976/1947 1729/1978/1958 1726/594/540
f 1026/708/636 1029/1950/1934 1727/1977/1955
f 1029/1953/1934 1028/1952/1936 1728/1975/1957
f 1028/1952/1939 1027/1955/1938 1729/1978/1958
f 1027/1955/1938 1025/588/534 1726/594/540
f 1730/676/607 1732/1980/1960 1082/1979/1959
f 1732/1980/1960 1733/1982/1962 1081/1981/1961
f 1733/1982/1962 1734/1984/1964 1080/1983/1963
f 1734/1984/1964 1731/718/646 1078/719/647
f 1063/623/565 1065/1985/1965 1732/1980/1960
f 1065/1985/1965 1066/1986/1966 1733/1982/1962
f 1066/1986/1966 1067/1987/1967 1734/1984/1964
f 1067/1987/1967 1064/717/645 1731/718/646
f 1084/617/559 1735/616/558 1737/1988/1968
f 1087/1989/1969 1737/1988/1968 1738/1990/1970
f 1086/1991/1971 1738/1990/1970 1739/1992/1972
f 1085/1993/1973 1739/1992/1972 1736/657/592
f 1735/616/558 1068/620/562 1070/1994/1974
f 1737/1988/1968 1070/1994/1974 1071/1995/1975
f 1738/1990/1970 1071/1995/1975 1072/1996/1976
f 1739/1992/1972 1072/1996/1976 1069/658/593
f 1059/613/555 1740/604/548 1742/1997/1977
f 1062/1998/1978 1742/1997/1977 1743/1999/1979
f 1061/2001/1980 1743/2005/1979 1744/2002/1981
f 1060/2004/1982 1744/2007/1981 1741/674/606
f 1740/604/548 1079/603/547 1082/1979/1959
f 1742/1997/1977 1082/1979/1959 1081/1981/1961
f 1743/2005/1979 1081/2122/1961 1080/2006/1963
f 1744/2007/1981 1080/1983/1963 1078/719/647
f 1745/618/560 1747/2009/1984 1077/2008/1983
f 1747/2009/1984 1748/2011/1986 1076/2010/1985
f 1748/2011/1986 1749/2013/1988 1075/2012/1987
f 1749/2013/1988 1746/695/623 1073/712/640
f 1084/617/559 1087/1989/1969 1747/2009/1984
f 1087/1989/1969 1086/1991/1971 1748/2011/1986
f 1086/1991/1971 1085/1993/1973 1749/2013/1988
f 1085/1993/1973 1083/660/595 1746/695/623
f 1750/609/552 1752/2015/1990 1092/2014/1989
f 1752/2015/1990 1753/2017/1992 1091/2016/1991
f 1753/2017/1992 1754/2019/1994 1090/2018/1993
f 1754/2019/1994 1751/626/568 1088/610/553
f 1074/659/594 1077/2008/1983 1752/2015/1990
f 1077/2008/1983 1076/2010/1985 1753/2017/1992
f 1076/2010/1985 1075/2012/1987 1754/2019/1994
f 1075/2012/1987 1073/712/640 1751/626/568
f 1755/624/566 1757/2020/1995 1065/1985/1965
f 1757/2020/1995 1758/2021/1996 1066/1986/1966
f 1758/2021/1996 1759/2022/1997 1067/1987/1967
f 1759/2022/1997 1756/606/550 1064/717/645
f 1093/629/570 1095/2023/1998 1757/2020/1995
f 1095/2023/1998 1096/2024/1999 1758/2021/1996
f 1096/2024/1999 1097/2025/2000 1759/2022/1997
f 1097/2025/2000 1094/672/604 1756/606/550
f 1760/630/571 1762/2026/2001 1095/2023/1998
f 1762/2026/2001 1763/2027/2002 1096/2024/1999
f 1763/2027/2002 1764/2028/2003 1097/2025/2000
f 1764/2028/2003 1761/713/641 1094/672/604
f 1103/634/574 1105/2029/2004 1762/2026/2001
f 1105/2029/2004 1106/2030/2005 1763/2027/2002
f 1106/2030/2005 1107/2031/2006 1764/2028/2003
f 1107/2031/2006 1104/710/638 1761/713/641
f 1765/625/567 1767/2033/2008 1102/2032/2007
f 1767/2033/2008 1768/2035/2010 1101/2034/2009
f 1768/2035/2010 1769/2037/2012 1100/2036/2011
f 1769/2037/2012 1766/612/554 1098/633/573
f 1089/689/618 1092/2014/1989 1767/2033/2008
f 1092/2014/1989 1091/2016/1991 1768/2035/2010
f 1091/2016/1991 1090/2018/1993 1769/2037/2012
f 1090/2018/1993 1088/610/553 1766/612/554
f 1126/716/644 1770/671/603 1772/2038/2013
f 1129/2039/2014 1772/2038/2013 1773/2040/2015
f 1128/2041/2016 1773/2040/2015 1774/2042/2017
f 1127/2043/2018 1774/2042/2017 1771/703/631
f 1770/671/603 1108/670/602 1111/1232/1197
f 1772/2038/2013 1111/1232/1197 1121/1236/1201
f 1773/2040/2015 1121/1236/1201 1120/1242/1209
f 1774/2042/2017 1120/1242/1209 1110/704/632
f 1775/636/576 1777/2044/2019 1105/2029/2004
f 1777/2044/2019 1778/2045/2020 1106/2030/2005
f 1778/2045/2020 1779/2046/2021 1107/2031/2006
f 1779/2046/2021 1776/690/619 1104/710/638
f 1126/716/644 1129/2039/2014 1777/2044/2019
f 1129/2039/2014 1128/2041/2016 1778/2045/2020
f 1128/2041/2016 1127/2043/2018 1779/2046/2021
f 1127/2043/2018 1125/705/633 1776/690/619
f 1780/631/572 1782/2047/2022 1115/1240/1205
f 1782/2047/2022 1783/2048/2023 1116/1245/1212
f 1783/2048/2023 1784/2049/2024 1122/1243/1210
f 1784/2049/2024 1781/702/630 1110/704/632
f 1099/715/643 1102/2032/2007 1782/2047/2022
f 1102/2032/2007 1101/2034/2009 1783/2048/2023
f 1101/2034/2009 1100/2036/2011 1784/2049/2024
f 1100/2036/2011 1098/633/573 1781/702/630
f 1068/620/562 1785/641/579 1787/2050/2025
f 1070/1994/1974 1787/2050/2025 1788/2051/2026
f 1071/1995/1975 1788/2051/2026 1789/2052/2027
f 1072/1996/1976 1789/2052/2027 1786/697/625
f 1785/641/579 1135/642/580 1137/2053/2028
f 1787/2050/2025 1137/2053/2028 1138/2054/2029
f 1788/2051/2026 1138/2054/2029 1139/2055/2030
f 1789/2052/2027 1139/2055/2030 1136/664/598
f 1131/643/581 1790/614/556 1792/2056/2031
f 1134/2057/2032 1792/2056/2031 1793/2058/2033
f 1133/2060/2034 1793/2064/2033 1794/2061/2035
f 1132/2063/2036 1794/2065/2035 1791/647/584
f 1790/614/556 1059/613/555 1062/1998/1978
f 1792/2056/2031 1062/1998/1978 1061/2000/1980
f 1793/2064/2033 1061/2001/1980 1060/2003/1982
f 1794/2065/2035 1060/2004/1982 1058/638/578
f 1795/656/591 1797/2066/2037 1148/1248/1216
f 1797/2066/2037 1798/2067/2038 1149/1258/1226
f 1798/2067/2038 1799/2068/2039 1155/1259/1222
f 1799/2068/2039 1796/2123/615 1146/2069/1223
f 1140/655/587 1142/2070/2040 1797/2066/2037
f 1142/2070/2040 1143/2071/2041 1798/2067/2038
f 1143/2071/2041 1144/2081/2042 1799/2068/2039
f 1144/2072/2042 1141/681/612 1796/684/615
f 1135/642/580 1800/648/585 1802/2074/2043
f 1137/2053/2028 1802/2074/2043 1803/2075/2044
f 1138/2054/2029 1803/2075/2044 1804/2076/2045
f 1139/2055/2030 1804/2076/2045 1801/683/614
f 1800/648/585 1147/649/586 1159/1263/1230
f 1802/2074/2043 1159/1263/1230 1154/1255/1224
f 1803/2075/2044 1154/1255/1224 1153/1252/1221
f 1804/2076/2045 1153/1252/1221 1146/1254/1223
f 1140/650/587 1805/644/582 1807/2077/2046
f 1142/2070/2040 1807/2082/2046 1808/2079/2047
f 1143/2071/2041 1808/2079/2047 1809/2080/2048
f 1144/2072/2042 1809/2083/2048 1806/682/613
f 1805/644/582 1131/643/581 1134/2057/2032
f 1807/2082/2046 1134/2124/2032 1133/2060/2034
f 1808/2079/2047 1133/2060/2034 1132/2062/2036
f 1809/2083/2048 1132/2063/2036 1130/646/583
f 1147/649/586 1810/599/545 1812/2084/2049
f 1158/1247/2050 1812/2089/2055 1811/706/634
f 1810/599/545 1041/2105/1183 1050/2086/2052
f 1812/2089/2055 1043/1216/2105 1040/707/635
f 1004/580/527 1813/579/526 1815/2090/2056
f 1815/2093/2059 1814/668/600 1002/2094/1154
f 1813/579/526 1109/637/577 1117/1239/1204
f 1117/2096/2061 1108/670/2106 1814/668/600
