# Blender 5.2.2 LTS
# www.blender.org
mtllib holocron_inf3.mtl
g holocron_inf3_Holocron.006
v 0.029003 0.887055 1.115406
v 1.256500 -0.265335 1.086441
v 0.404388 0.444321 1.104511
v 0.825321 0.053796 1.094681
v 1.774170 -0.550090 1.082607
v -0.329212 1.445216 1.128860
v 0.033294 0.888222 1.227146
v 1.260792 -0.264167 1.198181
v 0.408680 0.445489 1.216248
v 0.829612 0.054965 1.206421
v 1.778461 -0.548923 1.194344
v -0.324921 1.446384 1.240597
v -0.196263 1.657373 1.189201
v 0.186649 1.030191 1.174122
v 0.561786 0.587226 1.163219
v -0.124356 0.745088 1.168430
v -0.457875 1.234227 1.180256
v 1.559719 -0.667271 1.132500
v 1.103073 -0.407368 1.139465
v 0.251281 0.302584 1.157536
v 1.414222 -0.122134 1.145157
v 1.992912 -0.431742 1.144451
v 0.982960 0.196921 1.153397
v 2.061107 -0.893218 1.126194
v 0.671974 -0.088164 1.147705
v 3.426731 -1.111674 1.232784
v -1.001061 -1.102223 1.215885
v -1.018612 3.309739 1.293179
v -1.243725 -1.097699 0.976124
v -1.261078 -1.000656 -3.407900
v -1.253201 3.322583 1.073582
v -1.004658 -1.336257 0.970718
v 3.398277 -1.346661 0.972309
v -1.019081 -1.243414 -3.430357
v 1.059379 -1.173357 -0.027220
v -0.121151 -1.158245 -1.227940
v 0.608047 -1.169681 -0.392366
v 0.207870 -1.164449 -0.804222
v -0.417511 -1.149948 -1.730074
v 1.625644 -1.175358 0.314028
v 1.064087 -1.284889 -0.033825
v -0.116440 -1.269776 -1.234543
v 0.612755 -1.281212 -0.398970
v 0.212578 -1.275979 -0.810825
v -0.412808 -1.261478 -1.736679
v 1.630352 -1.286889 0.307423
v 1.836647 -1.226107 0.179298
v 1.200702 -1.224192 -0.189182
v 0.749145 -1.220520 -0.554073
v 0.922764 -1.234056 0.128138
v 1.419349 -1.236139 0.442154
v -0.528210 -1.211555 -1.523022
v -0.257828 -1.218945 -1.072508
v 0.471653 -1.230369 -0.237265
v 1.988285 -1.237003 0.733826
v 0.020237 -1.209074 -1.389975
v -0.302109 -1.199871 -1.943731
v 0.349186 -1.215283 -0.966175
v -0.765663 -1.202822 -2.019026
v 0.071262 -1.225146 -0.648872
v -1.148720 -0.066318 -1.089972
v -1.125927 1.098614 0.125767
v -1.149483 0.285654 -0.628277
v -1.141270 0.685349 -0.216007
v -1.108483 1.596443 0.440428
v -1.135967 -0.391665 -1.665380
v -1.258740 -0.050611 -1.102394
v -1.235947 1.114321 0.113344
v -1.259503 0.301361 -0.640699
v -1.251286 0.701058 -0.228428
v -1.218502 1.612150 0.428005
v -1.245987 -0.375959 -1.677803
v -1.160324 -0.247916 -1.875124
v -1.176136 0.102788 -1.229397
v -1.176941 0.454499 -0.767488
v -1.231323 -0.219718 -0.962969
v -1.221627 -0.519710 -1.468060
v -1.185612 1.386342 0.546688
v -1.208542 0.945139 0.252831
v -1.232041 0.132514 -0.501488
v -1.203648 -0.795685 -2.044493
v -1.153332 1.267794 -0.013721
v -1.141369 1.822250 0.321743
v -1.168686 0.854448 -0.355425
v -1.223870 0.531962 -0.089010
v 0.611686 0.240936 1.099419
v 0.209667 0.660544 1.109859
v 1.039684 -0.114486 1.090370
v 1.487133 -0.404388 1.083229
v 2.150715 -0.718123 1.086060
v -0.142346 1.131970 1.121346
v -0.552700 1.866386 1.138885
v 0.615978 0.242105 1.211159
v 0.213959 0.661712 1.221596
v 1.043976 -0.113318 1.202103
v 1.491424 -0.403221 1.194965
v 2.155010 -0.716955 1.197800
v -0.138054 1.133138 1.233086
v -0.548405 1.867555 1.250622
v 0.012275 1.283789 1.180267
v 0.367161 0.803536 1.168571
v -0.292679 0.981317 1.174164
v 1.326076 -0.543314 1.135857
v 0.056465 0.518720 1.162884
v -0.796726 2.352496 1.206280
v 1.652481 -0.264293 1.142338
v 0.769176 0.383923 1.158131
v -0.472397 2.225051 1.202682
v 2.582813 -0.899717 1.147816
v -0.628708 1.508890 1.186825
v 1.806595 -0.782491 1.129307
v 1.197395 0.028704 1.149082
v 2.499130 -0.652586 1.154556
v 0.458492 0.099117 1.152447
v 0.886265 -0.256509 1.143391
v 1.078117 -1.286489 0.727369
v -1.203125 1.032270 -1.037703
v -0.763844 0.972725 1.212399
v 0.452743 0.408984 -0.465719
v 1.212837 -1.106948 1.224335
v -1.009835 1.103759 1.254532
v 1.204059 1.099033 1.262981
v -1.252400 -1.049178 -1.215889
v -1.248463 1.112441 1.024853
v -1.257141 1.160964 -1.167160
v 1.196808 -1.341459 0.971512
v -1.011868 -1.289834 -1.229820
v 1.189598 -1.295038 -1.229025
v 0.460598 -1.209135 -0.494556
v 0.465736 0.362853 1.152290
v -1.149582 0.403589 -0.453604
v 1.087627 0.971237 1.215611
v -1.202057 -0.810811 -1.086912
v -0.770169 -1.243297 -1.104935
v 1.092743 -0.863347 1.176582
v -1.197262 0.989045 0.790686
v 1.073715 -1.246444 -1.109419
v 0.399910 -1.167219 -0.594944
v 0.828731 -1.171728 -0.202652
v 0.034672 -1.161464 -1.014656
v -0.265461 -1.154615 -1.454195
v -0.593617 -1.143757 -2.083904
v 1.308204 -1.174578 0.137968
v 2.051723 -1.175705 0.519093
v 0.404617 -1.278750 -0.601549
v 0.833439 -1.283259 -0.209257
v 0.039379 -1.272995 -1.021259
v -0.260750 -1.266148 -1.460800
v -0.588909 -1.255290 -2.090509
v 1.312912 -1.286108 0.131365
v 2.056431 -1.287237 0.512486
v 1.458294 -1.225398 -0.020653
v 0.969913 -1.222567 -0.364456
v 1.162822 -1.235288 0.289986
v -0.398892 -1.215431 -1.292311
v 0.692253 -1.232421 -0.047453
v 2.544960 -1.231580 0.738983
v -0.127320 -1.205333 -1.622684
v 0.541088 -1.218060 -0.756741
v 2.410637 -1.226282 0.442410
v -0.782536 -1.192436 -2.487488
v 1.697517 -1.236661 0.589169
v -0.649094 -1.207299 -1.767157
v 0.176052 -1.212296 -1.176682
v -0.533428 -1.191750 -2.407257
v 0.263435 -1.227911 -0.439749
v -0.101998 -1.222166 -0.859236
v -1.146385 0.481970 -0.414232
v -1.150238 0.102442 -0.854397
v -1.134468 0.890351 -0.036512
v -1.116188 1.320785 0.277359
v -1.105576 1.956234 0.633570
v -1.144654 -0.224436 -1.343317
v -1.121151 -0.585048 -2.096634
v -1.256405 0.497679 -0.426655
v -1.260254 0.118149 -0.866819
v -1.244484 0.906058 -0.048935
v -1.226204 1.336492 0.264935
v -1.215595 1.971939 0.621147
v -1.254673 -0.208729 -1.355742
v -1.231171 -0.569341 -2.109058
v -1.171673 -0.058436 -1.491587
v -1.177681 0.271388 -0.993689
v -1.227650 -0.374732 -1.207472
v -1.198117 1.160234 0.401821
v -1.232811 -0.050796 -0.727528
v -1.157776 -0.786995 -2.599258
v -1.144276 1.497044 0.140471
v -1.173828 0.650910 -0.553522
v -1.139042 -0.495359 -2.455652
v -1.160652 2.374023 0.839279
v -1.213284 -0.659029 -1.750040
v -1.171047 1.625799 0.695623
v -1.161869 1.059521 -0.175991
v -1.150120 2.302373 0.559099
v -1.228962 0.328737 -0.287367
v -1.217079 0.736888 0.090546
v -0.143486 0.728840 1.116081
v -0.141701 0.730573 1.112282
v -0.143780 0.728606 1.114613
v -0.143547 0.728851 1.113373
v -0.142815 0.729541 1.112556
v 0.654659 -0.102651 1.091560
v 0.652851 -0.104407 1.095375
v 0.653534 -0.103691 1.091831
v 0.652794 -0.104391 1.092651
v 0.652553 -0.104641 1.093895
v 0.199669 1.043507 1.118530
v 0.201744 1.045311 1.122540
v 0.200817 1.044552 1.118855
v 0.201614 1.045262 1.119728
v 0.201938 1.045528 1.121025
v 0.998050 0.212041 1.101814
v 0.995968 0.210229 1.097805
v 0.998249 0.212259 1.100296
v 0.997921 0.211992 1.099007
v 0.997120 0.211279 1.098129
v 0.232155 0.286339 1.105194
v 0.233944 0.288071 1.101391
v 0.231857 0.286102 1.103722
v 0.232094 0.286349 1.102482
v 0.232826 0.287042 1.101662
v 0.576877 0.602348 1.111637
v 0.574810 0.600550 1.107628
v 0.577076 0.602565 1.110123
v 0.576751 0.602302 1.108826
v 0.575958 0.601592 1.107952
v 1.429313 -0.107016 1.093578
v 1.427189 -0.108866 1.089569
v 1.429504 -0.106803 1.092064
v 1.429168 -0.107078 1.090767
v 1.428356 -0.107803 1.089890
v 1.085800 -0.421819 1.083317
v 1.083957 -0.423607 1.087151
v 1.084659 -0.422872 1.083591
v 1.083908 -0.423584 1.084415
v 1.083660 -0.423839 1.085667
v 2.008003 -0.416624 1.092876
v 2.004761 -0.417985 1.088802
v 2.008110 -0.416374 1.091354
v 2.007530 -0.416543 1.090046
v 2.006355 -0.417110 1.089149
v 1.543522 -0.682228 1.076412
v 1.540611 -0.683499 1.080215
v 1.541969 -0.683088 1.076668
v 1.540870 -0.683632 1.077477
v 1.540394 -0.683776 1.078724
v 3.115242 -0.891169 1.117626
v 3.101104 -0.886058 1.113258
v 3.115650 -0.889441 1.117764
v 3.112098 -0.890475 1.116001
v 3.108310 -0.889260 1.114597
v 3.116550 -0.891081 1.117924
v 3.114364 -0.890242 1.116264
v 3.111889 -0.889248 1.114941
v 3.113441 -0.889119 1.115410
v 3.104614 -0.885986 1.113708
v 3.108612 -0.886605 1.114723
v 3.104450 -0.887710 1.113636
v 3.108597 -0.887808 1.114243
v 3.112015 -0.888124 1.114994
v 3.112488 -0.887818 1.116146
v 3.114551 -0.888998 1.116333
v 3.115696 -0.889892 1.116428
v 2.042015 -0.909435 1.073952
v 2.040756 -0.906426 1.070492
v 2.041473 -0.909581 1.072472
v 2.041046 -0.909063 1.071297
v 2.040794 -0.907954 1.070599
v -0.477005 1.217980 1.127907
v -0.475857 1.220696 1.124130
v -0.477352 1.217819 1.126438
v -0.477253 1.218279 1.125202
v -0.476731 1.219288 1.124397
v -0.182659 1.669601 1.133587
v -0.181168 1.672493 1.137623
v -0.181736 1.671062 1.133919
v -0.181126 1.672124 1.134804
v -0.180928 1.672625 1.136105
v -0.822506 1.784490 1.141617
v -0.819870 1.779761 1.137486
v -0.820549 1.776298 1.141239
v -0.822769 1.783458 1.140057
v -0.822361 1.782196 1.138721
v -0.822376 1.782530 1.141670
v -0.822525 1.781588 1.140099
v -0.822445 1.780712 1.138855
v -0.822281 1.779710 1.139198
v -0.820828 1.778505 1.137749
v -0.821293 1.777403 1.138557
v -0.821347 1.780898 1.137817
v -0.821755 1.779643 1.138218
v -0.821976 1.778631 1.138783
v -0.821316 1.778094 1.141468
v -0.821957 1.780284 1.141621
v -0.821194 1.776629 1.139782
v -0.821762 1.778283 1.139965
v -0.774952 2.919468 1.167332
v -0.772915 2.920027 1.167210
v -0.770062 2.907826 1.162956
v -0.774800 2.920801 1.167564
v -0.774307 2.916833 1.165703
v -0.773991 2.918998 1.165890
v -0.773571 2.920281 1.165985
v -0.772850 2.918370 1.164982
v -0.771435 2.917498 1.165630
v -0.770375 2.914290 1.164265
v -0.773697 2.921103 1.167500
v -0.772640 2.919314 1.165852
v -0.771858 2.917208 1.164543
v -0.771660 2.910533 1.163330
v -0.773152 2.913695 1.164295
v -0.769890 2.910894 1.163326
v -0.771645 2.914210 1.163857
v -0.773037 2.916956 1.164555
v -0.100621 0.765463 1.224693
v -0.105225 0.761335 1.220779
v -0.101948 0.764251 1.224377
v -0.103291 0.763040 1.223522
v -0.104443 0.762018 1.222260
v 0.691097 -0.071919 1.200039
v 0.695743 -0.067758 1.203968
v 0.691887 -0.071235 1.201523
v 0.693043 -0.070202 1.202793
v 0.694397 -0.068983 1.203651
v 0.171558 1.015071 1.225708
v 0.167171 1.010947 1.229595
v 0.170868 1.014402 1.227215
v 0.169796 1.013383 1.228481
v 0.168495 1.012170 1.229317
v 0.963470 0.177670 1.208870
v 0.967869 0.181802 1.204979
v 0.964798 0.178899 1.208591
v 0.966102 0.180112 1.207756
v 0.967182 0.181134 1.206490
v 0.275024 0.322965 1.213799
v 0.270412 0.318832 1.209881
v 0.273693 0.321753 1.213486
v 0.272346 0.320541 1.212627
v 0.271194 0.319514 1.211365
v 0.542312 0.567993 1.218693
v 0.546692 0.572105 1.214806
v 0.543636 0.569210 1.218414
v 0.544933 0.570422 1.217579
v 0.546005 0.571437 1.216312
v 1.394687 -0.141426 1.200630
v 1.399132 -0.137255 1.196739
v 1.396034 -0.140185 1.200352
v 1.397350 -0.138956 1.199516
v 1.398441 -0.137927 1.198246
v 1.122188 -0.391130 1.191780
v 1.126884 -0.386925 1.195728
v 1.122982 -0.390440 1.193272
v 1.124153 -0.389398 1.194550
v 1.125522 -0.388163 1.195412
v 1.971977 -0.450406 1.199852
v 1.977821 -0.446860 1.196030
v 1.973861 -0.449404 1.199600
v 1.975631 -0.448378 1.198788
v 1.977024 -0.447487 1.197533
v 1.578827 -0.651042 1.184788
v 1.584873 -0.647477 1.188835
v 1.579727 -0.650397 1.186295
v 1.581192 -0.649492 1.187595
v 1.583000 -0.648467 1.188488
v 3.085056 -0.921149 1.220879
v 3.085472 -0.919677 1.220909
v 3.065212 -0.917166 1.224194
v 3.086902 -0.920880 1.221237
v 3.080578 -0.921077 1.222218
v 3.082924 -0.920984 1.222359
v 3.084335 -0.920741 1.222435
v 3.081207 -0.920287 1.223103
v 3.080826 -0.918690 1.222305
v 3.075348 -0.917866 1.223419
v 3.083046 -0.919866 1.222401
v 3.079315 -0.919443 1.223381
v 3.069835 -0.918920 1.224010
v 3.075233 -0.920293 1.223316
v 3.069862 -0.917332 1.224083
v 3.074936 -0.919148 1.223778
v 3.079262 -0.920471 1.223339
v 2.081775 -0.871557 1.182999
v 2.080200 -0.876998 1.178452
v 2.081615 -0.873262 1.182468
v 2.081260 -0.874896 1.181419
v 2.080765 -0.876209 1.180008
v -0.434937 1.255829 1.236549
v -0.438744 1.250476 1.232605
v -0.435963 1.254146 1.236221
v -0.437046 1.252540 1.235355
v -0.438023 1.251251 1.234085
v -0.211354 1.642253 1.240784
v -0.215004 1.636767 1.244644
v -0.211987 1.641481 1.242290
v -0.212902 1.640168 1.243553
v -0.213963 1.638511 1.244377
v -0.784664 1.816851 1.245964
v -0.782288 1.808796 1.245937
v -0.778862 1.814751 1.249897
v -0.784397 1.814920 1.246086
v -0.783852 1.812709 1.246124
v -0.783756 1.816346 1.247475
v -0.783436 1.814710 1.247471
v -0.783123 1.813139 1.247452
v -0.782494 1.813423 1.248245
v -0.781807 1.809966 1.247429
v -0.780991 1.811508 1.248707
v -0.783112 1.810558 1.246071
v -0.782494 1.811612 1.247448
v -0.781868 1.812617 1.248566
v -0.780617 1.815209 1.249603
v -0.782337 1.815770 1.248756
v -0.779957 1.813190 1.249573
v -0.781273 1.813875 1.249153
v -0.782456 1.814475 1.248589
v -0.804775 2.889318 1.270256
v -0.801377 2.872788 1.273960
v -0.803097 2.889789 1.270374
v -0.804837 2.885490 1.271736
v -0.804207 2.881006 1.272957
v -0.804665 2.887677 1.271847
v -0.804257 2.884579 1.272900
v -0.804001 2.886314 1.272621
v -0.801380 2.876764 1.273746
v -0.801708 2.881392 1.272991
v -0.802994 2.876546 1.273735
v -0.803055 2.880972 1.273396
v -0.803196 2.884743 1.272915
v -0.803837 2.890884 1.270596
v -0.802311 2.885964 1.271805
v -0.803482 2.887903 1.271881
v -0.804360 2.888995 1.271904
v -0.754364 -0.862921 1.216881
v -0.758656 -0.858653 1.216934
v -0.762993 -0.867337 1.221020
v -0.755997 -0.862595 1.216881
v -0.757385 -0.861668 1.216888
v -0.756325 -0.863287 1.218494
v -0.758072 -0.862387 1.218403
v -0.758644 -0.862971 1.219307
v -0.758972 -0.860606 1.218529
v -0.759911 -0.862943 1.219864
v -0.758320 -0.860283 1.216908
v -0.758656 -0.864253 1.219849
v -0.761322 -0.865307 1.220737
v -0.759972 -0.864305 1.220291
v -1.254330 -0.767907 -2.894882
v -1.254456 -0.764771 -2.896183
v -1.258648 -0.772240 -2.907597
v -1.254715 -0.767639 -2.896231
v -1.254879 -0.766946 -2.896954
v -1.256153 -0.767663 -2.898132
v -1.256912 -0.768403 -2.899368
v -1.254788 -0.765940 -2.896936
v -1.257370 -0.769113 -2.900986
v -1.258316 -0.771369 -2.904858
v -1.257839 -0.769773 -2.902206
v 2.971653 -0.870250 1.238426
v 2.987743 -0.875431 1.242516
v 2.973331 -0.867042 1.238708
v 2.975075 -0.870769 1.240051
v 2.979336 -0.871935 1.241398
v 2.972984 -0.869959 1.237930
v 2.978184 -0.870989 1.240757
v 2.984848 -0.874230 1.242271
v 2.981094 -0.872215 1.241463
v 2.983783 -0.873572 1.242264
v 2.973892 -0.868226 1.238079
v 2.973770 -0.869249 1.237808
v 2.977047 -0.869690 1.240211
v 2.976272 -0.870172 1.239658
v -0.782742 2.802186 1.284485
v -0.779553 2.803361 1.284374
v -0.788498 2.815123 1.288574
v -0.782429 2.803586 1.284309
v -0.781716 2.804300 1.284233
v -0.783699 2.805229 1.286037
v -0.784081 2.807088 1.286743
v -0.780705 2.804222 1.284256
v -0.782826 2.805980 1.285858
v -0.786812 2.812232 1.288254
v -0.785134 2.808745 1.287392
v -0.785824 2.809917 1.287777
v 2.917701 -1.336358 0.721863
v 2.918937 -1.336297 0.718851
v 2.931000 -1.340743 0.726511
v 2.919105 -1.336354 0.721628
v 2.920517 -1.338002 0.722185
v 2.922714 -1.338832 0.722410
v 2.925236 -1.339428 0.723801
v 2.919773 -1.336321 0.720003
v 2.921707 -1.337934 0.721565
v 2.927715 -1.340375 0.724699
v 2.924042 -1.339432 0.723148
v 2.928432 -1.340394 0.725582
v -1.239704 -0.853874 0.737318
v -1.243942 -0.858404 0.745857
v -1.239697 -0.849717 0.741703
v -1.241329 -0.854249 0.739273
v -1.242703 -0.855241 0.741583
v -1.239704 -0.853589 0.738960
v -1.241268 -0.853950 0.740292
v -1.242142 -0.853977 0.741608
v -1.243622 -0.856352 0.744232
v -1.242703 -0.853982 0.742874
v -1.243153 -0.855321 0.742905
v -1.239697 -0.851339 0.741331
v -1.239701 -0.852698 0.740368
v -1.241322 -0.851650 0.741987
v -1.241268 -0.852663 0.741634
v -1.249382 2.827779 0.848454
v -1.253586 2.841659 0.853695
v -1.249367 2.829065 0.845482
v -1.250996 2.831040 0.849136
v -1.252362 2.834821 0.850372
v -1.249298 2.829184 0.848251
v -1.253266 2.838441 0.852444
v -1.252804 2.835919 0.850952
v -1.252171 2.833659 0.849815
v -1.249291 2.829878 0.846642
v -1.250984 2.831626 0.847996
v -0.761547 -1.326838 0.730864
v -0.770386 -1.331184 0.735374
v -0.765816 -1.326735 0.726614
v -0.763478 -1.328471 0.731180
v -0.765835 -1.329873 0.732149
v -0.763176 -1.326829 0.730543
v -0.764511 -1.328406 0.730865
v -0.765850 -1.329282 0.730862
v -0.767151 -1.329839 0.730839
v -0.768261 -1.330825 0.733622
v -0.767216 -1.330322 0.732210
v -0.765488 -1.326775 0.728245
v -0.764561 -1.326807 0.729624
v -0.766163 -1.328407 0.728508
v -0.765843 -1.328373 0.729544
v -0.774601 -1.249169 -2.938478
v -0.779137 -1.253153 -2.951853
v -0.771584 -1.249150 -2.939739
v -0.774952 -1.250738 -2.941450
v -0.774376 -1.249140 -2.939880
v -0.775139 -1.251513 -2.943537
v -0.778160 -1.252882 -2.949141
v -0.776383 -1.252026 -2.945887
v -0.772743 -1.249130 -2.940563
v -0.774269 -1.250660 -2.942459
v -1.248558 3.804000 1.297783
v -1.249352 3.806223 1.294281
v -1.252819 3.803527 1.293472
v -1.247994 3.805027 1.297512
v -1.247944 3.805810 1.296753
v -1.250183 3.803879 1.297432
v -1.249920 3.805770 1.297054
v -1.249836 3.806999 1.296455
v -1.250679 3.806238 1.293358
v -1.251805 3.805731 1.292877
v -1.248425 3.806230 1.295616
v -1.250164 3.806894 1.295120
v -1.251492 3.806964 1.294800
v -1.252484 3.803625 1.295097
v -1.251560 3.803747 1.296490
v -1.252556 3.804782 1.292923
v -1.252095 3.805646 1.294865
v -1.251381 3.806112 1.296341
v 3.865509 -1.352578 1.218082
v 3.867637 -1.349116 1.219425
v 3.865680 -1.347899 1.223061
v 3.866409 -1.352302 1.217602
v 3.867130 -1.351548 1.217690
v 3.865543 -1.352251 1.219921
v 3.867317 -1.351841 1.219727
v 3.868446 -1.351227 1.219719
v 3.867603 -1.348084 1.220783
v 3.867218 -1.347491 1.221951
v 3.867561 -1.350428 1.218330
v 3.868301 -1.349867 1.220154
v 3.868488 -1.349489 1.221546
v 3.865638 -1.349719 1.222610
v 3.865589 -1.351248 1.221508
v 3.866543 -1.347426 1.222752
v 3.867382 -1.349513 1.222183
v 3.867786 -1.351089 1.221348
v -1.239014 -1.336998 1.210754
v -1.243511 -1.336921 1.206322
v -1.238934 -1.341331 1.206066
v -1.240734 -1.336992 1.210411
v -1.242195 -1.336975 1.209446
v -1.238999 -1.338689 1.210373
v -1.240662 -1.338619 1.209873
v -1.241993 -1.338564 1.209213
v -1.241585 -1.339510 1.208782
v -1.243164 -1.338610 1.206249
v -1.242176 -1.340039 1.206177
v -1.243168 -1.336950 1.208012
v -1.242665 -1.338581 1.207893
v -1.241986 -1.339886 1.207802
v -1.238957 -1.341033 1.207836
v -1.238980 -1.340106 1.209347
v -1.240689 -1.340996 1.206116
v -1.240639 -1.340543 1.207809
v -1.240608 -1.339916 1.209167
v -1.263504 -1.229046 -3.908148
v -1.260071 -1.230156 -3.910879
v -1.258972 -1.233676 -3.908752
v -1.263252 -1.228514 -3.909294
v -1.262512 -1.228538 -3.910217
v -1.263161 -1.230822 -3.908300
v -1.262772 -1.230556 -3.910271
v -1.262173 -1.230495 -3.911558
v -1.259053 -1.231493 -3.910858
v -1.258484 -1.232634 -3.910448
v -1.261395 -1.229114 -3.910774
v -1.260826 -1.230890 -3.911499
v -1.260449 -1.232252 -3.911661
v -1.260708 -1.233328 -3.908628
v -1.262181 -1.232326 -3.908468
v -1.258457 -1.233399 -3.909708
v -1.260487 -1.232889 -3.910475
v -1.262024 -1.232111 -3.910807
v 2.907039 -0.859409 1.121124
v 2.908520 -0.856127 1.120983
v 2.899288 -0.854760 1.117004
v 2.908954 -0.859307 1.121075
v 2.909908 -0.858648 1.121029
v 2.905422 -0.858784 1.119553
v 2.908134 -0.858104 1.119503
v 2.906635 -0.857588 1.118668
v 2.906788 -0.855752 1.119419
v 2.904426 -0.855361 1.118114
v 2.909755 -0.857531 1.120998
v 2.905933 -0.856785 1.118332
v 2.901226 -0.856267 1.117321
v 2.903381 -0.857681 1.118214
v 2.901790 -0.855013 1.117268
v 2.903881 -0.856576 1.117645
v 2.905514 -0.857716 1.118374
v -0.754570 -0.860806 1.129879
v -0.754574 -0.856445 1.125725
v -0.758827 -0.856550 1.129990
v -0.754574 -0.860442 1.128258
v -0.754578 -0.859487 1.126900
v -0.756203 -0.860484 1.129890
v -0.756245 -0.860052 1.128231
v -0.756161 -0.859277 1.127125
v -0.756207 -0.856454 1.126053
v -0.757588 -0.856476 1.126980
v -0.754578 -0.858082 1.126007
v -0.756249 -0.858133 1.126404
v -0.757370 -0.858068 1.127155
v -0.758503 -0.858178 1.129951
v -0.757584 -0.859560 1.129917
v -0.758507 -0.856510 1.128365
v -0.758118 -0.858179 1.128281
v -0.757370 -0.859306 1.128334
v -0.755150 2.803917 1.218193
v -0.749260 2.798000 1.214108
v -0.752079 2.805040 1.218369
v -0.754017 2.803056 1.216644
v -0.752499 2.801631 1.215321
v -0.755097 2.805750 1.218273
v -0.753891 2.804859 1.216686
v -0.752644 2.803588 1.215607
v -0.749653 2.800284 1.214497
v -0.750328 2.802425 1.215443
v -0.750828 2.799854 1.214432
v -0.751297 2.802258 1.214886
v -0.753433 2.806359 1.218369
v -0.754494 2.806607 1.218334
v -0.751179 2.804094 1.216805
v -0.752537 2.805353 1.216763
v -1.152706 -0.853998 0.737110
v -1.152691 -0.849839 0.741472
v -1.148438 -0.849743 0.737202
v -1.152699 -0.853712 0.738747
v -1.152695 -0.852820 0.740150
v -1.151074 -0.853675 0.737112
v -1.151028 -0.853323 0.738792
v -1.151112 -0.852599 0.739937
v -1.151058 -0.849831 0.741144
v -1.149681 -0.849811 0.740217
v -1.152691 -0.851459 0.741106
v -1.151020 -0.851494 0.740711
v -1.149899 -0.851394 0.739962
v -1.148766 -0.851371 0.737164
v -1.149693 -0.852752 0.737131
v -1.148758 -0.849781 0.738831
v -1.149151 -0.851452 0.738832
v -1.149903 -0.852574 0.738724
v -1.161484 -0.767477 -2.926718
v -1.157208 -0.763334 -2.922314
v -1.161366 -0.764348 -2.928095
v -1.159851 -0.767180 -2.925724
v -1.158463 -0.766290 -2.924538
v -1.161816 -0.767209 -2.928087
v -1.160053 -0.766776 -2.927528
v -1.158676 -0.766109 -2.926819
v -1.159107 -0.765738 -2.927792
v -1.157524 -0.762984 -2.924198
v -1.158428 -0.763057 -2.925957
v -1.157536 -0.764942 -2.923340
v -1.158001 -0.764758 -2.925655
v -1.158661 -0.764729 -2.927425
v -1.161751 -0.765512 -2.928831
v -1.161911 -0.766519 -2.928829
v -1.159775 -0.763533 -2.927326
v -1.160015 -0.765046 -2.928289
v -1.160156 -0.766213 -2.928667
v -1.147282 2.827954 0.831112
v -1.147316 2.829249 0.828117
v -1.143101 2.822013 0.825993
v -1.147209 2.829359 0.830902
v -1.145676 2.826579 0.830479
v -1.145703 2.828280 0.830170
v -1.145729 2.829373 0.829697
v -1.144856 2.828218 0.829041
v -1.145703 2.828116 0.827126
v -1.144333 2.826344 0.826370
v -1.147228 2.830059 0.829285
v -1.145714 2.829009 0.828575
v -1.144493 2.827746 0.828022
v -1.143414 2.823361 0.827713
v -1.144318 2.824965 0.829285
v -1.143418 2.824201 0.825974
v -1.143879 2.825790 0.827808
v -1.144490 2.827159 0.829266
v 2.917782 -1.242904 0.723930
v 2.911724 -1.238544 0.719778
v 2.919018 -1.242836 0.720921
v 2.916393 -1.241267 0.723646
v 2.914753 -1.239862 0.722755
v 2.919182 -1.242900 0.723698
v 2.918087 -1.241316 0.723286
v 2.916942 -1.240039 0.722641
v 2.917988 -1.240415 0.722309
v 2.913856 -1.238867 0.719591
v 2.915992 -1.239794 0.719744
v 2.913112 -1.238906 0.721399
v 2.915519 -1.239377 0.721319
v 2.917473 -1.240013 0.721355
v 2.919849 -1.242864 0.722069
v 2.917804 -1.241189 0.720209
v 2.918758 -1.241281 0.721655
v 2.919166 -1.241345 0.722775
v -0.761467 -1.239859 0.732817
v -0.765740 -1.239762 0.728567
v -0.761475 -1.235506 0.728651
v -0.763100 -1.239851 0.732496
v -0.764485 -1.239829 0.731575
v -0.761467 -1.238223 0.732529
v -0.763138 -1.238172 0.732141
v -0.764267 -1.238239 0.731394
v -0.765412 -1.238131 0.728601
v -0.764488 -1.236751 0.728630
v -0.765412 -1.239798 0.730194
v -0.765019 -1.238128 0.730274
v -0.764267 -1.237001 0.730213
v -0.761471 -1.235866 0.730274
v -0.761467 -1.236820 0.731634
v -0.763104 -1.235828 0.728649
v -0.763142 -1.236256 0.730310
v -0.763054 -1.237030 0.731419
v -0.774521 -1.157515 -2.936443
v -0.771508 -1.157488 -2.937704
v -0.770245 -1.153394 -2.930359
v -0.774487 -1.157474 -2.938303
v -0.773903 -1.157454 -2.939196
v -0.774006 -1.155906 -2.935493
v -0.773915 -1.155825 -2.937321
v -0.772984 -1.155045 -2.936947
v -0.771218 -1.155883 -2.936657
v -0.770878 -1.154541 -2.934895
v -0.772854 -1.157461 -2.938986
v -0.772587 -1.155815 -2.937876
v -0.771687 -1.153677 -2.932201
v -0.773010 -1.154559 -2.934004
v -0.770535 -1.153666 -2.932684
v -0.772030 -1.154013 -2.934647
v -0.773091 -1.154729 -2.935999
v 0.905266 -1.182677 0.148685
v 0.906841 -1.178770 0.146931
v 0.904991 -1.181214 0.149019
v 0.905193 -1.179957 0.148802
v 0.905842 -1.179099 0.148067
v 0.055359 -1.169862 -0.630100
v 0.053768 -1.173770 -0.628326
v 0.054352 -1.170191 -0.628954
v 0.053695 -1.171050 -0.628214
v 0.053493 -1.172306 -0.627995
v 1.211902 -1.167945 -0.201355
v 1.213783 -1.171848 -0.203548
v 1.212929 -1.168210 -0.202530
v 1.213646 -1.169047 -0.203360
v 1.213947 -1.170324 -0.203716
v 0.362270 -1.162941 -0.980537
v 0.360382 -1.159037 -0.978340
v 0.362430 -1.161416 -0.980709
v 0.362133 -1.160138 -0.980350
v 0.361412 -1.159304 -0.979519
v 0.454155 -1.178989 -0.216715
v 0.455730 -1.175086 -0.218472
v 0.453880 -1.177526 -0.216383
v 0.454082 -1.176270 -0.216599
v 0.454731 -1.175415 -0.217333
v 0.762226 -1.168178 -0.568439
v 0.760353 -1.164275 -0.566254
v 0.762394 -1.166652 -0.568607
v 0.762092 -1.165375 -0.568253
v 0.761379 -1.164540 -0.567429
v 0.033321 -1.156738 -1.404337
v 0.031402 -1.152830 -1.402103
v 0.033481 -1.155211 -1.404505
v 0.033172 -1.153933 -1.404140
v 0.032444 -1.153097 -1.403297
v -0.273697 -1.163659 -1.053774
v -0.275322 -1.167582 -1.051968
v -0.274719 -1.163988 -1.052612
v -0.275383 -1.164850 -1.051863
v -0.275597 -1.166111 -1.051636
v -0.289032 -1.147539 -1.958094
v -0.290463 -1.143640 -1.954880
v -0.288830 -1.146010 -1.958187
v -0.289032 -1.144733 -1.957609
v -0.289608 -1.143900 -1.956448
v -0.544560 -1.156252 -1.505268
v -0.545693 -1.160214 -1.502489
v -0.545395 -1.156590 -1.503735
v -0.545902 -1.157464 -1.502666
v -0.546005 -1.158736 -1.502232
v -0.786335 -1.129844 -2.965872
v -0.781048 -1.126066 -2.953245
v -0.784455 -1.129792 -2.966438
v -0.785618 -1.128367 -2.963003
v -0.784363 -1.127130 -2.959597
v -0.786255 -1.130073 -2.967201
v -0.785416 -1.128485 -2.965229
v -0.784405 -1.127252 -2.963005
v -0.784279 -1.127621 -2.964499
v -0.781021 -1.126297 -2.956516
v -0.781655 -1.127086 -2.960171
v -0.782761 -1.126321 -2.956169
v -0.782910 -1.126678 -2.960064
v -0.783257 -1.127233 -2.963251
v -0.785240 -1.130044 -2.967508
v -0.782860 -1.128313 -2.963657
v -0.784119 -1.128457 -2.965540
v -0.785069 -1.128546 -2.966551
v -0.783135 -1.151512 -1.998507
v -0.780194 -1.147589 -1.997276
v -0.783314 -1.150025 -1.997938
v -0.782818 -1.148757 -1.997505
v -0.781723 -1.147902 -1.997272
v 1.401859 -1.184774 0.462696
v 1.404526 -1.180859 0.461575
v 1.401661 -1.183306 0.463078
v 1.402099 -1.182046 0.462999
v 1.403103 -1.181186 0.462473
v 1.846683 -1.169859 0.166536
v 1.849727 -1.173766 0.164934
v 1.848156 -1.170126 0.165585
v 1.849251 -1.170962 0.164948
v 1.849804 -1.172240 0.164719
v 1.970100 -1.181720 0.751619
v 1.970802 -1.185665 0.754358
v 1.969967 -1.182049 0.753139
v 1.970054 -1.182915 0.754194
v 1.970344 -1.184185 0.754622
v 3.110317 -1.173879 0.729883
v 3.110790 -1.173819 0.728058
v 3.096809 -1.169912 0.724863
v 3.111645 -1.174085 0.729774
v 3.107265 -1.172368 0.729218
v 3.109512 -1.172494 0.728962
v 3.110843 -1.172556 0.728592
v 3.108661 -1.171616 0.727844
v 3.107788 -1.172290 0.726498
v 3.104080 -1.171013 0.725344
v 3.111900 -1.174053 0.728786
v 3.109764 -1.172456 0.727688
v 3.107319 -1.171209 0.726854
v 3.099952 -1.170221 0.726501
v 3.103622 -1.171084 0.728029
v 3.100223 -1.170177 0.724768
v 3.103992 -1.170620 0.726568
v 3.107124 -1.171240 0.727993
v 0.944431 -1.289135 0.102787
v 0.940258 -1.285436 0.107590
v 0.943233 -1.288886 0.104158
v 0.942016 -1.288096 0.105553
v 0.940975 -1.286885 0.106758
v 0.088760 -1.276526 -0.669420
v 0.092945 -1.280227 -0.674242
v 0.089473 -1.277973 -0.670254
v 0.090523 -1.279184 -0.671463
v 0.091739 -1.279977 -0.672863
v 1.187618 -1.276537 -0.174818
v 1.183731 -1.280642 -0.170420
v 1.187015 -1.278077 -0.174145
v 1.186065 -1.279398 -0.173073
v 1.184910 -1.280298 -0.171764
v 0.332210 -1.271736 -0.947407
v 0.336101 -1.267623 -0.951809
v 0.333393 -1.271389 -0.948755
v 0.334549 -1.270486 -0.950066
v 0.335499 -1.269164 -0.951138
v 0.493320 -1.285450 -0.262613
v 0.489151 -1.281753 -0.257814
v 0.492119 -1.285200 -0.261242
v 0.490906 -1.284412 -0.259850
v 0.489864 -1.283200 -0.258646
v 0.732181 -1.276974 -0.535320
v 0.736061 -1.272865 -0.539707
v 0.733360 -1.276630 -0.536663
v 0.734508 -1.275728 -0.537968
v 0.735458 -1.274406 -0.539036
v 0.003231 -1.265527 -1.371172
v 0.007156 -1.261412 -1.375610
v 0.004425 -1.265181 -1.372534
v 0.005592 -1.264277 -1.373856
v 0.006550 -1.262952 -1.374937
v -0.240338 -1.270311 -1.093050
v -0.236111 -1.274023 -1.097918
v -0.239617 -1.271763 -1.093887
v -0.238560 -1.272981 -1.095108
v -0.237332 -1.273773 -1.096523
v -0.318501 -1.256342 -1.923695
v -0.315190 -1.252200 -1.929371
v -0.317539 -1.255989 -1.925529
v -0.316574 -1.255077 -1.927252
v -0.315750 -1.253747 -1.928600
v -0.510723 -1.262902 -1.543556
v -0.507115 -1.266613 -1.549660
v -0.510048 -1.264360 -1.544491
v -0.509125 -1.265578 -1.545979
v -0.508095 -1.266368 -1.547794
v -0.812161 -1.234456 -2.937197
v -0.810612 -1.234447 -2.937717
v -0.807636 -1.238822 -2.919088
v -0.811924 -1.234757 -2.939075
v -0.811947 -1.236078 -2.933086
v -0.811909 -1.236087 -2.935352
v -0.811695 -1.236078 -2.936729
v -0.811150 -1.236898 -2.933849
v -0.809525 -1.236053 -2.933550
v -0.808579 -1.237451 -2.928545
v -0.810776 -1.236076 -2.935575
v -0.810253 -1.237245 -2.932154
v -0.809498 -1.238441 -2.923286
v -0.811013 -1.237478 -2.928202
v -0.807915 -1.238422 -2.923468
v -0.809849 -1.237895 -2.928070
v -0.811283 -1.237256 -2.932005
v -0.742619 -1.257954 -2.041363
v -0.748188 -1.254141 -2.039551
v -0.744347 -1.257680 -2.041143
v -0.746010 -1.256860 -2.040722
v -0.747360 -1.255617 -2.040163
v 1.442386 -1.291223 0.417595
v 1.436840 -1.287508 0.421608
v 1.440662 -1.290971 0.418663
v 1.439003 -1.290176 0.419802
v 1.437664 -1.288960 0.420835
v 1.823566 -1.278448 0.193663
v 1.818210 -1.282556 0.197313
v 1.822849 -1.279988 0.194279
v 1.821579 -1.281311 0.195187
v 1.819950 -1.282213 0.196255
v 2.005768 -1.288353 0.713291
v 2.007705 -1.292083 0.707521
v 2.006317 -1.289812 0.712381
v 2.006878 -1.291033 0.710966
v 2.007366 -1.291831 0.709259
v 3.084183 -1.278523 0.758305
v 3.065429 -1.282609 0.754360
v 3.084625 -1.278498 0.756786
v 3.079933 -1.280090 0.758232
v 3.074878 -1.281417 0.757458
v 3.085502 -1.278725 0.758310
v 3.082245 -1.280109 0.758131
v 3.078785 -1.281237 0.757618
v 3.080669 -1.280894 0.757429
v 3.069904 -1.282264 0.754505
v 3.075123 -1.281363 0.755018
v 3.069786 -1.282302 0.756096
v 3.074695 -1.281817 0.756306
v 3.078892 -1.281215 0.756586
v 3.080292 -1.280038 0.755819
v 3.082420 -1.280085 0.757000
v 3.083641 -1.280101 0.757879
v -1.183140 -0.244791 -0.942513
v -1.179009 -0.243319 -0.943747
v -1.181736 -0.245246 -0.942142
v -1.180454 -0.245127 -0.942247
v -1.179497 -0.244450 -0.942810
v -1.171555 0.508367 -0.069794
v -1.175682 0.506884 -0.068552
v -1.172043 0.507233 -0.068855
v -1.173001 0.506551 -0.068289
v -1.174275 0.506431 -0.068184
v -1.118435 0.110659 -1.236177
v -1.122002 0.113210 -1.238264
v -1.118534 0.111878 -1.237185
v -1.119244 0.112794 -1.237934
v -1.120465 0.113260 -1.238312
v -1.114552 0.864871 -0.364292
v -1.110989 0.862309 -0.362194
v -1.113014 0.864920 -0.364340
v -1.111798 0.864450 -0.363958
v -1.111084 0.863532 -0.363205
v -1.183853 0.107440 -0.481030
v -1.179730 0.108907 -0.482260
v -1.182450 0.106983 -0.480659
v -1.181172 0.107101 -0.480764
v -1.180214 0.107777 -0.481327
v -1.122811 0.464924 -0.776354
v -1.119244 0.462379 -0.774273
v -1.121269 0.464974 -0.776403
v -1.120053 0.464506 -0.776024
v -1.119339 0.463597 -0.775276
v -1.099201 1.278218 -0.022589
v -1.095642 1.275614 -0.020458
v -1.097660 1.278264 -0.022635
v -1.096443 1.277784 -0.022245
v -1.095734 1.276855 -0.021481
v -1.156224 0.921569 0.272024
v -1.160359 0.920064 0.273289
v -1.156716 0.920425 0.272972
v -1.157673 0.919738 0.273544
v -1.158951 0.919611 0.273657
v -1.087242 1.832671 0.312878
v -1.083565 1.829111 0.314556
v -1.085690 1.832646 0.312796
v -1.084446 1.831961 0.313087
v -1.083702 1.830720 0.313705
v -1.133415 1.363630 0.566376
v -1.137429 1.361268 0.567142
v -1.133858 1.362157 0.567133
v -1.134777 1.361193 0.567545
v -1.136032 1.360879 0.567549
v -1.111878 2.881187 0.822178
v -1.107430 2.869587 0.817806
v -1.111725 2.881674 0.820137
v -1.110241 2.878554 0.821728
v -1.108822 2.875424 0.820740
v -1.110363 2.880653 0.821388
v -1.109024 2.878574 0.820599
v -1.109417 2.879962 0.820358
v -1.107750 2.872581 0.817600
v -1.108681 2.875928 0.817970
v -1.107834 2.872276 0.819363
v -1.108307 2.875853 0.819290
v -1.108963 2.878790 0.819424
v -1.112057 2.883082 0.821533
v -1.110077 2.879121 0.818859
v -1.110283 2.880923 0.820042
v -1.110417 2.881891 0.820953
v -1.107582 1.852839 0.867790
v -1.107395 1.844205 0.865932
v -1.104035 1.846968 0.865410
v -1.107697 1.850791 0.867661
v -1.107704 1.848430 0.867260
v -1.106095 1.851538 0.868141
v -1.106198 1.849531 0.867901
v -1.106240 1.847716 0.867668
v -1.106018 1.844308 0.866642
v -1.104897 1.844870 0.866791
v -1.107598 1.846116 0.866653
v -1.106156 1.846036 0.867172
v -1.105030 1.846173 0.867451
v -1.104176 1.848358 0.866848
v -1.104901 1.849964 0.867805
v -1.104199 1.845804 0.866360
v -1.104519 1.847122 0.867245
v -1.105034 1.848384 0.867889
v -1.173462 -0.544775 -1.447611
v -1.169285 -0.543910 -1.449951
v -1.172047 -0.545279 -1.447323
v -1.170758 -0.545292 -1.447666
v -1.169789 -0.544811 -1.448589
v -1.102661 -0.239485 -1.880722
v -1.106194 -0.237494 -1.883991
v -1.102741 -0.238480 -1.882181
v -1.103443 -0.237747 -1.883314
v -1.104656 -0.237401 -1.883949
v -1.151425 -0.818347 -2.022978
v -1.155506 -0.820738 -2.024054
v -1.151882 -0.819838 -2.022923
v -1.152817 -0.820815 -2.023106
v -1.154091 -0.821132 -2.023502
v -1.058167 -0.768101 -3.158508
v -1.057930 -0.766278 -3.158918
v -1.054821 -0.763764 -3.144600
v -1.058266 -0.767941 -3.159843
v -1.056839 -0.767637 -3.155333
v -1.056778 -0.767317 -3.157579
v -1.056713 -0.766910 -3.158899
v -1.055882 -0.766294 -3.156633
v -1.056511 -0.764923 -3.155771
v -1.055420 -0.763970 -3.151945
v -1.058136 -0.766955 -3.160065
v -1.056622 -0.766044 -3.157787
v -1.055500 -0.765377 -3.155235
v -1.055027 -0.765293 -3.147806
v -1.055737 -0.766652 -3.151577
v -1.054829 -0.763565 -3.148022
v -1.055134 -0.765224 -3.151867
v -1.055630 -0.766514 -3.155077
v -1.282498 -0.189462 -0.987688
v -1.279507 -0.194643 -0.983425
v -1.282444 -0.190875 -0.986519
v -1.281857 -0.192358 -0.985300
v -1.280827 -0.193682 -0.984213
v -1.272061 0.557038 -0.109470
v -1.275044 0.562223 -0.113733
v -1.273377 0.558000 -0.110256
v -1.274407 0.559322 -0.111343
v -1.274994 0.560804 -0.112564
v -1.230267 0.092366 -1.220530
v -1.234982 0.088216 -1.217081
v -1.231896 0.091805 -1.220060
v -1.233364 0.090820 -1.219238
v -1.234448 0.089560 -1.218193
v -1.227535 0.839866 -0.343102
v -1.222821 0.844024 -0.346556
v -1.227001 0.841213 -0.344215
v -1.225914 0.842477 -0.345264
v -1.224446 0.843465 -0.346087
v -1.283219 0.162764 -0.526199
v -1.280232 0.157592 -0.521946
v -1.283165 0.161351 -0.525036
v -1.282578 0.159872 -0.523817
v -1.281548 0.158552 -0.522734
v -1.235790 0.439935 -0.755178
v -1.231079 0.444077 -0.758619
v -1.235256 0.441276 -0.756289
v -1.234173 0.442534 -0.757330
v -1.232704 0.443518 -0.758150
v -1.212185 1.253170 -0.001364
v -1.207463 1.257372 -0.004854
v -1.211647 1.254532 -0.002491
v -1.210560 1.255810 -0.003551
v -1.209091 1.256807 -0.004381
v -1.256729 0.970217 0.232374
v -1.259712 0.975427 0.228086
v -1.258049 0.971181 0.231585
v -1.259079 0.972508 0.230494
v -1.259663 0.974001 0.229265
v -1.200081 1.806434 0.333525
v -1.195500 1.811828 0.330612
v -1.199597 1.808255 0.332619
v -1.198555 1.809918 0.331745
v -1.197117 1.811174 0.331041
v -1.233795 1.411415 0.526232
v -1.236935 1.417697 0.522568
v -1.235127 1.412463 0.525490
v -1.236191 1.414023 0.524532
v -1.236824 1.415860 0.523506
v -1.219967 2.860378 0.839630
v -1.219986 2.860829 0.837868
v -1.223805 2.844937 0.835831
v -1.220154 2.861704 0.839539
v -1.221508 2.856813 0.839516
v -1.221562 2.858967 0.839314
v -1.221577 2.860259 0.838982
v -1.222363 2.857730 0.838551
v -1.221489 2.857270 0.836922
v -1.222740 2.853002 0.836205
v -1.221550 2.859188 0.838097
v -1.222668 2.856241 0.837708
v -1.223583 2.848456 0.837460
v -1.222775 2.852624 0.838757
v -1.223553 2.848671 0.835819
v -1.223198 2.852666 0.837532
v -1.222683 2.856080 0.838787
v -1.203232 1.902556 0.827503
v -1.207680 1.900915 0.821556
v -1.203758 1.894349 0.825024
v -1.204762 1.902165 0.826527
v -1.206146 1.901717 0.825050
v -1.203495 1.900606 0.827187
v -1.204865 1.900549 0.826183
v -1.206005 1.900441 0.825161
v -1.205719 1.899355 0.825195
v -1.207253 1.899287 0.822613
v -1.206356 1.897466 0.823643
v -1.207173 1.901277 0.823303
v -1.206681 1.899907 0.823956
v -1.206097 1.898583 0.824547
v -1.203781 1.896164 0.825844
v -1.203686 1.898362 0.826607
v -1.205128 1.895732 0.824490
v -1.205044 1.897421 0.825195
v -1.204941 1.898974 0.825844
v -1.272770 -0.490204 -1.494171
v -1.269799 -0.494644 -1.488512
v -1.272728 -0.491333 -1.492470
v -1.272152 -0.492574 -1.490797
v -1.271122 -0.493737 -1.489407
v -1.214451 -0.258337 -1.866257
v -1.219216 -0.261780 -1.861324
v -1.216084 -0.258843 -1.865673
v -1.217564 -0.259676 -1.864531
v -1.218663 -0.260708 -1.863005
v -1.251801 -0.770628 -2.064938
v -1.254914 -0.764530 -2.066935
v -1.253140 -0.769594 -2.065556
v -1.254200 -0.768069 -2.066153
v -1.254826 -0.766292 -2.066637
v -1.166363 -0.788641 -3.140795
v -1.171490 -0.784861 -3.122259
v -1.166184 -0.787120 -3.141186
v -1.168228 -0.788550 -3.136663
v -1.169857 -0.787802 -3.131695
v -1.168068 -0.788388 -3.138971
v -1.169403 -0.787875 -3.135584
v -1.168911 -0.787667 -3.137430
v -1.170834 -0.784921 -3.126701
v -1.169594 -0.785367 -3.131855
v -1.171002 -0.786505 -3.126635
v -1.170178 -0.786627 -3.131504
v -1.169293 -0.786845 -3.135654
v -1.166470 -0.788290 -3.142668
v -1.167961 -0.786141 -3.136942
v -1.167942 -0.787260 -3.139105
v -1.167938 -0.788103 -3.140352
v -1.241795 1.383595 -1.404346
v 0.441162 0.084615 1.096298
v 0.439365 0.082870 1.100109
v 0.440040 0.083579 1.096573
v 0.439304 0.082883 1.097389
v 0.439068 0.082636 1.098633
v 0.380184 0.816861 1.112980
v 0.382252 0.818657 1.116985
v 0.381328 0.817901 1.113304
v 0.382126 0.818611 1.114178
v 0.382450 0.818874 1.115471
v 0.039123 0.504205 1.106739
v 0.037338 0.502472 1.110538
v 0.038006 0.503175 1.107010
v 0.037277 0.502485 1.107826
v 0.037040 0.502238 1.109066
v 0.782192 0.397241 1.102539
v 0.784267 0.399044 1.106548
v 0.783340 0.398286 1.102863
v 0.784137 0.398995 1.103741
v 0.784462 0.399263 1.105034
v 1.210384 0.041995 1.093491
v 1.212486 0.043825 1.097504
v 1.211544 0.043050 1.093815
v 1.212349 0.043768 1.094692
v 1.212681 0.044041 1.095985
v 0.868973 -0.270981 1.087242
v 0.867145 -0.272749 1.091068
v 0.867836 -0.272028 1.087517
v 0.867092 -0.272731 1.088341
v 0.866848 -0.272985 1.089584
v 1.308952 -0.557817 1.079720
v 1.306961 -0.559547 1.083561
v 1.307754 -0.558852 1.079994
v 1.306957 -0.559541 1.080818
v 1.306679 -0.559788 1.082069
v 1.665291 -0.250976 1.086739
v 1.667572 -0.249175 1.090759
v 1.666519 -0.249931 1.087063
v 1.667381 -0.249224 1.087940
v 1.667751 -0.248956 1.089241
v 2.571064 -0.896233 1.091816
v 2.580826 -0.900260 1.096054
v 2.574749 -0.897787 1.092178
v 2.577900 -0.899098 1.093109
v 2.580036 -0.899965 1.094471
v 1.792618 -0.798463 1.073334
v 1.787494 -0.798713 1.077042
v 1.790214 -0.798934 1.073544
v 1.788399 -0.799146 1.074322
v 1.787441 -0.799068 1.075550
v 2.508617 -0.637826 1.098782
v 2.514221 -0.637470 1.102982
v 2.511116 -0.637333 1.099174
v 2.513057 -0.637092 1.100113
v 2.514148 -0.637140 1.101448
v 0.025371 1.296965 1.124672
v 0.027370 1.298910 1.128685
v 0.026489 1.298065 1.124996
v 0.027263 1.298819 1.125874
v 0.027569 1.299115 1.127167
v -0.310112 0.966930 1.118019
v -0.311810 0.965068 1.121815
v -0.311192 0.965851 1.118290
v -0.311894 0.965119 1.119106
v -0.312111 0.964846 1.120346
v -0.794949 2.344175 1.150227
v -0.798710 2.351957 1.154671
v -0.796437 2.347138 1.150623
v -0.797676 2.349660 1.151604
v -0.798474 2.351350 1.153027
v -0.457756 2.235099 1.147015
v -0.457306 2.240172 1.151100
v -0.457230 2.237394 1.147366
v -0.456959 2.239164 1.148270
v -0.456990 2.240140 1.149578
v -0.647785 1.497122 1.130745
v -0.647839 1.492639 1.134476
v -0.648236 1.495041 1.130989
v -0.648403 1.493457 1.131783
v -0.648262 1.492616 1.133007
v 0.477619 0.115362 1.204784
v 0.482242 0.119508 1.208710
v 0.478405 0.116045 1.206268
v 0.479557 0.117072 1.207535
v 0.480907 0.118291 1.208393
v 0.352066 0.788416 1.220158
v 0.347687 0.784301 1.224045
v 0.351379 0.787748 1.221664
v 0.350307 0.786733 1.222931
v 0.349010 0.785522 1.223766
v 0.075596 0.534968 1.215229
v 0.080204 0.539100 1.219147
v 0.076378 0.535650 1.216713
v 0.077530 0.536674 1.217976
v 0.078872 0.537884 1.218830
v 0.754081 0.368803 1.209717
v 0.749695 0.364683 1.213604
v 0.753395 0.368134 1.211224
v 0.752319 0.367117 1.212490
v 0.751018 0.365905 1.213329
v 1.182304 0.013584 1.200668
v 1.177887 0.009436 1.204556
v 1.181614 0.012915 1.202175
v 1.180530 0.011893 1.203442
v 1.179222 0.010669 1.204277
v 0.905388 -0.240270 1.195713
v 0.910053 -0.236087 1.199654
v 0.906177 -0.239582 1.197205
v 0.907341 -0.238546 1.198475
v 0.908703 -0.237319 1.199337
v 1.345188 -0.527081 1.188164
v 1.350071 -0.522942 1.192135
v 1.345997 -0.526394 1.189659
v 1.347210 -0.525367 1.190941
v 1.348640 -0.524154 1.191811
v 1.637390 -0.279414 1.193913
v 1.632759 -0.283513 1.197800
v 1.636684 -0.280080 1.195423
v 1.635555 -0.281094 1.196690
v 1.634178 -0.282300 1.197525
v 2.584800 -0.899178 1.199558
v 2.573688 -0.894358 1.203529
v 2.584003 -0.898797 1.201126
v 2.581608 -0.897746 1.202431
v 2.577987 -0.896187 1.203274
v 1.825695 -0.766266 1.181580
v 1.834507 -0.763965 1.185787
v 1.826809 -0.765717 1.183105
v 1.828876 -0.765086 1.184441
v 1.831577 -0.764471 1.185383
v 2.484039 -0.667704 1.206131
v 2.475239 -0.669987 1.209801
v 2.483017 -0.668233 1.207623
v 2.480983 -0.668852 1.208843
v 2.478252 -0.669468 1.209610
v -0.002815 1.268669 1.231850
v -0.007103 1.264371 1.235737
v -0.003498 1.267988 1.233356
v -0.004551 1.266931 1.234623
v -0.005818 1.265662 1.235458
v -0.273548 0.997567 1.226513
v -0.269055 1.001855 1.230434
v -0.272774 0.998261 1.227993
v -0.271649 0.999321 1.229259
v -0.270340 1.000582 1.230118
v -0.794743 2.353036 1.257889
v -0.790131 2.344307 1.261940
v -0.794342 2.352384 1.259506
v -0.793324 2.350498 1.260841
v -0.791844 2.347659 1.261696
v -0.487492 2.209931 1.254265
v -0.489872 2.201783 1.258060
v -0.488026 2.208957 1.255768
v -0.488667 2.207065 1.257015
v -0.489315 2.204547 1.257820
v -0.609577 1.525138 1.239174
v -0.607071 1.532595 1.243168
v -0.608952 1.526074 1.240662
v -0.608258 1.527819 1.241940
v -0.607598 1.530110 1.242821
v -0.801419 1.792545 1.193588
v -0.803585 1.800669 1.193775
v -0.802265 1.794284 1.193630
v -0.802975 1.796438 1.193680
v -0.803437 1.798680 1.193733
v -0.788006 2.904908 1.218792
v -0.789864 2.904393 1.218788
v -0.788700 2.906060 1.218819
v -0.789707 2.905782 1.218819
v 3.100559 -0.904561 1.169338
v 3.100147 -0.906164 1.169254
v 3.102081 -0.905715 1.169350
v 1.313576 -1.342462 1.216904
v 1.313282 -1.346954 1.212090
v 1.314155 -1.344212 1.216492
v 1.314304 -1.345681 1.215435
v 1.313999 -1.346644 1.213890
v -1.253506 -1.282992 -1.351030
v -1.248966 -1.287506 -1.351276
v -1.253166 -1.284707 -1.351841
v -1.252186 -1.286166 -1.352173
v -1.250710 -1.287148 -1.351973
v 1.303787 -1.289636 -1.345720
v 1.303299 -1.293129 -1.345242
v 1.304283 -1.290962 -1.346233
v 1.304016 -1.292851 -1.345974
v -1.248165 1.233509 1.249905
v -1.243790 1.233434 1.254269
v -1.247830 1.234222 1.251572
v -1.246880 1.234458 1.252987
v -1.245465 1.234181 1.253933
v 1.309143 1.228552 1.256851
v 1.308841 1.227708 1.260414
v 1.309658 1.229000 1.258202
v 1.309494 1.228543 1.260128
v -1.254711 1.288037 -1.308296
v -1.258160 1.287316 -1.307230
v -1.256039 1.288529 -1.308743
v -1.257160 1.288566 -1.308695
v -1.257904 1.288139 -1.308165
v 1.108791 -0.866566 1.227654
v 1.112068 -0.871372 1.231770
v 1.109451 -0.867013 1.229271
v 1.110306 -0.868084 1.230625
v 1.111225 -0.869614 1.231499
v -0.775749 0.974011 1.254799
v -0.770756 0.971768 1.250614
v -0.774071 0.973121 1.254482
v -0.772534 0.972381 1.253578
v -0.771370 0.971907 1.252216
v 1.099228 0.970297 1.265553
v 1.096416 0.968133 1.261360
v 1.098400 0.969382 1.265247
v 1.097576 0.968648 1.264343
v 1.096878 0.968210 1.262981
v -1.247017 -0.810888 -1.078922
v -1.251297 -0.815317 -1.080721
v -1.248646 -0.811226 -1.078827
v -1.250035 -0.812187 -1.079136
v -1.250965 -0.813624 -1.079802
v -1.244526 0.989033 0.795050
v -1.248764 0.991360 0.799770
v -1.246151 0.989209 0.795528
v -1.247528 0.989714 0.796595
v -1.248444 0.990467 0.798084
v -1.256119 1.034607 -1.027088
v -1.251904 1.032118 -1.025373
v -1.255791 1.033651 -1.026108
v -1.254875 1.032842 -1.025436
v -1.253510 1.032303 -1.025179
v 1.080330 -1.335963 0.730927
v 1.078079 -1.331599 0.726364
v 1.079468 -1.335600 0.729153
v 1.078735 -1.334643 0.727661
v 1.078247 -1.333237 0.726681
v -0.774750 -1.292168 -1.108351
v -0.770207 -1.287953 -1.105930
v -0.773014 -1.291859 -1.107454
v -0.771542 -1.290951 -1.106680
v -0.770554 -1.289578 -1.106146
v 1.075874 -1.296947 -1.112787
v 1.073677 -1.292724 -1.110443
v 1.075031 -1.296638 -1.111919
v 1.074318 -1.295724 -1.111170
v 1.073841 -1.294353 -1.110649
v 1.073234 -0.855601 1.121361
v 1.076694 -0.860128 1.125504
v 1.074150 -0.857254 1.121643
v 1.075126 -0.858693 1.122528
v 1.076019 -0.859701 1.123886
v -0.756932 0.973682 1.174191
v -0.751915 0.971656 1.169937
v -0.756317 0.973560 1.172581
v -0.755150 0.973132 1.171207
v -0.753605 0.972463 1.170280
v 1.078838 0.974345 1.169853
v 1.075016 0.971623 1.165554
v 1.078300 0.974228 1.168228
v 1.077385 0.973668 1.166840
v 1.076229 0.972753 1.165901
v -1.152825 -0.806519 -1.093433
v -1.157093 -0.810735 -1.094902
v -1.153153 -0.808128 -1.094227
v -1.154080 -0.809494 -1.094786
v -1.155464 -0.810410 -1.095022
v -1.145767 0.987023 0.781618
v -1.149998 0.989059 0.786320
v -1.146084 0.987803 0.783298
v -1.147000 0.988463 0.784781
v -1.148373 0.988902 0.785841
v -1.154351 1.032422 -1.050028
v -1.150154 1.029347 -1.048153
v -1.152745 1.032191 -1.050209
v -1.151383 1.031526 -1.049917
v -1.150475 1.030529 -1.049196
v 1.078155 -1.241382 0.728373
v 1.076011 -1.237026 0.724213
v 1.077995 -1.239741 0.728085
v 1.077530 -1.238341 0.727194
v 1.076832 -1.237386 0.725834
v -0.770130 -1.198638 -1.103939
v -0.765862 -1.194430 -1.101730
v -0.769806 -1.197012 -1.103741
v -0.768879 -1.195642 -1.103252
v -0.767494 -1.194735 -1.102547
v 1.073753 -1.200162 -1.108391
v 1.070747 -1.195971 -1.105282
v 1.073524 -1.198537 -1.108126
v 1.072876 -1.197171 -1.107443
v 1.071895 -1.196269 -1.106443
v -0.754467 -0.861862 1.173382
v -0.758740 -0.857603 1.173462
v -0.756100 -0.861538 1.173386
v -0.757485 -0.860615 1.173401
v -0.758412 -0.859231 1.173428
v -0.765812 2.804200 1.251369
v -0.768948 2.803053 1.251339
v -0.767018 2.805067 1.251385
v -0.768711 2.804443 1.251369
v -1.207905 -0.767694 -2.910801
v -1.207913 -0.764556 -2.912138
v -1.207909 -0.767422 -2.912281
v -1.207913 -0.766731 -2.913055
v -1.207913 -0.765725 -2.913006
v -1.198330 2.827868 0.839783
v -1.198342 2.829156 0.836800
v -1.198334 2.829271 0.839592
v -1.198338 2.829969 0.837975
v -0.765778 -1.283250 0.727591
v -0.761509 -1.283349 0.731840
v -0.765450 -1.283286 0.729221
v -0.764523 -1.283318 0.730600
v -0.763138 -1.283338 0.731522
v 2.918976 -1.289567 0.719887
v 2.917743 -1.289631 0.722897
v 2.919811 -1.289595 0.721035
v 2.919143 -1.289629 0.722664
v 2.939350 -0.864830 1.179787
v 2.940929 -0.861586 1.179859
v 2.940964 -0.864584 1.179794
v 2.941829 -0.863880 1.179810
v 2.941818 -0.862827 1.179832
v -1.196194 -0.849778 0.741589
v -1.196205 -0.853937 0.737213
v -1.196194 -0.851400 0.741219
v -1.196194 -0.852761 0.740259
v -1.196202 -0.853652 0.738853
v -0.771546 -1.203320 -2.938721
v -0.774563 -1.203341 -2.937460
v -0.772705 -1.203300 -2.939545
v -0.774334 -1.203312 -2.938862
v 0.247520 -1.172627 -0.420963
v 0.245941 -1.176532 -0.419201
v 0.246517 -1.172958 -0.419823
v 0.245865 -1.173816 -0.419088
v 0.245662 -1.175071 -0.418869
v 0.981121 -1.166320 -0.376637
v 0.982998 -1.170223 -0.378820
v 0.982147 -1.166586 -0.377808
v 0.982860 -1.167422 -0.378635
v 0.983162 -1.168700 -0.378990
v 0.676330 -1.177136 -0.028660
v 0.674755 -1.181041 -0.026905
v 0.675331 -1.177467 -0.027521
v 0.674682 -1.178323 -0.026789
v 0.674480 -1.179580 -0.026573
v 0.552292 -1.161811 -0.768919
v 0.554172 -1.165715 -0.771107
v 0.553318 -1.162077 -0.770094
v 0.554035 -1.162911 -0.770922
v 0.554336 -1.164189 -0.771278
v 0.187233 -1.156051 -1.188831
v 0.189132 -1.159956 -1.191046
v 0.188267 -1.156315 -1.190016
v 0.188991 -1.157152 -1.190853
v 0.189296 -1.158432 -1.191216
v -0.117886 -1.166882 -0.840481
v -0.119492 -1.170794 -0.838690
v -0.118901 -1.167211 -0.839329
v -0.119560 -1.168067 -0.838583
v -0.119766 -1.169328 -0.838360
v -0.414810 -1.160141 -1.273714
v -0.416378 -1.164079 -1.271774
v -0.415810 -1.160473 -1.272503
v -0.416458 -1.161337 -1.271708
v -0.416661 -1.162606 -1.271452
v -0.116104 -1.149093 -1.634680
v -0.114239 -1.153001 -1.637045
v -0.115086 -1.149354 -1.635921
v -0.114369 -1.150192 -1.636808
v -0.114075 -1.151471 -1.637203
v -0.780621 -1.136827 -2.475254
v -0.784718 -1.140800 -2.484432
v -0.782242 -1.137083 -2.478691
v -0.783589 -1.137926 -2.481642
v -0.784458 -1.139232 -2.483658
v -0.666470 -1.151956 -1.751532
v -0.666573 -1.155971 -1.746630
v -0.666912 -1.152308 -1.749184
v -0.667088 -1.153199 -1.747427
v -0.666966 -1.154482 -1.746531
v -0.520752 -1.135560 -2.416296
v -0.520352 -1.139420 -2.421619
v -0.520291 -1.135805 -2.418671
v -0.520050 -1.136623 -2.420515
v -0.520073 -1.137895 -2.421551
v 1.469345 -1.169153 -0.032902
v 1.471374 -1.173057 -0.035019
v 1.470428 -1.169417 -0.034050
v 1.471195 -1.170254 -0.034855
v 1.471527 -1.171532 -0.035194
v 1.147045 -1.180004 0.308861
v 1.145328 -1.183915 0.310532
v 1.145992 -1.180334 0.309965
v 1.145294 -1.181194 0.310673
v 1.145061 -1.182452 0.310871
v 2.533699 -1.175813 0.738235
v 2.542782 -1.179959 0.742039
v 2.537121 -1.176127 0.739767
v 2.540050 -1.177027 0.741028
v 2.542038 -1.178372 0.741825
v 2.418232 -1.170035 0.428549
v 2.423721 -1.173942 0.428045
v 2.420639 -1.170300 0.428019
v 2.422527 -1.171137 0.427738
v 2.423607 -1.172415 0.427746
v 1.684864 -1.181383 0.609722
v 1.680027 -1.185307 0.609707
v 1.682613 -1.181712 0.610186
v 1.680904 -1.182571 0.610346
v 1.679996 -1.183835 0.610176
v 0.280933 -1.279295 -0.460300
v 0.285106 -1.282992 -0.465107
v 0.281650 -1.280742 -0.461130
v 0.282692 -1.281953 -0.462337
v 0.283909 -1.282743 -0.463732
v 0.956833 -1.274912 -0.350090
v 0.952949 -1.279017 -0.345703
v 0.956230 -1.276452 -0.349419
v 0.955280 -1.277773 -0.348351
v 0.954128 -1.278674 -0.347044
v 0.709751 -1.283804 -0.068003
v 0.713917 -1.287501 -0.072800
v 0.710464 -1.285250 -0.068834
v 0.711506 -1.286462 -0.070038
v 0.712719 -1.287252 -0.071430
v 0.528007 -1.270400 -0.742376
v 0.524120 -1.274509 -0.737988
v 0.527405 -1.271942 -0.741705
v 0.526455 -1.273262 -0.740635
v 0.525299 -1.274166 -0.739328
v 0.162971 -1.264635 -1.162319
v 0.159061 -1.268749 -1.157900
v 0.162365 -1.266176 -1.161644
v 0.161411 -1.267499 -1.160568
v 0.160251 -1.268404 -1.159254
v -0.084503 -1.273539 -0.879782
v -0.080300 -1.277245 -0.884623
v -0.083786 -1.274989 -0.880617
v -0.082737 -1.276202 -0.881830
v -0.081513 -1.276994 -0.883236
v -0.381401 -1.266788 -1.312849
v -0.377239 -1.270505 -1.317886
v -0.380684 -1.268241 -1.313702
v -0.379643 -1.269460 -1.314959
v -0.378433 -1.270255 -1.316429
v -0.140400 -1.257667 -1.608320
v -0.144261 -1.261791 -1.603716
v -0.140999 -1.259212 -1.607632
v -0.141945 -1.260538 -1.606516
v -0.143090 -1.261443 -1.605141
v -0.780358 -1.244052 -2.490545
v -0.775128 -1.248387 -2.480211
v -0.779907 -1.245653 -2.489836
v -0.778755 -1.247042 -2.487623
v -0.777077 -1.248001 -2.484243
v -0.631611 -1.258628 -1.787685
v -0.629303 -1.262306 -1.796494
v -0.631035 -1.260089 -1.788828
v -0.630394 -1.261301 -1.790903
v -0.629788 -1.262077 -1.793594
v -0.546509 -1.244079 -2.392897
v -0.548508 -1.248271 -2.384548
v -0.546967 -1.245628 -2.391924
v -0.547512 -1.246972 -2.389996
v -0.548050 -1.247898 -2.387405
v 1.445209 -1.277742 -0.006289
v 1.441135 -1.281850 -0.001991
v 1.444591 -1.279284 -0.005625
v 1.443603 -1.280605 -0.004574
v 1.442386 -1.281507 -0.003300
v 1.180317 -1.286664 0.269440
v 1.184669 -1.290369 0.264740
v 1.181045 -1.288111 0.268616
v 1.182129 -1.289325 0.267433
v 1.183403 -1.290118 0.266071
v 2.547138 -1.283185 0.735928
v 2.536926 -1.287343 0.730957
v 2.546413 -1.284776 0.735474
v 2.544220 -1.286127 0.734369
v 2.540886 -1.287026 0.732784
v 2.397556 -1.278622 0.456776
v 2.389171 -1.282731 0.459061
v 2.396610 -1.280165 0.457287
v 2.394684 -1.281486 0.457899
v 2.392074 -1.282388 0.458523
v 1.715008 -1.288022 0.568628
v 1.723209 -1.291749 0.565992
v 1.716030 -1.289477 0.567959
v 1.717945 -1.290697 0.567223
v 1.720466 -1.291495 0.566532
v 3.097706 -1.226158 0.742424
v 3.097248 -1.226201 0.744099
v 3.098629 -1.226185 0.743984
v -0.797531 -1.182117 -2.952076
v -0.799252 -1.182148 -2.951530
v -0.799168 -1.182116 -2.952927
v -1.176647 0.305134 -0.268143
v -1.180771 0.303661 -0.266907
v -1.177136 0.304004 -0.267208
v -1.178089 0.303326 -0.266645
v -1.179367 0.303206 -0.266541
v -1.119980 0.279265 -1.000473
v -1.123547 0.281809 -1.002556
v -1.120075 0.280482 -1.001478
v -1.120789 0.281393 -1.002226
v -1.122006 0.281860 -1.002605
v -1.180500 -0.074403 -0.708302
v -1.184628 -0.075871 -0.707069
v -1.180989 -0.075531 -0.707365
v -1.181942 -0.076209 -0.706804
v -1.183220 -0.076327 -0.706699
v -1.116131 0.658784 -0.560301
v -1.119698 0.661333 -0.562387
v -1.116226 0.660004 -0.561306
v -1.116936 0.660915 -0.562057
v -1.118157 0.661382 -0.562437
v -1.104176 1.067363 -0.182747
v -1.107739 1.069943 -0.184858
v -1.104271 1.068596 -0.183764
v -1.104981 1.069517 -0.184521
v -1.106198 1.069991 -0.184904
v -1.164761 0.713305 0.109751
v -1.168892 0.711812 0.111004
v -1.165253 0.712165 0.110693
v -1.166210 0.711483 0.111263
v -1.167488 0.711359 0.111372
v -1.145813 1.136787 0.421074
v -1.149933 1.135161 0.422279
v -1.146298 1.135598 0.421997
v -1.147251 1.134870 0.422552
v -1.148529 1.134715 0.422649
v -1.086575 1.504728 0.133688
v -1.090145 1.507466 0.131603
v -1.086670 1.506020 0.132683
v -1.087384 1.506995 0.131933
v -1.088604 1.507503 0.131554
v -1.105641 2.358601 0.841583
v -1.109883 2.366774 0.845013
v -1.105965 2.361543 0.843040
v -1.106884 2.364132 0.844208
v -1.108261 2.365966 0.844898
v -1.119084 1.604626 0.716240
v -1.122868 1.600727 0.716078
v -1.119438 1.602565 0.716640
v -1.120281 1.601101 0.716751
v -1.121487 1.600455 0.716555
v -1.092087 2.307340 0.551025
v -1.095993 2.312795 0.550234
v -1.092312 2.309671 0.550514
v -1.093132 2.311526 0.550184
v -1.094425 2.312624 0.550083
v -1.113980 -0.050491 -1.498215
v -1.117546 -0.048014 -1.500454
v -1.114075 -0.049297 -1.499281
v -1.114784 -0.048410 -1.500080
v -1.116005 -0.047956 -1.500492
v -1.175331 -0.398410 -1.188395
v -1.179474 -0.399801 -1.187019
v -1.175823 -0.399512 -1.187405
v -1.176781 -0.400163 -1.186794
v -1.178066 -0.400264 -1.186659
v -1.103100 -0.791043 -2.584040
v -1.106854 -0.794266 -2.593508
v -1.103283 -0.792455 -2.587521
v -1.104061 -0.793563 -2.590542
v -1.105313 -0.794199 -2.592644
v -1.081471 -0.485897 -2.458780
v -1.084912 -0.484939 -2.464518
v -1.081517 -0.485286 -2.461184
v -1.082188 -0.484889 -2.463120
v -1.083378 -0.484766 -2.464291
v -1.160874 -0.684297 -1.734129
v -1.165123 -0.684088 -1.729593
v -1.161400 -0.684789 -1.731926
v -1.162396 -0.684923 -1.730291
v -1.163704 -0.684676 -1.729471
v -1.277149 0.353815 -0.307827
v -1.280136 0.358991 -0.312082
v -1.278469 0.354777 -0.308613
v -1.279499 0.356097 -0.309698
v -1.280083 0.357578 -0.310917
v -1.231816 0.260962 -0.984821
v -1.236527 0.256820 -0.981380
v -1.233441 0.260404 -0.984352
v -1.234909 0.259419 -0.983532
v -1.235993 0.258161 -0.982489
v -1.281002 -0.025720 -0.747984
v -1.283989 -0.020545 -0.752239
v -1.282318 -0.024758 -0.748770
v -1.283348 -0.023436 -0.749857
v -1.283936 -0.021958 -0.751074
v -1.227963 0.640488 -0.544653
v -1.232678 0.636340 -0.541208
v -1.229592 0.639926 -0.544182
v -1.231060 0.638941 -0.543364
v -1.232144 0.637681 -0.542318
v -1.216004 1.049100 -0.167124
v -1.220722 1.044920 -0.163652
v -1.217633 1.048538 -0.166651
v -1.219101 1.047545 -0.165827
v -1.220185 1.046275 -0.164774
v -1.265270 0.761964 0.070086
v -1.268254 0.767159 0.065811
v -1.266587 0.762926 0.069298
v -1.267617 0.764252 0.068209
v -1.268200 0.765739 0.066984
v -1.246304 1.185308 0.381365
v -1.249306 1.190669 0.377155
v -1.247624 1.186284 0.380583
v -1.248657 1.187646 0.379505
v -1.249249 1.189186 0.378302
v -1.198406 1.486623 0.149338
v -1.203114 1.482255 0.152763
v -1.200035 1.486046 0.149805
v -1.201500 1.485013 0.150621
v -1.202584 1.483682 0.151661
v -1.211418 2.381270 0.833549
v -1.215660 2.373391 0.828682
v -1.213040 2.380857 0.833031
v -1.214417 2.379213 0.831924
v -1.215336 2.376592 0.830399
v -1.219231 1.650874 0.675167
v -1.222653 1.658994 0.672623
v -1.220581 1.652061 0.674509
v -1.221707 1.654018 0.673796
v -1.222435 1.656454 0.673134
v -1.204251 2.291951 0.567966
v -1.208550 2.284232 0.569784
v -1.205849 2.291118 0.568312
v -1.207226 2.289359 0.568779
v -1.208176 2.286940 0.569296
v -1.225807 -0.068858 -1.482719
v -1.230526 -0.072916 -1.479082
v -1.227436 -0.069411 -1.482233
v -1.228905 -0.070377 -1.481373
v -1.229992 -0.071607 -1.480265
v -1.275830 -0.349661 -1.227926
v -1.278820 -0.344573 -1.232374
v -1.277149 -0.348705 -1.228729
v -1.278183 -0.347403 -1.229856
v -1.278767 -0.345952 -1.231136
v -1.208683 -0.779728 -2.605007
v -1.213173 -0.774702 -2.594963
v -1.210282 -0.779170 -2.604387
v -1.211697 -0.778016 -2.602261
v -1.212712 -0.776449 -2.598951
v -1.193169 -0.505782 -2.446785
v -1.198048 -0.507943 -2.438789
v -1.194809 -0.506191 -2.445967
v -1.196312 -0.506744 -2.444160
v -1.197453 -0.507359 -2.441639
v -1.261444 -0.633965 -1.770487
v -1.264340 -0.630828 -1.778835
v -1.262764 -0.633154 -1.771589
v -1.263775 -0.632274 -1.773563
v -1.264332 -0.631459 -1.776106
v -1.112057 -0.776700 -3.150053
v -1.112263 -0.778376 -3.149649
v -1.112137 -0.778227 -3.151020
v -1.165856 2.871252 0.829002
v -1.165917 2.870781 0.830906
v -1.165890 2.872399 0.829708
v -1.165924 2.872144 0.830738
v -1.155575 1.869275 0.845474
v -1.155396 1.877695 0.847649
v -1.155491 1.871039 0.846333
v -1.155426 1.873257 0.847046
v -1.155392 1.875594 0.847507
v -0.784645 2.807890 1.287170
v -0.775608 -1.251916 -2.944462
vn -0.8507 -0.4626 -0.2497
vn -0.8504 -0.4628 -0.2502
vn -0.8501 -0.4632 -0.2505
vn -0.0831 -0.0324 -0.9960
vn -0.0024 0.0226 -0.9997
vn -0.0809 -0.0366 -0.9961
vn -0.7123 -0.6131 0.3416
vn -0.6460 -0.6297 0.4315
vn -0.6822 -0.5897 0.4323
vn 0.0658 0.0877 -0.9940
vn 0.6145 0.7346 0.2878
vn 0.5546 0.7406 0.3794
vn 0.5730 0.7684 0.2852
vn -0.0605 -0.0566 -0.9966
vn -0.0639 -0.0520 -0.9966
vn -0.7462 -0.5716 0.3413
vn -0.7148 -0.5500 0.4319
vn 0.7740 0.5660 0.2839
vn 0.7921 0.4829 0.3733
vn 0.7482 0.5449 0.3786
vn 0.6950 0.6587 0.2883
vn 0.6326 0.6734 0.3825
vn 0.6542 0.6993 0.2881
vn -0.0687 -0.0492 -0.9964
vn -0.0722 -0.0444 -0.9964
vn 0.0620 0.0918 -0.9938
vn 0.5063 0.7762 0.3757
vn 0.5227 0.8048 0.2814
vn -0.4655 -0.8252 0.3199
vn -0.4913 -0.7647 0.4169
vn -0.5129 -0.7940 0.3265
vn -0.5570 -0.7612 0.3321
vn -0.5724 -0.7003 0.4265
vn -0.5977 -0.7281 0.3355
vn 0.4442 0.8163 0.3693
vn 0.4584 0.8448 0.2761
vn 0.3883 0.8475 0.3620
vn 0.4012 0.8753 0.2700
vn -0.3880 -0.8671 0.3123
vn -0.4038 -0.8215 0.4025
vn -0.4206 -0.8508 0.3148
vn -0.0561 -0.0608 -0.9966
vn 0.3604 0.8614 0.3579
vn 0.3730 0.8881 0.2686
vn 0.4620 0.8064 0.3691
vn 0.5720 0.7387 0.3566
vn -0.1831 -0.9501 0.2524
vn -0.3731 -0.8387 0.3967
vn 0.0026 0.0220 -0.9998
vn -0.0393 -0.0588 -0.9975
vn -0.0506 -0.0642 -0.9967
vn -0.7728 -0.5359 0.3400
vn -0.7406 -0.5158 0.4307
vn -0.7889 -0.5114 0.3407
vn -0.7568 -0.4927 0.4295
vn 0.8558 0.4389 0.2738
vn 0.8451 0.3930 0.3625
vn 0.8284 0.4235 0.3665
vn 0.0699 0.0837 -0.9940
vn -0.7976 -0.4993 0.3385
vn -0.7648 -0.4809 0.4288
vn -0.8198 -0.4578 0.3439
vn -0.7898 -0.4416 0.4257
vn 0.8720 0.4074 0.2714
vn 0.8251 0.4293 0.3674
vn -0.0023 0.0226 -0.9997
vn 0.0773 0.0726 -0.9944
vn -0.6178 -0.6045 0.5029
vn -0.6525 -0.5662 0.5037
vn 0.0024 -0.0226 0.9997
vn -0.0461 -0.0885 0.9950
vn 0.5945 0.7078 0.3814
vn 0.5337 0.7105 0.4586
vn 0.0466 0.0477 0.9978
vn -0.0042 -0.0234 0.9997
vn 0.0349 0.0546 0.9979
vn -0.6835 -0.5282 0.5039
vn -0.7083 -0.4956 0.5027
vn 0.6719 0.6342 0.3825
vn 0.6829 0.5669 0.4607
vn 0.6461 0.6076 0.4619
vn 0.6084 0.6454 0.4618
vn 0.7101 0.5919 0.3813
vn 0.7195 0.5215 0.4587
vn -0.6089 -0.6668 0.4295
vn -0.5338 -0.7325 0.4224
vn -0.5473 -0.6717 0.4992
vn -0.5108 -0.7032 0.4945
vn 0.4271 0.7857 0.4474
vn 0.0517 0.0437 0.9977
vn 0.0018 -0.0224 0.9997
vn -0.4465 -0.7953 0.4100
vn -0.4704 -0.7342 0.4895
vn -0.4279 -0.7640 0.4828
vn 0.3454 0.8320 0.4341
vn -0.0154 -0.0304 0.9994
vn 0.0170 0.0579 0.9982
vn -0.3880 -0.7904 0.4740
vn -0.1885 -0.9180 0.3489
vn -0.3597 -0.8092 0.4646
vn 0.4168 0.7536 0.5083
vn -0.0633 -0.0719 0.9954
vn 0.7623 0.4620 0.4532
vn 0.7989 0.4054 0.4444
vn -0.7239 -0.4738 0.5015
vn -0.7322 -0.4628 0.4998
vn -0.0673 -0.0665 0.9955
vn -0.0654 -0.0684 0.9955
vn 0.8162 0.3769 0.4379
vn 0.7811 0.3946 0.4839
vn -0.7552 -0.4327 0.4923
vn 0.7346 0.6148 0.2871
vn -0.9977 0.0295 -0.0606
vn -0.9383 -0.0287 0.3447
vn -0.9993 -0.0031 0.0385
vn -0.9059 -0.0470 0.4209
vn -0.9906 -0.0219 0.1354
vn 0.0648 0.0304 0.9974
vn 0.0681 0.0264 0.9973
vn 0.5722 0.6791 0.4599
vn 0.0615 0.0341 0.9975
vn -0.0022 0.0226 -0.9997
vn 0.0831 0.0680 -0.9942
vn -0.0761 -0.0400 -0.9963
vn 0.0772 0.0175 0.9969
vn 0.0022 -0.0226 0.9997
vn 0.0023 -0.0226 0.9997
vn 0.0071 -0.9957 -0.0926
vn 0.1234 -0.9630 -0.2395
vn -0.0276 -0.9996 0.0116
vn 0.0784 -0.9963 -0.0351
vn -0.0486 -0.9925 0.1117
vn -0.0424 -0.0918 0.9949
vn -0.6359 -0.6935 0.3385
vn -0.0599 -0.0753 0.9954
vn -0.5822 -0.6398 0.5016
vn -0.1014 0.0269 -0.9945
vn 0.0877 0.0658 -0.9940
vn -0.1540 -0.0105 -0.9880
vn -0.0855 -0.0285 -0.9959
vn -0.0957 -0.0492 0.9942
vn -0.0686 -0.0658 0.9955
vn 0.0808 0.0153 0.9966
vn -0.0951 -0.0246 0.9952
vn 0.0141 0.0266 -0.9995
vn -0.0232 -0.0368 -0.9991
vn 0.0544 0.0987 -0.9936
vn -0.0018 0.0223 -0.9997
vn 0.4871 0.7454 0.4552
vn -0.0589 -0.1452 0.9876
vn -0.0319 -0.0508 0.9982
vn 0.0583 0.0954 -0.9937
vn 0.0502 0.1003 -0.9937
vn 0.0576 0.0369 0.9977
vn 0.8192 0.5013 0.2784
vn 0.0710 0.9840 0.1633
vn 0.0007 0.9980 0.0627
vn 0.0989 0.9945 0.0344
vn 0.0721 0.0214 0.9972
vn 0.0291 0.0415 -0.9987
vn 0.0084 -0.0109 -0.9999
vn 0.0717 0.1216 -0.9900
vn 0.0395 -0.0458 -0.9982
vn 0.0011 0.0477 0.9989
vn -0.0463 -0.1543 0.9869
vn -0.0124 -0.0574 0.9983
vn -0.0647 -0.1966 0.9784
vn -0.9657 0.0770 -0.2481
vn -0.8992 0.1347 -0.4162
vn -0.0859 -0.0305 -0.9958
vn -0.9587 0.2771 0.0642
vn -0.0454 -0.1136 0.9925
vn -0.6746 -0.6548 0.3408
vn 0.0551 0.0408 0.9976
vn -0.0413 -0.0982 0.9943
vn 0.0518 0.1012 -0.9935
vn 0.3723 0.8175 0.4395
vn -0.1941 -0.8875 0.4179
vn -0.0495 -0.0853 0.9951
vn -0.0531 -0.0824 0.9952
vn -0.0559 -0.0784 0.9954
vn 0.0734 0.0788 -0.9942
vn 0.0613 0.1076 -0.9923
vn -0.0150 -0.9997 -0.0217
vn -0.0036 -0.9998 -0.0200
vn -0.0016 -0.9998 -0.0211
vn 0.9947 -0.1027 -0.0046
vn 0.9969 -0.0026 0.0786
vn 1.0000 -0.0008 -0.0024
vn 0.9870 -0.1607 0.0102
vn 0.9951 -0.0983 -0.0046
vn 0.0960 -0.9882 -0.1195
vn -0.0009 -0.9997 -0.0224
vn -0.0011 -0.9928 -0.1199
vn -0.9999 -0.0126 0.0017
vn -1.0000 -0.0031 0.0045
vn -0.9927 -0.0860 0.0843
vn 0.0008 0.9865 0.1635
vn -0.0745 0.9894 0.1247
vn -0.0919 0.0265 -0.9954
vn -0.3072 -0.0711 -0.9490
vn -0.1867 0.0247 -0.9821
vn -0.0719 -0.9962 0.0493
vn -0.0754 -0.9958 -0.0524
vn 0.0048 -0.0185 0.9998
vn 0.0181 0.0052 0.9998
vn -0.0003 -0.0089 1.0000
vn -0.0224 0.9971 0.0727
vn 0.0025 0.9997 0.0236
vn 0.0304 0.9943 0.1023
vn 0.0956 -0.0242 0.9951
vn -0.0653 -0.0917 0.9936
vn 0.0015 -0.1058 0.9944
vn -0.0960 0.9927 -0.0734
vn -0.0963 0.9951 0.0237
vn 0.0107 -0.0148 0.9998
vn 0.1089 0.0942 0.9896
vn -1.0000 -0.0011 0.0050
vn -0.9951 0.0719 -0.0677
vn -0.9901 -0.0530 -0.1300
vn -1.0000 -0.0014 0.0040
vn -0.6950 -0.7102 0.1122
vn -0.7237 -0.6265 0.2893
vn -0.6846 -0.6428 0.3438
vn 0.9633 0.0003 0.2685
vn 0.9948 0.1016 0.0011
vn 0.9840 -0.0011 0.1780
vn -0.0008 -0.9997 -0.0224
vn -0.0967 -0.9951 -0.0206
vn 0.0010 -0.9998 -0.0211
vn 0.0858 -0.9903 -0.1089
vn 0.1727 -0.9844 0.0327
vn 0.0156 0.0025 0.9999
vn -0.0048 -0.0336 0.9994
vn -0.0051 0.0543 0.9985
vn -0.6397 -0.7492 -0.1718
vn -0.7009 -0.7101 0.0673
vn 0.6069 0.6098 -0.5097
vn 0.5160 0.6152 -0.5961
vn 0.4716 0.7484 -0.4664
vn -1.0000 0.0003 0.0023
vn -0.9952 -0.0981 0.0019
vn -0.9897 -0.1033 0.0990
vn -0.0025 -0.9998 -0.0216
vn -0.0028 -0.9939 -0.1105
vn -0.0111 -0.0180 0.9998
vn 0.0809 -0.0175 0.9966
vn -0.0030 -0.1338 0.9910
vn 0.2110 -0.0793 0.9743
vn -0.0025 -0.9972 0.0748
vn -0.1303 0.0989 -0.9865
vn -0.0028 0.1246 -0.9922
vn 0.2180 -0.6668 0.7126
vn 0.1888 -0.7093 0.6791
vn 0.1543 -0.7133 0.6837
vn -0.0022 -0.9998 -0.0193
vn -0.0490 -0.9849 -0.1662
vn 0.1085 -0.7700 0.6287
vn -0.0026 -0.7562 0.6543
vn -0.1870 0.0275 -0.9820
vn -0.1669 -0.0524 -0.9846
vn -0.0055 -0.0214 0.9998
vn -0.1078 -0.0173 0.9940
vn -0.0996 -0.1192 0.9879
vn -0.9998 -0.0014 0.0175
vn -1.0000 0.0024 0.0040
vn -0.9937 0.1115 0.0065
vn 0.0224 -0.9989 -0.0422
vn -0.0493 0.1379 0.9892
vn -0.0546 0.9481 0.3132
vn 0.0002 0.9880 0.1542
vn 0.9885 -0.1307 -0.0763
vn 0.9950 0.0014 -0.1003
vn -0.7037 -0.0536 0.7085
vn -0.7592 -0.0138 0.6507
vn -0.7041 -0.0152 0.7099
vn 0.6064 0.5289 -0.5938
vn 0.7363 0.4824 -0.4745
vn -0.6659 -0.0767 0.7421
vn -0.6439 -0.0165 0.7650
vn 0.0686 -0.1090 -0.9917
vn -0.0024 0.0223 -0.9997
vn -0.0027 -0.0844 -0.9964
vn -0.9948 -0.0037 0.1015
vn -1.0000 -0.0024 0.0026
vn -0.0598 0.9979 0.0239
vn 0.0012 0.9972 -0.0742
vn -0.9894 0.1294 0.0653
vn 0.4657 0.4824 -0.7419
vn 0.5806 0.5845 -0.5668
vn -0.0928 -0.9932 0.0705
vn 0.9902 -0.0962 -0.1016
vn -0.6998 -0.1267 0.7030
vn -0.6846 -0.1677 0.7093
vn -0.7653 -0.1725 0.6201
vn 0.9910 0.0904 0.0983
vn 0.9631 -0.0065 0.2691
vn -0.6671 -0.5822 0.4648
vn -0.6976 -0.7138 -0.0627
vn -0.6943 -0.7005 0.1648
vn 0.2364 -0.6437 0.7278
vn 0.0896 -0.7195 0.6887
vn -0.0991 0.1220 -0.9876
vn -0.0543 -0.7855 0.6164
vn -0.0002 -0.0129 0.9999
vn -0.0779 -0.0925 0.9927
vn 0.8958 -0.0455 0.4422
vn 0.9210 -0.0841 0.3803
vn 0.8650 -0.0373 0.5005
vn 0.0964 0.9867 0.1309
vn -0.9995 0.0242 -0.0189
vn -0.9905 0.1019 -0.0922
vn -1.0000 0.0014 0.0024
vn -0.9949 0.1003 0.0047
vn -0.9949 -0.0708 0.0714
vn -0.9958 0.0299 0.0868
vn 0.0905 -0.9957 -0.0213
vn 0.0029 -1.0000 -0.0061
vn 0.0969 -0.9950 -0.0226
vn 0.0340 -0.9983 0.0475
vn 0.0953 0.0223 -0.9952
vn -0.0025 -0.0758 -0.9971
vn 0.0023 0.0731 0.9973
vn -0.0542 0.0310 0.9980
vn 0.0991 0.0721 0.9925
vn 0.0024 -0.0242 0.9997
vn -0.9946 0.0006 -0.1038
vn -0.9956 0.0037 -0.0931
vn -0.9971 -0.0714 -0.0245
vn -0.1322 0.9798 0.1502
vn -0.0956 -0.9928 0.0728
vn -0.0834 0.0221 -0.9963
vn -0.0572 -0.1117 -0.9921
vn -0.1059 -0.1368 -0.9849
vn -0.0622 0.9925 0.1056
vn -0.0099 0.9997 0.0224
vn -0.0665 0.9926 0.1015
vn -0.5853 -0.3751 0.7188
vn -0.6003 -0.4647 0.6508
vn -0.5595 -0.4649 0.6861
vn 0.0534 0.9975 -0.0470
vn 0.7294 -0.2504 -0.6366
vn 0.7397 -0.3436 -0.5786
vn 0.7636 -0.2498 -0.5954
vn -0.0869 0.9929 0.0816
vn -0.0831 0.9929 0.0856
vn -0.5416 -0.3757 0.7520
vn -0.5181 -0.4638 0.7186
vn 0.5571 -0.2498 -0.7920
vn 0.4765 -0.3414 -0.8101
vn 0.5396 -0.3456 -0.7677
vn 0.6517 -0.2526 -0.7152
vn 0.6709 -0.3475 -0.6551
vn 0.6931 -0.2523 -0.6753
vn -0.0799 0.9927 0.0900
vn -0.0753 0.9927 0.0937
vn 0.0579 0.9974 -0.0437
vn 0.7748 -0.3400 -0.5331
vn 0.7996 -0.2459 -0.5480
vn -0.8030 -0.3574 0.4769
vn -0.7393 -0.4515 0.4996
vn -0.7716 -0.3613 0.5235
vn -0.7373 -0.3670 0.5672
vn -0.6727 -0.4606 0.5790
vn -0.7030 -0.3709 0.6068
vn 0.8098 -0.3347 -0.4819
vn 0.8347 -0.2429 -0.4943
vn 0.8348 -0.3297 -0.4410
vn 0.8598 -0.2381 -0.4517
vn -0.8481 -0.3461 0.4011
vn -0.7985 -0.4373 0.4136
vn -0.8308 -0.3495 0.4332
vn -0.0909 0.9929 0.0771
vn 0.8457 -0.3271 -0.4217
vn 0.8706 -0.2354 -0.4320
vn 0.6716 -0.3503 -0.6529
vn 0.8351 -0.0728 -0.5452
vn -0.9388 -0.2841 0.1948
vn -0.8166 -0.4315 0.3834
vn -0.1002 0.9926 0.0687
vn -0.0957 0.9927 0.0730
vn -0.4975 -0.3736 0.7829
vn -0.4758 -0.4615 0.7487
vn -0.4553 -0.3709 0.8094
vn -0.4354 -0.4582 0.7749
vn 0.4279 -0.2424 -0.8707
vn 0.3852 -0.3325 -0.8608
vn 0.4161 -0.3359 -0.8450
vn 0.0495 0.9975 -0.0511
vn -0.4252 -0.3696 0.8262
vn -0.4069 -0.4553 0.7919
vn -0.1980 -0.3226 0.9256
vn -0.2022 -0.3874 0.8995
vn 0.3958 -0.2409 -0.8862
vn 0.6174 -0.3507 -0.7042
vn 0.0381 0.9976 -0.0580
vn -0.5731 -0.5356 0.6203
vn -0.5342 -0.5355 0.6541
vn 0.0099 -0.9997 -0.0224
vn -0.0552 -0.9981 0.0279
vn 0.7061 -0.3461 -0.6178
vn 0.7124 -0.4250 -0.5584
vn 0.0786 -0.9945 -0.0696
vn 0.0825 -0.9944 -0.0657
vn -0.4949 -0.5339 0.6856
vn -0.4545 -0.5321 0.7143
vn 0.6308 -0.3480 -0.6935
vn 0.5657 -0.4284 -0.7046
vn 0.6073 -0.4290 -0.6687
vn 0.6456 -0.4295 -0.6315
vn 0.5876 -0.3474 -0.7308
vn 0.5196 -0.4269 -0.7401
vn -0.6384 -0.4632 0.6147
vn -0.7060 -0.4569 0.5412
vn -0.6424 -0.5319 0.5518
vn -0.6747 -0.5277 0.5160
vn 0.7817 -0.4143 -0.4662
vn 0.0751 -0.9945 -0.0732
vn -0.7711 -0.4448 0.4556
vn -0.7069 -0.5227 0.4765
vn -0.7378 -0.5163 0.4348
vn 0.8180 -0.4044 -0.4091
vn 0.0100 -0.9997 -0.0224
vn 0.0862 -0.9943 -0.0628
vn -0.7652 -0.5080 0.3955
vn -0.9136 -0.3539 0.2003
vn -0.7838 -0.5007 0.3673
vn 0.7340 -0.4711 -0.4891
vn -0.0374 -0.9983 0.0439
vn 0.4592 -0.4216 -0.7820
vn 0.4010 -0.4156 -0.8163
vn -0.4166 -0.5283 0.7398
vn -0.3899 -0.5242 0.7571
vn -0.0303 -0.9982 0.0509
vn -0.0339 -0.9983 0.0474
vn 0.3721 -0.4095 -0.8330
vn 0.5677 -0.5174 -0.6403
vn -0.2066 -0.4526 0.8675
vn 0.6069 -0.2518 -0.7538
vn 0.0068 0.0419 0.9991
vn -0.0197 -0.0979 0.9950
vn -0.0353 -0.2009 0.9790
vn 0.0612 -0.9944 -0.0857
vn 0.0572 -0.9944 -0.0890
vn 0.6801 -0.4266 -0.5962
vn 0.0650 -0.9945 -0.0826
vn 0.0339 0.9973 -0.0646
vn -0.0712 0.9926 0.0981
vn 0.0480 -0.9941 -0.0976
vn -0.9981 0.0584 0.0196
vn -0.9732 0.2295 -0.0159
vn -0.9958 -0.0786 0.0464
vn -0.9985 0.0230 -0.0501
vn -0.9812 -0.1831 0.0618
vn -0.0586 -0.9980 0.0241
vn -0.6672 -0.3743 0.6440
vn -0.0411 -0.9983 0.0408
vn -0.6096 -0.5340 0.5859
vn -0.0076 0.9930 0.1176
vn 0.0315 0.9971 -0.0689
vn -0.0365 0.9910 0.1291
vn -0.0560 0.9919 0.1136
vn -0.0144 -0.9976 0.0682
vn -0.0285 -0.9981 0.0540
vn 0.0460 -0.9937 -0.1018
vn 0.0057 -0.9973 0.0731
vn -0.0100 0.9997 0.0224
vn -0.1046 0.9923 0.0666
vn 0.0649 0.9972 -0.0361
vn 0.7469 -0.4206 -0.5150
vn -0.0708 -0.9974 0.0155
vn 0.0100 -0.9997 -0.0225
vn 0.0619 0.9973 -0.0403
vn 0.0691 0.9971 -0.0321
vn 0.0688 -0.9945 -0.0795
vn 0.4911 -0.2463 -0.8355
vn 0.9740 -0.1862 0.1291
vn 0.9914 -0.1033 0.0804
vn 0.9741 -0.1826 0.1335
vn 0.0518 -0.9944 -0.0922
vn -0.0100 0.9997 0.0225
vn -0.1187 0.9917 0.0503
vn 0.0811 0.9964 -0.0227
vn -0.1061 0.9941 0.0225
vn 0.0897 -0.9940 -0.0619
vn -0.0798 -0.9967 -0.0158
vn -0.0063 -0.9985 -0.0548
vn -0.0839 -0.9965 0.0031
vn 0.0409 0.2475 0.9680
vn 0.1037 0.4270 0.8983
vn -0.0576 0.9924 0.1089
vn -0.0022 0.0959 0.9954
vn -0.0669 -0.9976 0.0172
vn -0.6280 -0.3746 0.6821
vn 0.0723 -0.9944 -0.0767
vn -0.0627 -0.9978 0.0206
vn 0.0725 0.9970 -0.0270
vn 0.8065 -0.4088 -0.4271
vn -0.8837 -0.4209 0.2048
vn -0.0518 -0.9982 0.0311
vn -0.0483 -0.9982 0.0341
vn -0.0450 -0.9983 0.0376
vn 0.0445 0.9975 -0.0545
vn 0.0784 0.9966 -0.0244
vn -0.4728 -0.7008 0.5341
vn -0.5573 -0.6264 0.5450
vn -0.5573 -0.6605 0.5032
vn 0.9993 -0.0324 0.0193
vn -0.1450 0.6738 -0.7246
vn -0.2418 0.6232 -0.7437
vn -0.1435 0.6323 -0.7614
vn 0.9742 -0.1636 0.1552
vn 0.9742 -0.1677 0.1509
vn -0.4718 -0.7331 0.4899
vn -0.5557 -0.6919 0.4610
vn -0.1452 0.8236 -0.5483
vn -0.2407 0.8470 -0.4739
vn -0.2435 0.8067 -0.5385
vn -0.1466 0.7498 -0.6453
vn -0.2446 0.6980 -0.6730
vn -0.1462 0.7110 -0.6878
vn 0.9739 -0.1727 0.1471
vn 0.9742 -0.1754 0.1424
vn 0.9992 -0.0359 0.0149
vn -0.2390 0.5760 -0.7818
vn -0.1412 0.5841 -0.7993
vn -0.4533 -0.4781 0.7523
vn -0.5427 -0.4815 0.6882
vn -0.4587 -0.5131 0.7255
vn -0.4644 -0.5541 0.6909
vn -0.5529 -0.5570 0.6197
vn -0.4680 -0.5928 0.6555
vn -0.2340 0.5125 -0.8262
vn -0.1372 0.5195 -0.8434
vn -0.2283 0.4520 -0.8623
vn -0.1335 0.4591 -0.8783
vn -0.4523 -0.4489 0.7707
vn -0.5330 -0.4293 0.7291
vn -0.4512 -0.4582 0.7658
vn 0.9743 -0.1590 0.1593
vn -0.2249 0.4206 -0.8789
vn -0.1325 0.4290 -0.8935
vn -0.2275 0.4604 -0.8581
vn 0.0208 0.6138 -0.7892
vn -0.4538 -0.4091 0.7916
vn -0.5314 -0.4216 0.7348
vn 0.9924 -0.0917 0.0815
vn 0.9818 -0.1348 0.1338
vn 0.9754 -0.1542 0.1578
vn -0.4691 -0.7629 0.4449
vn -0.5526 -0.7210 0.4180
vn -0.4663 -0.7877 0.4026
vn -0.5485 -0.7463 0.3772
vn -0.1413 0.8981 -0.4165
vn -0.2346 0.8945 -0.3807
vn -0.2369 0.8797 -0.4122
vn 0.9993 -0.0304 0.0232
vn -0.4646 -0.8038 0.3715
vn -0.5448 -0.7628 0.3484
vn -0.4082 -0.9012 0.1455
vn -0.4989 -0.8553 0.1398
vn -0.1415 0.9120 -0.3850
vn -0.2481 0.7456 -0.6185
vn 0.9991 -0.0226 0.0345
vn -0.6232 -0.5896 0.5138
vn -0.6232 -0.6221 0.4738
vn -0.9914 0.1033 -0.0804
vn -0.9986 0.0509 -0.0163
vn -0.2436 0.6616 -0.7092
vn -0.3257 0.6097 -0.7226
vn -0.9777 0.1486 -0.1486
vn -0.9931 0.0872 -0.0780
vn -0.9788 0.1273 -0.1602
vn -0.6211 -0.6526 0.4339
vn -0.6181 -0.6810 0.3926
vn -0.2451 0.7353 -0.6319
vn -0.3288 0.7512 -0.5724
vn -0.3294 0.7158 -0.6157
vn -0.3291 0.6806 -0.6545
vn -0.2448 0.7712 -0.5876
vn -0.3271 0.7861 -0.5244
vn -0.5558 -0.5914 0.5842
vn -0.5486 -0.5204 0.6543
vn -0.6189 -0.5236 0.5855
vn -0.6147 -0.4889 0.6189
vn -0.3160 0.5009 -0.8058
vn -0.9775 0.1548 -0.1433
vn -0.9915 0.1020 -0.0808
vn -0.5368 -0.4484 0.7147
vn -0.6092 -0.4513 0.6521
vn -0.6028 -0.4207 0.6780
vn -0.3062 0.4087 -0.8598
vn -0.9966 0.0556 -0.0601
vn -0.9832 0.0872 -0.1604
vn -0.5975 -0.4031 0.6931
vn -0.5235 -0.3884 0.7584
vn -0.5920 -0.3972 0.7013
vn -0.4329 0.6273 -0.6474
vn -0.9987 0.0365 -0.0349
vn -0.3249 0.8247 -0.4630
vn -0.3190 0.8574 -0.4038
vn -0.6133 -0.7057 0.3548
vn -0.6092 -0.7222 0.3276
vn -0.9987 0.0293 -0.0422
vn -0.9987 0.0320 -0.0385
vn -0.3148 0.8724 -0.3739
vn -0.3812 0.8019 -0.4601
vn -0.5669 -0.8121 0.1384
vn -0.1465 0.7870 -0.5993
vn -0.0362 -0.9987 -0.0351
vn -0.1401 -0.9901 -0.0118
vn -0.2384 -0.9712 -0.0024
vn -0.9774 0.1673 -0.1292
vn -0.9774 0.1708 -0.1249
vn -0.3273 0.6459 -0.6897
vn -0.9775 0.1641 -0.1329
vn 0.9991 -0.0159 0.0395
vn 0.9739 -0.1802 0.1382
vn -0.9771 0.1788 -0.1155
vn -0.0086 0.0314 0.9995
vn 0.1405 0.0769 0.9871
vn -0.1121 0.0015 0.9937
vn -0.0242 0.0432 0.9988
vn -0.2082 -0.0163 0.9780
vn -0.9984 0.0549 -0.0133
vn -0.4709 -0.6289 0.6187
vn -0.9988 0.0366 -0.0311
vn -0.6212 -0.5566 0.5517
vn 0.9773 -0.1982 0.0745
vn 0.9991 -0.0108 0.0416
vn 0.9721 -0.2108 0.1031
vn 0.9733 -0.1943 0.1226
vn -0.9982 0.0107 -0.0586
vn -0.9987 0.0257 -0.0441
vn -0.9764 0.1837 -0.1135
vn -0.9968 0.0072 -0.0790
vn 0.9956 -0.0628 0.0702
vn 0.9922 -0.0970 0.0784
vn 0.9991 -0.0427 0.0072
vn 0.9915 -0.1020 0.0809
vn -0.3227 0.5635 -0.7605
vn -0.9964 -0.0074 0.0839
vn -0.9997 0.0163 -0.0175
vn 0.9992 -0.0392 0.0110
vn 0.9990 -0.0441 0.0059
vn -0.9774 0.1611 -0.1367
vn -0.1443 0.8648 -0.4809
vn -0.9776 0.1734 -0.1196
vn 0.9991 -0.0240 0.0362
vn 0.9957 -0.0386 0.0841
vn 0.9993 0.0275 -0.0251
vn 0.9932 0.0041 0.1163
vn -0.9900 0.0487 -0.1324
vn -0.9946 -0.0114 0.1032
vn -0.9997 0.0233 -0.0090
vn -0.9834 -0.0323 0.1787
vn 0.1720 -0.9836 -0.0545
vn 0.3607 -0.9272 -0.1012
vn 0.9736 -0.1910 0.1249
vn -0.0450 -0.9929 -0.1098
vn -0.9992 0.0316 0.0255
vn -0.4734 -0.6650 0.5776
vn -0.9773 0.1588 -0.1399
vn -0.9987 0.0504 -0.0047
vn -0.3915 -0.0166 0.9200
vn -0.3025 0.0049 0.9531
vn 0.9994 -0.0338 0.0108
vn -0.3094 0.4402 -0.8429
vn -0.4582 -0.0337 0.8882
vn -0.9986 0.0486 -0.0207
vn -0.9987 0.0454 -0.0235
vn -0.9988 0.0417 -0.0271
vn 0.9993 -0.0243 0.0278
vn 1.0000 -0.0040 0.0048
vn 0.1270 -0.8840 -0.4498
vn 0.2056 -0.6325 -0.7468
vn 0.1689 -0.8892 -0.4252
vn 0.0835 -0.7756 -0.6256
vn 0.1914 -0.3328 -0.9234
vn 0.2565 -0.6281 -0.7346
vn 0.2881 -0.3428 -0.8942
vn 0.2185 0.3470 -0.9121
vn 0.0920 -0.2111 -0.9731
vn 0.0833 0.0449 -0.9955
vn 0.2635 0.3859 -0.8841
vn 0.1925 0.0513 -0.9800
vn 0.0773 -0.4988 -0.8633
vn 0.2460 0.0576 -0.9676
vn 0.7605 0.4822 -0.4349
vn 0.5506 0.7096 -0.4397
vn 0.4364 0.8904 -0.1293
vn 0.5774 0.7666 0.2809
vn 0.5775 0.7665 0.2809
vn 0.4441 0.7859 -0.4303
vn 0.3799 0.8803 -0.2842
vn 0.5262 0.4903 -0.6948
vn -0.9976 -0.0263 -0.0642
vn -0.9503 -0.1262 0.2845
vn -0.9673 -0.0063 0.2536
vn -0.8570 0.0032 -0.5153
vn -0.9895 -0.1308 0.0610
vn -0.9249 -0.2331 0.3005
vn -0.9236 -0.0930 -0.3719
vn -0.9686 -0.2263 -0.1031
vn -0.6634 -0.1247 -0.7378
vn -0.4499 -0.0274 -0.8927
vn -0.4401 -0.1369 -0.8875
vn -0.7413 -0.1934 -0.6427
vn -0.8776 -0.3437 0.3341
vn -0.8950 -0.4457 0.0211
vn -0.9354 -0.3305 0.1256
vn -0.8941 -0.4279 -0.1322
vn -0.9174 -0.3946 0.0522
vn -0.6743 0.2186 -0.7054
vn -0.7937 0.0920 -0.6013
vn -0.8861 0.1919 -0.4219
vn -0.6566 0.2702 -0.7042
vn -0.3901 0.1986 -0.8991
vn -0.5382 0.0784 -0.8392
vn -0.3999 0.2987 -0.8665
vn 0.8419 0.5269 0.1166
vn 0.6746 0.5989 -0.4316
vn 0.7760 0.6091 -0.1641
vn 0.8643 0.4815 -0.1458
vn 0.7260 0.4997 -0.4724
vn -0.0521 0.8756 -0.4802
vn 0.4992 0.7451 -0.4422
vn -0.2584 0.8396 -0.4778
vn 0.3878 0.5768 -0.7190
vn -0.2587 0.0868 -0.9620
vn 0.2964 0.2219 -0.9289
vn 0.0010 0.0718 -0.9974
vn -0.0176 0.1924 -0.9812
vn 0.3198 0.2714 -0.9078
vn -0.0142 0.2517 -0.9677
vn 0.0623 -0.8711 0.4871
vn -0.0210 -0.9776 0.2093
vn 0.1665 -0.9824 -0.0847
vn 0.1357 -0.9076 0.3973
vn -0.0186 -0.8750 0.4838
vn -0.0353 -0.7095 0.7039
vn 0.1435 -0.5337 0.8334
vn 0.3065 0.5535 0.7744
vn 0.4882 0.7095 0.5081
vn 0.2976 0.6959 0.6536
vn 0.1885 0.2888 0.9386
vn 0.3521 0.5457 0.7605
vn 0.2515 0.2722 0.9288
vn -0.0154 -0.3546 0.9349
vn 0.0907 0.1834 0.9788
vn 0.0683 -0.0728 0.9950
vn 0.1881 0.4463 0.8749
vn 0.0956 -0.0766 0.9925
vn -0.8775 -0.1523 0.4548
vn -0.7792 -0.0786 0.6218
vn -0.8451 -0.2515 0.4718
vn -0.7818 -0.1495 0.6053
vn -0.5806 -0.0534 0.8124
vn -0.6681 -0.2101 0.7138
vn -0.6286 -0.1230 0.7679
vn -0.6583 -0.3575 0.6624
vn -0.8014 -0.3420 0.4908
vn -0.4840 -0.2842 0.8277
vn -0.7122 -0.3081 0.6308
vn -0.5680 -0.2564 0.7821
vn -0.7733 -0.2357 0.5886
vn -0.3191 -0.0590 0.9459
vn -0.2765 -0.1562 0.9483
vn -0.4417 -0.1533 0.8839
vn -0.8728 0.1361 0.4687
vn -0.8776 0.4777 0.0404
vn -0.9787 0.0109 0.2051
vn -0.8696 0.0262 0.4930
vn -0.9709 0.2316 -0.0613
vn -0.5464 0.1958 0.8143
vn -0.6446 0.1150 0.7558
vn 0.2062 0.1205 0.9711
vn -0.3306 0.0170 0.9436
vn -0.0169 0.0134 0.9998
vn 0.4504 0.2181 0.8658
vn -0.0580 0.1023 0.9931
vn -0.7052 0.0019 0.7090
vn 0.2833 0.2261 0.9320
vn -0.0703 0.1306 0.9889
vn 0.5313 0.3425 0.7748
vn 0.6797 0.3296 0.6553
vn 0.7456 0.4298 0.5093
vn 0.4791 0.3714 0.7953
vn 0.2498 0.2926 0.9230
vn 0.3513 0.9018 0.2516
vn 0.1542 0.8199 0.5514
vn 0.5935 0.5888 0.5487
vn 0.5291 0.5198 0.6708
vn 0.0422 0.6050 0.7951
vn 0.7283 0.2708 0.6295
vn 0.5068 0.4771 0.7180
vn 0.4014 0.2713 0.8748
vn 0.8393 0.1405 0.5251
vn 0.9049 0.3547 0.2355
vn 0.9894 0.1003 0.1052
vn 0.5987 0.0368 0.8001
vn 0.2990 0.7040 0.6442
vn 0.2949 0.3736 0.8795
vn 0.1861 0.1794 0.9660
vn 0.2345 0.1713 0.9569
vn -0.2342 0.9381 0.2551
vn -0.1325 0.9873 0.0876
vn -0.7333 0.4013 0.5489
vn -0.7262 0.2210 0.6511
vn -0.7286 0.2410 0.6411
vn 0.4146 -0.8717 0.2613
vn 0.1601 -0.6732 0.7220
vn 0.0404 -0.5448 0.8376
vn -0.6918 0.0479 0.7205
vn 0.2365 0.8202 -0.5208
vn 0.2365 0.8203 -0.5207
vn 0.2364 0.8203 -0.5207
vn -0.0471 0.9704 0.2370
vn -0.0905 0.7743 0.6263
vn -0.3143 0.8510 0.4207
vn -0.4743 0.6841 0.5541
vn -0.1695 0.4419 0.8809
vn -0.1367 0.7213 0.6790
vn 0.2421 0.3837 -0.8911
vn 0.4956 0.7966 -0.3461
vn 0.2206 0.3490 -0.9108
vn -0.0022 0.1990 0.9800
vn 0.0642 0.5883 0.8061
vn 0.0082 0.5090 0.8607
vn -0.6866 -0.5685 0.4532
vn -0.5887 -0.6026 0.5388
vn -0.7571 -0.0745 0.6490
vn -0.5650 -0.0600 0.8229
vn -0.5446 -0.0892 0.8339
vn 0.0488 0.5050 0.8617
vn -0.5822 -0.1635 0.7964
vn -0.5896 -0.1714 0.7893
vn 0.7644 -0.2119 0.6089
vn 0.6182 -0.1640 0.7687
vn 0.1954 -0.6131 0.7655
vn -0.5344 -0.4823 0.6941
vn 0.4116 -0.1852 0.8923
vn 0.3741 -0.2142 0.9023
vn -0.6598 -0.7462 -0.0891
vn -0.6588 -0.6881 0.3041
vn -0.5954 -0.8025 -0.0384
vn 0.7071 0.2097 0.6754
vn 0.7070 0.2094 0.6755
vn 0.7071 0.2095 0.6754
vn 0.4214 -0.3695 0.8282
vn -0.0724 -0.7167 0.6936
vn -0.1586 -0.2452 -0.9564
vn -0.0181 -0.5044 -0.8633
vn -0.3349 -0.9301 -0.1510
vn -0.7382 -0.0700 0.6709
vn -0.6410 -0.4481 0.6232
vn -0.7874 -0.2439 0.5661
vn 0.4727 -0.1714 -0.8644
vn 0.4727 -0.1713 -0.8644
vn -0.5436 -0.7439 -0.3886
vn -0.3517 -0.7927 -0.4979
vn -0.6756 -0.6772 -0.2915
vn -0.2222 -0.7942 -0.5656
vn 0.1433 -0.5932 -0.7922
vn 0.4097 0.8565 -0.3140
vn 0.2177 0.9634 -0.1561
vn 0.1771 0.9765 -0.1228
vn -0.4975 0.8634 -0.0840
vn -0.2408 0.9153 -0.3230
vn -0.1245 0.9911 -0.0468
vn -0.8331 0.5316 -0.1529
vn -0.6402 0.6692 -0.3773
vn -0.5297 0.6152 -0.5839
vn -0.7992 0.4316 -0.4182
vn -0.8479 0.1842 -0.4971
vn -0.9478 0.2071 -0.2423
vn -0.9809 0.1313 -0.1436
vn -0.2421 0.3719 -0.8961
vn -0.5016 0.1327 -0.8549
vn -0.6398 0.4086 -0.6510
vn -0.2801 -0.0215 -0.9597
vn -0.5935 0.0122 -0.8047
vn -0.3858 -0.1075 -0.9163
vn -0.5527 -0.4369 0.7096
vn -0.1720 0.4062 -0.8974
vn 0.2226 0.5259 -0.8209
vn 0.2354 0.5286 -0.8156
vn -0.1759 -0.8006 0.5728
vn -0.3817 -0.6722 0.6344
vn -0.7811 -0.5667 -0.2620
vn -0.8426 -0.4797 -0.2449
vn -0.7858 -0.5664 -0.2485
vn -0.6869 0.2264 -0.6906
vn -0.6870 0.2264 -0.6905
vn -0.8438 -0.4738 -0.2521
vn -0.9129 -0.3592 -0.1938
vn 0.0999 -0.4916 -0.8651
vn 0.3427 -0.2245 -0.9122
vn 0.1813 -0.8514 -0.4923
vn 0.3837 -0.6333 -0.6721
vn 0.5949 -0.5227 -0.6106
vn 0.4244 -0.7877 -0.4466
vn 0.1860 -0.9616 -0.2017
vn 0.5292 -0.8251 -0.1979
vn 0.1781 -0.9523 -0.2478
vn 0.9049 -0.2383 -0.3527
vn 0.8511 -0.5116 -0.1179
vn 0.6552 -0.6395 -0.4021
vn 0.9905 -0.1288 0.0484
vn 0.7749 -0.6321 -0.0014
vn 0.9524 -0.2667 0.1478
vn -0.6074 -0.6459 0.4625
vn -0.3560 -0.8555 0.3761
vn -0.3109 -0.8804 0.3580
vn -0.5647 -0.2476 0.7873
vn -0.6252 -0.4564 0.6331
vn 0.3476 -0.7714 0.5331
vn 0.4457 -0.8190 0.3613
vn 0.4984 -0.8282 0.2562
vn 0.8663 -0.2049 -0.4555
vn 0.8663 -0.2048 -0.4556
vn 0.7315 -0.6805 -0.0428
vn 0.7646 -0.6364 -0.1022
vn -0.2034 0.3527 0.9134
vn -0.4011 0.1079 0.9097
vn 0.2750 0.6098 0.7433
vn 0.2424 0.4701 0.8487
vn -0.7127 0.0791 0.6970
vn -0.0954 0.4404 0.8927
vn -0.3863 0.2179 0.8963
vn 0.3108 0.8978 -0.3121
vn 0.5812 0.7919 -0.1873
vn 0.1562 0.8036 -0.5742
vn 0.0447 0.9027 -0.4279
vn 0.4381 0.8951 -0.0828
vn 0.6553 0.7553 0.0044
vn -0.3012 0.9106 0.2829
vn -0.3009 0.9107 0.2830
vn -0.4998 0.8644 0.0555
vn -0.9220 0.1090 0.3716
vn -0.8891 0.4162 -0.1906
vn -0.9276 0.3226 0.1883
vn -0.7962 0.5565 -0.2374
vn -0.9039 0.2217 0.3658
vn -0.9025 0.4202 0.0943
vn 0.3928 -0.9176 -0.0615
vn 0.1289 -0.9294 0.3457
vn 0.6628 -0.7302 -0.1660
vn 0.3685 -0.9168 0.1537
vn 0.0885 -0.7263 0.6816
vn 0.4753 -0.8769 0.0718
vn 0.2279 -0.9066 0.3551
vn 0.8657 0.3536 -0.3543
vn 0.7733 0.2456 -0.5845
vn 0.7741 0.5858 -0.2400
vn 0.8727 0.4620 -0.1578
vn 0.8708 0.1572 -0.4658
vn 0.7367 -0.0590 -0.6736
vn 0.9578 -0.2151 0.1905
vn 0.9577 -0.2178 0.1880
vn 0.9258 -0.0184 0.3775
vn 0.1395 -0.4054 0.9034
vn 0.4382 0.0269 0.8985
vn 0.3902 -0.2012 0.8985
vn 0.7019 0.1363 0.6991
vn 0.2336 -0.4080 0.8826
vn 0.4977 -0.1135 0.8599
vn -0.3861 -0.1481 0.9105
vn -0.1265 -0.4164 0.9003
vn -0.6991 -0.1303 0.7030
vn -0.3591 -0.3925 0.8468
vn -0.1078 -0.7294 0.6756
vn -0.5676 -0.6030 0.5605
vn -0.3197 -0.6926 0.6466
vn -0.9085 -0.4006 0.1188
vn -0.9103 -0.1395 0.3898
vn -0.6919 -0.7161 0.0919
vn -0.8513 -0.3842 0.3573
vn -0.6622 -0.3538 0.6606
vn -0.1222 -0.9267 0.3554
vn -0.3757 -0.9211 0.1022
vn -0.3510 -0.8742 0.3354
vn -0.6571 -0.6875 0.3092
vn -0.8778 0.2268 -0.4219
vn -0.9251 -0.3605 -0.1196
vn -0.7806 0.2607 -0.5680
vn -0.9281 -0.1746 -0.3289
vn -0.7144 -0.6928 -0.0986
vn -0.9010 -0.0906 -0.4242
vn -0.9058 -0.3606 -0.2226
vn 0.3146 0.3450 -0.8843
vn 0.1745 0.6009 -0.7801
vn 0.5790 0.2256 -0.7835
vn 0.4384 0.1339 -0.8888
vn 0.0711 0.4633 -0.8834
vn -0.0188 0.6777 -0.7351
vn -0.2937 -0.2360 -0.9263
vn -0.2946 -0.2353 -0.9262
vn -0.0852 -0.4275 -0.9000
vn -0.2082 -0.9012 -0.3801
vn 0.0431 -0.9101 -0.4122
vn -0.3962 -0.9075 -0.1397
vn 0.1044 -0.7517 -0.6512
vn -0.3975 -0.8862 -0.2380
vn -0.1158 -0.8739 -0.4721
vn -0.1832 0.7560 0.6284
vn -0.0732 0.8410 0.5361
vn -0.2450 0.8650 0.4380
vn -0.4812 0.7327 0.4813
vn -0.1843 0.5016 0.8452
vn -0.0261 0.6421 0.7662
vn -0.3883 0.2281 0.8928
vn -0.6072 -0.3118 0.7308
vn -0.7368 -0.3535 0.5763
vn -0.5862 -0.4703 0.6597
vn -0.4292 -0.1290 0.8939
vn -0.8007 -0.0927 0.5919
vn -0.0448 0.3173 0.9473
vn -0.2165 -0.1366 0.9667
vn -0.2039 0.1431 0.9685
vn -0.4095 -0.3618 0.8375
vn 0.1034 0.9083 0.4053
vn 0.3783 0.9180 0.1191
vn 0.0962 0.6844 0.7227
vn 0.3739 0.8402 0.3927
vn 0.7045 0.7015 0.1072
vn 0.3555 0.6450 0.6765
vn 0.6629 0.6512 0.3694
vn 0.3808 0.0739 0.9217
vn 0.0997 0.3543 0.9298
vn 0.7060 0.0739 0.7043
vn 0.3756 0.3525 0.8572
vn 0.6627 0.3378 0.6684
vn 0.9216 0.3738 0.1046
vn 0.9215 0.0878 0.3784
vn 0.8507 0.3634 0.3799
vn 0.7202 -0.1140 0.6844
vn 0.7995 -0.3210 0.5078
vn 0.7186 -0.0431 0.6941
vn 0.5677 -0.0749 0.8198
vn 0.7016 -0.5253 0.4815
vn -0.2355 -0.3344 0.9125
vn 0.2331 -0.0964 0.9677
vn -0.4829 -0.6167 0.6216
vn -0.3230 -0.5914 0.7389
vn 0.3276 -0.1161 0.9377
vn 0.5211 -0.0589 0.8515
vn -0.6869 -0.7246 0.0555
vn -0.6097 -0.7072 0.3580
vn -0.0571 -0.7385 0.6718
vn 0.1357 -0.6698 0.7301
vn 0.2029 -0.6670 0.7169
vn -0.3624 -0.6034 0.7103
vn 0.1535 -0.5479 0.8223
vn -0.0972 0.9292 -0.3566
vn -0.3782 0.9227 -0.0744
vn -0.0926 0.7204 -0.6873
vn -0.3736 0.8581 -0.3524
vn -0.7044 0.7060 -0.0734
vn -0.3555 0.6763 -0.6452
vn -0.6622 0.6689 -0.3377
vn -0.3806 0.1203 -0.9169
vn -0.0986 0.4008 -0.9109
vn -0.7057 0.1096 -0.7000
vn -0.3748 0.3944 -0.8390
vn -0.6621 0.3716 -0.6508
vn -0.9201 0.3823 -0.0856
vn -0.9213 0.1072 -0.3737
vn -0.8499 0.3826 -0.3623
vn -0.4525 0.8207 0.3487
vn -0.0528 0.8811 0.4700
vn -0.4078 0.9062 0.1116
vn -0.5754 0.7643 0.2913
vn -0.4366 0.7630 0.4767
vn 0.0092 0.7335 0.6796
vn -0.5967 0.6586 0.4585
vn -0.9311 -0.1830 0.3156
vn -0.9383 0.3295 0.1047
vn -0.6996 -0.4489 0.5559
vn -0.9515 0.1203 0.2832
vn -0.7513 0.6537 0.0903
vn -0.9197 0.0785 0.3847
vn -0.9181 0.2457 0.3111
vn 0.0647 -0.6213 0.7809
vn -0.3426 -0.3480 0.8726
vn -0.2578 -0.6184 0.7424
vn 0.0893 -0.2941 0.9516
vn -0.3216 -0.1926 0.9271
vn -0.4831 -0.3770 0.7903
vn -0.5452 -0.1230 0.8293
vn -0.6373 -0.2334 -0.7344
vn -0.5375 -0.0514 -0.8417
vn -0.3701 -0.1671 -0.9139
vn -0.6794 -0.3072 -0.6664
vn -0.8609 -0.2199 -0.4588
vn -0.8104 -0.0446 -0.5841
vn -0.8324 -0.3513 -0.4286
vn -0.5090 -0.7817 0.3604
vn -0.0440 -0.8191 0.5719
vn -0.3410 -0.7329 0.5888
vn -0.6025 -0.6987 0.3857
vn -0.2389 -0.9326 -0.2707
vn -0.5112 -0.8572 0.0621
vn -0.1500 -0.9080 -0.3912
vn -0.7095 -0.6941 0.1215
vn -0.9530 -0.0752 -0.2936
vn -0.9401 -0.2967 0.1680
vn -0.9643 -0.2449 -0.1002
vn -0.7363 -0.5338 0.4158
vn -0.9463 -0.3177 -0.0607
vn -0.2844 -0.5297 -0.7991
vn -0.2101 -0.1985 -0.9573
vn -0.0834 -0.4034 -0.9112
vn -0.2561 -0.8179 -0.5152
vn -0.3617 -0.5788 -0.7309
vn -0.5494 -0.8000 -0.2412
vn -0.2871 -0.9472 0.1426
vn -0.0897 -0.9365 -0.3390
vn -0.4986 -0.7749 0.3886
vn -0.2542 -0.9590 -0.1257
vn -0.0696 -0.7515 -0.6560
vn -0.5323 -0.8320 0.1564
vn -0.7553 -0.5554 0.3479
vn -0.6933 -0.4363 0.5735
vn -0.9479 -0.1774 -0.2646
vn -0.8528 -0.5190 0.0585
vn 0.3763 -0.0773 -0.9233
vn 0.0949 -0.3583 -0.9288
vn 0.0945 -0.0750 -0.9927
vn 0.7025 -0.0767 -0.7076
vn 0.3707 -0.3548 -0.8583
vn 0.0893 -0.6884 -0.7198
vn 0.6595 -0.3384 -0.6712
vn 0.3518 -0.6463 -0.6771
vn 0.9208 -0.3749 -0.1078
vn 0.9197 -0.0894 -0.3822
vn 0.7037 -0.7021 -0.1089
vn 0.8486 -0.3640 -0.3838
vn 0.6597 -0.6535 -0.3711
vn 0.0953 -0.9120 -0.3991
vn 0.3770 -0.9186 -0.1186
vn 0.3713 -0.8412 -0.3930
vn 0.8725 -0.4840 0.0669
vn 0.8879 -0.4601 0.0066
vn 0.7187 -0.5214 0.4600
vn 0.7188 -0.5215 0.4598
vn 0.7187 -0.5214 0.4601
vn 0.7109 -0.6990 0.0781
vn 0.6753 -0.7374 0.0145
vn 0.5326 -0.7821 0.3235
vn -0.6421 -0.3440 0.6850
vn -0.6831 -0.1521 0.7143
vn -0.5537 -0.5387 0.6350
vn -0.3515 -0.7895 0.5032
vn -0.0156 -0.7840 0.6205
vn 0.0043 -0.6292 0.7773
vn -0.1691 -0.5321 0.8296
vn -0.6127 -0.7183 0.3296
vn 0.2798 -0.7018 0.6552
vn 0.3252 -0.9446 0.0451
vn -0.1767 -0.9514 0.2521
vn 0.4457 -0.8929 0.0633
vn -0.2637 -0.8179 0.5113
vn -0.4009 -0.7478 0.5292
vn -0.9054 0.4160 -0.0849
vn -0.6770 0.7189 -0.1580
vn -0.9028 0.4077 -0.1367
vn -0.8025 0.5959 -0.0307
vn -0.3919 0.9096 -0.1377
vn -0.6722 0.7103 -0.2090
vn -0.4030 0.8837 -0.2382
vn 0.2888 0.9401 -0.1810
vn -0.2620 0.9646 -0.0294
vn -0.0050 0.9997 -0.0245
vn 0.3185 0.9193 -0.2313
vn -0.0146 0.9899 -0.1408
vn -0.5403 0.8414 -0.0157
vn -0.0134 0.9796 -0.2004
vn 0.6723 0.4658 -0.5753
vn 0.8565 0.1797 -0.4838
vn -0.0520 0.5404 -0.8398
vn 0.5164 0.4745 -0.7129
vn 0.7244 0.4977 -0.4769
vn 0.8480 0.3346 -0.4109
vn 0.3956 0.7451 -0.5369
vn 0.1693 0.7242 0.6685
vn 0.0546 0.6032 0.7957
vn 0.1516 0.4192 0.8952
vn 0.2175 0.7181 0.6611
vn 0.1474 0.9095 0.3888
vn 0.0364 0.8405 0.5406
vn 0.2440 0.8822 0.4027
vn 0.5020 -0.0795 -0.8612
vn 0.5422 0.4628 -0.7013
vn 0.5672 0.2051 -0.7976
vn 0.4497 0.1738 -0.8761
vn 0.4461 0.4883 -0.7500
vn 0.8152 0.5785 0.0285
vn 0.6756 0.4756 -0.5634
vn 0.7831 0.5812 0.2212
vn 0.5144 0.7519 -0.4124
vn 0.0450 0.9624 0.2680
vn 0.1789 0.9411 -0.2868
vn 0.0347 0.9993 0.0162
vn 0.1462 0.9891 0.0185
vn 0.2251 0.9212 -0.3173
vn 0.2012 0.9794 0.0179
vn -0.8619 -0.5017 -0.0733
vn -0.9719 -0.2331 0.0337
vn -0.9886 0.0579 -0.1388
vn -0.8974 -0.4175 -0.1428
vn -0.8631 -0.5051 0.0064
vn -0.6824 -0.7309 0.0054
vn -0.5201 -0.8329 -0.1893
vn 0.5480 -0.7442 -0.3820
vn 0.6808 -0.4741 -0.5584
vn 0.6879 -0.6249 -0.3690
vn 0.3036 -0.9157 -0.2634
vn 0.5343 -0.7307 -0.4250
vn 0.2807 -0.9028 -0.3258
vn -0.3107 -0.9497 -0.0396
vn 0.2183 -0.9618 -0.1650
vn -0.0362 -0.9901 -0.1356
vn 0.4606 -0.8478 -0.2629
vn -0.0454 -0.9861 -0.1598
vn 0.0884 -0.5035 0.8595
vn 0.0379 0.1016 0.9941
vn -0.0073 -0.2261 0.9741
vn 0.0119 -0.5067 0.8620
vn 0.1531 -0.5317 0.8330
vn 0.1943 -0.8414 0.5043
vn 0.1426 -0.9615 -0.2349
vn 0.0362 -0.9530 0.3009
vn 0.0418 -0.9991 -0.0077
vn 0.2329 -0.8467 -0.4784
vn 0.1225 -0.9922 0.0208
vn 0.0056 -0.7311 0.6822
vn 0.2379 -0.9162 -0.3226
vn 0.1492 -0.9885 0.0264
vn 0.3652 -0.7415 -0.5629
vn 0.3319 -0.6266 -0.7052
vn 0.6887 -0.5102 -0.5151
vn 0.5127 -0.4665 -0.7207
vn 0.2997 -0.9045 -0.3033
vn 0.3098 0.2222 0.9245
vn 0.6425 0.2340 0.7297
vn 0.2791 0.3303 0.9017
vn 0.5221 0.0887 0.8483
vn 0.8759 0.1939 0.4418
vn 0.5894 0.2912 0.7535
vn 0.8475 0.3016 0.4368
vn 0.9456 0.2087 -0.2494
vn 0.9476 0.0753 0.3104
vn 0.9974 0.0575 0.0434
vn 0.7193 0.3595 -0.5945
vn 0.9813 0.1836 0.0584
vn 0.7994 0.0697 0.5968
vn 0.9683 0.2457 0.0438
vn 0.4918 0.5901 -0.6403
vn 0.2578 0.4758 -0.8409
vn 0.2951 0.6940 -0.6567
vn 0.2529 0.6773 -0.6909
vn 0.5491 0.4799 -0.6842
vn 0.7505 0.5521 -0.3632
vn -0.3504 -0.1031 0.9309
vn 0.0260 -0.0170 0.9995
vn -0.4019 -0.1934 0.8950
vn -0.1265 -0.0982 0.9871
vn 0.1401 -0.0220 0.9899
vn -0.1809 -0.2149 0.9597
vn 0.0022 -0.2063 0.9785
vn -0.1287 -0.4334 0.8919
vn -0.4339 -0.3046 0.8479
vn 0.0243 -0.4196 0.9074
vn -0.2396 -0.3192 0.9169
vn -0.0373 -0.2530 0.9667
vn 0.8830 -0.1112 0.4561
vn 0.9151 -0.1614 0.3695
vn 0.9269 -0.0362 0.3736
vn 0.7701 -0.0255 0.6374
vn 0.7274 -0.2501 0.6390
vn 0.7709 -0.3203 0.5505
vn 0.1964 -0.1244 0.9726
vn 0.6790 -0.7211 -0.1381
vn 0.5406 -0.8405 -0.0358
vn 0.3573 -0.9219 -0.1497
vn 0.6784 -0.7104 -0.1877
vn 0.8848 -0.4562 -0.0947
vn 0.7955 -0.6059 0.0066
vn 0.8641 -0.4652 -0.1922
vn 0.0276 0.8770 -0.4797
vn 0.5529 0.6785 -0.4836
vn 0.3136 0.7895 -0.5276
vn 0.2743 0.8706 -0.4085
vn 0.5752 0.7215 -0.3855
vn 0.6338 -0.0513 -0.7718
vn 0.5671 0.5411 -0.6209
vn 0.6192 -0.2438 -0.7464
vn 0.8139 0.3738 -0.4449
vn 0.9386 -0.3447 0.0153
vn 0.9715 0.2139 -0.1022
vn 0.9946 -0.0978 0.0359
vn 0.9925 -0.0956 -0.0760
vn 0.9587 0.2426 -0.1488
vn 0.9872 -0.0885 -0.1324
vn -0.5550 0.1267 0.8221
vn -0.3134 0.0209 0.9494
vn -0.0381 0.0942 0.9948
vn -0.5850 0.1952 0.7872
vn -0.5773 0.0455 0.8153
vn -0.7514 0.0125 0.6597
vn -0.8303 0.2200 0.5120
vn -0.6965 0.4281 -0.5759
vn -0.4097 0.7669 -0.4940
vn -0.5642 0.3693 -0.7384
vn -0.9059 0.2637 -0.3315
vn -0.3198 0.6027 -0.7311
vn -0.8944 0.3383 -0.2926
vn -0.8411 0.3289 -0.4294
vn -0.9544 0.0285 0.2973
vn -0.9583 0.1425 -0.2478
vn -0.9923 0.1218 0.0235
vn -0.8240 0.2518 -0.5076
vn -0.9871 0.1522 0.0494
vn -0.6318 -0.0606 0.7728
vn -0.5042 -0.1266 0.8543
vn -0.7923 -0.0378 0.6089
vn -0.6312 -0.1214 0.7661
vn -0.5345 -0.2151 0.8173
vn -0.7266 -0.1706 0.6655
vn -0.6297 -0.1971 0.7515
vn -0.9251 -0.1293 0.3571
vn -0.9140 -0.0486 0.4027
vn -0.7861 -0.2092 0.5816
vn -0.8620 -0.1251 0.4912
vn -0.7627 -0.0938 0.6399
vn -0.5642 -0.2928 0.7720
vn -0.7035 -0.2995 0.6446
vn -0.5763 -0.3724 0.7275
vn -0.6727 -0.2577 0.6936
vn -0.8278 -0.2332 0.5103
vn -0.5540 -0.8179 -0.1553
vn 0.0108 -0.9816 -0.1907
vn -0.3029 -0.9522 -0.0397
vn -0.5713 -0.8173 -0.0752
vn -0.4553 -0.8629 -0.2195
vn -0.8614 -0.4305 -0.2696
vn -0.8047 -0.5633 -0.1874
vn -0.9275 0.3141 -0.2028
vn -0.9685 -0.2218 -0.1132
vn -0.9897 0.0887 -0.1122
vn -0.7873 0.5507 -0.2773
vn -0.9791 0.0629 -0.1932
vn -0.7801 -0.6206 -0.0791
vn -0.8668 0.4042 -0.2919
vn -0.9734 0.0636 -0.2199
vn -0.6681 0.6391 -0.3811
vn -0.5427 0.7619 -0.3536
vn -0.3767 0.7589 -0.5312
vn -0.6505 0.6296 -0.4247
vn -0.8520 0.3869 -0.3527
vn -0.2960 -0.2964 -0.9081
vn -0.3147 -0.2790 -0.9073
vn -0.4372 -0.4505 -0.7784
vn -0.4653 -0.4263 -0.7758
vn -0.6993 -0.6636 -0.2656
vn -0.6807 -0.7325 -0.0102
vn -0.7222 -0.6916 -0.0086
vn -0.2780 -0.3123 -0.9084
vn -0.4123 -0.4750 -0.7775
vn -0.6590 -0.7038 -0.2651
vn -0.6394 -0.7688 -0.0133
vn 0.2982 0.3081 -0.9034
vn 0.3152 0.2893 -0.9039
vn 0.4483 0.4490 -0.7729
vn 0.7224 0.6195 -0.3071
vn 0.7199 0.6915 -0.0598
vn 0.6838 0.6629 -0.3048
vn 0.3322 0.2685 -0.9042
vn 0.4745 0.4203 -0.7735
vn 0.7607 0.5717 -0.3074
vn 0.7611 0.6458 -0.0613
vn -0.3490 -0.2410 -0.9056
vn -0.3324 -0.2596 -0.9067
vn -0.5140 -0.3700 -0.7739
vn -0.7384 -0.6205 -0.2642
vn -0.7980 -0.6027 -0.0061
vn -0.7738 -0.5771 -0.2612
vn -0.4910 -0.3982 -0.7748
vn -0.7624 -0.6471 -0.0081
vn 0.2818 0.3267 -0.9021
vn 0.2649 0.3422 -0.9015
vn 0.4231 0.4773 -0.7702
vn 0.3971 0.5006 -0.7693
vn 0.6041 0.7358 -0.3061
vn 0.6772 0.7333 -0.0606
vn 0.6357 0.7696 -0.0600
vn 0.6432 0.7016 -0.3066
vn 0.2472 0.3569 -0.9008
vn 0.2265 0.3704 -0.9008
vn 0.3699 0.5229 -0.7680
vn 0.3383 0.5471 -0.7656
vn 0.5148 0.8019 -0.3033
vn 0.5918 0.8037 -0.0618
vn 0.5392 0.8399 -0.0623
vn 0.5628 0.7676 -0.3065
vn -0.2609 -0.3303 -0.9071
vn -0.3865 -0.4997 -0.7752
vn -0.6184 -0.7388 -0.2679
vn -0.5954 -0.8033 -0.0165
vn -0.2402 -0.3463 -0.9068
vn -0.3560 -0.5216 -0.7754
vn -0.5751 -0.7720 -0.2707
vn -0.5473 -0.8368 -0.0182
vn -0.2192 -0.3634 -0.9055
vn -0.3262 -0.5456 -0.7719
vn -0.5281 -0.8054 -0.2689
vn -0.4963 -0.8678 -0.0225
vn -0.1939 -0.3697 -0.9087
vn -0.2947 -0.5582 -0.7756
vn -0.4776 -0.8356 -0.2712
vn -0.4484 -0.8936 -0.0212
vn 0.2083 0.3842 -0.8995
vn 0.2012 0.4038 -0.8925
vn 0.3046 0.5729 -0.7610
vn 0.2832 0.5984 -0.7495
vn 0.4092 0.8642 -0.2928
vn 0.4742 0.8781 -0.0642
vn 0.4187 0.9061 -0.0600
vn 0.4571 0.8364 -0.3024
vn -0.0754 -0.3500 -0.9337
vn 0.0444 -0.3240 -0.9450
vn -0.1656 -0.7862 -0.5954
vn 0.0423 -0.6749 -0.7367
vn -0.1873 -0.9776 -0.0955
vn 0.0324 -0.9178 -0.3957
vn -0.0644 -0.1134 -0.9915
vn -0.2689 -0.5635 -0.7811
vn -0.4289 -0.8640 -0.2637
vn -0.4132 -0.9105 -0.0173
vn -0.2640 -0.5766 -0.7732
vn -0.3956 -0.8831 -0.2522
vn 0.2020 0.4237 -0.8830
vn 0.2786 0.6183 -0.7349
vn 0.3927 0.9182 -0.0528
vn 0.3849 0.8786 -0.2828
vn 0.3523 0.2417 -0.9041
vn 0.5012 0.3886 -0.7732
vn 0.8037 0.5091 -0.3081
vn 0.8016 0.5946 -0.0627
vn 0.3756 0.2195 -0.9004
vn 0.5357 0.3469 -0.7699
vn 0.8401 0.4508 -0.3017
vn 0.8478 0.5262 -0.0660
vn -0.3705 -0.2137 -0.9039
vn -0.3619 -0.2245 -0.9048
vn -0.5456 -0.3315 -0.7697
vn -0.8011 -0.5400 -0.2582
vn -0.8429 -0.5381 -0.0041
vn -0.8186 -0.5137 -0.2568
vn -0.5342 -0.3473 -0.7707
vn -0.8257 -0.5641 -0.0061
vn -0.3895 0.0379 -0.9202
vn -0.7199 0.0469 -0.6925
vn -0.9349 0.0479 -0.3518
vn 0.3923 0.2089 -0.8958
vn 0.5690 0.3088 -0.7621
vn 0.8593 0.4189 -0.2934
vn 0.8852 0.4609 -0.0630
vn 0.9017 0.4287 -0.0570
vn 0.5891 0.2942 -0.7526
vn 0.8588 0.4129 -0.3031
vn -0.3750 -0.2085 -0.9033
vn -0.5985 -0.2951 -0.7448
vn -0.8282 -0.5019 -0.2492
vn -0.8514 -0.5245 -0.0025
vn -0.5548 -0.3249 -0.7659
vn -0.5223 -0.5173 0.6780
vn -0.4926 -0.5477 0.6763
vn -0.3771 -0.3823 0.8436
vn -0.3558 -0.4047 0.8424
vn -0.2086 -0.2236 0.9521
vn -0.1966 -0.2360 0.9517
vn -0.4630 -0.5747 0.6747
vn -0.3349 -0.4250 0.8409
vn -0.1848 -0.2473 0.9512
vn 0.5845 0.4788 0.6551
vn 0.5529 0.5135 0.6562
vn 0.4243 0.3387 0.8398
vn 0.4014 0.3636 0.8407
vn 0.2335 0.1743 0.9566
vn 0.2210 0.1879 0.9570
vn 0.6158 0.4400 0.6537
vn 0.4472 0.3109 0.8386
vn 0.2460 0.1592 0.9561
vn -0.5518 -0.4851 0.6784
vn -0.5784 -0.4531 0.6783
vn -0.3984 -0.3589 0.8441
vn -0.4183 -0.3362 0.8438
vn -0.2208 -0.2108 0.9523
vn -0.2322 -0.1982 0.9523
vn 0.4901 0.5749 0.6552
vn 0.5207 0.5458 0.6565
vn 0.3560 0.4081 0.8406
vn 0.3787 0.3877 0.8404
vn 0.1968 0.2127 0.9571
vn 0.2085 0.2008 0.9572
vn 0.4182 0.6339 0.6506
vn 0.4576 0.6024 0.6540
vn 0.3047 0.4528 0.8379
vn 0.3330 0.4287 0.8398
vn 0.1681 0.2375 0.9567
vn 0.1841 0.2238 0.9571
vn -0.4327 -0.6023 0.6709
vn -0.3129 -0.4451 0.8390
vn -0.1728 -0.2590 0.9503
vn -0.3992 -0.6300 0.6661
vn -0.2892 -0.4664 0.8360
vn -0.1594 -0.2706 0.9494
vn -0.3641 -0.6571 0.6601
vn -0.2651 -0.4887 0.8312
vn -0.1475 -0.2859 0.9468
vn -0.3325 -0.6845 0.6488
vn -0.2458 -0.5168 0.8201
vn -0.1411 -0.3111 0.9399
vn 0.3175 0.7051 0.6340
vn 0.3660 0.6724 0.6433
vn 0.2274 0.5140 0.8271
vn 0.2656 0.4850 0.8332
vn 0.1166 0.2768 0.9538
vn 0.1437 0.2584 0.9553
vn -0.0577 -0.9190 0.3901
vn -0.1815 -0.7821 0.5962
vn -0.0618 -0.7162 0.6952
vn -0.1508 -0.6168 0.7725
vn -0.0575 -0.4259 0.9029
vn -0.1110 -0.4176 0.9018
vn -0.3122 -0.7089 0.6325
vn -0.2378 -0.5502 0.8004
vn -0.1465 -0.3518 0.9245
vn 0.2930 0.7195 0.6296
vn 0.2068 0.5265 0.8246
vn 0.0994 0.2807 0.9547
vn 0.6535 0.3897 0.6488
vn 0.4758 0.2755 0.8353
vn 0.2619 0.1404 0.9548
vn 0.6889 0.3434 0.6383
vn 0.5046 0.2437 0.8282
vn 0.2791 0.1240 0.9522
vn -0.6003 -0.4261 0.6769
vn -0.6141 -0.4079 0.6757
vn -0.4353 -0.3173 0.8425
vn -0.4461 -0.3045 0.8416
vn -0.2413 -0.1874 0.9522
vn -0.2478 -0.1804 0.9518
vn -0.9103 -0.0273 0.4129
vn -0.6911 -0.0304 0.7221
vn -0.3744 -0.0288 0.9268
vn 0.7073 0.3207 0.6300
vn 0.5222 0.2288 0.8216
vn 0.2913 0.1166 0.9495
vn -0.6212 -0.3986 0.6747
vn -0.4517 -0.2981 0.8409
vn -0.2517 -0.1773 0.9514
vn -0.8395 -0.3503 0.4153
vn -0.8838 -0.2454 0.3982
vn -0.9167 -0.1362 0.3757
vn 0.7998 0.4703 0.3730
vn -0.2616 0.9440 0.2010
vn -0.2606 0.9443 0.2008
vn -0.2619 0.9441 0.2004
vn 0.7941 0.4805 0.3722
vn -0.2464 0.9473 0.2049
vn -0.9637 0.1184 -0.2391
vn 0.7934 0.4815 0.3723
vn 0.2301 -0.9504 -0.2094
vn 0.5606 0.7383 0.3750
vn -0.0031 -0.4162 0.9093
vn -0.0032 -0.7301 0.6834
vn -0.0029 -0.9343 0.3566
vn -0.9229 -0.3851 -0.0045
vn -0.3801 -0.9248 -0.0180
vn -0.7053 -0.7088 -0.0122
vn 0.6916 -0.1944 -0.6957
vn 0.6636 -0.1051 -0.7407
vn 0.6916 -0.1945 -0.6957
vn 0.5825 -0.5537 -0.5951
vn 0.1747 -0.9647 -0.1973
vn 0.6296 0.4705 -0.6183
vn 0.6051 -0.5037 -0.6165
vn -0.9223 -0.0082 0.3864
vn -0.7067 -0.0133 0.7074
vn -0.3880 -0.0163 0.9215
vn 0.6937 0.6853 0.2216
vn 0.7409 0.6687 0.0628
vn 0.6937 0.6853 0.2217
vn 0.6268 0.6153 0.4780
vn 0.1953 0.1801 0.9641
vn 0.6305 0.6323 -0.4503
vn 0.5676 0.5549 0.6082
vn 0.2279 0.6991 -0.6777
vn -0.0670 0.7630 -0.6429
vn -0.6769 0.5276 -0.5133
vn -0.9790 0.1473 -0.1406
vn -0.0058 0.7172 -0.6968
vn -0.6774 0.5273 -0.5130
vn -0.0008 0.8926 0.4509
vn -0.0029 0.6664 0.7456
vn -0.0047 0.3312 0.9436
vn 0.1386 0.0983 0.9855
vn -0.0001 -0.1215 0.9926
vn 0.3454 -0.0162 0.9383
vn 0.4738 -0.0129 0.8805
vn 0.6398 -0.0098 0.7685
vn 0.8553 -0.0038 0.5181
vn -0.1832 -0.1993 0.9627
vn -0.3074 -0.3259 0.8940
vn -0.4379 -0.4576 0.7739
vn -0.5145 -0.5349 0.6702
vn -0.6493 -0.6687 0.3624
vn -0.2934 -0.3114 0.9039
vn -0.3909 0.9201 0.0234
vn -0.7497 0.6616 0.0187
vn -0.9347 0.3553 0.0121
vn -0.6928 0.7209 0.0200
vn -0.8683 0.4958 0.0152
vn -0.9936 0.0470 0.1029
vn -0.4511 0.0247 -0.8921
vn -0.7400 0.0176 -0.6723
vn -0.8662 0.0125 -0.4996
vn -0.8848 0.0113 -0.4659
vn -0.9291 0.0084 -0.3698
vn -0.9948 -0.0920 -0.0444
vn -0.8872 -0.3316 0.3207
vn -0.7569 -0.4714 0.4527
vn -0.6068 -0.5732 0.5507
vn -0.1830 -0.7101 0.6799
vn -0.7188 -0.5009 0.4820
vn -0.5049 -0.6205 0.6000
vn -0.0032 -0.9683 -0.2499
vn -0.0033 -0.9285 -0.3713
vn -0.0035 -0.7209 -0.6931
vn -0.0035 -0.8174 -0.5761
vn -0.0014 -0.3902 -0.9207
vn 0.1189 -0.9801 -0.1592
vn 0.3586 -0.9327 -0.0387
vn 0.6813 -0.7318 -0.0171
vn 0.9161 -0.4007 -0.0107
vn 0.0809 -0.9927 0.0899
vn 0.5252 -0.8508 -0.0194
vn -0.3419 -0.8822 0.3237
vn -0.4920 -0.7268 0.4792
vn -0.5529 -0.6324 0.5426
vn -0.6741 -0.3049 0.6727
vn -0.2264 -0.9521 0.2057
vn -0.5007 -0.7150 0.4879
vn 0.0021 0.3569 0.9342
vn 0.0014 0.6785 0.7346
vn 0.0006 0.9013 0.4331
vn 0.8593 -0.0134 0.5114
vn 0.6417 -0.0195 0.7667
vn 0.3530 -0.0231 0.9354
vn -0.6280 -0.6394 0.4437
vn -0.4723 -0.4913 0.7318
vn -0.2562 -0.2805 0.9250
vn -0.9224 0.3861 0.0113
vn -0.7055 0.7085 0.0184
vn -0.3820 0.9239 0.0227
vn -0.9309 0.0102 -0.3651
vn -0.7394 0.0174 -0.6731
vn -0.4513 0.0223 -0.8921
vn -0.2302 -0.7018 0.6742
vn -0.6360 -0.5559 0.5352
vn -0.9119 -0.2949 0.2853
vn -0.0026 -0.3622 -0.9321
vn -0.0023 -0.6914 -0.7224
vn -0.0017 -0.9153 -0.4027
vn 0.9236 -0.3831 -0.0108
vn 0.7060 -0.7080 -0.0175
vn 0.3817 -0.9240 -0.0216
vn -0.6461 -0.4125 0.6422
vn -0.4984 -0.7178 0.4861
vn -0.2740 -0.9274 0.2547
vn 0.3834 0.9234 0.0215
vn 0.7041 0.7099 0.0156
vn 0.7075 0.7066 0.0156
vn 0.9232 0.3842 0.0074
vn -0.6852 -0.7052 -0.1822
vn 0.3375 -0.9364 0.0964
vn -0.2084 -0.9702 -0.1239
vn -0.2212 -0.9667 -0.1286
vn 0.9128 -0.1610 0.3754
vn -0.5662 -0.7826 -0.2588
vn -0.0671 -0.9973 -0.0308
vn 0.3387 -0.9350 0.1048
vn 0.6967 -0.6636 0.2723
vn 0.6967 -0.6637 0.2723
vn 0.2192 0.7285 0.6491
vn 0.2189 0.7292 0.6484
vn 0.3242 -0.0467 0.9448
vn 0.3241 -0.0454 0.9449
vn 0.0572 0.9820 0.1802
vn 0.2190 0.7290 0.6485
vn 0.1519 -0.0238 0.9881
vn 0.2677 -0.5752 0.7730
vn -0.1658 -0.1325 -0.9772
vn -0.0656 -0.9162 -0.3953
vn -0.0656 -0.9161 -0.3956
vn 0.0978 -0.8185 0.5661
vn 0.9230 0.0078 -0.3848
vn 0.7055 0.0153 -0.7085
vn 0.7051 0.0153 -0.7089
vn 0.3804 0.0204 -0.9246
vn -0.8011 -0.1603 0.5767
vn -0.9253 0.0091 -0.3792
vn -0.9211 -0.0882 -0.3793
vn -0.8094 -0.0123 0.5871
vn -0.9252 0.0092 -0.3795
vn -0.9250 0.0091 -0.3798
vn -0.1639 0.0220 -0.9862
vn -0.5868 0.7123 0.3850
vn -0.8780 -0.0190 0.4783
vn -0.1493 0.9739 0.1711
vn -0.5867 0.7117 0.3864
vn -0.7702 -0.0794 0.6328
vn -0.8779 -0.0200 0.4785
vn -0.7554 -0.5449 0.3639
vn -0.0018 0.4070 -0.9134
vn -0.0007 0.7253 -0.6884
vn -0.0007 0.7243 -0.6895
vn 0.0004 0.9329 -0.3602
vn 0.3828 -0.0090 0.9238
vn 0.3859 -0.0208 0.9223
vn 0.9870 -0.0043 0.1604
vn -0.5808 -0.0175 0.8139
vn -0.1832 -0.0123 0.9830
vn 0.3863 -0.0089 0.9223
vn 0.8368 -0.0039 0.5474
vn 0.9701 -0.0912 0.2248
vn -0.3194 0.8914 0.3215
vn -0.3009 0.8913 0.3391
vn -0.4659 0.7537 0.4635
vn -0.4406 0.7517 0.4907
vn -0.6553 0.2323 0.7188
vn -0.7167 -0.0268 0.6969
vn -0.6748 -0.0267 0.7375
vn -0.3355 0.8917 0.3037
vn -0.4906 0.7529 0.4387
vn -0.6964 0.2310 0.6794
vn -0.7539 -0.0253 0.6565
vn 0.2724 0.9183 -0.2873
vn 0.2534 0.9183 -0.3043
vn 0.4153 0.7936 -0.4446
vn 0.5924 0.3422 -0.7293
vn 0.6724 0.0970 -0.7338
vn 0.6363 0.3413 -0.6918
vn 0.2311 0.9190 -0.3195
vn 0.3857 0.7940 -0.4699
vn 0.5437 0.3415 -0.7666
vn 0.6258 0.0982 -0.7738
vn -0.2616 0.8902 0.3729
vn -0.2816 0.8907 0.3568
vn -0.3828 0.7505 0.5387
vn -0.6112 0.2306 0.7572
vn -0.5830 -0.0288 0.8120
vn -0.5660 0.2286 0.7921
vn -0.4114 0.7520 0.5150
vn -0.6294 -0.0277 0.7766
vn 0.2903 0.9180 -0.2702
vn 0.3065 0.9173 -0.2540
vn 0.4417 0.7941 -0.4174
vn 0.4671 0.7920 -0.3930
vn 0.7127 0.3371 -0.6152
vn 0.7153 0.0973 -0.6920
vn 0.7526 0.0971 -0.6513
vn 0.6767 0.3408 -0.6526
vn 0.3213 0.9170 -0.2363
vn 0.3384 0.9156 -0.2171
vn 0.4892 0.7918 -0.3656
vn 0.5136 0.7902 -0.3343
vn 0.7803 0.3348 -0.5283
vn 0.7878 0.0966 -0.6083
vn 0.8240 0.0967 -0.5582
vn 0.7451 0.3393 -0.5742
vn -0.3517 0.8916 0.2852
vn -0.5129 0.7536 0.4112
vn -0.7330 0.2301 0.6402
vn -0.7894 -0.0225 0.6134
vn -0.3698 0.8901 0.2662
vn -0.5386 0.7502 0.3834
vn -0.7673 0.2325 0.5977
vn -0.8242 -0.0185 0.5660
vn -0.3878 0.8883 0.2460
vn -0.5629 0.7469 0.3539
vn -0.8008 0.2349 0.5510
vn -0.8565 -0.0178 0.5158
vn -0.4059 0.8853 0.2269
vn -0.5852 0.7419 0.3273
vn -0.8329 0.2338 0.5016
vn -0.8834 -0.0165 0.4684
vn 0.3566 0.9135 -0.1959
vn 0.3741 0.9096 -0.1807
vn 0.5451 0.7816 -0.3032
vn 0.5657 0.7766 -0.2774
vn 0.8377 0.3307 -0.4346
vn 0.8594 0.0970 -0.5020
vn 0.8841 0.0947 -0.4576
vn 0.8129 0.3363 -0.4756
vn -0.4539 0.8807 0.1356
vn -0.3884 0.9212 0.0212
vn -0.8227 0.5285 0.2093
vn -0.7173 0.6965 0.0169
vn -0.9753 0.0509 0.2149
vn -0.9340 0.3572 0.0103
vn -0.1916 0.9752 0.1106
vn -0.6101 0.7290 0.3104
vn -0.8625 0.2235 0.4539
vn -0.9009 -0.0206 0.4335
vn -0.6217 0.7215 0.3048
vn -0.8822 0.2112 0.4208
vn 0.3833 0.9072 -0.1733
vn 0.5760 0.7724 -0.2675
vn 0.8946 0.0915 -0.4374
vn 0.8495 0.3264 -0.4145
vn 0.2040 0.9184 -0.3390
vn 0.3521 0.7946 -0.4946
vn 0.4808 0.3389 -0.8087
vn 0.5735 0.0994 -0.8131
vn 0.1816 0.9141 -0.3625
vn 0.3097 0.7909 -0.5278
vn 0.4215 0.3333 -0.8434
vn 0.5043 0.0990 -0.8579
vn -0.2234 0.8861 0.4062
vn -0.2417 0.8889 0.3891
vn -0.3304 0.7415 0.5839
vn -0.5191 0.2272 0.8240
vn -0.4904 -0.0316 0.8709
vn -0.4733 0.2177 0.8536
vn -0.3539 0.7485 0.5608
vn -0.5354 -0.0288 0.8441
vn -0.0002 0.9162 0.4007
vn 0.0095 0.6862 0.7273
vn 0.0174 0.3410 0.9399
vn -0.1221 0.8780 0.4628
vn -0.2037 0.5130 0.8339
vn -0.2168 0.0170 0.9761
vn 0.1708 0.9095 -0.3789
vn 0.2712 0.7818 -0.5614
vn 0.3898 0.3226 -0.8626
vn 0.4381 0.0953 -0.8938
vn 0.4056 0.0887 -0.9097
vn 0.2563 0.7727 -0.5807
vn 0.3820 0.3284 -0.8639
vn -0.2131 0.8813 0.4217
vn -0.4429 0.1994 0.8741
vn -0.3127 0.7345 0.6022
vn -0.4577 -0.0384 0.8883
vn -0.4828 -0.7050 0.5195
vn -0.5137 -0.7040 0.4904
vn -0.3458 -0.8631 0.3680
vn -0.3683 -0.8626 0.3469
vn -0.1872 -0.9631 0.1935
vn -0.1998 -0.9628 0.1818
vn -0.5413 -0.7030 0.4613
vn -0.3891 -0.8614 0.3265
vn -0.2122 -0.9621 0.1711
vn 0.4862 -0.6276 -0.6081
vn 0.5217 -0.6279 -0.5775
vn 0.3564 -0.8192 -0.4493
vn 0.3822 -0.8195 -0.4271
vn 0.2000 -0.9455 -0.2568
vn 0.2143 -0.9455 -0.2452
vn 0.4466 -0.6269 -0.6384
vn 0.3277 -0.8190 -0.4710
vn 0.1845 -0.9453 -0.2689
vn -0.4499 -0.7049 0.5484
vn -0.4169 -0.7037 0.5754
vn -0.3221 -0.8630 0.3891
vn -0.2980 -0.8627 0.4085
vn -0.1740 -0.9631 0.2053
vn -0.1607 -0.9630 0.2163
vn 0.5849 -0.6255 -0.5163
vn 0.5540 -0.6291 -0.5452
vn 0.4280 -0.8185 -0.3831
vn 0.4062 -0.8194 -0.4045
vn 0.2401 -0.9450 -0.2219
vn 0.2278 -0.9454 -0.2332
vn 0.6438 -0.6204 -0.4479
vn 0.6130 -0.6242 -0.4843
vn 0.4720 -0.8156 -0.3345
vn 0.4501 -0.8167 -0.3611
vn 0.2640 -0.9445 -0.1952
vn 0.2518 -0.9448 -0.2096
vn -0.5704 -0.6983 0.4324
vn -0.4100 -0.8595 0.3053
vn -0.2236 -0.9616 0.1589
vn -0.5986 -0.6944 0.3994
vn -0.4316 -0.8569 0.2820
vn -0.2358 -0.9608 0.1459
vn -0.6262 -0.6891 0.3647
vn -0.4537 -0.8530 0.2579
vn -0.2493 -0.9593 0.1330
vn -0.6522 -0.6812 0.3326
vn -0.4752 -0.8478 0.2355
vn -0.2632 -0.9572 0.1206
vn 0.6998 -0.6081 -0.3750
vn 0.6750 -0.6154 -0.4070
vn 0.5187 -0.8062 -0.2846
vn 0.4972 -0.8118 -0.3062
vn 0.2917 -0.9414 -0.1692
vn 0.2787 -0.9433 -0.1805
vn -0.9015 -0.4292 0.0558
vn -0.7447 -0.6452 0.1706
vn -0.6764 -0.7358 0.0333
vn -0.5449 -0.8299 0.1197
vn -0.3573 -0.9340 0.0059
vn -0.3074 -0.9497 0.0598
vn -0.6718 -0.6726 0.3103
vn -0.4935 -0.8412 0.2211
vn -0.2750 -0.9547 0.1138
vn 0.7122 -0.6022 -0.3606
vn 0.5299 -0.8022 -0.2749
vn 0.3006 -0.9394 -0.1648
vn 0.3958 -0.6222 -0.6755
vn 0.2914 -0.8164 -0.4985
vn 0.1650 -0.9446 -0.2837
vn 0.3481 -0.6129 -0.7093
vn 0.2592 -0.8092 -0.5273
vn 0.1486 -0.9419 -0.3014
vn -0.3830 -0.7019 0.6005
vn -0.3519 -0.6976 0.6241
vn -0.2744 -0.8610 0.4282
vn -0.2528 -0.8577 0.4477
vn -0.1478 -0.9624 0.2280
vn -0.1359 -0.9612 0.2399
vn -0.0343 -0.4392 0.8977
vn -0.0222 -0.7434 0.6685
vn -0.0068 -0.9374 0.3483
vn -0.1745 -0.6716 0.7201
vn -0.1260 -0.8440 0.5213
vn -0.0688 -0.9554 0.2871
vn 0.3248 -0.6049 -0.7271
vn 0.2440 -0.8022 -0.5449
vn 0.1412 -0.9388 -0.3142
vn -0.3306 -0.6922 0.6416
vn -0.2388 -0.8532 0.4637
vn -0.1289 -0.9596 0.2502
vn 0.8075 -0.3396 -0.4822
vn 0.4722 -0.3413 -0.8127
vn 0.9547 -0.1743 0.2413
vn 0.9547 -0.1742 0.2413
vn 0.9547 -0.1743 0.2411
vn 0.0776 0.2431 0.9669
vn 0.7893 -0.3388 -0.5121
vn -0.2793 -0.1878 -0.9417
vn -0.2793 -0.1877 -0.9417
vn -0.9728 0.2255 -0.0523
vn 0.4365 -0.3430 -0.8318
vn 0.8370 -0.4013 0.3719
vn 0.8372 -0.4179 0.3527
vn 0.6779 -0.5351 0.5041
vn 0.6764 -0.5608 0.4774
vn 0.1226 -0.7521 0.6476
vn -0.1339 -0.7106 0.6907
vn -0.1363 -0.7497 0.6476
vn 0.8377 -0.3835 0.3888
vn 0.6781 -0.5100 0.5293
vn 0.1238 -0.7125 0.6907
vn -0.1328 -0.6715 0.7290
vn 0.9558 0.2186 -0.1968
vn 0.9558 0.2346 -0.1771
vn 0.8556 0.3882 -0.3423
vn 0.4436 0.7120 -0.5443
vn 0.2059 0.7402 -0.6401
vn 0.4434 0.6760 -0.5886
vn 0.9550 0.2530 -0.1547
vn 0.8548 0.4149 -0.3115
vn 0.4401 0.7497 -0.4942
vn 0.2055 0.7790 -0.5925
vn 0.8366 -0.4500 0.3124
vn 0.8375 -0.4338 0.3322
vn 0.6754 -0.6074 0.4182
vn 0.1221 -0.7898 0.6011
vn -0.1356 -0.8209 0.5547
vn 0.1227 -0.8213 0.5571
vn 0.6779 -0.5838 0.4469
vn -0.1361 -0.7879 0.6006
vn 0.9556 0.2015 -0.2150
vn 0.9550 0.1853 -0.2316
vn 0.8559 0.3607 -0.3705
vn 0.8547 0.3368 -0.3950
vn 0.4407 0.6027 -0.6652
vn 0.2044 0.6999 -0.6844
vn 0.2050 0.6610 -0.7219
vn 0.4406 0.6398 -0.6297
vn 0.9538 0.1705 -0.2474
vn 0.9531 0.1532 -0.2612
vn 0.8518 0.3137 -0.4195
vn 0.8501 0.2841 -0.4435
vn 0.4381 0.5194 -0.7336
vn 0.2055 0.6156 -0.7608
vn 0.2059 0.5676 -0.7972
vn 0.4405 0.5602 -0.7015
vn 0.8371 -0.3661 0.4065
vn 0.6760 -0.4855 0.5544
vn 0.1231 -0.6760 0.7265
vn -0.1294 -0.6296 0.7661
vn 0.8369 -0.3464 0.4239
vn 0.6747 -0.4583 0.5786
vn 0.1264 -0.6341 0.7628
vn -0.1253 -0.5849 0.8014
vn 0.8395 -0.3302 0.4316
vn 0.6760 -0.4347 0.5950
vn 0.1288 -0.5902 0.7969
vn -0.1223 -0.5468 0.8283
vn 0.8568 -0.3097 0.4123
vn 0.6956 -0.4135 0.5876
vn 0.1299 -0.5525 0.8233
vn -0.1186 -0.5266 0.8418
vn 0.9528 0.1439 -0.2674
vn 0.9462 0.1562 -0.2835
vn 0.8460 0.2628 -0.4640
vn 0.8339 0.2595 -0.4871
vn 0.4228 0.4253 -0.8002
vn 0.2055 0.5065 -0.8374
vn 0.1988 0.4543 -0.8684
vn 0.4335 0.4664 -0.7711
vn 0.9189 0.0215 0.3938
vn 0.8099 0.0137 0.5864
vn 0.6700 0.0365 0.7414
vn 0.2987 0.0442 0.9533
vn 0.9805 -0.1427 0.1348
vn 0.7413 -0.3861 0.5490
vn 0.1360 -0.5348 0.8339
vn -0.1156 -0.5177 0.8477
vn 0.7413 -0.3853 0.5495
vn 0.1451 -0.5276 0.8370
vn 0.9322 0.1759 -0.3164
vn 0.6340 0.3496 -0.6898
vn 0.1897 0.4309 -0.8822
vn 0.9551 0.2673 -0.1277
vn 0.8532 0.4416 -0.2774
vn 0.4385 0.7897 -0.4291
vn 0.2046 0.8166 -0.5397
vn 0.9509 0.2913 -0.1042
vn 0.8510 0.4694 -0.2357
vn 0.4303 0.8229 -0.3711
vn 0.2033 0.8596 -0.4687
vn 0.8327 -0.4814 0.2735
vn 0.8356 -0.4654 0.2919
vn 0.6690 -0.6484 0.3635
vn 0.1215 -0.8520 0.5093
vn -0.1367 -0.8779 0.4589
vn 0.1127 -0.8814 0.4587
vn 0.6738 -0.6284 0.3886
vn -0.1347 -0.8519 0.5061
vn 0.8792 -0.4736 0.0528
vn 0.6264 -0.7793 0.0166
vn 0.2672 -0.9634 -0.0225
vn 0.8257 -0.5380 0.1695
vn 0.4297 -0.8774 0.2136
vn -0.0744 -0.9796 0.1868
vn 0.9467 0.3082 -0.0936
vn 0.8424 0.5017 -0.1967
vn 0.4192 0.8426 -0.3381
vn 0.1981 0.8939 -0.4020
vn 0.1892 0.9092 -0.3709
vn 0.8324 0.5236 -0.1812
vn 0.4209 0.8452 -0.3294
vn 0.8263 -0.4987 0.2618
vn 0.0985 -0.8991 0.4265
vn 0.6578 -0.6691 0.3458
vn -0.1420 -0.8939 0.4253
vn -0.7764 -0.4744 0.4148
vn -0.7771 -0.4426 0.4476
vn -0.9121 -0.3064 0.2723
vn -0.9122 -0.2840 0.2954
vn -0.9863 -0.1205 0.1127
vn -0.9862 -0.1082 0.1255
vn -0.7732 -0.4191 0.4759
vn -0.9101 -0.2666 0.3173
vn -0.9856 -0.0981 0.1376
vn -0.5398 0.6700 -0.5097
vn -0.5412 0.6389 -0.5467
vn -0.7532 0.5230 -0.3990
vn -0.7535 0.5012 -0.4255
vn -0.9051 0.3376 -0.2587
vn -0.9052 0.3258 -0.2729
vn -0.5388 0.6996 -0.4693
vn -0.7528 0.5441 -0.3703
vn -0.9050 0.3494 -0.2428
vn -0.7769 -0.5013 0.3809
vn -0.7758 -0.5268 0.3472
vn -0.9120 -0.3274 0.2472
vn -0.9122 -0.3435 0.2231
vn -0.9860 -0.1344 0.0989
vn -0.9865 -0.1394 0.0854
vn -0.5395 0.5785 -0.6118
vn -0.5403 0.6090 -0.5807
vn -0.7532 0.4574 -0.4727
vn -0.7531 0.4795 -0.4505
vn -0.9048 0.3032 -0.2989
vn -0.9051 0.3140 -0.2866
vn -0.5350 0.5094 -0.6740
vn -0.5381 0.5490 -0.6396
vn -0.7499 0.4082 -0.5206
vn -0.7524 0.4360 -0.4938
vn -0.9045 0.2739 -0.3269
vn -0.9050 0.2907 -0.3105
vn -0.7704 -0.3889 0.5052
vn -0.9084 -0.2456 0.3383
vn -0.9848 -0.0870 0.1502
vn -0.7654 -0.3582 0.5346
vn -0.9055 -0.2236 0.3608
vn -0.9839 -0.0736 0.1626
vn -0.7601 -0.3326 0.5583
vn -0.9013 -0.2067 0.3807
vn -0.9818 -0.0680 0.1773
vn -0.7500 -0.3221 0.5777
vn -0.8892 -0.2055 0.4087
vn -0.9742 -0.0757 0.2127
vn -0.5200 0.3941 -0.7578
vn -0.5295 0.4512 -0.7184
vn -0.7455 0.3073 -0.5915
vn -0.7455 0.3611 -0.5602
vn -0.9062 0.1941 -0.3757
vn -0.9029 0.2409 -0.3559
vn -0.4625 -0.0201 0.8864
vn -0.7350 -0.0225 0.6777
vn -0.9211 -0.0216 0.3888
vn -0.7334 -0.3244 0.5974
vn -0.8650 -0.2244 0.4487
vn -0.9551 -0.1116 0.2744
vn -0.5210 0.3621 -0.7729
vn -0.7478 0.2753 -0.6041
vn -0.9118 0.1628 -0.3771
vn -0.5369 0.7331 -0.4175
vn -0.7509 0.5703 -0.3331
vn -0.9051 0.3620 -0.2229
vn -0.5286 0.7647 -0.3685
vn -0.7453 0.5956 -0.2997
vn -0.9018 0.3800 -0.2057
vn -0.7731 -0.5516 0.3132
vn -0.7681 -0.5750 0.2819
vn -0.9100 -0.3638 0.1986
vn -0.9068 -0.3828 0.1766
vn -0.9857 -0.1522 0.0719
vn -0.9845 -0.1652 0.0596
vn -0.5193 -0.8542 -0.0260
vn -0.8202 -0.5695 -0.0543
vn -0.9600 -0.2710 -0.0709
vn -0.7217 -0.6842 0.1049
vn -0.8860 -0.4570 0.0786
vn -0.9772 -0.2122 -0.0083
vn -0.5208 0.7813 -0.3439
vn -0.7352 0.6161 -0.2825
vn -0.8982 0.3926 -0.1978
vn -0.7632 -0.5915 0.2600
vn -0.9011 -0.4020 0.1627
vn -0.9828 -0.1772 0.0527
vn -0.2406 0.5312 -0.8124
vn -0.2405 0.8500 -0.4687
vn -0.1206 -0.2028 -0.9718
vn -0.1206 -0.2023 -0.9719
vn 0.1700 -0.9813 -0.0908
vn -0.2430 0.6515 -0.7187
vn -0.1552 0.9601 0.2326
vn -0.1518 0.9606 0.2329
vn -0.1506 0.9608 0.2329
vn 0.1352 0.1243 0.9830
vn -0.2304 0.5093 -0.8292
vn -0.1472 0.9613 0.2329
vn -0.5018 -0.3066 0.8088
vn -0.4720 -0.2105 0.8561
vn -0.4363 -0.1140 0.8925
vn -0.5885 -0.0951 -0.8029
vn -0.5884 -0.0951 -0.8030
vn -0.5884 -0.0951 -0.8029
vn 0.0015 -0.8448 -0.5350
vn 0.7854 0.3846 -0.4850
vn 0.4922 0.5630 -0.6639
vn 0.0691 -0.6441 0.7618
vn 0.5009 0.8056 -0.3165
vn 0.2169 -0.5347 -0.8167
vn 0.4418 0.8299 -0.3406
vn -0.1899 0.3989 -0.8971
vn -0.8718 -0.0936 0.4808
vn 0.2710 -0.7216 0.6371
vn -0.0724 0.8714 0.4851
vn 0.9175 -0.3974 -0.0126
vn -0.4780 -0.0262 -0.8780
vn -0.1876 -0.7091 0.6797
vn -0.4569 -0.4667 0.7573
vn -0.8595 0.2196 0.4616
vn 0.7617 0.2136 -0.6118
vn -0.2569 0.5394 -0.8019
vn -0.6268 -0.7724 -0.1026
vn 0.2919 -0.8587 -0.4212
vn 0.7337 0.5188 -0.4388
vn -0.2465 0.9472 0.2051
vn -0.6505 -0.6699 0.3578
vn -0.8846 0.0114 -0.4662
vn -0.0774 -0.9964 -0.0345
vn -0.0656 -0.9162 -0.3952
vn -0.1962 -0.0126 0.9805
vt 0.676839 0.644729
vt 0.676839 0.644666
vt 0.676839 0.644607
vt 0.535864 0.437685
vt 0.534050 0.441630
vt 0.532560 0.439158
vt 0.803955 0.514879
vt 0.804019 0.526801
vt 0.801743 0.515356
vt 0.530835 0.443277
vt 0.529196 0.447590
vt 0.527710 0.445119
vt 0.782168 0.554935
vt 0.784441 0.567632
vt 0.781776 0.567695
vt 0.521891 0.449289
vt 0.517816 0.449012
vt 0.520405 0.446815
vt 0.801079 0.504280
vt 0.799023 0.504785
vt 0.779408 0.507397
vt 0.779396 0.496757
vt 0.781396 0.507168
vt 0.781614 0.529796
vt 0.784558 0.542041
vt 0.782114 0.542181
vt 0.523224 0.444674
vt 0.526224 0.442650
vt 0.526195 0.449618
vt 0.524709 0.447146
vt 0.783626 0.580468
vt 0.780874 0.580467
vt 0.809543 0.589383
vt 0.807382 0.576712
vt 0.810193 0.576479
vt 0.810168 0.563794
vt 0.806896 0.551517
vt 0.809506 0.551170
vt 0.782047 0.594302
vt 0.779215 0.594213
vt 0.778835 0.613582
vt 0.775938 0.613418
vt 0.806132 0.616718
vt 0.805224 0.602828
vt 0.808190 0.602730
vt 0.519301 0.451487
vt 0.515433 0.451282
vt 0.773483 0.642113
vt 0.770527 0.641938
vt 0.767278 0.676461
vt 0.764290 0.676328
vt 0.803238 0.631136
vt 0.803105 0.616722
vt 0.514643 0.456224
vt 0.511112 0.456216
vt 0.513215 0.453666
vt 0.797895 0.494560
vt 0.795997 0.495069
vt 0.794520 0.485313
vt 0.792765 0.485805
vt 0.774155 0.484295
vt 0.769908 0.467530
vt 0.775757 0.483961
vt 0.532322 0.445748
vt 0.791031 0.476156
vt 0.789386 0.476647
vt 0.787340 0.467255
vt 0.785809 0.467843
vt 0.768527 0.467807
vt 0.764811 0.451492
vt 0.541756 0.438631
vt 0.539070 0.442599
vt 0.537467 0.440142
vt 0.801669 0.527211
vt 0.799538 0.515804
vt 0.795861 0.553376
vt 0.804391 0.564418
vt 0.796001 0.566045
vt 0.784730 0.554829
vt 0.787114 0.567548
vt 0.786768 0.580408
vt 0.794428 0.592087
vt 0.785311 0.594323
vt 0.796973 0.505258
vt 0.794099 0.495548
vt 0.783923 0.529626
vt 0.785007 0.517720
vt 0.786239 0.529428
vt 0.787008 0.541876
vt 0.782843 0.517947
vt 0.783394 0.506907
vt 0.805748 0.538972
vt 0.807452 0.564088
vt 0.804295 0.551839
vt 0.804746 0.564359
vt 0.784896 0.594378
vt 0.787467 0.567505
vt 0.795570 0.578762
vt 0.806650 0.589550
vt 0.804583 0.576924
vt 0.803768 0.589697
vt 0.776437 0.642284
vt 0.792067 0.608313
vt 0.782141 0.613612
vt 0.802269 0.602910
vt 0.800213 0.630899
vt 0.800102 0.616711
vt 0.770260 0.676592
vt 0.796705 0.505302
vt 0.792309 0.516915
vt 0.790202 0.506241
vt 0.781209 0.496442
vt 0.777365 0.483604
vt 0.791007 0.486272
vt 0.787747 0.477122
vt 0.787640 0.496147
vt 0.790735 0.486269
vt 0.793839 0.495580
vt 0.771284 0.467229
vt 0.765435 0.451605
vt 0.784320 0.468409
vt 0.780684 0.518143
vt 0.775310 0.457232
vt 0.785669 0.467644
vt 0.774539 0.458217
vt 0.784321 0.468386
vt 0.773752 0.459185
vt 0.785292 0.517694
vt 0.783660 0.506879
vt 0.787299 0.554700
vt 0.786552 0.529397
vt 0.547453 0.436937
vt 0.544138 0.440974
vt 0.529347 0.440807
vt 0.777621 0.483627
vt 0.779207 0.472325
vt 0.784056 0.485085
vt 0.505753 0.468183
vt 0.503761 0.474425
vt 0.505111 0.468099
vt 0.786568 0.654751
vt 0.770451 0.676644
vt 0.784079 0.653561
vt 0.804218 0.576985
vt 0.808238 0.538580
vt 0.799252 0.515854
vt 0.794007 0.528458
vt 0.803265 0.539339
vt 0.553879 0.435154
vt 0.551720 0.439004
vt 0.547054 0.433459
vt 0.543175 0.434866
vt 0.784265 0.468493
vt 0.787453 0.477095
vt 0.771608 0.467430
vt 0.773891 0.459643
vt 0.512149 0.459358
vt 0.509082 0.458963
vt 0.520786 0.453962
vt 0.516917 0.453757
vt 0.786394 0.580450
vt 0.799587 0.616961
vt 0.788246 0.629338
vt 0.523377 0.451763
vt 0.518401 0.456232
vt 0.795196 0.540730
vt 0.787337 0.541841
vt 0.777596 0.497040
vt 0.643460 0.553072
vt 0.675450 0.522769
vt 0.644616 0.553378
vt 0.781477 0.496413
vt 0.509163 0.463485
vt 0.507192 0.461678
vt 0.509165 0.468035
vt 0.505855 0.468080
vt 0.776872 0.641972
vt 0.783994 0.652842
vt 0.770757 0.675542
vt 0.797053 0.630613
vt 0.764829 0.451503
vt 0.764649 0.450839
vt 0.539373 0.436286
vt 0.764883 0.452073
vt 0.801840 0.603043
vt 0.806377 0.526364
vt 0.787640 0.554660
vt 0.803387 0.589774
vt 0.789054 0.655918
vt 0.516068 0.458783
vt 0.781738 0.613738
vt 0.797247 0.630656
vt 0.803951 0.551897
vt 0.802939 0.539396
vt 0.801364 0.527265
vt 0.535540 0.444103
vt 0.513172 0.462501
vt 0.689125 0.463210
vt 0.605553 0.460959
vt 0.707104 0.457047
vt 0.586453 0.527941
vt 0.540595 0.507567
vt 0.586818 0.526888
vt 0.542691 0.507429
vt 0.587185 0.525838
vt 0.626673 0.535333
vt 0.615669 0.502067
vt 0.643339 0.502040
vt 0.644881 0.655468
vt 0.564970 0.618630
vt 0.569248 0.614687
vt 0.674892 0.521551
vt 0.714232 0.490585
vt 0.634385 0.601876
vt 0.641207 0.650126
vt 0.633215 0.602116
vt 0.610174 0.485458
vt 0.659990 0.468778
vt 0.676831 0.644978
vt 0.720926 0.574270
vt 0.673916 0.664693
vt 0.530287 0.543748
vt 0.581304 0.549905
vt 0.532645 0.545285
vt 0.667082 0.585662
vt 0.698918 0.566080
vt 0.686706 0.617470
vt 0.622178 0.560312
vt 0.580946 0.550968
vt 0.721253 0.469503
vt 0.726269 0.576057
vt 0.514568 0.530269
vt 0.560135 0.623006
vt 0.499190 0.516335
vt 0.657055 0.670252
vt 0.715645 0.572606
vt 0.714455 0.490667
vt 0.715985 0.487669
vt 0.656007 0.595474
vt 0.644571 0.553551
vt 0.656933 0.595139
vt 0.630452 0.545132
vt 0.577957 0.536834
vt 0.582343 0.532174
vt 0.604007 0.455769
vt 0.726030 0.450761
vt 0.643181 0.553098
vt 0.672866 0.515916
vt 0.674831 0.521346
vt 0.677124 0.642080
vt 0.714150 0.572481
vt 0.677908 0.398121
vt 0.617999 0.403266
vt 0.645166 0.354058
vt 0.628166 0.554336
vt 0.577897 0.537086
vt 0.631906 0.550518
vt 0.664223 0.508171
vt 0.658644 0.506708
vt 0.651933 0.600024
vt 0.655851 0.595599
vt 0.670632 0.510100
vt 0.726356 0.450998
vt 0.670437 0.509930
vt 0.623942 0.558759
vt 0.623106 0.559610
vt 0.530173 0.543998
vt 0.570396 0.613093
vt 0.569469 0.614424
vt 0.518692 0.511588
vt 0.499322 0.515973
vt 0.642547 0.652364
vt 0.644264 0.654784
vt 0.635557 0.601632
vt 0.642770 0.652236
vt 0.637394 0.551718
vt 0.647451 0.604916
vt 0.632120 0.550457
vt 0.529540 0.543436
vt 0.579863 0.543308
vt 0.581651 0.548653
vt 0.628807 0.539486
vt 0.670517 0.685508
vt 0.712921 0.493247
vt 0.676007 0.523991
vt 0.628644 0.539258
vt 0.628309 0.538111
vt 0.607034 0.465935
vt 0.685975 0.464875
vt 0.607443 0.467332
vt 0.650741 0.447329
vt 0.710649 0.442184
vt 0.538126 0.507425
vt 0.540582 0.507334
vt 0.628821 0.539206
vt 0.657575 0.505942
vt 0.658457 0.506638
vt 0.647197 0.604988
vt 0.641154 0.603285
vt 0.581667 0.548844
vt 0.622978 0.559486
vt 0.670148 0.685599
vt 0.590832 0.452474
vt 0.648883 0.416238
vt 0.631959 0.550301
vt 0.627988 0.537004
vt 0.607848 0.468717
vt 0.542679 0.507210
vt 0.683956 0.466022
vt 0.645683 0.553837
vt 0.657856 0.594802
vt 0.713113 0.493337
vt 0.677254 0.640437
vt 0.712666 0.572352
vt 0.532526 0.545507
vt 0.571321 0.611772
vt 0.622302 0.560431
vt 0.641025 0.650239
vt 0.716283 0.486836
vt 0.715982 0.572667
vt 0.676744 0.644145
vt 0.676880 0.642123
vt 0.677039 0.640445
vt 0.645726 0.553672
vt 0.624059 0.558508
vt 0.621327 0.561177
vt 0.596553 0.586486
vt 0.583817 0.561504
vt 0.584184 0.599122
vt 0.546343 0.561830
vt 0.586330 0.528098
vt 0.537303 0.507591
vt 0.593500 0.518727
vt 0.560358 0.502137
vt 0.628479 0.538061
vt 0.656693 0.505250
vt 0.679300 0.534247
vt 0.711130 0.514690
vt 0.647438 0.553823
vt 0.681775 0.561998
vt 0.635760 0.601660
vt 0.621676 0.598813
vt 0.622025 0.636412
vt 0.534638 0.546655
vt 0.606940 0.465616
vt 0.686100 0.465095
vt 0.688398 0.463755
vt 0.684060 0.466206
vt 0.544038 0.449411
vt 0.542370 0.453432
vt 0.540800 0.450989
vt 0.465580 0.545636
vt 0.467732 0.533572
vt 0.467978 0.545578
vt 0.539155 0.455169
vt 0.537520 0.459580
vt 0.535997 0.457058
vt 0.491477 0.509193
vt 0.490231 0.497753
vt 0.492562 0.497857
vt 0.530039 0.461231
vt 0.525924 0.460842
vt 0.528588 0.458695
vt 0.466320 0.557610
vt 0.468719 0.557519
vt 0.491580 0.557422
vt 0.490734 0.570391
vt 0.489245 0.557543
vt 0.490526 0.533177
vt 0.488441 0.521019
vt 0.490776 0.521043
vt 0.531461 0.456581
vt 0.534493 0.454559
vt 0.534428 0.461643
vt 0.532939 0.459100
vt 0.491720 0.486785
vt 0.494044 0.486935
vt 0.470796 0.477221
vt 0.471280 0.487982
vt 0.468884 0.487870
vt 0.467404 0.498687
vt 0.468712 0.509932
vt 0.466318 0.509889
vt 0.493784 0.475472
vt 0.496087 0.475667
vt 0.497130 0.460783
vt 0.499391 0.461002
vt 0.476197 0.455519
vt 0.475613 0.466697
vt 0.473209 0.466491
vt 0.527347 0.463392
vt 0.523445 0.463041
vt 0.501953 0.440459
vt 0.504234 0.440621
vt 0.506639 0.416232
vt 0.509148 0.415864
vt 0.479854 0.444613
vt 0.478611 0.455806
vt 0.522421 0.467980
vt 0.518849 0.467784
vt 0.521104 0.465335
vt 0.467521 0.569546
vt 0.469922 0.569424
vt 0.469226 0.581815
vt 0.471633 0.581662
vt 0.496276 0.587803
vt 0.499762 0.613723
vt 0.493960 0.588049
vt 0.540711 0.457663
vt 0.471472 0.594736
vt 0.473883 0.594557
vt 0.474055 0.608040
vt 0.476467 0.607851
vt 0.502064 0.613451
vt 0.506855 0.643956
vt 0.549946 0.450114
vt 0.547506 0.454227
vt 0.545755 0.451808
vt 0.470121 0.533552
vt 0.470371 0.545521
vt 0.478908 0.509531
vt 0.472502 0.498827
vt 0.479992 0.498256
vt 0.489143 0.509130
vt 0.487890 0.497649
vt 0.489068 0.486647
vt 0.483488 0.476418
vt 0.491154 0.475294
vt 0.471113 0.557427
vt 0.472319 0.569300
vt 0.488190 0.533197
vt 0.486114 0.545470
vt 0.485848 0.533218
vt 0.486097 0.520997
vt 0.488459 0.545403
vt 0.486900 0.557664
vt 0.468007 0.521606
vt 0.469798 0.498763
vt 0.471100 0.509977
vt 0.472185 0.498840
vt 0.491470 0.475271
vt 0.487573 0.497661
vt 0.481478 0.487379
vt 0.473195 0.477374
vt 0.473667 0.488095
vt 0.475585 0.477530
vt 0.499693 0.440294
vt 0.486446 0.463746
vt 0.494547 0.460632
vt 0.478005 0.466904
vt 0.482118 0.445071
vt 0.480990 0.456086
vt 0.504263 0.417171
vt 0.471429 0.557426
vt 0.478200 0.545496
vt 0.478961 0.557545
vt 0.488389 0.570577
vt 0.491636 0.588296
vt 0.474035 0.581506
vt 0.476292 0.594378
vt 0.480307 0.569931
vt 0.474363 0.581576
vt 0.472637 0.569311
vt 0.497455 0.613996
vt 0.504572 0.644146
vt 0.478881 0.607660
vt 0.490794 0.545335
vt 0.561290 0.445655
vt 0.554835 0.444726
vt 0.561345 0.445044
vt 0.555060 0.444086
vt 0.561399 0.444431
vt 0.485798 0.545474
vt 0.486583 0.557666
vt 0.486800 0.509068
vt 0.485532 0.533223
vt 0.555316 0.448199
vt 0.552480 0.452260
vt 0.537623 0.452703
vt 0.491308 0.588227
vt 0.486905 0.604195
vt 0.482814 0.584877
vt 0.490714 0.428801
vt 0.502779 0.415437
vt 0.492414 0.429895
vt 0.504112 0.417106
vt 0.494118 0.430986
vt 0.473985 0.488080
vt 0.465614 0.521592
vt 0.470687 0.545517
vt 0.477941 0.533389
vt 0.470395 0.521619
vt 0.561179 0.445726
vt 0.559642 0.449565
vt 0.554603 0.445432
vt 0.551103 0.446559
vt 0.479177 0.607566
vt 0.476643 0.594571
vt 0.497100 0.613792
vt 0.491674 0.625661
vt 0.519748 0.470899
vt 0.516650 0.470418
vt 0.528778 0.465970
vt 0.524841 0.465605
vt 0.489385 0.486633
vt 0.481355 0.455902
vt 0.490566 0.448249
vt 0.531498 0.463791
vt 0.526243 0.468199
vt 0.478203 0.521315
vt 0.485782 0.521005
vt 0.493067 0.570206
vt 0.549935 0.459504
vt 0.548250 0.463561
vt 0.546652 0.461107
vt 0.488071 0.570568
vt 0.516570 0.474589
vt 0.514648 0.472992
vt 0.516357 0.478780
vt 0.512967 0.478516
vt 0.499359 0.440490
vt 0.494092 0.431474
vt 0.503850 0.417849
vt 0.484597 0.445630
vt 0.567941 0.445433
vt 0.567999 0.446123
vt 0.547447 0.447933
vt 0.567804 0.444787
vt 0.478339 0.466833
vt 0.465333 0.533592
vt 0.486484 0.509078
vt 0.475906 0.477507
vt 0.523736 0.470652
vt 0.494868 0.460558
vt 0.484333 0.445515
vt 0.471416 0.509966
vt 0.470710 0.521612
vt 0.470436 0.533546
vt 0.543968 0.455903
vt 0.520618 0.474026
vt 0.769734 0.550597
vt 0.767754 0.562480
vt 0.767374 0.550670
vt 0.545033 0.465338
vt 0.543468 0.469782
vt 0.541898 0.467290
vt 0.744795 0.587251
vt 0.746437 0.598664
vt 0.744094 0.598646
vt 0.536032 0.471612
vt 0.531896 0.471344
vt 0.534507 0.469111
vt 0.768985 0.538830
vt 0.766620 0.538913
vt 0.743874 0.538988
vt 0.744737 0.526055
vt 0.746205 0.538865
vt 0.745142 0.563234
vt 0.747487 0.575345
vt 0.745153 0.575381
vt 0.537338 0.466915
vt 0.540339 0.464814
vt 0.540429 0.471908
vt 0.538879 0.469404
vt 0.745369 0.609766
vt 0.743011 0.609703
vt 0.766891 0.618138
vt 0.765723 0.607539
vt 0.768089 0.607519
vt 0.769046 0.596814
vt 0.767359 0.585791
vt 0.769718 0.585759
vt 0.743784 0.621412
vt 0.741408 0.621284
vt 0.741207 0.637090
vt 0.738839 0.636894
vt 0.764337 0.640718
vt 0.763202 0.629154
vt 0.765598 0.629099
vt 0.533402 0.473855
vt 0.529479 0.473631
vt 0.737232 0.659544
vt 0.734874 0.659313
vt 0.732561 0.685748
vt 0.730315 0.685360
vt 0.763128 0.652569
vt 0.761928 0.640797
vt 0.528636 0.478618
vt 0.524959 0.478547
vt 0.527198 0.476014
vt 0.767889 0.527064
vt 0.765513 0.527160
vt 0.766377 0.514901
vt 0.763984 0.515027
vt 0.739538 0.508726
vt 0.737246 0.483386
vt 0.741819 0.508543
vt 0.546622 0.467817
vt 0.764296 0.502072
vt 0.761891 0.502243
vt 0.761596 0.488894
vt 0.759295 0.489263
vt 0.734999 0.483520
vt 0.732620 0.453666
vt 0.555944 0.460238
vt 0.553402 0.464348
vt 0.551664 0.461921
vt 0.765401 0.562538
vt 0.765016 0.550742
vt 0.757298 0.586514
vt 0.764016 0.596884
vt 0.756626 0.597759
vt 0.747130 0.587240
vt 0.748786 0.598680
vt 0.748058 0.609796
vt 0.754248 0.619849
vt 0.746498 0.621499
vt 0.764257 0.538998
vt 0.763141 0.527260
vt 0.747479 0.563174
vt 0.749397 0.550897
vt 0.749817 0.563115
vt 0.749827 0.575309
vt 0.747059 0.550983
vt 0.748543 0.538741
vt 0.767732 0.574268
vt 0.766685 0.596838
vt 0.765002 0.585822
vt 0.764327 0.596859
vt 0.746175 0.621539
vt 0.749103 0.598655
vt 0.755635 0.608681
vt 0.764512 0.618168
vt 0.763357 0.607557
vt 0.762128 0.618196
vt 0.739596 0.659776
vt 0.752226 0.633188
vt 0.743912 0.637196
vt 0.760798 0.629206
vt 0.760716 0.652660
vt 0.759514 0.640875
vt 0.734892 0.686035
vt 0.763945 0.538999
vt 0.757270 0.550818
vt 0.756467 0.538870
vt 0.747072 0.525887
vt 0.744101 0.508354
vt 0.761597 0.515156
vt 0.759514 0.502412
vt 0.755178 0.526581
vt 0.761274 0.515084
vt 0.762827 0.527247
vt 0.739477 0.483243
vt 0.735267 0.453992
vt 0.757041 0.489623
vt 0.744727 0.551070
vt 0.749983 0.469387
vt 0.748215 0.470383
vt 0.746441 0.471376
vt 0.749712 0.550890
vt 0.748858 0.538738
vt 0.749470 0.587227
vt 0.750131 0.563104
vt 0.561596 0.458355
vt 0.558482 0.462452
vt 0.543454 0.462874
vt 0.744419 0.508430
vt 0.749199 0.492867
vt 0.752861 0.511784
vt 0.519434 0.489610
vt 0.517642 0.495204
vt 0.518839 0.489577
vt 0.517069 0.494939
vt 0.518243 0.489543
vt 0.763044 0.607588
vt 0.770091 0.574224
vt 0.764706 0.550748
vt 0.757674 0.562822
vt 0.765376 0.574312
vt 0.567945 0.456285
vt 0.566053 0.460026
vt 0.560936 0.455350
vt 0.557172 0.456627
vt 0.756760 0.489712
vt 0.759172 0.502221
vt 0.739805 0.483461
vt 0.746429 0.471856
vt 0.526075 0.481679
vt 0.522745 0.481253
vt 0.534913 0.476385
vt 0.530969 0.476151
vt 0.747737 0.609824
vt 0.759173 0.641064
vt 0.749482 0.650223
vt 0.537562 0.474130
vt 0.532458 0.478690
vt 0.757663 0.574801
vt 0.750141 0.575293
vt 0.742411 0.526220
vt 0.747387 0.525899
vt 0.523039 0.485558
vt 0.520739 0.483934
vt 0.523013 0.489763
vt 0.519524 0.489536
vt 0.739938 0.659575
vt 0.746657 0.669133
vt 0.735295 0.685455
vt 0.757962 0.652868
vt 0.736902 0.452398
vt 0.738382 0.450839
vt 0.553414 0.458015
vt 0.735418 0.453948
vt 0.760473 0.629301
vt 0.770113 0.562421
vt 0.749786 0.587207
vt 0.761812 0.618241
vt 0.520033 0.484074
vt 0.520667 0.483981
vt 0.530054 0.481237
vt 0.743584 0.637287
vt 0.519405 0.484206
vt 0.764692 0.585842
vt 0.765067 0.574327
vt 0.765091 0.562548
vt 0.549858 0.466028
vt 0.527096 0.484798
vt 0.504394 0.474669
vt 0.504416 0.474663
vt 0.504389 0.474685
vt 0.504422 0.474635
vt 0.504442 0.474637
vt 0.504414 0.474680
vt 0.504436 0.474656
vt 0.504506 0.474559
vt 0.504485 0.474552
vt 0.504515 0.474516
vt 0.764206 0.675892
vt 0.764138 0.675906
vt 0.764173 0.675671
vt 0.504471 0.474602
vt 0.504454 0.474595
vt 0.504455 0.474643
vt 0.764219 0.676247
vt 0.764240 0.676121
vt 0.764286 0.676482
vt 0.764200 0.676336
vt 0.764177 0.676090
vt 0.764167 0.676185
vt 0.787140 0.466874
vt 0.787103 0.466970
vt 0.787043 0.466883
vt 0.787232 0.466890
vt 0.787196 0.466959
vt 0.787177 0.467069
vt 0.787270 0.466958
vt 0.787251 0.467034
vt 0.787460 0.466924
vt 0.787344 0.466987
vt 0.787321 0.466898
vt 0.787430 0.467041
vt 0.787345 0.467054
vt 0.787292 0.467015
vt 0.787259 0.467169
vt 0.787377 0.467178
vt 0.787311 0.467108
vt 0.787402 0.467108
vt 0.764449 0.450974
vt 0.764427 0.450910
vt 0.764469 0.451131
vt 0.764384 0.451082
vt 0.764351 0.450982
vt 0.764368 0.450943
vt 0.764337 0.451030
vt 0.764126 0.451268
vt 0.764267 0.451120
vt 0.764336 0.451203
vt 0.764233 0.451080
vt 0.764299 0.451023
vt 0.560696 0.436831
vt 0.560696 0.436854
vt 0.560659 0.436844
vt 0.764304 0.450972
vt 0.764422 0.450920
vt 0.764271 0.451036
vt 0.764242 0.451099
vt 0.770450 0.676497
vt 0.770524 0.676397
vt 0.770301 0.676702
vt 0.770389 0.676554
vt 0.770509 0.676301
vt 0.770617 0.676110
vt 0.770453 0.676389
vt 0.770376 0.676470
vt 0.770279 0.676668
vt 0.770371 0.676334
vt 0.770464 0.676278
vt 0.770704 0.675813
vt 0.770632 0.675770
vt 0.770571 0.676062
vt 0.770499 0.676048
vt 0.784317 0.468403
vt 0.784298 0.468399
vt 0.784317 0.468415
vt 0.784304 0.468414
vt 0.784280 0.468424
vt 0.784301 0.468431
vt 0.784292 0.468430
vt 0.784324 0.468427
vt 0.784319 0.468419
vt 0.784314 0.468448
vt 0.784314 0.468428
vt 0.784304 0.468439
vt 0.784308 0.468423
vt 0.784268 0.468457
vt 0.784293 0.468470
vt 0.784289 0.468449
vt 0.765032 0.451870
vt 0.765086 0.451996
vt 0.764988 0.451835
vt 0.765055 0.451761
vt 0.765140 0.451836
vt 0.765092 0.451773
vt 0.765067 0.451703
vt 0.765055 0.451711
vt 0.765052 0.451692
vt 0.765091 0.451696
vt 0.765064 0.451719
vt 0.765038 0.451741
vt 0.765097 0.451727
vt 0.765197 0.451731
vt 0.765182 0.451667
vt 0.765226 0.451907
vt 0.643436 0.553112
vt 0.643386 0.553087
vt 0.643419 0.553158
vt 0.643371 0.553115
vt 0.643303 0.553103
vt 0.643363 0.553143
vt 0.643327 0.553135
vt 0.643315 0.553120
vt 0.643357 0.553206
vt 0.643412 0.553206
vt 0.643414 0.553252
vt 0.643309 0.553142
vt 0.643357 0.553173
vt 0.643234 0.553106
vt 0.643271 0.553120
vt 0.643232 0.553116
vt 0.643292 0.553152
vt 0.530181 0.543766
vt 0.530035 0.543674
vt 0.530131 0.543812
vt 0.530004 0.543688
vt 0.529867 0.543632
vt 0.529809 0.543590
vt 0.529962 0.543725
vt 0.530119 0.543882
vt 0.529988 0.543710
vt 0.529652 0.543515
vt 0.529754 0.543563
vt 0.529768 0.543588
vt 0.715765 0.487588
vt 0.715950 0.487408
vt 0.715835 0.487592
vt 0.715888 0.487602
vt 0.716053 0.487278
vt 0.715987 0.487414
vt 0.716218 0.486958
vt 0.716187 0.486998
vt 0.716143 0.487086
vt 0.716073 0.487184
vt 0.715935 0.487624
vt 0.716055 0.487396
vt 0.716023 0.487400
vt 0.716095 0.487205
vt 0.716140 0.487121
vt 0.676817 0.644174
vt 0.676794 0.644392
vt 0.676876 0.644168
vt 0.676832 0.644397
vt 0.676864 0.644388
vt 0.676846 0.644534
vt 0.676841 0.644596
vt 0.677008 0.644065
vt 0.676889 0.644396
vt 0.676934 0.644133
vt 0.676910 0.644394
vt 0.676848 0.644690
vt 0.688406 0.463668
vt 0.688575 0.463591
vt 0.688566 0.463513
vt 0.688686 0.463458
vt 0.688722 0.463445
vt 0.688251 0.463540
vt 0.688573 0.463481
vt 0.688343 0.463567
vt 0.688575 0.463463
vt 0.688835 0.463362
vt 0.688745 0.463423
vt 0.688388 0.463609
vt 0.688976 0.463316
vt 0.689002 0.463274
vt 0.623879 0.558604
vt 0.623850 0.558652
vt 0.623809 0.558630
vt 0.623957 0.558595
vt 0.623907 0.558620
vt 0.623929 0.558640
vt 0.623888 0.558682
vt 0.623954 0.558614
vt 0.623993 0.558610
vt 0.623995 0.558573
vt 0.624025 0.558550
vt 0.624018 0.558542
vt 0.623958 0.558576
vt 0.623919 0.558719
vt 0.623966 0.558689
vt 0.623949 0.558662
vt 0.623973 0.558611
vt 0.644498 0.654667
vt 0.644573 0.654957
vt 0.644464 0.654745
vt 0.644595 0.654933
vt 0.644706 0.655191
vt 0.644662 0.655134
vt 0.644696 0.655201
vt 0.644732 0.655243
vt 0.644785 0.655339
vt 0.644359 0.654796
vt 0.644500 0.654992
vt 0.644420 0.654783
vt 0.644526 0.654985
vt 0.644545 0.654965
vt 0.628810 0.539279
vt 0.628782 0.539231
vt 0.628779 0.539353
vt 0.628782 0.539296
vt 0.628754 0.539305
vt 0.628737 0.539250
vt 0.628764 0.539340
vt 0.628786 0.539436
vt 0.628758 0.539359
vt 0.628781 0.539397
vt 0.628797 0.539432
vt 0.628797 0.539363
vt 0.628690 0.539258
vt 0.628692 0.539314
vt 0.628725 0.539313
vt 0.628749 0.539377
vt 0.538122 0.507676
vt 0.537859 0.507592
vt 0.538068 0.507610
vt 0.537617 0.507585
vt 0.537696 0.507584
vt 0.537880 0.507629
vt 0.538067 0.507496
vt 0.537833 0.507525
vt 0.537855 0.507564
vt 0.537838 0.507542
vt 0.537657 0.507583
vt 0.537574 0.507574
vt 0.537731 0.507577
vt 0.670474 0.685660
vt 0.670425 0.685539
vt 0.670637 0.685648
vt 0.670587 0.685564
vt 0.670334 0.685564
vt 0.670487 0.685761
vt 0.670378 0.685704
vt 0.645164 0.354036
vt 0.645192 0.354051
vt 0.645139 0.354056
vt 0.645144 0.354027
vt 0.645183 0.354023
vt 0.645210 0.354046
vt 0.645163 0.354019
vt 0.670242 0.685583
vt 0.670128 0.685703
vt 0.670274 0.685711
vt 0.670159 0.685781
vt 0.670395 0.685765
vt 0.670316 0.685800
vt 0.726034 0.450685
vt 0.726123 0.450810
vt 0.726074 0.450615
vt 0.726184 0.450711
vt 0.726209 0.450862
vt 0.726241 0.450651
vt 0.726286 0.450750
vt 0.710666 0.442187
vt 0.710637 0.442206
vt 0.710663 0.442160
vt 0.710683 0.442170
vt 0.726159 0.450520
vt 0.726345 0.450604
vt 0.726313 0.450697
vt 0.726287 0.450923
vt 0.726438 0.450983
vt 0.726374 0.450826
vt 0.726517 0.450925
vt 0.726419 0.450727
vt 0.632069 0.550483
vt 0.632087 0.550410
vt 0.632017 0.550501
vt 0.632042 0.550438
vt 0.632049 0.550369
vt 0.631995 0.550426
vt 0.632017 0.550404
vt 0.631909 0.550461
vt 0.631964 0.550513
vt 0.631919 0.550407
vt 0.631962 0.550461
vt 0.632004 0.550456
vt 0.632007 0.550333
vt 0.631935 0.550354
vt 0.631982 0.550380
vt 0.631965 0.550419
vt 0.499086 0.516353
vt 0.499213 0.516240
vt 0.499011 0.516312
vt 0.499090 0.516194
vt 0.499243 0.516150
vt 0.499003 0.516131
vt 0.499120 0.516090
vt 0.590816 0.452480
vt 0.590816 0.452452
vt 0.499088 0.515840
vt 0.499098 0.515988
vt 0.498995 0.516007
vt 0.590798 0.452465
vt 0.590807 0.452431
vt 0.499068 0.516059
vt 0.499178 0.516009
vt 0.499276 0.515911
vt 0.499280 0.516062
vt 0.499207 0.515873
vt 0.712964 0.493312
vt 0.712898 0.493340
vt 0.713000 0.493228
vt 0.713044 0.493231
vt 0.712933 0.493389
vt 0.712871 0.493434
vt 0.713002 0.493308
vt 0.712968 0.493366
vt 0.713021 0.493340
vt 0.713076 0.493261
vt 0.713033 0.493411
vt 0.712966 0.493407
vt 0.712842 0.493528
vt 0.712886 0.493551
vt 0.714266 0.493697
vt 0.712911 0.493461
vt 0.712957 0.493481
vt 0.645762 0.553697
vt 0.645707 0.553712
vt 0.645794 0.553725
vt 0.645742 0.553733
vt 0.645694 0.553752
vt 0.645767 0.553751
vt 0.645730 0.553761
vt 0.645807 0.553811
vt 0.645821 0.553756
vt 0.643709 0.553388
vt 0.645768 0.553825
vt 0.645786 0.553776
vt 0.645758 0.553788
vt 0.645686 0.553793
vt 0.645727 0.553833
vt 0.645727 0.553792
vt 0.645752 0.553767
vt 0.677125 0.640410
vt 0.677106 0.640487
vt 0.677074 0.640361
vt 0.677140 0.640335
vt 0.677154 0.640423
vt 0.677144 0.640493
vt 0.677178 0.640169
vt 0.677130 0.640174
vt 0.678057 0.640603
vt 0.677199 0.640257
vt 0.677158 0.640263
vt 0.677105 0.640269
vt 0.677181 0.640403
vt 0.677223 0.640345
vt 0.677181 0.640480
vt 0.677174 0.640330
vt 0.622216 0.560337
vt 0.622160 0.560353
vt 0.622248 0.560364
vt 0.622196 0.560373
vt 0.622148 0.560393
vt 0.622206 0.560407
vt 0.622184 0.560402
vt 0.622262 0.560451
vt 0.622276 0.560395
vt 0.622222 0.560465
vt 0.622240 0.560416
vt 0.622212 0.560428
vt 0.622221 0.560391
vt 0.622140 0.560434
vt 0.622181 0.560473
vt 0.623592 0.559000
vt 0.622181 0.560432
vt 0.534640 0.546740
vt 0.534580 0.546695
vt 0.534709 0.546716
vt 0.534681 0.546782
vt 0.534604 0.546766
vt 0.534554 0.546730
vt 0.534645 0.546790
vt 0.534303 0.546804
vt 0.534805 0.546831
vt 0.533636 0.547229
vt 0.534701 0.546890
vt 0.534722 0.546831
vt 0.534761 0.546774
vt 0.534659 0.546826
vt 0.534531 0.546845
vt 0.534603 0.546810
vt 0.534626 0.546876
vt 0.534539 0.546771
vt 0.641119 0.650117
vt 0.641136 0.650050
vt 0.641135 0.650209
vt 0.641097 0.650157
vt 0.641069 0.650067
vt 0.641068 0.649987
vt 0.641065 0.650109
vt 0.641052 0.650157
vt 0.641096 0.650226
vt 0.640987 0.650135
vt 0.641026 0.650091
vt 0.641002 0.649930
vt 0.640943 0.649964
vt 0.640323 0.650780
vt 0.641012 0.650018
vt 0.640962 0.650048
vt 0.683985 0.466176
vt 0.684054 0.466139
vt 0.683968 0.466242
vt 0.683922 0.466199
vt 0.683985 0.466132
vt 0.683937 0.466161
vt 0.683768 0.466232
vt 0.683805 0.466288
vt 0.683980 0.465251
vt 0.683819 0.466165
vt 0.683853 0.466216
vt 0.683885 0.466267
vt 0.683896 0.466158
vt 0.683945 0.466110
vt 0.683877 0.466097
vt 0.684013 0.466066
vt 0.628113 0.536977
vt 0.628126 0.536921
vt 0.628153 0.536956
vt 0.628073 0.536991
vt 0.628091 0.536942
vt 0.628098 0.536890
vt 0.628056 0.536933
vt 0.628072 0.536918
vt 0.627991 0.536960
vt 0.628032 0.537000
vt 0.627998 0.536919
vt 0.628032 0.536959
vt 0.628035 0.536928
vt 0.628063 0.536955
vt 0.628065 0.536864
vt 0.628011 0.536880
vt 0.628550 0.538654
vt 0.628047 0.536900
vt 0.542718 0.507350
vt 0.542768 0.507398
vt 0.542650 0.507362
vt 0.542640 0.507326
vt 0.542784 0.507340
vt 0.542849 0.507372
vt 0.542702 0.507324
vt 0.542753 0.507323
vt 0.542717 0.507296
vt 0.542645 0.507288
vt 0.542768 0.507246
vt 0.542784 0.507306
vt 0.542935 0.507349
vt 0.542936 0.507303
vt 0.542165 0.506525
vt 0.542848 0.507324
vt 0.542851 0.507277
vt 0.511243 0.484253
vt 0.511269 0.484247
vt 0.511239 0.484274
vt 0.511275 0.484217
vt 0.511297 0.484222
vt 0.511268 0.484266
vt 0.511291 0.484242
vt 0.511361 0.484154
vt 0.511342 0.484144
vt 0.511372 0.484116
vt 0.511342 0.484197
vt 0.511327 0.484191
vt 0.511309 0.484180
vt 0.511311 0.484230
vt 0.509198 0.415909
vt 0.509188 0.416005
vt 0.511255 0.484288
vt 0.511287 0.484262
vt 0.511319 0.484246
vt 0.567987 0.446143
vt 0.567958 0.446141
vt 0.568025 0.446129
vt 0.568003 0.446147
vt 0.567955 0.446162
vt 0.567912 0.446159
vt 0.567975 0.446162
vt 0.509152 0.643685
vt 0.509198 0.643630
vt 0.509155 0.643740
vt 0.567971 0.446189
vt 0.567958 0.446177
vt 0.567995 0.446163
vt 0.568025 0.446139
vt 0.567866 0.446177
vt 0.567868 0.446198
vt 0.567828 0.446195
vt 0.567915 0.446178
vt 0.567916 0.446194
vt 0.504100 0.417237
vt 0.504032 0.417309
vt 0.504223 0.417081
vt 0.504149 0.417199
vt 0.504044 0.417378
vt 0.503962 0.417498
vt 0.504091 0.417319
vt 0.504158 0.417263
vt 0.504242 0.417107
vt 0.504155 0.417368
vt 0.504079 0.417397
vt 0.503894 0.417684
vt 0.503943 0.417714
vt 0.503995 0.417532
vt 0.504047 0.417547
vt 0.567783 0.444767
vt 0.567820 0.444786
vt 0.567756 0.444766
vt 0.567743 0.444750
vt 0.567800 0.444767
vt 0.567766 0.444753
vt 0.504209 0.643599
vt 0.504154 0.643634
vt 0.504103 0.643449
vt 0.504331 0.643790
vt 0.504271 0.643809
vt 0.504234 0.643849
vt 0.504377 0.643960
vt 0.504340 0.643986
vt 0.504475 0.644086
vt 0.504458 0.643984
vt 0.504567 0.644226
vt 0.504481 0.644150
vt 0.504403 0.644042
vt 0.518235 0.495431
vt 0.518256 0.495430
vt 0.518231 0.495446
vt 0.518261 0.495406
vt 0.518279 0.495411
vt 0.518254 0.495446
vt 0.518274 0.495427
vt 0.518335 0.495354
vt 0.518316 0.495345
vt 0.518342 0.495320
vt 0.730234 0.685087
vt 0.730177 0.685100
vt 0.730199 0.684945
vt 0.518305 0.495386
vt 0.518288 0.495376
vt 0.518291 0.495419
vt 0.730260 0.685322
vt 0.730270 0.685233
vt 0.730309 0.685443
vt 0.730252 0.685378
vt 0.730216 0.685223
vt 0.730215 0.685290
vt 0.520672 0.483959
vt 0.520687 0.483972
vt 0.520678 0.483933
vt 0.520691 0.483951
vt 0.520703 0.483959
vt 0.520707 0.483932
vt 0.520706 0.483943
vt 0.520715 0.483894
vt 0.520688 0.483907
vt 0.520697 0.483883
vt 0.520723 0.483907
vt 0.520704 0.483914
vt 0.520697 0.483932
vt 0.520715 0.483921
vt 0.520718 0.483932
vt 0.520730 0.483919
vt 0.520720 0.483946
vt 0.575173 0.457181
vt 0.575160 0.457201
vt 0.575132 0.457197
vt 0.575198 0.457186
vt 0.575178 0.457206
vt 0.575128 0.457218
vt 0.575084 0.457214
vt 0.575148 0.457219
vt 0.730277 0.453836
vt 0.730228 0.453885
vt 0.730279 0.453783
vt 0.730235 0.453977
vt 0.730188 0.453995
vt 0.730222 0.453826
vt 0.730278 0.453755
vt 0.730187 0.453924
vt 0.575035 0.457231
vt 0.575037 0.457254
vt 0.574993 0.457248
vt 0.575087 0.457234
vt 0.575088 0.457251
vt 0.575130 0.457232
vt 0.517054 0.494920
vt 0.517060 0.494896
vt 0.517061 0.494960
vt 0.517049 0.494934
vt 0.517046 0.494885
vt 0.517052 0.494846
vt 0.517043 0.494904
vt 0.734979 0.685994
vt 0.734890 0.686092
vt 0.734991 0.685899
vt 0.735064 0.685889
vt 0.517053 0.494960
vt 0.517034 0.494929
vt 0.735044 0.685960
vt 0.734978 0.686053
vt 0.735263 0.685618
vt 0.735201 0.685583
vt 0.517037 0.494844
vt 0.517045 0.494795
vt 0.735155 0.685764
vt 0.735097 0.685741
vt 0.517034 0.494886
vt 0.519386 0.484198
vt 0.519406 0.484184
vt 0.519365 0.484187
vt 0.519387 0.484179
vt 0.519406 0.484158
vt 0.519377 0.484162
vt 0.519389 0.484161
vt 0.758041 0.652841
vt 0.758015 0.652925
vt 0.758135 0.652871
vt 0.758075 0.652898
vt 0.519357 0.484163
vt 0.519344 0.484176
vt 0.519371 0.484173
vt 0.519408 0.484132
vt 0.519389 0.484120
vt 0.519409 0.484109
vt 0.519388 0.484141
vt 0.758203 0.652853
vt 0.758131 0.652810
vt 0.758221 0.652779
vt 0.519371 0.484151
vt 0.735423 0.454075
vt 0.735353 0.453904
vt 0.735484 0.454152
vt 0.735470 0.454219
vt 0.735377 0.454031
vt 0.735427 0.454157
vt 0.735554 0.454566
vt 0.735605 0.454538
vt 0.735642 0.454709
vt 0.735459 0.454389
vt 0.735512 0.454377
vt 0.735546 0.454345
vt 0.735434 0.454236
vt 0.735364 0.454096
vt 0.735362 0.454201
vt 0.735314 0.453891
vt 0.523214 0.444658
vt 0.526214 0.442633
vt 0.806545 0.526335
vt 0.808360 0.538564
vt 0.806492 0.526343
vt 0.808304 0.538570
vt 0.806439 0.526352
vt 0.520395 0.446799
vt 0.808416 0.538561
vt 0.809633 0.551160
vt 0.809575 0.551163
vt 0.529206 0.447607
vt 0.780519 0.518162
vt 0.781494 0.529803
vt 0.781437 0.529806
vt 0.780572 0.518155
vt 0.781550 0.529800
vt 0.532333 0.445765
vt 0.779257 0.507424
vt 0.779305 0.507413
vt 0.780625 0.518149
vt 0.532550 0.439142
vt 0.804111 0.514840
vt 0.801177 0.504251
vt 0.801222 0.504235
vt 0.804062 0.514853
vt 0.801133 0.504266
vt 0.529337 0.440790
vt 0.804013 0.514865
vt 0.526205 0.449635
vt 0.523387 0.451780
vt 0.781972 0.554924
vt 0.781987 0.542183
vt 0.782035 0.554932
vt 0.782047 0.542183
vt 0.782098 0.554936
vt 0.781927 0.542181
vt 0.780592 0.580404
vt 0.781574 0.567673
vt 0.780666 0.580431
vt 0.781638 0.567686
vt 0.780732 0.580451
vt 0.781703 0.567693
vt 0.780798 0.580463
vt 0.520796 0.453979
vt 0.517806 0.448995
vt 0.809693 0.551162
vt 0.810301 0.563790
vt 0.810240 0.563788
vt 0.515423 0.451265
vt 0.810363 0.563797
vt 0.810331 0.576482
vt 0.810268 0.576476
vt 0.513205 0.453648
vt 0.810394 0.576496
vt 0.809684 0.589395
vt 0.809620 0.589383
vt 0.511105 0.456195
vt 0.809747 0.589418
vt 0.808332 0.602764
vt 0.808269 0.602736
vt 0.775666 0.613242
vt 0.779005 0.594154
vt 0.775733 0.613311
vt 0.779070 0.594185
vt 0.775793 0.613366
vt 0.779137 0.594204
vt 0.775859 0.613403
vt 0.778933 0.594114
vt 0.507173 0.461675
vt 0.505826 0.468120
vt 0.507157 0.461674
vt 0.505799 0.468154
vt 0.507141 0.461676
vt 0.789149 0.655921
vt 0.803321 0.631138
vt 0.505774 0.468177
vt 0.509082 0.458932
vt 0.808391 0.602810
vt 0.806267 0.616796
vt 0.806210 0.616738
vt 0.509081 0.458908
vt 0.764126 0.675488
vt 0.770334 0.641741
vt 0.770387 0.641844
vt 0.770449 0.641912
vt 0.770278 0.641617
vt 0.535550 0.444120
vt 0.777463 0.497080
vt 0.777504 0.497063
vt 0.779353 0.507404
vt 0.539081 0.442616
vt 0.774046 0.484362
vt 0.774078 0.484331
vt 0.777547 0.497050
vt 0.539358 0.436271
vt 0.798024 0.494508
vt 0.794599 0.485273
vt 0.794631 0.485242
vt 0.797984 0.494528
vt 0.794565 0.485296
vt 0.535853 0.437669
vt 0.797944 0.494545
vt 0.553919 0.435143
vt 0.775402 0.457198
vt 0.775345 0.457207
vt 0.547071 0.433443
vt 0.775475 0.457200
vt 0.544154 0.440989
vt 0.768444 0.467901
vt 0.768465 0.467855
vt 0.774112 0.484309
vt 0.768491 0.467823
vt 0.551747 0.439016
vt 0.547040 0.433444
vt 0.791120 0.476051
vt 0.791098 0.476099
vt 0.791071 0.476134
vt 0.543151 0.434855
vt 0.801597 0.527223
vt 0.803188 0.539351
vt 0.801517 0.527238
vt 0.803103 0.539366
vt 0.801437 0.527252
vt 0.803017 0.539382
vt 0.804213 0.551850
vt 0.804123 0.551865
vt 0.804033 0.551881
vt 0.785074 0.517713
vt 0.786313 0.529422
vt 0.785148 0.517706
vt 0.786394 0.529414
vt 0.785223 0.517699
vt 0.786476 0.529405
vt 0.783457 0.506898
vt 0.783526 0.506891
vt 0.783595 0.506884
vt 0.799471 0.515816
vt 0.796910 0.505270
vt 0.799396 0.515830
vt 0.796840 0.505282
vt 0.799321 0.515843
vt 0.796770 0.505293
vt 0.787380 0.554694
vt 0.787086 0.541870
vt 0.787468 0.554684
vt 0.787172 0.541861
vt 0.787558 0.554672
vt 0.787257 0.541850
vt 0.786483 0.580446
vt 0.787198 0.567542
vt 0.786580 0.580436
vt 0.787290 0.567532
vt 0.786678 0.580423
vt 0.787382 0.567519
vt 0.804661 0.564369
vt 0.804568 0.564384
vt 0.804476 0.564401
vt 0.804496 0.576933
vt 0.804401 0.576948
vt 0.804305 0.576967
vt 0.803678 0.589707
vt 0.803578 0.589725
vt 0.803479 0.589749
vt 0.802168 0.602921
vt 0.802057 0.602952
vt 0.801944 0.602995
vt 0.781832 0.613732
vt 0.784994 0.594375
vt 0.781936 0.613705
vt 0.785102 0.594363
vt 0.782041 0.613662
vt 0.785210 0.594344
vt 0.784005 0.653475
vt 0.797197 0.630661
vt 0.783973 0.653314
vt 0.797142 0.630654
vt 0.783973 0.653094
vt 0.797091 0.630637
vt 0.799984 0.616724
vt 0.799851 0.616778
vt 0.799715 0.616862
vt 0.776534 0.642262
vt 0.776645 0.642194
vt 0.776761 0.642092
vt 0.781273 0.496431
vt 0.781342 0.496423
vt 0.781412 0.496417
vt 0.777423 0.483599
vt 0.777489 0.483603
vt 0.777557 0.483613
vt 0.794038 0.495558
vt 0.790945 0.486281
vt 0.793970 0.495568
vt 0.790875 0.486282
vt 0.793902 0.495575
vt 0.790803 0.486278
vt 0.773759 0.459273
vt 0.773788 0.459383
vt 0.773834 0.459508
vt 0.771354 0.467257
vt 0.771436 0.467303
vt 0.771522 0.467362
vt 0.787683 0.477136
vt 0.787609 0.477134
vt 0.787529 0.477118
vt 0.785780 0.467794
vt 0.785743 0.467740
vt 0.785704 0.467688
vt 0.764816 0.451489
vt 0.765334 0.451789
vt 0.764818 0.451493
vt 0.764820 0.451498
vt 0.764290 0.676425
vt 0.503759 0.474442
vt 0.767268 0.676532
vt 0.503106 0.474190
vt 0.670599 0.510040
vt 0.670556 0.509992
vt 0.670501 0.509956
vt 0.577886 0.537016
vt 0.577916 0.536891
vt 0.577892 0.536951
vt 0.590845 0.452493
vt 0.603896 0.455401
vt 0.603970 0.455648
vt 0.650742 0.447349
vt 0.603933 0.455523
vt 0.647269 0.604998
vt 0.647335 0.604989
vt 0.647395 0.604962
vt 0.677929 0.398107
vt 0.710670 0.442138
vt 0.726392 0.576101
vt 0.677942 0.398095
vt 0.726517 0.576145
vt 0.617977 0.403255
vt 0.645120 0.354055
vt 0.617963 0.403244
vt 0.645111 0.354055
vt 0.560036 0.623092
vt 0.590807 0.452414
vt 0.617959 0.403234
vt 0.674874 0.521502
vt 0.715896 0.487409
vt 0.674860 0.521450
vt 0.674846 0.521398
vt 0.676826 0.644816
vt 0.655888 0.595558
vt 0.655924 0.595523
vt 0.655964 0.595495
vt 0.715897 0.572642
vt 0.715814 0.572625
vt 0.715731 0.572614
vt 0.676843 0.644831
vt 0.581677 0.548798
vt 0.581676 0.548752
vt 0.581667 0.548704
vt 0.529684 0.543508
vt 0.635605 0.601628
vt 0.635655 0.601632
vt 0.635706 0.601644
vt 0.644798 0.655326
vt 0.569313 0.614624
vt 0.569369 0.614561
vt 0.569419 0.614494
vt 0.529948 0.543739
vt 0.658591 0.506696
vt 0.658542 0.506682
vt 0.688774 0.463417
vt 0.658497 0.506664
vt 0.586370 0.528060
vt 0.586404 0.528023
vt 0.586432 0.527983
vt 0.537467 0.507596
vt 0.537440 0.507579
vt 0.606965 0.465699
vt 0.606988 0.465779
vt 0.607011 0.465855
vt 0.676047 0.524138
vt 0.676036 0.524086
vt 0.676023 0.524037
vt 0.676891 0.527041
vt 0.657897 0.594782
vt 0.657937 0.594755
vt 0.657974 0.594723
vt 0.660083 0.593052
vt 0.712585 0.572345
vt 0.712504 0.572335
vt 0.712425 0.572323
vt 0.709965 0.571026
vt 0.581444 0.554243
vt 0.580942 0.551103
vt 0.580935 0.551057
vt 0.580936 0.551012
vt 0.633073 0.602110
vt 0.633122 0.602119
vt 0.633169 0.602121
vt 0.630320 0.601382
vt 0.571368 0.611704
vt 0.571416 0.611638
vt 0.573758 0.609774
vt 0.584148 0.599161
vt 0.656654 0.505225
vt 0.656611 0.505207
vt 0.656563 0.505193
vt 0.653664 0.503985
vt 0.587204 0.525796
vt 0.587231 0.525758
vt 0.587263 0.525721
vt 0.588793 0.523142
vt 0.607870 0.468792
vt 0.607892 0.468868
vt 0.607914 0.468944
vt 0.609142 0.472417
vt 0.644605 0.553421
vt 0.644593 0.553464
vt 0.644582 0.553508
vt 0.677050 0.642098
vt 0.676951 0.642124
vt 0.676999 0.642114
vt 0.532625 0.545360
vt 0.532607 0.545410
vt 0.532577 0.545454
vt 0.642708 0.652279
vt 0.641168 0.650182
vt 0.642616 0.652328
vt 0.642664 0.652304
vt 0.628352 0.538098
vt 0.628394 0.538086
vt 0.628437 0.538073
vt 0.686037 0.464983
vt 0.684039 0.466100
vt 0.686012 0.464939
vt 0.686063 0.465029
vt 0.714310 0.490583
vt 0.714405 0.490615
vt 0.714362 0.490590
vt 0.623074 0.559579
vt 0.623042 0.559548
vt 0.623010 0.559517
vt 0.540586 0.507402
vt 0.538052 0.507553
vt 0.540591 0.507497
vt 0.540588 0.507449
vt 0.531451 0.456565
vt 0.534483 0.454543
vt 0.531443 0.456551
vt 0.534475 0.454529
vt 0.531434 0.456537
vt 0.534466 0.454515
vt 0.465551 0.521590
vt 0.465270 0.533591
vt 0.528578 0.458678
vt 0.528570 0.458664
vt 0.528560 0.458651
vt 0.466255 0.509886
vt 0.537530 0.459598
vt 0.540722 0.457680
vt 0.537539 0.459613
vt 0.540731 0.457695
vt 0.537548 0.459627
vt 0.490591 0.533177
vt 0.543979 0.455920
vt 0.543988 0.455935
vt 0.540740 0.457710
vt 0.490858 0.545333
vt 0.540790 0.450972
vt 0.537613 0.452686
vt 0.540781 0.450958
vt 0.537604 0.452673
vt 0.540773 0.450944
vt 0.537587 0.452642
vt 0.540765 0.450927
vt 0.537596 0.452658
vt 0.534457 0.454498
vt 0.534438 0.461660
vt 0.531508 0.463809
vt 0.534447 0.461675
vt 0.531517 0.463824
vt 0.534457 0.461690
vt 0.531527 0.463838
vt 0.490840 0.521044
vt 0.491541 0.509196
vt 0.528788 0.465988
vt 0.526253 0.468217
vt 0.528797 0.466003
vt 0.526262 0.468232
vt 0.528807 0.466017
vt 0.526273 0.468246
vt 0.492627 0.497862
vt 0.494108 0.486942
vt 0.525914 0.460825
vt 0.525906 0.460810
vt 0.525896 0.460798
vt 0.467341 0.498683
vt 0.523435 0.463023
vt 0.523427 0.463009
vt 0.523416 0.462997
vt 0.468821 0.487864
vt 0.521095 0.465317
vt 0.521087 0.465303
vt 0.521076 0.465290
vt 0.470733 0.477213
vt 0.518843 0.467763
vt 0.518836 0.467745
vt 0.518827 0.467731
vt 0.473146 0.466478
vt 0.523745 0.470670
vt 0.520624 0.474048
vt 0.523753 0.470686
vt 0.520630 0.474066
vt 0.523764 0.470700
vt 0.520639 0.474081
vt 0.496150 0.475677
vt 0.499453 0.461015
vt 0.514630 0.472987
vt 0.512936 0.478550
vt 0.514613 0.472984
vt 0.512906 0.478579
vt 0.514596 0.472982
vt 0.490645 0.428789
vt 0.479790 0.444603
vt 0.512881 0.478597
vt 0.512859 0.478600
vt 0.516651 0.470388
vt 0.516651 0.470364
vt 0.516645 0.470345
vt 0.476137 0.455496
vt 0.516354 0.478810
vt 0.516354 0.478835
vt 0.516358 0.478854
vt 0.504295 0.440641
vt 0.547518 0.454243
vt 0.547528 0.454258
vt 0.543997 0.455950
vt 0.491644 0.557418
vt 0.552497 0.452273
vt 0.552511 0.452286
vt 0.547536 0.454273
vt 0.493131 0.570198
vt 0.547430 0.447919
vt 0.544027 0.449395
vt 0.547417 0.447907
vt 0.544017 0.449382
vt 0.547407 0.447894
vt 0.544002 0.449350
vt 0.547400 0.447876
vt 0.544010 0.449367
vt 0.561220 0.445709
vt 0.561256 0.445691
vt 0.561280 0.445674
vt 0.554603 0.445414
vt 0.554604 0.445398
vt 0.554606 0.445382
vt 0.554607 0.445364
vt 0.559671 0.449573
vt 0.559695 0.449581
vt 0.552522 0.452300
vt 0.502124 0.613427
vt 0.496339 0.587789
vt 0.559712 0.449591
vt 0.509183 0.643535
vt 0.551077 0.446549
vt 0.551055 0.446540
vt 0.551031 0.446512
vt 0.551040 0.446529
vt 0.470196 0.533551
vt 0.470470 0.521619
vt 0.470278 0.533549
vt 0.470552 0.521617
vt 0.470361 0.533548
vt 0.470635 0.521615
vt 0.471175 0.509977
vt 0.471257 0.509974
vt 0.471340 0.509971
vt 0.486039 0.545471
vt 0.485773 0.533219
vt 0.485957 0.545473
vt 0.485691 0.533220
vt 0.485875 0.545473
vt 0.485609 0.533222
vt 0.486825 0.557666
vt 0.486743 0.557667
vt 0.486660 0.557667
vt 0.470446 0.545519
vt 0.471188 0.557425
vt 0.470529 0.545518
vt 0.471270 0.557425
vt 0.470611 0.545517
vt 0.471353 0.557425
vt 0.486725 0.509067
vt 0.486022 0.520997
vt 0.486643 0.509069
vt 0.485941 0.520999
vt 0.486561 0.509073
vt 0.485858 0.521002
vt 0.489310 0.486631
vt 0.487815 0.497648
vt 0.489228 0.486634
vt 0.487733 0.497651
vt 0.489145 0.486640
vt 0.487650 0.497655
vt 0.472260 0.498840
vt 0.472343 0.498837
vt 0.472426 0.498833
vt 0.473742 0.488096
vt 0.473825 0.488093
vt 0.473909 0.488087
vt 0.475661 0.477531
vt 0.475744 0.477527
vt 0.475829 0.477518
vt 0.478082 0.466903
vt 0.478168 0.466888
vt 0.478257 0.466863
vt 0.494794 0.460560
vt 0.491396 0.475269
vt 0.494712 0.460575
vt 0.491314 0.475273
vt 0.494627 0.460601
vt 0.491231 0.475283
vt 0.494153 0.431047
vt 0.484402 0.445533
vt 0.494155 0.431157
vt 0.484472 0.445559
vt 0.494131 0.431306
vt 0.484539 0.445592
vt 0.481069 0.456077
vt 0.481162 0.456038
vt 0.481261 0.455976
vt 0.499619 0.440306
vt 0.499534 0.440348
vt 0.499444 0.440414
vt 0.488314 0.570580
vt 0.488231 0.570579
vt 0.488148 0.570574
vt 0.491560 0.588296
vt 0.491475 0.588282
vt 0.491389 0.588257
vt 0.472394 0.569299
vt 0.474111 0.581509
vt 0.472477 0.569301
vt 0.474196 0.581523
vt 0.472560 0.569305
vt 0.474283 0.581547
vt 0.561391 0.444412
vt 0.567696 0.444746
vt 0.491736 0.625993
vt 0.491713 0.625838
vt 0.555066 0.444066
vt 0.561366 0.444390
vt 0.479034 0.607629
vt 0.479110 0.607599
vt 0.497378 0.613986
vt 0.497287 0.613943
vt 0.497192 0.613874
vt 0.476370 0.594389
vt 0.478956 0.607649
vt 0.476461 0.594430
vt 0.476555 0.594494
vt 0.506865 0.644010
vt 0.504573 0.644200
vt 0.509151 0.643768
vt 0.567958 0.445435
vt 0.509143 0.415805
vt 0.506619 0.416141
vt 0.509130 0.415775
vt 0.510380 0.484006
vt 0.506629 0.416169
vt 0.509513 0.483736
vt 0.510380 0.483984
vt 0.537327 0.466899
vt 0.540328 0.464798
vt 0.537318 0.466885
vt 0.540320 0.464784
vt 0.537309 0.466872
vt 0.540311 0.464770
vt 0.770153 0.574223
vt 0.770175 0.562420
vt 0.534497 0.469095
vt 0.534488 0.469081
vt 0.534478 0.469068
vt 0.769780 0.585759
vt 0.543479 0.469799
vt 0.744549 0.551081
vt 0.745021 0.563236
vt 0.744964 0.563236
vt 0.744606 0.551076
vt 0.745078 0.563236
vt 0.546633 0.467834
vt 0.743698 0.539009
vt 0.743754 0.538999
vt 0.744663 0.551073
vt 0.546642 0.461090
vt 0.543444 0.462858
vt 0.546633 0.461077
vt 0.543435 0.462844
vt 0.546625 0.461062
vt 0.769047 0.538827
vt 0.543427 0.462830
vt 0.769796 0.550595
vt 0.540440 0.471926
vt 0.537573 0.474148
vt 0.744617 0.587236
vt 0.745033 0.575379
vt 0.744674 0.587245
vt 0.745089 0.575381
vt 0.744730 0.587250
vt 0.744975 0.575375
vt 0.534923 0.476402
vt 0.532469 0.478708
vt 0.742835 0.609668
vt 0.743973 0.598635
vt 0.742890 0.609686
vt 0.744030 0.598643
vt 0.742947 0.609698
vt 0.743917 0.598621
vt 0.531886 0.471327
vt 0.531877 0.471314
vt 0.531866 0.471301
vt 0.769108 0.596816
vt 0.529468 0.473614
vt 0.529459 0.473600
vt 0.529449 0.473588
vt 0.768150 0.607521
vt 0.527189 0.475997
vt 0.527180 0.475983
vt 0.527169 0.475971
vt 0.766953 0.618141
vt 0.524952 0.478526
vt 0.524945 0.478510
vt 0.524936 0.478497
vt 0.765660 0.629104
vt 0.530063 0.481255
vt 0.527102 0.484819
vt 0.738671 0.636806
vt 0.741288 0.621258
vt 0.738721 0.636850
vt 0.741344 0.621275
vt 0.738775 0.636880
vt 0.741234 0.621232
vt 0.519499 0.489564
vt 0.519476 0.489589
vt 0.519454 0.489605
vt 0.522743 0.481227
vt 0.522741 0.481207
vt 0.522735 0.481191
vt 0.764398 0.640728
vt 0.523012 0.489791
vt 0.734760 0.659240
vt 0.734811 0.659291
vt 0.734715 0.659166
vt 0.549869 0.466044
vt 0.742237 0.526258
vt 0.742292 0.526240
vt 0.743810 0.538992
vt 0.553414 0.464365
vt 0.739375 0.508801
vt 0.739424 0.508763
vt 0.742347 0.526227
vt 0.553398 0.458001
vt 0.549924 0.459488
vt 0.553384 0.457988
vt 0.549915 0.459474
vt 0.553374 0.457975
vt 0.766440 0.514891
vt 0.549907 0.459460
vt 0.767951 0.527059
vt 0.567990 0.456270
vt 0.568029 0.456255
vt 0.568056 0.456238
vt 0.568068 0.456219
vt 0.560937 0.455331
vt 0.560939 0.455314
vt 0.560944 0.455297
vt 0.750054 0.469379
vt 0.558499 0.462467
vt 0.734850 0.483661
vt 0.734892 0.483588
vt 0.739476 0.508738
vt 0.734939 0.483540
vt 0.566083 0.460036
vt 0.730177 0.454299
vt 0.730206 0.454142
vt 0.557144 0.456617
vt 0.764403 0.502007
vt 0.761660 0.488885
vt 0.761716 0.488893
vt 0.557122 0.456608
vt 0.766490 0.514868
vt 0.764357 0.502053
vt 0.765327 0.562540
vt 0.765303 0.574314
vt 0.765246 0.562543
vt 0.765222 0.574318
vt 0.765165 0.562546
vt 0.765141 0.574322
vt 0.764928 0.585825
vt 0.764847 0.585830
vt 0.764766 0.585836
vt 0.749472 0.550894
vt 0.749891 0.563113
vt 0.749553 0.550893
vt 0.749973 0.563110
vt 0.749635 0.550891
vt 0.750055 0.563107
vt 0.748618 0.538738
vt 0.748699 0.538737
vt 0.748782 0.538737
vt 0.764943 0.550744
vt 0.764183 0.539000
vt 0.764862 0.550746
vt 0.764102 0.539001
vt 0.764780 0.550747
vt 0.764020 0.539000
vt 0.749545 0.587225
vt 0.749901 0.575307
vt 0.749627 0.587221
vt 0.749983 0.575303
vt 0.749709 0.587214
vt 0.750065 0.575298
vt 0.747813 0.609823
vt 0.748861 0.598678
vt 0.747896 0.609816
vt 0.748943 0.598672
vt 0.747980 0.609807
vt 0.749026 0.598664
vt 0.764253 0.596862
vt 0.764172 0.596868
vt 0.764090 0.596876
vt 0.763282 0.607560
vt 0.763201 0.607567
vt 0.763119 0.607577
vt 0.762053 0.618201
vt 0.761971 0.618211
vt 0.761888 0.618226
vt 0.760722 0.629215
vt 0.760637 0.629236
vt 0.760552 0.629267
vt 0.743661 0.637284
vt 0.746251 0.621538
vt 0.743745 0.637265
vt 0.746335 0.621529
vt 0.743832 0.637234
vt 0.746420 0.621516
vt 0.518225 0.489535
vt 0.518209 0.489512
vt 0.518195 0.489478
vt 0.746639 0.669286
vt 0.759436 0.640891
vt 0.759347 0.640933
vt 0.759256 0.640994
vt 0.758301 0.652753
vt 0.739674 0.659766
vt 0.739761 0.659723
vt 0.739851 0.659655
vt 0.747146 0.525885
vt 0.747228 0.525887
vt 0.747310 0.525892
vt 0.744174 0.508356
vt 0.744257 0.508372
vt 0.744340 0.508399
vt 0.763066 0.527261
vt 0.761522 0.515153
vt 0.762984 0.527258
vt 0.761437 0.515137
vt 0.762902 0.527253
vt 0.761352 0.515113
vt 0.746402 0.471434
vt 0.746392 0.471542
vt 0.746404 0.471689
vt 0.756971 0.489638
vt 0.756897 0.489658
vt 0.756824 0.489683
vt 0.739551 0.483258
vt 0.739635 0.483305
vt 0.739722 0.483377
vt 0.759437 0.502401
vt 0.759349 0.502360
vt 0.759257 0.502297
vt 0.732617 0.453604
vt 0.735291 0.453922
vt 0.575256 0.455778
vt 0.575206 0.456485
vt 0.575239 0.455776
vt 0.575223 0.456491
vt 0.730313 0.685414
vt 0.732550 0.685804
vt 0.732548 0.685833
vt 0.517639 0.495220
vt 0.734891 0.686120
vt 0.517064 0.494953
vt 0.520046 0.483999
vt 0.520043 0.484025
vt 0.520038 0.484051
vt 0.520047 0.483977
vt 0.688869 0.463366
vt 0.546290 0.561852
vt 0.772621 0.678698
vt 0.501452 0.413759
vt 0.764563 0.451026
vt 0.560742 0.436840
vt 0.770359 0.676695
vt 0.716064 0.487232
vt 0.511243 0.484286
vt 0.568016 0.446125
vt 0.504188 0.417069
vt 0.575190 0.457183
vt 0.781499 0.567651
vt 0.806318 0.616886
vt 0.803391 0.631121
vt 0.503111 0.474174
vt 0.576103 0.607912
vt 0.555073 0.444044
vt 0.509518 0.483715
vt 0.763187 0.652597
s 1
g off
g holocron_inf3_Holocron_Corners.002
usemtl Holocron_Corners.002
f 484/1/1 483/2/2 1896/3/3
s 2
f 1287/4/4 1/5/5 199/6/6
f 1238/7/7 20/8/8 104/9/9
f 87/10/5 224/11/10 3/12/5
f 213/13/11 112/14/12 1248/15/13
f 4/16/5 1252/17/14 203/18/15
f 198/19/16 104/9/9 16/20/17
f 209/21/18 100/22/19 14/23/20
f 223/24/21 107/25/22 1243/26/23
f 3/12/5 1227/27/24 219/28/25
f 1242/29/26 4/16/5 86/30/5
f 1248/15/13 21/31/27 228/32/28
f 1258/33/29 19/34/30 234/35/31
f 1253/36/32 25/37/33 204/38/34
f 228/32/28 106/39/35 1263/40/36
f 1263/40/36 22/41/37 238/42/38
f 1273/43/39 18/44/40 244/45/41
f 88/46/5 233/47/42 1252/17/14
f 238/42/38 113/48/43 1278/49/44
f 1278/49/44 1396/50/45 250/51/46
f 265/52/47 111/53/48 1273/43/39
f 89/54/49 243/55/50 1257/56/51
f 1288/57/52 16/20/17 102/58/53
f 270/59/54 102/58/53 17/60/55
f 276/61/56 108/62/57 13/63/58
f 1/5/5 1232/64/59 87/10/5
f 1303/65/60 17/60/55 110/66/61
f 282/67/62 110/66/61 1387/68/63
f 1298/69/64 1392/70/65 108/62/57
f 6/71/66 1282/72/67 91/73/5
f 104/9/9 337/74/68 1317/75/69
f 10/76/70 1333/77/71 95/78/70
f 23/79/72 1327/80/73 112/14/12
f 346/81/74 96/82/75 1343/83/76
f 102/58/53 317/84/77 1367/85/78
f 15/86/79 1312/87/80 342/88/81
f 15/86/79 1322/89/82 107/25/22
f 101/90/83 326/91/84 1312/87/80
f 114/92/85 337/74/68 20/8/8
f 115/93/86 321/94/87 25/37/33
f 19/34/30 1332/95/88 115/93/86
f 21/31/27 1342/96/89 106/39/35
f 1328/97/90 8/98/91 346/81/74
f 103/99/92 351/100/93 19/34/30
f 18/44/40 1337/101/94 103/99/92
f 22/41/37 1357/102/95 113/48/43
f 1343/83/76 11/103/96 356/104/97
f 111/53/48 361/105/98 18/44/40
f 24/106/99 1352/107/100 111/53/48
f 113/48/43 367/108/101 1396/50/45
f 316/109/102 94/110/70 7/111/70
f 14/23/20 1362/112/103 326/91/84
f 100/22/19 393/113/104 1362/112/103
f 110/66/61 389/114/105 1382/115/106
f 98/116/70 388/117/107 1368/118/108
f 13/63/58 1377/119/109 393/113/104
f 108/62/57 419/120/110 1377/119/109
f 1387/68/63 1382/115/106 399/121/111
f 1233/122/112 14/23/20 101/90/83
f 1293/123/113 1388/124/114 105/125/115
f 105/125/115 398/126/116 1372/127/117
f 7/111/70 1313/128/118 327/129/119
f 224/11/10 86/30/5 3/12/5
f 1243/26/23 23/79/72 213/13/11
f 107/25/22 332/130/120 23/79/72
f 94/110/70 341/131/121 1313/128/118
f 92/132/122 275/133/123 6/71/66
f 199/6/6 87/10/5 1237/134/124
f 16/20/17 1317/75/69 317/84/77
f 394/135/125 99/136/126 12/137/127
f 234/35/31 115/93/86 1253/36/32
f 1268/138/128 1397/139/129 109/140/130
f 109/141/130 366/142/131 1347/143/132
f 95/78/70 352/144/133 8/98/91
f 204/38/34 114/92/85 1228/145/134
f 223/24/21 101/90/83 15/86/79
f 1318/146/135 9/147/70 94/110/70
f 25/37/33 1307/148/136 114/92/85
f 1292/149/137 1297/150/138 92/132/122
f 281/151/139 92/132/122 1302/152/140
f 99/136/126 400/153/141 1383/154/142
f 1378/155/143 1373/156/144 99/136/126
f 5/157/145 1272/158/146 243/55/50
f 1247/159/147 2/160/148 88/46/5
f 112/14/12 347/161/149 21/31/27
f 11/103/96 1353/162/150 97/163/151
f 214/164/152 88/46/5 4/16/5
f 229/165/153 89/54/49 2/160/148
f 93/166/70 341/131/121 9/147/70
f 10/76/70 1323/167/154 93/166/70
f 1283/168/155 13/63/58 100/22/19
f 7/111/70 1368/118/108 316/109/102
s 3
f 434/169/156 135/170/157 1517/171/158
s 2
f 1363/172/159 12/137/127 98/116/70
f 90/173/160 266/174/161 1272/158/146
f 1277/175/162 1267/176/163 90/173/160
f 1358/177/164 1348/178/165 368/179/166
f 97/163/151 383/180/167 1348/178/165
f 1293/123/113 1393/181/168 298/182/169
f 271/183/170 91/73/5 1287/4/4
f 17/60/55 1367/85/78 389/114/105
f 105/125/115 417/184/171 1393/181/168
f 244/45/41 103/99/92 1258/33/29
f 1302/152/140 6/71/66 271/183/170
f 12/137/127 1383/154/142 388/117/107
f 96/82/75 362/185/172 11/103/96
f 2/160/148 1257/56/51 233/47/42
f 1228/145/134 20/8/8 218/186/173
f 331/187/174 95/78/70 1328/97/90
f 8/98/91 1338/188/175 96/82/75
f 1268/189/128 24/106/99 265/52/47
f 1262/190/176 5/157/145 89/54/49
f 106/39/35 357/191/177 22/41/37
f 109/141/130 384/192/178 24/106/99
f 1237/134/124 3/12/5 219/28/25
f 86/30/5 203/18/15 1227/27/24
f 322/193/179 93/166/70 1308/194/180
f 1308/194/180 9/147/70 336/195/181
f 91/73/5 208/196/182 1/5/5
f 239/197/183 90/173/160 5/157/145
f 356/104/97 97/163/151 1358/177/164
f 327/129/119 98/116/70 7/111/70
s 3
f 487/198/184 128/199/185 33/200/186
f 1463/201/187 1555/202/188 134/203/189
f 134/203/189 763/204/190 1507/205/191
f 747/206/192 129/207/193 1503/208/194
f 513/209/195 125/210/196 1452/211/197
f 1427/212/198 1544/213/199 135/170/157
f 136/214/200 709/215/201 1493/216/202
f 1503/208/194 1513/217/203 728/218/204
f 475/219/205 122/220/206 28/221/207
f 448/222/208 133/223/209 1526/224/210
f 1478/225/211 1483/226/212 657/227/213
f 133/223/209 672/228/214 1488/229/215
f 26/230/216 1419/231/217 122/220/206
f 30/232/218 1423/233/219 603/234/220
f 31/235/221 1423/233/219 125/210/196
f 1438/236/222 1545/237/223 461/238/224
f 1433/239/225 1518/240/226 118/241/227
f 32/242/228 1405/243/229 127/244/230
f 33/200/186 1410/245/231 566/246/232
f 436/247/233 120/248/234 1428/249/235
f 1438/236/222 1522/250/236 132/251/237
s 4
f 1418/252/238 1422/253/239 549/254/240
s 3
f 29/255/241 1404/256/242 585/257/243
f 487/198/184 126/258/244 1457/259/245
f 475/219/205 121/260/246 1432/261/247
f 26/230/216 1399/262/248 568/263/249
f 33/200/186 1400/264/250 126/258/244
f 499/265/251 136/214/200 1549/266/252
f 449/267/253 117/268/254 1453/269/255
f 34/270/256 1410/245/231 128/199/185
f 34/270/256 1405/243/229 605/271/257
f 1453/269/255 1532/272/258 514/273/259
f 1447/274/260 1531/275/261 136/214/200
f 27/276/262 1414/277/263 584/278/264
f 28/221/207 1414/277/263 121/260/246
f 450/279/265 123/280/266 1443/281/267
f 524/282/268 126/258/244 32/242/228
f 28/221/207 1419/231/217 548/283/269
f 135/170/157 621/284/270 1473/285/271
f 525/286/272 134/203/189 1535/287/273
f 1468/288/274 1540/289/275 137/290/276
s 4
f 1409/291/277 1418/252/238 567/292/278
s 3
f 27/276/262 1399/262/248 120/248/234
f 540/293/279 137/290/276 1554/294/280
f 523/295/281 116/296/282 1458/297/283
f 29/255/241 1413/298/284 124/299/285
f 30/232/218 1404/256/242 123/280/266
f 1442/300/286 1550/301/287 133/223/209
f 31/235/221 1413/298/284 550/302/288
s 4
f 604/303/289 119/304/290 1409/291/277
s 3
f 32/242/228 1400/264/250 586/305/291
f 1535/287/273 1507/205/191 746/306/292
f 1554/294/280 1512/307/293 764/308/294
f 137/290/276 729/309/295 1512/307/293
f 118/241/227 640/310/296 1477/311/297
f 132/251/237 622/312/298 1545/237/223
f 132/251/237 658/313/299 1482/314/300
f 1527/315/301 1497/316/302 117/268/254
f 1549/266/252 1493/216/202 673/317/303
f 117/268/254 710/318/304 1532/272/258
f 460/319/305 122/220/206 1437/320/306
f 473/321/307 118/241/227 1523/322/308
f 1523/322/308 1477/311/297 656/323/309
f 1517/171/158 1473/285/271 638/324/310
f 450/279/265 125/210/196 30/232/218
f 498/325/311 123/280/266 29/255/241
f 674/326/312 131/327/313 1487/328/314
f 1487/328/314 1498/329/315 691/330/316
f 524/282/268 127/244/230 1462/331/317
f 539/332/318 127/244/230 34/270/256
f 1513/217/203 1508/333/319 765/334/320
f 1536/335/321 1502/336/322 116/296/282
f 436/247/233 121/260/246 27/276/262
f 460/319/305 120/248/234 26/230/216
f 1483/226/212 1472/337/323 623/338/324
f 639/339/325 130/340/326 1478/225/211
f 498/325/311 124/299/285 1448/341/327
f 513/209/195 124/299/285 31/235/221
f 1498/329/315 1492/342/328 711/343/329
f 1526/224/210 1488/229/215 690/344/330
f 539/332/318 128/199/185 1467/345/331
f 1458/297/283 1541/346/332 485/347/333
f 116/296/282 727/348/334 1541/346/332
s 5
f 1618/349/335 35/350/336 781/351/337
f 1569/352/338 54/353/339 156/354/340
f 139/355/336 806/356/341 37/357/336
f 795/358/342 164/359/343 1579/360/344
f 38/361/336 1583/362/345 785/363/346
f 780/364/347 156/354/340 50/365/348
f 791/366/349 152/367/350 48/368/351
f 805/369/352 159/370/353 1574/371/354
f 37/357/336 1558/372/355 801/373/356
f 1573/374/357 38/361/336 138/375/336
f 1579/360/344 56/376/358 810/377/359
f 1589/378/360 53/379/361 816/380/362
f 1584/381/363 60/382/364 786/383/365
f 810/377/359 158/384/366 1594/385/367
f 1594/385/367 57/386/368 820/387/369
f 1604/388/370 52/389/371 826/390/372
f 140/391/336 815/392/373 1583/362/345
f 820/387/369 165/393/374 1609/394/375
f 1609/394/375 1721/395/376 832/396/377
f 848/397/378 163/398/379 1604/388/370
f 141/399/336 825/400/380 1588/401/381
f 1619/402/382 50/365/348 154/403/383
f 853/404/384 154/403/383 51/405/385
f 859/406/386 160/407/387 47/408/388
f 35/350/336 1563/409/389 139/355/336
f 1634/410/390 51/405/385 162/411/391
f 864/412/392 162/411/391 55/413/393
f 1629/414/394 1718/415/395 160/407/387
f 40/416/336 1613/417/396 143/418/336
f 156/354/340 907/419/397 1648/420/398
f 44/421/399 1664/422/400 147/423/399
f 58/424/401 1658/425/402 164/359/343
f 916/426/403 148/427/399 1674/428/404
f 154/403/383 887/429/405 1698/430/406
f 49/431/407 1643/432/408 912/433/409
f 49/431/407 1653/434/410 159/370/353
f 153/435/411 896/436/412 1643/432/408
f 166/437/413 907/419/397 54/353/339
f 167/438/414 891/439/415 60/382/364
f 53/379/361 1663/440/416 167/438/414
f 56/376/358 1673/441/417 158/384/366
f 1659/442/418 42/443/399 916/426/403
f 155/444/419 921/445/420 53/379/361
f 52/389/371 1668/446/421 155/444/419
f 57/386/368 1688/447/422 165/393/374
f 1674/428/404 45/448/423 926/449/424
f 163/398/379 931/450/425 52/389/371
f 59/451/426 1683/452/427 163/398/379
f 165/393/374 937/453/428 1721/395/376
f 886/454/429 146/455/399 41/456/399
f 48/368/351 1693/457/430 896/436/412
f 152/367/350 963/458/431 1693/457/430
f 162/411/391 959/459/432 1713/460/433
f 150/461/399 958/462/434 1699/463/435
f 47/408/388 1708/464/436 963/458/431
f 160/407/387 975/465/437 1708/464/436
f 55/413/393 1713/460/433 968/466/438
f 1564/467/439 48/368/351 153/435/411
f 1624/468/440 55/469/393 157/470/441
f 157/470/441 968/471/438 1703/472/442
f 41/456/399 1644/473/443 897/474/444
f 806/356/341 138/375/336 37/357/336
f 1574/371/354 58/424/401 795/358/342
f 159/370/353 902/475/445 58/424/401
f 146/455/399 911/476/446 1644/473/443
f 144/477/336 858/478/447 40/416/336
f 781/351/337 139/355/336 1568/479/448
f 50/365/348 1648/420/398 887/429/405
f 964/480/449 151/481/399 46/482/399
f 816/380/362 167/438/414 1584/381/363
f 1599/483/450 1722/484/451 161/485/452
f 161/485/452 936/486/453 1678/487/454
f 147/423/399 922/488/455 42/443/399
f 786/383/365 166/437/413 1559/489/456
f 805/369/352 153/435/411 49/431/407
f 1649/490/457 43/491/399 146/455/399
f 60/382/364 1638/492/458 166/437/413
f 1623/493/459 1628/494/460 144/477/336
f 863/495/461 144/477/336 1633/496/462
f 151/481/399 969/497/463 1714/498/464
f 1709/499/465 1704/500/466 151/481/399
f 39/501/467 1603/502/468 825/400/380
f 1578/503/469 36/504/336 140/391/336
f 164/359/343 917/505/470 56/376/358
f 45/448/423 1684/506/471 149/507/472
f 796/508/473 140/391/336 38/361/336
f 811/509/474 141/399/336 36/504/336
f 145/510/399 911/476/446 43/491/399
f 44/421/399 1654/511/475 145/510/399
f 1614/512/476 47/408/388 152/367/350
f 41/456/399 1699/463/435 886/454/429
s 6
f 1784/513/477 61/514/478 991/515/479
s 5
f 1694/516/480 46/482/399 150/461/399
f 142/517/481 849/518/482 1603/502/468
f 1608/519/483 1598/520/484 142/517/481
f 1689/521/485 1679/522/486 938/523/487
f 149/507/472 953/524/488 1679/522/486
f 1624/468/440 1719/525/489 868/526/490
f 854/527/491 143/418/336 1618/349/335
f 51/405/385 1698/430/406 959/459/432
f 157/470/441 973/528/492 1719/525/489
f 826/390/372 155/444/419 1589/378/360
f 1633/496/462 40/416/336 854/527/491
f 46/482/399 1714/498/464 958/462/434
f 148/427/399 932/529/493 45/448/423
f 36/504/336 1588/401/381 815/392/373
f 1559/489/456 54/353/339 800/530/494
f 901/531/495 147/423/399 1659/442/418
f 42/443/399 1669/532/496 148/427/399
f 1599/483/450 59/451/426 848/397/378
f 1593/533/497 39/501/467 141/399/336
f 158/384/366 927/534/498 57/386/368
f 161/485/452 954/535/499 59/451/426
f 1568/479/448 37/357/336 801/373/356
f 138/375/336 785/363/346 1558/372/355
f 892/536/500 145/510/399 1639/537/501
f 1639/537/501 43/491/399 906/538/502
f 143/418/336 790/539/503 35/350/336
f 821/540/504 142/517/481 39/501/467
f 926/449/424 149/507/472 1689/521/485
f 897/474/444 150/461/399 41/456/399
s 6
f 1735/541/505 80/542/506 186/543/507
f 169/544/478 1016/545/508 63/546/478
f 1005/547/509 194/548/510 1745/549/511
f 64/550/478 1749/551/512 995/552/513
f 990/553/514 186/543/507 76/554/515
f 1001/555/516 182/556/517 74/557/518
f 1015/558/519 189/559/520 1740/560/521
f 63/546/478 1724/561/522 1011/562/523
f 1739/563/524 64/550/478 168/564/478
f 1745/549/511 82/565/525 1020/566/526
f 1755/567/527 79/568/528 1026/569/529
f 1750/570/530 85/571/531 996/572/532
f 1020/566/526 188/573/533 1760/574/534
f 1760/574/534 83/575/535 1030/576/536
f 1770/577/537 78/578/538 1036/579/539
f 170/580/478 1025/581/540 1749/551/512
f 1030/576/536 195/582/541 1775/583/542
f 1775/583/542 1887/584/543 1042/585/544
f 1058/586/545 193/587/546 1770/577/537
f 171/588/547 1035/589/548 1754/590/549
f 1785/591/550 76/554/515 184/592/551
f 1075/593/552 184/592/551 77/594/553
f 1081/595/554 190/596/555 73/597/556
f 61/514/478 1729/598/557 169/544/478
f 1800/599/558 77/594/553 192/600/559
f 1086/601/560 192/600/559 81/602/561
f 1795/603/562 1884/604/563 190/596/555
f 66/605/478 1779/606/564 173/607/478
f 186/543/507 1129/608/565 1814/609/566
f 70/610/567 1830/611/568 177/612/567
f 84/613/569 1824/614/570 194/548/510
f 1138/615/571 178/616/572 1840/617/573
f 184/592/551 1109/618/574 1864/619/575
f 75/620/576 1809/621/577 1134/622/578
f 75/620/576 1819/623/579 189/559/520
f 183/624/580 1118/625/581 1809/621/577
f 196/626/582 1129/608/565 80/542/506
f 197/627/583 1113/628/584 85/571/531
f 79/568/528 1829/629/585 197/627/583
f 82/565/525 1839/630/586 188/573/533
f 1825/631/587 68/632/588 1138/615/571
f 185/633/589 1143/634/590 79/568/528
f 78/578/538 1834/635/591 185/633/589
f 83/575/535 1854/636/592 195/582/541
f 1840/617/573 71/637/593 1148/638/594
f 193/587/546 1153/639/595 78/578/538
f 1891/640/596 1849/641/597 193/587/546
f 195/582/541 1159/642/598 1887/584/543
f 1108/643/599 176/644/567 67/645/567
f 74/557/518 1859/646/600 1118/625/581
f 182/556/517 1199/647/601 1859/646/600
f 192/600/559 1195/648/602 1879/649/603
f 180/650/567 1194/651/604 1865/652/605
f 73/597/556 1874/653/606 1199/647/601
f 190/596/555 1211/654/607 1874/653/606
f 81/602/561 1879/649/603 1204/655/608
f 1730/656/609 74/557/518 183/624/580
f 1790/657/610 81/602/561 187/658/611
f 187/658/611 1204/655/608 1869/659/612
f 67/645/567 1810/660/613 1119/661/614
f 1016/545/508 168/564/478 63/546/478
f 1740/560/521 84/613/569 1005/547/509
f 189/559/520 1124/662/615 84/613/569
f 176/644/567 1133/663/616 1810/660/613
f 174/664/478 1080/665/617 66/605/478
f 991/515/479 169/544/478 1734/666/618
f 76/554/515 1814/609/566 1109/618/574
f 1200/667/619 181/668/567 72/669/567
f 1026/569/529 197/627/583 1750/570/530
f 1765/670/620 1888/671/621 191/672/622
f 191/672/622 1158/673/623 1844/674/624
f 177/612/567 1144/675/625 68/632/588
f 996/572/532 196/626/582 1725/676/626
f 1015/558/519 183/624/580 75/620/576
f 1815/677/627 69/678/567 176/644/567
f 85/571/531 1804/679/628 196/626/582
f 1789/680/629 1794/681/630 174/664/478
f 1085/682/631 174/664/478 1799/683/632
f 181/668/567 1205/684/633 1880/685/634
f 1875/686/635 1870/687/636 181/668/567
f 65/688/637 1769/689/638 1035/589/548
f 1744/690/639 62/691/640 170/580/478
f 194/548/510 1139/692/641 82/565/525
f 71/637/593 1850/693/642 179/694/643
f 1006/695/644 170/580/478 64/550/478
f 1021/696/645 171/588/547 62/691/640
f 175/697/567 1133/663/616 69/678/567
f 70/610/567 1820/698/646 175/697/567
f 1780/699/647 73/597/556 182/556/517
f 67/645/567 1865/652/605 1108/643/599
f 1860/700/648 72/669/567 180/650/567
f 172/701/649 1059/702/650 1769/689/638
f 1774/703/651 1764/704/652 172/701/649
f 1855/705/653 1845/706/654 1160/707/655
f 179/694/643 1176/708/656 1845/706/654
f 1790/657/610 1885/709/657 1090/710/658
f 1076/711/659 173/607/478 1784/513/477
f 77/594/553 1864/619/575 1195/648/602
f 187/658/611 1209/712/660 1885/709/657
f 1036/579/539 185/633/589 1755/567/527
f 1799/683/632 66/605/478 1076/711/659
f 72/669/567 1880/685/634 1194/651/604
f 178/616/572 1154/713/661 71/637/593
f 62/691/640 1754/590/549 1025/581/540
f 1725/676/626 80/542/506 1010/714/662
f 1123/715/663 177/612/567 1825/631/587
f 68/632/588 1835/716/664 178/616/572
f 1765/670/620 1892/717/665 1057/718/666
f 1759/719/667 65/688/637 171/588/547
f 188/573/533 1149/720/668 83/575/535
f 191/672/622 1175/721/669 1892/717/665
f 1734/666/618 63/546/478 1011/562/523
f 168/564/478 995/552/513 1724/561/522
f 1114/722/670 175/697/567 1805/723/671
f 1805/723/671 69/678/567 1128/724/672
f 173/607/478 1000/725/673 61/514/478
f 1031/726/674 172/701/649 65/688/637
f 1148/638/594 179/694/643 1855/705/653
f 1119/661/614 180/650/567 67/645/567
s 2
f 248/727/675 254/728/676 253/729/677
f 251/730/678 255/731/679 254/728/676
f 253/729/677 254/728/676 264/732/680
f 254/728/676 256/733/681 264/732/680
f 257/734/682 259/735/683 249/736/684
f 258/737/685 260/738/686 257/739/682
f 260/740/686 252/741/687 259/735/683
f 261/742/688 255/731/679 260/740/686
f 250/51/689 263/743/690 262/744/691
s 7
f 253/745/692 264/746/692 263/743/693
s 2
f 262/744/691 261/747/694 258/737/695
f 263/743/690 256/748/696 261/747/694
f 283/749/697 285/750/698 280/751/699
f 284/752/700 286/753/701 283/749/697
f 286/753/701 295/754/702 285/750/698
f 286/753/701 287/755/703 288/756/704
f 281/757/139 292/758/705 291/759/706
f 289/760/707 293/761/708 292/758/705
f 291/759/706 287/755/703 284/752/700
f 292/758/705 288/762/704 287/755/703
f 294/763/709 296/764/710 282/67/62
f 295/754/702 297/765/711 294/763/709
f 297/765/711 290/766/712 296/764/710
f 297/765/711 288/762/704 293/761/713
f 298/182/169 303/767/714 302/768/715
f 301/769/716 304/770/717 303/767/714
f 302/768/715 315/771/718 312/772/719
f 303/767/714 305/773/720 315/771/718
f 299/774/721 309/775/722 308/776/723
f 306/777/724 310/778/725 309/775/722
f 308/776/726 304/770/727 301/769/728
f 309/775/722 305/773/729 304/770/727
f 311/779/730 313/780/731 300/781/732
f 312/772/719 314/782/733 311/783/730
f 314/782/733 307/784/734 313/785/731
f 315/771/718 310/778/735 314/782/733
f 366/142/131 371/786/736 370/787/737
f 369/788/738 372/789/739 371/786/736
f 370/787/737 382/790/740 379/791/741
f 371/786/736 373/792/742 382/790/740
f 367/108/101 376/793/743 369/794/744
f 374/795/745 377/796/746 376/793/743
f 369/794/744 376/793/743 372/789/747
f 376/793/743 373/792/748 372/789/747
f 378/797/749 380/798/750 368/179/166
f 379/791/741 381/799/751 378/797/749
f 381/799/751 375/800/752 380/798/750
f 382/790/753 377/796/746 381/799/751
f 401/801/754 403/802/755 398/126/116
f 402/803/756 404/804/757 401/801/754
f 404/804/757 413/805/758 403/802/755
f 404/804/757 406/806/759 416/807/760
f 407/808/761 409/809/762 399/121/111
f 408/810/763 410/811/764 407/808/761
f 410/811/764 402/803/756 409/809/762
f 411/812/765 405/813/766 410/811/764
f 412/814/767 414/815/768 400/153/141
f 413/805/758 415/816/769 412/814/767
f 414/815/768 411/812/765 408/810/763
f 415/816/769 406/806/759 411/812/765
f 417/184/171 422/817/770 430/818/771
f 420/819/772 423/820/773 422/817/770
f 430/818/771 422/817/770 433/821/774
f 422/817/770 424/822/775 433/821/776
f 425/823/777 427/824/778 418/825/779
f 426/826/780 428/827/781 425/823/777
f 428/827/781 421/828/782 427/824/778
f 429/829/783 423/820/784 428/827/781
f 419/120/110 432/830/785 431/831/786
f 430/832/787 433/821/788 432/830/785
f 431/831/786 429/829/783 426/826/780
f 432/830/785 424/822/789 429/829/783
s 3
f 437/833/790 439/834/791 434/169/156
f 437/833/790 438/835/792 440/836/793
f 439/834/791 440/836/793 445/837/794
s 8
f 440/838/795 441/839/796 445/840/797
s 3
f 442/841/798 444/842/799 435/843/800
f 442/841/798 443/844/801 440/845/793
f 444/842/799 440/838/793 438/835/792
s 8
f 440/845/802 443/844/803 441/839/796
f 446/846/804 445/840/797 447/847/805
f 446/848/804 447/847/805 443/849/803
f 445/840/797 443/844/803 447/847/805
s 3
f 448/222/208 451/850/806 453/851/807
s 9
f 451/850/808 452/852/809 453/853/810
s 10
f 453/853/811 454/854/811 456/855/811
s 3
f 449/267/253 453/856/812 455/857/813
s 9
f 455/857/814 453/858/810 452/852/809
s 11
f 457/859/815 458/860/816 456/861/817
s 3
f 459/862/818 462/863/819 464/864/820
f 462/863/819 470/865/821 464/864/820
f 462/863/819 465/866/822 472/867/823
s 12
f 466/868/824 468/869/825 460/319/826
s 3
f 468/869/827 467/870/828 463/871/829
f 461/238/224 469/872/830 471/873/831
f 469/872/832 472/867/833 471/874/834
f 471/874/835 463/875/829 467/876/828
f 471/874/834 465/866/836 463/875/837
f 473/321/307 476/877/838 478/878/839
f 476/877/838 477/879/840 478/880/839
s 13
f 478/880/841 1896/3/841 483/2/841
s 3
f 478/881/839 479/882/842 1896/883/843
f 474/884/844 481/885/845 480/886/846
s 14
f 481/887/847 484/888/848 1896/883/849
s 3
f 481/885/850 477/879/840 480/886/851
f 485/347/333 488/889/852 489/890/853
s 15
f 489/891/854 490/892/854 495/893/854
s 3
f 486/894/855 493/895/856 492/896/857
s 16
f 493/897/858 491/898/859 495/899/859
s 17
f 492/896/860 489/891/861 488/900/862
f 493/895/863 490/892/864 489/891/861
s 18
f 494/901/865 496/902/866 487/198/867
s 3
f 500/903/868 502/904/869 497/905/870
f 500/903/868 501/906/871 503/907/872
f 502/904/869 503/908/872 509/909/873
f 503/907/872 501/906/871 504/910/874
f 506/911/875 507/912/876 505/913/877
f 505/914/877 507/912/876 501/915/871
f 507/912/876 504/910/874 501/906/871
f 508/916/878 510/917/879 499/265/251
f 509/909/873 511/918/880 508/916/878
f 511/918/880 506/911/875 510/917/879
f 511/918/880 503/908/872 504/919/874
f 512/920/881 515/921/882 517/922/883
s 19
f 515/923/884 516/924/884 520/925/884
s 20
f 516/926/885 519/927/886 518/928/887
s 3
f 514/273/259 521/929/888 522/930/889
s 21
f 517/931/890 522/932/891 521/929/892
s 22
f 522/932/893 520/925/893 516/926/894
s 21
f 522/932/891 515/933/895 520/925/896
s 3
f 526/934/897 528/935/898 523/295/281
f 526/934/897 527/936/899 529/937/900
f 528/935/898 529/938/900 535/939/901
f 529/937/900 527/936/899 530/940/902
f 532/941/903 531/942/904 533/943/905
f 532/944/903 533/943/905 527/945/899
f 531/942/904 527/936/899 533/943/905
f 534/946/906 536/947/907 525/286/272
f 535/939/901 537/948/908 534/946/906
f 536/947/907 537/948/908 531/949/904
f 537/948/908 530/940/902 531/942/904
f 538/950/909 541/951/910 542/952/911
s 23
f 545/953/912 543/954/913 541/955/914
s 3
f 540/293/279 546/956/915 547/957/916
s 24
f 546/956/917 541/958/918 547/959/919
s 25
f 547/959/920 1897/960/921 545/961/921
s 24
f 547/959/919 543/962/922 1897/960/923
s 3
f 548/283/269 554/963/924 553/964/925
f 552/965/926 554/963/924 551/966/927
f 554/963/924 562/967/928 553/964/925
f 554/963/924 555/968/929 565/969/930
s 4
f 549/254/240 559/970/931 558/971/932
f 556/972/933 560/973/934 559/970/931
f 558/971/932 555/974/935 552/975/936
s 26
f 559/970/937 565/976/938 555/974/939
s 3
f 561/977/940 563/978/941 550/302/288
f 562/967/928 564/979/942 561/977/940
f 564/979/942 557/980/943 563/978/941
f 564/979/942 565/981/944 560/982/945
f 569/983/946 571/984/947 566/246/232
f 570/985/948 572/986/949 569/983/946
f 572/986/949 580/987/950 571/984/947
f 572/986/949 573/988/951 583/989/952
s 4
f 567/292/278 577/990/953 576/991/954
f 574/992/955 578/993/956 577/990/953
f 576/994/954 573/988/957 570/985/958
s 27
f 577/995/959 583/996/960 573/988/961
s 3
f 579/997/962 581/998/963 568/263/249
f 580/987/950 582/999/964 579/997/962
f 582/999/964 575/1000/965 581/998/963
f 582/999/964 583/996/966 578/1001/967
f 587/1002/968 589/1003/969 584/278/264
f 588/1004/970 590/1005/971 587/1002/968
f 590/1005/971 599/1006/972 589/1003/969
f 590/1005/971 592/1007/973 602/1008/974
f 593/1009/975 595/1010/976 585/257/243
f 594/1011/977 596/1012/978 593/1009/975
f 596/1012/978 588/1004/970 595/1010/976
f 596/1012/978 592/1007/973 591/1013/979
f 598/1014/980 600/1015/981 586/305/291
f 599/1006/972 601/1016/982 598/1014/980
f 601/1016/982 594/1011/977 600/1015/981
f 601/1016/982 592/1007/973 597/1017/983
f 606/1018/984 608/1019/985 603/234/220
f 607/1020/986 609/1021/987 606/1018/984
f 609/1021/987 617/1022/988 608/1019/985
f 609/1021/987 610/1023/989 620/1024/990
s 4
f 604/303/289 614/1025/991 613/1026/992
f 611/1027/993 615/1028/994 614/1029/991
f 613/1026/992 610/1030/995 607/1031/996
s 28
f 614/1029/997 620/1032/998 610/1023/999
s 3
f 605/271/257 619/1033/1000 618/1034/1001
f 617/1022/988 619/1033/1000 616/1035/1002
f 619/1033/1000 612/1036/1003 618/1034/1001
f 619/1033/1000 620/1032/1004 615/1028/1005
f 621/284/270 627/1037/1006 626/1038/1007
f 624/1039/1008 625/1040/1009 627/1037/1006
f 626/1038/1007 637/1041/1010 634/1042/1011
f 627/1043/1006 628/1044/1012 637/1041/1010
f 622/312/298 627/1045/1013 631/1046/1014
f 629/1047/1015 632/1048/1016 627/1045/1013
f 631/1046/1014 627/1043/1013 625/1040/1017
f 627/1045/1013 632/1048/1016 628/1044/1012
f 633/1049/1018 635/1050/1019 623/1051/324
f 634/1042/1011 636/1052/1020 633/1049/1018
f 636/1052/1020 630/1053/1021 635/1050/1019
f 637/1041/1010 632/1048/1016 636/1052/1020
f 641/1054/1022 643/1055/1023 638/324/310
f 642/1056/1024 644/1057/1025 641/1054/1022
f 644/1057/1025 652/1058/1026 643/1055/1023
f 644/1057/1025 645/1059/1027 655/1060/1028
f 646/1061/1029 648/1062/1030 639/1063/325
f 647/1064/1031 649/1065/1032 646/1061/1029
f 649/1065/1032 642/1056/1024 648/1062/1030
f 650/1066/1033 645/1059/1027 649/1065/1032
f 651/1067/1034 653/1068/1035 640/310/296
f 652/1058/1026 654/1069/1036 651/1067/1034
f 654/1069/1036 647/1064/1031 653/1068/1035
f 654/1069/1036 655/1070/1028 650/1066/1033
f 656/323/309 662/1071/1037 661/1072/1038
f 659/1073/1039 663/1074/1040 662/1071/1037
f 661/1072/1038 662/1075/1037 669/1076/1041
f 664/1077/1042 666/1078/1043 657/1079/213
f 665/1080/1044 667/1081/1045 664/1077/1042
f 667/1081/1046 660/1082/1047 666/1078/1043
f 658/313/299 671/1083/1048 670/1084/1049
s 29
f 668/1085/1050 662/1075/1051 671/1083/1052
s 3
f 670/1084/1049 663/1086/1053 665/1080/1044
s 29
f 671/1083/1052 662/1075/1051 663/1086/1054
s 3
f 675/1087/1055 677/1088/1056 672/228/214
f 676/1089/1057 678/1090/1058 675/1087/1055
f 678/1090/1058 686/1091/1059 677/1088/1056
f 678/1090/1058 679/1092/1060 689/1093/1061
f 680/1094/1062 682/1095/1063 673/317/303
f 681/1096/1064 683/1097/1065 680/1094/1062
f 683/1097/1065 676/1089/1057 682/1095/1063
f 683/1097/1065 684/1098/1066 679/1099/1060
f 685/1100/1067 687/1101/1068 674/1102/312
f 686/1091/1059 688/1103/1069 685/1100/1067
f 688/1103/1069 681/1096/1064 687/1101/1068
f 689/1093/1061 684/1098/1066 688/1103/1069
f 690/344/330 696/1104/1070 695/1105/1071
f 693/1106/1072 697/1107/1073 696/1104/1070
f 695/1105/1071 708/1108/1074 705/1109/1075
f 696/1104/1070 698/1110/1076 708/1108/1074
f 699/1111/1077 701/1112/1078 691/1113/316
f 700/1114/1079 702/1115/1080 699/1111/1077
f 702/1115/1080 694/1116/1081 701/1112/1078
f 703/1117/1082 697/1107/1083 702/1115/1080
f 692/1118/1084 707/1119/1085 706/1120/1086
f 704/1121/1087 708/1108/1088 707/1119/1085
f 706/1120/1086 703/1117/1089 700/1114/1079
f 707/1119/1085 698/1110/1090 703/1117/1089
f 709/215/201 714/1122/1091 713/1123/1092
f 712/1124/1093 715/1125/1094 714/1122/1091
f 713/1123/1092 726/1126/1095 723/1127/1096
f 714/1122/1091 716/1128/1097 726/1126/1095
f 710/318/304 720/1129/1098 719/1130/1099
f 717/1131/1100 721/1132/1101 720/1129/1098
f 719/1130/1102 715/1125/1103 712/1124/1104
f 720/1129/1098 716/1128/1105 715/1125/1103
f 722/1133/1106 724/1134/1107 711/1135/329
f 723/1127/1096 725/1136/1108 722/1133/1106
f 725/1136/1108 718/1137/1109 724/1134/1107
f 726/1126/1095 721/1132/1110 725/1136/1108
f 727/348/334 733/1138/1111 732/1139/1112
f 730/1140/1113 734/1141/1114 733/1138/1111
f 732/1139/1112 733/1138/1111 744/1142/1115
f 733/1138/1111 735/1143/1116 744/1142/1115
f 736/1144/1117 738/1145/1118 728/1146/204
f 737/1147/1119 739/1148/1120 736/1144/1117
f 739/1148/1120 731/1149/1121 738/1145/1118
f 740/1150/1122 734/1141/1114 739/1148/1120
f 729/309/295 743/1151/1123 742/1152/1124
f 741/1153/1125 744/1142/1126 743/1151/1123
f 742/1152/1124 740/1150/1122 737/1147/1119
f 743/1151/1123 735/1143/1116 740/1150/1122
f 748/1154/1127 750/1155/1128 745/1156/1129
f 749/1157/1130 751/1158/1131 748/1154/1127
f 751/1158/1131 759/1159/1132 750/1155/1128
f 751/1158/1131 752/1160/1133 762/1161/1134
f 753/1162/1135 755/1163/1136 746/306/292
f 754/1164/1137 756/1165/1138 753/1162/1135
f 756/1165/1138 749/1157/1130 755/1163/1136
f 756/1165/1138 757/1166/1139 752/1167/1133
f 758/1168/1140 760/1169/1141 747/1170/192
f 759/1159/1132 761/1171/1142 758/1168/1140
f 761/1171/1142 754/1164/1137 760/1169/1141
f 762/1161/1134 757/1166/1139 761/1171/1142
f 763/204/190 769/1172/1143 768/1173/1144
s 30
f 766/1174/1145 767/1175/1146 769/1172/1147
s 3
f 768/1173/1144 779/1176/1148 776/1177/1149
f 769/1178/1143 770/1179/1150 779/1176/1148
f 764/308/294 774/1180/1151 773/1181/1152
f 771/1182/1153 779/1183/1154 774/1180/1155
f 774/1180/1155 767/1175/1156 773/1181/1157
f 774/1180/1155 770/1179/1158 769/1178/1159
f 775/1184/1160 777/1185/1161 765/1186/320
f 776/1177/1149 778/1187/1162 775/1184/1160
f 778/1187/1163 772/1188/1164 777/1185/1161
s 5
f 830/1189/1165 836/1190/1166 835/1191/1167
f 833/1192/1168 837/1193/1169 836/1190/1166
f 835/1191/1167 836/1190/1166 847/1194/1170
f 836/1190/1166 838/1195/1171 847/1194/1170
f 839/1196/1172 841/1197/1173 831/1198/1174
f 840/1199/1175 842/1200/1176 839/1196/1172
f 842/1200/1176 834/1201/1177 841/1197/1173
f 843/1202/1178 837/1193/1169 842/1200/1176
f 832/396/377 846/1203/1179 845/1204/1180
f 844/1205/1181 847/1194/1182 846/1206/1179
f 845/1207/1180 843/1202/1183 840/1199/1184
f 846/1206/1179 838/1195/1185 843/1202/1183
f 868/526/490 873/1208/1186 872/1209/1187
f 871/1210/1188 874/1211/1189 873/1208/1186
f 872/1209/1187 885/1212/1190 882/1213/1191
f 873/1208/1186 875/1214/1192 885/1212/1190
f 869/1215/1193 879/1216/1194 878/1217/1195
f 876/1218/1196 880/1219/1197 879/1220/1194
f 878/1221/1198 874/1211/1199 871/1210/1200
f 879/1220/1194 875/1214/1201 874/1211/1199
f 881/1222/1202 883/1223/1203 870/1224/1204
f 882/1213/1191 884/1225/1205 881/1222/1202
f 884/1225/1205 877/1226/1206 883/1223/1203
f 885/1212/1190 880/1219/1207 884/1225/1205
f 936/486/453 941/1227/1208 940/1228/1209
f 939/1229/1210 942/1230/1211 941/1227/1208
f 940/1228/1209 952/1231/1212 949/1232/1213
f 941/1227/1208 943/1233/1214 952/1231/1212
f 937/453/428 946/1234/1215 939/1235/1216
f 944/1236/1217 947/1237/1218 946/1234/1215
f 939/1235/1216 946/1234/1215 942/1230/1219
f 946/1234/1215 943/1233/1220 942/1230/1219
f 948/1238/1221 950/1239/1222 938/523/487
f 949/1232/1213 951/1240/1223 948/1238/1221
f 951/1240/1223 945/1241/1224 950/1239/1222
f 952/1231/1225 947/1237/1218 951/1240/1223
f 973/528/492 979/1242/1226 978/1243/1227
f 976/1244/1228 980/1245/1229 979/1242/1226
f 978/1243/1227 979/1242/1226 989/1246/1230
f 979/1242/1226 981/1247/1231 989/1246/1230
f 982/1248/1232 984/1249/1233 974/1250/1234
f 983/1251/1235 985/1252/1236 982/1248/1232
f 985/1252/1236 977/1253/1237 984/1249/1233
f 986/1254/1238 980/1255/1239 985/1252/1236
f 975/465/437 988/1256/1240 987/1257/1241
f 978/1258/1242 989/1259/1243 988/1256/1240
f 987/1257/1241 986/1254/1238 983/1251/1235
f 988/1256/1240 981/1260/1244 986/1254/1238
s 6
f 1040/1261/1245 1045/1262/1246 1053/1263/1247
f 1043/1264/1248 1046/1265/1249 1045/1262/1246
f 1053/1263/1247 1045/1262/1246 1056/1266/1250
f 1045/1262/1246 1047/1267/1251 1056/1266/1250
f 1048/1268/1252 1050/1269/1253 1041/1270/1254
f 1049/1271/1255 1051/1272/1256 1048/1273/1252
f 1051/1274/1256 1044/1275/1257 1050/1269/1253
f 1052/1276/1258 1046/1265/1249 1051/1274/1256
f 1042/585/544 1055/1277/1259 1054/1278/1260
f 1053/1279/1261 1056/1280/1262 1055/1277/1259
f 1054/1278/1260 1052/1281/1263 1049/1271/1255
f 1055/1277/1259 1047/1282/1264 1052/1281/1263
f 1060/1283/1265 1062/1284/1266 1057/718/666
f 1061/1285/1267 1063/1286/1268 1060/1283/1265
f 1063/1286/1268 1071/1287/1269 1062/1284/1266
f 1063/1286/1268 1064/1288/1270 1074/1289/1271
f 1065/1290/1272 1067/1291/1273 1058/1292/545
f 1066/1293/1274 1068/1294/1275 1065/1290/1272
f 1067/1291/1273 1064/1295/1270 1061/1285/1267
f 1068/1294/1275 1069/1296/1276 1064/1295/1270
f 1059/702/650 1073/1297/1277 1072/1298/1278
f 1070/1299/1279 1074/1289/1280 1073/1297/1277
f 1072/1298/1278 1069/1296/1281 1066/1293/1282
f 1073/1297/1283 1064/1288/1270 1069/1296/1276
f 1090/1300/658 1095/1301/1284 1094/1302/1285
f 1093/1303/1286 1096/1304/1287 1095/1301/1284
f 1094/1302/1285 1107/1305/1288 1104/1306/1289
f 1095/1301/1284 1097/1307/1290 1107/1305/1288
f 1091/1308/1291 1101/1309/1292 1100/1310/1293
f 1098/1311/1294 1102/1312/1295 1101/1309/1292
f 1100/1310/1296 1096/1313/1297 1093/1314/1298
f 1101/1309/1292 1097/1315/1299 1096/1313/1297
f 1103/1316/1300 1105/1317/1301 1092/1318/1302
f 1104/1306/1289 1106/1319/1303 1103/1316/1300
f 1106/1319/1303 1099/1320/1304 1105/1317/1301
f 1107/1305/1288 1102/1321/1305 1106/1319/1303
f 1158/673/623 1163/1322/1306 1162/1323/1307
f 1161/1324/1308 1164/1325/1309 1163/1322/1306
f 1162/1323/1307 1174/1326/1310 1171/1327/1311
f 1163/1322/1306 1165/1328/1312 1174/1326/1310
f 1159/642/598 1168/1329/1313 1161/1330/1314
f 1166/1331/1315 1169/1332/1316 1168/1329/1313
f 1161/1333/1314 1168/1334/1313 1164/1325/1317
f 1168/1329/1313 1165/1335/1318 1164/1336/1319
f 1170/1337/1320 1172/1338/1321 1160/707/655
f 1171/1327/1311 1173/1339/1322 1170/1340/1320
f 1173/1341/1322 1167/1342/1323 1172/1338/1321
f 1174/1326/1324 1169/1343/1316 1173/1339/1322
f 1178/1344/1325 1180/1345/1326 1175/721/669
f 1179/1346/1327 1181/1347/1328 1178/1344/1325
f 1181/1347/1328 1190/1348/1329 1180/1345/1326
f 1181/1347/1328 1183/1349/1330 1193/1350/1331
f 1184/1351/1332 1186/1352/1333 1176/708/656
f 1184/1351/1332 1188/1353/1334 1187/1354/1335
f 1187/1355/1335 1179/1346/1327 1186/1356/1333
f 1187/1355/1335 1183/1349/1330 1182/1357/1336
f 1189/1358/1337 1191/1359/1338 1177/1360/1339
f 1190/1348/1329 1192/1361/1340 1189/1358/1337
f 1192/1362/1340 1185/1363/1341 1191/1364/1338
f 1193/1350/1331 1188/1365/1334 1192/1361/1340
f 1209/712/660 1214/1366/1342 1222/1367/1343
f 1212/1368/1344 1215/1369/1345 1214/1366/1342
f 1222/1367/1343 1214/1366/1342 1225/1370/1346
f 1214/1366/1342 1216/1371/1347 1225/1370/1348
f 1217/1372/1349 1219/1373/1350 1210/1374/1351
f 1218/1375/1352 1220/1376/1353 1217/1372/1349
f 1220/1376/1353 1213/1377/1354 1219/1373/1350
f 1221/1378/1355 1215/1369/1356 1220/1376/1353
f 1211/654/607 1224/1379/1357 1223/1380/1358
f 1222/1381/1359 1225/1370/1360 1224/1379/1357
f 1223/1380/1358 1221/1378/1355 1218/1375/1352
f 1224/1379/1357 1216/1371/1361 1221/1378/1355
s 2
f 219/28/25 1229/1382/1362 222/1383/1363
f 222/1384/1363 1230/1385/1364 221/1386/1365
f 221/1386/1366 1231/1387/1367 220/1388/1368
f 1231/1387/1367 218/186/173 220/1388/1368
f 1227/27/24 205/1389/1369 1229/1382/1362
f 1229/1390/1362 206/1391/1370 1230/1385/1364
f 1230/1385/1371 207/1392/1372 1231/1387/1367
f 207/1392/1372 1228/145/134 1231/1387/1367
f 1232/64/59 227/1393/1373 224/11/10
f 1234/1394/1374 226/1395/1375 227/1396/1373
f 1235/1397/1376 225/1398/1377 226/1395/1378
f 225/1398/1377 1233/122/112 223/24/21
f 208/196/182 1234/1399/1374 1232/64/59
f 210/1400/1379 1235/1397/1380 1234/1394/1374
f 211/1401/1381 1236/1402/1382 1235/1397/1376
f 1236/1402/1382 209/21/18 1233/122/112
f 1237/134/124 202/1403/1383 199/6/6
f 1239/1404/1384 201/1405/1385 202/1406/1383
f 1240/1407/1386 200/1408/1387 201/1405/1388
f 200/1408/1387 1238/7/7 198/19/16
f 219/28/25 1239/1409/1384 1237/134/124
f 222/1384/1363 1240/1407/1389 1239/1404/1384
f 221/1386/1366 1241/1410/1390 1240/1407/1386
f 1241/1410/1390 218/186/173 1238/7/7
f 214/164/152 1244/1411/1391 217/1412/1392
f 217/1413/1392 1245/1414/1393 216/1415/1394
f 216/1415/1395 1246/1416/1396 215/1417/1397
f 1246/1416/1396 213/13/11 215/1417/1397
f 1242/29/26 227/1393/1373 1244/1411/1391
f 1244/1418/1391 226/1395/1375 1245/1414/1393
f 1245/1414/1398 225/1398/1377 1246/1416/1396
f 225/1398/1377 1243/26/23 1246/1416/1396
f 229/1419/153 1249/1420/1399 232/1421/1400
f 232/1421/1400 1250/1422/1401 231/1423/1402
f 231/1423/1403 1251/1424/1404 230/1425/1405
f 1251/1424/1404 228/32/28 230/1425/1405
f 1247/159/147 217/1412/1392 1249/1426/1399
f 1249/1420/1399 216/1415/1394 1250/1422/1401
f 1250/1422/1406 215/1417/1397 1251/1424/1404
f 215/1417/1397 1248/15/13 1251/1424/1404
f 203/18/15 1254/1427/1407 205/1389/1369
f 205/1428/1369 1255/1429/1408 206/1391/1370
f 206/1391/1409 1256/1430/1410 207/1392/1372
f 1256/1430/1410 204/38/34 207/1392/1372
f 1252/17/14 235/1431/1411 1254/1427/1407
f 1254/1432/1407 236/1433/1412 1255/1429/1408
f 1255/1429/1413 237/1434/1414 1256/1430/1410
f 237/1434/1414 1253/36/32 1256/1430/1410
f 233/47/42 1259/1435/1415 235/1431/1411
f 235/1436/1411 1260/1437/1416 236/1433/1412
f 236/1433/1417 1261/1438/1418 237/1434/1414
f 1261/1438/1418 234/35/31 237/1434/1414
f 1257/56/51 245/1439/1419 1259/1435/1415
f 1259/1440/1415 246/1441/1420 1260/1437/1416
f 1260/1437/1421 247/1442/1422 1261/1438/1418
f 247/1442/1422 1258/33/29 1261/1438/1418
f 239/1443/183 1264/1444/1423 242/1445/1424
f 242/1445/1424 1265/1446/1425 241/1447/1426
f 241/1447/1427 1266/1448/1428 240/1449/1429
f 1266/1448/1428 238/42/38 240/1449/1429
f 1262/1450/176 232/1421/1400 1264/1444/1423
f 1264/1444/1423 231/1423/1402 1265/1446/1425
f 1265/1446/1430 230/1425/1405 1266/1448/1428
f 230/1425/1405 1263/40/36 1266/1448/1428
f 1267/176/163 269/1451/1431 266/174/161
f 1269/1452/1432 268/1453/1433 269/1451/1431
f 1270/1454/1434 267/1455/1435 268/1453/1433
f 1271/1456/1436 265/52/47 267/1457/1435
f 249/736/684 1269/1452/1432 1267/176/163
f 259/735/683 1270/1454/1434 1269/1452/1432
f 252/741/687 1271/1458/1436 1270/1454/1434
f 251/730/678 1268/138/128 1271/1458/1436
f 243/55/50 1274/1459/1437 245/1439/1419
f 245/1460/1419 1275/1461/1438 246/1441/1420
f 246/1441/1439 1276/1462/1440 247/1442/1422
f 247/1442/1422 1273/43/39 244/45/41
f 1272/158/146 269/1451/1431 1274/1459/1437
f 1274/1459/1441 268/1453/1433 1275/1463/1438
f 1275/1461/1442 267/1457/1435 1276/1462/1440
f 267/1457/1435 1273/43/39 1276/1462/1440
f 249/1464/684 1279/1465/1443 257/739/682
f 257/739/682 1280/1466/1444 258/737/685
f 258/737/695 1281/1467/1445 262/744/691
f 262/744/691 1278/49/44 250/51/46
f 1277/1468/162 242/1445/1424 1279/1465/1443
f 1279/1465/1443 241/1447/1426 1280/1466/1444
f 1280/1466/1446 240/1449/1429 1281/1467/1445
f 1281/1467/1445 238/42/38 1278/49/44
f 1282/72/67 210/1469/1379 208/196/182
f 1284/1470/1447 211/1401/1448 210/1400/1379
f 1285/1471/1449 212/1472/1450 211/1401/1381
f 212/1472/1450 1283/168/155 209/21/18
f 275/133/123 1284/1473/1447 1282/72/67
f 277/1474/1451 1285/1471/1452 1284/1470/1447
f 278/1475/1453 1286/1476/1454 1285/1471/1449
f 1286/1476/1454 276/61/56 1283/168/155
f 1287/4/4 274/1477/1455 271/183/170
f 1289/1478/1456 273/1479/1457 274/1480/1455
f 1290/1481/1458 272/1482/1459 273/1479/1460
f 272/1482/1459 1288/57/52 270/59/54
f 199/6/6 1289/1483/1456 1287/4/4
f 202/1406/1383 1290/1481/1461 1289/1478/1456
f 201/1405/1388 1291/1484/1462 1290/1481/1458
f 1291/1484/1462 198/19/16 1288/57/52
f 300/781/732 1294/1485/1463 311/779/730
f 311/783/730 1295/1486/1464 312/772/719
f 312/772/719 1296/1487/1465 302/768/715
f 302/768/715 1293/123/113 298/182/169
f 1292/149/137 291/1488/706 1294/1485/1463
f 1294/1489/1463 284/752/700 1295/1486/1464
f 1295/1486/1464 283/749/697 1296/1487/1465
f 1296/1487/1465 280/751/699 1293/123/113
f 1297/150/138 277/1490/1451 275/133/123
f 1299/1491/1466 278/1475/1467 277/1474/1451
f 1300/1492/1468 279/1493/1469 278/1475/1453
f 1301/1494/1470 276/61/56 279/1493/1469
f 300/781/732 1299/1495/1466 1297/150/138
f 313/785/731 1300/1492/1471 1299/1491/1466
f 307/784/1472 1301/1494/1470 1300/1492/1468
f 306/777/724 1298/69/64 1301/1494/1470
f 1302/152/140 289/1496/707 281/151/139
f 1304/1497/1473 290/766/1474 289/760/707
f 1305/1498/1475 296/764/710 290/766/712
f 1306/1499/1476 282/67/62 296/764/710
f 271/183/170 1304/1500/1473 1302/152/140
f 274/1480/1455 1305/1498/1477 1304/1497/1473
f 273/1479/1460 1306/1499/1476 1305/1498/1475
f 272/1482/1459 1303/65/60 1306/1499/1476
f 1307/148/136 340/1501/1478 337/74/68
f 1309/1502/1479 339/1503/1480 340/1501/1478
f 1310/1504/1481 338/1505/1482 339/1503/1480
f 1311/1506/1483 336/195/181 338/1505/1482
f 321/94/87 1309/1502/1479 1307/148/136
f 323/1507/1484 1310/1504/1481 1309/1502/1479
f 324/1508/1485 1311/1506/1483 1310/1504/1481
f 325/1509/1486 1308/194/180 1311/1506/1483
f 342/88/81 1314/1510/1487 345/1511/1488
f 345/1511/1488 1315/1512/1489 344/1513/1490
f 344/1513/1490 1316/1514/1491 343/1515/1492
f 343/1515/1492 1313/128/118 341/131/121
f 1312/87/80 328/1516/1493 1314/1510/1487
f 1314/1510/1487 329/1517/1494 1315/1512/1489
f 1315/1512/1489 330/1518/1495 1316/1514/1491
f 1316/1514/1491 327/129/119 1313/128/118
f 317/84/77 1319/1519/1496 320/1520/1497
f 320/1520/1497 1320/1521/1498 319/1522/1499
f 319/1522/1499 1321/1523/1500 318/1524/1501
f 318/1524/1501 1318/146/135 316/109/102
f 1317/75/69 340/1501/1478 1319/1519/1496
f 1319/1519/1496 339/1503/1480 1320/1521/1498
f 1320/1521/1498 338/1505/1482 1321/1523/1500
f 1321/1523/1500 336/195/181 1318/146/135
f 1322/89/82 335/1525/1502 332/130/120
f 1324/1526/1503 334/1527/1504 335/1525/1502
f 1325/1528/1505 333/1529/1506 334/1527/1504
f 1326/1530/1507 331/187/174 333/1529/1506
f 342/88/81 1324/1526/1503 1322/89/82
f 345/1511/1488 1325/1528/1505 1324/1526/1503
f 344/1513/1490 1326/1530/1507 1325/1528/1505
f 343/1515/1492 1323/167/154 1326/1530/1507
f 1327/80/73 350/1531/1508 347/161/149
f 1329/1532/1509 349/1533/1510 350/1531/1508
f 1330/1534/1511 348/1535/1512 349/1533/1510
f 1331/1536/1513 346/81/74 348/1535/1512
f 332/130/120 1329/1532/1509 1327/80/73
f 335/1525/1502 1330/1534/1511 1329/1532/1509
f 334/1527/1504 1331/1536/1513 1330/1534/1511
f 333/1529/1506 1328/97/90 1331/1536/1513
f 1332/95/88 323/1507/1484 321/94/87
f 1334/1537/1514 324/1508/1485 323/1507/1484
f 1335/1538/1515 325/1509/1486 324/1508/1485
f 1336/1539/1516 322/193/179 325/1509/1486
f 351/100/93 1334/1537/1514 1332/95/88
f 353/1540/1517 1335/1538/1515 1334/1537/1514
f 354/1541/1518 1336/1539/1516 1335/1538/1515
f 355/1542/1519 1333/77/71 1336/1539/1516
f 1337/101/94 353/1540/1517 351/100/93
f 1339/1543/1520 354/1541/1518 353/1540/1517
f 1340/1544/1521 355/1542/1519 354/1541/1518
f 1341/1545/1522 352/144/133 355/1542/1519
f 361/105/98 1339/1543/1520 1337/101/94
f 363/1546/1523 1340/1544/1521 1339/1543/1520
f 364/1547/1524 1341/1545/1522 1340/1544/1521
f 365/1548/1525 1338/188/175 1341/1545/1522
f 1342/96/89 360/1549/1526 357/191/177
f 1344/1550/1527 359/1551/1528 360/1549/1526
f 1345/1552/1529 358/1553/1530 359/1551/1528
f 1346/1554/1531 356/104/97 358/1553/1530
f 347/161/149 1344/1550/1527 1342/96/89
f 350/1531/1508 1345/1552/1529 1344/1550/1527
f 349/1533/1510 1346/1554/1531 1345/1552/1529
f 348/1535/1512 1343/83/76 1346/1554/1531
f 384/192/178 1349/1555/1532 387/1556/1533
f 387/1556/1533 1350/1557/1534 386/1558/1535
f 386/1558/1535 1351/1559/1536 385/1560/1537
f 385/1560/1537 1348/178/165 383/180/167
f 1347/143/132 370/787/737 1349/1555/1532
f 1349/1555/1532 379/791/741 1350/1557/1534
f 1350/1557/1534 378/797/749 1351/1559/1536
f 1351/1559/1536 368/179/166 1348/178/165
f 1352/107/100 363/1546/1523 361/105/98
f 1354/1561/1538 364/1547/1524 363/1546/1523
f 1355/1562/1539 365/1548/1525 364/1547/1524
f 1356/1563/1540 362/185/172 365/1548/1525
f 384/192/178 1354/1561/1538 1352/107/100
f 387/1556/1533 1355/1562/1539 1354/1561/1538
f 386/1558/1535 1356/1563/1540 1355/1562/1539
f 385/1560/1537 1353/162/150 1356/1563/1540
f 1357/102/95 374/795/745 367/108/101
f 1359/1564/1541 375/800/752 374/795/745
f 1360/1565/1542 380/798/750 375/800/752
f 1361/1566/1543 368/179/166 380/798/750
f 357/191/177 1359/1564/1541 1357/102/95
f 360/1549/1526 1360/1565/1542 1359/1564/1541
f 359/1551/1528 1361/1566/1543 1360/1565/1542
f 358/1553/1530 1358/177/164 1361/1566/1543
f 326/91/84 1364/1567/1544 328/1516/1493
f 328/1516/1493 1365/1568/1545 329/1517/1494
f 329/1517/1494 1366/1569/1546 330/1518/1495
f 330/1518/1495 1363/172/159 327/129/119
f 1362/112/103 395/1570/1547 1364/1567/1544
f 1364/1567/1544 396/1571/1548 1365/1568/1545
f 1365/1568/1545 397/1572/1549 1366/1569/1546
f 1366/1569/1546 394/135/125 1363/172/159
f 389/114/105 1369/1573/1550 392/1574/1551
f 392/1574/1551 1370/1575/1552 391/1576/1553
f 391/1576/1553 1371/1577/1554 390/1578/1555
f 390/1578/1555 1368/118/108 388/117/107
f 1367/85/78 320/1520/1497 1369/1573/1550
f 1369/1573/1550 319/1522/1499 1370/1575/1552
f 1370/1575/1552 318/1524/1501 1371/1577/1554
f 1371/1577/1554 316/109/102 1368/118/108
f 1372/127/117 420/819/772 417/184/171
f 1374/1579/1556 421/828/782 420/819/772
f 1375/1580/1557 427/824/778 421/828/782
f 1376/1581/1558 418/825/779 427/824/778
f 398/126/116 1374/1579/1556 1372/127/117
f 403/802/755 1375/1580/1557 1374/1579/1556
f 413/805/758 1376/1581/1558 1375/1580/1557
f 412/814/767 1373/156/144 1376/1581/1558
f 393/113/104 1379/1582/1559 395/1570/1547
f 395/1570/1547 1380/1583/1560 396/1571/1548
f 396/1571/1548 1381/1584/1561 397/1572/1549
f 397/1572/1549 1378/155/143 394/135/125
f 1377/119/109 431/831/786 1379/1582/1559
f 1379/1582/1559 426/826/780 1380/1583/1560
f 1380/1583/1560 425/823/777 1381/1584/1561
f 1381/1584/1561 418/825/779 1378/155/143
f 399/121/111 1384/1585/1562 407/808/761
f 407/808/761 1385/1586/1563 408/810/763
f 408/810/763 1386/1587/1564 414/815/768
f 414/815/768 1383/154/142 400/153/141
f 1382/115/106 392/1574/1551 1384/1585/1562
f 1384/1585/1562 391/1576/1553 1385/1586/1563
f 1385/1586/1563 390/1578/1555 1386/1587/1564
f 1386/1587/1564 388/117/107 1383/154/142
f 1387/68/63 294/763/709 282/67/62
f 1389/1588/1565 295/754/702 294/763/709
f 1390/1589/1566 285/750/698 295/754/702
f 1391/1590/1567 280/751/699 285/750/698
f 399/121/111 1389/1588/1565 1387/68/63
f 409/809/762 1390/1589/1566 1389/1588/1565
f 402/803/756 1391/1590/1567 1390/1589/1566
f 401/801/754 1388/124/114 1391/1590/1567
f 419/120/110 1394/1591/1568 430/1592/787
s 31
f 430/1592/1569 1394/1591/1570 1395/1593/1571
s 2
f 430/818/771 1393/181/168 417/184/171
f 1392/70/65 308/776/1572 1394/1591/1568
s 31
f 1394/1591/1570 301/769/1573 1395/1593/1571
s 2
f 1395/1594/1574 298/182/169 1393/181/168
f 1396/50/45 253/1595/1575 250/51/46
f 1398/1596/1576 248/727/675 253/729/677
f 367/108/101 1398/1597/1577 1396/50/45
f 369/1598/738 1397/139/129 1398/1596/1576
s 3
f 568/263/249 1401/1599/1578 579/997/962
f 579/997/962 1402/1600/1579 580/987/950
f 1402/1600/1579 571/984/947 580/987/950
f 1403/1601/1580 566/246/232 571/984/947
f 1399/262/248 589/1003/969 1401/1599/1578
f 1401/1599/1578 599/1006/972 1402/1600/1579
f 599/1006/972 1403/1601/1580 1402/1600/1579
f 598/1014/980 1400/264/250 1403/1601/1580
f 1404/256/242 593/1009/975 585/257/243
f 1406/1602/1581 594/1011/977 593/1009/975
f 594/1011/977 1408/1603/1582 600/1015/981
f 600/1015/981 1405/243/229 586/305/291
f 603/234/220 1406/1602/1581 1404/256/242
f 608/1019/985 1407/1604/1583 1406/1602/1581
f 1407/1604/1583 616/1035/1002 1408/1603/1582
f 1408/1603/1582 605/271/257 1405/243/229
s 4
f 1409/291/277 611/1605/993 604/303/289
f 1411/1606/1584 612/1036/1585 611/1027/993
f 612/1036/1585 1412/1607/1586 618/1034/1587
s 3
f 1412/1607/1588 605/271/257 618/1034/1001
s 4
f 1409/291/277 576/991/954 1411/1608/1589
f 1411/1606/1584 570/985/958 1412/1609/1586
f 1412/1609/1586 570/985/958 569/983/1590
s 3
f 1412/1607/1588 566/246/232 1410/245/231
f 550/302/288 1415/1610/1591 561/977/940
f 561/977/940 1416/1611/1592 562/967/928
f 1416/1611/1592 553/964/925 562/967/928
f 1417/1612/1593 548/283/269 553/964/925
f 1413/298/284 595/1010/976 1415/1610/1591
f 1415/1610/1591 588/1004/970 1416/1611/1592
f 588/1004/970 1417/1612/1593 1416/1611/1592
f 587/1002/968 1414/277/263 1417/1612/1593
s 4
f 1418/252/238 574/992/955 567/292/278
f 1420/1613/1594 575/1614/1595 574/992/955
f 575/1000/1595 1421/1615/1596 581/998/1597
s 3
f 1421/1615/1598 568/263/249 581/998/963
s 4
f 1418/252/238 558/971/932 1420/1613/1599
f 1420/1613/1594 552/975/936 1421/1616/1596
s 3
f 1421/1617/1600 552/965/926 551/966/927
f 1421/1615/1598 548/283/269 1419/231/217
s 4
f 1422/253/239 556/972/933 549/254/240
f 1424/1618/1601 557/1619/1602 556/972/933
s 3
f 1425/1620/1603 563/1621/941 557/1619/943
f 1426/1622/1604 550/302/288 563/978/941
s 4
f 1422/253/239 613/1026/992 1424/1618/1601
f 1424/1618/1601 607/1031/996 1425/1620/1605
s 3
f 1425/1620/1603 606/1623/984 1426/1624/1606
f 1426/1622/1604 603/234/220 1423/233/219
f 459/862/818 1429/1625/1607 462/1626/819
f 462/1626/819 1430/1627/1608 463/871/829
f 463/871/829 1431/1628/1609 468/869/827
f 468/869/827 1428/249/235 460/319/305
f 434/169/156 1429/1625/1607 1427/212/198
f 439/834/791 1430/1627/1608 1429/1625/1607
f 445/837/794 1431/1628/1609 1430/1627/1608
f 446/846/1610 1428/249/235 1431/1628/1609
f 1432/261/247 482/1629/1611 475/219/205
f 1434/1630/1612 483/2/1613 482/1629/1611
f 1435/1631/1614 478/878/839 483/2/1613
f 1436/1632/1615 473/321/307 478/878/839
f 1432/261/247 446/848/1610 1434/1630/1612
f 1434/1630/1612 443/849/801 1435/1631/1614
f 1435/1631/1614 442/841/798 1436/1632/1615
f 1436/1632/1615 435/843/800 1433/239/225
f 1437/320/306 466/868/1616 460/319/305
f 1439/1633/1617 467/876/1618 466/868/1616
f 1440/1634/1619 471/873/831 467/876/1618
f 1441/1635/1620 461/238/224 471/873/831
f 1437/320/306 482/1636/1611 1439/1633/1617
f 1439/1633/1617 484/888/1621 1440/1634/1619
f 1440/1634/1619 481/887/845 1441/1635/1620
f 1441/1635/1620 474/884/844 1438/236/222
f 497/905/870 1444/1637/1622 500/903/868
f 500/903/868 1445/1638/1623 501/915/871
f 501/915/871 1446/1639/1624 505/914/877
f 505/914/877 1443/281/267 498/325/311
f 448/222/208 1444/1637/1622 1442/300/286
f 453/851/1625 1445/1638/1623 1444/1637/1622
f 456/855/1626 1446/1639/1624 1445/1638/1623
f 457/1640/1627 1443/281/267 1446/1639/1624
f 512/920/881 1449/1641/1628 515/923/882
f 515/923/882 1450/1642/1629 516/924/1630
f 516/924/1631 1451/1643/1632 518/1644/1633
f 518/1644/1633 1448/341/327 513/209/195
f 499/265/251 1449/1641/1628 1447/274/260
f 510/917/879 1450/1642/1629 1449/1641/1628
f 506/911/875 1451/1643/1632 1450/1642/1629
f 505/913/877 1448/341/327 1451/1643/1632
f 1452/211/197 518/928/1633 513/209/195
f 1454/1645/1634 516/926/1635 518/928/1633
f 1455/1646/1636 522/930/889 516/926/1635
f 1456/1647/1637 514/273/259 522/930/889
f 1452/211/197 457/859/1627 1454/1645/1634
f 1454/1645/1634 456/861/1638 1455/1646/1636
f 1455/1646/1636 453/1648/1639 1456/1647/1637
f 1456/1647/1637 449/267/253 1453/269/255
f 1457/259/245 494/901/1640 487/198/184
f 1459/1649/1641 1460/1650/1642 495/1651/1643
f 1460/1650/1642 489/890/853 495/1651/1643
f 1461/1652/1644 485/347/333 489/890/853
f 1457/259/245 532/944/1645 1459/1649/1641
f 1459/1649/1641 527/945/899 1460/1650/1642
f 1460/1650/1642 526/934/897 1461/1652/1644
f 1461/1652/1644 523/295/281 1458/297/283
f 1462/331/317 532/941/1645 524/282/268
f 1464/1653/1646 531/949/904 532/941/1645
f 1465/1654/1647 536/947/907 531/949/904
f 1466/1655/1648 525/286/272 536/947/907
f 1462/331/317 544/1656/1649 1464/1653/1646
f 1464/1653/1646 545/953/1650 1465/1654/1647
f 1465/1654/1647 541/955/910 1466/1655/1648
f 1466/1655/1648 538/950/909 1463/201/187
f 1467/345/331 544/1657/1649 539/332/318
f 1469/1658/1651 545/961/1652 544/1657/1649
f 1470/1659/1653 547/957/916 545/961/1652
f 1471/1660/1654 540/293/279 547/957/916
f 1467/345/331 496/902/1655 1469/1658/1651
f 1469/1658/1651 491/898/1656 1470/1659/1653
f 1470/1659/1653 493/897/856 1471/1660/1654
f 1471/1660/1654 486/894/855 1468/288/274
f 623/1051/324 1474/1661/1657 633/1049/1018
f 633/1049/1018 1475/1662/1658 634/1042/1011
f 634/1042/1011 1476/1663/1659 626/1038/1007
f 626/1038/1007 1473/285/271 621/284/270
f 1472/1664/323 648/1062/1030 1474/1661/1657
f 1474/1661/1657 642/1056/1024 1475/1662/1658
f 1475/1662/1658 641/1054/1022 1476/1663/1659
f 1476/1663/1659 638/324/310 1473/285/271
f 1477/311/297 659/1073/1039 656/323/309
f 1479/1665/1660 660/1082/1047 659/1073/1039
f 1480/1666/1661 666/1078/1043 660/1082/1047
f 1481/1667/1662 657/1079/213 666/1078/1043
f 640/310/296 1479/1665/1660 1477/311/297
f 653/1068/1035 1480/1666/1661 1479/1665/1660
f 647/1064/1031 1481/1667/1662 1480/1666/1661
f 646/1061/1029 1478/1668/211 1481/1667/1662
f 1482/314/300 629/1047/1015 622/312/298
f 1484/1669/1663 630/1053/1021 629/1047/1015
f 1485/1670/1664 635/1050/1019 630/1053/1021
f 1486/1671/1665 623/1051/324 635/1050/1019
f 1482/314/300 670/1084/1049 1484/1669/1663
f 1484/1669/1663 665/1080/1044 1485/1670/1664
f 1485/1670/1664 664/1077/1042 1486/1671/1665
f 1486/1671/1665 657/1079/213 1483/1672/212
f 1487/1673/314 685/1100/1067 674/1102/312
f 1489/1674/1666 686/1091/1059 685/1100/1067
f 1490/1675/1667 677/1088/1056 686/1091/1059
f 677/1088/1056 1488/229/215 672/228/214
f 691/1113/316 1489/1674/1666 1487/1673/314
f 701/1112/1078 1490/1675/1667 1489/1674/1666
f 694/1116/1081 1491/1676/1668 1490/1675/1667
f 693/1106/1072 1488/229/215 1491/1676/1668
f 711/1135/329 1494/1677/1669 722/1133/1106
f 722/1133/1106 1495/1678/1670 723/1127/1096
f 723/1127/1096 1496/1679/1671 713/1123/1092
f 713/1123/1092 1493/216/202 709/215/201
f 1492/1680/328 687/1101/1068 1494/1677/1669
f 1494/1677/1669 681/1096/1064 1495/1678/1670
f 1495/1678/1670 680/1094/1062 1496/1679/1671
f 1496/1679/1671 673/317/303 1493/216/202
f 1497/316/302 717/1131/1100 710/318/304
f 1499/1681/1672 718/1137/1109 717/1131/1100
f 1500/1682/1673 724/1134/1107 718/1137/1109
f 1501/1683/1674 711/1135/329 724/1134/1107
f 1497/316/302 706/1120/1086 1499/1681/1672
f 1499/1681/1672 700/1114/1079 1500/1682/1673
f 1500/1682/1673 699/1111/1077 1501/1683/1674
f 1501/1684/1674 691/330/316 1498/329/315
f 1502/336/322 730/1140/1113 727/348/334
f 1504/1685/1675 731/1149/1121 730/1140/1113
f 1505/1686/1676 738/1145/1118 731/1149/1121
f 1506/1687/1677 728/1146/204 738/1145/1118
f 745/1156/1129 1504/1685/1675 1502/336/322
f 750/1155/1128 1505/1686/1676 1504/1685/1675
f 759/1159/1132 1506/1687/1677 1505/1686/1676
f 758/1168/1140 1503/1688/194 1506/1687/1677
f 746/306/292 1509/1689/1678 753/1162/1135
f 753/1162/1135 1510/1690/1679 754/1164/1137
f 754/1164/1137 1511/1691/1680 760/1169/1141
f 760/1169/1141 1508/1692/319 747/1170/192
f 1507/205/191 768/1173/1144 1509/1689/1678
f 1509/1689/1678 776/1177/1149 1510/1690/1679
f 1510/1690/1679 775/1184/1160 1511/1691/1680
f 1511/1691/1680 765/1186/320 1508/1692/319
f 1512/307/293 771/1182/1153 764/308/294
f 1514/1693/1681 772/1188/1164 771/1182/1153
f 1515/1694/1682 777/1185/1161 772/1188/1164
f 1516/1695/1683 765/1186/320 777/1185/1161
f 1512/307/293 742/1152/1124 1514/1693/1681
f 1514/1693/1681 737/1147/1119 1515/1694/1682
f 1515/1694/1682 736/1144/1117 1516/1695/1683
f 1516/1695/1683 728/1146/204 1513/1696/203
f 1517/171/158 437/833/790 434/169/156
f 1519/1697/1684 438/835/1685 437/833/790
f 1520/1698/1686 444/842/799 438/835/1685
f 1521/1699/1687 435/843/800 444/842/799
f 638/324/310 1519/1697/1684 1517/171/158
f 643/1055/1023 1520/1698/1686 1519/1697/1684
f 652/1058/1026 1521/1699/1687 1520/1698/1686
f 651/1067/1034 1518/240/226 1521/1699/1687
f 1522/250/236 668/1085/1688 658/313/299
s 32
f 1524/1700/1689 669/1076/1690 668/1085/1691
s 3
f 669/1076/1041 1525/1701/1692 661/1072/1038
f 1525/1701/1692 656/323/309 661/1072/1038
f 474/884/844 1524/1700/1693 1522/250/236
s 32
f 480/886/1694 1525/1702/1695 1524/1700/1689
s 33
f 1525/1702/1696 477/879/1697 476/877/1697
s 3
f 476/877/838 1523/322/308 1525/1701/1692
f 1526/224/210 451/850/806 448/222/208
f 1528/1703/1698 452/852/1699 451/850/1699
f 1529/1704/1700 455/857/1701 452/852/1701
f 455/857/813 1527/315/301 449/267/253
f 690/344/330 1528/1703/1702 1526/224/210
f 695/1105/1071 1529/1704/1703 1528/1703/1698
f 705/1109/1704 1530/1705/1700 1529/1704/1700
f 1530/1705/1705 692/1118/1084 1527/315/301
f 709/215/201 1533/1706/1706 712/1707/1093
f 712/1124/1104 1534/1708/1707 719/1130/1102
f 719/1130/1099 1532/272/258 710/318/304
f 1531/275/261 517/922/883 1533/1706/1706
f 1533/1709/1707 521/929/1708 1534/1708/1707
f 1534/1708/1709 514/273/259 1532/272/258
f 525/286/272 1537/1710/1710 534/946/906
f 534/946/906 1538/1711/1711 535/939/1712
f 1538/1711/1711 528/935/898 535/939/1712
f 528/935/898 1536/335/321 523/295/281
f 746/306/292 1537/1710/1710 1535/287/273
f 755/1163/1136 1538/1711/1711 1537/1710/1710
f 749/1157/1130 1539/1712/1713 1538/1711/1711
f 1539/1712/1713 745/1156/1129 1536/335/321
f 1540/289/275 741/1153/1714 729/309/295
f 741/1153/1125 1543/1713/1715 732/1714/1716
f 732/1139/1112 1541/346/332 727/348/334
f 1540/289/275 492/896/857 1542/1715/1717
f 1542/1715/1718 488/900/1719 1543/1713/1715
f 1543/1716/1720 485/347/333 1541/346/332
f 1544/213/199 624/1039/1008 621/284/270
f 1546/1717/1721 625/1040/1009 624/1039/1008
f 625/1040/1017 1548/1718/1722 631/1046/1014
f 631/1046/1014 1545/237/223 622/312/298
f 459/862/818 1546/1717/1723 1544/213/199
f 464/864/820 1547/1719/1724 1546/1717/1721
f 470/865/1725 1548/1718/1722 1547/1719/1726
f 1548/1718/1727 461/238/224 1545/237/223
f 1549/266/252 508/916/878 499/265/251
f 1551/1720/1728 509/909/1729 508/916/878
f 1552/1721/1730 502/904/869 509/909/1729
f 1553/1722/1731 497/905/870 502/904/869
f 673/317/303 1551/1720/1728 1549/266/252
f 682/1095/1063 1552/1721/1730 1551/1720/1728
f 676/1089/1057 1553/1722/1731 1552/1721/1730
f 1553/1722/1731 672/228/214 1550/301/287
f 1554/294/280 546/956/915 540/293/279
s 34
f 1556/1723/1732 542/1724/1733 546/956/1733
s 3
f 1557/1725/1734 538/950/909 542/952/911
f 764/308/294 1556/1723/1735 1554/294/280
s 34
f 1556/1723/1732 767/1175/1736 1557/1726/1737
s 3
f 1557/1726/1734 767/1175/1738 766/1174/1739
f 1557/1725/1734 763/204/190 1555/202/188
s 5
f 801/373/356 1560/1727/1740 804/1728/1741
f 804/1728/1741 1561/1729/1742 803/1730/1743
f 803/1730/1744 1562/1731/1745 802/1732/1746
f 1562/1733/1745 800/530/494 802/1734/1746
f 1558/372/355 787/1735/1747 1560/1727/1740
f 1560/1727/1740 788/1736/1748 1561/1729/1742
f 1561/1729/1749 789/1737/1750 1562/1731/1745
f 789/1738/1750 1559/489/456 1562/1733/1745
f 1563/409/389 809/1739/1751 806/356/341
f 1565/1740/1752 808/1741/1753 809/1739/1751
f 1566/1742/1754 807/1743/1755 808/1741/1756
f 807/1744/1755 1564/467/439 805/369/352
f 790/539/503 1565/1740/1752 1563/409/389
f 792/1745/1757 1566/1742/1758 1565/1740/1752
f 793/1746/1759 1567/1747/1760 1566/1742/1754
f 1567/1748/1760 791/366/349 1564/467/439
f 1568/479/448 784/1749/1761 781/351/337
f 1570/1750/1762 783/1751/1763 784/1749/1761
f 1571/1752/1764 782/1753/1765 783/1751/1766
f 782/1753/1765 1569/1754/338 780/1755/347
f 801/373/356 1570/1750/1762 1568/479/448
f 804/1728/1741 1571/1752/1767 1570/1750/1762
f 803/1730/1744 1572/1756/1768 1571/1752/1764
f 1572/1756/1768 800/1757/494 1569/1754/338
f 796/508/473 1575/1758/1769 799/1759/1770
f 799/1759/1770 1576/1760/1771 798/1761/1772
f 798/1761/1773 1577/1762/1774 797/1763/1775
f 1577/1764/1774 795/358/342 797/1765/1775
f 1573/374/357 809/1739/1751 1575/1758/1769
f 1575/1758/1769 808/1741/1753 1576/1760/1771
f 1576/1760/1776 807/1743/1755 1577/1762/1774
f 807/1744/1755 1574/371/354 1577/1764/1774
f 811/509/474 1580/1766/1777 814/1767/1778
f 814/1767/1778 1581/1768/1779 813/1769/1780
f 813/1769/1781 1582/1770/1782 812/1771/1783
f 1582/1772/1782 810/377/359 812/1773/1783
f 1578/503/469 799/1759/1770 1580/1766/1777
f 1580/1766/1777 798/1761/1772 1581/1768/1779
f 1581/1768/1784 797/1763/1775 1582/1770/1782
f 797/1765/1775 1579/360/344 1582/1772/1782
f 785/363/346 1585/1774/1785 787/1735/1747
f 787/1735/1747 1586/1775/1786 788/1736/1748
f 788/1736/1787 1587/1776/1788 789/1737/1750
f 1587/1777/1788 786/383/365 789/1738/1750
f 1583/362/345 817/1778/1789 1585/1774/1785
f 1585/1774/1785 818/1779/1790 1586/1775/1786
f 1586/1775/1791 819/1780/1792 1587/1776/1788
f 819/1781/1792 1584/381/363 1587/1777/1788
f 815/392/373 1590/1782/1793 817/1778/1789
f 817/1778/1789 1591/1783/1794 818/1779/1790
f 818/1779/1795 1592/1784/1796 819/1780/1792
f 1592/1785/1796 816/380/362 819/1781/1792
f 1588/401/381 827/1786/1797 1590/1782/1793
f 1590/1782/1793 828/1787/1798 1591/1783/1794
f 1591/1783/1799 829/1788/1800 1592/1784/1796
f 829/1789/1800 1589/378/360 1592/1785/1796
f 821/540/504 1595/1790/1801 824/1791/1802
f 824/1791/1802 1596/1792/1803 823/1793/1804
f 823/1793/1805 1597/1794/1806 822/1795/1807
f 1597/1796/1806 820/387/369 822/1797/1807
f 1593/533/497 814/1767/1778 1595/1790/1801
f 1595/1790/1801 813/1769/1780 1596/1792/1803
f 1596/1792/1808 812/1771/1783 1597/1794/1806
f 812/1773/1783 1594/385/367 1597/1796/1806
f 1598/520/484 852/1798/1809 849/518/482
f 1600/1799/1810 851/1800/1811 852/1798/1809
f 1601/1801/1812 850/1802/1813 851/1800/1811
f 1602/1803/1814 848/397/378 850/1804/1813
f 831/1198/1174 1600/1799/1810 1598/520/484
f 841/1197/1173 1601/1801/1812 1600/1799/1810
f 834/1201/1177 1602/1805/1814 1601/1801/1812
f 833/1192/1168 1599/1806/450 1602/1805/1814
f 825/400/380 1605/1807/1815 827/1786/1797
f 827/1786/1797 1606/1808/1816 828/1787/1798
f 828/1787/1817 1607/1809/1818 829/1788/1800
f 829/1789/1800 1604/388/370 826/390/372
f 1603/502/468 852/1798/1809 1605/1807/1815
f 1605/1807/1819 851/1800/1811 1606/1808/1816
f 1606/1808/1820 850/1802/1813 1607/1809/1818
f 850/1804/1813 1604/388/370 1607/1810/1818
f 831/1198/1174 1610/1811/1821 839/1196/1172
f 839/1196/1172 1611/1812/1822 840/1199/1175
f 840/1199/1184 1612/1813/1823 845/1207/1180
f 845/1204/1180 1609/394/375 832/396/377
f 1608/519/483 824/1791/1802 1610/1811/1821
f 1610/1811/1821 823/1793/1804 1611/1812/1822
f 1611/1812/1824 822/1795/1807 1612/1813/1823
f 1612/1814/1823 820/387/369 1609/394/375
f 1613/417/396 792/1745/1757 790/539/503
f 1615/1815/1825 793/1746/1826 792/1745/1757
f 1616/1816/1827 794/1817/1828 793/1746/1759
f 794/1818/1828 1614/512/476 791/366/349
f 858/478/447 1615/1815/1825 1613/417/396
f 860/1819/1829 1616/1816/1830 1615/1815/1825
f 861/1820/1831 1617/1821/1832 1616/1816/1827
f 1617/1822/1832 859/406/386 1614/512/476
f 1618/349/335 857/1823/1833 854/527/491
f 1620/1824/1834 856/1825/1835 857/1823/1833
f 1621/1826/1836 855/1827/1837 856/1825/1838
f 855/1827/1837 1619/1828/382 853/1829/384
f 781/351/337 1620/1824/1834 1618/349/335
f 784/1749/1761 1621/1826/1839 1620/1824/1834
f 783/1751/1766 1622/1830/1840 1621/1826/1836
f 1622/1830/1840 780/1755/347 1619/1828/382
f 870/1224/1204 1625/1831/1841 881/1222/1202
f 881/1222/1202 1626/1832/1842 882/1213/1191
f 882/1213/1191 1627/1833/1843 872/1209/1187
f 872/1209/1187 1624/468/440 868/526/490
f 1623/493/459 865/1834/1844 1625/1831/1841
f 1625/1831/1841 866/1835/1845 1626/1832/1842
f 1626/1832/1842 867/1836/1846 1627/1833/1843
f 1627/1833/1843 864/1837/392 1624/468/440
f 1628/494/460 860/1819/1829 858/478/447
f 1630/1838/1847 861/1820/1848 860/1819/1829
f 1631/1839/1849 862/1840/1850 861/1820/1831
f 1632/1841/1851 859/406/386 862/1842/1850
f 870/1224/1204 1630/1838/1847 1628/494/460
f 883/1223/1203 1631/1839/1852 1630/1838/1847
f 877/1226/1853 1632/1843/1851 1631/1839/1849
f 876/1844/1196 1629/414/394 1632/1841/1851
f 1633/496/462 865/1834/1844 863/495/461
f 1635/1845/1854 866/1835/1845 865/1834/1844
f 1636/1846/1855 867/1836/1846 866/1835/1845
f 867/1836/1846 1634/1847/390 864/1837/392
f 854/527/491 1635/1845/1854 1633/496/462
f 857/1823/1833 1636/1846/1856 1635/1845/1854
f 856/1825/1838 1637/1848/1857 1636/1846/1855
f 855/1827/1837 1634/1847/390 1637/1848/1857
f 1638/492/458 910/1849/1858 907/419/397
f 1640/1850/1859 909/1851/1860 910/1849/1858
f 1641/1852/1861 908/1853/1862 909/1851/1860
f 1642/1854/1863 906/538/502 908/1853/1862
f 891/439/415 1640/1850/1859 1638/492/458
f 893/1855/1864 1641/1852/1861 1640/1850/1859
f 894/1856/1865 1642/1854/1863 1641/1852/1861
f 895/1857/1866 1639/537/501 1642/1854/1863
f 912/433/409 1645/1858/1867 915/1859/1868
f 915/1859/1868 1646/1860/1869 914/1861/1870
f 914/1861/1870 1647/1862/1871 913/1863/1872
f 913/1863/1872 1644/473/443 911/476/446
f 1643/432/408 898/1864/1873 1645/1858/1867
f 1645/1858/1867 899/1865/1874 1646/1860/1869
f 1646/1860/1869 900/1866/1875 1647/1862/1871
f 1647/1862/1871 897/474/444 1644/473/443
f 887/429/405 1650/1867/1876 890/1868/1877
f 890/1868/1877 1651/1869/1878 889/1870/1879
f 889/1870/1879 1652/1871/1880 888/1872/1881
f 888/1872/1881 1649/490/457 886/454/429
f 1648/420/398 910/1849/1858 1650/1867/1876
f 1650/1867/1876 909/1851/1860 1651/1869/1878
f 1651/1869/1878 908/1853/1862 1652/1871/1880
f 1652/1871/1880 906/538/502 1649/490/457
f 1653/434/410 905/1873/1882 902/475/445
f 1655/1874/1883 904/1875/1884 905/1873/1882
f 1656/1876/1885 903/1877/1886 904/1875/1884
f 1657/1878/1887 901/531/495 903/1877/1886
f 912/433/409 1655/1874/1883 1653/434/410
f 915/1859/1868 1656/1876/1885 1655/1874/1883
f 914/1861/1870 1657/1878/1887 1656/1876/1885
f 913/1863/1872 1654/511/475 1657/1878/1887
f 1658/425/402 920/1879/1888 917/505/470
f 1660/1880/1889 919/1881/1890 920/1879/1888
f 1661/1882/1891 918/1883/1892 919/1881/1890
f 1662/1884/1893 916/426/403 918/1883/1892
f 902/475/445 1660/1880/1889 1658/425/402
f 905/1873/1882 1661/1882/1891 1660/1880/1889
f 904/1875/1884 1662/1884/1893 1661/1882/1891
f 903/1877/1886 1659/442/418 1662/1884/1893
f 1663/440/416 893/1855/1864 891/439/415
f 1665/1885/1894 894/1856/1865 893/1855/1864
f 1666/1886/1895 895/1857/1866 894/1856/1865
f 1667/1887/1896 892/536/500 895/1857/1866
f 921/445/420 1665/1885/1894 1663/440/416
f 923/1888/1897 1666/1886/1895 1665/1885/1894
f 924/1889/1898 1667/1887/1896 1666/1886/1895
f 925/1890/1899 1664/422/400 1667/1887/1896
f 1668/446/421 923/1888/1897 921/445/420
f 1670/1891/1900 924/1889/1898 923/1888/1897
f 1671/1892/1901 925/1890/1899 924/1889/1898
f 1672/1893/1902 922/488/455 925/1890/1899
f 931/450/425 1670/1891/1900 1668/446/421
f 933/1894/1903 1671/1892/1901 1670/1891/1900
f 934/1895/1904 1672/1893/1902 1671/1892/1901
f 935/1896/1905 1669/532/496 1672/1893/1902
f 1673/441/417 930/1897/1906 927/534/498
f 1675/1898/1907 929/1899/1908 930/1897/1906
f 1676/1900/1909 928/1901/1910 929/1899/1908
f 1677/1902/1911 926/449/424 928/1901/1910
f 917/505/470 1675/1898/1907 1673/441/417
f 920/1879/1888 1676/1900/1909 1675/1898/1907
f 919/1881/1890 1677/1902/1911 1676/1900/1909
f 918/1883/1892 1674/428/404 1677/1902/1911
f 954/535/499 1680/1903/1912 957/1904/1913
f 957/1904/1913 1681/1905/1914 956/1906/1915
f 956/1906/1915 1682/1907/1916 955/1908/1917
f 955/1908/1917 1679/522/486 953/524/488
f 1678/487/454 940/1228/1209 1680/1903/1912
f 1680/1903/1912 949/1232/1213 1681/1905/1914
f 1681/1905/1914 948/1238/1221 1682/1907/1916
f 1682/1907/1916 938/523/487 1679/522/486
f 1683/452/427 933/1894/1903 931/450/425
f 1685/1909/1918 934/1895/1904 933/1894/1903
f 1686/1910/1919 935/1896/1905 934/1895/1904
f 1687/1911/1920 932/529/493 935/1896/1905
f 954/535/499 1685/1909/1918 1683/452/427
f 957/1904/1913 1686/1910/1919 1685/1909/1918
f 956/1906/1915 1687/1911/1920 1686/1910/1919
f 955/1908/1917 1684/506/471 1687/1911/1920
f 1688/447/422 944/1236/1217 937/453/428
f 1690/1912/1921 945/1241/1224 944/1236/1217
f 1691/1913/1922 950/1239/1222 945/1241/1224
f 1692/1914/1923 938/523/487 950/1239/1222
f 927/534/498 1690/1912/1921 1688/447/422
f 930/1897/1906 1691/1913/1922 1690/1912/1921
f 929/1899/1908 1692/1914/1923 1691/1913/1922
f 928/1901/1910 1689/521/485 1692/1914/1923
f 896/436/412 1695/1915/1924 898/1864/1873
f 898/1864/1873 1696/1916/1925 899/1865/1874
f 899/1865/1874 1697/1917/1926 900/1866/1875
f 900/1866/1875 1694/516/480 897/474/444
f 1693/457/430 965/1918/1927 1695/1915/1924
f 1695/1915/1924 966/1919/1928 1696/1916/1925
f 1696/1916/1925 967/1920/1929 1697/1917/1926
f 1697/1917/1926 964/480/449 1694/516/480
f 959/459/432 1700/1921/1930 962/1922/1931
f 962/1922/1931 1701/1923/1932 961/1924/1933
f 961/1924/1933 1702/1925/1934 960/1926/1935
f 960/1926/1935 1699/463/435 958/462/434
f 1698/430/406 890/1868/1877 1700/1921/1930
f 1700/1921/1930 889/1870/1879 1701/1923/1932
f 1701/1923/1932 888/1872/1881 1702/1925/1934
f 1702/1925/1934 886/454/429 1699/463/435
f 1703/472/442 976/1244/1228 973/528/492
f 1705/1927/1936 977/1928/1237 976/1244/1228
f 1706/1929/1937 984/1249/1233 977/1253/1237
f 1707/1930/1938 974/1250/1234 984/1249/1233
f 968/471/438 1705/1927/1936 1703/472/442
f 970/1931/1939 1706/1932/1937 1705/1927/1936
f 971/1933/1940 1707/1930/1938 1706/1929/1937
f 972/1934/1941 1704/500/466 1707/1930/1938
f 963/458/431 1710/1935/1942 965/1918/1927
f 965/1918/1927 1711/1936/1943 966/1919/1928
f 966/1919/1928 1712/1937/1944 967/1920/1929
f 967/1920/1929 1709/499/465 964/480/449
f 1708/464/436 987/1257/1241 1710/1935/1942
f 1710/1935/1942 983/1251/1235 1711/1936/1943
f 1711/1936/1943 982/1248/1232 1712/1937/1944
f 1712/1937/1944 974/1250/1234 1709/499/465
f 968/466/438 1715/1938/1945 970/1939/1939
f 970/1939/1939 1716/1940/1946 971/1933/1940
f 971/1933/1940 1717/1941/1947 972/1934/1941
f 972/1934/1941 1714/498/464 969/497/463
f 1713/460/433 962/1922/1931 1715/1938/1945
f 1715/1938/1945 961/1924/1933 1716/1940/1946
f 1716/1940/1946 960/1926/1935 1717/1941/1947
f 1717/1941/1947 958/462/434 1714/498/464
f 975/465/437 1720/1942/1948 978/1943/1242
f 978/1243/1227 1719/525/489 973/528/492
f 1718/415/395 878/1217/1949 1720/1942/1948
s 35
f 1720/1942/1950 878/1217/1951 871/1944/1952
s 5
f 1720/1945/1953 868/526/490 1719/525/489
f 1721/395/376 844/1946/1954 832/396/377
s 36
f 844/1946/1955 1723/1947/1956 835/1948/1956
s 5
f 1723/1949/1957 830/1189/1165 835/1191/1167
f 937/453/428 1723/1950/1958 1721/395/376
f 939/1951/1210 1722/1952/451 1723/1949/1957
s 6
f 1011/562/523 1726/1953/1959 1014/1954/1960
f 1014/1954/1960 1727/1955/1961 1013/1956/1962
f 1013/1956/1963 1728/1957/1964 1012/1958/1965
f 1728/1959/1964 1010/714/662 1012/1960/1965
f 1724/561/522 997/1961/1966 1726/1953/1959
f 1726/1953/1959 998/1962/1967 1727/1955/1961
f 1727/1955/1968 999/1963/1969 1728/1957/1964
f 999/1964/1969 1725/676/626 1728/1959/1964
f 1729/598/557 1019/1965/1970 1016/545/508
f 1731/1966/1971 1018/1967/1972 1019/1968/1970
f 1732/1969/1973 1017/1970/1974 1018/1967/1975
f 1017/1970/1974 1730/656/609 1015/558/519
f 1000/725/673 1731/1971/1971 1729/598/557
f 1002/1972/1976 1732/1969/1977 1731/1966/1971
f 1003/1973/1978 1733/1974/1979 1732/1969/1973
f 1733/1974/1979 1001/555/516 1730/656/609
f 1734/666/618 994/1975/1980 991/515/479
f 1736/1976/1981 993/1977/1982 994/1975/1980
f 1737/1978/1983 992/1979/1984 993/1977/1985
f 992/1980/1984 1735/541/505 990/553/514
f 1011/562/523 1736/1976/1981 1734/666/618
f 1014/1954/1960 1737/1978/1986 1736/1976/1981
f 1013/1956/1963 1738/1981/1987 1737/1978/1983
f 1738/1982/1987 1010/714/662 1735/541/505
f 1006/695/644 1741/1983/1988 1009/1984/1989
f 1009/1985/1989 1742/1986/1990 1008/1987/1991
f 1008/1987/1992 1743/1988/1993 1007/1989/1994
f 1743/1988/1993 1005/547/509 1007/1989/1994
f 1739/563/524 1019/1965/1970 1741/1983/1988
f 1741/1990/1988 1018/1967/1972 1742/1986/1990
f 1742/1986/1995 1017/1970/1974 1743/1988/1993
f 1017/1970/1974 1740/560/521 1743/1988/1993
f 1021/696/645 1746/1991/1996 1024/1992/1997
f 1024/1993/1997 1747/1994/1998 1023/1995/1999
f 1023/1995/2000 1748/1996/2001 1022/1997/2002
f 1748/1996/2001 1020/566/526 1022/1997/2002
f 1744/690/639 1009/1984/1989 1746/1991/1996
f 1746/1998/1996 1008/1987/1991 1747/1994/1998
f 1747/1994/2003 1007/1989/1994 1748/1996/2001
f 1007/1989/1994 1745/549/511 1748/1996/2001
f 995/552/513 1751/1999/2004 997/1961/1966
f 997/1961/1966 1752/2000/2005 998/1962/1967
f 998/1962/2006 1753/2001/2007 999/1963/1969
f 1753/2002/2007 996/572/532 999/1964/1969
f 1749/551/512 1027/2003/2008 1751/1999/2004
f 1751/1999/2004 1028/2004/2009 1752/2000/2005
f 1752/2000/2010 1029/2005/2011 1753/2001/2007
f 1029/2006/2011 1750/570/530 1753/2002/2007
f 1025/581/540 1756/2007/2012 1027/2003/2008
f 1027/2003/2008 1757/2008/2013 1028/2004/2009
f 1028/2004/2014 1758/2009/2015 1029/2005/2011
f 1758/2010/2015 1026/569/529 1029/2006/2011
f 1754/590/549 1037/2011/2016 1756/2007/2012
f 1756/2007/2012 1038/2012/2017 1757/2008/2013
f 1757/2008/2018 1039/2013/2019 1758/2009/2015
f 1039/2014/2019 1755/567/527 1758/2010/2015
f 1031/726/674 1761/2015/2020 1034/2016/2021
f 1034/2017/2021 1762/2018/2022 1033/2019/2023
f 1033/2019/2024 1763/2020/2025 1032/2021/2026
f 1032/2021/2026 1760/574/534 1030/576/536
f 1759/719/667 1024/1992/1997 1761/2015/2020
f 1761/2022/2020 1023/1995/1999 1762/2018/2022
f 1762/2018/2027 1022/1997/2002 1763/2020/2025
f 1022/1997/2002 1760/574/534 1763/2020/2025
f 1764/704/652 1070/1299/1279 1059/702/650
f 1766/2023/2028 1071/1287/2029 1070/1299/1279
f 1767/2024/2030 1062/1284/1266 1071/1287/1269
f 1768/2025/2031 1057/718/666 1062/1284/1266
f 1041/1270/1254 1766/2023/2028 1764/704/652
f 1050/1269/1253 1767/2024/2030 1766/2023/2028
f 1044/1275/1257 1768/2025/2031 1767/2024/2030
f 1043/1264/1248 1765/670/620 1768/2025/2031
f 1035/589/548 1771/2026/2032 1037/2011/2016
f 1037/2011/2016 1772/2027/2033 1038/2012/2017
f 1038/2012/2034 1773/2028/2035 1039/2013/2019
f 1039/2014/2019 1770/577/537 1036/579/539
f 1769/689/638 1072/1298/1278 1771/2026/2032
f 1771/2026/2036 1066/1293/1282 1772/2027/2033
f 1772/2027/2037 1065/1290/1272 1773/2028/2035
f 1773/2029/2035 1058/586/545 1770/577/537
f 1041/1270/1254 1776/2030/2038 1048/1268/1252
f 1048/1273/1252 1777/2031/2039 1049/1271/1255
f 1049/1271/1255 1778/2032/2040 1054/1278/1260
f 1054/1278/1260 1775/583/542 1042/585/544
f 1774/703/651 1034/2016/2021 1776/2030/2038
f 1776/2033/2038 1033/2019/2023 1777/2031/2039
f 1777/2031/2039 1032/2021/2026 1778/2032/2040
f 1778/2032/2040 1030/576/536 1775/583/542
f 1779/606/564 1002/2034/1976 1000/725/673
f 1781/2035/2041 1003/1973/2042 1002/1972/1976
f 1782/2036/2043 1004/2037/2044 1003/1973/1978
f 1004/2037/2044 1780/699/647 1001/555/516
f 1080/665/617 1781/2038/2041 1779/606/564
f 1082/2039/2045 1782/2036/2046 1781/2035/2041
f 1083/2040/2047 1783/2041/2048 1782/2036/2043
f 1783/2041/2048 1081/595/554 1780/699/647
f 1784/513/477 1079/2042/2049 1076/711/659
f 1786/2043/2050 1078/2044/2051 1079/2042/2049
f 1787/2045/2052 1077/2046/2053 1078/2044/2054
f 1077/2047/2053 1785/591/550 1075/593/552
f 991/515/479 1786/2043/2050 1784/513/477
f 994/1975/1980 1787/2045/2055 1786/2043/2050
f 993/1977/1985 1788/2048/2056 1787/2045/2052
f 1788/2049/2056 990/553/514 1785/591/550
f 1092/1318/1302 1791/2050/2057 1103/1316/1300
f 1103/1316/1300 1792/2051/2058 1104/1306/1289
f 1104/1306/1289 1793/2052/2059 1094/1302/1285
f 1094/1302/1285 1790/2053/610 1090/1300/658
f 1789/680/629 1087/2054/2060 1791/2050/2057
f 1791/2050/2057 1088/2055/2061 1792/2051/2058
f 1792/2051/2058 1089/2056/2062 1793/2052/2059
f 1793/2057/2059 1086/601/560 1790/657/610
f 1794/681/630 1082/2058/2045 1080/665/617
f 1796/2059/2063 1083/2040/2064 1082/2039/2045
f 1797/2060/2065 1084/2061/2066 1083/2040/2047
f 1798/2062/2067 1081/595/554 1084/2061/2066
f 1092/1318/1302 1796/2063/2063 1794/681/630
f 1105/2064/1301 1797/2060/2068 1796/2059/2063
f 1099/2065/2069 1798/2062/2067 1797/2060/2065
f 1098/1311/1294 1795/603/562 1798/2062/2067
f 1799/683/632 1087/2054/2060 1085/682/631
f 1801/2066/2070 1088/2055/2061 1087/2054/2060
f 1802/2067/2071 1089/2068/2062 1088/2069/2061
f 1089/2068/2062 1800/599/558 1086/601/560
f 1076/711/659 1801/2066/2070 1799/683/632
f 1079/2042/2049 1802/2070/2072 1801/2066/2070
f 1078/2071/2054 1803/2072/2073 1802/2067/2071
f 1077/2047/2053 1800/599/558 1803/2072/2073
f 1804/679/628 1132/2073/2074 1129/608/565
f 1806/2074/2075 1131/2075/2076 1132/2073/2074
f 1807/2076/2077 1130/2077/2078 1131/2075/2076
f 1808/2078/2079 1128/724/672 1130/2077/2078
f 1113/628/584 1806/2074/2075 1804/679/628
f 1115/2079/2080 1807/2076/2077 1806/2074/2075
f 1116/2080/2081 1808/2078/2079 1807/2076/2077
f 1117/2081/2082 1805/723/671 1808/2078/2079
f 1134/622/578 1811/2082/2083 1137/2083/2084
f 1137/2083/2084 1812/2084/2085 1136/2085/2086
f 1136/2085/2086 1813/2086/2087 1135/2087/2088
f 1135/2087/2088 1810/660/613 1133/663/616
f 1809/621/577 1120/2088/2089 1811/2082/2083
f 1811/2082/2083 1121/2089/2090 1812/2084/2085
f 1812/2084/2085 1122/2090/2091 1813/2086/2087
f 1813/2086/2087 1119/661/614 1810/660/613
f 1109/618/574 1816/2091/2092 1112/2092/2093
f 1112/2092/2093 1817/2093/2094 1111/2094/2095
f 1111/2094/2095 1818/2095/2096 1110/2096/2097
f 1110/2096/2097 1815/677/627 1108/643/599
f 1814/609/566 1132/2073/2074 1816/2091/2092
f 1816/2091/2092 1131/2075/2076 1817/2093/2094
f 1817/2093/2094 1130/2077/2078 1818/2095/2096
f 1818/2095/2096 1128/724/672 1815/677/627
f 1819/623/579 1127/2097/2098 1124/662/615
f 1821/2098/2099 1126/2099/2100 1127/2097/2098
f 1822/2100/2101 1125/2101/2102 1126/2099/2100
f 1823/2102/2103 1123/715/663 1125/2101/2102
f 1134/622/578 1821/2098/2099 1819/623/579
f 1137/2083/2084 1822/2100/2101 1821/2098/2099
f 1136/2085/2086 1823/2102/2103 1822/2100/2101
f 1135/2087/2088 1820/698/646 1823/2102/2103
f 1824/614/570 1142/2103/2104 1139/692/641
f 1826/2104/2105 1141/2105/2106 1142/2103/2104
f 1827/2106/2107 1140/2107/2108 1141/2105/2106
f 1828/2108/2109 1138/615/571 1140/2107/2108
f 1124/662/615 1826/2104/2105 1824/614/570
f 1127/2097/2098 1827/2106/2107 1826/2104/2105
f 1126/2099/2100 1828/2108/2109 1827/2106/2107
f 1125/2101/2102 1825/631/587 1828/2108/2109
f 1829/629/585 1115/2079/2080 1113/628/584
f 1831/2109/2110 1116/2080/2081 1115/2079/2080
f 1832/2110/2111 1117/2081/2082 1116/2080/2081
f 1833/2111/2112 1114/722/670 1117/2081/2082
f 1143/634/590 1831/2109/2110 1829/629/585
f 1145/2112/2113 1832/2110/2111 1831/2109/2110
f 1146/2113/2114 1833/2111/2112 1832/2110/2111
f 1147/2114/2115 1830/611/568 1833/2111/2112
f 1834/635/591 1145/2112/2113 1143/634/590
f 1836/2115/2116 1146/2113/2114 1145/2112/2113
f 1837/2116/2117 1147/2114/2115 1146/2113/2114
f 1838/2117/2118 1144/675/625 1147/2114/2115
f 1153/639/595 1836/2115/2116 1834/635/591
f 1155/2118/2119 1837/2116/2117 1836/2115/2116
f 1156/2119/2120 1838/2117/2118 1837/2116/2117
f 1157/2120/2121 1835/716/664 1838/2117/2118
f 1839/630/586 1152/2121/2122 1149/720/668
f 1841/2122/2123 1151/2123/2124 1152/2121/2122
f 1842/2124/2125 1150/2125/2126 1151/2123/2124
f 1843/2126/2127 1148/638/594 1150/2125/2126
f 1139/692/641 1841/2122/2123 1839/630/586
f 1142/2103/2104 1842/2124/2125 1841/2122/2123
f 1141/2105/2106 1843/2126/2127 1842/2124/2125
f 1140/2107/2108 1840/617/573 1843/2126/2127
f 1175/721/669 1846/2127/2128 1178/1344/1325
f 1178/1344/1325 1847/2128/2129 1179/1346/1327
f 1179/1346/1327 1848/2129/2130 1186/1356/1333
f 1186/1352/1333 1845/706/654 1176/708/656
f 1844/674/624 1162/1323/1307 1846/2127/2128
f 1846/2127/2128 1171/1327/1311 1847/2128/2129
f 1847/2128/2129 1170/1340/1320 1848/2129/2130
f 1848/2130/2130 1160/707/655 1845/706/654
f 1849/641/597 1155/2118/2119 1153/639/595
f 1851/2131/2131 1156/2119/2120 1155/2118/2119
f 1852/2132/2132 1157/2120/2121 1156/2119/2120
f 1853/2133/2133 1154/713/661 1157/2120/2121
f 1177/2134/1339 1851/2131/2131 1849/641/597
f 1191/1364/1338 1852/2132/2132 1851/2131/2131
f 1185/1363/1341 1853/2133/2133 1852/2132/2132
f 1184/1351/1332 1850/693/642 1853/2133/2133
f 1854/636/592 1166/1331/1315 1159/642/598
f 1856/2135/2134 1167/1342/1323 1166/1331/1315
f 1857/2136/2135 1172/1338/1321 1167/1342/1323
f 1858/2137/2136 1160/707/655 1172/1338/1321
f 1149/720/668 1856/2135/2134 1854/636/592
f 1152/2121/2122 1857/2136/2135 1856/2135/2134
f 1151/2123/2124 1858/2137/2136 1857/2136/2135
f 1150/2125/2126 1855/705/653 1858/2137/2136
f 1118/625/581 1861/2138/2137 1120/2088/2089
f 1120/2088/2089 1862/2139/2138 1121/2089/2090
f 1121/2089/2090 1863/2140/2139 1122/2090/2091
f 1122/2090/2091 1860/700/648 1119/661/614
f 1859/646/600 1201/2141/2140 1861/2138/2137
f 1861/2138/2137 1202/2142/2141 1862/2139/2138
f 1862/2139/2138 1203/2143/2142 1863/2140/2139
f 1863/2140/2139 1200/667/619 1860/700/648
f 1195/648/602 1866/2144/2143 1198/2145/2144
f 1198/2145/2144 1867/2146/2145 1197/2147/2146
f 1197/2147/2146 1868/2148/2147 1196/2149/2148
f 1196/2149/2148 1865/652/605 1194/651/604
f 1864/619/575 1112/2092/2093 1866/2144/2143
f 1866/2144/2143 1111/2094/2095 1867/2146/2145
f 1867/2146/2145 1110/2096/2097 1868/2148/2147
f 1868/2148/2147 1108/643/599 1865/652/605
f 1869/659/612 1212/1368/1344 1209/712/660
f 1871/2150/2149 1213/1377/1354 1212/1368/1344
f 1872/2151/2150 1219/1373/1350 1213/1377/1354
f 1873/2152/2151 1210/1374/1351 1219/1373/1350
f 1204/655/608 1871/2150/2149 1869/659/612
f 1206/2153/2152 1872/2151/2150 1871/2150/2149
f 1207/2154/2153 1873/2152/2151 1872/2151/2150
f 1208/2155/2154 1870/687/636 1873/2152/2151
f 1199/647/601 1876/2156/2155 1201/2141/2140
f 1201/2141/2140 1877/2157/2156 1202/2142/2141
f 1202/2142/2141 1878/2158/2157 1203/2143/2142
f 1203/2143/2142 1875/686/635 1200/667/619
f 1874/653/606 1223/1380/1358 1876/2156/2155
f 1876/2156/2155 1218/1375/1352 1877/2157/2156
f 1877/2157/2156 1217/1372/1349 1878/2158/2157
f 1878/2158/2157 1210/1374/1351 1875/686/635
f 1204/655/608 1881/2159/2158 1206/2153/2152
f 1206/2153/2152 1882/2160/2159 1207/2154/2153
f 1207/2154/2153 1883/2161/2160 1208/2155/2154
f 1208/2155/2154 1880/685/634 1205/684/633
f 1879/649/603 1198/2145/2144 1881/2159/2158
f 1881/2159/2158 1197/2147/2146 1882/2160/2159
f 1882/2160/2159 1196/2149/2148 1883/2161/2160
f 1883/2161/2160 1194/651/604 1880/685/634
f 1211/654/607 1886/2162/2161 1222/2163/1359
f 1222/2164/1343 1885/2165/657 1209/2166/660
f 1884/604/563 1100/1310/2162 1886/2162/2161
s 37
f 1886/2162/2163 1100/1310/2163 1093/1314/2164
s 6
f 1886/2167/2165 1090/1300/658 1885/2165/657
f 1887/584/543 1053/2168/2166 1042/585/544
s 38
f 1053/2168/2167 1889/2169/2168 1890/2170/2169
s 6
f 1890/2171/2170 1040/1261/1245 1053/1263/1247
f 1159/642/598 1889/2169/2171 1887/584/543
s 38
f 1889/2169/2168 1161/2172/2172 1890/2170/2169
s 6
f 1161/2173/1308 1888/671/621 1890/2171/2170
f 1177/1360/1339 1893/2174/2173 1189/1358/1337
f 1189/1358/1337 1894/2175/2174 1190/1348/1329
f 1190/1348/1329 1895/2176/2175 1180/1345/1326
f 1180/1345/1326 1892/717/665 1175/721/669
f 1891/2177/596 1067/1291/1273 1893/2174/2173
f 1893/2174/2173 1061/1285/1267 1894/2175/2174
f 1894/2175/2174 1060/1283/1265 1895/2176/2175
f 1895/2176/2175 1057/718/666 1892/717/665
s 3
f 481/885/850 479/882/842 478/881/839
s 39
f 482/1629/2176 483/2/2177 484/1/2178
s 2
f 1238/7/7 218/186/173 20/8/8
f 1263/40/36 106/39/35 22/41/37
f 238/42/38 22/41/37 113/48/43
f 1278/49/44 113/48/43 1396/50/45
f 104/9/9 20/8/8 337/74/68
f 10/76/70 322/193/179 1333/77/71
f 23/79/72 332/130/120 1327/80/73
f 346/81/74 8/98/91 96/82/75
f 102/58/53 16/20/17 317/84/77
f 15/86/79 101/90/83 1312/87/80
f 15/86/79 342/88/81 1322/89/82
f 101/90/83 14/23/20 326/91/84
f 114/92/85 1307/148/136 337/74/68
f 115/93/86 1332/95/88 321/94/87
f 21/31/27 347/161/149 1342/96/89
f 1328/97/90 95/78/70 8/98/91
f 22/41/37 357/191/177 1357/102/95
f 1343/83/76 96/82/75 11/103/96
f 113/48/43 1357/102/95 367/108/101
f 316/109/102 1318/146/135 94/110/70
f 14/23/20 100/22/19 1362/112/103
f 110/66/61 17/60/55 389/114/105
f 98/116/70 12/137/127 388/117/107
f 13/63/58 108/62/57 1377/119/109
f 108/62/57 1392/70/65 419/120/110
f 1387/68/63 110/66/61 1382/115/106
f 7/111/70 94/110/70 1313/128/118
f 107/25/22 1322/89/82 332/130/120
f 94/110/70 9/147/70 341/131/121
f 16/20/17 104/9/9 1317/75/69
f 394/135/125 1378/155/143 99/136/126
f 95/78/70 1333/77/71 352/144/133
f 223/24/21 1233/122/112 101/90/83
f 1318/146/135 336/195/181 9/147/70
f 25/37/33 321/94/87 1307/148/136
f 99/136/126 1373/156/144 400/153/141
f 1378/155/143 418/825/779 1373/156/144
f 112/14/12 1327/80/73 347/161/149
f 11/103/96 362/185/172 1353/162/150
f 93/166/70 1323/167/154 341/131/121
f 10/76/70 331/187/174 1323/167/154
f 7/111/70 98/116/70 1368/118/108
s 3
f 434/169/156 1427/212/198 135/170/157
s 2
f 1363/172/159 394/135/125 12/137/127
f 1358/177/164 97/163/151 1348/178/165
f 97/163/151 1353/162/150 383/180/167
f 17/60/55 102/58/53 1367/85/78
f 12/137/127 99/136/126 1383/154/142
f 96/82/75 1338/188/175 362/185/172
f 331/187/174 10/76/70 95/78/70
f 8/98/91 352/144/133 1338/188/175
f 106/39/35 1342/96/89 357/191/177
f 322/193/179 10/76/70 93/166/70
f 1308/194/180 93/166/70 9/147/70
f 356/104/97 11/103/96 97/163/151
f 327/129/119 1363/172/159 98/116/70
s 3
f 487/198/184 1467/345/331 128/199/185
f 747/206/192 1508/333/319 129/207/193
f 513/209/195 31/235/221 125/210/196
f 1427/212/198 459/862/818 1544/213/199
f 1503/208/194 129/207/193 1513/217/203
f 475/219/205 1437/320/306 122/220/206
f 448/222/208 1442/300/286 133/223/209
f 1478/225/211 130/340/326 1483/226/212
f 133/223/209 1550/301/287 672/228/214
f 26/230/216 568/263/249 1419/231/217
f 30/232/218 125/210/196 1423/233/219
f 31/235/221 550/302/288 1423/233/219
f 1438/236/222 132/251/237 1545/237/223
f 32/242/228 586/305/291 1405/243/229
f 33/200/186 128/199/185 1410/245/231
f 436/247/233 27/276/262 120/248/234
f 1438/236/222 474/884/844 1522/250/236
f 29/255/241 123/280/266 1404/256/242
f 487/198/184 33/200/186 126/258/244
f 475/219/205 28/221/207 121/260/246
f 26/230/216 120/248/234 1399/262/248
f 33/200/186 566/246/232 1400/264/250
f 449/267/253 1527/315/301 117/268/254
f 34/270/256 605/271/257 1410/245/231
f 34/270/256 127/244/230 1405/243/229
f 27/276/262 121/260/246 1414/277/263
f 28/221/207 548/283/269 1414/277/263
f 450/279/265 30/232/218 123/280/266
f 524/282/268 1457/259/245 126/258/244
f 28/221/207 122/220/206 1419/231/217
f 135/170/157 1544/213/199 621/284/270
f 1468/288/274 486/894/855 1540/289/275
s 4
f 1409/291/277 119/304/290 1418/252/238
s 3
f 27/276/262 584/278/264 1399/262/248
f 540/293/279 1468/288/274 137/290/276
f 29/255/241 585/257/243 1413/298/284
f 30/232/218 603/234/220 1404/256/242
f 1442/300/286 497/905/870 1550/301/287
f 31/235/221 124/299/285 1413/298/284
s 4
f 604/303/289 1422/253/239 119/304/290
s 3
f 32/242/228 126/258/244 1400/264/250
f 1554/294/280 137/290/276 1512/307/293
f 137/290/276 1540/289/275 729/309/295
f 132/251/237 1482/314/300 622/312/298
f 132/251/237 1522/250/236 658/313/299
f 1527/315/301 692/1118/1084 1497/316/302
f 460/319/305 26/230/216 122/220/206
f 1517/171/158 135/170/157 1473/285/271
f 450/279/265 1452/211/197 125/210/196
f 498/325/311 1443/281/267 123/280/266
f 674/326/312 1492/342/328 131/327/313
f 1487/328/314 131/327/313 1498/329/315
f 524/282/268 32/242/228 127/244/230
f 539/332/318 1462/331/317 127/244/230
f 1513/217/203 129/207/193 1508/333/319
f 436/247/233 1432/261/247 121/260/246
f 460/319/305 1428/249/235 120/248/234
f 1483/226/212 130/340/326 1472/337/323
f 639/339/325 1472/337/323 130/340/326
f 498/325/311 29/255/241 124/299/285
f 513/209/195 1448/341/327 124/299/285
f 1498/329/315 131/327/313 1492/342/328
f 1526/224/210 133/223/209 1488/229/215
f 539/332/318 34/270/256 128/199/185
s 5
f 1569/352/338 800/530/494 54/353/339
f 780/364/347 1569/352/338 156/354/340
f 1589/378/360 155/444/419 53/379/361
f 1584/381/363 167/438/414 60/382/364
f 1604/388/370 163/398/379 52/389/371
f 848/397/378 59/451/426 163/398/379
f 1619/402/382 780/364/347 50/365/348
f 853/404/384 1619/402/382 154/403/383
f 864/412/392 1634/410/390 162/411/391
f 156/354/340 54/353/339 907/419/397
f 44/421/399 892/536/500 1664/422/400
f 916/426/403 42/443/399 148/427/399
f 154/403/383 50/365/348 887/429/405
f 166/437/413 1638/492/458 907/419/397
f 167/438/414 1663/440/416 891/439/415
f 53/379/361 921/445/420 1663/440/416
f 1659/442/418 147/423/399 42/443/399
f 155/444/419 1668/446/421 921/445/420
f 52/389/371 931/450/425 1668/446/421
f 1674/428/404 148/427/399 45/448/423
f 163/398/379 1683/452/427 931/450/425
f 59/451/426 954/535/499 1683/452/427
f 886/454/429 1649/490/457 146/455/399
f 162/411/391 51/405/385 959/459/432
f 150/461/399 46/482/399 958/462/434
f 55/413/393 162/411/391 1713/460/433
f 157/470/441 55/469/393 968/471/438
f 41/456/399 146/455/399 1644/473/443
f 146/455/399 43/491/399 911/476/446
f 50/365/348 156/354/340 1648/420/398
f 964/480/449 1709/499/465 151/481/399
f 816/380/362 53/379/361 167/438/414
f 147/423/399 1664/422/400 922/488/455
f 786/383/365 60/382/364 166/437/413
f 1649/490/457 906/538/502 43/491/399
f 60/382/364 891/439/415 1638/492/458
f 151/481/399 1704/500/466 969/497/463
f 1709/499/465 974/1250/1234 1704/500/466
f 45/448/423 932/529/493 1684/506/471
f 145/510/399 1654/511/475 911/476/446
f 44/421/399 901/531/495 1654/511/475
f 41/456/399 150/461/399 1699/463/435
f 1694/516/480 964/480/449 46/482/399
f 1689/521/485 149/507/472 1679/522/486
f 149/507/472 1684/506/471 953/524/488
f 51/405/385 154/403/383 1698/430/406
f 826/390/372 52/389/371 155/444/419
f 46/482/399 151/481/399 1714/498/464
f 148/427/399 1669/532/496 932/529/493
f 1559/489/456 166/437/413 54/353/339
f 901/531/495 44/421/399 147/423/399
f 42/443/399 922/488/455 1669/532/496
f 161/485/452 1678/487/454 954/535/499
f 892/536/500 44/421/399 145/510/399
f 1639/537/501 145/510/399 43/491/399
f 926/449/424 45/448/423 149/507/472
f 897/474/444 1694/516/480 150/461/399
s 6
f 1001/555/516 1780/699/647 182/556/517
f 1015/558/519 75/620/576 189/559/520
f 1755/567/527 185/633/589 79/568/528
f 1750/570/530 197/627/583 85/571/531
f 1770/577/537 193/587/546 78/578/538
f 1785/591/550 990/553/514 76/554/515
f 1075/593/552 1785/591/550 184/592/551
f 1800/599/558 1075/593/552 77/594/553
f 1086/601/560 1800/599/558 192/600/559
f 70/610/567 1114/722/670 1830/611/568
f 84/613/569 1124/662/615 1824/614/570
f 1138/615/571 68/632/588 178/616/572
f 184/592/551 76/554/515 1109/618/574
f 75/620/576 183/624/580 1809/621/577
f 75/620/576 1134/622/578 1819/623/579
f 183/624/580 74/557/518 1118/625/581
f 196/626/582 1804/679/628 1129/608/565
f 197/627/583 1829/629/585 1113/628/584
f 79/568/528 1143/634/590 1829/629/585
f 1825/631/587 177/612/567 68/632/588
f 185/633/589 1834/635/591 1143/634/590
f 78/578/538 1153/639/595 1834/635/591
f 1840/617/573 178/616/572 71/637/593
f 193/587/546 1849/641/597 1153/639/595
f 1891/640/596 1177/2134/1339 1849/641/597
f 1108/643/599 1815/677/627 176/644/567
f 74/557/518 182/556/517 1859/646/600
f 182/556/517 73/597/556 1199/647/601
f 192/600/559 77/594/553 1195/648/602
f 180/650/567 72/669/567 1194/651/604
f 73/597/556 190/596/555 1874/653/606
f 190/596/555 1884/604/563 1211/654/607
f 81/602/561 192/600/559 1879/649/603
f 67/645/567 176/644/567 1810/660/613
f 1740/560/521 189/559/520 84/613/569
f 189/559/520 1819/623/579 1124/662/615
f 176/644/567 69/678/567 1133/663/616
f 1200/667/619 1875/686/635 181/668/567
f 1026/569/529 79/568/528 197/627/583
f 177/612/567 1830/611/568 1144/675/625
f 996/572/532 85/571/531 196/626/582
f 1815/677/627 1128/724/672 69/678/567
f 85/571/531 1113/628/584 1804/679/628
f 181/668/567 1870/687/636 1205/684/633
f 1875/686/635 1210/1374/1351 1870/687/636
f 194/548/510 1824/614/570 1139/692/641
f 71/637/593 1154/713/661 1850/693/642
f 175/697/567 1820/698/646 1133/663/616
f 70/610/567 1123/715/663 1820/698/646
f 1780/699/647 1081/595/554 73/597/556
f 67/645/567 180/650/567 1865/652/605
f 1860/700/648 1200/667/619 72/669/567
f 1855/705/653 179/694/643 1845/706/654
f 179/694/643 1850/693/642 1176/708/656
f 77/594/553 184/592/551 1864/619/575
f 1036/579/539 78/578/538 185/633/589
f 72/669/567 181/668/567 1880/685/634
f 178/616/572 1835/716/664 1154/713/661
f 1725/676/626 196/626/582 80/542/506
f 1123/715/663 70/610/567 177/612/567
f 68/632/588 1144/675/625 1835/716/664
f 1114/722/670 70/610/567 175/697/567
f 1805/723/671 175/697/567 69/678/567
f 1148/638/594 71/637/593 179/694/643
f 1119/661/614 1860/700/648 180/650/567
s 2
f 1307/148/136 1309/1502/1479 340/1501/1478
f 1310/1504/1481 1311/1506/1483 338/1505/1482
f 324/1508/1485 325/1509/1486 1311/1506/1483
f 343/1515/1492 1316/1514/1491 1313/128/118
f 344/1513/1490 343/1515/1492 1326/1530/1507
f 1332/95/88 1334/1537/1514 323/1507/1484
f 1342/96/89 1344/1550/1527 360/1549/1526
f 349/1533/1510 348/1535/1512 1346/1554/1531
f 1359/1564/1541 1360/1565/1542 375/800/752
f 357/191/177 360/1549/1526 1359/1564/1541
f 1366/1569/1546 397/1572/1549 394/135/125
f 1370/1575/1552 319/1522/1499 318/1524/1501
f 393/113/104 1377/119/109 1379/1582/1559
f 1380/1583/1560 426/826/780 425/823/777
f 399/121/111 1382/115/106 1384/1585/1562
s 3
f 568/263/249 1399/262/248 1401/1599/1578
f 579/997/962 1401/1599/1578 1402/1600/1579
f 1402/1600/1579 1403/1601/1580 571/984/947
f 1401/1599/1578 589/1003/969 599/1006/972
f 599/1006/972 598/1014/980 1403/1601/1580
f 598/1014/980 586/305/291 1400/264/250
f 1404/256/242 1406/1602/1581 593/1009/975
f 1406/1602/1581 1407/1604/1583 594/1011/977
f 594/1011/977 1407/1604/1583 1408/1603/1582
f 600/1015/981 1408/1603/1582 1405/243/229
f 603/234/220 608/1019/985 1406/1602/1581
f 608/1019/985 617/1022/988 1407/1604/1583
f 1407/1604/1583 617/1022/988 616/1035/1002
f 1408/1603/1582 616/1035/1002 605/271/257
s 4
f 1409/291/277 1411/1608/1589 611/1605/993
s 3
f 1412/1607/1588 1410/245/231 605/271/257
s 4
f 1409/291/277 567/292/278 576/991/954
s 3
f 1412/1607/1588 569/983/946 566/246/232
f 550/302/288 1413/298/284 1415/1610/1591
f 1416/1611/1592 1417/1612/1593 553/964/925
f 1417/1612/1593 1414/277/263 548/283/269
f 1415/1610/1591 595/1010/976 588/1004/970
f 588/1004/970 587/1002/968 1417/1612/1593
f 587/1002/968 584/278/264 1414/277/263
f 1421/1615/1598 1419/231/217 568/263/249
f 1421/1615/1598 551/966/927 548/283/269
f 1425/1620/1603 1426/1624/1606 563/1621/941
s 4
f 1422/253/239 604/303/289 613/1026/992
s 3
f 1426/1622/1604 606/1018/984 603/234/220
f 459/862/818 1427/212/198 1429/1625/1607
f 462/1626/819 1429/1625/1607 1430/1627/1608
f 463/871/829 1430/1627/1608 1431/1628/1609
f 468/869/827 1431/1628/1609 1428/249/235
f 434/169/156 439/834/791 1429/1625/1607
f 439/834/791 445/837/794 1430/1627/1608
f 445/837/794 446/846/1610 1431/1628/1609
f 446/846/1610 436/247/233 1428/249/235
f 1432/261/247 1434/1630/1612 482/1629/1611
f 1436/1632/1615 1433/239/225 473/321/307
f 1436/1632/1615 442/841/798 435/843/800
f 1439/1633/1617 1440/1634/1619 467/876/1618
f 1440/1634/1619 1441/1635/1620 471/873/831
f 1441/1635/1620 1438/236/222 461/238/224
f 1437/320/306 475/219/205 482/1636/1611
f 1441/1635/1620 481/887/845 474/884/844
f 497/905/870 1442/300/286 1444/1637/1622
f 500/903/868 1444/1637/1622 1445/1638/1623
f 501/915/871 1445/1638/1623 1446/1639/1624
f 505/914/877 1446/1639/1624 1443/281/267
f 448/222/208 453/851/807 1444/1637/1622
f 453/851/1625 456/855/1626 1445/1638/1623
f 456/855/1626 457/1640/1627 1446/1639/1624
f 457/1640/1627 450/279/265 1443/281/267
f 518/1644/1633 1451/1643/1632 1448/341/327
f 1452/211/197 450/279/265 457/859/1627
f 1454/1645/1634 457/859/1627 456/861/1638
f 1455/1646/1636 456/861/1638 453/1648/1639
f 1456/1647/1637 453/1648/812 449/267/253
f 1457/259/245 1459/1649/1641 494/901/1640
f 491/2178/2179 494/901/1640 495/1651/1643
f 494/901/1640 1459/1649/1641 495/1651/1643
f 1460/1650/1642 1461/1652/1644 489/890/853
f 1459/1649/1641 532/944/1645 527/945/899
f 1460/1650/1642 527/945/899 526/934/897
f 1462/331/317 1464/1653/1646 532/941/1645
f 1464/1653/1646 544/1656/1649 545/953/1650
f 1466/1655/1648 541/955/910 538/950/909
f 1467/345/331 1469/1658/1651 544/1657/1649
f 1469/1658/1651 1470/1659/1653 545/961/1652
f 1470/1659/1653 1471/1660/1654 547/957/916
f 1471/1660/1654 1468/288/274 540/293/279
f 1467/345/331 487/198/184 496/902/1655
f 1469/1658/1651 496/902/1655 491/898/1656
f 1470/1659/1653 491/898/1656 493/897/856
f 1471/1660/1654 493/897/856 486/894/855
f 633/1049/1018 1474/1661/1657 1475/1662/1658
f 634/1042/1011 1475/1662/1658 1476/1663/1659
f 1472/1664/323 639/1063/325 648/1062/1030
f 1474/1661/1657 648/1062/1030 642/1056/1024
f 1475/1662/1658 642/1056/1024 641/1054/1022
f 1476/1663/1659 641/1054/1022 638/324/310
f 1487/1673/314 1489/1674/1666 685/1100/1067
f 1489/1674/1666 1490/1675/1667 686/1091/1059
f 1490/1675/1667 1491/1676/1668 677/1088/1056
f 677/1088/1056 1491/1676/1668 1488/229/215
f 701/1112/1078 694/1116/1081 1490/1675/1667
f 694/1116/1081 693/1106/1072 1491/1676/1668
f 693/1106/1072 690/344/330 1488/229/215
f 1497/316/302 692/1118/1084 706/1120/1086
f 1499/1681/1672 706/1120/1086 700/1114/1079
f 1500/1682/1673 700/1114/1079 699/1111/1077
f 1501/1684/1674 699/2179/1077 691/330/316
f 1512/307/293 1514/1693/1681 771/1182/1153
f 1514/1693/1681 1515/1694/1682 772/1188/1164
f 1515/1694/1682 1516/1695/1683 777/1185/1161
f 1516/1695/1683 1513/1696/203 765/1186/320
f 1512/307/293 729/309/295 742/1152/1124
f 1514/1693/1681 742/1152/1124 737/1147/1119
f 1515/1694/1682 737/1147/1119 736/1144/1117
f 1516/1695/1683 736/1144/1117 728/1146/204
s 5
f 1640/1850/1859 1641/1852/1861 909/1851/1860
f 887/429/405 1648/420/398 1650/1867/1876
f 890/1868/1877 1650/1867/1876 1651/1869/1878
f 889/1870/1879 1651/1869/1878 1652/1871/1880
f 1651/1869/1878 909/1851/1860 908/1853/1862
f 914/1861/1870 913/1863/1872 1657/1878/1887
f 1666/1886/1895 1667/1887/1896 895/1857/1866
f 924/1889/1898 925/1890/1899 1667/1887/1896
f 1670/1891/1900 1671/1892/1901 924/1889/1898
f 934/1895/1904 935/1896/1905 1672/1893/1902
f 1676/1900/1909 1677/1902/1911 928/1901/1910
f 955/1908/1917 1682/1907/1916 1679/522/486
f 1691/1913/1922 1692/1914/1923 950/1239/1222
f 1695/1915/1924 965/1918/1927 966/1919/1928
f 1698/430/406 887/429/405 890/1868/1877
f 965/1918/1927 1710/1935/1942 1711/1936/1943
f 1712/1937/1944 982/1248/1232 974/1250/1234
f 971/1933/1940 1716/1940/1946 1717/1941/1947
f 1715/1938/1945 962/1922/1931 961/1924/1933
s 6
f 1821/2098/2099 1822/2100/2101 1126/2099/2100
f 1826/2104/2105 1827/2106/2107 1141/2105/2106
f 1147/2114/2115 1144/675/625 1830/611/568
f 1841/2122/2123 1842/2124/2125 1151/2123/2124
f 1151/2123/2124 1150/2125/2126 1858/2137/2136
f 1120/2088/2089 1861/2138/2137 1862/2139/2138
f 1122/2090/2091 1863/2140/2139 1860/700/648
f 1197/2147/2146 1867/2146/2145 1868/2148/2147
f 1866/2144/2143 1112/2092/2093 1111/2094/2095
f 1867/2146/2145 1111/2094/2095 1110/2096/2097
f 1206/2153/2152 1207/2154/2153 1872/2151/2150
f 1199/647/601 1874/653/606 1876/2156/2155
f 1201/2141/2140 1876/2156/2155 1877/2157/2156
f 1874/653/606 1211/654/607 1223/1380/1358
f 1879/649/603 1195/648/602 1198/2145/2144
f 1882/2160/2159 1197/2147/2146 1196/2149/2148
s 2
f 1287/4/4 91/73/5 1/5/5
f 87/10/5 1232/64/59 224/11/10
f 213/13/11 23/79/72 112/14/12
f 4/16/5 88/46/5 1252/17/14
f 198/19/16 1238/7/7 104/9/9
f 209/21/18 1283/168/155 100/22/19
f 223/24/21 15/86/79 107/25/22
f 3/12/5 86/30/5 1227/27/24
f 1242/29/26 214/164/152 4/16/5
f 1248/15/13 112/14/12 21/31/27
f 1258/33/29 103/99/92 19/34/30
f 1253/36/32 115/93/86 25/37/33
f 228/32/28 21/31/27 106/39/35
f 1273/43/39 111/53/48 18/44/40
f 88/46/5 2/160/148 233/47/42
f 265/52/47 24/106/99 111/53/48
f 89/54/49 5/157/145 243/55/50
f 1288/57/52 198/19/16 16/20/17
f 270/59/54 1288/57/52 102/58/53
f 276/61/56 1298/69/64 108/62/57
f 1/5/5 208/196/182 1232/64/59
f 1303/65/60 270/59/54 17/60/55
f 282/67/62 1303/65/60 110/66/61
f 1298/69/64 299/774/721 1392/70/65
f 6/71/66 275/133/123 1282/72/67
f 19/34/30 351/100/93 1332/95/88
f 103/99/92 1337/101/94 351/100/93
f 18/44/40 361/105/98 1337/101/94
f 111/53/48 1352/107/100 361/105/98
f 24/106/99 384/192/178 1352/107/100
f 100/22/19 13/63/58 393/113/104
f 1233/122/112 209/21/18 14/23/20
f 1293/123/113 280/751/699 1388/124/114
f 105/125/115 1388/124/114 398/126/116
f 224/11/10 1242/29/26 86/30/5
f 1243/26/23 107/25/22 23/79/72
f 92/132/122 1297/150/138 275/133/123
f 199/6/6 1/5/5 87/10/5
f 234/35/31 19/34/30 115/93/86
f 1268/138/128 248/727/675 1397/139/129
f 109/141/130 1397/2180/129 366/142/131
f 204/38/34 25/37/33 114/92/85
f 1292/149/137 300/781/732 1297/150/138
f 281/151/139 1292/149/137 92/132/122
f 5/157/145 90/173/160 1272/158/146
f 1247/159/147 229/165/153 2/160/148
f 214/164/152 1247/159/147 88/46/5
f 229/165/153 1262/190/176 89/54/49
f 1283/168/155 276/61/56 13/63/58
f 90/173/160 1267/176/163 266/174/161
f 1277/175/162 249/736/684 1267/176/163
f 1293/123/113 105/125/115 1393/181/168
f 271/183/170 6/71/66 91/73/5
f 105/125/115 1372/127/117 417/184/171
f 244/45/41 18/44/40 103/99/92
f 1302/152/140 92/132/122 6/71/66
f 2/160/148 89/54/49 1257/56/51
f 1228/145/134 114/92/85 20/8/8
f 1268/189/128 109/141/130 24/106/99
f 1262/190/176 239/197/183 5/157/145
f 109/141/130 1347/143/132 384/192/178
f 1237/134/124 87/10/5 3/12/5
f 86/30/5 4/16/5 203/18/15
f 91/73/5 1282/72/67 208/196/182
f 239/197/183 1277/175/162 90/173/160
s 3
f 1463/201/187 538/950/909 1555/202/188
f 134/203/189 1555/202/188 763/204/190
f 136/214/200 1531/275/261 709/215/201
f 1433/239/225 435/843/800 1518/240/226
s 4
f 1418/252/238 119/304/290 1422/253/239
s 3
f 499/265/251 1447/274/260 136/214/200
f 1453/269/255 117/268/254 1532/272/258
f 1447/274/260 512/920/881 1531/275/261
f 525/286/272 1463/201/187 134/203/189
f 523/295/281 1536/335/321 116/296/282
f 1535/287/273 134/203/189 1507/205/191
f 118/241/227 1518/240/226 640/310/296
f 1549/266/252 136/214/200 1493/216/202
f 117/268/254 1497/316/302 710/318/304
f 473/321/307 1433/239/225 118/241/227
f 1523/322/308 118/241/227 1477/311/297
f 1536/335/321 745/1156/1129 1502/336/322
f 1458/297/283 116/296/282 1541/346/332
f 116/296/282 1502/336/322 727/348/334
s 5
f 1618/349/335 143/418/336 35/350/336
f 139/355/336 1563/409/389 806/356/341
f 795/358/342 58/424/401 164/359/343
f 38/361/336 140/391/336 1583/362/345
f 791/366/349 1614/512/476 152/367/350
f 805/369/352 49/431/407 159/370/353
f 37/357/336 138/375/336 1558/372/355
f 1573/374/357 796/508/473 38/361/336
f 1579/360/344 164/359/343 56/376/358
f 810/377/359 56/376/358 158/384/366
f 1594/385/367 158/384/366 57/386/368
f 140/391/336 36/504/336 815/392/373
f 820/387/369 57/386/368 165/393/374
f 1609/394/375 165/393/374 1721/395/376
f 141/399/336 39/501/467 825/400/380
f 859/406/386 1629/414/394 160/407/387
f 35/350/336 790/539/503 1563/409/389
f 1634/410/390 853/404/384 51/405/385
f 1629/414/394 869/1215/1193 1718/415/395
f 40/416/336 858/478/447 1613/417/396
f 58/424/401 902/475/445 1658/425/402
f 49/431/407 153/435/411 1643/432/408
f 49/431/407 912/433/409 1653/434/410
f 153/435/411 48/368/351 896/436/412
f 56/376/358 917/505/470 1673/441/417
f 57/386/368 927/534/498 1688/447/422
f 165/393/374 1688/447/422 937/453/428
f 48/368/351 152/367/350 1693/457/430
f 152/367/350 47/408/388 963/458/431
f 47/408/388 160/407/387 1708/464/436
f 160/407/387 1718/415/395 975/465/437
f 1564/467/439 791/366/349 48/368/351
f 1624/468/440 864/1837/392 55/469/393
f 806/356/341 1573/374/357 138/375/336
f 1574/371/354 159/370/353 58/424/401
f 159/370/353 1653/434/410 902/475/445
f 144/477/336 1628/494/460 858/478/447
f 781/351/337 35/350/336 139/355/336
f 1599/483/450 830/2181/1165 1722/484/451
f 161/485/452 1722/484/451 936/486/453
f 805/369/352 1564/467/439 153/435/411
f 1623/493/459 870/1224/1204 1628/494/460
f 863/495/461 1623/493/459 144/477/336
f 39/501/467 142/517/481 1603/502/468
f 1578/503/469 811/509/474 36/504/336
f 164/359/343 1658/425/402 917/505/470
f 796/508/473 1578/503/469 140/391/336
f 811/509/474 1593/533/497 141/399/336
f 1614/512/476 859/406/386 47/408/388
s 6
f 1784/513/477 173/607/478 61/514/478
s 5
f 142/517/481 1598/520/484 849/518/482
f 1608/519/483 831/1198/1174 1598/520/484
f 1624/468/440 157/470/441 1719/525/489
f 854/527/491 40/416/336 143/418/336
f 157/470/441 1703/472/442 973/528/492
f 1633/496/462 144/477/336 40/416/336
f 36/504/336 141/399/336 1588/401/381
f 1599/483/450 161/485/452 59/451/426
f 1593/533/497 821/540/504 39/501/467
f 158/384/366 1673/441/417 927/534/498
f 1568/479/448 139/355/336 37/357/336
f 138/375/336 38/361/336 785/363/346
f 143/418/336 1613/417/396 790/539/503
f 821/540/504 1608/519/483 142/517/481
s 6
f 1735/541/505 1010/714/662 80/542/506
f 169/544/478 1729/598/557 1016/545/508
f 1005/547/509 84/613/569 194/548/510
f 64/550/478 170/580/478 1749/551/512
f 990/553/514 1735/541/505 186/543/507
f 63/546/478 168/564/478 1724/561/522
f 1739/563/524 1006/695/644 64/550/478
f 1745/549/511 194/548/510 82/565/525
f 1020/566/526 82/565/525 188/573/533
f 1760/574/534 188/573/533 83/575/535
f 170/580/478 62/691/640 1025/581/540
f 1030/576/536 83/575/535 195/582/541
f 1775/583/542 195/582/541 1887/584/543
f 1058/586/545 1891/640/596 193/587/546
f 171/588/547 65/688/637 1035/589/548
f 1081/595/554 1795/603/562 190/596/555
f 61/514/478 1000/725/673 1729/598/557
f 1795/603/562 1091/1308/1291 1884/604/563
f 66/605/478 1080/665/617 1779/606/564
f 186/543/507 80/542/506 1129/608/565
f 82/565/525 1139/692/641 1839/630/586
f 83/575/535 1149/720/668 1854/636/592
f 195/582/541 1854/636/592 1159/642/598
f 1730/656/609 1001/555/516 74/557/518
f 1790/657/610 1086/601/560 81/602/561
f 187/658/611 81/602/561 1204/655/608
f 1016/545/508 1739/563/524 168/564/478
f 174/664/478 1794/681/630 1080/665/617
f 991/515/479 61/514/478 169/544/478
f 76/554/515 186/543/507 1814/609/566
f 1765/670/620 1040/1261/1245 1888/671/621
f 191/672/622 1888/671/621 1158/673/623
f 1015/558/519 1730/656/609 183/624/580
f 1789/680/629 1092/1318/1302 1794/681/630
f 1085/682/631 1789/680/629 174/664/478
f 65/688/637 172/701/649 1769/689/638
f 1744/690/639 1021/696/645 62/691/640
f 1006/695/644 1744/690/639 170/580/478
f 1021/696/645 1759/719/667 171/588/547
f 172/701/649 1764/704/652 1059/702/650
f 1774/703/651 1041/1270/1254 1764/704/652
f 1790/657/610 187/658/611 1885/709/657
f 1076/711/659 66/605/478 173/607/478
f 187/658/611 1869/659/612 1209/712/660
f 1799/683/632 174/664/478 66/605/478
f 62/691/640 171/588/547 1754/590/549
f 1765/670/620 191/672/622 1892/717/665
f 1759/719/667 1031/726/674 65/688/637
f 188/573/533 1839/630/586 1149/720/668
f 191/672/622 1844/674/624 1175/721/669
f 1734/666/618 169/544/478 63/546/478
f 168/564/478 64/550/478 995/552/513
f 173/607/478 1779/606/564 1000/725/673
f 1031/726/674 1774/703/651 172/701/649
s 2
f 248/727/675 251/730/678 254/728/676
f 251/730/678 252/741/687 255/731/679
f 254/728/676 255/731/679 256/733/681
f 257/734/682 260/740/686 259/735/683
f 258/737/685 261/747/688 260/738/686
f 260/740/686 255/731/679 252/741/687
f 261/742/688 256/733/681 255/731/679
f 250/51/689 253/1595/2180 263/743/690
f 262/744/691 263/743/690 261/747/694
f 263/743/690 264/746/2181 256/748/696
f 283/749/697 286/753/701 285/750/698
f 284/752/700 287/755/703 286/753/701
f 286/753/701 288/756/704 295/754/702
f 281/757/139 289/760/707 292/758/705
f 289/760/707 290/766/1474 293/761/708
f 291/759/706 292/758/705 287/755/703
f 292/758/705 293/761/708 288/762/704
f 294/763/709 297/765/711 296/764/710
f 295/754/702 288/756/704 297/765/711
f 297/765/711 293/761/713 290/766/712
f 298/182/169 301/2182/716 303/767/714
f 302/768/715 303/767/714 315/771/718
f 303/767/714 304/770/717 305/773/720
f 299/774/721 306/777/724 309/775/722
f 306/777/724 307/784/1472 310/778/725
f 308/776/726 309/775/722 304/770/727
f 309/775/722 310/778/725 305/773/729
f 311/779/730 314/2183/733 313/780/731
f 312/772/719 315/771/718 314/782/733
f 314/782/733 310/778/735 307/784/734
f 315/771/718 305/773/720 310/778/735
f 366/142/131 369/2184/738 371/786/736
f 370/787/737 371/786/736 382/790/740
f 371/786/736 372/789/2182 373/792/742
f 367/108/101 374/795/745 376/793/743
f 374/795/745 375/800/752 377/796/746
f 376/793/743 377/796/746 373/792/748
f 378/797/749 381/799/751 380/798/750
f 379/791/741 382/790/753 381/799/751
f 381/799/751 377/796/746 375/800/752
f 382/790/753 373/792/748 377/796/746
f 401/801/754 404/804/757 403/802/755
f 402/803/756 405/813/766 404/804/757
f 404/804/757 416/807/760 413/805/758
f 404/804/757 405/813/766 406/806/759
f 407/808/761 410/811/764 409/809/762
f 408/810/763 411/812/765 410/811/764
f 410/811/764 405/813/766 402/803/756
f 411/812/765 406/806/759 405/813/766
f 412/814/767 415/816/769 414/815/768
f 413/805/758 416/807/760 415/816/769
f 414/815/768 415/816/769 411/812/765
f 415/816/769 416/807/760 406/806/759
f 417/184/171 420/819/772 422/817/770
f 420/819/772 421/828/782 423/820/773
f 422/817/770 423/820/773 424/822/775
f 425/823/777 428/827/781 427/824/778
f 426/826/780 429/829/783 428/827/781
f 428/827/781 423/820/784 421/828/782
f 429/829/783 424/822/789 423/820/784
f 419/120/110 430/1592/787 432/830/785
f 431/831/786 432/830/785 429/829/783
f 432/830/785 433/821/788 424/822/789
s 3
f 437/833/790 440/836/793 439/834/791
f 442/841/798 440/845/793 444/842/799
s 8
f 445/840/797 441/839/796 443/844/803
s 3
f 462/863/819 472/867/823 470/865/821
f 462/863/819 463/2185/829 465/866/822
s 12
f 466/868/824 467/870/2183 468/869/825
s 3
f 469/872/832 470/865/1725 472/867/833
f 471/874/834 472/867/833 465/866/836
f 481/885/850 478/881/839 477/879/840
s 17
f 492/896/860 493/895/863 489/891/861
f 493/895/863 495/899/2184 490/892/864
s 18
f 494/901/865 491/2178/2185 496/902/866
s 3
f 500/903/868 503/907/872 502/904/869
f 506/911/875 504/919/874 507/912/876
f 508/916/878 511/918/880 510/917/879
f 509/909/873 503/908/872 511/918/880
f 511/918/880 504/919/874 506/911/875
s 20
f 516/926/885 520/925/2186 519/927/886
s 21
f 517/931/890 515/933/895 522/932/891
s 3
f 526/934/897 529/937/900 528/935/898
f 531/942/904 530/940/902 527/936/899
f 534/946/906 537/948/908 536/947/907
f 535/939/901 529/938/900 537/948/908
f 537/948/908 529/938/900 530/940/902
s 23
f 545/953/912 1897/960/2187 543/954/913
s 24
f 546/956/917 542/1724/2188 541/958/918
f 547/959/919 541/958/918 543/962/922
s 3
f 548/283/269 551/966/927 554/963/924
f 552/965/926 555/968/929 554/963/924
f 554/963/924 565/969/930 562/967/928
s 4
f 549/254/240 556/972/933 559/970/931
f 556/972/933 557/1619/1602 560/973/934
f 558/971/932 559/970/931 555/974/935
s 26
f 559/970/937 560/973/2189 565/976/938
s 3
f 561/977/940 564/979/942 563/978/941
f 562/967/928 565/969/944 564/979/942
f 564/979/942 560/982/945 557/980/943
f 569/983/946 572/986/949 571/984/947
f 570/985/948 573/988/951 572/986/949
f 572/986/949 583/989/952 580/987/950
s 4
f 567/292/278 574/992/955 577/990/953
f 574/992/955 575/1614/1595 578/993/956
f 576/994/954 577/995/953 573/988/957
s 27
f 577/995/959 578/1001/2190 583/996/960
s 3
f 579/997/962 582/999/964 581/998/963
f 580/987/950 583/989/966 582/999/964
f 582/999/964 578/1001/967 575/1000/965
f 587/1002/968 590/1005/971 589/1003/969
f 588/1004/970 591/1013/979 590/1005/971
f 590/1005/971 602/1008/974 599/1006/972
f 590/1005/971 591/1013/979 592/1007/973
f 593/1009/975 596/1012/978 595/1010/976
f 594/1011/977 597/1017/983 596/1012/978
f 596/1012/978 591/1013/979 588/1004/970
f 596/1012/978 597/1017/983 592/1007/973
f 598/1014/980 601/1016/982 600/1015/981
f 599/1006/972 602/1008/974 601/1016/982
f 601/1016/982 597/1017/983 594/1011/977
f 601/1016/982 602/1008/974 592/1007/973
f 606/1018/984 609/1021/987 608/1019/985
f 607/1020/986 610/1023/989 609/1021/987
f 609/1021/987 620/1024/990 617/1022/988
s 4
f 604/303/289 611/1605/993 614/1025/991
f 611/1027/993 612/1036/1585 615/1028/994
f 613/1026/992 614/1025/991 610/1030/995
s 28
f 614/1029/997 615/1028/2191 620/1032/998
s 3
f 605/271/257 616/1035/1002 619/1033/1000
f 617/1022/988 620/1024/1004 619/1033/1000
f 619/1033/1000 615/1028/1005 612/1036/1003
f 621/284/270 624/1039/1008 627/1037/1006
f 626/1038/1007 627/1037/1006 637/1041/1010
f 622/312/298 629/1047/1015 627/1045/1013
f 629/1047/1015 630/1053/1021 632/1048/1016
f 633/1049/1018 636/1052/1020 635/1050/1019
f 634/1042/1011 637/1041/1010 636/1052/1020
f 636/1052/1020 632/1048/1016 630/1053/1021
f 637/1041/1010 628/1044/1012 632/1048/1016
f 641/1054/1022 644/1057/1025 643/1055/1023
f 642/1056/1024 645/1059/1027 644/1057/1025
f 644/1057/1025 655/1060/1028 652/1058/1026
f 646/1061/1029 649/1065/1032 648/1062/1030
f 647/1064/1031 650/1066/1033 649/1065/1032
f 649/1065/1032 645/1059/1027 642/1056/1024
f 650/1066/1033 655/1070/1028 645/1059/1027
f 651/1067/1034 654/1069/1036 653/1068/1035
f 652/1058/1026 655/1060/1028 654/1069/1036
f 654/1069/1036 650/1066/1033 647/1064/1031
f 656/323/309 659/1073/1039 662/1071/1037
f 659/1073/1039 660/1082/1047 663/1074/1040
f 664/1077/1042 667/1081/1046 666/1078/1043
f 665/1080/1044 663/1086/1053 667/1081/1045
f 667/1081/1046 663/1074/1040 660/1082/1047
f 658/313/299 668/1085/1688 671/1083/1048
s 29
f 668/1085/1050 669/1076/2192 662/1075/1051
s 3
f 670/1084/1049 671/1083/2193 663/1086/1053
f 675/1087/1055 678/1090/1058 677/1088/1056
f 676/1089/1057 679/1099/1060 678/1090/1058
f 678/1090/1058 689/1093/1061 686/1091/1059
f 680/1094/1062 683/1097/1065 682/1095/1063
f 681/1096/1064 684/1098/1066 683/1097/1065
f 683/1097/1065 679/1099/1060 676/1089/1057
f 685/1100/1067 688/1103/1069 687/1101/1068
f 686/1091/1059 689/1093/1061 688/1103/1069
f 688/1103/1069 684/1098/1066 681/1096/1064
f 689/1093/1061 679/1092/1060 684/1098/1066
f 690/344/330 693/1106/1072 696/1104/1070
f 693/1106/1072 694/1116/1081 697/1107/1073
f 695/1105/1071 696/1104/1070 708/1108/1074
f 696/1104/1070 697/1107/1073 698/1110/1076
f 699/1111/1077 702/1115/1080 701/1112/1078
f 700/1114/1079 703/1117/1082 702/1115/1080
f 702/1115/1080 697/1107/1083 694/1116/1081
f 703/1117/1082 698/1110/2194 697/1107/1083
f 692/1118/1084 704/1121/1087 707/1119/1085
f 704/1121/1087 705/1109/1704 708/1108/1088
f 706/1120/1086 707/1119/1085 703/1117/1089
f 707/1119/1085 708/1108/1088 698/1110/1090
f 709/215/201 712/1707/1093 714/1122/1091
f 713/1123/1092 714/1122/1091 726/1126/1095
f 714/1122/1091 715/1125/1094 716/1128/1097
f 710/318/304 717/1131/1100 720/1129/1098
f 717/1131/1100 718/1137/1109 721/1132/1101
f 719/1130/1102 720/1129/1098 715/1125/1103
f 720/1129/1098 721/1132/1101 716/1128/1105
f 722/1133/1106 725/1136/1108 724/1134/1107
f 723/1127/1096 726/1126/1095 725/1136/1108
f 725/1136/1108 721/1132/1110 718/1137/1109
f 726/1126/1095 716/1128/1097 721/1132/1110
f 727/348/334 730/1140/1113 733/1138/1111
f 730/1140/1113 731/1149/1121 734/1141/1114
f 733/1138/1111 734/1141/1114 735/1143/1116
f 736/1144/1117 739/1148/1120 738/1145/1118
f 737/1147/1119 740/1150/1122 739/1148/1120
f 739/1148/1120 734/1141/1114 731/1149/1121
f 740/1150/1122 735/1143/1116 734/1141/1114
f 729/309/295 741/1153/1714 743/1151/1123
f 741/1153/1125 732/1714/1716 744/1142/1126
f 742/1152/1124 743/1151/1123 740/1150/1122
f 743/1151/1123 744/1142/1126 735/1143/1116
f 748/1154/1127 751/1158/1131 750/1155/1128
f 749/1157/1130 752/1167/1133 751/1158/1131
f 751/1158/1131 762/1161/1134 759/1159/1132
f 753/1162/1135 756/1165/1138 755/1163/1136
f 754/1164/1137 757/1166/1139 756/1165/1138
f 756/1165/1138 752/1167/1133 749/1157/1130
f 758/1168/1140 761/1171/1142 760/1169/1141
f 759/1159/1132 762/1161/1134 761/1171/1142
f 761/1171/1142 757/1166/1139 754/1164/1137
f 762/1161/1134 752/1160/1133 757/1166/1139
f 763/204/190 766/1174/1739 769/1172/1143
f 768/1173/1144 769/1172/1143 779/1176/1148
f 764/308/294 771/1182/1153 774/1180/1151
f 771/1182/1153 772/1188/1164 779/1183/1154
f 774/1180/1155 769/1178/1159 767/1175/1156
f 774/1180/1155 779/1183/1154 770/1179/1158
f 775/1184/1160 778/1187/1162 777/1185/1161
f 776/1177/1149 779/1176/1148 778/1187/1162
f 778/1187/1163 779/1183/1154 772/1188/1164
s 5
f 830/1189/1165 833/1192/1168 836/1190/1166
f 833/1192/1168 834/1201/1177 837/1193/1169
f 836/1190/1166 837/1193/1169 838/1195/1171
f 839/1196/1172 842/1200/1176 841/1197/1173
f 840/1199/1175 843/1202/1178 842/1200/1176
f 842/1200/1176 837/1193/1169 834/1201/1177
f 843/1202/1178 838/1195/1171 837/1193/1169
f 832/396/377 844/1946/2195 846/1203/1179
f 844/1205/1181 835/2186/2196 847/1194/1182
f 845/1207/1180 846/1206/1179 843/1202/1183
f 846/1206/1179 847/1194/1182 838/1195/1185
f 868/526/490 871/2187/1188 873/1208/1186
f 872/1209/1187 873/1208/1186 885/1212/1190
f 873/1208/1186 874/1211/1189 875/1214/1192
f 869/1215/1193 876/1844/1196 879/1216/1194
f 876/1218/1196 877/1226/1853 880/1219/1197
f 878/1221/1198 879/1220/1194 874/1211/1199
f 879/1220/1194 880/1219/1197 875/1214/1201
f 881/1222/1202 884/1225/1205 883/1223/1203
f 882/1213/1191 885/1212/1190 884/1225/1205
f 884/1225/1205 880/1219/1207 877/1226/1206
f 885/1212/1190 875/1214/1192 880/1219/1207
f 936/486/453 939/2188/1210 941/1227/1208
f 940/1228/1209 941/1227/1208 952/1231/1212
f 941/1227/1208 942/1230/2197 943/1233/1214
f 937/453/428 944/1236/1217 946/1234/1215
f 944/1236/1217 945/1241/1224 947/1237/1218
f 946/1234/1215 947/1237/1218 943/1233/1220
f 948/1238/1221 951/1240/1223 950/1239/1222
f 949/1232/1213 952/1231/1225 951/1240/1223
f 951/1240/1223 947/1237/1218 945/1241/1224
f 952/1231/1225 943/1233/1220 947/1237/1218
f 973/528/492 976/1244/1228 979/1242/1226
f 976/1244/1228 977/1928/1237 980/1245/1229
f 979/1242/1226 980/1245/1229 981/1247/1231
f 982/1248/1232 985/1252/1236 984/1249/1233
f 983/1251/1235 986/1254/1238 985/1252/1236
f 985/1252/1236 980/1255/1239 977/1253/1237
f 986/1254/1238 981/1260/1244 980/1255/1239
f 975/465/437 978/1943/1242 988/1256/1240
f 987/1257/1241 988/1256/1240 986/1254/1238
f 988/1256/1240 989/1259/2198 981/1260/1244
s 6
f 1040/1261/1245 1043/1264/1248 1045/1262/1246
f 1043/1264/1248 1044/1275/1257 1046/1265/1249
f 1045/1262/1246 1046/1265/1249 1047/1267/1251
f 1048/1268/1252 1051/1274/1256 1050/1269/1253
f 1049/1271/1255 1052/1281/1258 1051/1272/1256
f 1051/1274/1256 1046/1265/1249 1044/1275/1257
f 1052/1276/1258 1047/1267/1251 1046/1265/1249
f 1042/585/544 1053/2168/1261 1055/1277/1259
f 1054/1278/1260 1055/1277/1259 1052/1281/1263
f 1055/1277/1259 1056/1280/2199 1047/1282/1264
f 1060/1283/1265 1063/1286/1268 1062/1284/1266
f 1061/1285/1267 1064/1295/1270 1063/1286/1268
f 1063/1286/1268 1074/1289/1271 1071/1287/1269
f 1065/1290/1272 1068/1294/1275 1067/1291/1273
f 1066/1293/1274 1069/1296/1276 1068/1294/1275
f 1067/1291/1273 1068/1294/1275 1064/1295/1270
f 1059/702/650 1070/1299/1279 1073/1297/1277
f 1070/1299/1279 1071/1287/2029 1074/1289/1280
f 1072/1298/1278 1073/1297/1277 1069/1296/1281
f 1073/1297/1283 1074/1289/1271 1064/1288/1270
f 1090/1300/658 1093/2189/1286 1095/1301/1284
f 1094/1302/1285 1095/1301/1284 1107/1305/1288
f 1095/1301/1284 1096/1304/1287 1097/1307/1290
f 1091/1308/1291 1098/1311/1294 1101/1309/1292
f 1098/1311/1294 1099/2065/2069 1102/1312/1295
f 1100/1310/1296 1101/1309/1292 1096/1313/1297
f 1101/1309/1292 1102/1312/1295 1097/1315/1299
f 1103/1316/1300 1106/1319/1303 1105/1317/1301
f 1104/1306/1289 1107/1305/1288 1106/1319/1303
f 1106/1319/1303 1102/1321/1305 1099/1320/1304
f 1107/1305/1288 1097/1307/1290 1102/1321/1305
f 1158/673/623 1161/2173/1308 1163/1322/1306
f 1162/1323/1307 1163/1322/1306 1174/1326/1310
f 1163/1322/1306 1164/1325/1309 1165/1328/1312
f 1159/642/598 1166/1331/1315 1168/1329/1313
f 1166/1331/1315 1167/1342/1323 1169/1332/1316
f 1168/1329/1313 1169/1332/1316 1165/1335/1318
f 1170/1337/1320 1173/1341/1322 1172/1338/1321
f 1171/1327/1311 1174/1326/1324 1173/1339/1322
f 1173/1341/1322 1169/1332/1316 1167/1342/1323
f 1174/1326/1324 1165/1328/1318 1169/1343/1316
f 1178/1344/1325 1181/1347/1328 1180/1345/1326
f 1179/1346/1327 1182/1357/1336 1181/1347/1328
f 1181/1347/1328 1193/1350/1331 1190/1348/1329
f 1181/1347/1328 1182/1357/1336 1183/1349/1330
f 1184/1351/1332 1187/1354/1335 1186/1352/1333
f 1184/1351/1332 1185/1363/1341 1188/1353/1334
f 1187/1355/1335 1182/1357/1336 1179/1346/1327
f 1187/1355/1335 1188/1365/1334 1183/1349/1330
f 1189/1358/1337 1192/1361/1340 1191/1359/1338
f 1190/1348/1329 1193/1350/1331 1192/1361/1340
f 1192/1362/1340 1188/1353/1334 1185/1363/1341
f 1193/1350/1331 1183/1349/1330 1188/1365/1334
f 1209/712/660 1212/1368/1344 1214/1366/1342
f 1212/1368/1344 1213/1377/1354 1215/1369/1345
f 1214/1366/1342 1215/1369/1345 1216/1371/1347
f 1217/1372/1349 1220/1376/1353 1219/1373/1350
f 1218/1375/1352 1221/1378/1355 1220/1376/1353
f 1220/1376/1353 1215/1369/1356 1213/1377/1354
f 1221/1378/1355 1216/1371/1361 1215/1369/1356
f 1211/654/607 1222/2163/1359 1224/1379/1357
f 1223/1380/1358 1224/1379/1357 1221/1378/1355
f 1224/1379/1357 1225/1370/1360 1216/1371/1361
s 2
f 219/28/25 1227/27/24 1229/1382/1362
f 222/1384/1363 1229/1390/1362 1230/1385/1364
f 221/1386/1366 1230/1385/1371 1231/1387/1367
f 1231/1387/1367 1228/145/134 218/186/173
f 1227/27/24 203/18/15 205/1389/1369
f 1229/1390/1362 205/1428/1369 206/1391/1370
f 1230/1385/1371 206/1391/1409 207/1392/1372
f 207/1392/1372 204/38/34 1228/145/134
f 1232/64/59 1234/1399/1374 227/1393/1373
f 1234/1394/1374 1235/1397/1380 226/1395/1375
f 1235/1397/1376 1236/1402/1382 225/1398/1377
f 225/1398/1377 1236/1402/1382 1233/122/112
f 208/196/182 210/1469/1379 1234/1399/1374
f 210/1400/1379 211/1401/1448 1235/1397/1380
f 211/1401/1381 212/1472/1450 1236/1402/1382
f 1236/1402/1382 212/1472/1450 209/21/18
f 1237/134/124 1239/1409/1384 202/1403/1383
f 1239/1404/1384 1240/1407/1389 201/1405/1385
f 1240/1407/1386 1241/1410/1390 200/1408/1387
f 200/1408/1387 1241/1410/1390 1238/7/7
f 219/28/25 222/1383/1363 1239/1409/1384
f 222/1384/1363 221/1386/1365 1240/1407/1389
f 221/1386/1366 220/1388/1368 1241/1410/1390
f 1241/1410/1390 220/1388/1368 218/186/173
f 214/164/152 1242/29/26 1244/1411/1391
f 217/1413/1392 1244/1418/1391 1245/1414/1393
f 216/1415/1395 1245/1414/1398 1246/1416/1396
f 1246/1416/1396 1243/26/23 213/13/11
f 1242/29/26 224/11/10 227/1393/1373
f 1244/1418/1391 227/1396/1373 226/1395/1375
f 1245/1414/1398 226/1395/1378 225/1398/1377
f 225/1398/1377 223/24/21 1243/26/23
f 229/1419/153 1247/2190/147 1249/1420/1399
f 232/1421/1400 1249/1420/1399 1250/1422/1401
f 231/1423/1403 1250/1422/1406 1251/1424/1404
f 1251/1424/1404 1248/15/13 228/32/28
f 1247/159/147 214/164/152 217/1412/1392
f 1249/1420/1399 217/1413/1392 216/1415/1394
f 1250/1422/1406 216/1415/1395 215/1417/1397
f 215/1417/1397 213/13/11 1248/15/13
f 203/18/15 1252/17/14 1254/1427/1407
f 205/1428/1369 1254/1432/1407 1255/1429/1408
f 206/1391/1409 1255/1429/1413 1256/1430/1410
f 1256/1430/1410 1253/36/32 204/38/34
f 1252/17/14 233/47/42 235/1431/1411
f 1254/1432/1407 235/1436/1411 236/1433/1412
f 1255/1429/1413 236/1433/1417 237/1434/1414
f 237/1434/1414 234/35/31 1253/36/32
f 233/47/42 1257/56/51 1259/1435/1415
f 235/1436/1411 1259/1440/1415 1260/1437/1416
f 236/1433/1417 1260/1437/1421 1261/1438/1418
f 1261/1438/1418 1258/33/29 234/35/31
f 1257/56/51 243/55/50 245/1439/1419
f 1259/1440/1415 245/1460/1419 246/1441/1420
f 1260/1437/1421 246/1441/1439 247/1442/1422
f 247/1442/1422 244/45/41 1258/33/29
f 239/1443/183 1262/1450/176 1264/1444/1423
f 242/1445/1424 1264/1444/1423 1265/1446/1425
f 241/1447/1427 1265/1446/1430 1266/1448/1428
f 1266/1448/1428 1263/40/36 238/42/38
f 1262/1450/176 229/1419/153 232/1421/1400
f 1264/1444/1423 232/1421/1400 231/1423/1402
f 1265/1446/1430 231/1423/1403 230/1425/1405
f 230/1425/1405 228/32/28 1263/40/36
f 1267/176/163 1269/1452/1432 269/1451/1431
f 1269/1452/1432 1270/1454/1434 268/1453/1433
f 1270/1454/1434 1271/1458/1436 267/1455/1435
f 1271/1456/1436 1268/189/128 265/52/47
f 249/736/684 259/735/683 1269/1452/1432
f 259/735/683 252/741/687 1270/1454/1434
f 252/741/687 251/730/678 1271/1458/1436
f 251/730/678 248/727/675 1268/138/128
f 243/55/50 1272/158/146 1274/1459/1437
f 245/1460/1419 1274/2191/1441 1275/1461/1438
f 246/1441/1439 1275/1461/1442 1276/1462/1440
f 247/1442/1422 1276/1462/1440 1273/43/39
f 1272/158/146 266/174/161 269/1451/1431
f 1274/1459/1441 269/1451/1431 268/1453/1433
f 1275/1461/1442 268/2192/1433 267/1457/1435
f 267/1457/1435 265/52/47 1273/43/39
f 249/1464/684 1277/1468/162 1279/1465/1443
f 257/739/682 1279/1465/1443 1280/1466/1444
f 258/737/695 1280/1466/1446 1281/1467/1445
f 262/744/691 1281/1467/1445 1278/49/44
f 1277/1468/162 239/1443/183 242/1445/1424
f 1279/1465/1443 242/1445/1424 241/1447/1426
f 1280/1466/1446 241/1447/1427 240/1449/1429
f 1281/1467/1445 240/1449/1429 238/42/38
f 1282/72/67 1284/1473/1447 210/1469/1379
f 1284/1470/1447 1285/1471/1452 211/1401/1448
f 1285/1471/1449 1286/1476/1454 212/1472/1450
f 212/1472/1450 1286/1476/1454 1283/168/155
f 275/133/123 277/1490/1451 1284/1473/1447
f 277/1474/1451 278/1475/1467 1285/1471/1452
f 278/1475/1453 279/1493/1469 1286/1476/1454
f 1286/1476/1454 279/1493/1469 276/61/56
f 1287/4/4 1289/1483/1456 274/1477/1455
f 1289/1478/1456 1290/1481/1461 273/1479/1457
f 1290/1481/1458 1291/1484/1462 272/1482/1459
f 272/1482/1459 1291/1484/1462 1288/57/52
f 199/6/6 202/1403/1383 1289/1483/1456
f 202/1406/1383 201/1405/1385 1290/1481/1461
f 201/1405/1388 200/1408/1387 1291/1484/1462
f 1291/1484/1462 200/1408/1387 198/19/16
f 300/781/732 1292/149/137 1294/1485/1463
f 311/783/730 1294/1489/1463 1295/1486/1464
f 312/772/719 1295/1486/1464 1296/1487/1465
f 302/768/715 1296/1487/1465 1293/123/113
f 1292/149/137 281/151/139 291/1488/706
f 1294/1489/1463 291/759/706 284/752/700
f 1295/1486/1464 284/752/700 283/749/697
f 1296/1487/1465 283/749/697 280/751/699
f 1297/150/138 1299/1495/1466 277/1490/1451
f 1299/1491/1466 1300/1492/1471 278/1475/1467
f 1300/1492/1468 1301/1494/1470 279/1493/1469
f 1301/1494/1470 1298/69/64 276/61/56
f 300/781/732 313/780/731 1299/1495/1466
f 313/785/731 307/784/734 1300/1492/1471
f 307/784/1472 306/777/724 1301/1494/1470
f 306/777/724 299/774/721 1298/69/64
f 1302/152/140 1304/1500/1473 289/1496/707
f 1304/1497/1473 1305/1498/1477 290/766/1474
f 1305/1498/1475 1306/1499/1476 296/764/710
f 1306/1499/1476 1303/65/60 282/67/62
f 271/183/170 274/1477/1455 1304/1500/1473
f 274/1480/1455 273/1479/1457 1305/1498/1477
f 273/1479/1460 272/1482/1459 1306/1499/1476
f 272/1482/1459 270/59/54 1303/65/60
f 1309/1502/1479 1310/1504/1481 339/1503/1480
f 1311/1506/1483 1308/194/180 336/195/181
f 321/94/87 323/1507/1484 1309/1502/1479
f 323/1507/1484 324/1508/1485 1310/1504/1481
f 325/1509/1486 322/193/179 1308/194/180
f 342/88/81 1312/87/80 1314/1510/1487
f 345/1511/1488 1314/1510/1487 1315/1512/1489
f 344/1513/1490 1315/1512/1489 1316/1514/1491
f 1312/87/80 326/91/84 328/1516/1493
f 1314/1510/1487 328/1516/1493 329/1517/1494
f 1315/1512/1489 329/1517/1494 330/1518/1495
f 1316/1514/1491 330/1518/1495 327/129/119
f 317/84/77 1317/75/69 1319/1519/1496
f 320/1520/1497 1319/1519/1496 1320/1521/1498
f 319/1522/1499 1320/1521/1498 1321/1523/1500
f 318/1524/1501 1321/1523/1500 1318/146/135
f 1317/75/69 337/74/68 340/1501/1478
f 1319/1519/1496 340/1501/1478 339/1503/1480
f 1320/1521/1498 339/1503/1480 338/1505/1482
f 1321/1523/1500 338/1505/1482 336/195/181
f 1322/89/82 1324/1526/1503 335/1525/1502
f 1324/1526/1503 1325/1528/1505 334/1527/1504
f 1325/1528/1505 1326/1530/1507 333/1529/1506
f 1326/1530/1507 1323/167/154 331/187/174
f 342/88/81 345/1511/1488 1324/1526/1503
f 345/1511/1488 344/1513/1490 1325/1528/1505
f 343/1515/1492 341/131/121 1323/167/154
f 1327/80/73 1329/1532/1509 350/1531/1508
f 1329/1532/1509 1330/1534/1511 349/1533/1510
f 1330/1534/1511 1331/1536/1513 348/1535/1512
f 1331/1536/1513 1328/97/90 346/81/74
f 332/130/120 335/1525/1502 1329/1532/1509
f 335/1525/1502 334/1527/1504 1330/1534/1511
f 334/1527/1504 333/1529/1506 1331/1536/1513
f 333/1529/1506 331/187/174 1328/97/90
f 1334/1537/1514 1335/1538/1515 324/1508/1485
f 1335/1538/1515 1336/1539/1516 325/1509/1486
f 1336/1539/1516 1333/77/71 322/193/179
f 351/100/93 353/1540/1517 1334/1537/1514
f 353/1540/1517 354/1541/1518 1335/1538/1515
f 354/1541/1518 355/1542/1519 1336/1539/1516
f 355/1542/1519 352/144/133 1333/77/71
f 1337/101/94 1339/1543/1520 353/1540/1517
f 1339/1543/1520 1340/1544/1521 354/1541/1518
f 1340/1544/1521 1341/1545/1522 355/1542/1519
f 1341/1545/1522 1338/188/175 352/144/133
f 361/105/98 363/1546/1523 1339/1543/1520
f 363/1546/1523 364/1547/1524 1340/1544/1521
f 364/1547/1524 365/1548/1525 1341/1545/1522
f 365/1548/1525 362/185/172 1338/188/175
f 1344/1550/1527 1345/1552/1529 359/1551/1528
f 1345/1552/1529 1346/1554/1531 358/1553/1530
f 1346/1554/1531 1343/83/76 356/104/97
f 347/161/149 350/1531/1508 1344/1550/1527
f 350/1531/1508 349/1533/1510 1345/1552/1529
f 348/1535/1512 346/81/74 1343/83/76
f 384/192/178 1347/143/132 1349/1555/1532
f 387/1556/1533 1349/1555/1532 1350/1557/1534
f 386/1558/1535 1350/1557/1534 1351/1559/1536
f 385/1560/1537 1351/1559/1536 1348/178/165
f 1347/143/132 366/142/131 370/787/737
f 1349/1555/1532 370/787/737 379/791/741
f 1350/1557/1534 379/791/741 378/797/749
f 1351/1559/1536 378/797/749 368/179/166
f 1352/107/100 1354/1561/1538 363/1546/1523
f 1354/1561/1538 1355/1562/1539 364/1547/1524
f 1355/1562/1539 1356/1563/1540 365/1548/1525
f 1356/1563/1540 1353/162/150 362/185/172
f 384/192/178 387/1556/1533 1354/1561/1538
f 387/1556/1533 386/1558/1535 1355/1562/1539
f 386/1558/1535 385/1560/1537 1356/1563/1540
f 385/1560/1537 383/180/167 1353/162/150
f 1357/102/95 1359/1564/1541 374/795/745
f 1360/1565/1542 1361/1566/1543 380/798/750
f 1361/1566/1543 1358/177/164 368/179/166
f 360/1549/1526 359/1551/1528 1360/1565/1542
f 359/1551/1528 358/1553/1530 1361/1566/1543
f 358/1553/1530 356/104/97 1358/177/164
f 326/91/84 1362/112/103 1364/1567/1544
f 328/1516/1493 1364/1567/1544 1365/1568/1545
f 329/1517/1494 1365/1568/1545 1366/1569/1546
f 330/1518/1495 1366/1569/1546 1363/172/159
f 1362/112/103 393/113/104 395/1570/1547
f 1364/1567/1544 395/1570/1547 396/1571/1548
f 1365/1568/1545 396/1571/1548 397/1572/1549
f 389/114/105 1367/85/78 1369/1573/1550
f 392/1574/1551 1369/1573/1550 1370/1575/1552
f 391/1576/1553 1370/1575/1552 1371/1577/1554
f 390/1578/1555 1371/1577/1554 1368/118/108
f 1367/85/78 317/84/77 320/1520/1497
f 1369/1573/1550 320/1520/1497 319/1522/1499
f 1371/1577/1554 318/1524/1501 316/109/102
f 1372/127/117 1374/1579/1556 420/819/772
f 1374/1579/1556 1375/1580/1557 421/828/782
f 1375/1580/1557 1376/1581/1558 427/824/778
f 1376/1581/1558 1373/156/144 418/825/779
f 398/126/116 403/802/755 1374/1579/1556
f 403/802/755 413/805/758 1375/1580/1557
f 413/805/758 412/814/767 1376/1581/1558
f 412/814/767 400/153/141 1373/156/144
f 395/1570/1547 1379/1582/1559 1380/1583/1560
f 396/1571/1548 1380/1583/1560 1381/1584/1561
f 397/1572/1549 1381/1584/1561 1378/155/143
f 1377/119/109 419/120/110 431/831/786
f 1379/1582/1559 431/831/786 426/826/780
f 1381/1584/1561 425/823/777 418/825/779
f 407/808/761 1384/1585/1562 1385/1586/1563
f 408/810/763 1385/1586/1563 1386/1587/1564
f 414/815/768 1386/1587/1564 1383/154/142
f 1382/115/106 389/114/105 392/1574/1551
f 1384/1585/1562 392/1574/1551 391/1576/1553
f 1385/1586/1563 391/1576/1553 390/1578/1555
f 1386/1587/1564 390/1578/1555 388/117/107
f 1387/68/63 1389/1588/1565 294/763/709
f 1389/1588/1565 1390/1589/1566 295/754/702
f 1390/1589/1566 1391/1590/1567 285/750/698
f 1391/1590/1567 1388/124/114 280/751/699
f 399/121/111 409/809/762 1389/1588/1565
f 409/809/762 402/803/756 1390/1589/1566
f 402/803/756 401/801/754 1391/1590/1567
f 401/801/754 398/126/116 1388/124/114
f 419/120/110 1392/70/65 1394/1591/1568
f 430/818/771 1395/1594/1574 1393/181/168
f 1392/70/65 299/774/721 308/776/1572
s 31
f 1394/1591/1570 308/776/2200 301/769/1573
s 2
f 1395/1594/1574 301/2182/716 298/182/169
f 1396/50/45 1398/1597/1577 253/1595/1575
f 1398/1596/1576 1397/139/129 248/727/675
f 367/108/101 369/794/744 1398/1597/1577
f 369/1598/738 366/2193/131 1397/139/129
s 3
f 1403/1601/1580 1400/264/250 566/246/232
f 1399/262/248 584/278/264 589/1003/969
s 4
f 1411/1606/1584 1412/1609/1586 612/1036/1585
f 1411/1606/1584 576/994/954 570/985/958
s 3
f 561/977/940 1415/1610/1591 1416/1611/1592
f 1413/298/284 585/257/243 595/1010/976
s 4
f 1418/252/238 1420/1613/1599 574/992/955
f 1420/1613/1594 1421/1616/1596 575/1614/1595
f 1418/252/238 549/254/240 558/971/932
f 1420/1613/1594 558/971/932 552/975/936
f 1422/253/239 1424/1618/1601 556/972/933
f 1424/1618/1601 1425/1620/1605 557/1619/1602
s 3
f 1426/1622/1604 1423/233/219 550/302/288
s 4
f 1424/1618/1601 613/1026/992 607/1031/996
s 3
f 1425/1620/1603 607/1031/986 606/1623/984
f 1434/1630/1612 1435/1631/1614 483/2/1613
f 1435/1631/1614 1436/1632/1615 478/878/839
f 1432/261/247 436/247/233 446/848/1610
f 1434/1630/1612 446/848/1610 443/849/801
f 1435/1631/1614 443/849/801 442/841/798
f 1437/320/306 1439/1633/1617 466/868/1616
f 1439/1633/1617 482/1636/1611 484/888/1621
f 1440/1634/1619 484/888/2201 481/887/845
f 512/920/881 1447/274/260 1449/1641/1628
f 515/923/882 1449/1641/1628 1450/1642/1629
f 516/924/2202 1450/1642/1629 1451/1643/1632
f 499/265/251 510/917/879 1449/1641/1628
f 510/917/879 506/911/875 1450/1642/1629
f 506/911/875 505/913/877 1451/1643/1632
f 505/913/877 498/325/311 1448/341/327
f 1452/211/197 1454/1645/1634 518/928/1633
f 1454/1645/1634 1455/1646/1636 516/926/1635
f 1455/1646/1636 1456/1647/1637 522/930/889
f 1456/1647/1637 1453/269/255 514/273/259
f 1461/1652/1644 1458/297/283 485/347/333
f 1457/259/245 524/282/268 532/944/1645
f 1461/1652/1644 526/934/897 523/295/281
f 1464/1653/1646 1465/1654/1647 531/949/904
f 1465/1654/1647 1466/1655/1648 536/947/907
f 1466/1655/1648 1463/201/187 525/286/272
f 1462/331/317 539/332/318 544/1656/1649
f 1465/1654/1647 545/953/1650 541/955/910
f 623/1051/324 1472/1664/323 1474/1661/1657
f 626/1038/1007 1476/1663/1659 1473/285/271
f 1477/311/297 1479/1665/1660 659/1073/1039
f 1479/1665/1660 1480/1666/1661 660/1082/1047
f 1480/1666/1661 1481/1667/1662 666/1078/1043
f 1481/1667/1662 1478/1668/211 657/1079/213
f 640/310/296 653/1068/1035 1479/1665/1660
f 653/1068/1035 647/1064/1031 1480/1666/1661
f 647/1064/1031 646/1061/1029 1481/1667/1662
f 646/1061/1029 639/1063/325 1478/1668/211
f 1482/314/300 1484/1669/1663 629/1047/1015
f 1484/1669/1663 1485/1670/1664 630/1053/1021
f 1485/1670/1664 1486/1671/1665 635/1050/1019
f 1486/1671/1665 1483/1672/212 623/1051/324
f 1482/314/300 658/313/299 670/1084/1049
f 1484/1669/1663 670/1084/1049 665/1080/1044
f 1485/1670/1664 665/1080/1044 664/1077/1042
f 1486/1671/1665 664/1077/1042 657/1079/213
f 691/1113/316 701/1112/1078 1489/1674/1666
f 711/1135/329 1492/1680/328 1494/1677/1669
f 722/1133/1106 1494/1677/1669 1495/1678/1670
f 723/1127/1096 1495/1678/1670 1496/1679/1671
f 713/1123/1092 1496/1679/1671 1493/216/202
f 1492/1680/328 674/1102/312 687/1101/1068
f 1494/1677/1669 687/1101/1068 681/1096/1064
f 1495/1678/1670 681/1096/1064 680/1094/1062
f 1496/1679/1671 680/1094/1062 673/317/303
f 1497/316/302 1499/1681/1672 717/1131/1100
f 1499/1681/1672 1500/1682/1673 718/1137/1109
f 1500/1682/1673 1501/1683/1674 724/1134/1107
f 1501/1683/1674 1498/2194/315 711/1135/329
f 1502/336/322 1504/1685/1675 730/1140/1113
f 1504/1685/1675 1505/1686/1676 731/1149/1121
f 1505/1686/1676 1506/1687/1677 738/1145/1118
f 1506/1687/1677 1503/1688/194 728/1146/204
f 745/1156/1129 750/1155/1128 1504/1685/1675
f 750/1155/1128 759/1159/1132 1505/1686/1676
f 759/1159/1132 758/1168/1140 1506/1687/1677
f 758/1168/1140 747/1170/192 1503/1688/194
f 746/306/292 1507/205/191 1509/1689/1678
f 753/1162/1135 1509/1689/1678 1510/1690/1679
f 754/1164/1137 1510/1690/1679 1511/1691/1680
f 760/1169/1141 1511/1691/1680 1508/1692/319
f 1507/205/191 763/204/190 768/1173/1144
f 1509/1689/1678 768/1173/1144 776/1177/1149
f 1510/1690/1679 776/1177/1149 775/1184/1160
f 1511/1691/1680 775/1184/1160 765/1186/320
f 1517/171/158 1519/1697/1684 437/833/790
f 1519/1697/1684 1520/1698/1686 438/835/1685
f 1520/1698/1686 1521/1699/1687 444/842/799
f 1521/1699/1687 1518/240/226 435/843/800
f 638/324/310 643/1055/1023 1519/1697/1684
f 643/1055/1023 652/1058/1026 1520/1698/1686
f 652/1058/1026 651/1067/1034 1521/1699/1687
f 651/1067/1034 640/310/296 1518/240/226
f 1522/250/236 1524/1700/1693 668/1085/1688
s 32
f 1524/1700/1689 1525/1702/1695 669/1076/1690
s 3
f 1525/1701/1692 1523/322/308 656/323/309
f 474/884/844 480/886/846 1524/1700/1693
s 32
f 480/886/1694 477/879/2203 1525/1702/1695
s 3
f 476/877/838 473/321/307 1523/322/308
f 1526/224/210 1528/1703/1702 451/850/806
f 1528/1703/1698 1529/1704/1703 452/852/1699
f 1529/1704/1700 1530/1705/1700 455/857/1701
f 455/857/813 1530/1705/1705 1527/315/301
f 690/344/330 695/1105/1071 1528/1703/1702
f 695/1105/1071 705/1109/1075 1529/1704/1703
f 705/1109/1704 704/1121/1087 1530/1705/1700
f 1530/1705/1705 704/1121/1087 692/1118/1084
f 709/215/201 1531/275/261 1533/1706/1706
f 712/1124/1104 1533/1709/1707 1534/1708/1707
f 719/1130/1099 1534/1708/1709 1532/272/258
f 1531/275/261 512/920/881 517/922/883
f 1533/1709/1707 517/931/2204 521/929/1708
f 1534/1708/1709 521/929/888 514/273/259
f 525/286/272 1535/287/273 1537/1710/1710
f 534/946/906 1537/1710/1710 1538/1711/1711
f 1538/1711/1711 1539/1712/1713 528/935/898
f 528/935/898 1539/1712/1713 1536/335/321
f 746/306/292 755/1163/1136 1537/1710/1710
f 755/1163/1136 749/1157/1130 1538/1711/1711
f 749/1157/1130 748/1154/1127 1539/1712/1713
f 1539/1712/1713 748/1154/1127 745/1156/1129
f 1540/289/275 1542/1715/1717 741/1153/1714
f 741/1153/1125 1542/1715/1718 1543/1713/1715
f 732/1139/1112 1543/1716/1720 1541/346/332
f 1540/289/275 486/894/855 492/896/857
f 1542/1715/1718 492/896/1719 488/900/1719
f 1543/1716/1720 488/889/852 485/347/333
f 1544/213/199 1546/1717/1723 624/1039/1008
f 1546/1717/1721 1547/1719/1724 625/1040/1009
f 625/1040/1017 1547/1719/1726 1548/1718/1722
f 631/1046/1014 1548/1718/1727 1545/237/223
f 459/862/818 464/864/820 1546/1717/1723
f 464/864/820 470/865/821 1547/1719/1724
f 470/865/1725 469/872/832 1548/1718/1722
f 1548/1718/1727 469/872/830 461/238/224
f 1549/266/252 1551/1720/1728 508/916/878
f 1551/1720/1728 1552/1721/1730 509/909/1729
f 1552/1721/1730 1553/1722/1731 502/904/869
f 1553/1722/1731 1550/301/287 497/905/870
f 673/317/303 682/1095/1063 1551/1720/1728
f 682/1095/1063 676/1089/1057 1552/1721/1730
f 676/1089/1057 675/1087/1055 1553/1722/1731
f 1553/1722/1731 675/1087/1055 672/228/214
f 1554/294/280 1556/1723/1735 546/956/915
s 34
f 1556/1723/1732 1557/1726/1737 542/1724/1733
s 3
f 1557/1725/1734 1555/202/188 538/950/909
f 764/308/294 773/1181/1152 1556/1723/1735
s 34
f 1556/1723/1732 773/1181/2205 767/1175/1736
s 3
f 1557/1725/1734 766/1174/1739 763/204/190
s 5
f 801/373/356 1558/372/355 1560/1727/1740
f 804/1728/1741 1560/1727/1740 1561/1729/1742
f 803/1730/1744 1561/1729/1749 1562/1731/1745
f 1562/1733/1745 1559/489/456 800/530/494
f 1558/372/355 785/363/346 787/1735/1747
f 1560/1727/1740 787/1735/1747 788/1736/1748
f 1561/1729/1749 788/1736/1787 789/1737/1750
f 789/1738/1750 786/383/365 1559/489/456
f 1563/409/389 1565/1740/1752 809/1739/1751
f 1565/1740/1752 1566/1742/1758 808/1741/1753
f 1566/1742/1754 1567/1747/1760 807/1743/1755
f 807/1744/1755 1567/1748/1760 1564/467/439
f 790/539/503 792/1745/1757 1565/1740/1752
f 792/1745/1757 793/1746/1826 1566/1742/1758
f 793/1746/1759 794/1817/1828 1567/1747/1760
f 1567/1748/1760 794/1818/1828 791/366/349
f 1568/479/448 1570/1750/1762 784/1749/1761
f 1570/1750/1762 1571/1752/1767 783/1751/1763
f 1571/1752/1764 1572/1756/1768 782/1753/1765
f 782/1753/1765 1572/1756/1768 1569/1754/338
f 801/373/356 804/1728/1741 1570/1750/1762
f 804/1728/1741 803/1730/1743 1571/1752/1767
f 803/1730/1744 802/1732/1746 1572/1756/1768
f 1572/1756/1768 802/1732/1746 800/1757/494
f 796/508/473 1573/374/357 1575/1758/1769
f 799/1759/1770 1575/1758/1769 1576/1760/1771
f 798/1761/1773 1576/1760/1776 1577/1762/1774
f 1577/1764/1774 1574/371/354 795/358/342
f 1573/374/357 806/356/341 809/1739/1751
f 1575/1758/1769 809/1739/1751 808/1741/1753
f 1576/1760/1776 808/1741/1756 807/1743/1755
f 807/1744/1755 805/369/352 1574/371/354
f 811/509/474 1578/503/469 1580/1766/1777
f 814/1767/1778 1580/1766/1777 1581/1768/1779
f 813/1769/1781 1581/1768/1784 1582/1770/1782
f 1582/1772/1782 1579/360/344 810/377/359
f 1578/503/469 796/508/473 799/1759/1770
f 1580/1766/1777 799/1759/1770 798/1761/1772
f 1581/1768/1784 798/1761/1773 797/1763/1775
f 797/1765/1775 795/358/342 1579/360/344
f 785/363/346 1583/362/345 1585/1774/1785
f 787/1735/1747 1585/1774/1785 1586/1775/1786
f 788/1736/1787 1586/1775/1791 1587/1776/1788
f 1587/1777/1788 1584/381/363 786/383/365
f 1583/362/345 815/392/373 817/1778/1789
f 1585/1774/1785 817/1778/1789 818/1779/1790
f 1586/1775/1791 818/1779/1795 819/1780/1792
f 819/1781/1792 816/380/362 1584/381/363
f 815/392/373 1588/401/381 1590/1782/1793
f 817/1778/1789 1590/1782/1793 1591/1783/1794
f 818/1779/1795 1591/1783/1799 1592/1784/1796
f 1592/1785/1796 1589/378/360 816/380/362
f 1588/401/381 825/400/380 827/1786/1797
f 1590/1782/1793 827/1786/1797 828/1787/1798
f 1591/1783/1799 828/1787/1817 829/1788/1800
f 829/1789/1800 826/390/372 1589/378/360
f 821/540/504 1593/533/497 1595/1790/1801
f 824/1791/1802 1595/1790/1801 1596/1792/1803
f 823/1793/1805 1596/1792/1808 1597/1794/1806
f 1597/1796/1806 1594/385/367 820/387/369
f 1593/533/497 811/509/474 814/1767/1778
f 1595/1790/1801 814/1767/1778 813/1769/1780
f 1596/1792/1808 813/1769/1781 812/1771/1783
f 812/1773/1783 810/377/359 1594/385/367
f 1598/520/484 1600/1799/1810 852/1798/1809
f 1600/1799/1810 1601/1801/1812 851/1800/1811
f 1601/1801/1812 1602/1805/1814 850/1802/1813
f 1602/1803/1814 1599/483/450 848/397/378
f 831/1198/1174 841/1197/1173 1600/1799/1810
f 841/1197/1173 834/1201/1177 1601/1801/1812
f 834/1201/1177 833/1192/1168 1602/1805/1814
f 833/1192/1168 830/1189/1165 1599/1806/450
f 825/400/380 1603/502/468 1605/1807/1815
f 827/1786/1797 1605/1807/1819 1606/1808/1816
f 828/1787/1817 1606/1808/1820 1607/1809/1818
f 829/1789/1800 1607/1810/1818 1604/388/370
f 1603/502/468 849/518/482 852/1798/1809
f 1605/1807/1819 852/1798/1809 851/1800/1811
f 1606/1808/1820 851/1800/1811 850/1802/1813
f 850/1804/1813 848/397/378 1604/388/370
f 831/1198/1174 1608/519/483 1610/1811/1821
f 839/1196/1172 1610/1811/1821 1611/1812/1822
f 840/1199/1184 1611/1812/1824 1612/1813/1823
f 845/1204/1180 1612/1814/1823 1609/394/375
f 1608/519/483 821/540/504 824/1791/1802
f 1610/1811/1821 824/1791/1802 823/1793/1804
f 1611/1812/1824 823/1793/1805 822/1795/1807
f 1612/1814/1823 822/1797/1807 820/387/369
f 1613/417/396 1615/1815/1825 792/1745/1757
f 1615/1815/1825 1616/1816/1830 793/1746/1826
f 1616/1816/1827 1617/1821/1832 794/1817/1828
f 794/1818/1828 1617/1822/1832 1614/512/476
f 858/478/447 860/1819/1829 1615/1815/1825
f 860/1819/1829 861/1820/1848 1616/1816/1830
f 861/1820/1831 862/1840/1850 1617/1821/1832
f 1617/1822/1832 862/1842/1850 859/406/386
f 1618/349/335 1620/1824/1834 857/1823/1833
f 1620/1824/1834 1621/1826/1839 856/1825/1835
f 1621/1826/1836 1622/1830/1840 855/1827/1837
f 855/1827/1837 1622/1830/1840 1619/1828/382
f 781/351/337 784/1749/1761 1620/1824/1834
f 784/1749/1761 783/1751/1763 1621/1826/1839
f 783/1751/1766 782/1753/1765 1622/1830/1840
f 1622/1830/1840 782/1753/1765 780/1755/347
f 870/1224/1204 1623/493/459 1625/1831/1841
f 881/1222/1202 1625/1831/1841 1626/1832/1842
f 882/1213/1191 1626/1832/1842 1627/1833/1843
f 872/1209/1187 1627/1833/1843 1624/468/440
f 1623/493/459 863/495/461 865/1834/1844
f 1625/1831/1841 865/1834/1844 866/1835/1845
f 1626/1832/1842 866/1835/1845 867/1836/1846
f 1627/1833/1843 867/1836/1846 864/1837/392
f 1628/494/460 1630/1838/1847 860/1819/1829
f 1630/1838/1847 1631/1839/1852 861/1820/1848
f 1631/1839/1849 1632/1843/1851 862/1840/1850
f 1632/1841/1851 1629/414/394 859/406/386
f 870/1224/1204 883/1223/1203 1630/1838/1847
f 883/1223/1203 877/1226/1206 1631/1839/1852
f 877/1226/1853 876/1218/1196 1632/1843/1851
f 876/1844/1196 869/1215/1193 1629/414/394
f 1633/496/462 1635/1845/1854 865/1834/1844
f 1635/1845/1854 1636/1846/1856 866/1835/1845
f 1636/1846/1855 1637/1848/1857 867/1836/1846
f 867/1836/1846 1637/1848/1857 1634/1847/390
f 854/527/491 857/1823/1833 1635/1845/1854
f 857/1823/1833 856/1825/1835 1636/1846/1856
f 856/1825/1838 855/1827/1837 1637/1848/1857
f 855/1827/1837 853/1829/384 1634/1847/390
f 1638/492/458 1640/1850/1859 910/1849/1858
f 1641/1852/1861 1642/1854/1863 908/1853/1862
f 1642/1854/1863 1639/537/501 906/538/502
f 891/439/415 893/1855/1864 1640/1850/1859
f 893/1855/1864 894/1856/1865 1641/1852/1861
f 894/1856/1865 895/1857/1866 1642/1854/1863
f 895/1857/1866 892/536/500 1639/537/501
f 912/433/409 1643/432/408 1645/1858/1867
f 915/1859/1868 1645/1858/1867 1646/1860/1869
f 914/1861/1870 1646/1860/1869 1647/1862/1871
f 913/1863/1872 1647/1862/1871 1644/473/443
f 1643/432/408 896/436/412 898/1864/1873
f 1645/1858/1867 898/1864/1873 899/1865/1874
f 1646/1860/1869 899/1865/1874 900/1866/1875
f 1647/1862/1871 900/1866/1875 897/474/444
f 888/1872/1881 1652/1871/1880 1649/490/457
f 1648/420/398 907/419/397 910/1849/1858
f 1650/1867/1876 910/1849/1858 909/1851/1860
f 1652/1871/1880 908/1853/1862 906/538/502
f 1653/434/410 1655/1874/1883 905/1873/1882
f 1655/1874/1883 1656/1876/1885 904/1875/1884
f 1656/1876/1885 1657/1878/1887 903/1877/1886
f 1657/1878/1887 1654/511/475 901/531/495
f 912/433/409 915/1859/1868 1655/1874/1883
f 915/1859/1868 914/1861/1870 1656/1876/1885
f 913/1863/1872 911/476/446 1654/511/475
f 1658/425/402 1660/1880/1889 920/1879/1888
f 1660/1880/1889 1661/1882/1891 919/1881/1890
f 1661/1882/1891 1662/1884/1893 918/1883/1892
f 1662/1884/1893 1659/442/418 916/426/403
f 902/475/445 905/1873/1882 1660/1880/1889
f 905/1873/1882 904/1875/1884 1661/1882/1891
f 904/1875/1884 903/1877/1886 1662/1884/1893
f 903/1877/1886 901/531/495 1659/442/418
f 1663/440/416 1665/1885/1894 893/1855/1864
f 1665/1885/1894 1666/1886/1895 894/1856/1865
f 1667/1887/1896 1664/422/400 892/536/500
f 921/445/420 923/1888/1897 1665/1885/1894
f 923/1888/1897 924/1889/1898 1666/1886/1895
f 925/1890/1899 922/488/455 1664/422/400
f 1668/446/421 1670/1891/1900 923/1888/1897
f 1671/1892/1901 1672/1893/1902 925/1890/1899
f 1672/1893/1902 1669/532/496 922/488/455
f 931/450/425 933/1894/1903 1670/1891/1900
f 933/1894/1903 934/1895/1904 1671/1892/1901
f 935/1896/1905 932/529/493 1669/532/496
f 1673/441/417 1675/1898/1907 930/1897/1906
f 1675/1898/1907 1676/1900/1909 929/1899/1908
f 1677/1902/1911 1674/428/404 926/449/424
f 917/505/470 920/1879/1888 1675/1898/1907
f 920/1879/1888 919/1881/1890 1676/1900/1909
f 919/1881/1890 918/1883/1892 1677/1902/1911
f 918/1883/1892 916/426/403 1674/428/404
f 954/535/499 1678/487/454 1680/1903/1912
f 957/1904/1913 1680/1903/1912 1681/1905/1914
f 956/1906/1915 1681/1905/1914 1682/1907/1916
f 1678/487/454 936/486/453 940/1228/1209
f 1680/1903/1912 940/1228/1209 949/1232/1213
f 1681/1905/1914 949/1232/1213 948/1238/1221
f 1682/1907/1916 948/1238/1221 938/523/487
f 1683/452/427 1685/1909/1918 933/1894/1903
f 1685/1909/1918 1686/1910/1919 934/1895/1904
f 1686/1910/1919 1687/1911/1920 935/1896/1905
f 1687/1911/1920 1684/506/471 932/529/493
f 954/535/499 957/1904/1913 1685/1909/1918
f 957/1904/1913 956/1906/1915 1686/1910/1919
f 956/1906/1915 955/1908/1917 1687/1911/1920
f 955/1908/1917 953/524/488 1684/506/471
f 1688/447/422 1690/1912/1921 944/1236/1217
f 1690/1912/1921 1691/1913/1922 945/1241/1224
f 1692/1914/1923 1689/521/485 938/523/487
f 927/534/498 930/1897/1906 1690/1912/1921
f 930/1897/1906 929/1899/1908 1691/1913/1922
f 929/1899/1908 928/1901/1910 1692/1914/1923
f 928/1901/1910 926/449/424 1689/521/485
f 896/436/412 1693/457/430 1695/1915/1924
f 898/1864/1873 1695/1915/1924 1696/1916/1925
f 899/1865/1874 1696/1916/1925 1697/1917/1926
f 900/1866/1875 1697/1917/1926 1694/516/480
f 1693/457/430 963/458/431 965/1918/1927
f 1696/1916/1925 966/1919/1928 967/1920/1929
f 1697/1917/1926 967/1920/1929 964/480/449
f 959/459/432 1698/430/406 1700/1921/1930
f 962/1922/1931 1700/1921/1930 1701/1923/1932
f 961/1924/1933 1701/1923/1932 1702/1925/1934
f 960/1926/1935 1702/1925/1934 1699/463/435
f 1700/1921/1930 890/1868/1877 889/1870/1879
f 1701/1923/1932 889/1870/1879 888/1872/1881
f 1702/1925/1934 888/1872/1881 886/454/429
f 1703/472/442 1705/1927/1936 976/1244/1228
f 1705/1927/1936 1706/1932/1937 977/1928/1237
f 1706/1929/1937 1707/1930/1938 984/1249/1233
f 1707/1930/1938 1704/500/466 974/1250/1234
f 968/471/438 970/1931/1939 1705/1927/1936
f 970/1931/1939 971/2195/1940 1706/1932/1937
f 971/1933/1940 972/1934/1941 1707/1930/1938
f 972/1934/1941 969/497/463 1704/500/466
f 963/458/431 1708/464/436 1710/1935/1942
f 966/1919/1928 1711/1936/1943 1712/1937/1944
f 967/1920/1929 1712/1937/1944 1709/499/465
f 1708/464/436 975/465/437 987/1257/1241
f 1710/1935/1942 987/1257/1241 983/1251/1235
f 1711/1936/1943 983/1251/1235 982/1248/1232
f 968/466/438 1713/460/433 1715/1938/1945
f 970/1939/1939 1715/1938/1945 1716/1940/1946
f 972/1934/1941 1717/1941/1947 1714/498/464
f 1713/460/433 959/459/432 962/1922/1931
f 1716/1940/1946 961/1924/1933 960/1926/1935
f 1717/1941/1947 960/1926/1935 958/462/434
f 975/465/437 1718/415/395 1720/1942/1948
f 978/1243/1227 1720/1945/1953 1719/525/489
f 1718/415/395 869/1215/1193 878/1217/1949
f 1720/1945/1953 871/2187/1188 868/526/490
f 1721/395/376 1723/1950/1958 844/1946/1954
f 1723/1949/1957 1722/1952/451 830/1189/1165
f 937/453/428 939/1235/1216 1723/1950/1958
f 939/1951/1210 936/2196/453 1722/1952/451
s 6
f 1011/562/523 1724/561/522 1726/1953/1959
f 1014/1954/1960 1726/1953/1959 1727/1955/1961
f 1013/1956/1963 1727/1955/1968 1728/1957/1964
f 1728/1959/1964 1725/676/626 1010/714/662
f 1724/561/522 995/552/513 997/1961/1966
f 1726/1953/1959 997/1961/1966 998/1962/1967
f 1727/1955/1968 998/1962/2006 999/1963/1969
f 999/1964/1969 996/572/532 1725/676/626
f 1729/598/557 1731/1971/1971 1019/1965/1970
f 1731/1966/1971 1732/1969/1977 1018/1967/1972
f 1732/1969/1973 1733/1974/1979 1017/1970/1974
f 1017/1970/1974 1733/1974/1979 1730/656/609
f 1000/725/673 1002/2034/1976 1731/1971/1971
f 1002/1972/1976 1003/1973/2042 1732/1969/1977
f 1003/1973/1978 1004/2037/2044 1733/1974/1979
f 1733/1974/1979 1004/2037/2044 1001/555/516
f 1734/666/618 1736/1976/1981 994/1975/1980
f 1736/1976/1981 1737/1978/1986 993/1977/1982
f 1737/1978/1983 1738/1981/1987 992/1979/1984
f 992/1980/1984 1738/1982/1987 1735/541/505
f 1011/562/523 1014/1954/1960 1736/1976/1981
f 1014/1954/1960 1013/1956/1962 1737/1978/1986
f 1013/1956/1963 1012/1958/1965 1738/1981/1987
f 1738/1982/1987 1012/1960/1965 1010/714/662
f 1006/695/644 1739/563/524 1741/1983/1988
f 1009/1985/1989 1741/1990/1988 1742/1986/1990
f 1008/1987/1992 1742/1986/1995 1743/1988/1993
f 1743/1988/1993 1740/560/521 1005/547/509
f 1739/563/524 1016/545/508 1019/1965/1970
f 1741/1990/1988 1019/1968/1970 1018/1967/1972
f 1742/1986/1995 1018/1967/1975 1017/1970/1974
f 1017/1970/1974 1015/558/519 1740/560/521
f 1021/696/645 1744/690/639 1746/1991/1996
f 1024/1993/1997 1746/1998/1996 1747/1994/1998
f 1023/1995/2000 1747/1994/2003 1748/1996/2001
f 1748/1996/2001 1745/549/511 1020/566/526
f 1744/690/639 1006/695/644 1009/1984/1989
f 1746/1998/1996 1009/1985/1989 1008/1987/1991
f 1747/1994/2003 1008/1987/1992 1007/1989/1994
f 1007/1989/1994 1005/547/509 1745/549/511
f 995/552/513 1749/551/512 1751/1999/2004
f 997/1961/1966 1751/1999/2004 1752/2000/2005
f 998/1962/2006 1752/2000/2010 1753/2001/2007
f 1753/2002/2007 1750/570/530 996/572/532
f 1749/551/512 1025/581/540 1027/2003/2008
f 1751/1999/2004 1027/2003/2008 1028/2004/2009
f 1752/2000/2010 1028/2004/2014 1029/2005/2011
f 1029/2006/2011 1026/569/529 1750/570/530
f 1025/581/540 1754/590/549 1756/2007/2012
f 1027/2003/2008 1756/2007/2012 1757/2008/2013
f 1028/2004/2014 1757/2008/2018 1758/2009/2015
f 1758/2010/2015 1755/567/527 1026/569/529
f 1754/590/549 1035/589/548 1037/2011/2016
f 1756/2007/2012 1037/2011/2016 1038/2012/2017
f 1757/2008/2018 1038/2012/2034 1039/2013/2019
f 1039/2014/2019 1036/579/539 1755/567/527
f 1031/726/674 1759/719/667 1761/2015/2020
f 1034/2017/2021 1761/2022/2020 1762/2018/2022
f 1033/2019/2024 1762/2018/2027 1763/2020/2025
f 1032/2021/2026 1763/2020/2025 1760/574/534
f 1759/719/667 1021/696/645 1024/1992/1997
f 1761/2022/2020 1024/1993/1997 1023/1995/1999
f 1762/2018/2027 1023/1995/2000 1022/1997/2002
f 1022/1997/2002 1020/566/526 1760/574/534
f 1764/704/652 1766/2023/2028 1070/1299/1279
f 1766/2023/2028 1767/2024/2030 1071/1287/2029
f 1767/2024/2030 1768/2025/2031 1062/1284/1266
f 1768/2025/2031 1765/670/620 1057/718/666
f 1041/1270/1254 1050/1269/1253 1766/2023/2028
f 1050/1269/1253 1044/1275/1257 1767/2024/2030
f 1044/1275/1257 1043/1264/1248 1768/2025/2031
f 1043/1264/1248 1040/1261/1245 1765/670/620
f 1035/589/548 1769/689/638 1771/2026/2032
f 1037/2011/2016 1771/2026/2036 1772/2027/2033
f 1038/2012/2034 1772/2027/2037 1773/2028/2035
f 1039/2014/2019 1773/2029/2035 1770/577/537
f 1769/689/638 1059/702/650 1072/1298/1278
f 1771/2026/2036 1072/1298/1278 1066/1293/1282
f 1772/2027/2037 1066/1293/1274 1065/1290/1272
f 1773/2029/2035 1065/2197/1272 1058/586/545
f 1041/1270/1254 1774/703/651 1776/2030/2038
f 1048/1273/1252 1776/2033/2038 1777/2031/2039
f 1049/1271/1255 1777/2031/2039 1778/2032/2040
f 1054/1278/1260 1778/2032/2040 1775/583/542
f 1774/703/651 1031/726/674 1034/2016/2021
f 1776/2033/2038 1034/2017/2021 1033/2019/2023
f 1777/2031/2039 1033/2019/2024 1032/2021/2026
f 1778/2032/2040 1032/2021/2026 1030/576/536
f 1779/606/564 1781/2038/2041 1002/2034/1976
f 1781/2035/2041 1782/2036/2046 1003/1973/2042
f 1782/2036/2043 1783/2041/2048 1004/2037/2044
f 1004/2037/2044 1783/2041/2048 1780/699/647
f 1080/665/617 1082/2058/2045 1781/2038/2041
f 1082/2039/2045 1083/2040/2064 1782/2036/2046
f 1083/2040/2047 1084/2061/2066 1783/2041/2048
f 1783/2041/2048 1084/2061/2066 1081/595/554
f 1784/513/477 1786/2043/2050 1079/2042/2049
f 1786/2043/2050 1787/2045/2055 1078/2044/2051
f 1787/2045/2052 1788/2048/2056 1077/2046/2053
f 1077/2047/2053 1788/2049/2056 1785/591/550
f 991/515/479 994/1975/1980 1786/2043/2050
f 994/1975/1980 993/1977/1982 1787/2045/2055
f 993/1977/1985 992/1979/1984 1788/2048/2056
f 1788/2049/2056 992/1980/1984 990/553/514
f 1092/1318/1302 1789/680/629 1791/2050/2057
f 1103/1316/1300 1791/2050/2057 1792/2051/2058
f 1104/1306/1289 1792/2051/2058 1793/2052/2059
f 1094/1302/1285 1793/2052/2059 1790/2053/610
f 1789/680/629 1085/682/631 1087/2054/2060
f 1791/2050/2057 1087/2054/2060 1088/2055/2061
f 1792/2051/2058 1088/2055/2061 1089/2056/2062
f 1793/2057/2059 1089/2068/2062 1086/601/560
f 1794/681/630 1796/2063/2063 1082/2058/2045
f 1796/2059/2063 1797/2060/2068 1083/2040/2064
f 1797/2060/2065 1798/2062/2067 1084/2061/2066
f 1798/2062/2067 1795/603/562 1081/595/554
f 1092/1318/1302 1105/1317/1301 1796/2063/2063
f 1105/2064/1301 1099/2065/1304 1797/2060/2068
f 1099/2065/2069 1098/1311/1294 1798/2062/2067
f 1098/1311/1294 1091/1308/1291 1795/603/562
f 1799/683/632 1801/2066/2070 1087/2054/2060
f 1801/2066/2070 1802/2070/2072 1088/2055/2061
f 1802/2067/2071 1803/2072/2073 1089/2068/2062
f 1089/2068/2062 1803/2072/2073 1800/599/558
f 1076/711/659 1079/2042/2049 1801/2066/2070
f 1079/2042/2049 1078/2044/2051 1802/2070/2072
f 1078/2071/2054 1077/2047/2053 1803/2072/2073
f 1077/2047/2053 1075/593/552 1800/599/558
f 1804/679/628 1806/2074/2075 1132/2073/2074
f 1806/2074/2075 1807/2076/2077 1131/2075/2076
f 1807/2076/2077 1808/2078/2079 1130/2077/2078
f 1808/2078/2079 1805/723/671 1128/724/672
f 1113/628/584 1115/2079/2080 1806/2074/2075
f 1115/2079/2080 1116/2080/2081 1807/2076/2077
f 1116/2080/2081 1117/2081/2082 1808/2078/2079
f 1117/2081/2082 1114/722/670 1805/723/671
f 1134/622/578 1809/621/577 1811/2082/2083
f 1137/2083/2084 1811/2082/2083 1812/2084/2085
f 1136/2085/2086 1812/2084/2085 1813/2086/2087
f 1135/2087/2088 1813/2086/2087 1810/660/613
f 1809/621/577 1118/625/581 1120/2088/2089
f 1811/2082/2083 1120/2088/2089 1121/2089/2090
f 1812/2084/2085 1121/2089/2090 1122/2090/2091
f 1813/2086/2087 1122/2090/2091 1119/661/614
f 1109/618/574 1814/609/566 1816/2091/2092
f 1112/2092/2093 1816/2091/2092 1817/2093/2094
f 1111/2094/2095 1817/2093/2094 1818/2095/2096
f 1110/2096/2097 1818/2095/2096 1815/677/627
f 1814/609/566 1129/608/565 1132/2073/2074
f 1816/2091/2092 1132/2073/2074 1131/2075/2076
f 1817/2093/2094 1131/2075/2076 1130/2077/2078
f 1818/2095/2096 1130/2077/2078 1128/724/672
f 1819/623/579 1821/2098/2099 1127/2097/2098
f 1822/2100/2101 1823/2102/2103 1125/2101/2102
f 1823/2102/2103 1820/698/646 1123/715/663
f 1134/622/578 1137/2083/2084 1821/2098/2099
f 1137/2083/2084 1136/2085/2086 1822/2100/2101
f 1136/2085/2086 1135/2087/2088 1823/2102/2103
f 1135/2087/2088 1133/663/616 1820/698/646
f 1824/614/570 1826/2104/2105 1142/2103/2104
f 1827/2106/2107 1828/2108/2109 1140/2107/2108
f 1828/2108/2109 1825/631/587 1138/615/571
f 1124/662/615 1127/2097/2098 1826/2104/2105
f 1127/2097/2098 1126/2099/2100 1827/2106/2107
f 1126/2099/2100 1125/2101/2102 1828/2108/2109
f 1125/2101/2102 1123/715/663 1825/631/587
f 1829/629/585 1831/2109/2110 1115/2079/2080
f 1831/2109/2110 1832/2110/2111 1116/2080/2081
f 1832/2110/2111 1833/2111/2112 1117/2081/2082
f 1833/2111/2112 1830/611/568 1114/722/670
f 1143/634/590 1145/2112/2113 1831/2109/2110
f 1145/2112/2113 1146/2113/2114 1832/2110/2111
f 1146/2113/2114 1147/2114/2115 1833/2111/2112
f 1834/635/591 1836/2115/2116 1145/2112/2113
f 1836/2115/2116 1837/2116/2117 1146/2113/2114
f 1837/2116/2117 1838/2117/2118 1147/2114/2115
f 1838/2117/2118 1835/716/664 1144/675/625
f 1153/639/595 1155/2118/2119 1836/2115/2116
f 1155/2118/2119 1156/2119/2120 1837/2116/2117
f 1156/2119/2120 1157/2120/2121 1838/2117/2118
f 1157/2120/2121 1154/713/661 1835/716/664
f 1839/630/586 1841/2122/2123 1152/2121/2122
f 1842/2124/2125 1843/2126/2127 1150/2125/2126
f 1843/2126/2127 1840/617/573 1148/638/594
f 1139/692/641 1142/2103/2104 1841/2122/2123
f 1142/2103/2104 1141/2105/2106 1842/2124/2125
f 1141/2105/2106 1140/2107/2108 1843/2126/2127
f 1140/2107/2108 1138/615/571 1840/617/573
f 1175/721/669 1844/674/624 1846/2127/2128
f 1178/1344/1325 1846/2127/2128 1847/2128/2129
f 1179/1346/1327 1847/2128/2129 1848/2129/2130
f 1186/1352/1333 1848/2130/2130 1845/706/654
f 1844/674/624 1158/673/623 1162/1323/1307
f 1846/2127/2128 1162/1323/1307 1171/1327/1311
f 1847/2128/2129 1171/1327/1311 1170/1340/1320
f 1848/2130/2130 1170/1337/1320 1160/707/655
f 1849/641/597 1851/2131/2131 1155/2118/2119
f 1851/2131/2131 1852/2132/2132 1156/2119/2120
f 1852/2132/2132 1853/2133/2133 1157/2120/2121
f 1853/2133/2133 1850/693/642 1154/713/661
f 1177/2134/1339 1191/1364/1338 1851/2131/2131
f 1191/1364/1338 1185/1363/1341 1852/2132/2132
f 1185/1363/1341 1184/1351/1332 1853/2133/2133
f 1184/1351/1332 1176/708/656 1850/693/642
f 1854/636/592 1856/2135/2134 1166/1331/1315
f 1856/2135/2134 1857/2136/2135 1167/1342/1323
f 1857/2136/2135 1858/2137/2136 1172/1338/1321
f 1858/2137/2136 1855/705/653 1160/707/655
f 1149/720/668 1152/2121/2122 1856/2135/2134
f 1152/2121/2122 1151/2123/2124 1857/2136/2135
f 1150/2125/2126 1148/638/594 1855/705/653
f 1118/625/581 1859/646/600 1861/2138/2137
f 1121/2089/2090 1862/2139/2138 1863/2140/2139
f 1859/646/600 1199/647/601 1201/2141/2140
f 1861/2138/2137 1201/2141/2140 1202/2142/2141
f 1862/2139/2138 1202/2142/2141 1203/2143/2142
f 1863/2140/2139 1203/2143/2142 1200/667/619
f 1195/648/602 1864/619/575 1866/2144/2143
f 1198/2145/2144 1866/2144/2143 1867/2146/2145
f 1196/2149/2148 1868/2148/2147 1865/652/605
f 1864/619/575 1109/618/574 1112/2092/2093
f 1868/2148/2147 1110/2096/2097 1108/643/599
f 1869/659/612 1871/2150/2149 1212/1368/1344
f 1871/2150/2149 1872/2151/2150 1213/1377/1354
f 1872/2151/2150 1873/2152/2151 1219/1373/1350
f 1873/2152/2151 1870/687/636 1210/1374/1351
f 1204/655/608 1206/2153/2152 1871/2150/2149
f 1207/2154/2153 1208/2155/2154 1873/2152/2151
f 1208/2155/2154 1205/684/633 1870/687/636
f 1202/2142/2141 1877/2157/2156 1878/2158/2157
f 1203/2143/2142 1878/2158/2157 1875/686/635
f 1876/2156/2155 1223/1380/1358 1218/1375/1352
f 1877/2157/2156 1218/1375/1352 1217/1372/1349
f 1878/2158/2157 1217/1372/1349 1210/1374/1351
f 1204/655/608 1879/649/603 1881/2159/2158
f 1206/2153/2152 1881/2159/2158 1882/2160/2159
f 1207/2154/2153 1882/2160/2159 1883/2161/2160
f 1208/2155/2154 1883/2161/2160 1880/685/634
f 1881/2159/2158 1198/2145/2144 1197/2147/2146
f 1883/2161/2160 1196/2149/2148 1194/651/604
f 1211/654/607 1884/604/563 1886/2162/2161
f 1222/2164/1343 1886/2167/2165 1885/2165/657
f 1884/604/563 1091/1308/1291 1100/1310/2162
f 1886/2167/2165 1093/2189/1286 1090/1300/658
f 1887/584/543 1889/2169/2171 1053/2168/2166
f 1890/2171/2170 1888/671/621 1040/1261/1245
f 1159/642/598 1161/1330/1314 1889/2169/2171
f 1161/2173/1308 1158/673/623 1888/671/621
f 1177/1360/1339 1891/2177/596 1893/2174/2173
f 1189/1358/1337 1893/2174/2173 1894/2175/2174
f 1190/1348/1329 1894/2175/2174 1895/2176/2175
f 1180/1345/1326 1895/2176/2175 1892/717/665
f 1891/2177/596 1058/1292/545 1067/1291/1273
f 1893/2174/2173 1067/1291/1273 1061/1285/1267
f 1894/2175/2174 1061/1285/1267 1060/1283/1265
f 1895/2176/2175 1060/1283/1265 1057/718/666
s 3
f 481/885/850 1896/883/843 479/882/842
