# Blender 5.2.2 LTS
# www.blender.org
mtllib holocron_sup4.mtl
g holocron_sup4_Holocron.003
v -0.953318 1.126832 0.018829
v 0.198350 1.149367 -1.209481
v -0.510783 1.133195 -0.356895
v -0.120509 1.140951 -0.778102
v 0.482698 1.159830 -1.718481
v -1.511328 1.121658 0.373387
v -0.956355 1.238611 0.017474
v 0.195314 1.261144 -1.210837
v -0.513819 1.244972 -0.358251
v -0.123545 1.252727 -0.779458
v 0.479657 1.271605 -1.719836
v -1.514361 1.233433 0.372032
v -1.724570 1.181808 0.246268
v -1.097548 1.187268 -0.137164
v -0.654784 1.193624 -0.512639
v -0.812129 1.178177 0.173469
v -1.301120 1.173282 0.499150
v 0.599202 1.210080 -1.511549
v 0.339608 1.200707 -1.054771
v -0.369822 1.184545 -0.202507
v -1.862975 1.169309 0.804214
v 0.054055 1.209803 -1.365547
v 0.363149 1.221352 -1.926767
v -0.264727 1.201383 -0.934087
v 0.824800 1.220720 -2.013022
v 0.020677 1.192294 -0.623473
v 1.030839 1.328877 -3.349918
v 1.034875 1.233455 1.050357
v -3.363971 1.255163 1.044077
v 1.034562 0.987360 1.286646
v 1.019330 -3.403043 1.179650
v -3.372954 1.013671 1.275118
v 1.272973 0.992221 1.047419
v 1.271302 1.093436 -3.362444
v 1.268975 -3.342778 0.938287
v 1.125005 0.046241 -1.042053
v 1.130933 -1.185148 0.106536
v 1.127805 -0.330641 -0.600466
v 1.129789 -0.752892 -0.211243
v 1.131273 -1.694959 0.389610
v 1.120824 0.402222 -1.599159
v 1.236623 0.041627 -1.046978
v 1.242555 -1.189761 0.101610
v 1.239427 -0.335256 -0.605390
v 1.241407 -0.757506 -0.216170
v 1.242894 -1.699575 0.384686
v 1.232450 0.397610 -1.604085
v 1.173639 0.273947 -1.813649
v 1.178415 -0.111084 -1.187601
v 1.181215 -0.487714 -0.745784
v 1.183213 0.198951 -0.901428
v 1.179635 0.525886 -1.389594
v 1.189512 -1.489885 0.505682
v 1.189145 -1.032365 0.247226
v 1.186010 -0.178182 -0.460069
v 1.175145 0.832373 -1.950673
v 1.184343 -1.342541 -0.039080
v 1.184655 -1.904649 0.268614
v 1.183194 -0.910207 -0.356786
v 1.189260 -1.992028 0.730030
v 1.187997 -0.600190 -0.070628
v 0.037732 -1.092470 1.137824
v -1.147349 0.103814 1.147452
v -0.321898 -0.636900 1.150859
v -0.728427 -0.231293 1.153639
v -1.654757 0.411571 1.133256
v 0.372628 -1.661830 1.109827
v 0.022329 -1.108038 1.247483
v -1.162753 0.088245 1.257113
v -0.337302 -0.652467 1.260520
v -0.743830 -0.246860 1.263301
v -1.670161 0.396002 1.242918
v 0.357225 -1.677397 1.219487
v 0.232419 -1.874512 1.128725
v -0.129000 -1.235374 1.161637
v -0.488372 -0.779587 1.174722
v 0.189058 -0.965134 1.223672
v 0.497430 -1.464712 1.200588
v -1.442019 0.515894 1.218165
v -0.995948 0.231212 1.233315
v -0.170825 -0.509781 1.236655
v 0.782975 -2.035785 1.167361
v -1.314154 -0.039154 1.171250
v -1.882899 0.291679 1.158010
v -0.895152 -0.374188 1.177456
v -0.577109 -0.103965 1.239486
v -0.307521 1.136949 -0.564341
v -0.726901 1.129817 -0.162013
v 0.047643 1.145079 -0.992575
v 0.337243 1.154028 -1.439085
v 0.650335 1.167357 -2.076371
v -1.198153 1.124192 0.189861
v -1.932421 1.119002 0.588483
v -0.310557 1.248726 -0.565697
v -0.729937 1.241594 -0.163369
v 0.044603 1.256855 -0.993931
v 0.334207 1.265803 -1.440441
v 0.647298 1.279132 -2.077727
v -1.201190 1.235970 0.188505
v -1.935458 1.230779 0.587127
v -1.351065 1.184594 0.037416
v -0.870986 1.190246 -0.317851
v -1.048278 1.175569 0.340952
v 0.475408 1.205230 -1.277848
v -0.585852 1.181163 -0.007530
v -2.419394 1.172145 0.822559
v 0.196042 1.214600 -1.601679
v -0.451602 1.197381 -0.720174
v -2.292159 1.178546 0.522899
v 0.830522 1.231797 -2.481737
v -1.575724 1.171233 0.652711
v 0.714250 1.215295 -1.758470
v -0.096644 1.205514 -1.148630
v 0.583387 1.231192 -2.395628
v -0.166476 1.188297 -0.409863
v 0.188890 1.196418 -0.837875
v 1.223882 0.802846 -1.041009
v -1.061545 -1.073094 1.185815
v -1.039927 1.204850 0.806304
v -0.437724 -0.430019 -0.464253
v 1.032857 1.281165 -1.149779
v -1.164546 1.244310 1.047216
v -1.166568 1.292018 -1.152921
v 1.026948 -1.207841 1.233149
v -1.169196 1.000517 1.280882
v -1.176814 -1.194684 1.227386
v 1.272138 1.042826 -1.157513
v 1.270974 -1.175280 0.992852
v 1.270139 -1.124672 -1.212079
v 1.169084 -0.435996 -0.455767
v -0.430178 1.183927 -0.417002
v -0.442733 -0.464288 1.155594
v -1.042258 1.245833 -1.027429
v 0.782106 -1.086965 1.189226
v 1.217836 -1.050265 0.757457
v 0.792722 1.234294 -1.026638
v -1.048842 0.763873 1.229650
v 1.217870 -1.006275 -1.085911
v 1.128900 -0.538627 -0.397721
v 1.126497 -0.135192 -0.816090
v 1.130460 -0.967822 -0.043631
v 1.131208 -1.415141 0.244855
v 1.131139 -2.053344 0.556360
v 1.123254 0.217902 -1.286453
v 1.117391 0.618383 -2.019706
v 1.240522 -0.543242 -0.402644
v 1.238118 -0.139806 -0.821017
v 1.242086 -0.972437 -0.048558
v 1.242830 -1.419757 0.239928
v 1.242761 -2.057961 0.551436
v 1.234876 0.213288 -1.291379
v 1.229013 0.613768 -2.024631
v 1.176587 0.064149 -1.440678
v 1.179910 -0.292359 -0.961498
v 1.181543 0.367043 -1.137154
v 1.189420 -1.255823 0.382467
v 1.184705 0.017364 -0.675609
v 1.169168 0.852052 -2.507019
v 1.184610 -1.579075 0.102316
v 1.182313 -0.695790 -0.543123
v 1.168935 0.552006 -2.380531
v 1.186708 -2.460881 0.734595
v 1.177465 0.680144 -1.663806
v 1.189428 -1.737146 0.620114
v 1.183870 -1.125208 -0.189239
v 1.184469 -2.374160 0.487682
v 1.187108 -0.386077 -0.257243
v 1.188676 -0.815052 0.097049
v -0.521762 -0.426157 1.153464
v -0.134936 -0.859868 1.145599
v -0.936400 -0.055132 1.151640
v -1.372576 0.252012 1.141134
v -2.027034 0.601044 1.124471
v 0.200055 -1.342944 1.127040
v 0.573167 -2.089256 1.083610
v -0.537165 -0.441727 1.263125
v -0.150340 -0.875437 1.255259
v -0.951804 -0.070700 1.261301
v -1.387980 0.236446 1.250795
v -2.042437 0.585475 1.234130
v 0.184648 -1.358513 1.236700
v 0.557763 -2.104822 1.193269
v 0.036573 -1.494623 1.150225
v -0.301509 -1.002639 1.169442
v 0.348130 -1.206833 1.213514
v -1.213507 0.376526 1.226877
v 0.016233 -0.732669 1.231414
v 0.783506 -2.589224 1.106936
v -1.547049 0.111928 1.165053
v -0.688330 -0.568923 1.177310
v 0.489499 -2.450065 1.092098
v -2.460749 0.801416 1.170085
v 0.641431 -1.744011 1.184782
v -1.683959 0.656337 1.207352
v -1.103198 -0.198089 1.175439
v -2.385512 0.530183 1.151249
v -0.370597 -0.298962 1.239279
v -0.785010 0.072257 1.237498
v -0.794997 1.125640 0.191204
v -0.796675 1.121845 0.189308
v -0.794738 1.124159 0.191463
v -0.794963 1.122918 0.191192
v -0.795645 1.122106 0.190436
v 0.036111 1.135962 -0.607651
v 0.037805 1.139760 -0.605738
v 0.037149 1.136222 -0.606516
v 0.037835 1.137035 -0.605754
v 0.038068 1.138278 -0.605481
v -1.109950 1.131823 -0.151635
v -1.111819 1.135852 -0.153600
v -1.110999 1.132159 -0.152771
v -1.111724 1.133043 -0.153544
v -1.112010 1.134340 -0.153836
v -0.278998 1.149972 -0.950522
v -0.277121 1.145939 -0.948552
v -0.279189 1.148457 -0.950757
v -0.278899 1.147158 -0.950466
v -0.278174 1.146275 -0.949691
v -0.352690 1.132007 -0.184771
v -0.354369 1.128215 -0.186666
v -0.352431 1.130527 -0.184513
v -0.352656 1.129287 -0.184782
v -0.353339 1.128474 -0.185539
v -0.669055 1.142207 -0.529075
v -0.667193 1.138179 -0.527119
v -0.669245 1.140695 -0.529312
v -0.668959 1.139395 -0.529024
v -0.668238 1.138513 -0.528253
v 0.039788 1.158395 -1.381981
v 0.041696 1.154359 -1.379977
v 0.039598 1.156881 -1.382214
v 0.039891 1.155580 -1.381916
v 0.040628 1.154694 -1.381130
v 0.355008 1.144377 -1.038988
v 0.356733 1.148186 -1.037041
v 0.356057 1.144638 -1.037839
v 0.356755 1.145453 -1.037065
v 0.356992 1.146701 -1.036785
v 0.348882 1.169951 -1.943199
v 0.350332 1.165887 -1.940204
v 0.348661 1.168431 -1.943358
v 0.348855 1.167125 -1.942844
v 0.349443 1.166232 -1.941737
v 0.615064 1.153771 -1.496756
v 0.616323 1.157584 -1.493827
v 0.615937 1.154025 -1.495228
v 0.616483 1.154839 -1.494136
v 0.616616 1.156089 -1.493643
v 0.822088 1.191388 -2.962444
v 0.817041 1.187114 -2.949880
v 0.820192 1.191392 -2.962965
v 0.821416 1.189792 -2.959630
v 0.820222 1.188419 -2.956256
v 0.821985 1.191681 -2.963760
v 0.821161 1.190017 -2.961843
v 0.820184 1.188698 -2.959655
v 0.820028 1.189135 -2.961126
v 0.816938 1.187495 -2.953135
v 0.817498 1.188441 -2.956766
v 0.818685 1.187478 -2.952832
v 0.818750 1.188011 -2.956707
v 0.819028 1.188707 -2.959873
v 0.820958 1.191682 -2.964042
v 0.818643 1.189811 -2.960217
v 0.819860 1.190025 -2.962121
v 0.820787 1.190144 -2.963152
v 0.841905 1.168254 -1.995310
v 0.838929 1.164323 -1.994190
v 0.842077 1.166740 -1.994815
v 0.841569 1.165463 -1.994429
v 0.840467 1.164614 -1.994209
v -1.283995 1.120763 0.516882
v -1.286750 1.116943 0.515647
v -1.283812 1.119275 0.517192
v -1.284274 1.118026 0.517066
v -1.285308 1.117208 0.516524
v -1.735820 1.126373 0.231180
v -1.738841 1.130397 0.229835
v -1.737311 1.126705 0.230279
v -1.738406 1.127588 0.229706
v -1.738944 1.128884 0.229550
v -1.845286 1.112990 0.819002
v -1.845858 1.116813 0.821935
v -1.845114 1.113247 0.820531
v -1.845160 1.114066 0.821625
v -1.845423 1.115318 0.822118
v -2.985675 1.123559 0.824477
v -2.986190 1.123592 0.822664
v -2.972358 1.119623 0.818955
v -2.987002 1.123790 0.824410
v -2.982661 1.122034 0.823669
v -2.984915 1.122203 0.823476
v -2.986254 1.122306 0.823142
v -2.984107 1.121368 0.822296
v -2.983252 1.122092 0.820964
v -2.979594 1.120813 0.819663
v -2.987281 1.123807 0.823430
v -2.985198 1.122232 0.822207
v -2.982791 1.120990 0.821259
v -2.975455 1.119905 0.820682
v -2.979075 1.120752 0.822337
v -2.975764 1.119946 0.818956
v -2.979483 1.120363 0.820865
v -2.982569 1.120961 0.822392
v -0.833480 1.234697 0.151206
v -0.829257 1.230714 0.155730
v -0.832251 1.234364 0.152534
v -0.831019 1.233490 0.153862
v -0.829966 1.232209 0.154984
v 0.003545 1.244830 -0.641209
v -0.000689 1.248813 -0.645753
v 0.002836 1.246326 -0.641958
v 0.001779 1.247608 -0.643083
v 0.000543 1.248481 -0.644416
v -1.083277 1.238685 -0.120727
v -1.079219 1.242525 -0.116241
v -1.082633 1.240184 -0.119999
v -1.081637 1.241441 -0.118893
v -1.080436 1.242262 -0.117573
v -0.246394 1.256639 -0.913161
v -0.250460 1.252797 -0.917652
v -0.247615 1.256376 -0.914494
v -0.248816 1.255554 -0.915816
v -0.249812 1.254298 -0.916924
v -0.391169 1.241065 -0.224768
v -0.386954 1.237087 -0.220246
v -0.389945 1.240733 -0.223439
v -0.388713 1.239862 -0.222113
v -0.387664 1.238582 -0.220992
v -0.636466 1.248880 -0.491728
v -0.640513 1.245038 -0.496202
v -0.637679 1.248616 -0.493055
v -0.638877 1.247794 -0.494371
v -0.639872 1.246537 -0.495478
v 0.072419 1.265059 -1.344586
v 0.068322 1.261212 -1.349114
v 0.071187 1.264796 -1.345933
v 0.069978 1.263972 -1.347266
v 0.068971 1.262714 -1.348383
v 0.322484 1.253232 -1.072503
v 0.318204 1.257231 -1.077091
v 0.321767 1.254733 -1.073256
v 0.320703 1.256020 -1.074393
v 0.319452 1.256896 -1.075740
v 0.380925 1.276582 -1.904558
v 0.377416 1.272755 -1.910336
v 0.379918 1.276328 -1.906382
v 0.378896 1.275512 -1.908121
v 0.378019 1.274257 -1.909509
v 0.582086 1.262584 -1.529274
v 0.578393 1.266627 -1.535112
v 0.581411 1.264094 -1.530125
v 0.580472 1.265394 -1.531533
v 0.579416 1.266282 -1.533284
v 0.850286 1.294152 -2.929622
v 0.848726 1.294191 -2.930104
v 0.846261 1.297745 -2.911229
v 0.850194 1.295586 -2.925438
v 0.850103 1.295705 -2.927700
v 0.849859 1.295759 -2.929070
v 0.849397 1.296454 -2.926144
v 0.847764 1.295623 -2.925844
v 0.846956 1.296799 -2.920761
v 0.849458 1.294460 -2.931189
v 0.848966 1.295722 -2.927896
v 0.848542 1.296735 -2.924413
v 0.848020 1.297532 -2.915483
v 0.849401 1.296775 -2.920474
v 0.846429 1.297546 -2.915629
v 0.848249 1.297202 -2.920295
v 0.849576 1.296725 -2.924288
v 0.802144 1.277173 -2.032238
v 0.807691 1.273196 -2.030738
v 0.803872 1.276862 -2.032073
v 0.805532 1.275996 -2.031729
v 0.806871 1.274710 -2.031261
v -1.323825 1.229791 0.477714
v -1.318248 1.225809 0.481418
v -1.322078 1.229462 0.478727
v -1.320407 1.228590 0.479788
v -1.319060 1.227308 0.480733
v -1.710299 1.233222 0.262704
v -1.704795 1.237075 0.266409
v -1.709544 1.234722 0.263372
v -1.708236 1.235982 0.264310
v -1.706568 1.236806 0.265378
v -1.880095 1.221814 0.786488
v -1.882106 1.225839 0.780944
v -1.880641 1.223322 0.785660
v -1.881213 1.224616 0.784317
v -1.881728 1.225501 0.782661
v -2.957175 1.226362 0.857040
v -2.938456 1.230341 0.852834
v -2.957656 1.226413 0.855533
v -2.952906 1.227865 0.856936
v -2.947848 1.229151 0.856101
v -2.958491 1.226585 0.857084
v -2.955218 1.227926 0.856890
v -2.951754 1.229024 0.856348
v -2.953646 1.228718 0.856188
v -2.942927 1.230057 0.853071
v -2.948146 1.229215 0.853667
v -2.942775 1.230020 0.854661
v -2.947684 1.229600 0.854965
v -2.951884 1.229050 0.855319
v -2.953318 1.227934 0.854532
v -2.955416 1.227956 0.855765
v -2.956618 1.227950 0.856672
v 0.795373 1.236881 0.803870
v 0.791120 1.236814 0.808128
v 0.799936 1.240905 0.812809
v 0.795053 1.236844 0.805501
v 0.794130 1.236819 0.806883
v 0.795732 1.238466 0.805854
v 0.795415 1.238386 0.806880
v 0.795427 1.239234 0.808232
v 0.793050 1.238425 0.808517
v 0.795400 1.239766 0.809541
v 0.792749 1.236808 0.807805
v 0.794084 1.238365 0.808197
v 0.796724 1.239787 0.808250
v 0.797818 1.240640 0.811049
v 0.796788 1.240208 0.809628
v 0.769407 -2.920712 1.188975
v 0.766382 -2.921942 1.188934
v 0.774087 -2.934084 1.192878
v 0.768510 -2.922837 1.188920
v 0.769548 -2.924088 1.190463
v 0.768995 -2.924950 1.190499
v 0.772283 -2.930794 1.192649
v 0.773168 -2.931521 1.192632
v 0.771455 -2.928714 1.192211
v 0.770272 -2.926271 1.191667
v 0.790719 1.313097 -2.855173
v 0.795343 1.317664 -2.868714
v 0.787702 1.313140 -2.856421
v 0.790487 1.313131 -2.856575
v 0.790876 1.314748 -2.858572
v 0.791272 1.315658 -2.860174
v 0.792489 1.316268 -2.862512
v 0.793584 1.317263 -2.865434
v 0.788854 1.313152 -2.857249
v -2.870322 1.255404 0.806472
v -2.871569 1.255471 0.803458
v -2.883990 1.259597 0.811158
v -2.872451 1.255435 0.805590
v -2.873297 1.257037 0.806860
v -2.875373 1.257859 0.807062
v -2.874274 1.257000 0.806160
v -2.876944 1.258388 0.807875
v -2.881095 1.259296 0.810111
v -2.878360 1.258851 0.808529
v 1.267415 0.846483 -2.880121
v 1.267411 0.843550 -2.881392
v 1.271669 0.851514 -2.893970
v 1.267415 0.846292 -2.881523
v 1.268949 0.846431 -2.883801
v 1.269864 0.847172 -2.885233
v 1.270425 0.848515 -2.887678
v 1.267415 0.844704 -2.882211
v 1.271344 0.849626 -2.890590
v 0.794755 0.744705 1.276445
v 0.799340 0.753397 1.280917
v 0.790525 0.748996 1.276532
v 0.795110 0.746607 1.278122
v 0.796109 0.748925 1.279562
v 0.794442 0.746337 1.276481
v 0.794797 0.747636 1.278087
v 0.794812 0.748947 1.278996
v 0.797216 0.751674 1.280550
v 0.794793 0.750230 1.279586
v 0.796178 0.750282 1.280045
v 0.792154 0.748660 1.276528
v 0.793527 0.747726 1.276510
v 0.792444 0.749290 1.278176
v 0.793477 0.748965 1.278113
v -2.888255 0.776771 1.264415
v -2.901614 0.781183 1.268781
v -2.889521 0.773773 1.264338
v -2.891253 0.777089 1.266047
v -2.889659 0.776551 1.264409
v -2.893283 0.777251 1.266869
v -2.898844 0.780195 1.268425
v -2.896197 0.778652 1.267915
v -2.890342 0.774931 1.264369
v -2.892298 0.776183 1.266019
v 1.267347 0.758710 0.798093
v 1.271631 0.762907 0.806889
v 1.267343 0.754348 0.802243
v 1.268979 0.758991 0.800044
v 1.270368 0.759888 0.802398
v 1.267347 0.758348 0.799717
v 1.268922 0.758646 0.801054
v 1.269799 0.758616 0.802374
v 1.271299 0.760909 0.805143
v 1.270364 0.758584 0.803648
v 1.270822 0.759917 0.803744
v 1.267347 0.755986 0.801962
v 1.267350 0.757390 0.801075
v 1.268975 0.756278 0.802630
v 1.268922 0.757303 0.802333
v 1.264409 -2.802738 0.710716
v 1.268663 -2.813864 0.714349
v 1.265088 -2.804454 0.707053
v 1.266034 -2.805306 0.710866
v 1.265298 -2.803871 0.710359
v 1.268388 -2.811427 0.713701
v 1.267614 -2.808783 0.712090
v 1.265664 -2.804801 0.708377
v 1.265741 -2.804597 0.709538
v 1.266626 -2.805925 0.709974
v -3.843970 1.250734 1.277003
v -3.846431 1.247220 1.278018
v -3.844222 1.246124 1.281455
v -3.845038 1.250474 1.276476
v -3.845881 1.249716 1.276484
v -3.844027 1.250341 1.278750
v -3.845935 1.249948 1.278505
v -3.847171 1.249340 1.278445
v -3.847140 1.248760 1.279604
v -3.846404 1.246192 1.279325
v -3.845977 1.245622 1.280437
v -3.846370 1.248573 1.277024
v -3.847075 1.247981 1.278792
v -3.847213 1.247586 1.280140
v -3.844165 1.247848 1.281159
v -3.844096 1.249328 1.280210
v -3.845210 1.245597 1.281184
v -3.846019 1.247623 1.280750
v 1.270932 1.335413 -3.831032
v 1.267450 1.336698 -3.833632
v 1.266332 1.340089 -3.831117
v 1.270665 1.334936 -3.832146
v 1.269910 1.335013 -3.833031
v 1.270581 1.337205 -3.831036
v 1.270177 1.337031 -3.832999
v 1.269563 1.337034 -3.834278
v 1.268995 1.338219 -3.834207
v 1.266420 1.338028 -3.833534
v 1.265844 1.339137 -3.833024
v 1.268781 1.335632 -3.833553
v 1.268201 1.337439 -3.834198
v 1.267820 1.338802 -3.834276
v 1.268090 1.339735 -3.831082
v 1.269586 1.338721 -3.831054
v 1.265813 1.339861 -3.832174
v 1.267862 1.339379 -3.833015
v 1.269811 1.226003 1.287902
v 1.269769 1.221309 1.292373
v 1.274316 1.221502 1.287913
v 1.269803 1.225608 1.289644
v 1.269792 1.224578 1.291105
v 1.271543 1.225646 1.287922
v 1.271474 1.225103 1.289590
v 1.271425 1.224389 1.290922
v 1.272405 1.223996 1.290516
v 1.271516 1.221336 1.292033
v 1.272992 1.221381 1.291067
v 1.269780 1.223068 1.292064
v 1.271463 1.223028 1.291568
v 1.272805 1.223013 1.290907
v 1.273980 1.223211 1.287925
v 1.273008 1.224668 1.287930
v 1.273977 1.221441 1.289620
v 1.273481 1.223100 1.289580
v 1.272813 1.224429 1.289550
v 1.264535 -3.871919 1.166425
v 1.265817 -3.873984 1.162843
v 1.269284 -3.871402 1.162099
v 1.264051 -3.872822 1.166120
v 1.264127 -3.873532 1.165332
v 1.266359 -3.871813 1.166086
v 1.266149 -3.873623 1.165632
v 1.266130 -3.874789 1.164987
v 1.267144 -3.873963 1.161906
v 1.268274 -3.873463 1.161437
v 1.264745 -3.873937 1.164180
v 1.266542 -3.874647 1.163650
v 1.267907 -3.874756 1.163320
v 1.268926 -3.871532 1.163747
v 1.267900 -3.871676 1.165147
v 1.269025 -3.872566 1.161504
v 1.268522 -3.873492 1.163434
v 1.267740 -3.873987 1.164901
v 0.790075 1.237269 -2.857048
v 0.787061 1.237321 -2.858294
v 0.785787 1.232898 -2.851139
v 0.790036 1.237315 -2.858908
v 0.789449 1.237340 -2.859797
v 0.789548 1.235620 -2.856170
v 0.789449 1.235623 -2.858002
v 0.788518 1.234835 -2.857660
v 0.786760 1.235669 -2.857322
v 0.786412 1.234248 -2.855621
v 0.788404 1.237342 -2.859583
v 0.788121 1.235649 -2.858549
v 0.787229 1.233256 -2.852973
v 0.788549 1.234212 -2.854739
v 0.786073 1.233275 -2.853450
v 0.787565 1.233702 -2.855404
v 0.788625 1.234476 -2.856726
v 0.794725 1.149928 0.801796
v 0.790429 1.145701 0.801693
v 0.790468 1.149860 0.806053
v 0.794385 1.148301 0.801756
v 0.793451 1.146927 0.801723
v 0.794400 1.149892 0.803424
v 0.793996 1.148223 0.803426
v 0.793241 1.147107 0.803314
v 0.790433 1.145988 0.803330
v 0.790445 1.146878 0.804733
v 0.792062 1.146013 0.801701
v 0.792108 1.146363 0.803381
v 0.792032 1.147088 0.804523
v 0.792096 1.149854 0.805729
v 0.793477 1.149866 0.804807
v 0.790456 1.148237 0.805690
v 0.792127 1.148193 0.805297
v 0.793248 1.148287 0.804553
v -2.870967 1.177325 0.804557
v -2.864985 1.173123 0.800197
v -2.872214 1.177407 0.801544
v -2.870063 1.175702 0.804002
v -2.868605 1.174333 0.802980
v -2.872828 1.177341 0.804519
v -2.870597 1.174563 0.803063
v -2.871539 1.174908 0.802960
v -2.867301 1.173457 0.800489
v -2.869490 1.174390 0.800850
v -2.866824 1.173427 0.801643
v -2.869265 1.173827 0.801988
v -2.873503 1.177385 0.802889
v -2.873721 1.177362 0.803932
v -2.871215 1.175775 0.801220
v -2.872653 1.175779 0.803445
v 0.794805 0.746781 1.189478
v 0.790574 0.751071 1.189578
v 0.790548 0.746914 1.185217
v 0.794492 0.748412 1.189517
v 0.793580 0.749801 1.189548
v 0.794481 0.746822 1.187846
v 0.794103 0.748497 1.187845
v 0.793363 0.749624 1.187955
v 0.790574 0.750787 1.187938
v 0.790567 0.749895 1.186535
v 0.792203 0.750736 1.189569
v 0.792241 0.750383 1.187890
v 0.792154 0.749663 1.186748
v 0.792176 0.746895 1.185540
v 0.793561 0.746862 1.186464
v 0.790559 0.748536 1.185578
v 0.792230 0.748555 1.185970
v 0.793355 0.748445 1.186718
v 0.769456 -2.918637 1.102008
v 0.765241 -2.912503 1.097890
v 0.766431 -2.919866 1.101977
v 0.768949 -2.917678 1.100398
v 0.767968 -2.916176 1.099052
v 0.769407 -2.920496 1.101962
v 0.768033 -2.918173 1.099220
v 0.767919 -2.919121 1.099534
v 0.765512 -2.914829 1.098159
v 0.765828 -2.917045 1.099030
v 0.766668 -2.914357 1.098169
v 0.766988 -2.916808 1.098502
v 0.767766 -2.921162 1.101945
v 0.768811 -2.921384 1.101940
v 0.766153 -2.918814 1.100370
v 0.768373 -2.920263 1.100381
v -2.888205 0.778655 1.188076
v -2.889472 0.775657 1.188004
v -2.882182 0.774453 1.183717
v -2.889609 0.778436 1.188070
v -2.886817 0.778360 1.186439
v -2.888518 0.778016 1.186487
v -2.889601 0.777517 1.186515
v -2.888427 0.777043 1.185587
v -2.888263 0.774938 1.186357
v -2.886454 0.774457 1.184964
v -2.890292 0.776815 1.188031
v -2.889205 0.776392 1.186450
v -2.887919 0.776084 1.185183
v -2.883559 0.776086 1.184080
v -2.885184 0.777458 1.185035
v -2.884318 0.774287 1.184038
v -2.885966 0.776031 1.184549
v -2.887378 0.777366 1.185214
v 1.180425 0.846985 -2.880111
v 1.176137 0.842606 -2.874163
v 1.180406 0.844006 -2.881425
v 1.178792 0.846637 -2.878731
v 1.177404 0.845681 -2.877115
v 1.180425 0.846788 -2.881517
v 1.178846 0.846323 -2.880435
v 1.177583 0.845628 -2.879307
v 1.177964 0.845329 -2.880360
v 1.176461 0.842479 -2.876301
v 1.177388 0.842702 -2.878430
v 1.176473 0.844266 -2.875511
v 1.176946 0.844258 -2.877919
v 1.177579 0.844355 -2.879869
v 1.180413 0.845177 -2.882228
v 1.178773 0.843238 -2.880231
v 1.178838 0.844708 -2.881148
v 1.178884 0.845839 -2.881526
v 1.180352 0.759207 0.798103
v 1.180330 0.754848 0.802261
v 1.176069 0.754974 0.798002
v 1.180352 0.758846 0.799726
v 1.180349 0.757888 0.801085
v 1.178724 0.758892 0.798095
v 1.178678 0.758463 0.799757
v 1.178758 0.757686 0.800864
v 1.178701 0.754865 0.801938
v 1.177316 0.754895 0.801014
v 1.180341 0.756484 0.801976
v 1.178670 0.756544 0.801585
v 1.177541 0.756484 0.800835
v 1.176404 0.756601 0.798041
v 1.177335 0.757978 0.798072
v 1.176393 0.754932 0.799634
v 1.176793 0.756600 0.799713
v 1.177549 0.757722 0.799656
v 1.159303 -2.904157 0.714686
v 1.158609 -2.907143 0.711112
v 1.155050 -2.903867 0.710691
v 1.159883 -2.905587 0.714345
v 1.159951 -2.906657 0.713546
v 1.157674 -2.904104 0.714461
v 1.157945 -2.906325 0.713988
v 1.158036 -2.907795 0.713329
v 1.156900 -2.907605 0.712882
v 1.157239 -2.907086 0.710288
v 1.156083 -2.906441 0.709918
v 1.159505 -2.907204 0.712411
v 1.157727 -2.907750 0.712007
v 1.156381 -2.907702 0.711776
v 1.155374 -2.903947 0.712299
v 1.156297 -2.904031 0.713624
v 1.155317 -2.905314 0.710058
v 1.155771 -2.906193 0.711945
v 1.156476 -2.906666 0.713357
v 1.131517 0.218171 -0.883376
v 1.127637 0.216391 -0.884997
v 1.130048 0.218470 -0.883091
v 1.128797 0.218239 -0.883298
v 1.127950 0.217508 -0.883968
v 1.132421 -0.582768 -0.054211
v 1.136300 -0.580971 -0.052576
v 1.132730 -0.581643 -0.053178
v 1.133577 -0.580907 -0.052502
v 1.134832 -0.580670 -0.052290
v 1.122365 -0.123894 -1.199095
v 1.126306 -0.125972 -1.201037
v 1.122651 -0.125039 -1.200154
v 1.123502 -0.125834 -1.200894
v 1.124784 -0.126163 -1.201204
v 1.131089 -0.925095 -0.370220
v 1.127153 -0.923011 -0.368273
v 1.129567 -0.925284 -0.370386
v 1.128286 -0.924956 -0.370076
v 1.127439 -0.924158 -0.369334
v 1.134309 -0.158960 -0.442017
v 1.130437 -0.160739 -0.443639
v 1.132840 -0.158660 -0.441731
v 1.131589 -0.158892 -0.441940
v 1.130746 -0.159622 -0.442609
v 1.129110 -0.502604 -0.759218
v 1.125173 -0.500535 -0.757285
v 1.127588 -0.502795 -0.759386
v 1.126306 -0.502471 -0.759079
v 1.125455 -0.501677 -0.758341
v 1.132241 -1.357428 -0.052512
v 1.128301 -1.355312 -0.050536
v 1.130719 -1.357617 -0.052678
v 1.129434 -1.357280 -0.052360
v 1.128583 -1.356471 -0.051608
v 1.133569 -1.014982 0.263606
v 1.137464 -1.013151 0.265272
v 1.133882 -1.013843 0.264654
v 1.134729 -1.013095 0.265340
v 1.135988 -1.012853 0.265557
v 1.132562 -1.919533 0.255183
v 1.128614 -1.916425 0.256704
v 1.131032 -1.919647 0.254984
v 1.129747 -1.919097 0.255202
v 1.128896 -1.917964 0.255807
v 1.133931 -1.473490 0.522517
v 1.137849 -1.470679 0.523719
v 1.134244 -1.471975 0.523390
v 1.135099 -1.470906 0.523925
v 1.136365 -1.470452 0.524040
v 1.132112 -2.940175 0.725849
v 1.128122 -2.927480 0.720902
v 1.132066 -2.940694 0.723957
v 1.130586 -2.937315 0.725213
v 1.129293 -2.933898 0.724047
v 1.132364 -2.941499 0.725740
v 1.130738 -2.939533 0.724950
v 1.129468 -2.937306 0.723999
v 1.129861 -2.938788 0.723835
v 1.128404 -2.930743 0.720785
v 1.129255 -2.934402 0.721325
v 1.128427 -2.930444 0.722533
v 1.128846 -2.934335 0.722581
v 1.129453 -2.937519 0.722844
v 1.132337 -2.941779 0.724714
v 1.130540 -2.937896 0.722439
v 1.130719 -2.939809 0.723648
v 1.130822 -2.940844 0.724569
v 1.137628 -1.972833 0.748057
v 1.133680 -1.971593 0.745149
v 1.136132 -1.972296 0.748253
v 1.134858 -1.971872 0.747769
v 1.133996 -1.971624 0.746679
v 1.127950 0.545102 -1.371548
v 1.124051 0.543987 -1.374243
v 1.126477 0.545455 -1.371342
v 1.125219 0.545367 -1.371782
v 1.124364 0.544851 -1.372801
v 1.117601 0.260516 -1.823992
v 1.121534 0.259059 -1.827082
v 1.117883 0.259610 -1.825490
v 1.118726 0.259015 -1.826604
v 1.120012 0.258822 -1.827163
v 1.119592 0.848757 -1.932006
v 1.123487 0.851579 -1.932635
v 1.119897 0.850278 -1.931832
v 1.120744 0.851347 -1.931891
v 1.122007 0.851804 -1.932173
v 1.111146 0.856839 -3.072395
v 1.111116 0.855025 -3.072916
v 1.107274 0.851399 -3.059024
v 1.111352 0.856766 -3.073726
v 1.109647 0.856068 -3.069359
v 1.109777 0.855875 -3.071616
v 1.109845 0.855540 -3.072955
v 1.108918 0.854718 -3.070795
v 1.109617 0.853364 -3.069960
v 1.108361 0.852090 -3.066281
v 1.111337 0.855787 -3.074008
v 1.109761 0.854605 -3.071901
v 1.108529 0.853690 -3.069478
v 1.107553 0.853124 -3.062122
v 1.108388 0.854764 -3.065752
v 1.107538 0.851401 -3.062441
v 1.107949 0.853306 -3.066160
v 1.108541 0.854821 -3.069252
v 1.238691 0.175099 -0.923775
v 1.234918 0.179728 -0.919480
v 1.238420 0.176434 -0.922540
v 1.237607 0.177785 -0.921291
v 1.236379 0.178941 -0.920215
v 1.239698 -0.619409 -0.088677
v 1.243474 -0.624057 -0.092992
v 1.241159 -0.620199 -0.089415
v 1.242391 -0.621362 -0.090494
v 1.243203 -0.622715 -0.091750
v 1.230520 -0.096193 -1.174167
v 1.234559 -0.091832 -1.170165
v 1.232053 -0.095511 -1.173548
v 1.233354 -0.094443 -1.172570
v 1.234235 -0.093152 -1.171383
v 1.239343 -0.890951 -0.339344
v 1.235303 -0.895316 -0.343353
v 1.239019 -0.892273 -0.340564
v 1.238137 -0.893566 -0.341751
v 1.236833 -0.894633 -0.342730
v 1.241491 -0.202029 -0.482416
v 1.237714 -0.197403 -0.478123
v 1.241216 -0.200695 -0.481181
v 1.240403 -0.199347 -0.479934
v 1.239175 -0.198192 -0.478858
v 1.237363 -0.468474 -0.728358
v 1.233327 -0.472825 -0.732350
v 1.237039 -0.469789 -0.729571
v 1.236158 -0.471079 -0.730755
v 1.234853 -0.472143 -0.731731
v 1.240487 -1.323251 -0.021609
v 1.236444 -1.327654 -0.025648
v 1.240163 -1.324586 -0.022838
v 1.239282 -1.325890 -0.024040
v 1.237973 -1.326968 -0.025027
v 1.240834 -1.051579 0.229181
v 1.244622 -1.056273 0.224827
v 1.242299 -1.052376 0.228439
v 1.243535 -1.053545 0.227349
v 1.244352 -1.054914 0.226082
v 1.240800 -1.884107 0.285502
v 1.236749 -1.889764 0.282045
v 1.240476 -1.885923 0.284496
v 1.239595 -1.887634 0.283485
v 1.238282 -1.888982 0.282623
v 1.241178 -1.509091 0.487642
v 1.244985 -1.515035 0.483872
v 1.242650 -1.509985 0.486942
v 1.243890 -1.511428 0.485980
v 1.244710 -1.513201 0.484902
v 1.236249 -2.910444 0.752377
v 1.236249 -2.910926 0.750817
v 1.240312 -2.892156 0.748332
v 1.236585 -2.912313 0.752096
v 1.237806 -2.906306 0.752274
v 1.237851 -2.908570 0.752176
v 1.237863 -2.909940 0.751926
v 1.238637 -2.907036 0.751456
v 1.237787 -2.906707 0.749839
v 1.239099 -2.901657 0.749025
v 1.237844 -2.908763 0.751036
v 1.238954 -2.905311 0.750602
v 1.240003 -2.896408 0.750084
v 1.239122 -2.901377 0.751467
v 1.239984 -2.896549 0.748494
v 1.239537 -2.901209 0.750310
v 1.238961 -2.905188 0.751638
v 1.244733 -2.012829 0.706383
v 1.240899 -2.011226 0.711998
v 1.244458 -2.012658 0.708117
v 1.243631 -2.012295 0.709792
v 1.242383 -2.011791 0.711156
v 1.235101 0.502867 -1.413294
v 1.231324 0.506671 -1.407643
v 1.234834 0.503885 -1.411542
v 1.234021 0.504966 -1.409853
v 1.232789 0.505944 -1.408482
v 1.225744 0.288838 -1.800215
v 1.229795 0.292414 -1.794770
v 1.227277 0.289458 -1.799485
v 1.228582 0.290357 -1.798195
v 1.229467 0.291394 -1.796539
v 1.226815 0.813164 -1.968713
v 1.230642 0.807511 -1.970800
v 1.228292 0.812295 -1.969285
v 1.229535 0.810914 -1.969882
v 1.230359 0.809235 -1.970414
v 1.215322 0.886308 -3.045568
v 1.219487 0.881942 -3.026925
v 1.215322 0.884803 -3.046050
v 1.216893 0.886151 -3.041322
v 1.218236 0.885264 -3.036290
v 1.215524 0.886349 -3.046888
v 1.216913 0.886109 -3.043637
v 1.218053 0.885524 -3.040192
v 1.217710 0.885381 -3.042078
v 1.219140 0.882198 -3.031393
v 1.218225 0.882830 -3.036595
v 1.219148 0.883786 -3.031233
v 1.218656 0.884116 -3.036137
v 1.218045 0.884495 -3.040324
v 1.216886 0.883747 -3.041742
v 1.216909 0.884984 -3.043839
v 1.216909 0.885894 -3.045038
v 0.213746 -0.943004 1.176035
v 0.212289 -0.944155 1.171870
v 0.214193 -0.942590 1.174637
v 0.214074 -0.942664 1.173356
v 0.213407 -0.943213 1.172384
v -0.553885 -0.082992 1.187685
v -0.552417 -0.081831 1.191844
v -0.552764 -0.082047 1.188199
v -0.552092 -0.081494 1.189169
v -0.551970 -0.081420 1.190447
v -0.136805 -1.240764 1.103782
v -0.139319 -1.242987 1.107296
v -0.138011 -1.241793 1.103852
v -0.138911 -1.242580 1.104544
v -0.139369 -1.242996 1.105755
v -0.905471 -0.381803 1.123116
v -0.902941 -0.379570 1.119605
v -0.905516 -0.381813 1.121574
v -0.905055 -0.381391 1.120363
v -0.904151 -0.380603 1.119672
v -0.146136 -0.487649 1.189013
v -0.147589 -0.488799 1.184856
v -0.145686 -0.487235 1.187616
v -0.145804 -0.487307 1.186338
v -0.146476 -0.487858 1.185369
v -0.498690 -0.787201 1.120382
v -0.496184 -0.784984 1.116867
v -0.498744 -0.787210 1.118838
v -0.498282 -0.786793 1.117630
v -0.497386 -0.786011 1.116936
v -1.324473 -0.046769 1.116915
v -1.321906 -0.044501 1.113406
v -1.324519 -0.046775 1.115371
v -1.324046 -0.046345 1.114163
v -1.323130 -0.045547 1.113473
v -0.972754 0.252158 1.181505
v -0.971259 0.253343 1.185672
v -0.971621 0.253112 1.182020
v -0.970942 0.253674 1.182993
v -0.970813 0.253755 1.184277
v -1.893214 0.284065 1.103677
v -1.889594 0.285842 1.100133
v -1.893183 0.284022 1.102130
v -1.892482 0.284345 1.100914
v -1.891223 0.284984 1.100211
v -1.419783 0.537372 1.166400
v -1.417334 0.538024 1.170527
v -1.418288 0.538124 1.166899
v -1.417296 0.538512 1.167860
v -1.416960 0.538478 1.169133
v -2.993781 0.797179 1.090779
v -2.980925 0.792653 1.086858
v -2.994277 0.795284 1.090487
v -2.990817 0.796703 1.089292
v -2.987330 0.795676 1.088022
v -2.995120 0.797034 1.090904
v -2.993033 0.796424 1.089295
v -2.990721 0.795611 1.088037
v -2.992221 0.795406 1.088345
v -2.984149 0.792510 1.086992
v -2.987815 0.792958 1.087729
v -2.983859 0.794255 1.087169
v -2.987731 0.794259 1.087424
v -2.990927 0.794460 1.087910
v -2.995387 0.796008 1.090746
v -2.991374 0.793933 1.088956
v -2.993296 0.795121 1.089138
v -2.994342 0.796033 1.089271
v -1.913707 0.820052 1.147785
v -1.905204 0.818160 1.147937
v -1.907946 0.817643 1.144151
v -1.911696 0.819892 1.147977
v -1.909377 0.819476 1.148074
v -1.912375 0.820417 1.146359
v -1.910453 0.820146 1.146534
v -1.908698 0.819900 1.146652
v -1.905341 0.818900 1.146545
v -1.905913 0.819062 1.145336
v -1.907096 0.818868 1.148059
v -1.907046 0.819412 1.146622
v -1.907195 0.819703 1.145473
v -1.909259 0.819112 1.144393
v -1.910811 0.820087 1.145168
v -1.906829 0.818622 1.144496
v -1.908095 0.819508 1.144866
v -1.909323 0.820149 1.145402
v 0.522111 -1.442590 1.152966
v 0.521280 -1.444836 1.148729
v 0.522611 -1.442259 1.151559
v 0.522626 -1.442568 1.150260
v 0.522161 -1.443474 1.149265
v 0.224035 -1.878734 1.070939
v 0.222100 -1.882128 1.074386
v 0.223054 -1.880212 1.070983
v 0.222341 -1.881376 1.071654
v 0.222005 -1.882048 1.072848
v 0.805227 -2.012535 1.115708
v 0.807641 -2.013674 1.119760
v 0.806718 -2.012463 1.116167
v 0.807698 -2.012655 1.117098
v 0.808027 -2.013079 1.118360
v 0.773866 -3.145902 0.992678
v 0.772046 -3.146336 0.992431
v 0.769296 -3.131984 0.989701
v 0.773729 -3.147242 0.992743
v 0.773347 -3.142703 0.991433
v 0.773065 -3.144951 0.991314
v 0.772680 -3.146273 0.991215
v 0.772023 -3.143999 0.990441
v 0.770643 -3.143178 0.991097
v 0.769624 -3.139341 0.990109
v 0.772744 -3.147476 0.992610
v 0.771795 -3.145177 0.991154
v 0.771085 -3.142606 0.990098
v 0.770875 -3.135170 0.989822
v 0.772298 -3.138934 0.990431
v 0.769151 -3.135411 0.989618
v 0.770875 -3.139233 0.989823
v 0.772218 -3.142432 0.990235
v 0.159261 -0.991691 1.274192
v 0.164373 -0.987262 1.271307
v 0.160657 -0.990498 1.274169
v 0.162118 -0.989238 1.273613
v 0.163423 -0.988102 1.272607
v -0.601790 -0.126092 1.287118
v -0.606913 -0.130529 1.290004
v -0.602744 -0.126933 1.288419
v -0.604048 -0.128072 1.289425
v -0.605513 -0.129334 1.289982
v -0.118682 -1.227759 1.215978
v -0.114585 -1.224365 1.220781
v -0.118129 -1.227320 1.217619
v -0.117156 -1.226524 1.219107
v -0.115908 -1.225486 1.220217
v -0.880725 -0.363170 1.236601
v -0.884829 -0.366572 1.231796
v -0.882052 -0.364294 1.236038
v -0.883300 -0.365335 1.234926
v -0.884276 -0.366135 1.233438
v -0.200618 -0.536334 1.287179
v -0.195513 -0.531911 1.284293
v -0.199221 -0.535143 1.287152
v -0.197764 -0.533884 1.286596
v -0.196460 -0.532748 1.285594
v -0.473963 -0.768583 1.233865
v -0.478053 -0.771970 1.229065
v -0.475287 -0.769701 1.233303
v -0.476527 -0.770736 1.232193
v -0.477500 -0.771533 1.230704
v -1.299685 -0.028100 1.230404
v -1.303836 -0.031539 1.225587
v -1.301032 -0.029237 1.229838
v -1.302294 -0.030289 1.228724
v -1.303279 -0.031098 1.227231
v -1.020625 0.209091 1.280932
v -1.025782 0.204622 1.283826
v -1.021579 0.208246 1.282238
v -1.022895 0.207099 1.283247
v -1.024371 0.205827 1.283805
v -1.867114 0.302106 1.217120
v -1.872580 0.299294 1.212340
v -1.868964 0.301210 1.216569
v -1.870654 0.300359 1.215467
v -1.871924 0.299687 1.213983
v -1.466685 0.493786 1.265759
v -1.473048 0.489978 1.268735
v -1.467734 0.492988 1.267079
v -1.469313 0.491984 1.268108
v -1.471179 0.490926 1.268689
v -2.973170 0.812137 1.199373
v -2.973643 0.810510 1.199147
v -2.956092 0.807842 1.203829
v -2.975062 0.811769 1.199512
v -2.969390 0.811901 1.201060
v -2.971579 0.811761 1.200981
v -2.972899 0.811483 1.200898
v -2.970176 0.810964 1.201768
v -2.969710 0.809415 1.200806
v -2.964991 0.808521 1.202280
v -2.971736 0.810597 1.200861
v -2.968524 0.810086 1.202097
v -2.960147 0.809576 1.203472
v -2.964816 0.811001 1.202499
v -2.960212 0.807970 1.203341
v -2.964667 0.809785 1.202831
v -2.968447 0.811136 1.202192
v -1.961051 0.770159 1.246561
v -1.958277 0.776062 1.242953
v -1.960562 0.771907 1.246284
v -1.959864 0.773641 1.245502
v -1.959059 0.775101 1.244333
v 0.468412 -1.492651 1.251039
v 0.472753 -1.486839 1.248213
v 0.469510 -1.490929 1.251043
v 0.470720 -1.489220 1.250507
v 0.471860 -1.487785 1.249513
v 0.242738 -1.866897 1.183063
v 0.246103 -1.862035 1.187955
v 0.243238 -1.866349 1.184711
v 0.244050 -1.865232 1.186218
v 0.245057 -1.863715 1.187358
v 0.758306 -2.057902 1.214968
v 0.752240 -2.060087 1.218033
v 0.757280 -2.058573 1.216292
v 0.755765 -2.059224 1.217337
v 0.753999 -2.059757 1.217950
v 0.794198 -3.130695 1.101292
v 0.790113 -3.112366 1.106908
v 0.792684 -3.131108 1.101105
v 0.794042 -3.126621 1.103264
v 0.793210 -3.121707 1.105024
v 0.793916 -3.128922 1.103045
v 0.793348 -3.125581 1.104469
v 0.793172 -3.127417 1.103926
v 0.790246 -3.116789 1.106134
v 0.790780 -3.121904 1.104757
v 0.791829 -3.116701 1.106303
v 0.792032 -3.121545 1.105351
v 0.792321 -3.125665 1.104356
v 0.793355 -3.132251 1.101260
v 0.791639 -3.126931 1.102993
v 0.792791 -3.129072 1.102916
v 0.793653 -3.130305 1.102879
v -0.151030 1.131966 -0.394029
v -0.149344 1.135760 -0.392127
v -0.149997 1.132224 -0.392899
v -0.149310 1.133037 -0.392141
v -0.149081 1.134279 -0.391870
v -0.883395 1.134803 -0.332329
v -0.885257 1.138831 -0.334287
v -0.884444 1.135138 -0.333464
v -0.885165 1.136021 -0.334235
v -0.885451 1.137320 -0.334524
v -0.570399 1.124832 0.008314
v -0.568721 1.128626 0.010207
v -0.569369 1.125093 0.009441
v -0.568686 1.125905 0.010196
v -0.568461 1.127145 0.010465
v -0.464003 1.141935 -0.734649
v -0.465869 1.145962 -0.736610
v -0.465052 1.142269 -0.735784
v -0.465777 1.143154 -0.736556
v -0.466063 1.144450 -0.736846
v -0.109027 1.150069 -1.163079
v -0.110911 1.154103 -1.165065
v -0.110083 1.150405 -1.164226
v -0.110812 1.151291 -1.165005
v -0.111106 1.152589 -1.165300
v 0.204309 1.140090 -0.822070
v 0.206018 1.143892 -0.820142
v 0.205350 1.140349 -0.820929
v 0.206044 1.141164 -0.820162
v 0.206277 1.142407 -0.819885
v 0.490854 1.148905 -1.262201
v 0.492528 1.152724 -1.260120
v 0.491884 1.149166 -1.261000
v 0.492566 1.149983 -1.260182
v 0.492795 1.151232 -1.259874
v 0.183633 1.159151 -1.615972
v 0.181775 1.163194 -1.618111
v 0.182584 1.159490 -1.617177
v 0.181867 1.160376 -1.618007
v 0.181581 1.161677 -1.618334
v 0.827985 1.175717 -2.472029
v 0.831926 1.180047 -2.481110
v 0.829530 1.176106 -2.475490
v 0.830819 1.177065 -2.478430
v 0.831662 1.178448 -2.480405
v 0.731084 1.159032 -1.745830
v 0.731363 1.162813 -1.740752
v 0.731584 1.159268 -1.743480
v 0.731813 1.160071 -1.741689
v 0.731736 1.161315 -1.740731
v 0.569585 1.175681 -2.406931
v 0.569120 1.179792 -2.412059
v 0.569070 1.176045 -2.409280
v 0.568799 1.176953 -2.411079
v 0.568818 1.178269 -2.412055
v -1.363318 1.129152 0.022865
v -1.365336 1.133180 0.020980
v -1.364424 1.129486 0.021760
v -1.365199 1.130369 0.021011
v -1.365515 1.131665 0.020738
v -1.032969 1.119236 0.356878
v -1.031150 1.123039 0.358686
v -1.031882 1.119498 0.357974
v -1.031157 1.120311 0.358701
v -1.030898 1.121557 0.358953
v -2.409068 1.116307 0.818978
v -2.417987 1.120410 0.823186
v -2.412448 1.116605 0.820604
v -2.415328 1.117490 0.821975
v -2.417273 1.118824 0.822881
v -2.300994 1.123123 0.506654
v -2.306430 1.127135 0.506464
v -2.303408 1.123452 0.506196
v -2.305289 1.124329 0.505998
v -2.306350 1.125624 0.506094
v -1.563498 1.114879 0.670390
v -1.558600 1.118722 0.670438
v -1.561232 1.115149 0.670815
v -1.559504 1.115974 0.670972
v -1.558581 1.117231 0.670840
v -0.183604 1.240836 -0.427601
v -0.187831 1.244817 -0.432130
v -0.184317 1.242330 -0.428348
v -0.185366 1.243613 -0.429471
v -0.186602 1.244485 -0.430799
v -0.856715 1.241664 -0.301414
v -0.852668 1.245504 -0.296937
v -0.856074 1.243161 -0.300689
v -0.855078 1.244418 -0.299582
v -0.853881 1.245240 -0.298265
v -0.602984 1.233705 -0.025268
v -0.607199 1.237684 -0.029788
v -0.603694 1.235198 -0.026014
v -0.604743 1.236480 -0.027134
v -0.605975 1.237352 -0.028461
v -0.437331 1.248795 -0.703738
v -0.433276 1.252635 -0.699258
v -0.436686 1.250293 -0.703011
v -0.435691 1.251549 -0.701905
v -0.434493 1.252372 -0.700587
v -0.082373 1.256926 -1.132196
v -0.078299 1.260772 -1.127690
v -0.081729 1.258427 -1.131467
v -0.080729 1.259684 -1.130355
v -0.079524 1.260506 -1.129028
v 0.171762 1.248950 -0.855609
v 0.167508 1.252940 -0.860172
v 0.171048 1.250447 -0.856360
v 0.169992 1.251732 -0.857490
v 0.168744 1.252606 -0.858829
v 0.458284 1.257746 -1.295576
v 0.454068 1.261758 -1.300336
v 0.457574 1.259251 -1.296343
v 0.456521 1.260543 -1.297517
v 0.455289 1.261422 -1.298919
v 0.210309 1.266005 -1.585246
v 0.214341 1.269850 -1.580551
v 0.210950 1.267508 -1.584502
v 0.211946 1.268767 -1.583348
v 0.213132 1.269589 -1.581961
v 0.829118 1.283528 -2.482364
v 0.824201 1.287459 -2.471719
v 0.828706 1.285102 -2.481568
v 0.827630 1.286402 -2.479266
v 0.826047 1.287228 -2.475807
v 0.697137 1.267785 -1.776190
v 0.694680 1.271899 -1.784762
v 0.696557 1.269305 -1.777250
v 0.695886 1.270619 -1.779252
v 0.695230 1.271532 -1.781889
v 0.597650 1.282593 -2.379197
v 0.599916 1.286366 -2.370716
v 0.598157 1.284092 -2.378164
v 0.598768 1.285333 -2.376189
v 0.599382 1.286134 -2.373574
v -1.336795 1.236010 0.053850
v -1.332553 1.239852 0.058233
v -1.336138 1.237508 0.054570
v -1.335101 1.238765 0.055655
v -1.333842 1.239588 0.056942
v -1.065406 1.228103 0.323217
v -1.069804 1.232087 0.318799
v -1.066130 1.229598 0.322478
v -1.067221 1.230882 0.321378
v -1.068511 1.231755 0.320087
v -2.420798 1.223863 0.821933
v -2.410640 1.228091 0.816915
v -2.420062 1.225461 0.821537
v -2.417868 1.226828 0.820442
v -2.414561 1.227751 0.818820
v -2.277892 1.229959 0.539334
v -2.269393 1.233830 0.541602
v -2.276911 1.231462 0.539892
v -2.274951 1.232724 0.540519
v -2.272307 1.233556 0.541121
v -1.592845 1.223750 0.634983
v -1.601046 1.227721 0.632719
v -1.593859 1.225250 0.634405
v -1.595774 1.226534 0.633772
v -1.598300 1.227401 0.633180
v -2.971923 1.175001 0.839099
v -2.971423 1.174958 0.840761
v -2.972808 1.174970 0.840678
v 0.834459 1.242793 -2.946535
v 0.836190 1.242770 -2.946030
v 0.836076 1.242802 -2.947424
v 1.268083 1.283046 -1.271654
v 1.272626 1.278473 -1.271776
v 1.269822 1.282709 -1.272386
v 1.271299 1.281722 -1.272665
v 1.272283 1.280234 -1.272452
v 1.267167 -1.325302 1.229400
v 1.271802 -1.324798 1.225015
v 1.268945 -1.325961 1.229043
v 1.270452 -1.326095 1.228086
v 1.271451 -1.325689 1.226670
v 1.266633 -1.268643 -1.335394
v 1.270108 -1.267602 -1.334807
v 1.267965 -1.269088 -1.335893
v 1.269090 -1.269047 -1.335957
v -1.287234 1.233728 1.286913
v -1.287146 1.238368 1.282467
v -1.287928 1.235467 1.286612
v -1.288157 1.236962 1.285659
v -1.287883 1.237979 1.284204
v -1.289492 1.291959 -1.277804
v -1.288817 1.295409 -1.277013
v -1.289977 1.293299 -1.278253
v -1.290019 1.294425 -1.278261
v -1.290309 -1.313379 1.220431
v -1.289828 -1.312855 1.223941
v -1.290808 -1.313892 1.221753
v -1.290889 -1.313973 1.222885
v 0.793046 1.274989 -1.025652
v 0.797628 1.279284 -1.027905
v 0.793405 1.276621 -1.025791
v 0.794400 1.278010 -1.026268
v 0.795884 1.278947 -1.027011
v -1.041949 1.250252 0.811971
v -1.039603 1.246108 0.807302
v -1.041041 1.249973 0.810215
v -1.040274 1.249088 0.808712
v -1.039771 1.247730 0.807687
v -1.044318 1.288631 -1.028831
v -1.041934 1.284305 -1.026481
v -1.043395 1.288281 -1.027900
v -1.042617 1.287337 -1.027125
v -1.042105 1.285941 -1.026628
v 0.782079 -1.088003 1.232711
v 0.786699 -1.090365 1.236898
v 0.782434 -1.088215 1.234336
v 0.783433 -1.088736 1.235702
v 0.784932 -1.089492 1.236602
v -1.048865 0.762885 1.270474
v -1.051146 0.767282 1.274849
v -1.049041 0.763188 1.272112
v -1.049536 0.764129 1.273520
v -1.050277 0.765567 1.274480
v -1.063781 -1.076496 1.230829
v -1.061572 -1.074085 1.226638
v -1.062934 -1.075603 1.230531
v -1.062217 -1.074832 1.229630
v -1.061740 -1.074300 1.228263
v 1.271650 0.807191 -1.043254
v 1.267381 0.802596 -1.041013
v 1.271322 0.805424 -1.042396
v 1.270395 0.803931 -1.041670
v 1.269014 0.802939 -1.041185
v 1.270147 -1.025708 0.760611
v 1.265874 -1.025205 0.756467
v 1.269819 -1.024833 0.758998
v 1.268892 -1.024429 0.757644
v 1.267507 -1.024561 0.756755
v 1.270166 -0.981709 -1.089322
v 1.266149 -0.981091 -1.086907
v 1.269861 -0.980829 -1.088423
v 1.268991 -0.980402 -1.087649
v 1.267686 -0.980494 -1.087115
v 0.788106 1.189320 -1.025602
v 0.792402 1.193599 -1.027626
v 0.789739 1.189650 -1.026407
v 0.791127 1.190580 -1.027076
v 0.792062 1.191967 -1.027504
v -1.040251 1.163593 0.805306
v -1.038157 1.159418 0.800944
v -1.040103 1.161969 0.804944
v -1.039653 1.160606 0.803987
v -1.038970 1.159710 0.802581
v -1.042578 1.207364 -1.028375
v -1.039599 1.203011 -1.025471
v -1.042361 1.205727 -1.028186
v -1.041720 1.204325 -1.027568
v -1.040751 1.203371 -1.026613
v 0.777887 -1.083672 1.141532
v 0.782132 -1.085928 1.145744
v 0.779512 -1.084504 1.141839
v 0.780889 -1.085225 1.142747
v 0.781808 -1.085725 1.144118
v -1.046706 0.760693 1.184466
v -1.048815 0.764865 1.188827
v -1.047511 0.762321 1.184829
v -1.048198 0.763686 1.185786
v -1.048655 0.764579 1.187190
v -1.061518 -1.072103 1.144992
v -1.058478 -1.069016 1.140805
v -1.061286 -1.071837 1.143367
v -1.060626 -1.071156 1.142000
v -1.059642 -1.070166 1.141101
v 1.180391 0.803096 -1.041003
v 1.176107 0.798810 -1.038966
v 1.178758 0.802779 -1.040848
v 1.177369 0.801851 -1.040406
v 1.176439 0.800458 -1.039746
v 1.169812 -1.075318 0.758447
v 1.165555 -1.075322 0.754327
v 1.168180 -1.076002 0.758161
v 1.166799 -1.076244 0.757278
v 1.165876 -1.076005 0.755931
v 1.169610 -1.031454 -1.084914
v 1.165593 -1.030622 -1.081743
v 1.168069 -1.032035 -1.084647
v 1.166764 -1.032082 -1.083953
v 1.165895 -1.031587 -1.082932
v 0.795049 1.193404 0.802834
v 0.790792 1.193336 0.807090
v 0.794725 1.193370 0.804463
v 0.793802 1.193346 0.805845
v 0.792421 1.193334 0.806768
v -2.871894 1.216439 0.802501
v -2.870646 1.216363 0.805516
v -2.872721 1.216419 0.803653
v -2.872046 1.216378 0.805286
v 0.769433 -2.919675 1.145492
v 0.766408 -2.920903 1.145456
v 0.769193 -2.921074 1.145457
v 0.767553 -2.921739 1.145438
v -2.888232 0.777712 1.226246
v -2.889495 0.774717 1.226173
v -2.889636 0.777495 1.226238
v -2.890319 0.775872 1.226198
v 1.223836 0.754598 0.802253
v 1.223851 0.758959 0.798100
v 1.223840 0.756236 0.801970
v 1.223848 0.757640 0.801080
v 1.223848 0.758598 0.799720
v 1.223909 0.843777 -2.881409
v 1.223920 0.846735 -2.880117
v 1.223912 0.844941 -2.882219
v 1.223920 0.846540 -2.881520
v 0.790399 1.275183 -2.856111
v 0.787381 1.275230 -2.857358
v 0.790166 1.275216 -2.857512
v 0.788533 1.275241 -2.858186
v 0.790548 0.750036 1.233056
v 0.794782 0.745743 1.232961
v 0.792176 0.749698 1.233049
v 0.793554 0.748765 1.233030
v 0.794469 0.747375 1.232998
v 1.211839 -2.855809 0.709085
v 1.211847 -2.853459 0.712701
v 1.211835 -2.856728 0.710424
v 1.211835 -2.856603 0.711580
v 1.211839 -2.855456 0.712382
v 1.131536 -0.368643 -0.240815
v 1.135408 -0.366857 -0.239189
v 1.131845 -0.367522 -0.239784
v 1.132688 -0.366790 -0.239114
v 1.133939 -0.366557 -0.238904
v 1.123864 -0.305179 -0.972997
v 1.127801 -0.307248 -0.974932
v 1.124151 -0.306319 -0.974053
v 1.124997 -0.307114 -0.974791
v 1.126279 -0.307439 -0.975099
v 1.129129 0.034808 -0.659176
v 1.133008 0.036586 -0.657558
v 1.129441 0.035925 -0.658147
v 1.130285 0.036654 -0.657479
v 1.131540 0.036886 -0.657272
v 1.126268 -0.708606 -0.554620
v 1.130204 -0.710678 -0.556557
v 1.126554 -0.709747 -0.555674
v 1.127401 -0.710543 -0.556414
v 1.128682 -0.710870 -0.556723
v 1.127828 -1.137997 -0.200713
v 1.131768 -1.140096 -0.202672
v 1.128110 -1.139150 -0.201778
v 1.128961 -1.139953 -0.202524
v 1.130243 -1.140285 -0.202838
v 1.133100 -0.797645 0.113448
v 1.136983 -0.795833 0.115099
v 1.133409 -0.796515 0.114491
v 1.134256 -0.795773 0.115170
v 1.135511 -0.795534 0.115383
v 1.133844 -1.238578 0.398893
v 1.137750 -1.236614 0.400510
v 1.134156 -1.237388 0.399923
v 1.135011 -1.236596 0.400592
v 1.136270 -1.236324 0.400798
v 1.128568 -1.591710 0.090815
v 1.132516 -1.593961 0.088885
v 1.128854 -1.592921 0.089760
v 1.129705 -1.593774 0.089024
v 1.130990 -1.594138 0.088716
v 1.130903 -2.449530 0.733026
v 1.135030 -2.458743 0.736876
v 1.131212 -2.453005 0.734554
v 1.132108 -2.455974 0.735823
v 1.133447 -2.457991 0.736639
v 1.133847 -1.722909 0.637921
v 1.137780 -1.717944 0.638148
v 1.134164 -1.720567 0.638423
v 1.135022 -1.718800 0.638642
v 1.136293 -1.717880 0.638545
v 1.128427 -2.383797 0.474796
v 1.132375 -2.389044 0.474251
v 1.128713 -2.386154 0.474271
v 1.129564 -2.387981 0.473983
v 1.130849 -2.388993 0.473976
v 1.120546 0.051255 -1.452025
v 1.124482 0.049259 -1.454111
v 1.120828 0.050143 -1.453139
v 1.121675 0.049373 -1.453926
v 1.122957 0.049062 -1.454269
v 1.125962 0.384571 -1.120863
v 1.129850 0.386260 -1.119106
v 1.126275 0.385654 -1.119779
v 1.127122 0.386357 -1.119066
v 1.128377 0.386571 -1.118829
v 1.113431 0.850079 -2.495760
v 1.117501 0.854188 -2.504739
v 1.113717 0.851704 -2.499140
v 1.114591 0.853056 -2.502033
v 1.115922 0.853928 -2.503999
v 1.112920 0.537411 -2.388463
v 1.116830 0.537119 -2.393965
v 1.113191 0.536950 -2.390883
v 1.114030 0.536731 -2.392779
v 1.115308 0.536793 -2.393861
v 1.121866 0.699430 -1.650594
v 1.125795 0.699355 -1.645764
v 1.122186 0.699841 -1.648332
v 1.123044 0.699971 -1.646621
v 1.124311 0.699799 -1.645718
v 1.238813 -0.405298 -0.275295
v 1.242589 -0.409932 -0.279593
v 1.240274 -0.406087 -0.276031
v 1.241502 -0.407245 -0.277108
v 1.242315 -0.408595 -0.278358
v 1.232019 -0.277469 -0.948064
v 1.236055 -0.273116 -0.944070
v 1.233548 -0.276789 -0.947444
v 1.234853 -0.275722 -0.946468
v 1.235730 -0.274432 -0.945283
v 1.236409 -0.001858 -0.693662
v 1.240186 -0.006482 -0.697953
v 1.237870 -0.002646 -0.694399
v 1.239099 -0.003800 -0.695472
v 1.239911 -0.005149 -0.696720
v 1.234422 -0.680900 -0.529687
v 1.238458 -0.676545 -0.525690
v 1.235952 -0.680220 -0.529067
v 1.237252 -0.679153 -0.528090
v 1.238134 -0.677861 -0.526904
v 1.235975 -1.110320 -0.175805
v 1.240018 -1.105938 -0.171786
v 1.237504 -1.109636 -0.175184
v 1.238813 -1.108565 -0.174201
v 1.239690 -1.107265 -0.173007
v 1.240369 -0.834268 0.079002
v 1.244153 -0.838934 0.074670
v 1.241834 -0.835059 0.078262
v 1.243066 -0.836225 0.077179
v 1.243879 -0.837586 0.075916
v 1.241098 -1.275036 0.364425
v 1.244897 -1.279899 0.360130
v 1.242570 -1.275846 0.363687
v 1.243806 -1.277053 0.362611
v 1.244622 -1.278477 0.361362
v 1.236707 -1.564188 0.115747
v 1.240758 -1.559618 0.119723
v 1.238240 -1.563491 0.116366
v 1.239553 -1.562375 0.117338
v 1.240434 -1.561015 0.118519
v 1.238363 -2.463015 0.732317
v 1.242524 -2.452478 0.727358
v 1.239953 -2.462267 0.731883
v 1.241304 -2.459999 0.730787
v 1.242204 -2.456564 0.729199
v 1.241082 -1.756347 0.602079
v 1.244905 -1.765031 0.599538
v 1.242563 -1.757450 0.601470
v 1.243806 -1.759487 0.600774
v 1.244626 -1.762151 0.600094
v 1.236562 -2.359275 0.501113
v 1.240617 -2.350912 0.503328
v 1.238096 -2.358287 0.501598
v 1.239408 -2.356351 0.502188
v 1.240293 -2.353761 0.502797
v 1.228696 0.079038 -1.427243
v 1.232736 0.083295 -1.423057
v 1.230226 0.079710 -1.426610
v 1.231530 0.080756 -1.425592
v 1.232412 0.082015 -1.424344
v 1.233239 0.347825 -1.155204
v 1.237020 0.343302 -1.159679
v 1.234700 0.347044 -1.155955
v 1.235933 0.345911 -1.157068
v 1.236745 0.344597 -1.158376
v 1.220811 0.849917 -2.509298
v 1.225065 0.844750 -2.499221
v 1.222413 0.849471 -2.508587
v 1.223783 0.848332 -2.506423
v 1.224714 0.846675 -2.503133
v 1.221036 0.566895 -2.367098
v 1.225114 0.569028 -2.358660
v 1.222574 0.567406 -2.366140
v 1.223886 0.567993 -2.364200
v 1.224778 0.568562 -2.361574
v 1.229146 0.660932 -1.681850
v 1.232911 0.658574 -1.690119
v 1.230611 0.660313 -1.682891
v 1.231843 0.659650 -1.684828
v 1.232648 0.659039 -1.687365
v 1.163221 0.869914 -3.059483
v 1.163232 0.871577 -3.058979
v 1.163217 0.871499 -3.060362
v 1.184160 -2.925809 0.737386
v 1.184179 -2.925308 0.739120
v 1.184163 -2.927287 0.738630
v -0.347365 -0.277982 1.187479
v -0.345908 -0.276829 1.191634
v -0.346247 -0.277041 1.187990
v -0.345580 -0.276491 1.188962
v -0.345462 -0.276417 1.190241
v -0.309321 -1.008034 1.111587
v -0.311827 -1.010251 1.115101
v -0.310519 -1.009062 1.111656
v -0.311419 -1.009843 1.112350
v -0.311877 -1.010262 1.113558
v 0.039468 -0.711685 1.179615
v 0.040921 -0.710537 1.183773
v 0.040586 -0.710744 1.180126
v 0.041250 -0.710196 1.181097
v 0.041372 -0.710124 1.182377
v -0.696135 -0.574313 1.119455
v -0.698649 -0.576538 1.122967
v -0.697337 -0.575343 1.119525
v -0.698237 -0.576128 1.120216
v -0.698699 -0.576547 1.121427
v -1.110972 -0.203454 1.117592
v -1.113513 -0.205703 1.121101
v -1.112185 -0.204494 1.117661
v -1.113097 -0.205287 1.118351
v -1.113562 -0.205710 1.119558
v -0.761798 0.093219 1.185692
v -0.760318 0.094392 1.189857
v -0.760672 0.094170 1.186207
v -0.759997 0.094724 1.187180
v -0.759871 0.094803 1.188460
v -1.190448 0.397536 1.175073
v -1.188819 0.398658 1.179238
v -1.189265 0.398466 1.175586
v -1.188540 0.399007 1.176559
v -1.188384 0.399074 1.177841
v -1.554652 0.106532 1.107206
v -1.557368 0.104316 1.110718
v -1.555934 0.105505 1.107275
v -1.556899 0.104724 1.107965
v -1.557402 0.104306 1.109173
v -2.444735 0.805140 1.115434
v -2.453635 0.808604 1.119449
v -2.447963 0.806648 1.115685
v -2.450785 0.807838 1.116536
v -2.452777 0.808524 1.117858
v -1.663501 0.678807 1.155673
v -1.659274 0.678466 1.159716
v -1.661322 0.679179 1.156138
v -1.659755 0.679245 1.157072
v -1.659034 0.678994 1.158328
v -2.390086 0.523384 1.093312
v -2.395827 0.522570 1.096920
v -2.392527 0.522894 1.093414
v -2.394477 0.522567 1.094136
v -2.395636 0.522454 1.095367
v 0.028692 -1.499869 1.092380
v 0.026254 -1.502239 1.095885
v 0.027517 -1.500953 1.092446
v 0.026643 -1.501786 1.093136
v 0.026201 -1.502238 1.094343
v 0.371442 -1.185997 1.161706
v 0.372812 -1.184706 1.165883
v 0.372525 -1.185001 1.162223
v 0.373170 -1.184405 1.163198
v 0.373269 -1.184302 1.164483
v 0.787256 -2.572510 1.052676
v 0.790639 -2.582017 1.056177
v 0.788724 -2.575971 1.052767
v 0.789884 -2.578993 1.053466
v 0.790555 -2.581115 1.054662
v 0.480043 -2.451840 1.034471
v 0.479181 -2.457681 1.037760
v 0.479470 -2.454253 1.034455
v 0.479104 -2.456213 1.035073
v 0.479005 -2.457415 1.036235
v 0.666383 -1.726311 1.132798
v 0.666105 -1.721893 1.137169
v 0.666841 -1.724116 1.133382
v 0.666948 -1.722502 1.134419
v 0.666688 -1.721725 1.135749
v -0.395285 -0.321092 1.286914
v -0.400393 -0.325518 1.289799
v -0.396231 -0.321932 1.288218
v -0.397540 -0.323067 1.289220
v -0.398997 -0.324328 1.289777
v -0.291190 -0.995022 1.223785
v -0.287101 -0.991635 1.228584
v -0.290637 -0.994585 1.225424
v -0.289664 -0.993788 1.226913
v -0.288424 -0.992753 1.228023
v -0.008452 -0.754798 1.279051
v -0.013560 -0.759221 1.281935
v -0.009402 -0.755634 1.280351
v -0.010707 -0.756770 1.281357
v -0.012164 -0.758030 1.281912
v -0.678012 -0.561309 1.231650
v -0.673915 -0.557916 1.236454
v -0.677455 -0.560872 1.233290
v -0.676482 -0.560074 1.234779
v -0.675238 -0.559035 1.235890
v -1.092875 -0.190472 1.229777
v -1.088748 -0.187054 1.234591
v -1.092318 -0.190034 1.231421
v -1.091342 -0.189231 1.232909
v -1.090087 -0.188185 1.234025
v -0.809687 0.050135 1.285124
v -0.814826 0.045684 1.288015
v -0.810641 0.049292 1.286428
v -0.811953 0.048150 1.287436
v -0.813422 0.046884 1.287993
v -1.238177 0.354409 1.274484
v -1.243506 0.350019 1.277396
v -1.239150 0.353570 1.275795
v -1.240500 0.352441 1.276808
v -1.242034 0.351194 1.277371
v -1.536731 0.119543 1.219387
v -1.532397 0.122913 1.224205
v -1.536158 0.119980 1.221028
v -1.535136 0.120773 1.222521
v -1.533812 0.121803 1.223639
v -2.467883 0.794204 1.220890
v -2.459002 0.789016 1.225120
v -2.467379 0.793633 1.222445
v -2.465518 0.792447 1.223795
v -2.462573 0.790825 1.224733
v -1.708613 0.634234 1.254932
v -1.717131 0.631625 1.258025
v -1.709834 0.633525 1.256265
v -1.711879 0.632780 1.257321
v -1.714442 0.632114 1.257939
v -2.375197 0.537798 1.205580
v -2.367114 0.539416 1.210284
v -2.374339 0.538100 1.207215
v -2.372500 0.538512 1.208685
v -2.369963 0.538974 1.209763
v 0.046891 -1.487010 1.204566
v 0.050893 -1.483429 1.209379
v 0.047437 -1.486560 1.206206
v 0.048391 -1.485718 1.207699
v 0.049604 -1.484619 1.208811
v 0.323446 -1.228961 1.261144
v 0.318433 -1.233573 1.264024
v 0.322503 -1.229812 1.262447
v 0.321222 -1.230991 1.263452
v 0.319791 -1.232310 1.264004
v 0.776380 -2.596425 1.157674
v 0.771192 -2.586591 1.162432
v 0.775808 -2.595855 1.159290
v 0.774621 -2.593786 1.160763
v 0.773000 -2.590533 1.161866
v 0.499818 -2.442452 1.146434
v 0.501848 -2.434551 1.151524
v 0.500215 -2.441672 1.148099
v 0.500741 -2.439895 1.149648
v 0.501313 -2.437395 1.150851
v 0.616754 -1.766131 1.232400
v 0.613759 -1.774606 1.235079
v 0.615964 -1.767283 1.233689
v 0.615113 -1.769295 1.234652
v 0.614343 -1.771868 1.235140
v 0.782365 -3.138723 1.046768
v 0.784036 -3.138296 1.046985
v 0.783006 -3.139899 1.046705
v -2.983958 0.802898 1.144816
v -2.983493 0.804651 1.144984
v -2.985121 0.803576 1.144816
v -1.929888 0.796030 1.195574
v -1.938239 0.798186 1.195173
v -1.935443 0.796530 1.198891
v -1.931674 0.796847 1.195489
v -1.933886 0.797543 1.195383
v -1.936190 0.798012 1.195271
v 0.791730 1.316096 -2.861082
v 1.270303 0.847680 -2.886184
v 1.267427 -2.807369 0.711276
v -2.894843 0.778016 1.267498
vn 0.0481 -0.9972 0.0579
vn -0.0059 -0.9997 -0.0239
vn 0.0527 -0.9971 0.0542
vn 0.6080 0.3325 0.7209
vn 0.6229 0.4249 0.6568
vn 0.5829 0.4241 0.6931
vn -0.0708 -0.9933 -0.0914
vn -0.7400 0.2905 -0.6066
vn -0.7473 0.3814 -0.5442
vn -0.7732 0.2884 -0.5647
vn 0.0727 -0.9968 0.0338
vn 0.0690 -0.9969 0.0380
vn 0.5654 0.3310 0.7555
vn 0.5423 0.4221 0.7265
vn -0.5708 0.2964 -0.7657
vn -0.4897 0.3858 -0.7819
vn -0.5517 0.3890 -0.7378
vn -0.6641 0.2949 -0.6870
vn -0.6803 0.3876 -0.6221
vn -0.7048 0.2924 -0.6463
vn 0.0648 -0.9970 0.0415
vn 0.0609 -0.9971 0.0457
vn -0.0750 -0.9933 -0.0879
vn -0.7814 0.3760 -0.4980
vn -0.8081 0.2828 -0.5167
vn 0.8204 0.3208 0.4733
vn 0.7581 0.4166 0.5018
vn 0.7890 0.3262 0.5206
vn 0.7559 0.3305 0.5651
vn 0.6935 0.4230 0.5832
vn 0.7234 0.3300 0.6065
vn -0.8153 0.3689 -0.4464
vn -0.8421 0.2776 -0.4625
vn -0.8393 0.3625 -0.4051
vn -0.8666 0.2697 -0.4198
vn 0.8628 0.3144 0.3958
vn 0.8150 0.4055 0.4139
vn 0.8463 0.3163 0.4285
vn 0.0769 -0.9966 0.0295
vn -0.8499 0.3592 -0.3857
vn -0.8765 0.2689 -0.3994
vn -0.6805 0.3905 -0.6201
vn -0.8466 0.1054 -0.5217
vn 0.9477 0.2602 0.1850
vn 0.8323 0.4007 0.3830
vn -0.0059 -0.9997 -0.0238
vn 0.0860 -0.9961 0.0208
vn 0.0817 -0.9963 0.0252
vn 0.5218 0.3287 0.7872
vn 0.5007 0.4190 0.7575
vn 0.4801 0.3262 0.8143
vn 0.4609 0.4151 0.7844
vn -0.4441 0.2893 -0.8480
vn -0.3998 0.3779 -0.8351
vn -0.4303 0.3810 -0.8183
vn -0.0667 -0.9932 -0.0954
vn 0.4503 0.3252 0.8315
vn 0.4327 0.4118 0.8020
vn 0.2251 0.2759 0.9344
vn 0.2255 0.3724 0.9003
vn -0.4124 0.2879 -0.8643
vn -0.6275 0.3923 -0.6725
vn -0.0561 -0.9931 -0.1034
vn 0.5963 0.4970 0.6304
vn 0.5580 0.4965 0.6649
vn 0.0059 0.9997 0.0239
vn 0.0725 0.9947 0.0726
vn -0.7146 0.3850 -0.5840
vn -0.7187 0.4603 -0.5212
vn -0.0636 0.9977 -0.0217
vn 0.0059 0.9997 0.0238
vn -0.0669 0.9976 -0.0174
vn 0.5194 0.4943 0.6971
vn 0.4798 0.4915 0.7268
vn -0.6411 0.3894 -0.6613
vn -0.5751 0.4688 -0.6704
vn -0.6159 0.4680 -0.6337
vn -0.6534 0.4672 -0.5956
vn -0.5988 0.3898 -0.6996
vn -0.5298 0.4684 -0.7071
vn 0.6601 0.4245 0.6198
vn 0.7258 0.4205 0.5444
vn 0.6635 0.4965 0.5597
vn 0.6950 0.4931 0.5232
vn -0.7855 0.4473 -0.4277
vn -0.0611 0.9978 -0.0260
vn 0.7887 0.4114 0.4568
vn 0.7266 0.4887 0.4830
vn 0.7566 0.4834 0.4404
vn -0.8206 0.4354 -0.3702
vn -0.0715 0.9973 -0.0150
vn 0.7826 0.4771 0.3999
vn 0.9144 0.3571 0.1906
vn 0.8006 0.4705 0.3711
vn -0.7893 0.4728 -0.3917
vn 0.0550 0.9945 0.0893
vn -0.4702 0.4651 -0.7501
vn -0.4133 0.4587 -0.7866
vn 0.4424 0.4872 0.7530
vn 0.4162 0.4817 0.7712
vn 0.0481 0.9942 0.0964
vn 0.0513 0.9944 0.0925
vn -0.3848 0.4529 -0.8042
vn -0.5737 0.5549 -0.6025
vn 0.2282 0.4459 0.8655
vn -0.6201 0.2963 -0.7264
vn 0.0160 -0.0884 0.9960
vn 0.0482 0.0135 0.9987
vn 0.0657 0.1133 0.9914
vn -0.0471 0.9981 -0.0386
vn -0.0430 0.9982 -0.0417
vn -0.6874 0.4627 -0.5598
vn -0.0507 0.9981 -0.0352
vn -0.0517 -0.9926 -0.1095
vn 0.0569 -0.9971 0.0501
vn -0.0342 0.9981 -0.0510
vn 0.9974 -0.0719 -0.0072
vn 0.9694 -0.2403 -0.0503
vn 0.9992 0.0275 0.0291
vn 0.9667 0.0937 -0.2382
vn 0.9904 0.1284 0.0503
vn 0.0760 0.9947 0.0689
vn 0.6880 0.3345 0.6441
vn 0.0587 0.9946 0.0860
vn 0.6320 0.4967 0.5949
vn -0.0059 -0.9973 0.0726
vn -0.0498 -0.9921 -0.1148
vn 0.0235 -0.9963 0.0831
vn 0.0419 -0.9970 0.0657
vn 0.0323 0.9930 0.1135
vn 0.0462 0.9940 0.0992
vn -0.0322 0.9980 -0.0551
vn 0.0123 0.9928 0.1189
vn 0.0899 -0.9958 0.0185
vn -0.0821 -0.9934 -0.0804
vn -0.7518 0.4553 -0.4769
vn 0.0867 0.9945 0.0593
vn 0.0058 0.9997 0.0237
vn -0.0790 -0.9933 -0.0845
vn -0.0855 -0.9935 -0.0758
vn -0.0542 0.9980 -0.0319
vn -0.5064 0.2924 -0.8112
vn -0.9950 0.0993 0.0033
vn -0.9953 0.0098 -0.0967
vn -0.9881 0.1386 -0.0666
vn -0.0378 0.9983 -0.0454
vn -0.0058 -0.9997 -0.0237
vn 0.1041 -0.9946 0.0019
vn -0.0985 -0.9929 -0.0668
vn 0.0902 -0.9956 -0.0258
vn -0.0744 0.9971 -0.0138
vn 0.1007 0.9945 0.0283
vn 0.0205 0.9998 -0.0088
vn 0.0983 0.9940 0.0471
vn -0.0228 -0.2919 0.9562
vn -0.0893 -0.4660 0.8803
vn 0.0443 -0.9971 0.0625
vn 0.0228 -0.1403 0.9898
vn 0.0834 0.9946 0.0613
vn 0.6497 0.3334 0.6832
vn -0.0574 0.9979 -0.0288
vn 0.0794 0.9947 0.0649
vn -0.0903 -0.9934 -0.0712
vn -0.8097 0.4400 -0.3883
vn 0.8800 0.4319 0.1974
vn 0.0688 0.9948 0.0756
vn 0.0657 0.9947 0.0790
vn 0.0623 0.9946 0.0825
vn -0.0624 -0.9931 -0.0996
vn -0.0948 -0.9932 -0.0681
vn 1.0000 -0.0053 0.0082
vn 1.0000 -0.0004 0.0003
vn 1.0000 -0.0009 -0.0012
vn -0.0132 0.0564 -0.9983
vn -0.0336 0.0249 -0.9991
vn 0.0656 0.0253 -0.9975
vn -0.1245 0.0904 -0.9881
vn 0.0650 0.0238 -0.9976
vn 0.9897 -0.1024 -0.0996
vn 1.0000 -0.0057 -0.0001
vn 0.9945 -0.1043 -0.0024
vn 0.0122 -0.0304 0.9995
vn -0.0042 -0.0252 0.9997
vn 0.0873 0.0661 0.9940
vn -0.9930 0.1042 0.0554
vn -1.0000 0.0079 0.0014
vn 0.0731 -0.9970 -0.0246
vn -0.0075 -0.9972 0.0744
vn -0.0075 -0.9997 -0.0242
vn 0.9955 0.0620 0.0715
vn 0.9966 -0.0381 0.0733
vn 0.0153 0.9996 0.0224
vn 0.0055 0.9997 0.0218
vn 0.0032 0.9997 0.0235
vn -0.9928 0.1090 0.0494
vn -1.0000 0.0069 -0.0004
vn -0.9962 0.0873 0.0015
vn 0.0075 0.9972 -0.0744
vn 0.0808 0.9920 0.0970
vn 0.0778 0.9969 -0.0106
vn -0.9912 -0.0924 0.0944
vn -0.9952 0.0046 0.0982
vn 0.0045 0.9997 0.0242
vn -0.1450 0.9812 -0.1276
vn -0.0016 -0.0276 0.9996
vn -0.1652 -0.1865 0.9685
vn -0.0113 -0.2249 0.9743
vn -0.0008 -0.0255 0.9997
vn 0.6564 -0.2028 0.7266
vn 0.7072 -0.0233 0.7067
vn 0.6476 -0.0243 0.7616
vn 0.0011 0.1286 -0.9917
vn -0.0971 0.0245 -0.9950
vn 0.0006 0.0242 -0.9997
vn 1.0000 -0.0029 -0.0027
vn 0.9949 -0.0034 0.1007
vn 1.0000 -0.0008 -0.0041
vn 0.9679 -0.1741 -0.1811
vn 0.9876 0.0556 -0.1471
vn -0.0173 0.9998 0.0038
vn 0.0030 0.9998 0.0213
vn -0.0854 0.9961 0.0211
vn 0.7055 0.0575 0.7064
vn 0.7621 -0.0222 0.6470
vn -0.6064 -0.5034 -0.6156
vn -0.6045 -0.5914 -0.5337
vn -0.7447 -0.4592 -0.4843
vn -0.0004 -0.0245 0.9997
vn 0.0970 -0.0246 0.9950
vn 0.0940 0.0725 0.9929
vn 1.0000 -0.0027 -0.0003
vn 0.9956 -0.0938 -0.0022
vn 0.0050 0.9996 0.0278
vn 0.0050 0.9970 -0.0773
vn 0.1015 0.9946 0.0218
vn 0.0249 0.9842 -0.1750
vn 0.9954 0.0956 0.0016
vn -0.0078 -0.9968 0.0797
vn -0.1057 -0.9941 -0.0238
vn -0.0789 -0.9911 0.1069
vn 0.7089 0.6994 0.0910
vn 0.6525 0.7575 0.0185
vn 0.7110 0.7030 0.0175
vn 1.0000 0.0002 -0.0009
vn 0.9881 -0.1393 0.0649
vn 0.7426 0.6593 0.1175
vn 0.7651 0.6436 0.0164
vn 0.0366 -0.9970 0.0681
vn 0.0057 0.9997 0.0245
vn 0.0046 0.9922 0.1246
vn 0.1018 0.9874 0.1212
vn -0.0032 -0.0145 0.9999
vn 0.0038 -0.0242 0.9997
vn -0.0852 -0.0233 0.9961
vn 0.9994 -0.0244 -0.0239
vn -0.1938 0.9802 0.0397
vn -0.9965 0.0064 0.0830
vn -0.9943 0.1065 0.0038
vn -0.0008 -0.0730 -0.9973
vn 0.1274 -0.0453 -0.9908
vn -0.2517 0.6776 0.6911
vn 0.0021 0.6373 0.7707
vn -0.3294 0.6582 0.6770
vn -0.5152 -0.5931 -0.6187
vn -0.4623 -0.4477 -0.7654
vn -0.5712 0.6034 0.5564
vn -0.5785 0.6216 0.5281
vn 0.1218 -0.9881 -0.0944
vn -0.0057 -0.9997 -0.0239
vn 0.0994 -0.9948 -0.0237
vn -0.0020 0.0720 0.9974
vn -0.0031 -0.0274 0.9996
vn -0.9944 0.0044 0.1057
vn -0.9959 -0.0905 -0.0028
vn -0.1887 -0.0208 0.9818
vn -0.4701 -0.7331 -0.4915
vn -0.5786 -0.5644 -0.5888
vn 0.9906 0.0936 0.0993
vn 0.0963 -0.0737 -0.9926
vn -0.2336 0.6745 0.7004
vn -0.4150 0.7709 0.4832
vn 0.1616 0.6045 0.7800
vn -0.0958 0.1211 -0.9880
vn 0.0013 0.1219 -0.9925
vn 0.6879 0.1365 0.7129
vn 0.7274 0.1856 0.6606
vn 0.7046 0.0752 0.7056
vn 0.6603 0.7166 0.2245
vn 0.7075 0.6972 0.1153
vn -0.1041 -0.9919 0.0728
vn 0.7718 0.6111 0.1755
vn -0.0009 0.9995 0.0326
vn 0.0950 0.9893 0.1105
vn 0.1057 0.1188 -0.9873
vn 0.0823 0.0238 -0.9963
vn 0.0508 0.2307 -0.9717
vn -0.9895 0.1098 -0.0939
vn -0.0226 -0.0439 0.9988
vn -0.0977 -0.1193 0.9880
vn -0.0006 -0.0239 0.9997
vn -0.0990 -0.0231 0.9948
vn 0.0691 0.0451 0.9966
vn -0.0300 0.0504 0.9983
vn 0.9949 0.0018 -0.1011
vn 0.9999 0.0134 -0.0053
vn 0.9951 -0.0034 -0.0987
vn 0.9912 0.1157 -0.0639
vn 0.0915 -0.9885 -0.1201
vn 0.0916 -0.9955 -0.0238
vn -0.0925 0.9954 0.0239
vn -0.0218 0.9953 0.0941
vn -0.0898 0.9932 -0.0738
vn 0.0075 0.9997 0.0239
vn -0.0042 -0.1207 0.9927
vn -0.0013 -0.1218 0.9926
vn 0.0736 -0.0546 0.9958
vn -0.9769 0.0503 0.2078
vn 0.9929 0.0832 0.0854
vn -0.0239 -0.9994 0.0263
vn -0.0057 -0.9984 0.0569
vn 0.1530 -0.9849 0.0807
vn -0.9940 0.0873 0.0654
vn -0.9999 0.0054 0.0109
vn -0.9940 0.0846 0.0693
vn 0.3636 0.7098 0.6033
vn 0.4543 0.6425 0.6170
vn 0.4539 0.6789 0.5771
vn -0.9966 -0.0620 -0.0540
vn 0.2607 -0.6123 -0.7464
vn 0.3527 -0.5532 -0.7548
vn 0.2575 -0.5711 -0.7794
vn -0.9941 0.0624 0.0891
vn -0.9941 0.0666 0.0854
vn 0.3621 0.7441 0.5614
vn 0.4522 0.7124 0.5366
vn 0.2630 -0.7727 -0.5777
vn 0.3545 -0.7915 -0.4978
vn 0.3579 -0.7474 -0.5597
vn 0.2638 -0.6935 -0.6704
vn 0.3578 -0.6314 -0.6880
vn 0.2623 -0.6527 -0.7108
vn -0.9942 0.0705 0.0818
vn -0.9942 0.0747 0.0778
vn -0.9966 -0.0581 -0.0588
vn 0.3481 -0.5068 -0.7887
vn 0.2543 -0.5232 -0.8134
vn 0.3485 0.4618 0.8157
vn 0.4438 0.4875 0.7520
vn 0.3543 0.5088 0.7846
vn 0.3587 0.5536 0.7516
vn 0.4515 0.5688 0.6875
vn 0.3620 0.5941 0.7183
vn 0.3420 -0.4549 -0.8223
vn 0.2482 -0.4684 -0.8480
vn 0.3363 -0.4134 -0.8462
vn 0.2434 -0.4251 -0.8718
vn 0.3406 0.3837 0.8583
vn 0.4310 0.3998 0.8089
vn 0.3434 0.4176 0.8412
vn -0.9939 0.0593 0.0934
vn 0.3334 -0.3938 -0.8566
vn 0.2420 -0.4049 -0.8818
vn 0.3481 -0.4986 -0.7939
vn 0.0768 -0.5212 -0.8500
vn 0.2825 0.1749 0.9432
vn 0.4257 0.3690 0.8262
vn -0.9935 0.0487 0.1028
vn -0.9937 0.0539 0.0982
vn 0.3606 0.7758 0.5177
vn 0.4493 0.7436 0.4952
vn 0.3577 0.8032 0.4763
vn 0.4456 0.7708 0.4554
vn 0.2564 -0.8551 -0.4507
vn 0.3465 -0.8448 -0.4078
vn 0.3496 -0.8280 -0.4383
vn -0.9965 -0.0662 -0.0505
vn 0.3562 0.8210 0.4462
vn 0.4423 0.7885 0.4274
vn 0.3066 0.9255 0.2223
vn 0.4023 0.8884 0.2210
vn 0.2550 -0.8714 -0.4190
vn 0.3621 -0.6814 -0.6361
vn -0.9965 -0.0738 -0.0393
vn 0.5251 0.6141 0.5892
vn 0.5252 0.6485 0.5510
vn 0.9999 -0.0054 -0.0109
vn 0.9975 0.0432 0.0556
vn 0.3557 -0.5932 -0.7222
vn 0.4331 -0.5325 -0.7272
vn 0.9954 -0.0509 -0.0808
vn 0.9953 -0.0469 -0.0845
vn 0.5227 0.6815 0.5122
vn 0.5205 0.7109 0.4729
vn 0.3590 -0.6708 -0.6490
vn 0.4398 -0.6819 -0.5845
vn 0.4401 -0.6451 -0.6246
vn 0.4381 -0.6075 -0.6626
vn 0.3591 -0.7092 -0.6067
vn 0.4381 -0.7193 -0.5392
vn 0.4535 0.6054 0.6541
vn 0.4483 0.5300 0.7198
vn 0.5228 0.5437 0.6566
vn 0.5194 0.5070 0.6879
vn 0.4218 -0.4385 -0.7936
vn 0.9955 -0.0547 -0.0779
vn 0.4378 0.4426 0.7826
vn 0.5151 0.4667 0.7189
vn 0.5090 0.4239 0.7491
vn 0.4112 -0.3795 -0.8288
vn 0.9999 -0.0055 -0.0110
vn 0.9951 -0.0440 -0.0884
vn 0.5023 0.3836 0.7750
vn 0.3778 0.1778 0.9086
vn 0.4955 0.3549 0.7928
vn 0.4799 -0.4594 -0.7475
vn 0.9975 0.0596 0.0381
vn 0.4348 -0.7622 -0.4796
vn 0.4280 -0.7987 -0.4229
vn 0.5158 0.7376 0.4358
vn 0.5121 0.7551 0.4093
vn 0.9973 0.0666 0.0311
vn 0.9974 0.0635 0.0348
vn 0.4226 -0.8162 -0.3941
vn 0.5271 -0.6172 -0.5841
vn 0.4749 0.8514 0.2227
vn 0.2635 -0.7334 -0.6267
vn -0.0587 0.9981 0.0195
vn 0.0435 0.9978 0.0501
vn 0.1433 0.9875 0.0658
vn 0.9956 -0.0680 -0.0643
vn 0.9957 -0.0713 -0.0599
vn 0.4366 -0.5698 -0.6962
vn 0.9956 -0.0642 -0.0677
vn -0.9961 -0.0806 -0.0354
vn -0.9943 0.0771 0.0739
vn 0.9955 -0.0794 -0.0508
vn -0.0574 -0.0076 0.9983
vn -0.2080 -0.1212 0.9706
vn 0.0452 0.0258 0.9986
vn -0.0211 -0.0762 0.9969
vn 0.1455 0.0440 0.9884
vn 0.9975 0.0391 0.0585
vn 0.3632 0.6326 0.6840
vn 0.9976 0.0556 0.0420
vn 0.5243 0.5787 0.6247
vn -0.9948 0.1011 0.0111
vn -0.9959 -0.0840 -0.0330
vn -0.9929 0.1120 0.0404
vn -0.9936 0.0968 0.0591
vn 0.9965 0.0824 0.0159
vn 0.9970 0.0718 0.0297
vn 0.9952 -0.0850 -0.0494
vn 0.9959 0.0899 -0.0042
vn -0.9931 0.0477 0.1076
vn -0.9966 -0.0508 -0.0651
vn 0.4286 -0.4880 -0.7603
vn 0.9970 0.0306 0.0710
vn -0.9965 -0.0554 -0.0625
vn -0.9965 -0.0465 -0.0690
vn 0.9956 -0.0603 -0.0713
vn 0.2604 -0.8180 -0.5129
vn 0.1835 0.1576 -0.9703
vn 0.1011 0.1081 -0.9890
vn 0.1799 0.1623 -0.9702
vn 0.9958 -0.0738 -0.0548
vn -0.9999 0.0055 0.0110
vn -0.9922 0.0307 0.1209
vn -0.9960 -0.0368 -0.0810
vn -0.9943 0.0031 0.1066
vn 0.9950 -0.0421 -0.0911
vn 0.9965 -0.0010 0.0836
vn 0.9992 -0.0387 0.0043
vn 0.9965 0.0179 0.0811
vn -0.2642 0.9643 -0.0153
vn -0.4417 0.8936 -0.0805
vn -0.9938 0.0932 0.0614
vn -0.1114 0.9934 0.0272
vn 0.9972 0.0321 0.0669
vn 0.3642 0.6714 0.6454
vn 0.9955 -0.0581 -0.0746
vn 0.9974 0.0349 0.0629
vn -0.9964 -0.0422 -0.0737
vn 0.4148 -0.3996 -0.8175
vn 0.4525 0.1824 0.8729
vn 0.9975 0.0469 0.0523
vn 0.9976 0.0493 0.0494
vn 0.9975 0.0533 0.0458
vn -0.9965 -0.0704 -0.0458
vn -0.9962 -0.0391 -0.0777
vn 0.6921 0.5331 0.4866
vn 0.6177 0.5406 0.5712
vn 0.6525 0.4993 0.5701
vn 0.0315 0.0462 -0.9984
vn -0.6609 -0.7399 0.1258
vn -0.6105 -0.7601 0.2225
vn -0.6202 -0.7745 0.1242
vn 0.1605 0.1834 -0.9698
vn 0.1643 0.1792 -0.9700
vn 0.7257 0.4898 0.4832
vn 0.6845 0.4577 0.5674
vn -0.8142 -0.5656 0.1310
vn -0.8388 -0.4942 0.2285
vn -0.7974 -0.5581 0.2296
vn -0.7387 -0.6613 0.1305
vn -0.6865 -0.6908 0.2271
vn -0.6993 -0.7032 0.1283
vn 0.1678 0.1750 -0.9702
vn 0.1723 0.1714 -0.9700
vn 0.0346 0.0416 -0.9985
vn -0.5629 -0.7971 0.2186
vn -0.5706 -0.8124 0.1203
vn 0.4634 0.7501 0.4718
vn 0.4701 0.6819 0.5604
vn 0.5010 0.7218 0.4775
vn 0.5430 0.6878 0.4818
vn 0.5470 0.6142 0.5688
vn 0.5822 0.6528 0.4848
vn -0.5006 -0.8392 0.2127
vn -0.5063 -0.8546 0.1153
vn -0.4435 -0.8722 0.2064
vn -0.4482 -0.8869 0.1118
vn 0.4239 0.7753 0.4683
vn 0.4100 0.7273 0.5503
vn 0.4377 0.7672 0.4688
vn 0.1563 0.1871 -0.9698
vn -0.4149 -0.8869 0.2031
vn -0.4197 -0.9010 0.1096
vn -0.4502 -0.8686 0.2070
vn -0.5196 -0.8530 -0.0488
vn 0.3852 0.7954 0.4680
vn 0.3974 0.7362 0.5479
vn 0.0958 0.1081 -0.9895
vn 0.1418 0.1765 -0.9740
vn 0.1517 0.1877 -0.9704
vn 0.7558 0.4451 0.4803
vn 0.7144 0.4154 0.5632
vn 0.7818 0.4029 0.4759
vn 0.7403 0.3750 0.5579
vn -0.8909 -0.4350 0.1308
vn -0.8878 -0.4016 0.2249
vn -0.8725 -0.4330 0.2264
vn 0.0277 0.0504 -0.9983
vn 0.7983 0.3728 0.4731
vn 0.7573 0.3466 0.5535
vn 0.8987 0.1496 0.4122
vn 0.8533 0.1409 0.5020
vn -0.9060 -0.4026 0.1309
vn -0.8718 -0.4343 0.2265
vn 0.0201 0.0612 -0.9979
vn 0.5816 0.5072 0.6360
vn 0.6149 0.4678 0.6349
vn -0.1011 -0.1081 0.9890
vn -0.0500 -0.0436 0.9978
vn -0.6495 -0.7263 0.2251
vn -0.5966 -0.7415 0.3069
vn -0.1463 -0.1752 0.9736
vn -0.0938 -0.1064 0.9899
vn -0.1336 -0.1826 0.9741
vn 0.6456 0.4281 0.6325
vn 0.6748 0.3881 0.6277
vn -0.7244 -0.6503 0.2287
vn -0.7412 -0.5933 0.3142
vn -0.7058 -0.6353 0.3135
vn -0.6693 -0.6743 0.3118
vn -0.7611 -0.6066 0.2295
vn -0.7762 -0.5466 0.3141
vn 0.5821 0.5792 0.5707
vn 0.5099 0.6483 0.5654
vn 0.5141 0.5775 0.6342
vn 0.4791 0.6108 0.6304
vn -0.4902 -0.8196 0.2966
vn -0.1516 -0.1712 0.9735
vn -0.1005 -0.1082 0.9890
vn 0.4343 0.7097 0.5548
vn 0.4414 0.6434 0.6254
vn 0.4075 0.6707 0.6198
vn -0.4066 -0.8683 0.2840
vn -0.0791 -0.0963 0.9922
vn -0.1135 -0.1842 0.9763
vn 0.3849 0.6889 0.6142
vn 0.3716 0.7588 0.5349
vn 0.1842 0.8133 0.5520
vn 0.3735 0.6991 0.6097
vn -0.4923 -0.7924 0.3602
vn -0.0341 -0.0617 0.9975
vn -0.8166 -0.4852 0.3126
vn -0.8502 -0.4263 0.3088
vn 0.6999 0.3501 0.6225
vn 0.7169 0.3235 0.6175
vn -0.0273 -0.0689 0.9972
vn -0.0309 -0.0655 0.9974
vn -0.8660 -0.3966 0.3046
vn -0.8392 -0.4196 0.3461
vn 0.8100 0.1369 0.5703
vn -0.7768 -0.6161 0.1308
vn 0.9992 -0.0193 0.0342
vn 0.9947 0.0014 0.1025
vn 0.9804 0.0081 0.1970
vn -0.1639 -0.1573 0.9739
vn -0.1676 -0.1535 0.9738
vn -0.6341 -0.7088 0.3091
vn -0.1609 -0.1611 0.9737
vn 0.0139 0.0657 -0.9977
vn 0.1754 0.1662 -0.9704
vn -0.1762 -0.1442 0.9737
vn -0.0105 0.9991 0.0402
vn -0.2861 0.9551 -0.0769
vn 0.0132 0.9897 0.1424
vn -0.1012 0.9901 0.0969
vn 0.0245 0.9696 0.2435
vn -0.0531 -0.0395 0.9978
vn 0.6188 0.6164 0.4871
vn -0.0373 -0.0580 0.9976
vn 0.5481 0.5446 0.6348
vn 0.1963 0.1035 -0.9751
vn 0.0090 0.0679 -0.9976
vn 0.2077 0.1320 -0.9692
vn 0.1913 0.1513 -0.9698
vn -0.0102 -0.0851 0.9963
vn -0.0240 -0.0707 0.9972
vn -0.1809 -0.1424 0.9732
vn -0.0061 -0.1053 0.9944
vn 0.0826 0.1014 -0.9914
vn 0.1237 0.1479 -0.9812
vn 0.0419 0.0344 -0.9985
vn 0.1005 0.1083 -0.9890
vn -0.5509 -0.7778 0.3027
vn -0.0281 0.0168 0.9995
vn -0.0608 -0.0734 0.9954
vn 0.0385 0.0383 -0.9985
vn 0.0451 0.0315 -0.9985
vn -0.1582 -0.1652 0.9735
vn -0.8566 -0.4990 0.1311
vn -0.1710 -0.1482 0.9741
vn 0.0644 0.0832 -0.9945
vn 0.0860 0.1774 -0.9804
vn 0.0180 0.0062 -0.9998
vn 0.0507 0.1721 -0.9838
vn -0.0957 -0.1717 0.9805
vn -0.0448 0.0321 0.9985
vn -0.0810 -0.0653 0.9946
vn -0.0227 0.0716 0.9972
vn 0.9564 -0.2739 -0.1015
vn 0.9294 -0.0791 -0.3605
vn 0.1877 0.1535 -0.9702
vn 0.9396 -0.2031 0.2755
vn -0.0460 -0.0160 0.9988
vn 0.6558 0.5761 0.4879
vn -0.1549 -0.1681 0.9735
vn -0.0542 -0.0338 0.9980
vn 0.0022 0.9140 0.4058
vn -0.0028 0.9441 0.3297
vn 0.0428 0.0306 -0.9986
vn -0.4345 -0.8535 0.2878
vn -0.0470 -0.0473 0.9978
vn -0.0439 -0.0507 0.9977
vn -0.0398 -0.0535 0.9978
vn 0.0238 0.0550 -0.9982
vn 0.0319 0.0244 -0.9992
vn 0.8963 -0.4254 -0.1250
vn 0.6622 -0.7201 -0.2073
vn 0.7700 -0.4911 -0.4074
vn 0.7916 -0.6061 -0.0776
vn 0.3733 -0.9083 -0.1886
vn 0.6006 -0.7050 -0.3771
vn 0.2280 -0.5105 -0.8291
vn 0.3862 -0.8759 -0.2893
vn -0.3077 -0.9265 -0.2166
vn 0.2451 -0.9662 -0.0798
vn -0.0114 -0.9975 -0.0703
vn -0.3384 -0.9028 -0.2656
vn -0.0041 -0.9825 -0.1861
vn 0.5284 -0.8463 -0.0675
vn -0.0075 -0.9696 -0.2447
vn -0.6942 -0.4259 -0.5802
vn -0.8707 -0.1419 -0.4708
vn -0.7362 -0.2438 -0.6314
vn -0.6660 -0.3794 -0.6423
vn -0.7454 -0.4599 -0.4826
vn -0.8626 -0.3028 -0.4052
vn -0.4232 -0.7118 -0.5606
vn -0.1655 -0.7515 0.6387
vn -0.0451 -0.6380 0.7687
vn -0.1375 -0.4574 0.8786
vn -0.2158 -0.7451 0.6311
vn -0.1530 -0.9246 0.3489
vn -0.0375 -0.8641 0.5020
vn -0.2485 -0.8983 0.3624
vn -0.5206 0.1254 -0.8445
vn -0.5659 -0.4209 -0.7089
vn -0.5888 -0.1641 -0.7914
vn -0.4733 -0.1260 -0.8718
vn -0.4713 -0.4461 -0.7608
vn -0.8226 -0.5682 0.0227
vn -0.6950 -0.4411 -0.5678
vn -0.7862 -0.5795 0.2145
vn -0.5371 -0.7208 -0.4381
vn -0.0546 -0.9730 0.2241
vn -0.2009 -0.9240 -0.3253
vn -0.0509 -0.9983 -0.0294
vn -0.1621 -0.9865 -0.0239
vn -0.2476 -0.9024 -0.3528
vn -0.2168 -0.9759 -0.0239
vn 0.8692 0.4860 -0.0908
vn 0.9762 0.2157 0.0210
vn 0.9007 0.0544 -0.4310
vn 0.9840 -0.0093 -0.1779
vn 0.8689 0.4949 0.0093
vn 0.6944 0.7193 0.0222
vn 0.5223 0.8372 -0.1622
vn -0.5452 0.7714 -0.3283
vn -0.7616 0.4904 -0.4235
vn -0.6851 0.6529 -0.3230
vn -0.2943 0.9315 -0.2137
vn -0.5019 0.7888 -0.3548
vn -0.2699 0.9229 -0.2747
vn 0.3224 0.9466 -0.0036
vn -0.2058 0.9718 -0.1148
vn 0.0499 0.9946 -0.0913
vn -0.4519 0.8664 -0.2123
vn 0.0567 0.9914 -0.1176
vn -0.0606 0.4656 0.8829
vn -0.0180 -0.1440 0.9894
vn 0.0336 0.1811 0.9829
vn 0.0166 0.4664 0.8844
vn -0.1254 0.4967 0.8588
vn -0.1693 0.8188 0.5486
vn -0.1322 0.9735 -0.1867
vn -0.0137 0.9384 0.3453
vn -0.0259 0.9989 0.0389
vn -0.2299 0.8719 -0.4325
vn -0.1056 0.9920 0.0696
vn 0.0224 0.6995 0.7142
vn -0.2304 0.9336 -0.2745
vn -0.1327 0.9884 0.0736
vn -0.3664 0.7723 -0.5190
vn -0.3383 0.6637 -0.6671
vn -0.6915 0.5440 -0.4753
vn -0.5211 0.5060 -0.6873
vn -0.2927 0.9210 -0.2571
vn -0.9051 0.2582 -0.3377
vn -0.8508 0.5170 -0.0935
vn -0.5934 0.5525 -0.5853
vn -0.6515 0.6606 -0.3730
vn -0.5117 0.8471 -0.1436
vn -0.3811 0.6623 -0.6451
vn -0.4112 0.8163 -0.4058
vn -0.1007 0.5306 -0.8416
vn -0.3430 0.2672 -0.9005
vn -0.0699 0.1553 -0.9854
vn -0.1613 0.8678 -0.4699
vn -0.1829 0.9588 -0.2174
vn -0.1159 0.9861 -0.1187
vn -0.6821 0.2738 0.6781
vn -0.6656 0.2949 0.6855
vn -0.5626 0.3538 0.7472
vn -0.4907 0.3460 0.7997
vn -0.4412 0.3169 0.8396
vn 0.2634 0.6171 0.7415
vn 0.2634 0.6170 0.7415
vn -0.7817 -0.2522 0.5703
vn -0.5139 -0.0317 0.8573
vn -0.6781 -0.1262 0.7241
vn -0.2442 -0.2775 -0.9292
vn -0.1522 -0.1627 -0.9749
vn -0.1362 -0.1439 -0.9802
vn -0.8660 0.4995 0.0231
vn -0.9527 0.2557 0.1644
vn 0.2709 0.8069 0.5249
vn 0.5826 -0.0532 0.8110
vn 0.6360 -0.3183 0.7029
vn -0.2313 0.7788 0.5831
vn -0.2313 0.7789 0.5829
vn -0.2313 0.7789 0.5830
vn -0.8052 -0.3610 -0.4705
vn -0.8016 -0.3699 -0.4697
vn -0.7361 -0.5046 -0.4512
vn 0.2880 0.6838 -0.6704
vn 0.3150 0.6863 -0.6555
vn 0.3488 0.7340 -0.5827
vn 0.3757 0.9172 0.1326
vn 0.3756 0.9172 0.1327
vn 0.6728 0.6809 0.2895
vn 0.6727 0.6809 0.2897
vn -0.2004 0.5890 -0.7828
vn -0.1164 0.6746 -0.7289
vn -0.2300 0.5556 -0.7990
vn 0.3364 0.7897 -0.5131
vn 0.1729 -0.9758 0.1338
vn 0.0380 -0.9988 0.0304
vn 0.8139 -0.2313 0.5329
vn 0.0926 0.8576 0.5059
vn -0.0718 0.6637 0.7445
vn -0.0688 0.6644 0.7442
vn 0.1174 0.5810 0.8054
vn -0.0604 -0.8733 -0.4834
vn -0.5089 -0.7320 -0.4530
vn -0.0890 -0.8701 -0.4847
vn -0.8560 -0.1094 0.5053
vn -0.9091 -0.3444 0.2343
vn -0.9893 -0.0679 0.1290
vn -0.5269 -0.1557 0.8356
vn -0.6608 -0.3988 0.6359
vn -0.6031 -0.6052 0.5196
vn -0.1706 -0.5072 0.8448
vn -0.1926 -0.2625 0.9455
vn -0.1205 -0.1640 0.9791
vn -0.3526 -0.9093 0.2211
vn -0.1122 -0.8667 0.4860
vn -0.3928 -0.6711 0.6287
vn -0.4225 -0.4376 0.7937
vn 0.4389 -0.6359 0.6348
vn 0.1963 -0.8584 0.4739
vn 0.1378 -0.8928 0.4288
vn 0.3305 -0.3340 0.8827
vn 0.3686 -0.0668 0.9272
vn 0.3180 -0.3931 0.8627
vn 0.7825 0.5435 0.3037
vn 0.6486 0.6181 0.4442
vn 0.5302 -0.2406 0.8130
vn 0.5302 -0.2407 0.8130
vn -0.0347 -0.6487 0.7603
vn -0.1149 -0.7399 0.6629
vn -0.0303 -0.6433 0.7650
vn 0.4994 -0.8568 -0.1285
vn 0.2361 -0.8993 -0.3680
vn 0.8161 -0.5494 -0.1793
vn 0.6400 -0.6510 -0.4080
vn 0.5288 -0.5850 -0.6150
vn 0.7993 -0.4153 -0.4343
vn 0.6409 -0.3764 -0.6690
vn 0.8494 -0.1614 -0.5024
vn 0.9490 -0.1954 -0.2474
vn 0.9806 -0.1249 -0.1511
vn 0.2400 -0.3226 -0.9156
vn 0.5023 -0.0871 -0.8603
vn 0.7931 0.5177 0.3209
vn 0.8247 0.5498 0.1326
vn 0.8255 0.5086 0.2447
vn 0.4989 0.4798 0.7217
vn 0.8555 0.5175 -0.0190
vn 0.8931 0.3335 -0.3018
vn 0.8867 0.3776 -0.2669
vn 0.8242 0.5615 0.0733
vn 0.5765 -0.3383 -0.7437
vn 0.5765 -0.3384 -0.7437
vn 0.5765 -0.3385 -0.7437
vn -0.4925 0.8454 -0.2070
vn -0.1214 0.9133 0.3888
vn -0.6059 0.7535 -0.2550
vn -0.3615 0.8962 0.2570
vn -0.1241 0.6911 0.7120
vn -0.4174 0.8082 0.4155
vn -0.3405 0.6569 0.6727
vn -0.9422 -0.2226 -0.2506
vn -0.7856 -0.1806 -0.5917
vn -0.7863 -0.5765 -0.2220
vn -0.9449 -0.3046 -0.1204
vn -0.9424 -0.0815 -0.3244
vn -0.7496 0.0072 -0.6619
vn -0.9982 -0.0247 -0.0545
vn -0.3777 0.2354 0.8955
vn -0.5056 -0.2965 0.8102
vn -0.1208 0.3649 0.9232
vn -0.6290 -0.2907 0.7210
vn -0.4288 0.3972 0.8114
vn 0.8638 -0.2168 -0.4547
vn 0.9231 0.3679 -0.1116
vn 0.7631 -0.2384 -0.6007
vn 0.9032 0.2530 -0.3466
vn 0.7088 0.6976 -0.1051
vn 0.8207 0.4152 -0.3924
vn 0.6747 0.6692 -0.3114
vn -0.2107 -0.2030 -0.9562
vn -0.1835 -0.5672 -0.8029
vn -0.5795 -0.1751 -0.7959
vn -0.2991 -0.0687 -0.9518
vn -0.0710 -0.2915 -0.9539
vn -0.0018 -0.6465 -0.7629
vn -0.0062 -0.0054 -1.0000
vn 0.3806 0.9191 -0.1016
vn -0.2481 0.8509 -0.4631
vn 0.2616 0.9051 -0.3352
vn -0.2487 0.7696 -0.5881
vn 0.4265 0.8175 -0.3870
vn 0.1268 0.9029 0.4107
vn 0.3880 0.9098 0.1472
vn 0.1073 0.6854 0.7202
vn 0.3599 0.8493 0.3863
vn 0.7013 0.7014 0.1272
vn 0.5711 0.5654 0.5951
vn 0.6655 0.6606 0.3476
vn 0.3798 0.1025 0.9194
vn 0.1217 0.3654 0.9229
vn 0.6948 0.0908 0.7135
vn 0.3549 0.3432 0.8697
vn 0.3210 0.6527 0.6863
vn 0.9129 0.3850 0.1355
vn 0.9103 0.1173 0.3970
vn 0.8549 0.3567 0.3767
vn 0.6617 0.3128 0.6814
vn 0.1722 -0.3928 0.9034
vn 0.3634 -0.1444 0.9204
vn -0.1377 -0.6776 0.7224
vn -0.1176 -0.4800 0.8694
vn 0.6793 -0.1090 0.7257
vn 0.0812 -0.4841 0.8712
vn 0.3563 -0.2502 0.9002
vn -0.3295 -0.8779 -0.3473
vn -0.5837 -0.7746 -0.2436
vn -0.1673 -0.7805 -0.6023
vn -0.0734 -0.8858 -0.4583
vn -0.4532 -0.8792 -0.1471
vn -0.6592 -0.7477 -0.0798
vn 0.2540 -0.9346 0.2490
vn 0.2502 -0.9347 0.2524
vn 0.4467 -0.8937 0.0430
vn 0.9102 -0.1308 0.3930
vn 0.8822 -0.4222 -0.2084
vn 0.9171 -0.3449 0.2001
vn 0.7824 -0.5675 -0.2565
vn 0.8886 -0.2377 0.3922
vn 0.8928 -0.4383 0.1043
vn -0.9856 0.1679 0.0209
vn -0.9050 0.4233 0.0421
vn -0.8861 0.4624 0.0312
vn -0.5537 0.6017 0.5757
vn -0.3798 0.6852 0.6215
vn -0.7135 0.5055 0.4852
vn -0.7362 0.6742 0.0586
vn -0.6746 0.7364 0.0512
vn -0.4411 0.7434 0.5028
vn -0.5209 0.7755 0.3568
vn 0.6483 0.3042 0.6980
vn 0.5245 0.0582 0.8494
vn 0.5539 0.5189 0.6511
vn 0.2998 0.7667 0.5677
vn 0.3901 0.8196 0.4197
vn 0.1760 0.4916 0.8528
vn 0.8470 0.5213 0.1041
vn 0.8471 0.5212 0.1041
vn -0.3176 0.9441 0.0886
vn 0.1884 0.9355 0.2990
vn -0.4377 0.8928 0.1064
vn 0.2717 0.7906 0.5488
vn 0.4071 0.7196 0.5625
vn -0.9174 0.3883 -0.0869
vn -0.9200 0.1139 -0.3749
vn -0.6996 0.7107 -0.0739
vn -0.8466 0.3890 -0.3631
vn -0.7035 0.1139 -0.7015
vn -0.6560 0.6749 -0.3380
vn -0.6586 0.3760 -0.6519
vn -0.0897 0.9299 -0.3567
vn -0.3717 0.9254 -0.0746
vn -0.0861 0.7215 -0.6870
vn -0.3676 0.8603 -0.3533
vn -0.3496 0.6791 -0.6454
vn -0.3773 0.1220 -0.9180
vn -0.0942 0.4005 -0.9114
vn -0.3704 0.3964 -0.8400
vn 0.2040 0.5284 -0.8241
vn 0.2845 0.2904 -0.9136
vn 0.0804 0.4812 -0.8729
vn 0.1103 0.6612 -0.7420
vn 0.4736 0.5342 -0.7002
vn 0.3354 0.7439 -0.5781
vn 0.2848 0.9364 0.2051
vn 0.0743 0.9504 -0.3021
vn 0.5542 0.7168 0.4231
vn 0.5375 0.7931 0.2864
vn 0.0910 0.9008 -0.4245
vn 0.0383 0.7520 -0.6581
vn 0.6888 0.5822 0.4319
vn 0.6763 0.5197 0.5221
vn 0.7695 0.3475 0.5359
vn 0.8401 0.5099 0.1850
vn 0.5848 0.7561 0.2938
vn -0.9231 -0.3746 0.0874
vn -0.9217 -0.0994 0.3748
vn -0.7095 -0.7008 0.0747
vn -0.8521 -0.3767 0.3634
vn -0.7053 -0.1043 0.7012
vn -0.6669 -0.6635 0.3391
vn -0.6641 -0.3659 0.6520
vn -0.1047 -0.9284 0.3565
vn -0.3857 -0.9196 0.0749
vn -0.0974 -0.7203 0.6868
vn -0.3801 -0.8549 0.3530
vn -0.3599 -0.6742 0.6450
vn -0.3790 -0.1166 0.9180
vn -0.1003 -0.3999 0.9111
vn -0.3762 -0.3909 0.8400
vn -0.8356 0.1939 0.5140
vn -0.9139 0.1652 0.3709
vn -0.8844 0.0739 0.4608
vn -0.7580 0.0940 0.6454
vn -0.7084 0.4657 0.5304
vn -0.5836 0.3338 0.7402
vn -0.5835 0.3341 0.7401
vn -0.5836 0.3340 0.7402
vn 0.1811 0.2509 0.9509
vn -0.3254 0.0469 0.9444
vn 0.4086 0.5265 0.7456
vn 0.2691 0.5079 0.8183
vn -0.4452 0.0666 0.8930
vn -0.6724 0.0228 0.7399
vn 0.4212 0.6672 0.6144
vn 0.5133 0.6570 0.5521
vn 0.4562 0.8408 0.2914
vn 0.1764 0.8232 0.5396
vn 0.2786 0.5594 0.7807
vn 0.0963 -0.9861 0.1353
vn 0.2758 -0.8023 0.5293
vn 0.0740 -0.9127 0.4018
vn 0.8536 -0.4917 0.1719
vn 0.5510 -0.6670 0.5015
vn 0.2504 -0.5195 0.8169
vn 0.0625 -0.6584 0.7501
vn 0.5442 -0.2504 0.8007
vn 0.7579 0.3385 0.5577
vn 0.8254 0.5137 0.2340
vn 0.6979 0.5661 0.4387
vn 0.5322 0.1489 0.8334
vn 0.7637 0.2334 0.6018
vn 0.0854 -0.3407 0.9363
vn 0.2875 0.1384 0.9477
vn 0.2522 -0.1289 0.9591
vn 0.5015 0.3828 0.7759
vn 0.5438 -0.7967 0.2636
vn 0.1420 -0.9803 0.1370
vn 0.4185 -0.9063 0.0591
vn 0.8269 -0.5073 0.2426
vn 0.1804 -0.5031 0.8452
vn 0.5133 -0.6661 0.5411
vn 0.0952 -0.4023 0.9105
vn 0.8055 -0.2419 0.5410
vn 0.9447 0.1518 0.2909
vn 0.9429 -0.3233 0.0803
vn 0.7684 0.3884 0.5087
vn 0.9611 -0.1151 0.2510
vn 0.7628 -0.6445 0.0525
vn 0.8302 0.1562 0.5352
vn 0.5506 0.3367 0.7639
vn 0.4275 0.5628 0.7074
vn 0.2230 0.5068 0.8327
vn 0.5968 0.2309 0.7684
vn 0.0920 -0.9118 -0.4001
vn 0.3728 -0.9203 -0.1185
vn 0.0878 -0.6873 -0.7210
vn 0.3690 -0.8417 -0.3940
vn 0.7007 -0.7052 -0.1086
vn 0.3507 -0.6467 -0.6774
vn 0.6572 -0.6565 -0.3704
vn 0.3777 -0.0779 -0.9226
vn 0.0952 -0.3569 -0.9293
vn 0.7032 -0.0793 -0.7066
vn 0.3705 -0.3551 -0.8583
vn 0.6586 -0.3426 -0.6699
vn 0.9183 -0.3814 -0.1059
vn 0.9200 -0.0942 -0.3805
vn 0.8475 -0.3687 -0.3818
vn 0.0029 0.1342 -0.9909
vn 0.1673 0.3325 -0.9281
vn 0.3400 0.1275 -0.9318
vn -0.2434 0.5247 -0.8158
vn -0.2151 0.4072 -0.8876
vn 0.6849 0.1028 -0.7213
vn 0.1344 0.4489 -0.8834
vn 0.3504 0.3102 -0.8837
vn -0.1169 0.9766 0.1806
vn -0.5482 0.8258 0.1322
vn -0.0548 0.8034 0.5929
vn 0.0746 0.9660 0.2475
vn -0.3761 0.9266 -0.0049
vn -0.6320 0.7657 -0.1196
vn 0.1108 0.9921 -0.0596
vn 0.1660 0.9861 -0.0053
vn 0.9170 0.1142 -0.3821
vn 0.9152 0.3656 0.1698
vn 0.9310 0.3037 -0.2023
vn 0.8476 0.4858 0.2135
vn 0.8733 0.2997 -0.3841
vn 0.8892 0.4257 -0.1677
vn -0.4107 -0.1157 0.9044
vn -0.7144 -0.1878 0.6741
vn -0.4013 -0.1660 0.9008
vn -0.5947 -0.0613 0.8016
vn -0.9075 -0.1625 0.3873
vn -0.7071 -0.2379 0.6659
vn -0.8779 -0.2630 0.4003
vn -0.9372 -0.1896 -0.2929
vn -0.9638 -0.0520 0.2615
vn -0.9992 -0.0404 0.0055
vn -0.9152 -0.2393 -0.3241
vn -0.9875 -0.1569 0.0120
vn -0.8403 -0.0433 0.5404
vn -0.9763 -0.2161 0.0082
vn -0.4542 -0.5649 -0.6889
vn -0.1718 -0.4647 -0.8686
vn -0.5288 -0.8482 0.0309
vn -0.4609 -0.7073 -0.5361
vn -0.4868 -0.4676 -0.7378
vn -0.3273 -0.3939 -0.8589
vn -0.7333 -0.5400 -0.4131
vn -0.7358 0.6599 -0.1520
vn -0.6160 0.7870 -0.0331
vn -0.4341 0.8916 -0.1292
vn -0.7295 0.6536 -0.2016
vn -0.9168 0.3753 -0.1366
vn -0.8492 0.5277 -0.0220
vn -0.8897 0.3933 -0.2318
vn 0.0913 -0.8455 -0.5262
vn -0.4517 -0.6941 -0.5605
vn -0.1980 -0.7822 -0.5907
vn -0.1609 -0.8659 -0.4736
vn -0.4769 -0.7449 -0.4666
vn -0.5797 0.0423 -0.8137
vn -0.4681 -0.5514 -0.6905
vn -0.5847 0.2343 -0.7766
vn -0.7415 -0.4203 -0.5230
vn -0.9669 0.2523 -0.0377
vn -0.9361 -0.2983 -0.1862
vn -0.9994 -0.0006 -0.0339
vn -0.9893 0.0054 -0.1458
vn -0.9158 -0.3270 -0.2332
vn -0.9798 0.0025 -0.2001
vn 0.5040 -0.0882 0.8592
vn 0.2344 0.0127 0.9721
vn -0.0544 -0.1668 0.9845
vn 0.4174 -0.1599 0.8945
vn 0.5132 -0.0079 0.8582
vn 0.7308 -0.0005 0.6825
vn 0.8386 -0.1879 0.5113
vn 0.7501 -0.3557 -0.5575
vn 0.4868 -0.5298 -0.6945
vn 0.6301 -0.3407 -0.6978
vn 0.9197 -0.2404 -0.3104
vn 0.7381 -0.3990 -0.5441
vn 0.9093 -0.3016 -0.2866
vn 0.9504 -0.0320 0.3095
vn 0.9644 -0.1429 -0.2226
vn 0.9922 -0.1204 0.0336
vn 0.8516 -0.2366 -0.4678
vn 0.9882 -0.1471 0.0415
vn 0.4877 0.8705 -0.0668
vn -0.1169 0.9931 -0.0134
vn 0.2106 0.9770 0.0325
vn 0.4960 0.8682 0.0105
vn 0.5144 0.8475 -0.1310
vn 0.8347 0.5196 -0.1825
vn 0.9655 -0.2139 -0.1489
vn 0.9472 0.3194 -0.0285
vn 0.9991 0.0110 -0.0420
vn 0.8546 -0.4576 -0.2456
vn 0.9915 0.0438 -0.1222
vn 0.7186 0.6954 0.0120
vn 0.9213 -0.3005 -0.2469
vn 0.9877 0.0485 -0.1489
vn 0.7496 -0.5421 -0.3798
vn 0.6383 -0.6853 -0.3507
vn 0.5182 -0.4892 -0.7015
vn 0.4787 -0.6995 -0.5306
vn 0.9086 -0.2827 -0.3074
vn -0.0960 0.9480 -0.3036
vn -0.1547 0.7484 -0.6450
vn -0.5098 0.6207 -0.5957
vn -0.0366 0.8624 -0.5050
vn -0.1228 0.4750 -0.8714
vn -0.3251 0.6824 -0.6546
vn -0.7838 0.2872 -0.5507
vn -0.2264 0.4812 -0.8469
vn -0.1481 -0.2170 -0.9649
vn -0.0111 0.3469 -0.9378
vn 0.0028 0.0845 -0.9964
vn -0.1980 -0.2499 -0.9478
vn -0.1145 0.0978 -0.9886
vn -0.0085 0.6232 -0.7820
vn -0.1736 0.0919 -0.9805
vn -0.5343 -0.6385 -0.5539
vn -0.4506 -0.8436 -0.2922
vn -0.5582 -0.8297 0.0039
vn -0.5976 -0.6078 -0.5230
vn -0.4374 -0.6839 -0.5840
vn -0.3743 -0.8187 -0.4355
vn -0.4966 -0.3443 -0.7968
vn 0.0991 0.9226 0.3728
vn 0.0389 0.9992 0.0118
vn 0.1832 0.8892 0.4193
vn 0.1068 0.9831 0.1484
vn 0.0435 0.8806 -0.4719
vn 0.2116 0.9570 0.1984
vn 0.2178 0.9758 0.0188
vn 0.4089 0.9001 0.1504
vn 0.2869 0.8465 0.4484
vn 0.4073 0.9133 -0.0054
vn 0.3093 0.9186 0.2460
vn 0.2447 0.9687 0.0426
vn 0.1597 0.5504 -0.8195
vn 0.1955 0.4601 -0.8661
vn 0.0927 0.4617 -0.8822
vn 0.0710 0.6980 -0.7126
vn 0.2859 0.6947 -0.6601
vn 0.3374 0.6307 -0.6988
vn 0.1463 0.9754 -0.1650
vn 0.7221 -0.1095 -0.6831
vn 0.8399 -0.0078 -0.5427
vn 0.7937 -0.1411 -0.5917
vn 0.7128 -0.1609 -0.6827
vn 0.4574 -0.0630 -0.8870
vn 0.6043 0.0374 -0.7959
vn 0.4669 -0.1598 -0.8698
vn -0.8699 -0.4917 -0.0388
vn -0.6675 -0.4822 -0.5674
vn -0.7850 -0.5276 -0.3246
vn -0.8640 -0.4152 -0.2846
vn -0.7135 -0.3829 -0.5868
vn 0.0675 -0.7498 -0.6582
vn -0.5282 -0.6146 -0.5859
vn 0.2602 -0.7204 -0.6429
vn -0.3605 -0.4310 -0.8272
vn 0.3423 0.0454 -0.9385
vn -0.2138 -0.0808 -0.9735
vn 0.0942 0.0635 -0.9935
vn 0.0944 -0.0486 -0.9943
vn -0.2458 -0.1280 -0.9608
vn 0.0917 -0.1034 -0.9904
vn -0.1373 0.7916 0.5954
vn -0.0174 0.9366 0.3500
vn -0.1991 0.9786 0.0525
vn -0.2050 0.8030 0.5597
vn -0.0517 0.7877 0.6139
vn -0.0426 0.6088 0.7922
vn -0.2448 0.4249 0.8715
vn -0.4042 -0.6299 0.6632
vn -0.5654 -0.7374 0.3695
vn -0.3784 -0.7605 0.5277
vn -0.2927 -0.3935 0.8715
vn -0.4511 -0.6157 0.6461
vn -0.3578 -0.3674 0.8584
vn -0.0777 0.2334 0.9693
vn -0.1892 -0.2993 0.9352
vn -0.1707 -0.0495 0.9841
vn -0.2836 -0.5460 0.7883
vn -0.1986 -0.0384 0.9793
vn 0.8174 -0.1750 0.5489
vn 0.8293 -0.3673 0.4211
vn 0.9530 -0.0319 0.3012
vn 0.8190 -0.0754 0.5688
vn 0.9802 -0.1915 0.0497
vn 0.4335 -0.2867 0.8544
vn 0.5501 -0.2007 0.8106
vn -0.3103 -0.2326 0.9217
vn 0.2254 -0.1347 0.9649
vn -0.0859 -0.1397 0.9865
vn -0.5458 -0.3072 0.7795
vn -0.0584 -0.2201 0.9737
vn 0.6225 -0.0891 0.7775
vn -0.3958 -0.3217 0.8602
vn -0.0538 -0.2466 0.9676
vn -0.6281 -0.4060 0.6638
vn -0.7547 -0.3812 0.5340
vn -0.8136 -0.4549 0.3622
vn -0.5890 -0.4328 0.6825
vn -0.3763 -0.3807 0.8446
vn 0.3020 0.8232 0.4808
vn 0.2062 0.8605 0.4658
vn 0.2065 0.8798 0.4281
vn 0.0999 0.9071 0.4088
vn 0.3116 -0.9106 0.2716
vn 0.2938 -0.9108 0.2899
vn 0.4655 -0.7801 0.4180
vn 0.4388 -0.7814 0.4438
vn 0.6689 -0.2721 0.6917
vn 0.7332 -0.0165 0.6799
vn 0.6923 -0.0164 0.7214
vn 0.3280 -0.9098 0.2542
vn 0.4879 -0.7802 0.3915
vn 0.7073 -0.2763 0.6507
vn 0.7691 -0.0202 0.6388
vn -0.2936 -0.9001 -0.3219
vn -0.2748 -0.8997 -0.3391
vn -0.4387 -0.7659 -0.4700
vn -0.6151 -0.2999 -0.7292
vn -0.6910 -0.0534 -0.7209
vn -0.6578 -0.2995 -0.6911
vn -0.2540 -0.8992 -0.3562
vn -0.4080 -0.7674 -0.4946
vn -0.5669 -0.2990 -0.7677
vn -0.6455 -0.0528 -0.7620
vn 0.2556 -0.9105 0.3250
vn 0.2741 -0.9112 0.3077
vn 0.3827 -0.7809 0.4938
vn 0.6254 -0.2703 0.7320
vn 0.6022 -0.0179 0.7981
vn 0.5808 -0.2725 0.7671
vn 0.4096 -0.7826 0.4688
vn 0.6478 -0.0172 0.7616
vn -0.3117 -0.8998 -0.3054
vn -0.3286 -0.8990 -0.2894
vn -0.4653 -0.7657 -0.4439
vn -0.4900 -0.7644 -0.4191
vn -0.7307 -0.3033 -0.6116
vn -0.7329 -0.0557 -0.6781
vn -0.7691 -0.0567 -0.6367
vn -0.6973 -0.2998 -0.6511
vn -0.3428 -0.8994 -0.2713
vn -0.3591 -0.8987 -0.2516
vn -0.5115 -0.7660 -0.3894
vn -0.5379 -0.7621 -0.3604
vn -0.7966 -0.3020 -0.5237
vn -0.8032 -0.0575 -0.5929
vn -0.8381 -0.0607 -0.5422
vn -0.7639 -0.3005 -0.5712
vn 0.3440 -0.9089 0.2356
vn 0.5110 -0.7786 0.3643
vn 0.7433 -0.2732 0.6106
vn 0.8038 -0.0164 0.5946
vn 0.3609 -0.9073 0.2158
vn 0.5344 -0.7759 0.3352
vn 0.7775 -0.2697 0.5681
vn 0.8374 -0.0205 0.5461
vn 0.3785 -0.9048 0.1953
vn 0.5592 -0.7708 0.3053
vn 0.8094 -0.2738 0.5195
vn 0.8685 -0.0205 0.4952
vn 0.3955 -0.9015 0.1755
vn 0.5784 -0.7670 0.2777
vn 0.8411 -0.2667 0.4706
vn 0.8942 -0.0180 0.4473
vn -0.3765 -0.8976 -0.2294
vn -0.3918 -0.8952 -0.2125
vn -0.5625 -0.7605 -0.3243
vn -0.5844 -0.7545 -0.2989
vn -0.8540 -0.2939 -0.4293
vn -0.8723 -0.0606 -0.4852
vn -0.8960 -0.0608 -0.4398
vn -0.8293 -0.3008 -0.4708
vn 0.4437 -0.8923 0.0837
vn 0.3723 -0.9276 -0.0304
vn 0.8196 -0.5487 0.1650
vn 0.7049 -0.7086 -0.0325
vn 0.9792 -0.0748 0.1888
vn 0.9289 -0.3692 -0.0287
vn 0.1780 -0.9821 0.0610
vn 0.6032 -0.7537 0.2608
vn 0.8697 -0.2559 0.4221
vn 0.9111 -0.0133 0.4121
vn 0.6160 -0.7450 0.2560
vn 0.8880 -0.2452 0.3890
vn -0.4032 -0.8916 -0.2060
vn -0.5972 -0.7480 -0.2894
vn -0.9060 -0.0576 -0.4194
vn -0.8651 -0.2909 -0.4087
vn -0.2266 -0.8987 -0.3754
vn -0.3768 -0.7651 -0.5221
vn -0.5048 -0.2951 -0.8112
vn -0.5940 -0.0522 -0.8028
vn -0.2049 -0.8935 -0.3996
vn -0.3338 -0.7624 -0.5544
vn -0.4466 -0.2868 -0.8475
vn -0.5257 -0.0526 -0.8491
vn 0.2181 -0.9072 0.3597
vn 0.2357 -0.9104 0.3402
vn 0.3306 -0.7739 0.5402
vn 0.5346 -0.2707 0.8006
vn 0.5111 -0.0162 0.8594
vn 0.4895 -0.2634 0.8313
vn 0.3545 -0.7804 0.5151
vn 0.5555 -0.0188 0.8313
vn -0.0054 -0.9334 0.3588
vn -0.0037 -0.7193 0.6947
vn -0.0010 -0.3845 0.9231
vn 0.1187 -0.8998 0.4199
vn 0.2152 -0.5536 0.8045
vn 0.2390 -0.0656 0.9688
vn -0.1945 -0.8882 -0.4161
vn -0.2968 -0.7513 -0.5894
vn -0.4151 -0.2766 -0.8667
vn -0.4605 -0.0461 -0.8865
vn -0.4285 -0.0395 -0.9027
vn -0.2819 -0.7413 -0.6091
vn -0.4076 -0.2814 -0.8687
vn 0.2081 -0.9033 0.3751
vn 0.4597 -0.2481 0.8527
vn 0.3149 -0.7660 0.5604
vn 0.4790 -0.0097 0.8778
vn 0.5065 0.6721 0.5401
vn 0.5369 0.6719 0.5102
vn 0.3684 0.8398 0.3988
vn 0.3907 0.8395 0.3775
vn 0.2081 0.9499 0.2333
vn 0.2200 0.9501 0.2213
vn 0.5631 0.6730 0.4796
vn 0.4100 0.8398 0.3559
vn 0.2312 0.9501 0.2094
vn -0.4897 0.6626 -0.5667
vn -0.5252 0.6611 -0.5358
vn -0.3532 0.8447 -0.4022
vn -0.3786 0.8441 -0.3797
vn -0.1906 0.9593 -0.2084
vn -0.2042 0.9591 -0.1959
vn -0.4517 0.6615 -0.5986
vn -0.3255 0.8445 -0.4253
vn -0.1752 0.9595 -0.2206
vn 0.4732 0.6728 0.5687
vn 0.4420 0.6696 0.5969
vn 0.3452 0.8391 0.4204
vn 0.3217 0.8381 0.4406
vn 0.1944 0.9499 0.2446
vn 0.1820 0.9491 0.2572
vn -0.5870 0.6570 -0.4731
vn -0.5572 0.6605 -0.5032
vn -0.4235 0.8418 -0.3346
vn -0.4023 0.8432 -0.3567
vn -0.2291 0.9581 -0.1717
vn -0.2175 0.9586 -0.1838
vn -0.6436 0.6506 -0.4031
vn -0.6144 0.6545 -0.4406
vn -0.4669 0.8370 -0.2855
vn -0.4442 0.8399 -0.3117
vn -0.2534 0.9564 -0.1455
vn -0.2411 0.9572 -0.1598
vn 0.5913 0.6693 0.4498
vn 0.4310 0.8381 0.3344
vn 0.2429 0.9497 0.1975
vn 0.6187 0.6664 0.4161
vn 0.4518 0.8364 0.3104
vn 0.2551 0.9492 0.1844
vn 0.6457 0.6619 0.3808
vn 0.4723 0.8341 0.2850
vn 0.2675 0.9483 0.1706
vn 0.6705 0.6555 0.3475
vn 0.4930 0.8297 0.2618
vn 0.2810 0.9466 0.1582
vn -0.6990 0.6345 -0.3299
vn -0.6747 0.6432 -0.3621
vn -0.5118 0.8265 -0.2346
vn -0.4909 0.8326 -0.2565
vn -0.2799 0.9527 -0.1186
vn -0.2667 0.9550 -0.1298
vn 0.9112 0.4085 0.0538
vn 0.7587 0.6255 0.1822
vn 0.6893 0.7227 0.0507
vn 0.5613 0.8149 0.1446
vn 0.3738 0.9266 0.0402
vn 0.3227 0.9416 0.0960
vn 0.6892 0.6480 0.3243
vn 0.5116 0.8229 0.2472
vn 0.2929 0.9442 0.1507
vn -0.7104 0.6293 -0.3152
vn -0.5235 0.8217 -0.2251
vn -0.2892 0.9504 -0.1143
vn -0.4010 0.6594 -0.6359
vn -0.2898 0.8427 -0.4536
vn -0.1563 0.9589 -0.2367
vn -0.3545 0.6510 -0.6713
vn -0.2581 0.8368 -0.4829
vn -0.1402 0.9570 -0.2541
vn 0.4083 0.6677 0.6225
vn 0.3776 0.6634 0.6460
vn 0.2983 0.8360 0.4605
vn 0.2766 0.8329 0.4793
vn 0.1690 0.9483 0.2685
vn 0.1573 0.9468 0.2806
vn 0.0625 0.3965 0.9159
vn 0.0500 0.7107 0.7017
vn 0.0303 0.9198 0.3912
vn 0.2024 0.6341 0.7463
vn 0.1522 0.8166 0.5568
vn 0.0912 0.9398 0.3294
vn -0.3319 0.6425 -0.6907
vn -0.2434 0.8305 -0.5011
vn -0.1331 0.9546 -0.2667
vn 0.3572 0.6557 0.6651
vn 0.2634 0.8272 0.4964
vn 0.1503 0.9449 0.2907
vn -0.8124 0.3738 -0.4474
vn -0.4852 0.3858 -0.7847
vn -0.9460 0.1741 0.2735
vn -0.9461 0.1742 0.2730
vn -0.0600 -0.2867 0.9561
vn -0.7960 0.3735 -0.4764
vn 0.2595 0.2287 -0.9383
vn 0.2594 0.2287 -0.9383
vn 0.9691 -0.2315 -0.0855
vn -0.4491 0.3877 -0.8050
vn 0.3858 0.9224 0.0203
vn 0.7098 0.7043 0.0152
vn 0.9249 0.3800 0.0078
vn 0.3678 -0.0234 0.9296
vn 0.9177 -0.0107 0.3971
vn 0.6898 -0.0169 0.7238
vn -0.2383 -0.6728 -0.7004
vn 0.0449 -0.7374 -0.6739
vn 0.8743 -0.3360 -0.3504
vn -0.0167 -0.6934 -0.7204
vn -0.0002 0.3610 0.9326
vn 0.0018 0.6916 0.7223
vn 0.0036 0.9145 0.4045
vn -0.6840 -0.2401 -0.6888
vn -0.6590 -0.0020 -0.7522
vn -0.2883 0.9181 -0.2721
vn -0.7063 -0.0286 -0.7074
vn -0.6768 -0.6747 -0.2946
vn -0.7536 -0.6558 -0.0460
vn -0.3182 -0.3378 0.8858
vn -0.7046 -0.7012 -0.1090
vn -0.6081 -0.6183 0.4980
vn -0.9184 0.3955 0.0094
vn -0.6944 0.7194 0.0159
vn -0.5758 0.8174 0.0178
vn -0.3597 0.9329 0.0199
vn 0.0077 0.9899 0.1417
vn 0.0995 0.9949 -0.0187
vn 0.0049 0.9483 -0.3174
vn 0.0046 0.8736 -0.4866
vn 0.0192 0.7440 -0.6679
vn 0.0032 0.5541 -0.8325
vn 0.0026 0.4266 -0.9044
vn 0.3273 0.8843 0.3329
vn 0.4382 0.7774 0.4512
vn 0.5201 0.6696 0.5303
vn 0.5411 0.6351 0.5513
vn 0.6562 0.3630 0.6616
vn 0.4500 0.6908 0.5660
vn 0.6291 0.4470 0.6359
vn 0.7760 -0.0124 0.6306
vn -0.9172 -0.0031 0.3984
vn -0.6994 -0.0122 0.7146
vn -0.3558 -0.0199 0.9343
vn -0.8700 -0.0056 0.4930
vn -0.2184 -0.0219 0.9756
vn -0.0082 -0.9262 0.3771
vn -0.0082 -0.8809 0.4732
vn -0.0076 -0.7068 0.7073
vn -0.0066 -0.4777 0.8785
vn -0.0060 -0.3912 0.9203
vn 0.1021 -0.1028 0.9895
vn 0.3128 0.2910 0.9041
vn 0.4764 0.5301 0.7014
vn 0.5459 0.5268 0.6515
vn 0.6808 0.6599 0.3180
vn 0.2041 0.1825 0.9618
vn 0.4692 0.4483 0.7608
vn 0.6506 0.6352 0.4162
vn 0.6336 0.7692 0.0829
vn 0.9921 0.0134 0.1244
vn 0.9311 -0.3646 -0.0087
vn 0.8367 -0.5475 -0.0131
vn 0.7268 -0.6867 -0.0163
vn 0.6589 -0.7520 -0.0178
vn 0.4000 -0.9163 -0.0218
vn 0.9217 0.0092 -0.3877
vn 0.6971 0.0179 -0.7168
vn 0.3586 0.0237 -0.9332
vn 0.9856 0.0743 -0.1521
vn 0.8726 0.0117 -0.4883
vn 0.5603 0.0208 -0.8281
vn 0.8695 0.3456 0.3530
vn 0.6528 0.5307 0.5406
vn 0.6728 0.5181 0.5280
vn 0.4857 0.6120 0.6242
vn 0.4489 0.6283 0.6355
vn -0.1730 0.6911 0.7017
vn -0.5640 0.5785 0.5893
vn 0.7962 0.4242 0.4314
vn 0.6609 0.5277 0.5337
vn 0.2359 0.6806 0.6936
vn -0.3789 0.9251 0.0226
vn -0.6999 0.7140 0.0180
vn -0.9189 0.3942 0.0106
vn 0.0035 0.4047 -0.9144
vn 0.0058 0.7236 -0.6902
vn 0.0072 0.9328 -0.3604
vn 0.6542 0.3698 0.6598
vn 0.4995 0.6909 0.5227
vn 0.2815 0.9126 0.2964
vn -0.3837 -0.0194 0.9233
vn -0.7052 -0.0120 0.7089
vn -0.9223 -0.0028 0.3864
vn -0.0034 -0.4048 0.9144
vn -0.0057 -0.7240 0.6898
vn -0.0071 -0.9328 0.3602
vn 0.6553 0.6392 0.4025
vn 0.5012 0.4795 0.7204
vn 0.2730 0.2488 0.9293
vn 0.3769 -0.9260 -0.0221
vn 0.7022 -0.7118 -0.0169
vn 0.9211 -0.3892 -0.0092
vn 0.3570 0.0203 -0.9339
vn 0.9216 0.0040 -0.3881
vn 0.6953 0.0132 -0.7186
vn 0.1053 0.6874 0.7186
vn 0.1970 0.7288 0.6558
vn 0.5809 0.5611 0.5897
vn 0.9068 0.2886 0.3072
vn -0.9240 0.0160 -0.3820
vn -0.7072 0.0222 -0.7066
vn -0.7069 0.0222 -0.7069
vn -0.3822 0.0249 -0.9238
vn 0.8133 -0.0212 0.5814
vn 0.9259 -0.0071 -0.3776
vn 0.9824 -0.0237 0.1854
vn 0.9793 -0.0236 0.2013
vn 0.5495 0.0054 -0.8355
vn 0.1686 0.0225 -0.9854
vn 0.9241 0.0125 -0.3818
vn 0.9241 -0.0069 -0.3822
vn -0.9857 0.1687 0.0033
vn -0.9216 0.3883 0.0013
vn -0.3746 0.9267 0.0314
vn -0.3797 0.9250 0.0141
vn -0.3756 0.9267 0.0142
vn 0.5857 0.8103 0.0194
vn 0.3885 0.9213 0.0147
vn -0.8211 0.5707 0.0032
vn 0.2082 0.9780 0.0140
vn 0.1531 -0.9879 -0.0243
vn 0.1527 -0.9804 0.1243
vn 0.9211 -0.3892 -0.0090
vn 0.9176 -0.3875 0.0884
vn 0.8137 0.5811 0.0148
vn 0.1544 -0.9877 -0.0243
vn 0.9214 -0.3884 -0.0090
vn 0.9212 -0.3891 -0.0090
vn 0.9216 -0.3881 -0.0090
vn -0.0022 -0.3598 -0.9330
vn -0.0041 -0.6886 -0.7251
vn -0.0040 -0.6896 -0.7241
vn -0.0053 -0.9145 -0.4045
vn -0.0057 -0.9926 -0.1213
vn 0.0028 0.5717 0.8205
vn -0.0023 -0.4005 0.9163
vn -0.0023 -0.4004 0.9163
vn -0.0023 -0.3972 0.9177
vn -0.0057 -0.9905 0.1373
vn -0.9868 0.0043 0.1617
vn -0.9894 0.1429 0.0254
vn -0.3865 -0.0338 0.9217
vn -0.8252 -0.0184 0.5646
vn -0.8346 -0.0174 0.5506
vn 0.2011 -0.0368 0.9789
vn 0.5825 -0.0252 0.8124
vn -0.3819 -0.0196 0.9240
vn -0.3819 -0.0340 0.9236
vn -0.3893 -0.9208 -0.0222
vn -0.7118 -0.7022 -0.0172
vn -0.7125 -0.7014 -0.0172
vn -0.9271 -0.3747 -0.0095
vn -0.6146 0.6549 0.4397
vn -0.6937 0.7156 -0.0816
vn -0.6937 0.7160 -0.0775
vn -0.6937 0.7156 -0.0818
vn -0.5036 0.4941 -0.7087
vn -0.5048 0.4955 -0.7069
vn -0.5039 0.4941 -0.7084
vn -0.1886 0.1575 -0.9693
vn -0.6124 0.6526 0.4462
vn -0.6937 0.7160 -0.0774
vn -0.5046 0.4953 -0.7071
vn -0.1868 0.1557 -0.9700
vn -0.8972 0.2970 0.3270
vn -0.8967 0.3161 0.3097
vn -0.7609 0.4377 0.4790
vn -0.7609 0.4651 0.4525
vn -0.2408 0.6981 0.6743
vn 0.0152 0.6785 0.7345
vn 0.0156 0.7198 0.6940
vn -0.8962 0.2811 0.3432
vn -0.7587 0.4154 0.5018
vn -0.2410 0.6572 0.7142
vn 0.0139 0.6360 0.7716
vn -0.9136 -0.2956 -0.2791
vn -0.9136 -0.3123 -0.2605
vn -0.7868 -0.4470 -0.4257
vn -0.3291 -0.7199 -0.6111
vn -0.0852 -0.7174 -0.6915
vn -0.3292 -0.6812 -0.6539
vn -0.9137 -0.3283 -0.2397
vn -0.7873 -0.4721 -0.3964
vn -0.3306 -0.7567 -0.5640
vn -0.0856 -0.7589 -0.6456
vn -0.8956 0.3528 0.2711
vn -0.8971 0.3323 0.2911
vn -0.7589 0.5166 0.3965
vn -0.2417 0.7353 0.6331
vn 0.0151 0.7968 0.6041
vn -0.2403 0.7732 0.5869
vn -0.7600 0.4915 0.4253
vn 0.0153 0.7600 0.6497
vn -0.9135 -0.2779 -0.2971
vn -0.9132 -0.2613 -0.3128
vn -0.7873 -0.4195 -0.4519
vn -0.7870 -0.3929 -0.4756
vn -0.3299 -0.6012 -0.7278
vn -0.0867 -0.6745 -0.7332
vn -0.0873 -0.6329 -0.7693
vn -0.3304 -0.6399 -0.6938
vn -0.9129 -0.2436 -0.3276
vn -0.9119 -0.2239 -0.3439
vn -0.7853 -0.3663 -0.4991
vn -0.7830 -0.3363 -0.5233
vn -0.3309 -0.5104 -0.7937
vn -0.0885 -0.5889 -0.8034
vn -0.0897 -0.5379 -0.8382
vn -0.3303 -0.5604 -0.7595
vn -0.8955 0.2619 0.3598
vn -0.7580 0.3870 0.5250
vn -0.2433 0.6146 0.7504
vn 0.0123 0.5928 0.8053
vn -0.8946 0.2411 0.3763
vn -0.7569 0.3552 0.5486
vn -0.2414 0.5742 0.7823
vn 0.0107 0.5444 0.8388
vn -0.8921 0.2210 0.3942
vn -0.7520 0.3271 0.5723
vn -0.2420 0.5254 0.8157
vn 0.0080 0.4934 0.8698
vn -0.8889 0.2005 0.4119
vn -0.7466 0.2995 0.5940
vn -0.2411 0.4756 0.8460
vn 0.0096 0.4459 0.8950
vn -0.9102 -0.2016 -0.3619
vn -0.9074 -0.1854 -0.3771
vn -0.7785 -0.3007 -0.5510
vn -0.7731 -0.2734 -0.5724
vn -0.3230 -0.4187 -0.8488
vn -0.0912 -0.4807 -0.8721
vn -0.0892 -0.4363 -0.8954
vn -0.3282 -0.4583 -0.8260
vn -0.8820 0.1091 0.4585
vn -0.9213 -0.0044 0.3887
vn -0.5296 0.1788 0.8292
vn -0.6972 -0.0136 0.7168
vn -0.0527 0.1883 0.9807
vn -0.3564 -0.0202 0.9341
vn -0.9764 0.0910 0.1956
vn -0.7350 0.2832 0.6161
vn -0.2324 0.4271 0.8738
vn 0.0151 0.4100 0.9120
vn -0.7271 0.2768 0.6282
vn -0.2168 0.3956 0.8925
vn -0.9039 -0.1793 -0.3882
vn -0.7670 -0.2671 -0.5834
vn -0.0859 -0.4138 -0.9063
vn -0.3175 -0.3965 -0.8614
vn -0.9122 -0.3506 -0.2122
vn -0.7868 -0.4973 -0.3655
vn -0.3281 -0.8007 -0.5012
vn -0.0861 -0.7987 -0.5956
vn -0.9073 -0.3750 -0.1904
vn -0.7814 -0.5345 -0.3221
vn -0.3188 -0.8377 -0.4434
vn -0.0859 -0.8458 -0.5265
vn -0.8924 0.3855 0.2344
vn -0.8961 0.3650 0.2525
vn -0.7531 0.5601 0.3451
vn -0.2394 0.8063 0.5408
vn 0.0176 0.8582 0.5131
vn -0.2307 0.8380 0.4945
vn -0.7587 0.5365 0.3694
vn 0.0156 0.8301 0.5574
vn -0.9223 0.3864 0.0111
vn -0.6984 0.7157 0.0099
vn -0.3567 0.9342 0.0074
vn -0.8853 0.4450 0.1347
vn -0.5266 0.8196 0.2260
vn -0.0339 0.9696 0.2422
vn -0.9038 -0.3882 -0.1803
vn -0.7717 -0.5688 -0.2843
vn -0.3060 -0.8586 -0.4114
vn -0.0805 -0.8835 -0.4614
vn -0.0727 -0.9002 -0.4294
vn -0.7642 -0.5855 -0.2706
vn -0.3137 -0.8590 -0.4045
vn -0.8876 0.4021 0.2246
vn -0.2154 0.8584 0.4656
vn -0.7449 0.5798 0.3300
vn 0.0237 0.8767 0.4804
vn 0.6967 0.5183 0.4959
vn 0.6963 0.4884 0.5260
vn 0.8572 0.3731 0.3549
vn 0.8571 0.3513 0.3767
vn 0.9597 0.2047 0.1925
vn 0.9596 0.1930 0.2048
vn 0.6949 0.4591 0.5535
vn 0.8562 0.3304 0.3971
vn 0.9593 0.1821 0.2159
vn 0.6376 -0.5839 -0.5025
vn 0.6375 -0.5528 -0.5367
vn 0.8269 -0.4254 -0.3678
vn 0.8262 -0.4031 -0.3935
vn 0.9495 -0.2359 -0.2072
vn 0.9494 -0.2231 -0.2209
vn 0.6363 -0.6166 -0.4636
vn 0.8263 -0.4487 -0.3404
vn 0.9492 -0.2489 -0.1925
vn 0.6962 0.5480 0.4638
vn 0.6948 0.5756 0.4313
vn 0.8568 0.3947 0.3317
vn 0.8562 0.4148 0.3082
vn 0.9597 0.2166 0.1792
vn 0.9592 0.2287 0.1662
vn 0.6344 -0.4895 -0.5983
vn 0.6363 -0.5207 -0.5692
vn 0.8242 -0.3582 -0.4386
vn 0.8260 -0.3794 -0.4170
vn 0.9484 -0.1996 -0.2463
vn 0.9492 -0.2102 -0.2343
vn 0.6274 -0.4204 -0.6555
vn 0.6309 -0.4583 -0.6260
vn 0.8205 -0.3085 -0.4813
vn 0.8225 -0.3361 -0.4588
vn 0.9472 -0.1729 -0.2699
vn 0.9480 -0.1870 -0.2576
vn 0.6921 0.4286 0.5808
vn 0.8551 0.3082 0.4168
vn 0.9590 0.1690 0.2273
vn 0.6886 0.3948 0.6083
vn 0.8523 0.2849 0.4386
vn 0.9583 0.1562 0.2393
vn 0.6830 0.3598 0.6356
vn 0.8495 0.2597 0.4592
vn 0.9572 0.1422 0.2520
vn 0.6766 0.3259 0.6603
vn 0.8442 0.2370 0.4808
vn 0.9553 0.1299 0.2656
vn 0.6128 -0.3472 -0.7099
vn 0.6207 -0.3791 -0.6863
vn 0.8107 -0.2572 -0.5260
vn 0.8162 -0.2796 -0.5056
vn 0.9438 -0.1459 -0.2964
vn 0.9461 -0.1570 -0.2832
vn 0.4274 0.0393 0.9032
vn 0.6443 0.1616 0.7475
vn 0.7356 0.0278 0.6768
vn 0.8285 0.1191 0.5472
vn 0.9334 0.0122 0.3587
vn 0.9495 0.0676 0.3065
vn 0.6685 0.3036 0.6789
vn 0.8383 0.2217 0.4980
vn 0.9530 0.1219 0.2774
vn 0.6078 -0.3307 -0.7220
vn 0.8056 -0.2479 -0.5381
vn 0.9420 -0.1410 -0.3047
vn 0.6332 -0.6542 -0.4136
vn 0.8243 -0.4771 -0.3048
vn 0.9492 -0.2628 -0.1729
vn 0.6247 -0.6893 -0.3668
vn 0.8182 -0.5059 -0.2731
vn 0.9467 -0.2814 -0.1570
vn 0.6925 0.6013 0.3987
vn 0.6873 0.6263 0.3680
vn 0.8545 0.4342 0.2852
vn 0.8505 0.4549 0.2639
vn 0.9587 0.2394 0.1534
vn 0.9572 0.2525 0.1418
vn 0.4242 0.9037 0.0577
vn 0.7319 0.6802 0.0395
vn 0.9317 0.3628 0.0156
vn 0.6587 0.7271 0.1933
vn 0.8344 0.5332 0.1392
vn 0.9506 0.3011 0.0759
vn 0.6165 -0.7082 -0.3441
vn 0.8119 -0.5235 -0.2584
vn 0.9442 -0.2932 -0.1499
vn 0.6816 0.6441 0.3471
vn 0.8456 0.4713 0.2505
vn 0.9549 0.2644 0.1351
vn 0.3468 -0.4553 -0.8200
vn 0.3551 -0.7932 -0.4948
vn 0.1676 0.2696 -0.9483
vn 0.1680 0.2699 -0.9481
vn -0.2599 0.9642 -0.0520
vn 0.3452 -0.4803 -0.8064
vn 0.1963 -0.9470 0.2544
vn -0.1774 -0.2345 0.9558
vn 0.3579 -0.6006 -0.7149
vn 0.3936 0.4004 -0.8275
vn 0.4102 0.3810 -0.8286
vn 0.5268 0.5314 -0.6634
vn 0.5509 0.5032 -0.6659
vn 0.7408 0.6633 -0.1062
vn 0.6990 0.6987 0.1520
vn 0.7390 0.6564 0.1517
vn 0.3762 0.4170 -0.8274
vn 0.5011 0.5554 -0.6636
vn 0.7020 0.7041 -0.1067
vn 0.6591 0.7368 0.1507
vn -0.2159 -0.1751 -0.9606
vn -0.2322 -0.1556 -0.9602
vn -0.3837 -0.3263 -0.8639
vn -0.7051 -0.5431 -0.4559
vn -0.7298 -0.6470 -0.2208
vn -0.6684 -0.5877 -0.4559
vn -0.2480 -0.1339 -0.9595
vn -0.4078 -0.2965 -0.8636
vn -0.7422 -0.4944 -0.4524
vn -0.7692 -0.5998 -0.2203
vn 0.4445 0.3420 -0.8279
vn 0.4283 0.3620 -0.8279
vn 0.5997 0.4460 -0.6645
vn 0.7787 0.6183 -0.1069
vn 0.8125 0.5637 0.1487
vn 0.8128 0.5725 -0.1079
vn 0.5770 0.4753 -0.6641
vn 0.7776 0.6104 0.1509
vn -0.1989 -0.1930 -0.9608
vn -0.1825 -0.2089 -0.9608
vn -0.3563 -0.3530 -0.8651
vn -0.3321 -0.3778 -0.8643
vn -0.5919 -0.6642 -0.4567
vn -0.6885 -0.6902 -0.2227
vn -0.6482 -0.7279 -0.2234
vn -0.6293 -0.6280 -0.4578
vn -0.1659 -0.2247 -0.9602
vn -0.1471 -0.2406 -0.9594
vn -0.3055 -0.4013 -0.8635
vn -0.2759 -0.4276 -0.8608
vn -0.5042 -0.7328 -0.4570
vn -0.6056 -0.7636 -0.2240
vn -0.5538 -0.8015 -0.2258
vn -0.5517 -0.6974 -0.4574
vn 0.3589 0.4346 -0.8260
vn 0.4757 0.5797 -0.6615
vn 0.6628 0.7412 -0.1065
vn 0.6170 0.7730 0.1476
vn 0.3394 0.4507 -0.8256
vn 0.4473 0.6033 -0.6603
vn 0.6210 0.7762 -0.1090
vn 0.5713 0.8077 0.1456
vn 0.3218 0.4618 -0.8265
vn 0.4219 0.6219 -0.6597
vn 0.5762 0.8101 -0.1084
vn 0.5302 0.8358 0.1426
vn 0.3055 0.4575 -0.8351
vn 0.4022 0.6259 -0.6683
vn 0.5365 0.8368 -0.1090
vn 0.5029 0.8528 0.1406
vn -0.1301 -0.2553 -0.9581
vn -0.1249 -0.2754 -0.9532
vn -0.2438 -0.4554 -0.8563
vn -0.2257 -0.4844 -0.8452
vn -0.4013 -0.8016 -0.4431
vn -0.4895 -0.8423 -0.2254
vn -0.4345 -0.8734 -0.2199
vn -0.4481 -0.7705 -0.4533
vn 0.0371 0.4502 -0.8922
vn 0.0161 0.7741 -0.6329
vn -0.0072 0.9646 -0.2636
vn 0.1686 0.2178 -0.9613
vn 0.3850 0.6128 -0.6901
vn 0.5101 0.8529 -0.1114
vn 0.4887 0.8612 0.1399
vn 0.3838 0.6156 -0.6883
vn 0.4971 0.8604 -0.1123
vn -0.1288 -0.2992 -0.9455
vn -0.2234 -0.5065 -0.8328
vn -0.4090 -0.8873 -0.2130
vn -0.3783 -0.8188 -0.4319
vn -0.2675 -0.1068 -0.9576
vn -0.4328 -0.2631 -0.8622
vn -0.7834 -0.4309 -0.4479
vn -0.8081 -0.5474 -0.2177
vn -0.2904 -0.0841 -0.9532
vn -0.4654 -0.2205 -0.8572
vn -0.8178 -0.3720 -0.4392
vn -0.8517 -0.4774 -0.2159
vn 0.4774 0.3031 -0.8247
vn 0.4595 0.3213 -0.8280
vn 0.6432 0.3920 -0.6577
vn 0.8442 0.5250 -0.1081
vn 0.8702 0.4702 0.1473
vn 0.8723 0.4780 -0.1031
vn 0.6205 0.4162 -0.6646
vn 0.8440 0.5156 0.1478
vn 0.4722 0.0837 -0.8775
vn 0.7787 0.0460 -0.6257
vn 0.9633 0.0006 -0.2684
vn 0.5324 0.2005 -0.8224
vn 0.8733 0.2394 -0.4244
vn 0.9764 0.2007 0.0794
vn -0.3073 -0.0737 -0.9488
vn -0.4992 -0.1827 -0.8470
vn -0.8378 -0.3411 -0.4263
vn -0.8874 -0.4114 -0.2079
vn -0.9037 -0.3797 -0.1979
vn -0.5188 -0.1684 -0.8381
vn -0.8388 -0.3331 -0.4307
vn 0.4919 0.2919 -0.8203
vn 0.8910 0.4457 -0.0868
vn 0.6620 0.3739 -0.6496
vn 0.8865 0.4367 0.1528
vn 0.4672 0.4025 0.7873
vn 0.4387 0.4340 0.7869
vn 0.3026 0.2532 0.9188
vn 0.2818 0.2761 0.9189
vn 0.1203 0.0895 0.9887
vn 0.1082 0.1018 0.9889
vn 0.4105 0.4626 0.7858
vn 0.2624 0.2980 0.9178
vn 0.0974 0.1137 0.9887
vn -0.6598 -0.5353 0.5273
vn -0.6296 -0.5711 0.5268
vn -0.5153 -0.4276 0.7427
vn -0.4933 -0.4535 0.7423
vn -0.3321 -0.2877 0.8983
vn -0.3203 -0.3019 0.8979
vn -0.6901 -0.4957 0.5272
vn -0.5369 -0.3988 0.7434
vn -0.3441 -0.2722 0.8986
vn 0.4955 0.3691 0.7863
vn 0.5219 0.3357 0.7842
vn 0.3232 0.2292 0.9182
vn 0.3429 0.2052 0.9167
vn 0.1310 0.0752 0.9885
vn 0.1421 0.0619 0.9879
vn -0.5689 -0.6346 0.5232
vn -0.5985 -0.6045 0.5256
vn -0.4495 -0.4995 0.7405
vn -0.4711 -0.4779 0.7414
vn -0.2969 -0.3275 0.8970
vn -0.3087 -0.3157 0.8973
vn -0.4985 -0.6957 0.5172
vn -0.5374 -0.6632 0.5209
vn -0.3993 -0.5457 0.7367
vn -0.4276 -0.5212 0.7386
vn -0.2687 -0.3531 0.8962
vn -0.2850 -0.3393 0.8965
vn 0.3815 0.4917 0.7828
vn 0.2416 0.3196 0.9162
vn 0.0857 0.1262 0.9883
vn 0.3502 0.5206 0.7787
vn 0.2194 0.3416 0.9139
vn 0.0735 0.1390 0.9876
vn 0.3226 0.5463 0.7730
vn 0.2008 0.3631 0.9099
vn 0.0636 0.1528 0.9862
vn 0.3050 0.5655 0.7663
vn 0.1921 0.3850 0.9027
vn 0.0641 0.1763 0.9822
vn -0.3958 -0.7698 0.5007
vn -0.4458 -0.7352 0.5107
vn -0.3195 -0.6088 0.7261
vn -0.3596 -0.5797 0.7312
vn -0.2148 -0.3937 0.8938
vn -0.2439 -0.3756 0.8941
vn 0.1493 0.6860 0.7121
vn -0.0105 0.6220 0.7830
vn 0.0950 0.5005 0.8605
vn -0.0291 0.3102 0.9502
vn 0.0363 0.2916 0.9559
vn 0.0098 0.8611 0.5083
vn 0.2999 0.5826 0.7554
vn 0.1962 0.4129 0.8894
vn 0.0783 0.2143 0.9736
vn -0.3704 -0.7848 0.4969
vn -0.2971 -0.6203 0.7259
vn -0.1955 -0.3958 0.8973
vn -0.7257 -0.4437 0.5258
vn -0.5634 -0.3619 0.7427
vn -0.3584 -0.2524 0.8988
vn -0.7582 -0.3948 0.5189
vn -0.5915 -0.3287 0.7363
vn -0.3761 -0.2358 0.8961
vn 0.5476 0.3024 0.7802
vn 0.5707 0.2711 0.7752
vn 0.3615 0.1808 0.9147
vn 0.3813 0.1596 0.9106
vn 0.1526 0.0482 0.9871
vn 0.1652 0.0367 0.9856
vn 0.8608 -0.0246 0.5083
vn 0.6086 -0.0624 0.7911
vn 0.2735 -0.0915 0.9575
vn 0.6670 0.0955 0.7389
vn 0.4545 0.0335 0.8901
vn 0.2121 -0.0304 0.9768
vn -0.7750 -0.3705 0.5119
vn -0.6081 -0.3125 0.7298
vn -0.3891 -0.2281 0.8925
vn 0.5878 0.2498 0.7695
vn 0.3974 0.1458 0.9060
vn 0.1760 0.0299 0.9839
vn -0.8506 -0.4738 0.2281
vn 0.8762 -0.4720 -0.0975
vn 0.8768 -0.4708 -0.0977
vn -0.8460 -0.4820 0.2282
vn 0.2184 -0.9713 0.0946
vn 0.8467 -0.5252 -0.0857
vn -0.9603 0.2348 0.1507
vn -0.9603 0.2349 0.1507
vn -0.5466 0.8372 -0.0168
vn -0.1168 0.9883 -0.0983
vn -0.4924 -0.8444 0.2111
vn 0.2903 0.8432 -0.4525
vn 0.4895 0.5051 0.7109
vn -0.5427 -0.7120 -0.4456
vn 0.8075 0.5733 0.1390
vn 0.4853 0.6180 0.6186
vn -0.7294 -0.5162 -0.4490
vn 0.6308 0.7715 -0.0831
vn -0.2884 0.8812 -0.3746
vn -0.2597 -0.2966 -0.9190
vn -0.1105 0.6800 -0.7248
vn 0.4814 -0.5798 0.6573
vn 0.3747 0.0143 0.9270
vn -0.3643 -0.9077 0.2082
vn -0.4351 0.8931 -0.1141
vn -0.4468 -0.1480 0.8823
vn 0.8962 -0.1069 -0.4306
vn -0.1069 0.9054 -0.4109
vn 0.0356 -0.8978 0.4391
vn -0.2707 0.6754 0.6859
vn 0.3821 0.5517 -0.7414
vn 0.7449 0.5367 -0.3964
vn -0.2135 -0.5928 -0.7766
vn -0.5298 -0.8141 0.2376
vn 0.7786 -0.1080 0.6181
vn 0.8635 -0.4029 -0.3034
vn 0.9240 -0.0254 0.3815
vn 0.3830 0.0111 -0.9237
vn -0.8292 0.5589 0.0033
vn -0.0023 -0.3971 0.9178
vn 0.9821 -0.1082 -0.1542
vt 0.024689 0.243520
vt 0.022089 0.239058
vt 0.025522 0.239321
vt 0.314703 0.122046
vt 0.311195 0.134322
vt 0.312211 0.121843
vt 0.022742 0.234777
vt 0.019737 0.230086
vt 0.023202 0.230447
vt 0.283990 0.157528
vt 0.284306 0.169694
vt 0.281854 0.169389
vt 0.023520 0.221865
vt 0.026821 0.218292
vt 0.026929 0.222312
vt 0.315292 0.109576
vt 0.312797 0.109391
vt 0.288969 0.106791
vt 0.291465 0.093316
vt 0.291432 0.106946
vt 0.287341 0.132371
vt 0.288303 0.145365
vt 0.285846 0.145112
vt 0.026871 0.226510
vt 0.026627 0.230802
vt 0.020000 0.225696
vt 0.023454 0.226109
vt 0.281859 0.181146
vt 0.279411 0.180810
vt 0.303084 0.192695
vt 0.303380 0.181466
vt 0.305863 0.181770
vt 0.308286 0.170643
vt 0.307915 0.158824
vt 0.310404 0.159088
vt 0.278862 0.192968
vt 0.276428 0.192604
vt 0.274378 0.208392
vt 0.271970 0.208030
vt 0.296135 0.214900
vt 0.297378 0.203311
vt 0.299868 0.203670
vt 0.023419 0.217798
vt 0.026544 0.214407
vt 0.268065 0.229920
vt 0.265673 0.229614
vt 0.261491 0.255166
vt 0.259097 0.254903
vt 0.291918 0.226386
vt 0.293633 0.214502
vt 0.022674 0.209888
vt 0.025455 0.206698
vt 0.026093 0.210577
vt 0.315482 0.097096
vt 0.312983 0.096926
vt 0.315290 0.084214
vt 0.312777 0.084050
vt 0.287895 0.074326
vt 0.287783 0.046477
vt 0.290371 0.074377
vt 0.019274 0.234469
vt 0.314736 0.070523
vt 0.312203 0.070367
vt 0.313950 0.056491
vt 0.311473 0.056214
vt 0.285311 0.046453
vt 0.284298 0.013465
vt 0.019763 0.248642
vt 0.017682 0.243344
vt 0.021199 0.243427
vt 0.308712 0.134100
vt 0.309723 0.121641
vt 0.297229 0.158316
vt 0.302989 0.170064
vt 0.295109 0.170027
vt 0.286445 0.157806
vt 0.286763 0.169999
vt 0.284647 0.181492
vt 0.289775 0.192657
vt 0.281636 0.193332
vt 0.310306 0.109207
vt 0.310485 0.096757
vt 0.289798 0.132595
vt 0.293306 0.119952
vt 0.292258 0.132819
vt 0.290763 0.145618
vt 0.290842 0.119758
vt 0.293901 0.107101
vt 0.309738 0.146737
vt 0.305800 0.170360
vt 0.305430 0.158561
vt 0.303320 0.170078
vt 0.281299 0.193335
vt 0.287098 0.170013
vt 0.292679 0.181305
vt 0.300599 0.192365
vt 0.300901 0.181162
vt 0.298120 0.192033
vt 0.270449 0.230226
vt 0.285857 0.205805
vt 0.277129 0.208698
vt 0.294894 0.202949
vt 0.289491 0.225792
vt 0.291158 0.214102
vt 0.263885 0.255429
vt 0.309978 0.109170
vt 0.301579 0.120804
vt 0.302168 0.108165
vt 0.293941 0.093418
vt 0.292850 0.074428
vt 0.310265 0.083891
vt 0.309686 0.070212
vt 0.302276 0.095107
vt 0.309934 0.083775
vt 0.310157 0.096707
vt 0.290260 0.046502
vt 0.286774 0.013498
vt 0.308957 0.055929
vt 0.288382 0.119566
vt 0.310543 0.031937
vt 0.308278 0.032171
vt 0.306013 0.032408
vt 0.293638 0.119983
vt 0.294232 0.107137
vt 0.288903 0.158084
vt 0.292589 0.132846
vt 0.017559 0.255313
vt 0.015885 0.249477
vt 0.026171 0.235086
vt 0.293185 0.074545
vt 0.300021 0.058393
vt 0.301596 0.079204
vt 0.279479 0.243026
vt 0.265484 0.257419
vt 0.277661 0.241747
vt 0.264067 0.255504
vt 0.275842 0.240465
vt 0.300568 0.181152
vt 0.312228 0.146981
vt 0.309395 0.121610
vt 0.300550 0.133464
vt 0.307252 0.146493
vt 0.014994 0.262694
vt 0.012832 0.258269
vt 0.020889 0.256851
vt 0.022315 0.252340
vt 0.308633 0.055983
vt 0.309347 0.069961
vt 0.290608 0.046767
vt 0.297881 0.035055
vt 0.021876 0.205255
vt 0.024619 0.202678
vt 0.019980 0.217289
vt 0.023148 0.213865
vt 0.284311 0.181483
vt 0.290762 0.214278
vt 0.280639 0.222044
vt 0.020076 0.221404
vt 0.019711 0.213308
vt 0.299070 0.146054
vt 0.291095 0.145640
vt 0.288997 0.093215
vt 0.213771 0.100178
vt 0.179987 0.133906
vt 0.178735 0.133547
vt 0.294273 0.093467
vt 0.020681 0.199509
vt 0.023689 0.198737
vt 0.016751 0.196468
vt 0.019384 0.193377
vt 0.270824 0.230033
vt 0.275893 0.239930
vt 0.264399 0.254669
vt 0.286840 0.225071
vt 0.304852 0.008036
vt 0.307123 0.007129
vt 0.023629 0.247821
vt 0.302577 0.008960
vt 0.294541 0.203003
vt 0.313686 0.134545
vt 0.289236 0.158102
vt 0.297783 0.192035
vt 0.019216 0.209183
vt 0.276782 0.208758
vt 0.287118 0.225207
vt 0.305100 0.158543
vt 0.306923 0.146471
vt 0.308383 0.134073
vt 0.018615 0.238799
vt 0.018276 0.203814
vt 0.233452 0.034725
vt 0.139804 0.027773
vt 0.253043 0.028160
vt 0.074143 0.072757
vt 0.121012 0.102083
vt 0.121029 0.103435
vt 0.077648 0.072419
vt 0.121016 0.100698
vt 0.162952 0.114355
vt 0.153020 0.074361
vt 0.185471 0.076802
vt 0.174114 0.243925
vt 0.091218 0.199166
vt 0.095586 0.195535
vt 0.259236 0.065460
vt 0.214500 0.101031
vt 0.172487 0.240873
vt 0.165730 0.186345
vt 0.166838 0.186174
vt 0.148061 0.054394
vt 0.207968 0.039286
vt 0.212040 0.234727
vt 0.265870 0.158078
vt 0.207506 0.255525
vt 0.058556 0.111875
vt 0.112079 0.125365
vt 0.060605 0.113448
vt 0.202691 0.171037
vt 0.238820 0.151192
vt 0.222585 0.207136
vt 0.155649 0.140239
vt 0.111780 0.126486
vt 0.266799 0.043952
vt 0.272243 0.159825
vt 0.043794 0.095353
vt 0.086374 0.203191
vt 0.029162 0.077983
vt 0.187568 0.260340
vt 0.259485 0.065610
vt 0.258442 0.156026
vt 0.258390 0.067670
vt 0.191037 0.180371
vt 0.179934 0.134093
vt 0.192117 0.180018
vt 0.165208 0.124596
vt 0.110539 0.111008
vt 0.116269 0.106864
vt 0.137944 0.021584
vt 0.273561 0.021481
vt 0.178432 0.133568
vt 0.212156 0.093918
vt 0.213690 0.099974
vt 0.259768 0.156400
vt 0.212391 0.231413
vt 0.138263 0.308105
vt 0.132723 0.242487
vt 0.193802 0.279759
vt 0.162356 0.134239
vt 0.110423 0.111260
vt 0.166499 0.130437
vt 0.203403 0.084955
vt 0.197346 0.083349
vt 0.186321 0.184922
vt 0.190863 0.180503
vt 0.210294 0.087096
vt 0.273917 0.021750
vt 0.210090 0.086894
vt 0.167946 0.185998
vt 0.156690 0.139543
vt 0.157644 0.138678
vt 0.095875 0.195290
vt 0.060448 0.113651
vt 0.096982 0.194321
vt 0.051341 0.075041
vt 0.029370 0.077624
vt 0.173488 0.243156
vt 0.172243 0.241019
vt 0.173758 0.243017
vt 0.172309 0.131900
vt 0.181129 0.189790
vt 0.166739 0.130381
vt 0.057707 0.111370
vt 0.111386 0.118039
vt 0.112371 0.124033
vt 0.163711 0.118519
vt 0.202427 0.277348
vt 0.258151 0.067548
vt 0.215226 0.101887
vt 0.163236 0.117016
vt 0.163544 0.118264
vt 0.141317 0.033410
vt 0.230113 0.036326
vt 0.141123 0.035143
vt 0.077184 0.270834
vt 0.082723 0.336452
vt 0.074170 0.072491
vt 0.077686 0.072185
vt 0.163737 0.118215
vt 0.196210 0.082490
vt 0.197139 0.083269
vt 0.180852 0.189859
vt 0.174097 0.187879
vt 0.112380 0.124245
vt 0.156561 0.139401
vt 0.202032 0.277481
vt 0.071645 0.205215
vt 0.116057 0.273809
vt 0.166571 0.130210
vt 0.162944 0.115806
vt 0.140941 0.036912
vt 0.080691 0.071741
vt 0.227937 0.037456
vt 0.181144 0.134431
vt 0.193197 0.179660
vt 0.257492 0.069448
vt 0.212562 0.229384
vt 0.257127 0.155656
vt 0.062159 0.115015
vt 0.098078 0.193361
vt 0.155774 0.140375
vt 0.171129 0.239155
vt 0.259801 0.064701
vt 0.260130 0.156500
vt 0.211953 0.233790
vt 0.212126 0.231393
vt 0.212315 0.229366
vt 0.181195 0.134251
vt 0.157786 0.138416
vt 0.154950 0.141782
vt 0.126541 0.166895
vt 0.114870 0.139234
vt 0.112357 0.179433
vt 0.074828 0.136689
vt 0.120928 0.103603
vt 0.073456 0.072611
vt 0.125536 0.091918
vt 0.088155 0.069502
vt 0.163125 0.115763
vt 0.195279 0.081716
vt 0.218934 0.115065
vt 0.255054 0.095248
vt 0.182779 0.134902
vt 0.220157 0.145767
vt 0.168162 0.186035
vt 0.152416 0.181999
vt 0.149885 0.222176
vt 0.062308 0.114825
vt 0.141306 0.033056
vt 0.232704 0.035276
vt 0.230243 0.036578
vt 0.228047 0.037669
vt 0.054750 0.243297
vt 0.052061 0.238850
vt 0.055507 0.239061
vt 0.403768 0.121458
vt 0.400360 0.134172
vt 0.401194 0.121300
vt 0.052659 0.234541
vt 0.049584 0.229871
vt 0.053070 0.230186
vt 0.372731 0.158093
vt 0.373021 0.170446
vt 0.370536 0.170122
vt 0.053262 0.221545
vt 0.056528 0.217877
vt 0.056711 0.221938
vt 0.404079 0.108565
vt 0.401498 0.108442
vt 0.376972 0.106488
vt 0.378966 0.092745
vt 0.379475 0.106563
vt 0.375931 0.132515
vt 0.377057 0.145714
vt 0.374560 0.145477
vt 0.056716 0.226176
vt 0.056521 0.230503
vt 0.049782 0.225460
vt 0.053265 0.225820
vt 0.370428 0.182046
vt 0.367955 0.181674
vt 0.391944 0.194184
vt 0.392407 0.182627
vt 0.394960 0.182965
vt 0.397529 0.171527
vt 0.397154 0.159376
vt 0.399712 0.159641
vt 0.367188 0.193963
vt 0.364741 0.193544
vt 0.362266 0.209371
vt 0.359868 0.208931
vt 0.384185 0.216909
vt 0.385831 0.205004
vt 0.388384 0.205443
vt 0.053084 0.217447
vt 0.056164 0.213956
vt 0.355245 0.230649
vt 0.352827 0.230265
vt 0.348024 0.256008
vt 0.345322 0.256167
vt 0.379277 0.228246
vt 0.381629 0.216381
vt 0.052153 0.209502
vt 0.054852 0.206217
vt 0.055612 0.210100
vt 0.403894 0.095640
vt 0.401297 0.095557
vt 0.403127 0.082270
vt 0.400519 0.082242
vt 0.374554 0.073991
vt 0.373498 0.047329
vt 0.376975 0.073928
vt 0.049176 0.234277
vt 0.401701 0.068140
vt 0.399076 0.068202
vt 0.399318 0.053860
vt 0.396853 0.054184
vt 0.371037 0.047236
vt 0.372417 0.017162
vt 0.049868 0.248501
vt 0.047674 0.243215
vt 0.051229 0.243251
vt 0.397801 0.133976
vt 0.398627 0.121142
vt 0.386209 0.158876
vt 0.392087 0.170912
vt 0.384021 0.170841
vt 0.375222 0.158372
vt 0.375516 0.170770
vt 0.373253 0.182435
vt 0.378291 0.193887
vt 0.369986 0.194393
vt 0.398923 0.108322
vt 0.398707 0.095477
vt 0.378433 0.132705
vt 0.381761 0.119756
vt 0.380941 0.132896
vt 0.379562 0.145952
vt 0.379246 0.119618
vt 0.381991 0.106636
vt 0.398973 0.146951
vt 0.394974 0.171227
vt 0.394603 0.159111
vt 0.392427 0.170928
vt 0.369645 0.194388
vt 0.375856 0.170787
vt 0.381440 0.182343
vt 0.389391 0.193801
vt 0.389863 0.182288
vt 0.386849 0.193416
vt 0.357641 0.231034
vt 0.373969 0.207174
vt 0.365014 0.209770
vt 0.383291 0.204563
vt 0.376896 0.227552
vt 0.379108 0.215864
vt 0.350635 0.255231
vt 0.398584 0.108293
vt 0.390237 0.120451
vt 0.390501 0.107482
vt 0.381466 0.092738
vt 0.379397 0.073853
vt 0.397922 0.082216
vt 0.396490 0.068256
vt 0.390136 0.094115
vt 0.397576 0.082115
vt 0.398367 0.095437
vt 0.375964 0.047391
vt 0.373450 0.019819
vt 0.394444 0.054493
vt 0.376742 0.119482
vt 0.387265 0.033306
vt 0.385390 0.034526
vt 0.383498 0.035705
vt 0.382100 0.119780
vt 0.382330 0.106661
vt 0.377723 0.158653
vt 0.381280 0.132918
vt 0.047824 0.255130
vt 0.045997 0.249400
vt 0.056098 0.234807
vt 0.379728 0.073952
vt 0.385842 0.057705
vt 0.388666 0.078031
vt 0.048713 0.192910
vt 0.045201 0.187081
vt 0.049294 0.192434
vt 0.045954 0.186766
vt 0.049879 0.191960
vt 0.389521 0.182275
vt 0.401533 0.147184
vt 0.398289 0.121117
vt 0.389417 0.133435
vt 0.396419 0.146718
vt 0.045741 0.262590
vt 0.043283 0.258268
vt 0.051082 0.256504
vt 0.052468 0.252166
vt 0.394145 0.054578
vt 0.396132 0.068031
vt 0.376274 0.047620
vt 0.383485 0.036166
vt 0.051235 0.204890
vt 0.053875 0.202258
vt 0.049609 0.217005
vt 0.052726 0.213490
vt 0.372912 0.182421
vt 0.378700 0.216028
vt 0.368139 0.223375
vt 0.049784 0.221142
vt 0.049255 0.213010
vt 0.388037 0.146331
vt 0.379901 0.145973
vt 0.376480 0.092747
vt 0.028880 0.213574
vt 0.031519 0.218128
vt 0.028018 0.217863
vt 0.381802 0.092772
vt 0.049933 0.199258
vt 0.052817 0.198535
vt 0.046064 0.196122
vt 0.048719 0.193072
vt 0.358015 0.230856
vt 0.362756 0.241007
vt 0.351137 0.254549
vt 0.374289 0.226726
vt 0.372640 0.017106
vt 0.371152 0.013841
vt 0.053745 0.247638
vt 0.373599 0.019782
vt 0.382927 0.204609
vt 0.402929 0.134371
vt 0.378062 0.158671
vt 0.386503 0.193412
vt 0.366228 0.244199
vt 0.048668 0.208883
vt 0.364664 0.209819
vt 0.364461 0.242867
vt 0.374561 0.226874
vt 0.394264 0.159093
vt 0.396081 0.146698
vt 0.397463 0.133952
vt 0.048570 0.238637
vt 0.047624 0.203528
vt 0.359078 0.118585
vt 0.355802 0.130946
vt 0.356577 0.118426
vt 0.030870 0.222486
vt 0.033964 0.227212
vt 0.030447 0.226892
vt 0.329069 0.154813
vt 0.329695 0.166982
vt 0.327243 0.166732
vt 0.030291 0.235627
vt 0.027023 0.239366
vt 0.026799 0.235258
vt 0.359459 0.106073
vt 0.356951 0.105926
vt 0.332905 0.103738
vt 0.335102 0.090156
vt 0.335381 0.103840
vt 0.331828 0.129487
vt 0.333097 0.142514
vt 0.330628 0.142320
vt 0.026769 0.230964
vt 0.026953 0.226575
vt 0.033777 0.231656
vt 0.030262 0.231307
vt 0.327455 0.178489
vt 0.325001 0.178184
vt 0.349029 0.189678
vt 0.349039 0.178366
vt 0.351539 0.178612
vt 0.353712 0.167384
vt 0.353050 0.155546
vt 0.355545 0.155750
vt 0.324543 0.190491
vt 0.322090 0.190118
vt 0.319812 0.206754
vt 0.317380 0.206317
vt 0.343245 0.212847
vt 0.343726 0.200727
vt 0.346243 0.200988
vt 0.030509 0.239761
vt 0.027448 0.243313
vt 0.312311 0.230221
vt 0.309887 0.229749
vt 0.303300 0.257804
vt 0.300999 0.257178
vt 0.340166 0.224859
vt 0.340719 0.212586
vt 0.031540 0.247757
vt 0.028782 0.251138
vt 0.028031 0.247195
vt 0.359473 0.093527
vt 0.356952 0.093392
vt 0.359088 0.080516
vt 0.356546 0.080406
vt 0.331317 0.071330
vt 0.331364 0.044341
vt 0.333745 0.071361
vt 0.034389 0.222776
vt 0.358198 0.066675
vt 0.355621 0.066629
vt 0.356538 0.052499
vt 0.354080 0.052671
vt 0.328978 0.044265
vt 0.329357 0.012520
vt 0.033934 0.208412
vt 0.036015 0.213792
vt 0.032438 0.213689
vt 0.353310 0.130773
vt 0.354079 0.118268
vt 0.342345 0.155288
vt 0.348385 0.166929
vt 0.340497 0.167075
vt 0.331536 0.155031
vt 0.332157 0.167233
vt 0.330258 0.178797
vt 0.335582 0.189997
vt 0.327351 0.190857
vt 0.354445 0.105781
vt 0.354434 0.093261
vt 0.334302 0.129657
vt 0.337555 0.116875
vt 0.336779 0.129828
vt 0.335571 0.142709
vt 0.335075 0.116733
vt 0.337864 0.103942
vt 0.354602 0.143403
vt 0.351212 0.167160
vt 0.350557 0.155341
vt 0.348717 0.166935
vt 0.327010 0.190864
vt 0.332493 0.167240
vt 0.338300 0.178449
vt 0.346522 0.189420
vt 0.346542 0.178120
vt 0.344017 0.189160
vt 0.314742 0.230693
vt 0.331750 0.203782
vt 0.322608 0.207130
vt 0.341210 0.200463
vt 0.337637 0.224597
vt 0.335064 0.224519
vt 0.338196 0.212324
vt 0.305658 0.258244
vt 0.354116 0.105750
vt 0.345883 0.117576
vt 0.346225 0.104868
vt 0.337585 0.090210
vt 0.336174 0.071384
vt 0.354009 0.080301
vt 0.353077 0.066582
vt 0.346085 0.091749
vt 0.353674 0.080192
vt 0.354103 0.093215
vt 0.333734 0.044407
vt 0.332120 0.013122
vt 0.351671 0.052837
vt 0.332603 0.116592
vt 0.346165 0.030792
vt 0.344202 0.031672
vt 0.342235 0.032549
vt 0.337889 0.116899
vt 0.338197 0.103971
vt 0.334007 0.155250
vt 0.337112 0.129848
vt 0.036159 0.201741
vt 0.037864 0.207583
vt 0.027373 0.222195
vt 0.336503 0.071496
vt 0.343075 0.055508
vt 0.345103 0.075866
vt 0.035241 0.264990
vt 0.039248 0.271334
vt 0.034711 0.265485
vt 0.038525 0.271621
vt 0.034177 0.265982
vt 0.346208 0.178118
vt 0.357100 0.143593
vt 0.353749 0.118243
vt 0.345113 0.130301
vt 0.352108 0.143214
vt 0.038484 0.194165
vt 0.040834 0.198599
vt 0.032909 0.200305
vt 0.031403 0.204662
vt 0.351366 0.052903
vt 0.352733 0.066346
vt 0.334059 0.044668
vt 0.342176 0.033055
vt 0.032568 0.252473
vt 0.029728 0.255173
vt 0.034018 0.240173
vt 0.030914 0.243741
vt 0.329920 0.178793
vt 0.337810 0.212494
vt 0.326419 0.221434
vt 0.033805 0.236005
vt 0.034413 0.244189
vt 0.343905 0.142957
vt 0.335904 0.142724
vt 0.332627 0.090099
vt 0.337918 0.090253
vt 0.034039 0.258319
vt 0.030803 0.258977
vt 0.038054 0.261735
vt 0.035240 0.264840
vt 0.315133 0.230508
vt 0.320471 0.240947
vt 0.306189 0.257627
vt 0.334746 0.224407
vt 0.333999 0.011597
vt 0.335711 0.010095
vt 0.029999 0.209200
vt 0.332283 0.013090
vt 0.340855 0.200527
vt 0.358301 0.131119
vt 0.334342 0.155260
vt 0.343678 0.189170
vt 0.030296 0.259694
vt 0.030784 0.259079
vt 0.035064 0.248352
vt 0.322253 0.207193
vt 0.029818 0.260311
vt 0.350227 0.155330
vt 0.351779 0.143199
vt 0.352981 0.130753
vt 0.035041 0.218390
vt 0.036281 0.253886
vt 0.015110 0.188075
vt 0.015103 0.188116
vt 0.015078 0.188058
vt 0.015134 0.188141
vt 0.015116 0.188160
vt 0.015080 0.188107
vt 0.015057 0.188057
vt 0.015098 0.188144
vt 0.015139 0.188261
vt 0.015160 0.188250
vt 0.015167 0.188296
vt 0.015112 0.188216
vt 0.015127 0.188207
vt 0.015148 0.188197
vt 0.015101 0.188169
vt 0.015050 0.188110
vt 0.015078 0.188131
vt 0.015083 0.188169
vt 0.307201 0.007151
vt 0.307216 0.007250
vt 0.009048 0.268621
vt 0.009066 0.268598
vt 0.009086 0.268595
vt 0.009119 0.268578
vt 0.009107 0.268555
vt 0.009149 0.268522
vt 0.009087 0.268569
vt 0.009048 0.268593
vt 0.009068 0.268578
vt 0.009044 0.268612
vt 0.009074 0.268544
vt 0.009094 0.268544
vt 0.009171 0.268463
vt 0.009150 0.268448
vt 0.009185 0.268413
vt 0.009129 0.268507
vt 0.009113 0.268495
vt 0.264082 0.255356
vt 0.264163 0.255275
vt 0.263938 0.255564
vt 0.264023 0.255400
vt 0.264152 0.255194
vt 0.264254 0.255061
vt 0.264095 0.255260
vt 0.264014 0.255323
vt 0.263907 0.255524
vt 0.264023 0.255201
vt 0.264112 0.255170
vt 0.264340 0.254852
vt 0.264286 0.254815
vt 0.264218 0.255020
vt 0.264158 0.255000
vt 0.302521 0.009054
vt 0.302560 0.008903
vt 0.008015 0.270020
vt 0.008001 0.270044
vt 0.008003 0.269986
vt 0.008007 0.269930
vt 0.007994 0.269965
vt 0.007994 0.270014
vt 0.287083 0.014106
vt 0.287147 0.014075
vt 0.287177 0.014282
vt 0.286978 0.013894
vt 0.287041 0.013880
vt 0.007998 0.270112
vt 0.008015 0.270104
vt 0.008016 0.270188
vt 0.286951 0.013716
vt 0.286992 0.013694
vt 0.286868 0.013574
vt 0.286872 0.013682
vt 0.286793 0.013413
vt 0.286871 0.013508
vt 0.286936 0.013630
vt 0.178709 0.133590
vt 0.178656 0.133561
vt 0.178690 0.133639
vt 0.178638 0.133591
vt 0.178565 0.133577
vt 0.178628 0.133622
vt 0.178577 0.133595
vt 0.178620 0.133689
vt 0.178680 0.133691
vt 0.178680 0.133742
vt 0.178570 0.133619
vt 0.178621 0.133653
vt 0.178590 0.133611
vt 0.178529 0.133595
vt 0.178490 0.133578
vt 0.178487 0.133589
vt 0.178551 0.133629
vt 0.058466 0.111903
vt 0.058322 0.111766
vt 0.058416 0.111944
vt 0.058248 0.111808
vt 0.058275 0.111786
vt 0.058115 0.111679
vt 0.058405 0.112107
vt 0.058213 0.111814
vt 0.058394 0.112006
vt 0.058194 0.111820
vt 0.057983 0.111600
vt 0.058083 0.111665
vt 0.057878 0.111477
vt 0.057824 0.111468
vt 0.259477 0.065244
vt 0.259335 0.065446
vt 0.259429 0.065244
vt 0.259605 0.065052
vt 0.259582 0.065087
vt 0.259449 0.065511
vt 0.259559 0.065262
vt 0.259402 0.065463
vt 0.259539 0.065255
vt 0.259661 0.064975
vt 0.212030 0.233854
vt 0.212004 0.234074
vt 0.212042 0.234099
vt 0.212059 0.234304
vt 0.212054 0.234384
vt 0.212242 0.233792
vt 0.212103 0.234123
vt 0.212160 0.233858
vt 0.212124 0.234127
vt 0.212055 0.234324
vt 0.212076 0.234104
vt 0.232719 0.035177
vt 0.232919 0.035083
vt 0.232702 0.035110
vt 0.232919 0.035035
vt 0.233069 0.034934
vt 0.233151 0.034888
vt 0.232552 0.035025
vt 0.232913 0.034974
vt 0.232654 0.035061
vt 0.232910 0.034956
vt 0.233188 0.034854
vt 0.233101 0.034914
vt 0.157587 0.138507
vt 0.157553 0.138557
vt 0.157510 0.138530
vt 0.157673 0.138482
vt 0.157616 0.138527
vt 0.157638 0.138550
vt 0.157591 0.138592
vt 0.157709 0.138522
vt 0.157713 0.138482
vt 0.157747 0.138459
vt 0.157740 0.138450
vt 0.157622 0.138634
vt 0.157675 0.138605
vt 0.157658 0.138574
vt 0.157687 0.138521
vt 0.173844 0.243310
vt 0.173717 0.243114
vt 0.173904 0.243547
vt 0.173821 0.243348
vt 0.173597 0.243179
vt 0.173758 0.243412
vt 0.173666 0.243163
vt 0.173775 0.243398
vt 0.173952 0.243655
vt 0.163722 0.118294
vt 0.163694 0.118241
vt 0.163705 0.118385
vt 0.163691 0.118311
vt 0.163645 0.118259
vt 0.163670 0.118359
vt 0.163661 0.118320
vt 0.163652 0.118398
vt 0.163686 0.118421
vt 0.163691 0.118464
vt 0.163702 0.118461
vt 0.163594 0.118266
vt 0.163594 0.118327
vt 0.163629 0.118327
vt 0.073934 0.072656
vt 0.074063 0.072695
vt 0.073940 0.072688
vt 0.073735 0.072632
vt 0.073813 0.072620
vt 0.073935 0.072626
vt 0.074047 0.072627
vt 0.074076 0.072558
vt 0.073914 0.072563
vt 0.073923 0.072594
vt 0.073794 0.072619
vt 0.073706 0.072606
vt 0.202496 0.277413
vt 0.202328 0.277391
vt 0.202538 0.277504
vt 0.202373 0.277520
vt 0.202231 0.277427
vt 0.202381 0.277622
vt 0.202270 0.277569
vt 0.193827 0.279756
vt 0.193808 0.279787
vt 0.193803 0.279727
vt 0.193838 0.279731
vt 0.193841 0.279775
vt 0.193810 0.279804
vt 0.193846 0.279750
vt 0.202161 0.277580
vt 0.202006 0.277569
vt 0.202133 0.277455
vt 0.202034 0.277641
vt 0.202285 0.277630
vt 0.202200 0.277665
vt 0.273577 0.021385
vt 0.273661 0.021539
vt 0.273630 0.021301
vt 0.273740 0.021418
vt 0.273755 0.021600
vt 0.273813 0.021345
vt 0.273855 0.021464
vt 0.082718 0.336464
vt 0.082696 0.336434
vt 0.082752 0.336469
vt 0.082738 0.336480
vt 0.273733 0.021199
vt 0.273932 0.021298
vt 0.273891 0.021400
vt 0.273839 0.021669
vt 0.274021 0.021726
vt 0.273950 0.021553
vt 0.274117 0.021656
vt 0.274010 0.021433
vt 0.166680 0.130407
vt 0.166704 0.130329
vt 0.166622 0.130425
vt 0.166653 0.130357
vt 0.166665 0.130284
vt 0.166603 0.130342
vt 0.166627 0.130319
vt 0.166507 0.130375
vt 0.166562 0.130435
vt 0.166522 0.130318
vt 0.166564 0.130378
vt 0.166610 0.130374
vt 0.166621 0.130245
vt 0.166543 0.130263
vt 0.166591 0.130292
vt 0.166571 0.130332
vt 0.029089 0.077839
vt 0.029205 0.077888
vt 0.029013 0.077958
vt 0.029078 0.077997
vt 0.029253 0.077797
vt 0.029009 0.077786
vt 0.029118 0.077729
vt 0.071637 0.205191
vt 0.071672 0.205199
vt 0.029128 0.077441
vt 0.029078 0.077602
vt 0.028966 0.077531
vt 0.071654 0.205170
vt 0.071696 0.205187
vt 0.071636 0.205172
vt 0.029310 0.077711
vt 0.029313 0.077545
vt 0.029189 0.077638
vt 0.029236 0.077492
vt 0.029057 0.077705
vt 0.257271 0.069334
vt 0.257332 0.069406
vt 0.257257 0.069427
vt 0.257401 0.069343
vt 0.257360 0.069332
vt 0.257305 0.069475
vt 0.257236 0.069521
vt 0.257339 0.069455
vt 0.257386 0.069436
vt 0.257435 0.069370
vt 0.257405 0.069513
vt 0.257337 0.069495
vt 0.257367 0.069406
vt 0.257209 0.069617
vt 0.257253 0.069645
vt 0.258729 0.069562
vt 0.257283 0.069547
vt 0.257327 0.069577
vt 0.181234 0.134279
vt 0.181173 0.134295
vt 0.181268 0.134310
vt 0.181212 0.134319
vt 0.181158 0.134338
vt 0.181239 0.134339
vt 0.181198 0.134349
vt 0.181281 0.134405
vt 0.181298 0.134345
vt 0.179113 0.133738
vt 0.181237 0.134420
vt 0.181258 0.134366
vt 0.181221 0.134356
vt 0.181148 0.134383
vt 0.181192 0.134428
vt 0.181193 0.134383
vt 0.181227 0.134379
vt 0.212404 0.229337
vt 0.212389 0.229414
vt 0.212352 0.229281
vt 0.212417 0.229263
vt 0.212434 0.229356
vt 0.212430 0.229426
vt 0.212436 0.229299
vt 0.212462 0.229093
vt 0.212409 0.229093
vt 0.213646 0.229963
vt 0.212489 0.229189
vt 0.212436 0.229191
vt 0.212383 0.229189
vt 0.212466 0.229340
vt 0.212522 0.229283
vt 0.212473 0.229421
vt 0.212455 0.229264
vt 0.155688 0.140268
vt 0.155627 0.140281
vt 0.155720 0.140299
vt 0.155664 0.140306
vt 0.155610 0.140323
vt 0.155690 0.140327
vt 0.155649 0.140336
vt 0.155730 0.140394
vt 0.155749 0.140334
vt 0.155686 0.140407
vt 0.155709 0.140355
vt 0.155672 0.140343
vt 0.155599 0.140367
vt 0.155641 0.140413
vt 0.157417 0.138951
vt 0.155644 0.140369
vt 0.155677 0.140366
vt 0.062283 0.114912
vt 0.062229 0.114859
vt 0.062357 0.114900
vt 0.062336 0.114963
vt 0.062252 0.114926
vt 0.062197 0.114885
vt 0.062297 0.114959
vt 0.062451 0.115091
vt 0.062479 0.115049
vt 0.060770 0.115818
vt 0.062357 0.115061
vt 0.062384 0.115017
vt 0.062415 0.114974
vt 0.062248 0.114961
vt 0.062263 0.115037
vt 0.062178 0.114923
vt 0.062315 0.114993
vt 0.171335 0.239031
vt 0.171244 0.239018
vt 0.171264 0.238944
vt 0.171291 0.239094
vt 0.171219 0.239062
vt 0.171195 0.238960
vt 0.171196 0.238873
vt 0.171189 0.239006
vt 0.171168 0.239061
vt 0.171211 0.239142
vt 0.171093 0.239036
vt 0.171146 0.238986
vt 0.171130 0.238808
vt 0.171062 0.238842
vt 0.170446 0.239927
vt 0.171136 0.238905
vt 0.171074 0.238936
vt 0.227963 0.037632
vt 0.228042 0.037592
vt 0.227940 0.037706
vt 0.227890 0.037656
vt 0.227964 0.037582
vt 0.228027 0.037548
vt 0.227909 0.037613
vt 0.227713 0.037687
vt 0.227753 0.037752
vt 0.227981 0.036783
vt 0.227773 0.037613
vt 0.227810 0.037672
vt 0.227845 0.037732
vt 0.227862 0.037608
vt 0.227920 0.037555
vt 0.227843 0.037537
vt 0.163081 0.115783
vt 0.163098 0.115723
vt 0.163038 0.115797
vt 0.163059 0.115744
vt 0.163069 0.115689
vt 0.163028 0.115757
vt 0.163040 0.115717
vt 0.162950 0.115759
vt 0.162993 0.115804
vt 0.162961 0.115715
vt 0.162995 0.115760
vt 0.163022 0.115734
vt 0.163035 0.115659
vt 0.162977 0.115674
vt 0.163269 0.116962
vt 0.163014 0.115697
vt 0.163000 0.115727
vt 0.080655 0.071971
vt 0.080704 0.071877
vt 0.080729 0.071953
vt 0.080641 0.071854
vt 0.080636 0.071903
vt 0.080784 0.071926
vt 0.080702 0.071833
vt 0.080744 0.071855
vt 0.080716 0.071800
vt 0.080655 0.071807
vt 0.080763 0.071759
vt 0.080752 0.071811
vt 0.080731 0.071831
vt 0.080830 0.071893
vt 0.080840 0.071809
vt 0.079331 0.072103
vt 0.080784 0.071838
vt 0.080805 0.071781
vt 0.044439 0.187444
vt 0.044427 0.187470
vt 0.044425 0.187426
vt 0.044449 0.187496
vt 0.044429 0.187513
vt 0.044412 0.187456
vt 0.044415 0.187493
vt 0.044449 0.187620
vt 0.044471 0.187609
vt 0.044478 0.187656
vt 0.044421 0.187572
vt 0.044438 0.187562
vt 0.044461 0.187553
vt 0.044412 0.187520
vt 0.345273 0.256115
vt 0.345293 0.256014
vt 0.044403 0.187430
vt 0.044401 0.187475
vt 0.044391 0.187516
vt 0.040132 0.268910
vt 0.040131 0.268879
vt 0.040164 0.268858
vt 0.040098 0.268922
vt 0.040111 0.268888
vt 0.040147 0.268834
vt 0.040186 0.268794
vt 0.040127 0.268851
vt 0.370928 0.013962
vt 0.370866 0.013993
vt 0.370979 0.013886
vt 0.040111 0.268825
vt 0.040131 0.268823
vt 0.040107 0.268866
vt 0.040092 0.268911
vt 0.040204 0.268734
vt 0.040182 0.268721
vt 0.040215 0.268684
vt 0.040164 0.268782
vt 0.040148 0.268770
vt 0.350789 0.255313
vt 0.350815 0.255176
vt 0.350893 0.255105
vt 0.350669 0.255330
vt 0.350759 0.255211
vt 0.350886 0.255031
vt 0.350986 0.254911
vt 0.350831 0.255089
vt 0.350756 0.255142
vt 0.350651 0.255300
vt 0.350768 0.255032
vt 0.350851 0.255008
vt 0.351074 0.254720
vt 0.351025 0.254684
vt 0.350953 0.254872
vt 0.350899 0.254852
vt 0.373601 0.019906
vt 0.373541 0.019755
vt 0.373657 0.019981
vt 0.373641 0.020045
vt 0.373557 0.019864
vt 0.373602 0.019985
vt 0.373712 0.020366
vt 0.373760 0.020341
vt 0.373790 0.020500
vt 0.373627 0.020203
vt 0.373677 0.020192
vt 0.373710 0.020163
vt 0.373608 0.020059
vt 0.373542 0.019926
vt 0.373538 0.020025
vt 0.373513 0.019751
vt 0.039955 0.270994
vt 0.039969 0.270972
vt 0.039964 0.271010
vt 0.039949 0.270946
vt 0.039968 0.270931
vt 0.039983 0.270986
vt 0.039972 0.271017
vt 0.039980 0.270951
vt 0.039950 0.270824
vt 0.039928 0.270836
vt 0.039922 0.270789
vt 0.039980 0.270872
vt 0.039961 0.270882
vt 0.039939 0.270891
vt 0.039984 0.270926
vt 0.300953 0.257124
vt 0.300975 0.257029
vt 0.300986 0.257262
vt 0.300937 0.257183
vt 0.300925 0.257007
vt 0.300966 0.256858
vt 0.300914 0.257080
vt 0.030768 0.259057
vt 0.030791 0.259054
vt 0.030750 0.259030
vt 0.030777 0.259033
vt 0.030794 0.259029
vt 0.030773 0.259005
vt 0.030782 0.259014
vt 0.030746 0.258971
vt 0.030735 0.259001
vt 0.030723 0.258973
vt 0.030764 0.258972
vt 0.030755 0.258993
vt 0.030765 0.259014
vt 0.030770 0.258990
vt 0.030782 0.258996
vt 0.030782 0.258975
vt 0.030797 0.259004
vt 0.044356 0.187652
vt 0.044367 0.187678
vt 0.044343 0.187704
vt 0.044377 0.187630
vt 0.044383 0.187664
vt 0.044361 0.187722
vt 0.044327 0.187762
vt 0.044375 0.187702
vt 0.326867 0.012473
vt 0.326811 0.012519
vt 0.326874 0.012417
vt 0.326810 0.012617
vt 0.326758 0.012631
vt 0.326810 0.012457
vt 0.326876 0.012387
vt 0.326764 0.012556
vt 0.044310 0.187822
vt 0.044333 0.187836
vt 0.044297 0.187875
vt 0.044349 0.187773
vt 0.044366 0.187783
vt 0.044377 0.187729
vt 0.038494 0.271616
vt 0.038476 0.271592
vt 0.038538 0.271645
vt 0.038504 0.271633
vt 0.038453 0.271592
vt 0.038421 0.271554
vt 0.038469 0.271611
vt 0.305761 0.258202
vt 0.305652 0.258301
vt 0.305786 0.258102
vt 0.305869 0.258092
vt 0.305750 0.258265
vt 0.305835 0.258169
vt 0.038363 0.271513
vt 0.038346 0.271528
vt 0.038310 0.271481
vt 0.038405 0.271563
vt 0.038394 0.271579
vt 0.038443 0.271603
vt 0.332276 0.013224
vt 0.332218 0.013038
vt 0.332333 0.013311
vt 0.332311 0.013381
vt 0.332231 0.013174
vt 0.332272 0.013311
vt 0.332368 0.013755
vt 0.332424 0.013730
vt 0.332446 0.013915
vt 0.332284 0.013559
vt 0.332340 0.013552
vt 0.332380 0.013522
vt 0.332272 0.013395
vt 0.332212 0.013241
vt 0.332199 0.013352
vt 0.332179 0.013020
vt 0.030225 0.259599
vt 0.030243 0.259619
vt 0.030229 0.259688
vt 0.030262 0.259645
vt 0.030281 0.259671
vt 0.026894 0.226512
vt 0.026650 0.230804
vt 0.313863 0.134564
vt 0.312349 0.146997
vt 0.313807 0.134557
vt 0.312294 0.146988
vt 0.313751 0.134552
vt 0.026952 0.222315
vt 0.312404 0.147007
vt 0.310524 0.159107
vt 0.310469 0.159096
vt 0.019713 0.230084
vt 0.019250 0.234467
vt 0.019693 0.230082
vt 0.019230 0.234465
vt 0.019672 0.230080
vt 0.019186 0.234459
vt 0.019649 0.230078
vt 0.018591 0.238797
vt 0.018571 0.238795
vt 0.019209 0.234462
vt 0.018528 0.238788
vt 0.025545 0.239322
vt 0.314881 0.122056
vt 0.315414 0.109580
vt 0.315470 0.109577
vt 0.314825 0.122054
vt 0.315358 0.109580
vt 0.026194 0.235088
vt 0.314769 0.122051
vt 0.019977 0.225694
vt 0.020052 0.221401
vt 0.019956 0.225692
vt 0.020031 0.221399
vt 0.019935 0.225690
vt 0.020011 0.221398
vt 0.019987 0.221399
vt 0.019912 0.225690
vt 0.019956 0.217286
vt 0.019687 0.213304
vt 0.019936 0.217283
vt 0.019666 0.213302
vt 0.019915 0.217283
vt 0.019645 0.213302
vt 0.019622 0.213306
vt 0.019892 0.217285
vt 0.026843 0.218295
vt 0.310578 0.159122
vt 0.308405 0.170666
vt 0.308351 0.170653
vt 0.026567 0.214410
vt 0.308459 0.170686
vt 0.305982 0.181797
vt 0.305929 0.181781
vt 0.026116 0.210582
vt 0.306035 0.181821
vt 0.303203 0.192729
vt 0.303150 0.192708
vt 0.025479 0.206708
vt 0.303252 0.192758
vt 0.299982 0.203719
vt 0.299933 0.203687
vt 0.019192 0.209179
vt 0.018252 0.203804
vt 0.019171 0.209176
vt 0.018230 0.203797
vt 0.019151 0.209176
vt 0.018210 0.203795
vt 0.018187 0.203799
vt 0.019128 0.209181
vt 0.023707 0.198723
vt 0.019371 0.193325
vt 0.023721 0.198708
vt 0.019363 0.193278
vt 0.023733 0.198691
vt 0.279554 0.243042
vt 0.291986 0.226400
vt 0.019363 0.193242
vt 0.019374 0.193220
vt 0.024646 0.202701
vt 0.300026 0.203765
vt 0.296239 0.214982
vt 0.296197 0.214926
vt 0.296269 0.215063
vt 0.292049 0.226396
vt 0.016725 0.196445
vt 0.016702 0.196427
vt 0.016681 0.196418
vt 0.016658 0.196420
vt 0.017658 0.243343
vt 0.017637 0.243342
vt 0.018550 0.238792
vt 0.017594 0.243334
vt 0.015860 0.249483
vt 0.015837 0.249487
vt 0.017617 0.243339
vt 0.288929 0.093217
vt 0.023654 0.247815
vt 0.315660 0.097086
vt 0.315413 0.084195
vt 0.315468 0.084167
vt 0.315604 0.097095
vt 0.315357 0.084211
vt 0.024712 0.243521
vt 0.315548 0.097098
vt 0.014976 0.262746
vt 0.014963 0.262793
vt 0.307317 0.007396
vt 0.310617 0.031959
vt 0.020908 0.256866
vt 0.020921 0.256880
vt 0.310700 0.032035
vt 0.314017 0.056500
vt 0.012802 0.258289
vt 0.012776 0.258305
vt 0.015816 0.249486
vt 0.285244 0.046469
vt 0.287827 0.074332
vt 0.012752 0.258312
vt 0.281772 0.013598
vt 0.314910 0.070405
vt 0.314075 0.056510
vt 0.314131 0.056530
vt 0.314859 0.070470
vt 0.022343 0.252321
vt 0.314803 0.070512
vt 0.308634 0.134093
vt 0.307174 0.146486
vt 0.308548 0.134086
vt 0.307088 0.146480
vt 0.308462 0.134079
vt 0.307002 0.146475
vt 0.305352 0.158555
vt 0.305266 0.158550
vt 0.305179 0.158546
vt 0.293385 0.119958
vt 0.292337 0.132826
vt 0.293471 0.119966
vt 0.292423 0.132833
vt 0.293558 0.119975
vt 0.292509 0.132840
vt 0.293980 0.107107
vt 0.294066 0.107116
vt 0.294152 0.107127
vt 0.309646 0.121634
vt 0.310228 0.109200
vt 0.309560 0.121626
vt 0.310142 0.109191
vt 0.309474 0.121618
vt 0.310057 0.109180
vt 0.288982 0.158091
vt 0.290841 0.145625
vt 0.289068 0.158097
vt 0.290927 0.145631
vt 0.289155 0.158100
vt 0.291014 0.145636
vt 0.284390 0.181491
vt 0.286842 0.170006
vt 0.284477 0.181494
vt 0.286929 0.170010
vt 0.284565 0.181494
vt 0.287016 0.170012
vt 0.303242 0.170071
vt 0.303155 0.170067
vt 0.303068 0.170065
vt 0.300823 0.181155
vt 0.300736 0.181152
vt 0.300649 0.181151
vt 0.298041 0.192027
vt 0.297954 0.192026
vt 0.297865 0.192030
vt 0.294814 0.202946
vt 0.294723 0.202956
vt 0.294629 0.202977
vt 0.276861 0.208761
vt 0.281378 0.193342
vt 0.276950 0.208749
vt 0.281465 0.193343
vt 0.277042 0.208726
vt 0.281553 0.193339
vt 0.275806 0.240397
vt 0.287045 0.225185
vt 0.275810 0.240275
vt 0.286970 0.225153
vt 0.275843 0.240113
vt 0.286900 0.225114
vt 0.291074 0.214108
vt 0.290973 0.214144
vt 0.290866 0.214205
vt 0.270530 0.230218
vt 0.270625 0.230177
vt 0.270726 0.230111
vt 0.294020 0.093424
vt 0.294106 0.093436
vt 0.294192 0.093451
vt 0.292930 0.074439
vt 0.293017 0.074465
vt 0.293104 0.074502
vt 0.310407 0.096750
vt 0.310186 0.083878
vt 0.310321 0.096737
vt 0.310100 0.083852
vt 0.310235 0.096722
vt 0.310013 0.083816
vt 0.302537 0.009155
vt 0.010285 0.278143
vt 0.010269 0.278184
vt 0.297865 0.034862
vt 0.012612 0.286374
vt 0.010307 0.278125
vt 0.012584 0.286374
vt 0.012553 0.286375
vt 0.010258 0.278243
vt 0.308708 0.055958
vt 0.290340 0.046523
vt 0.290430 0.046581
vt 0.290522 0.046667
vt 0.309606 0.070189
vt 0.308877 0.055929
vt 0.309517 0.070133
vt 0.308792 0.055939
vt 0.309428 0.070053
vt 0.284295 0.013406
vt 0.286781 0.013438
vt 0.281832 0.013383
vt 0.008555 0.269228
vt 0.304845 0.007975
vt 0.013688 0.188034
vt 0.015049 0.188077
vt 0.015743 0.186649
vt 0.012326 0.187959
vt 0.013693 0.188002
vt 0.016433 0.185193
vt 0.015783 0.186654
vt 0.210263 0.087025
vt 0.210220 0.086967
vt 0.210162 0.086924
vt 0.110424 0.111187
vt 0.110482 0.111061
vt 0.110443 0.111120
vt 0.071620 0.205223
vt 0.137820 0.021199
vt 0.137902 0.021458
vt 0.077158 0.270830
vt 0.137858 0.021329
vt 0.180928 0.189870
vt 0.181000 0.189862
vt 0.181066 0.189835
vt 0.138280 0.308128
vt 0.082778 0.336474
vt 0.272382 0.159863
vt 0.138294 0.308139
vt 0.272524 0.159901
vt 0.132737 0.242463
vt 0.193803 0.279701
vt 0.132758 0.242432
vt 0.193802 0.279684
vt 0.086262 0.203283
vt 0.132749 0.242444
vt 0.071714 0.205181
vt 0.213742 0.100135
vt 0.213720 0.100086
vt 0.259628 0.065008
vt 0.213704 0.100033
vt 0.259704 0.064856
vt 0.212038 0.234546
vt 0.190905 0.180460
vt 0.190945 0.180424
vt 0.190989 0.180393
vt 0.259734 0.064842
vt 0.260035 0.156474
vt 0.259946 0.156449
vt 0.259859 0.156425
vt 0.212056 0.234572
vt 0.212063 0.234429
vt 0.112388 0.124195
vt 0.112388 0.124143
vt 0.112381 0.124090
vt 0.058065 0.111638
vt 0.057973 0.111563
vt 0.167998 0.185995
vt 0.168052 0.186002
vt 0.173942 0.243611
vt 0.168105 0.186016
vt 0.174032 0.243757
vt 0.174026 0.243789
vt 0.095662 0.195472
vt 0.095734 0.195411
vt 0.095803 0.195352
vt 0.233299 0.034818
vt 0.197287 0.083335
vt 0.197233 0.083319
vt 0.197183 0.083298
vt 0.120974 0.103568
vt 0.121006 0.103530
vt 0.121024 0.103485
vt 0.073596 0.072631
vt 0.073582 0.072606
vt 0.141327 0.033145
vt 0.141331 0.033233
vt 0.141326 0.033320
vt 0.233315 0.034788
vt 0.215294 0.102028
vt 0.215277 0.101976
vt 0.215255 0.101928
vt 0.216503 0.105251
vt 0.193243 0.179640
vt 0.193286 0.179611
vt 0.193328 0.179576
vt 0.196132 0.177484
vt 0.257041 0.155632
vt 0.256955 0.155608
vt 0.256868 0.155583
vt 0.252999 0.154501
vt 0.112420 0.130245
vt 0.111779 0.126637
vt 0.111772 0.126585
vt 0.111772 0.126534
vt 0.165574 0.186329
vt 0.165627 0.186342
vt 0.165679 0.186348
vt 0.162153 0.185447
vt 0.098146 0.193301
vt 0.098213 0.193241
vt 0.098281 0.193181
vt 0.101229 0.190183
vt 0.195236 0.081688
vt 0.195188 0.081666
vt 0.195135 0.081650
vt 0.192593 0.079756
vt 0.121021 0.100647
vt 0.121064 0.100562
vt 0.122011 0.095843
vt 0.121037 0.100602
vt 0.140931 0.037000
vt 0.140923 0.037088
vt 0.140922 0.037173
vt 0.144229 0.042783
vt 0.179974 0.133953
vt 0.179961 0.134000
vt 0.179947 0.134046
vt 0.212312 0.231407
vt 0.212204 0.231399
vt 0.212094 0.233874
vt 0.212257 0.231403
vt 0.060559 0.113508
vt 0.060527 0.113549
vt 0.060495 0.113590
vt 0.172415 0.240917
vt 0.171255 0.239124
vt 0.172315 0.240976
vt 0.172365 0.240946
vt 0.163283 0.117005
vt 0.163329 0.116993
vt 0.163375 0.116982
vt 0.163422 0.116970
vt 0.230151 0.036400
vt 0.227999 0.037509
vt 0.230204 0.036502
vt 0.230177 0.036450
vt 0.258221 0.067584
vt 0.258318 0.067634
vt 0.258269 0.067609
vt 0.156657 0.139507
vt 0.156625 0.139472
vt 0.156593 0.139437
vt 0.077726 0.072295
vt 0.077699 0.072349
vt 0.077723 0.072245
vt 0.056739 0.226178
vt 0.056544 0.230505
vt 0.056758 0.226180
vt 0.056563 0.230506
vt 0.056778 0.226181
vt 0.056582 0.230508
vt 0.401600 0.147191
vt 0.402996 0.134377
vt 0.056735 0.221940
vt 0.056754 0.221942
vt 0.056773 0.221942
vt 0.399779 0.159650
vt 0.049560 0.229869
vt 0.049152 0.234275
vt 0.049539 0.229867
vt 0.049132 0.234273
vt 0.049519 0.229866
vt 0.375862 0.132510
vt 0.048546 0.238636
vt 0.048525 0.238634
vt 0.049111 0.234271
vt 0.376673 0.119478
vt 0.055530 0.239063
vt 0.056121 0.234809
vt 0.055550 0.239064
vt 0.056140 0.234811
vt 0.055569 0.239067
vt 0.056182 0.234816
vt 0.055591 0.239071
vt 0.056160 0.234813
vt 0.056605 0.230510
vt 0.049758 0.225457
vt 0.049760 0.221140
vt 0.049738 0.225455
vt 0.049739 0.221138
vt 0.049717 0.225454
vt 0.049718 0.221137
vt 0.374491 0.145469
vt 0.372662 0.158083
vt 0.049585 0.217002
vt 0.049231 0.213006
vt 0.049564 0.217000
vt 0.049210 0.213004
vt 0.049544 0.217000
vt 0.049190 0.213005
vt 0.370468 0.170111
vt 0.367887 0.181660
vt 0.056551 0.217880
vt 0.056571 0.217881
vt 0.056590 0.217881
vt 0.397596 0.171537
vt 0.056188 0.213959
vt 0.056207 0.213960
vt 0.056227 0.213959
vt 0.395027 0.182977
vt 0.055636 0.210104
vt 0.055656 0.210106
vt 0.055675 0.210104
vt 0.392011 0.194198
vt 0.054877 0.206226
vt 0.054898 0.206233
vt 0.054918 0.206234
vt 0.388450 0.205463
vt 0.048644 0.208879
vt 0.047600 0.203518
vt 0.048623 0.208877
vt 0.047578 0.203511
vt 0.048602 0.208877
vt 0.047557 0.203509
vt 0.364675 0.193528
vt 0.359803 0.208911
vt 0.052835 0.198522
vt 0.048707 0.193018
vt 0.052849 0.198508
vt 0.048700 0.192970
vt 0.052864 0.198493
vt 0.366302 0.244218
vt 0.379345 0.228264
vt 0.048701 0.192933
vt 0.053903 0.202280
vt 0.053927 0.202297
vt 0.053948 0.202305
vt 0.384247 0.216938
vt 0.046037 0.196099
vt 0.046014 0.196081
vt 0.045992 0.196071
vt 0.352764 0.230238
vt 0.047650 0.243214
vt 0.047629 0.243213
vt 0.048505 0.238631
vt 0.376903 0.106488
vt 0.045971 0.249407
vt 0.045949 0.249411
vt 0.047609 0.243210
vt 0.376412 0.092750
vt 0.053770 0.247632
vt 0.054773 0.243297
vt 0.053791 0.247628
vt 0.054793 0.243298
vt 0.053811 0.247628
vt 0.403195 0.082264
vt 0.054812 0.243300
vt 0.054834 0.243305
vt 0.045726 0.262643
vt 0.045716 0.262691
vt 0.045714 0.262728
vt 0.371296 0.013896
vt 0.051100 0.256517
vt 0.051114 0.256531
vt 0.051129 0.256544
vt 0.387340 0.033291
vt 0.043253 0.258290
vt 0.043228 0.258307
vt 0.045928 0.249412
vt 0.370971 0.047250
vt 0.374487 0.074000
vt 0.043204 0.258315
vt 0.370853 0.014099
vt 0.052496 0.252147
vt 0.052520 0.252132
vt 0.399386 0.053852
vt 0.052542 0.252125
vt 0.401768 0.068123
vt 0.397721 0.133970
vt 0.396339 0.146712
vt 0.397633 0.133964
vt 0.396251 0.146706
vt 0.397544 0.133958
vt 0.396162 0.146701
vt 0.394523 0.159104
vt 0.394435 0.159099
vt 0.394346 0.159096
vt 0.381842 0.119761
vt 0.381022 0.132902
vt 0.381929 0.119767
vt 0.381109 0.132908
vt 0.382018 0.119774
vt 0.381198 0.132913
vt 0.382071 0.106640
vt 0.382159 0.106646
vt 0.382248 0.106653
vt 0.398547 0.121137
vt 0.398842 0.108317
vt 0.398458 0.121130
vt 0.398754 0.108310
vt 0.398370 0.121123
vt 0.398665 0.108302
vt 0.377803 0.158660
vt 0.379642 0.145959
vt 0.377891 0.158665
vt 0.379730 0.145964
vt 0.377980 0.158669
vt 0.379819 0.145969
vt 0.372993 0.182430
vt 0.375597 0.170778
vt 0.373081 0.182435
vt 0.375685 0.170783
vt 0.373170 0.182436
vt 0.375774 0.170786
vt 0.392347 0.170921
vt 0.392259 0.170916
vt 0.392169 0.170913
vt 0.389783 0.182281
vt 0.389694 0.182276
vt 0.389604 0.182275
vt 0.386768 0.193408
vt 0.386678 0.193406
vt 0.386586 0.193408
vt 0.383209 0.204558
vt 0.383115 0.204566
vt 0.383018 0.204585
vt 0.364743 0.209824
vt 0.369724 0.194398
vt 0.364833 0.209815
vt 0.369813 0.194400
vt 0.364926 0.209796
vt 0.369902 0.194398
vt 0.362652 0.241456
vt 0.374489 0.226849
vt 0.362660 0.241339
vt 0.374416 0.226814
vt 0.362700 0.241183
vt 0.374347 0.226772
vt 0.362683 0.241524
vt 0.379023 0.215866
vt 0.378920 0.215900
vt 0.378808 0.215957
vt 0.357720 0.231028
vt 0.357815 0.230991
vt 0.357917 0.230929
vt 0.381546 0.092740
vt 0.381633 0.092748
vt 0.381721 0.092760
vt 0.379474 0.073860
vt 0.379560 0.073882
vt 0.379647 0.073914
vt 0.398627 0.095472
vt 0.397841 0.082208
vt 0.398538 0.095462
vt 0.397750 0.082185
vt 0.398448 0.095450
vt 0.397660 0.082153
vt 0.383460 0.035761
vt 0.383450 0.035865
vt 0.383461 0.036006
vt 0.394369 0.054506
vt 0.394290 0.054525
vt 0.394214 0.054550
vt 0.376035 0.047409
vt 0.376115 0.047459
vt 0.376197 0.047534
vt 0.396408 0.068239
vt 0.396315 0.068190
vt 0.396220 0.068117
vt 0.372484 0.017127
vt 0.373487 0.019765
vt 0.371023 0.013878
vt 0.372561 0.017116
vt 0.345322 0.256231
vt 0.348037 0.256107
vt 0.345332 0.256263
vt 0.045187 0.187066
vt 0.348029 0.256075
vt 0.045945 0.186749
vt 0.026745 0.230961
vt 0.026930 0.226573
vt 0.026726 0.230960
vt 0.026910 0.226571
vt 0.026706 0.230959
vt 0.026891 0.226570
vt 0.357165 0.143599
vt 0.358367 0.131124
vt 0.026775 0.235255
vt 0.026756 0.235254
vt 0.026736 0.235254
vt 0.355611 0.155757
vt 0.033988 0.227214
vt 0.332414 0.116586
vt 0.331700 0.129477
vt 0.331639 0.129471
vt 0.332475 0.116587
vt 0.331760 0.129482
vt 0.034413 0.222778
vt 0.332716 0.103744
vt 0.332777 0.103739
vt 0.332534 0.116588
vt 0.027994 0.217861
vt 0.027350 0.222193
vt 0.027975 0.217859
vt 0.027331 0.222191
vt 0.027955 0.217856
vt 0.359525 0.106076
vt 0.027311 0.222189
vt 0.359144 0.118588
vt 0.033801 0.231658
vt 0.033829 0.236008
vt 0.328883 0.154779
vt 0.330500 0.142305
vt 0.328943 0.154794
vt 0.330560 0.142313
vt 0.329002 0.154805
vt 0.330440 0.142295
vt 0.034042 0.240176
vt 0.034438 0.244192
vt 0.034063 0.240177
vt 0.034459 0.244193
vt 0.324877 0.178154
vt 0.327175 0.166722
vt 0.324934 0.178172
vt 0.327058 0.166691
vt 0.327117 0.166708
vt 0.027000 0.239364
vt 0.026980 0.239362
vt 0.026961 0.239363
vt 0.353777 0.167391
vt 0.027424 0.243310
vt 0.027405 0.243309
vt 0.027385 0.243310
vt 0.026938 0.239367
vt 0.028007 0.247192
vt 0.027988 0.247190
vt 0.027968 0.247191
vt 0.027363 0.243314
vt 0.028757 0.251130
vt 0.028737 0.251123
vt 0.028717 0.251122
vt 0.027946 0.247196
vt 0.035088 0.248357
vt 0.036306 0.253896
vt 0.035110 0.248359
vt 0.036328 0.253904
vt 0.317263 0.206259
vt 0.322024 0.190103
vt 0.317315 0.206296
vt 0.321968 0.190079
vt 0.035249 0.264889
vt 0.035254 0.264933
vt 0.035253 0.264967
vt 0.029701 0.255155
vt 0.029679 0.255140
vt 0.029659 0.255133
vt 0.029638 0.255137
vt 0.028696 0.251128
vt 0.038081 0.261759
vt 0.038105 0.261778
vt 0.309824 0.229719
vt 0.309780 0.229659
vt 0.035065 0.218392
vt 0.332440 0.090122
vt 0.332499 0.090109
vt 0.332837 0.103737
vt 0.036040 0.213793
vt 0.331138 0.071394
vt 0.331193 0.071359
vt 0.332559 0.090101
vt 0.029974 0.209206
vt 0.028857 0.213573
vt 0.029952 0.209209
vt 0.028837 0.213572
vt 0.029932 0.209209
vt 0.359155 0.080512
vt 0.028818 0.213568
vt 0.359539 0.093529
vt 0.038500 0.194111
vt 0.038511 0.194062
vt 0.038513 0.194024
vt 0.038503 0.193999
vt 0.032892 0.200291
vt 0.032877 0.200278
vt 0.032863 0.200263
vt 0.346241 0.030790
vt 0.037890 0.207576
vt 0.328808 0.044399
vt 0.328859 0.044326
vt 0.331251 0.071337
vt 0.328913 0.044280
vt 0.040865 0.198578
vt 0.326717 0.012951
vt 0.326762 0.012788
vt 0.031374 0.204680
vt 0.031349 0.204695
vt 0.356606 0.052496
vt 0.031327 0.204701
vt 0.358265 0.066661
vt 0.353232 0.130768
vt 0.352030 0.143209
vt 0.353146 0.130762
vt 0.351944 0.143205
vt 0.353059 0.130757
vt 0.351858 0.143201
vt 0.350479 0.155336
vt 0.350393 0.155333
vt 0.350306 0.155331
vt 0.337634 0.116880
vt 0.336858 0.129833
vt 0.337721 0.116886
vt 0.336944 0.129838
vt 0.337808 0.116893
vt 0.337031 0.129843
vt 0.337943 0.103947
vt 0.338029 0.103954
vt 0.338117 0.103962
vt 0.354000 0.118263
vt 0.354367 0.105775
vt 0.353914 0.118256
vt 0.354281 0.105768
vt 0.353828 0.118249
vt 0.354194 0.105759
vt 0.334086 0.155255
vt 0.335650 0.142715
vt 0.334173 0.155258
vt 0.335736 0.142719
vt 0.334261 0.155260
vt 0.335823 0.142722
vt 0.330000 0.178799
vt 0.332236 0.167239
vt 0.330087 0.178801
vt 0.332323 0.167241
vt 0.330176 0.178800
vt 0.332411 0.167241
vt 0.348638 0.166930
vt 0.348552 0.166928
vt 0.348464 0.166928
vt 0.346463 0.178115
vt 0.346376 0.178114
vt 0.346288 0.178115
vt 0.343937 0.189155
vt 0.343849 0.189157
vt 0.343760 0.189162
vt 0.341128 0.200463
vt 0.341036 0.200476
vt 0.340942 0.200499
vt 0.322334 0.207197
vt 0.327089 0.190872
vt 0.322425 0.207185
vt 0.327178 0.190872
vt 0.322519 0.207161
vt 0.327267 0.190866
vt 0.029805 0.260333
vt 0.034118 0.265982
vt 0.029790 0.260357
vt 0.034072 0.265963
vt 0.029773 0.260381
vt 0.034022 0.265936
vt 0.029757 0.260400
vt 0.034153 0.265989
vt 0.338112 0.212331
vt 0.338012 0.212367
vt 0.337908 0.212425
vt 0.334984 0.224505
vt 0.334899 0.224480
vt 0.334816 0.224446
vt 0.314825 0.230689
vt 0.305928 0.257931
vt 0.314924 0.230651
vt 0.306067 0.257764
vt 0.315029 0.230587
vt 0.337665 0.090215
vt 0.337751 0.090225
vt 0.337837 0.090238
vt 0.336252 0.071394
vt 0.336338 0.071419
vt 0.336423 0.071455
vt 0.354355 0.093254
vt 0.353929 0.080290
vt 0.354269 0.093244
vt 0.353842 0.080266
vt 0.354182 0.093230
vt 0.353754 0.080231
vt 0.342188 0.032607
vt 0.342167 0.032720
vt 0.342165 0.032877
vt 0.351595 0.052845
vt 0.351515 0.052859
vt 0.351436 0.052879
vt 0.333811 0.044429
vt 0.333895 0.044487
vt 0.333980 0.044571
vt 0.352996 0.066562
vt 0.352907 0.066510
vt 0.352816 0.066434
vt 0.329360 0.012454
vt 0.332152 0.013051
vt 0.043028 0.186601
vt 0.043692 0.187139
vt 0.043014 0.186616
vt 0.043708 0.187126
vt 0.300992 0.257233
vt 0.039261 0.271350
vt 0.303281 0.257861
vt 0.038534 0.271637
vt 0.212063 0.234248
vt 0.212052 0.234458
vt 0.233217 0.034852
vt 0.173978 0.243677
vt 0.259665 0.064942
vt 0.337405 0.224761
vt 0.281825 0.013443
vt 0.266894 0.259343
vt 0.307108 0.007072
vt 0.263987 0.255550
vt 0.157671 0.138503
vt 0.173916 0.243567
vt 0.163686 0.118373
vt 0.163663 0.118379
vt 0.071617 0.205188
vt 0.044413 0.187421
vt 0.040111 0.268922
vt 0.350705 0.255346
vt 0.044369 0.187636
vt 0.292111 0.226388
vt 0.305947 0.032452
vt 0.012522 0.286377
vt 0.012325 0.187926
vt 0.016469 0.185207
vt 0.403963 0.095639
vt 0.371067 0.013870
s 1
g off
g holocron_sup4_Holocron_Corners.002
usemtl Holocron_Corners.002
f 1236/1/1 1/2/2 200/3/3
f 1187/4/4 20/5/5 105/6/6
f 88/7/2 225/8/7 3/9/2
f 214/10/8 113/11/9 1197/12/10
f 4/13/2 1201/14/11 204/15/12
f 199/16/13 105/6/6 16/17/14
f 210/18/15 101/19/16 14/20/17
f 224/21/18 108/22/19 1192/23/20
f 3/9/2 1176/24/21 220/25/22
f 1191/26/23 4/13/2 87/27/2
f 1197/12/10 22/28/24 229/29/25
f 1207/30/26 19/31/27 235/32/28
f 1202/33/29 26/34/30 205/35/31
f 229/29/25 107/36/32 1212/37/33
f 1212/37/33 23/38/34 239/39/35
f 1222/40/36 18/41/37 245/42/38
f 89/43/2 234/44/39 1201/14/11
f 239/39/35 114/45/40 1227/46/41
f 1227/46/41 1339/47/42 251/48/43
f 267/49/44 112/50/45 1222/40/36
f 90/51/46 244/52/47 1206/53/48
f 1237/54/49 16/17/14 103/55/50
f 272/56/51 103/55/50 17/57/52
f 278/58/53 109/59/54 13/60/55
f 1/2/2 1181/61/56 88/7/2
f 1252/62/57 17/57/52 111/63/58
f 283/64/59 111/63/58 21/65/60
f 1247/66/61 1336/67/62 109/59/54
f 6/68/2 1231/69/63 92/70/2
f 105/6/6 326/71/64 1266/72/65
f 10/73/66 1282/74/67 96/75/66
f 24/76/68 1276/77/69 113/11/9
f 335/78/70 97/79/71 1292/80/72
f 103/55/50 306/81/73 1316/82/74
f 15/83/75 1261/84/76 331/85/77
f 15/83/75 1271/86/78 108/22/19
f 102/87/79 315/88/80 1261/84/76
f 115/89/81 326/71/64 20/5/5
f 116/90/82 310/91/83 26/34/30
f 19/31/27 1281/92/84 116/90/82
f 22/28/24 1291/93/85 107/36/32
f 1277/94/86 8/95/66 335/78/70
f 104/96/87 340/97/88 19/31/27
f 18/41/37 1286/98/89 104/96/87
f 23/38/34 1306/99/90 114/45/40
f 1292/80/72 11/100/71 345/101/91
f 112/50/45 350/102/92 18/41/37
f 25/103/93 1301/104/94 112/50/45
f 114/45/40 356/105/95 1339/47/42
f 305/106/96 95/107/66 7/108/66
f 14/20/17 1311/109/97 315/88/80
f 101/19/16 382/110/98 1311/109/97
f 111/63/58 378/111/99 1331/112/100
f 99/113/66 377/114/101 1317/115/102
f 13/60/55 1326/116/103 382/110/98
f 109/59/54 394/117/104 1326/116/103
f 21/65/60 1331/112/100 387/118/105
f 1182/119/106 14/20/17 102/87/79
f 1242/120/107 21/65/60 106/121/108
f 106/121/108 387/118/105 1321/122/109
f 7/108/66 1262/123/110 316/124/111
f 225/8/7 87/27/2 3/9/2
f 1192/23/20 24/76/68 214/10/8
f 108/22/19 321/125/112 24/76/68
f 95/107/66 330/126/113 1262/123/110
f 93/127/2 277/128/114 6/68/2
f 200/3/3 88/7/2 1186/129/115
f 16/17/14 1266/72/65 306/81/73
f 383/130/116 100/131/66 12/132/66
f 235/32/28 116/90/82 1202/33/29
f 1217/133/117 1340/134/118 110/135/119
f 110/135/119 355/136/120 1296/137/121
f 96/75/66 341/138/122 8/95/66
f 205/35/31 115/89/81 1177/139/123
f 224/21/18 102/87/79 15/83/75
f 1267/140/124 9/141/66 95/107/66
f 26/34/30 1256/142/125 115/89/81
f 1241/143/126 1246/144/127 93/127/2
f 282/145/128 93/127/2 1251/146/129
f 100/131/66 388/147/130 1332/148/131
f 1327/149/132 1322/150/133 100/131/66
f 5/151/46 1221/152/134 244/52/47
f 1196/153/135 2/154/2 89/43/2
f 113/11/9 336/155/136 22/28/24
f 11/100/71 1302/156/137 98/157/138
f 215/158/139 89/43/2 4/13/2
f 230/159/140 90/51/46 2/154/2
f 94/160/66 330/126/113 9/141/66
f 10/73/66 1272/161/141 94/160/66
f 1232/162/142 13/60/55 101/19/16
f 7/108/66 1317/115/102 305/106/96
s 2
f 1369/163/143 1459/164/144 409/165/145
s 1
f 1312/166/146 12/132/66 99/113/66
f 91/167/147 268/168/148 1221/152/134
f 1226/169/149 1216/170/150 91/167/147
f 1307/171/151 1297/172/152 357/173/153
f 98/157/138 372/174/154 1297/172/152
f 1242/120/107 1337/175/155 287/176/156
f 273/177/157 92/70/2 1236/1/1
f 17/57/52 1316/82/74 378/111/99
f 106/121/108 392/178/158 1337/175/155
f 245/42/38 104/96/87 1207/30/26
f 1251/146/129 6/68/2 273/177/157
f 12/132/66 1332/148/131 377/114/101
f 97/79/71 351/179/159 11/100/71
f 2/154/2 1206/53/48 234/44/39
f 1177/139/123 20/5/5 219/180/160
f 320/181/161 96/75/66 1277/94/86
f 8/95/66 1287/182/162 97/79/71
f 1217/133/117 25/103/93 267/49/44
f 1211/183/163 5/151/46 90/51/46
f 107/36/32 346/184/164 23/38/34
f 110/135/119 373/185/165 25/103/93
f 1186/129/115 3/9/2 220/25/22
f 87/27/2 204/15/12 1176/24/21
f 311/186/166 94/160/66 1257/187/167
f 1257/187/167 9/141/66 325/188/168
f 92/70/2 209/189/169 1/2/2
f 240/190/170 91/167/147 5/151/46
f 345/101/91 98/157/138 1307/171/151
f 316/124/111 99/113/66 7/108/66
s 2
f 455/191/171 129/192/172 34/193/173
f 502/194/174 135/195/175 1405/196/176
f 1495/197/177 1449/198/178 135/195/175
f 708/199/179 130/200/180 1445/201/181
f 478/202/182 126/203/183 1394/204/184
f 434/205/185 136/206/186 1369/163/143
f 1472/207/187 1435/208/188 137/209/189
f 1445/201/181 1455/210/190 689/211/191
f 445/212/192 123/213/193 29/214/194
f 424/215/195 134/216/196 1468/217/197
f 1420/218/198 1425/219/199 621/220/200
f 134/216/196 636/221/201 1430/222/202
f 27/223/203 1362/224/204 123/213/193
f 31/225/205 1366/226/206 567/227/207
f 32/228/208 1366/226/206 126/203/183
f 436/229/209 133/230/210 1486/231/211
f 1375/232/212 1460/233/213 119/234/214
f 33/235/215 1348/236/216 128/237/217
f 34/193/173 1353/238/218 530/239/219
f 411/240/220 121/241/221 1370/242/222
f 1380/243/223 1464/244/224 133/230/210
s 3
f 1361/245/225 1365/246/226 513/247/227
s 2
f 30/248/228 1347/249/229 549/250/230
f 455/191/171 127/251/231 1399/252/232
f 445/212/192 122/253/233 1374/254/234
f 27/223/203 1342/255/235 532/256/236
f 34/193/173 1343/257/237 127/251/231
f 1389/258/238 1489/259/239 464/260/240
f 1395/261/241 1469/262/242 118/263/243
f 35/264/244 1353/238/218 129/192/172
f 35/264/244 1348/236/216 569/265/245
f 479/266/246 118/263/243 1473/267/247
f 477/268/248 137/209/189 1389/258/238
f 28/269/249 1357/270/250 548/271/251
f 29/214/194 1357/270/250 122/253/233
f 426/272/252 124/273/253 1385/274/254
f 488/275/255 127/251/231 33/235/215
f 29/214/194 1362/224/204 512/276/256
f 1485/277/257 1415/278/258 136/206/186
f 1405/196/176 1476/279/259 489/280/260
f 1410/281/261 1481/282/262 138/283/263
s 3
f 1352/284/264 1361/245/225 531/285/265
s 2
f 28/269/249 1342/255/235 121/241/221
f 504/286/266 138/283/263 1494/287/267
f 487/288/268 117/289/269 1400/290/270
f 30/248/228 1356/291/271 125/292/272
f 31/225/205 1347/249/229 124/273/253
f 1384/293/273 1490/294/274 134/216/196
f 32/228/208 1356/291/271 514/295/275
s 3
f 568/296/276 120/297/277 1352/284/264
s 2
f 33/235/215 1343/257/237 550/298/278
f 135/195/175 707/299/279 1476/279/259
f 1494/287/267 1454/300/280 725/301/281
f 138/283/263 690/302/282 1454/300/280
f 119/234/214 604/303/283 1419/304/284
f 133/230/210 586/305/285 1486/231/211
f 133/230/210 622/306/286 1424/307/287
f 118/263/243 656/308/288 1439/309/289
f 137/209/189 637/310/290 1489/259/239
f 1473/267/247 1439/309/289 671/311/291
f 435/312/292 123/213/193 1379/313/293
f 443/314/294 119/234/214 1465/315/295
f 1465/315/295 1419/304/284 620/316/296
f 136/206/186 602/317/297 1459/164/144
f 426/272/252 126/203/183 31/225/205
f 463/318/298 124/273/253 30/248/228
f 638/319/299 132/320/300 1429/321/301
f 1429/321/301 1440/322/302 655/323/303
f 488/275/255 128/237/217 1404/324/304
f 503/325/305 128/237/217 35/264/244
f 1455/210/190 1450/326/306 726/327/307
f 117/289/269 706/328/308 1444/329/309
f 411/240/220 122/253/233 28/269/249
f 435/312/292 121/241/221 27/223/203
f 1425/219/199 1414/330/310 587/331/311
f 603/332/312 131/333/313 1420/218/198
f 463/318/298 125/292/272 1390/334/314
f 478/202/182 125/292/272 32/228/208
f 1440/322/302 1434/335/315 672/336/316
f 134/216/196 654/337/317 1468/217/197
f 503/325/305 129/192/172 1409/338/318
f 453/339/319 117/289/269 1482/340/320
f 117/289/269 688/341/321 1482/340/320
s 4
f 1559/342/322 36/343/323 744/344/324
f 1510/345/325 55/346/326 157/347/327
f 140/348/323 769/349/328 38/350/323
f 758/351/329 165/352/330 1520/353/331
f 39/354/323 1524/355/332 748/356/333
f 743/357/334 157/347/327 51/358/335
f 754/359/336 153/360/337 49/361/338
f 768/362/339 160/363/340 1515/364/341
f 38/350/323 1499/365/342 764/366/343
f 1514/367/344 39/354/323 139/368/323
f 1520/353/331 57/369/345 773/370/346
f 1530/371/347 54/372/348 779/373/349
f 1525/374/350 61/375/351 749/376/352
f 773/370/346 159/377/353 1535/378/354
f 1535/378/354 58/379/355 783/380/356
f 1545/381/357 53/382/358 789/383/359
f 141/384/323 778/385/360 1524/355/332
f 783/380/356 166/386/361 1550/387/362
f 1550/387/362 1662/388/363 795/389/364
f 811/390/365 164/391/366 1545/381/357
f 142/392/323 788/393/367 1529/394/368
f 1560/395/369 51/358/335 155/396/370
f 816/397/371 155/396/370 52/398/372
f 822/399/373 161/400/374 48/401/375
f 36/343/323 1504/402/376 140/348/323
f 1575/403/377 52/398/372 163/404/378
f 827/405/379 163/404/378 56/406/380
f 1570/407/381 1659/408/382 161/400/374
f 41/409/323 1554/410/383 144/411/323
f 157/347/327 870/412/384 1589/413/385
f 45/414/386 1605/415/387 148/416/386
f 59/417/388 1599/418/389 165/352/330
f 879/419/390 149/420/386 1615/421/391
f 155/396/370 850/422/392 1639/423/393
f 50/424/394 1584/425/395 875/426/396
f 50/424/394 1594/427/397 160/363/340
f 154/428/398 859/429/399 1584/425/395
f 167/430/400 870/412/384 55/346/326
f 168/431/401 854/432/402 61/375/351
f 54/372/348 1604/433/403 168/431/401
f 57/369/345 1614/434/404 159/377/353
f 1600/435/405 43/436/386 879/419/390
f 156/437/406 884/438/407 54/372/348
f 53/382/358 1609/439/408 156/437/406
f 58/379/355 1629/440/409 166/386/361
f 1615/421/391 46/441/410 889/442/411
f 164/391/366 894/443/412 53/382/358
f 60/444/413 1624/445/414 164/391/366
f 166/386/361 900/446/415 1662/388/363
f 849/447/416 147/448/386 42/449/386
f 49/361/338 1634/450/417 859/429/399
f 153/360/337 926/451/418 1634/450/417
f 163/404/378 922/452/419 1654/453/420
f 151/454/386 921/455/421 1640/456/422
f 48/401/375 1649/457/423 926/451/418
f 161/400/374 938/458/424 1649/457/423
f 56/406/380 1654/453/420 931/459/425
f 1505/460/426 49/361/338 154/428/398
f 1565/461/427 56/406/380 158/462/428
f 158/462/428 931/459/425 1644/463/429
f 42/449/386 1585/464/430 860/465/431
f 769/349/328 139/368/323 38/350/323
f 1515/364/341 59/417/388 758/351/329
f 160/363/340 865/466/432 59/417/388
f 147/448/386 874/467/433 1585/464/430
f 145/468/323 821/469/434 41/409/323
f 744/344/324 140/348/323 1509/470/435
f 51/358/335 1589/413/385 850/422/392
f 927/471/436 152/472/386 47/473/386
f 779/373/349 168/431/401 1525/374/350
f 1540/474/437 1663/475/438 162/476/439
f 162/476/439 899/477/440 1619/478/441
f 148/416/386 885/479/442 43/436/386
f 749/376/352 167/430/400 1500/480/443
f 768/362/339 154/428/398 50/424/394
f 1590/481/444 44/482/386 147/448/386
f 61/375/351 1579/483/445 167/430/400
f 1564/484/446 1569/485/447 145/468/323
f 826/486/448 145/468/323 1574/487/449
f 152/472/386 932/488/450 1655/489/451
f 1650/490/452 1645/491/453 152/472/386
f 40/492/323 1544/493/454 788/393/367
f 1519/494/455 37/495/323 141/384/323
f 165/352/330 880/496/456 57/369/345
f 46/441/410 1625/497/457 150/498/410
f 759/499/458 141/384/323 39/354/323
f 774/500/459 142/392/323 37/495/323
f 146/501/386 874/467/433 44/482/386
f 45/414/386 1595/502/460 146/501/386
f 1555/503/461 48/401/375 153/360/337
f 42/449/386 1640/456/422 849/447/416
s 5
f 1725/504/462 62/505/463 954/506/464
s 4
f 1635/507/465 47/473/386 151/454/386
f 143/508/466 812/509/467 1544/493/454
f 1549/510/468 1539/511/469 143/508/466
f 1630/512/470 1620/513/471 901/514/472
f 150/498/410 916/515/473 1620/513/471
f 1565/461/427 1660/516/474 831/517/475
f 817/518/476 144/411/323 1559/342/322
f 52/398/372 1639/423/393 922/452/419
f 158/462/428 936/519/477 1660/516/474
f 789/383/359 156/437/406 1530/371/347
f 1574/487/449 41/409/323 817/518/476
f 47/473/386 1655/489/451 921/455/421
f 149/420/386 895/520/478 46/441/410
f 37/495/323 1529/394/368 778/385/360
f 1500/480/443 55/346/326 763/521/479
f 864/522/480 148/416/386 1600/435/405
f 43/436/386 1610/523/481 149/420/386
f 1540/524/437 60/444/413 811/390/365
f 1534/525/482 40/492/323 142/392/323
f 159/377/353 890/526/483 58/379/355
f 162/527/439 917/528/484 60/444/413
f 1509/470/435 38/350/323 764/366/343
f 139/368/323 748/356/333 1499/365/342
f 855/529/485 146/501/386 1580/530/486
f 1580/530/486 44/482/386 869/531/487
f 144/411/323 753/532/488 36/343/323
f 784/533/489 143/508/466 40/492/323
f 889/442/411 150/498/410 1630/512/470
f 860/465/431 151/454/386 42/449/386
s 5
f 1676/534/490 81/535/491 187/536/492
f 170/537/463 979/538/493 64/539/463
f 968/540/494 195/541/495 1686/542/496
f 65/543/463 1690/544/497 958/545/498
f 953/546/499 187/536/492 77/547/500
f 964/548/501 183/549/502 75/550/503
f 978/551/504 190/552/505 1681/553/506
f 64/539/463 1665/554/507 974/555/508
f 1680/556/509 65/543/463 169/557/463
f 1686/542/496 83/558/510 983/559/511
f 1696/560/512 80/561/513 989/562/514
f 1691/563/515 86/564/516 959/565/517
f 983/559/511 189/566/518 1701/567/519
f 1701/567/519 84/568/520 993/569/521
f 1711/570/522 79/571/523 999/572/524
f 171/573/463 988/574/525 1690/544/497
f 993/569/521 196/575/526 1716/576/527
f 1716/576/527 1828/577/528 1005/578/529
f 1022/579/530 194/580/531 1711/570/522
f 172/581/532 998/582/533 1695/583/534
f 1726/584/535 77/547/500 185/585/536
f 1039/586/537 185/585/536 78/587/538
f 1045/588/539 191/589/540 74/590/541
f 62/505/463 1670/591/542 170/537/463
f 1741/592/543 78/587/538 193/593/544
f 1050/594/545 193/593/544 82/595/546
f 1736/596/547 1825/597/548 191/589/540
f 67/598/463 1720/599/549 174/600/463
f 187/536/492 1093/601/550 1755/602/551
f 71/603/552 1771/604/553 178/605/552
f 85/606/554 1765/607/555 195/541/495
f 1102/608/556 179/609/557 1781/610/558
f 185/585/536 1073/611/559 1805/612/560
f 76/613/561 1750/614/562 1098/615/563
f 76/613/561 1760/616/564 190/552/505
f 184/617/565 1082/618/566 1750/614/562
f 197/619/567 1093/601/550 81/535/491
f 198/620/568 1077/621/569 86/564/516
f 80/561/513 1770/622/570 198/620/568
f 83/558/510 1780/623/571 189/566/518
f 1766/624/572 69/625/573 1102/608/556
f 186/626/574 1107/627/575 80/561/513
f 79/571/523 1775/628/576 186/626/574
f 84/568/520 1795/629/577 196/575/526
f 1781/610/558 72/630/578 1112/631/579
f 194/580/531 1117/632/580 79/571/523
f 1831/633/581 1140/634/582 1790/635/583
f 196/575/526 1123/636/584 1828/577/528
f 1072/637/585 177/638/552 68/639/552
f 75/550/503 1800/640/586 1082/618/566
f 183/549/502 1149/641/587 1800/640/586
f 193/593/544 1145/642/588 1820/643/589
f 181/644/552 1144/645/590 1806/646/591
f 74/590/541 1815/647/592 1149/641/587
f 191/589/540 1161/648/593 1815/647/592
f 82/595/546 1820/643/589 1154/649/594
f 1671/650/595 75/550/503 184/617/565
f 1731/651/596 82/595/546 188/652/597
f 188/652/597 1154/649/594 1810/653/598
f 68/639/552 1751/654/599 1083/655/600
f 979/538/493 169/557/463 64/539/463
f 1681/553/506 85/606/554 968/540/494
f 190/552/505 1088/656/601 85/606/554
f 177/638/552 1097/657/602 1751/654/599
f 175/658/463 1044/659/603 67/598/463
f 954/506/464 170/537/463 1675/660/604
f 77/547/500 1755/602/551 1073/611/559
f 1150/661/605 182/662/552 73/663/552
f 989/562/514 198/620/568 1691/563/515
f 1706/664/606 1829/665/607 192/666/608
f 192/666/608 1122/667/609 1785/668/610
f 178/605/552 1108/669/611 69/625/573
f 959/565/517 197/619/567 1666/670/612
f 978/551/504 184/617/565 76/613/561
f 1756/671/613 70/672/552 177/638/552
f 86/564/516 1745/673/614 197/619/567
f 1730/674/615 1735/675/616 175/658/463
f 1049/676/617 175/658/463 1740/677/618
f 182/662/552 1155/678/619 1821/679/620
f 1816/680/621 1811/681/622 182/662/552
f 66/682/623 1710/683/624 998/582/533
f 1685/684/625 63/685/626 171/573/463
f 195/541/495 1103/686/627 83/558/510
f 72/630/578 1791/687/628 180/688/629
f 969/689/630 171/573/463 65/543/463
f 984/690/631 172/581/532 63/685/626
f 176/691/552 1097/657/602 70/672/552
f 71/603/552 1761/692/632 176/691/552
f 1721/693/633 74/590/541 183/549/502
f 68/639/552 1806/646/591 1072/637/585
f 1801/694/634 73/663/552 181/644/552
f 173/695/635 1023/696/636 1710/683/624
f 1715/697/637 1705/698/638 173/695/635
f 1796/699/639 1786/700/640 1124/701/641
f 180/688/629 1139/702/642 1786/700/640
f 1731/651/596 1826/703/643 1054/704/644
f 1040/705/645 174/600/463 1725/504/462
f 78/587/538 1805/612/560 1145/642/588
f 188/652/597 1159/706/646 1826/703/643
f 999/572/524 186/626/574 1696/560/512
f 1740/677/618 67/598/463 1040/705/645
f 73/663/552 1821/679/620 1144/645/590
f 179/609/557 1118/707/647 72/630/578
f 63/685/626 1695/583/534 988/574/525
f 1666/670/612 81/535/491 973/708/648
f 1087/709/649 178/605/552 1766/624/572
f 69/625/573 1776/710/650 179/609/557
f 1706/664/606 1832/711/651 1021/712/652
f 1700/713/653 66/682/623 172/581/532
f 189/566/518 1113/714/654 84/568/520
f 192/666/608 1785/668/610 1140/715/582
f 1675/660/604 64/539/463 974/555/508
f 169/557/463 958/545/498 1665/554/507
f 1078/716/655 176/691/552 1746/717/656
f 1746/717/656 70/672/552 1092/718/657
f 174/600/463 963/719/658 62/505/463
f 994/720/659 173/695/635 66/682/623
f 1112/631/579 180/688/629 1796/699/639
f 1083/655/600 181/644/552 68/639/552
s 1
f 249/721/660 255/722/661 254/723/662
f 252/724/663 256/725/664 255/722/661
f 254/723/662 266/726/665 263/727/666
f 255/722/661 257/728/667 266/726/665
f 258/729/668 260/730/669 250/731/670
f 259/732/671 261/733/672 258/729/668
f 261/733/672 253/734/673 260/730/669
f 262/735/674 256/725/664 261/733/672
f 251/736/43 265/737/675 264/738/676
f 263/727/677 266/726/678 265/737/675
f 264/738/676 262/735/679 259/732/680
f 265/737/675 257/728/681 262/735/679
f 287/176/156 292/739/682 291/740/683
f 290/741/684 293/742/685 292/743/682
f 291/744/683 304/745/686 301/746/687
f 292/743/682 294/747/688 304/745/686
f 288/748/689 298/749/690 297/750/691
f 295/751/692 299/752/693 298/749/690
f 297/750/694 293/742/695 290/741/696
f 298/749/690 294/747/697 293/742/695
f 300/753/698 302/754/699 289/755/700
f 301/746/687 303/756/701 300/753/698
f 303/756/701 296/757/702 302/754/699
f 304/745/686 299/752/703 303/756/701
f 355/136/120 359/758/704 358/759/705
f 364/760/706 360/761/707 359/758/704
f 358/759/705 371/762/708 368/763/709
f 359/758/704 361/764/710 371/762/708
f 356/105/95 365/765/711 364/766/712
f 362/767/713 366/768/714 365/765/711
f 364/766/712 365/765/711 360/761/715
f 365/765/711 361/764/716 360/761/715
f 367/769/717 369/770/718 357/173/153
f 368/763/709 370/771/719 367/769/717
f 370/771/719 363/772/720 369/770/718
f 371/762/721 366/768/714 370/771/719
f 392/178/158 398/773/722 397/774/723
f 395/775/724 399/776/725 398/777/722
f 397/778/723 398/777/722 408/779/726
f 398/777/722 400/780/727 408/779/726
f 401/781/728 403/782/729 393/783/730
f 402/784/731 404/785/732 401/781/728
f 404/786/732 396/787/733 403/788/729
f 405/789/734 399/790/735 404/785/732
f 394/117/104 407/791/736 406/792/737
f 397/793/738 408/794/739 407/791/736
f 406/792/737 405/789/734 402/784/731
f 407/791/736 400/795/740 405/789/734
s 2
f 412/796/741 414/797/742 409/165/145
f 413/798/743 415/799/744 412/796/741
f 415/799/744 421/800/745 414/797/742
f 415/799/744 420/801/746 416/802/747
f 417/803/748 419/804/749 410/805/750
f 417/803/748 418/806/751 420/807/746
f 419/804/749 420/801/746 413/798/743
f 420/807/746 418/806/751 416/808/747
f 421/800/745 423/809/752 422/810/753
f 422/811/753 423/809/752 418/812/751
f 423/809/752 416/808/747 418/806/751
s 6
f 424/215/754 427/813/755 428/814/756
f 427/815/755 429/816/757 428/817/756
f 428/817/756 429/816/757 433/818/758
s 7
f 425/819/759 429/820/759 427/821/760
s 2
f 429/822/761 432/823/762 433/824/763
s 8
f 430/825/764 431/826/765 426/272/766
s 2
f 434/205/185 438/827/767 437/828/768
s 9
f 438/829/769 1837/830/769 439/831/769
s 2
f 436/229/209 442/832/770 438/833/771
s 10
f 442/832/772 437/834/773 438/835/774
s 11
f 438/835/775 1837/830/776 440/836/777
s 12
f 443/314/778 446/837/779 447/838/780
s 13
f 447/839/781 448/840/781 450/841/782
s 14
f 444/842/783 449/843/784 446/844/783
s 15
f 449/845/785 450/846/786 448/840/787
s 12
f 446/844/779 449/843/788 447/847/780
s 2
f 453/339/319 456/848/789 457/849/790
s 16
f 456/848/791 460/850/791 457/851/791
s 17
f 457/851/792 458/852/792 1838/853/792
s 2
f 454/854/793 457/855/794 460/856/795
s 18
f 457/857/796 459/858/797 1838/859/798
s 2
f 465/860/799 467/861/800 462/862/801
f 466/863/802 468/864/803 465/860/799
f 467/861/800 468/865/803 474/866/804
f 471/867/805 472/868/806 470/869/807
f 472/868/806 466/863/802 470/870/807
f 473/871/808 475/872/809 464/260/240
f 474/866/804 476/873/810 473/871/808
f 476/873/810 471/867/805 475/872/809
f 476/873/810 468/865/803 469/874/811
s 19
f 480/875/812 481/876/813 477/268/814
s 20
f 480/875/815 482/877/816 486/878/817
s 2
f 479/266/246 485/879/818 486/880/819
s 21
f 485/879/820 481/881/821 486/882/821
s 22
f 482/877/822 484/883/823 486/882/824
s 2
f 490/884/825 492/885/826 487/288/268
f 491/886/827 493/887/828 490/884/825
f 493/887/828 499/888/829 492/885/826
f 493/887/828 494/889/830 501/890/831
f 496/891/832 497/892/833 495/893/834
f 497/892/833 491/886/827 495/894/834
f 498/895/835 500/896/836 489/280/260
f 498/895/835 499/888/829 501/897/831
f 501/897/831 496/891/832 500/896/836
s 23
f 502/194/837 505/898/838 506/899/839
s 24
f 505/900/840 508/901/840 1839/902/840
s 23
f 506/899/839 505/903/838 510/904/841
f 504/286/842 509/905/843 511/906/844
f 510/904/841 511/907/844 509/905/843
s 25
f 511/907/845 1839/908/846 508/909/847
s 2
f 515/910/848 517/911/849 512/276/256
f 516/912/850 518/913/851 515/910/848
f 518/913/851 527/914/852 517/911/849
f 518/913/851 519/915/853 520/916/854
s 3
f 513/247/227 524/917/855 523/918/856
f 521/919/857 525/920/858 524/917/855
f 523/918/856 519/921/859 516/922/860
f 524/917/855 520/923/861 519/921/859
s 2
f 514/295/275 529/924/862 528/925/863
f 527/914/852 529/924/862 526/926/864
f 529/924/862 522/927/865 528/925/863
f 529/924/862 520/928/854 525/929/866
f 533/930/867 535/931/868 530/239/219
f 534/932/869 536/933/870 533/930/867
f 536/933/870 545/934/871 535/931/868
f 536/933/870 537/935/872 538/936/873
s 3
f 531/285/265 542/937/874 541/938/875
f 539/939/876 543/940/877 542/937/874
f 541/941/875 537/935/878 534/932/879
f 542/942/874 538/943/880 537/935/878
s 2
f 544/944/881 546/945/882 532/256/236
f 545/934/871 547/946/883 544/944/881
f 547/946/883 540/947/884 546/945/882
f 547/946/883 538/943/873 543/948/885
f 551/949/886 553/950/887 548/271/251
f 552/951/888 554/952/889 551/949/886
f 554/952/889 563/953/890 553/950/887
f 554/952/889 556/954/891 566/955/892
f 557/956/893 559/957/894 549/250/230
f 558/958/895 560/959/896 557/956/893
f 560/959/896 552/951/888 559/957/894
f 560/959/896 556/954/891 555/960/897
f 562/961/898 564/962/899 550/298/278
f 563/953/890 565/963/900 562/961/898
f 565/963/900 558/958/895 564/962/899
f 565/963/900 556/954/891 561/964/901
f 567/227/207 573/965/902 572/966/903
f 571/967/904 573/965/902 570/968/905
f 573/965/902 581/969/906 572/966/903
f 573/965/902 574/970/907 584/971/908
s 3
f 568/296/276 578/972/909 577/973/910
f 575/974/911 579/975/912 578/976/909
f 577/973/910 574/977/913 571/978/914
s 26
f 578/972/915 584/979/916 574/977/917
s 2
f 580/980/918 582/981/919 569/265/245
f 581/969/906 583/982/920 580/980/918
f 583/982/920 576/983/921 582/981/919
f 583/982/920 584/984/922 579/975/923
f 585/985/924 591/986/925 590/987/926
s 27
f 589/988/927 591/986/928 588/989/929
s 2
f 590/987/926 601/990/930 598/991/931
s 27
f 591/986/928 592/992/932 601/990/933
s 2
f 586/305/285 596/993/934 595/994/935
f 593/995/936 601/996/937 596/993/938
s 28
f 595/994/939 596/997/939 589/988/939
s 29
f 596/993/940 601/996/941 592/992/941
s 2
f 597/998/942 599/999/943 587/1000/311
f 598/991/931 600/1001/944 597/998/942
f 600/1001/945 594/1002/946 599/999/943
f 605/1003/947 607/1004/948 602/317/297
f 606/1005/949 608/1006/950 605/1003/947
f 608/1006/950 616/1007/951 607/1004/948
f 609/1008/952 619/1009/953 608/1006/950
f 610/1010/954 612/1011/955 603/1012/312
f 611/1013/956 613/1014/957 610/1010/954
f 613/1014/957 606/1005/949 612/1011/955
f 613/1014/957 614/1015/958 609/1008/952
f 615/1016/959 617/1017/960 604/303/283
f 616/1007/951 618/1018/961 615/1016/959
f 618/1018/961 611/1013/956 617/1017/960
f 618/1018/961 619/1009/953 614/1019/958
f 620/316/296 635/1020/962 625/1021/963
f 623/1022/964 626/1023/965 635/1020/962
f 625/1021/963 635/1024/962 633/1025/966
s 30
f 635/1020/967 626/1023/967 627/1026/967
s 2
f 628/1027/968 630/1028/969 621/1029/200
f 629/1030/970 631/1031/971 628/1027/968
f 631/1031/972 624/1032/973 630/1028/969
f 622/306/286 635/1033/974 634/1034/975
f 632/1035/976 633/1025/977 635/1033/974
f 634/1034/975 626/1036/978 629/1030/970
f 639/1037/979 641/1038/980 636/221/201
f 640/1039/981 642/1040/982 639/1037/979
f 642/1040/982 650/1041/983 641/1038/980
f 643/1042/984 653/1043/985 642/1040/982
f 644/1044/986 646/1045/987 637/310/290
f 645/1046/988 647/1047/989 644/1044/986
f 647/1047/989 640/1039/981 646/1045/987
f 647/1047/989 648/1048/990 643/1042/984
f 649/1049/991 651/1050/992 638/1051/299
f 650/1041/983 652/1052/993 649/1049/991
f 652/1052/993 645/1046/988 651/1050/992
f 652/1052/993 653/1043/985 648/1053/990
f 654/337/317 669/1054/994 659/1055/995
f 657/1056/996 660/1057/997 669/1054/994
f 659/1055/995 669/1058/994 667/1059/998
s 31
f 669/1054/999 660/1057/1000 661/1060/1001
s 2
f 662/1061/1002 664/1062/1003 655/1063/303
f 663/1064/1004 665/1065/1005 662/1061/1002
f 665/1065/1006 658/1066/1007 664/1062/1003
f 656/308/288 669/1067/1008 668/1068/1009
f 666/1069/1010 667/1059/1011 669/1067/1008
f 668/1068/1009 660/1070/1012 663/1064/1004
f 670/1071/1013 675/1072/1014 674/1073/1015
f 673/1074/1016 676/1075/1017 675/1072/1014
f 674/1073/1015 687/1076/1018 684/1077/1019
f 675/1072/1014 677/1078/1020 687/1076/1018
f 671/311/291 681/1079/1021 680/1080/1022
f 678/1081/1023 682/1082/1024 681/1079/1021
f 680/1080/1022 681/1079/1021 676/1075/1025
f 681/1079/1021 677/1078/1020 676/1075/1025
f 683/1083/1026 685/1084/1027 672/1085/316
f 684/1077/1019 686/1086/1028 683/1083/1026
f 686/1086/1028 679/1087/1029 685/1084/1027
f 687/1076/1018 682/1082/1024 686/1086/1028
f 688/341/321 694/1088/1030 693/1089/1031
f 691/1090/1032 695/1091/1033 694/1088/1030
f 693/1089/1034 705/1092/1035 702/1093/1036
f 694/1088/1030 696/1094/1037 705/1092/1035
f 697/1095/1038 699/1096/1039 689/1097/191
f 698/1098/1040 700/1099/1041 697/1095/1038
f 700/1099/1041 692/1100/1042 699/1096/1039
f 701/1101/1043 695/1091/1033 700/1099/1041
f 690/302/282 704/1102/1044 703/1103/1045
f 702/1093/1046 705/1092/1047 704/1102/1044
f 703/1103/1045 701/1101/1043 698/1098/1040
f 704/1102/1044 696/1094/1037 701/1101/1043
f 709/1104/1048 711/1105/1049 706/328/308
f 710/1106/1050 712/1107/1051 709/1104/1048
f 712/1107/1051 720/1108/1052 711/1105/1049
f 713/1109/1053 723/1110/1054 712/1107/1051
f 714/1111/1055 716/1112/1056 707/299/279
f 715/1113/1057 717/1114/1058 714/1111/1055
f 717/1114/1058 710/1106/1050 716/1112/1056
f 717/1114/1058 718/1115/1059 713/1109/1053
f 719/1116/1060 721/1117/1061 708/1118/179
f 720/1108/1052 722/1119/1062 719/1116/1060
f 722/1119/1062 715/1113/1057 721/1117/1061
f 722/1119/1062 723/1110/1054 718/1120/1059
f 724/1121/1063 730/1122/1064 729/1123/1065
f 728/1124/1066 730/1122/1064 727/1125/1067
f 730/1122/1064 739/1126/1068 729/1123/1065
f 731/1127/1069 742/1128/1070 730/1122/1064
f 725/301/281 736/1129/1071 735/1130/1072
f 733/1131/1073 737/1132/1074 736/1129/1071
f 735/1130/1072 731/1127/1075 728/1124/1076
f 736/1129/1071 732/1133/1077 731/1127/1078
f 738/1134/1079 740/1135/1080 726/1136/307
f 739/1126/1068 741/1137/1081 738/1134/1079
f 741/1137/1081 734/1138/1082 740/1135/1080
f 742/1128/1083 737/1132/1084 741/1137/1081
s 4
f 793/1139/1085 799/1140/1086 798/1141/1087
f 796/1142/1088 800/1143/1089 799/1140/1086
f 798/1141/1087 799/1140/1086 810/1144/1090
f 799/1140/1086 801/1145/1091 810/1144/1090
f 802/1146/1092 804/1147/1093 794/1148/1094
f 803/1149/1095 805/1150/1096 802/1146/1092
f 805/1150/1096 797/1151/1097 804/1147/1093
f 806/1152/1098 800/1143/1089 805/1150/1096
f 795/389/364 809/1153/1099 808/1154/1100
f 807/1155/1101 810/1144/1102 809/1156/1099
f 808/1157/1100 806/1152/1103 803/1149/1104
f 809/1156/1099 801/1145/1105 806/1152/1103
f 831/1158/475 836/1159/1106 835/1160/1107
f 834/1161/1108 837/1162/1109 836/1159/1106
f 835/1160/1107 848/1163/1110 845/1164/1111
f 836/1159/1106 838/1165/1112 848/1163/1110
f 832/1166/1113 842/1167/1114 841/1168/1115
f 839/1169/1116 843/1170/1117 842/1171/1114
f 841/1172/1118 837/1162/1119 834/1161/1120
f 842/1171/1114 838/1165/1121 837/1162/1119
f 844/1173/1122 846/1174/1123 833/1175/1124
f 845/1164/1111 847/1176/1125 844/1173/1122
f 847/1176/1125 840/1177/1126 846/1174/1123
f 848/1163/1110 843/1170/1127 847/1176/1125
f 899/1178/440 904/1179/1128 903/1180/1129
f 902/1181/1130 905/1182/1131 904/1179/1128
f 903/1180/1129 915/1183/1132 912/1184/1133
f 904/1179/1128 906/1185/1134 915/1183/1132
f 900/446/415 909/1186/1135 902/1187/1136
f 907/1188/1137 910/1189/1138 909/1186/1135
f 902/1187/1136 909/1186/1135 905/1182/1139
f 909/1186/1135 906/1185/1140 905/1182/1139
f 911/1190/1141 913/1191/1142 901/514/472
f 912/1184/1133 914/1192/1143 911/1190/1141
f 914/1192/1143 908/1193/1144 913/1191/1142
f 915/1183/1145 910/1189/1138 914/1192/1143
f 936/519/477 942/1194/1146 941/1195/1147
f 939/1196/1148 943/1197/1149 942/1194/1146
f 941/1195/1147 942/1194/1146 952/1198/1150
f 942/1194/1146 944/1199/1151 952/1198/1150
f 945/1200/1152 947/1201/1153 937/1202/1154
f 946/1203/1155 948/1204/1156 945/1200/1152
f 948/1204/1156 940/1205/1157 947/1201/1153
f 949/1206/1158 943/1197/1159 948/1204/1156
f 938/458/424 951/1207/1160 950/1208/1161
f 941/1209/1162 952/1198/1163 951/1207/1160
f 950/1208/1161 949/1206/1158 946/1203/1155
f 951/1207/1160 944/1199/1164 949/1206/1158
s 5
f 1003/1210/1165 1009/1211/1166 1008/1212/1167
f 1006/1213/1168 1010/1214/1169 1009/1211/1166
f 1008/1212/1167 1020/1215/1170 1017/1216/1171
f 1009/1211/1166 1011/1217/1172 1020/1215/1170
f 1012/1218/1173 1014/1219/1174 1004/1220/1175
f 1013/1221/1176 1015/1222/1177 1012/1218/1173
f 1015/1222/1177 1007/1223/1178 1014/1219/1174
f 1016/1224/1179 1010/1214/1169 1015/1222/1177
f 1005/578/529 1019/1225/1180 1018/1226/1181
f 1017/1227/1182 1020/1228/1183 1019/1225/1180
f 1018/1226/1181 1016/1229/1184 1013/1230/1185
f 1019/1225/1180 1011/1231/1186 1016/1229/1184
f 1024/1232/1187 1026/1233/1188 1021/712/652
f 1025/1234/1189 1027/1235/1190 1024/1232/1187
f 1027/1235/1190 1035/1236/1191 1026/1233/1188
f 1027/1235/1190 1028/1237/1192 1038/1238/1193
f 1029/1239/1194 1031/1240/1195 1022/1241/530
f 1030/1242/1196 1032/1243/1197 1029/1239/1194
f 1031/1240/1195 1028/1244/1192 1025/1234/1189
f 1032/1243/1197 1033/1245/1198 1028/1244/1192
f 1023/696/636 1037/1246/1199 1036/1247/1200
f 1034/1248/1201 1038/1238/1202 1037/1246/1199
f 1036/1247/1200 1033/1245/1203 1030/1242/1204
f 1037/1246/1205 1028/1237/1192 1033/1245/1198
f 1054/1249/644 1059/1250/1206 1058/1251/1207
f 1057/1252/1208 1060/1253/1209 1059/1250/1206
f 1058/1251/1207 1071/1254/1210 1068/1255/1211
f 1059/1250/1206 1061/1256/1212 1071/1254/1210
f 1055/1257/1213 1065/1258/1214 1064/1259/1215
f 1062/1260/1216 1066/1261/1217 1065/1258/1214
f 1064/1259/1218 1060/1262/1219 1057/1263/1220
f 1065/1258/1214 1061/1264/1221 1060/1262/1219
f 1067/1265/1222 1069/1266/1223 1056/1267/1224
f 1068/1255/1211 1070/1268/1225 1067/1265/1222
f 1070/1268/1225 1063/1269/1226 1069/1266/1223
f 1071/1254/1210 1066/1270/1227 1070/1268/1225
f 1122/667/609 1127/1271/1228 1126/1272/1229
f 1125/1273/1230 1128/1274/1231 1127/1271/1228
f 1126/1272/1229 1138/1275/1232 1135/1276/1233
f 1127/1271/1228 1129/1277/1234 1138/1275/1232
f 1123/636/584 1132/1278/1235 1125/1279/1236
f 1130/1280/1237 1133/1281/1238 1132/1278/1235
f 1125/1279/1236 1132/1278/1235 1128/1282/1239
f 1132/1278/1235 1129/1283/1240 1128/1282/1239
f 1134/1284/1241 1136/1285/1242 1124/1286/641
f 1135/1276/1233 1137/1287/1243 1134/1284/1241
f 1137/1287/1243 1131/1288/1244 1136/1285/1242
f 1138/1275/1245 1133/1289/1238 1137/1287/1243
f 1159/706/646 1164/1290/1246 1172/1291/1247
f 1162/1292/1248 1165/1293/1249 1164/1290/1246
f 1172/1291/1247 1164/1290/1246 1175/1294/1250
f 1164/1290/1246 1166/1295/1251 1175/1294/1252
f 1167/1296/1253 1169/1297/1254 1160/1298/1255
f 1168/1299/1256 1170/1300/1257 1167/1296/1253
f 1170/1300/1257 1163/1301/1258 1169/1297/1254
f 1171/1302/1259 1165/1293/1260 1170/1300/1257
f 1161/648/593 1174/1303/1261 1173/1304/1262
f 1172/1305/1263 1175/1294/1264 1174/1303/1261
f 1173/1304/1262 1171/1302/1259 1168/1299/1256
f 1174/1303/1261 1166/1295/1265 1171/1302/1259
f 1831/1306/581 1834/1307/1266 1833/1308/1267
f 1834/1307/1266 1835/1309/1268 1833/1308/1267
f 1835/1309/1268 1836/1310/1269 1833/1308/1267
f 1836/1310/1269 1832/711/651 1833/1308/1267
s 1
f 220/25/22 1178/1311/1270 223/1312/1271
f 223/1313/1271 1179/1314/1272 222/1315/1273
f 222/1315/1274 1180/1316/1275 221/1317/1276
f 1180/1316/1275 219/180/160 221/1317/1276
f 1176/24/21 206/1318/1277 1178/1311/1270
f 1178/1319/1270 207/1320/1278 1179/1314/1272
f 1179/1314/1279 208/1321/1280 1180/1316/1275
f 208/1321/1280 1177/139/123 1180/1316/1275
f 1181/61/56 228/1322/1281 225/8/7
f 1183/1323/1282 227/1324/1283 228/1322/1281
f 1184/1325/1284 226/1326/1285 227/1324/1286
f 226/1326/1285 1182/1327/106 224/1328/18
f 209/189/169 1183/1323/1282 1181/61/56
f 211/1329/1287 1184/1325/1288 1183/1323/1282
f 212/1330/1289 1185/1331/1290 1184/1325/1284
f 1185/1331/1290 210/1332/15 1182/1327/106
f 1186/129/115 203/1333/1291 200/3/3
f 1188/1334/1292 202/1335/1293 203/1336/1291
f 1189/1337/1294 201/1338/1295 202/1335/1296
f 201/1338/1295 1187/4/4 199/16/13
f 220/25/22 1188/1339/1292 1186/129/115
f 223/1313/1271 1189/1337/1297 1188/1334/1292
f 222/1315/1274 1190/1340/1298 1189/1337/1294
f 1190/1340/1298 219/180/160 1187/4/4
f 215/158/139 1193/1341/1299 218/1342/1300
f 218/1342/1300 1194/1343/1301 217/1344/1302
f 217/1344/1303 1195/1345/1304 216/1346/1305
f 1195/1345/1304 214/1347/8 216/1346/1305
f 1191/26/23 228/1322/1281 1193/1341/1299
f 1193/1341/1299 227/1324/1283 1194/1343/1301
f 1194/1343/1306 226/1326/1285 1195/1345/1304
f 226/1326/1285 1192/1348/20 1195/1345/1304
f 230/159/140 1198/1349/1307 233/1350/1308
f 233/1350/1308 1199/1351/1309 232/1352/1310
f 232/1352/1311 1200/1353/1312 231/1354/1313
f 1200/1353/1312 229/1355/25 231/1354/1313
f 1196/153/135 218/1342/1300 1198/1349/1307
f 1198/1349/1307 217/1344/1302 1199/1351/1309
f 1199/1351/1314 216/1346/1305 1200/1353/1312
f 216/1346/1305 1197/1356/10 1200/1353/1312
f 204/15/12 1203/1357/1315 206/1318/1277
f 206/1358/1277 1204/1359/1316 207/1320/1278
f 207/1320/1317 1205/1360/1318 208/1321/1280
f 1205/1360/1318 205/35/31 208/1321/1280
f 1201/14/11 236/1361/1319 1203/1357/1315
f 1203/1362/1315 237/1363/1320 1204/1359/1316
f 1204/1359/1321 238/1364/1322 1205/1360/1318
f 238/1364/1322 1202/33/29 1205/1360/1318
f 234/44/39 1208/1365/1323 236/1361/1319
f 236/1366/1319 1209/1367/1324 237/1363/1320
f 237/1363/1325 1210/1368/1326 238/1364/1322
f 1210/1368/1326 235/32/28 238/1364/1322
f 1206/53/48 246/1369/1327 1208/1365/1323
f 1208/1370/1323 247/1371/1328 1209/1367/1324
f 1209/1367/1329 248/1372/1330 1210/1368/1326
f 248/1372/1330 1207/30/26 1210/1368/1326
f 240/190/170 1213/1373/1331 243/1374/1332
f 243/1374/1332 1214/1375/1333 242/1376/1334
f 242/1376/1335 1215/1377/1336 241/1378/1337
f 1215/1377/1336 239/1379/35 241/1378/1337
f 1211/183/163 233/1350/1308 1213/1373/1331
f 1213/1373/1331 232/1352/1310 1214/1375/1333
f 1214/1375/1338 231/1354/1313 1215/1377/1336
f 231/1354/1313 1212/1380/33 1215/1377/1336
f 1216/170/150 271/1381/1339 268/168/148
f 1218/1382/1340 270/1383/1341 271/1381/1339
f 1219/1384/1342 269/1385/1343 270/1383/1341
f 1220/1386/1344 267/49/44 269/1387/1343
f 250/731/670 1218/1382/1340 1216/170/150
f 260/730/669 1219/1384/1342 1218/1382/1340
f 253/734/673 1220/1388/1344 1219/1384/1342
f 252/724/663 1217/1389/117 1220/1388/1344
f 244/52/47 1223/1390/1345 246/1369/1327
f 246/1391/1327 1224/1392/1346 247/1371/1328
f 247/1371/1347 1225/1393/1348 248/1372/1330
f 248/1372/1330 1222/40/36 245/42/38
f 1221/152/134 271/1381/1339 1223/1390/1345
f 1223/1394/1349 270/1395/1341 1224/1392/1346
f 1224/1392/1350 269/1387/1343 1225/1393/1348
f 269/1387/1343 1222/40/36 1225/1393/1348
f 250/731/670 1228/1396/1351 258/729/668
f 258/729/668 1229/1397/1352 259/732/671
f 259/732/680 1230/1398/1353 264/738/676
f 264/738/676 1227/1399/41 251/736/43
f 1226/169/149 243/1374/1332 1228/1396/1351
f 1228/1396/1351 242/1376/1334 1229/1397/1352
f 1229/1397/1354 241/1378/1337 1230/1398/1353
f 1230/1398/1353 239/1379/35 1227/1399/41
f 1231/69/63 211/1329/1287 209/189/169
f 1233/1400/1355 212/1330/1356 211/1329/1287
f 1234/1401/1357 213/1402/1358 212/1330/1289
f 213/1402/1358 1232/1403/142 210/1332/15
f 277/128/114 1233/1400/1355 1231/69/63
f 279/1404/1359 1234/1401/1360 1233/1400/1355
f 280/1405/1361 1235/1406/1362 1234/1401/1357
f 1235/1407/1362 278/58/53 1232/162/142
f 1236/1/1 276/1408/1363 273/177/157
f 1238/1409/1364 275/1410/1365 276/1411/1363
f 1239/1412/1366 274/1413/1367 275/1410/1368
f 274/1413/1367 1237/54/49 272/56/51
f 200/3/3 1238/1414/1364 1236/1/1
f 203/1336/1291 1239/1412/1369 1238/1409/1364
f 202/1335/1296 1240/1415/1370 1239/1412/1366
f 1240/1415/1370 199/16/13 1237/54/49
f 289/755/700 1243/1416/1371 300/753/698
f 300/753/698 1244/1417/1372 301/746/687
f 301/1418/687 1245/1419/1373 291/740/683
f 291/740/683 1242/120/107 287/176/156
f 1241/143/126 284/1420/1374 1243/1416/1371
f 1243/1416/1371 285/1421/1375 1244/1417/1372
f 1244/1422/1372 286/1423/1376 1245/1419/1373
f 1245/1419/1373 283/64/59 1242/120/107
f 1246/144/127 279/1404/1359 277/128/114
f 1248/1424/1377 280/1405/1378 279/1404/1359
f 1249/1425/1379 281/1426/1380 280/1405/1361
f 1250/1427/1381 278/58/53 281/1428/1380
f 289/755/700 1248/1424/1377 1246/144/127
f 302/754/699 1249/1425/1382 1248/1424/1377
f 296/757/1383 1250/1429/1381 1249/1425/1379
f 295/1430/692 1247/66/61 1250/1427/1381
f 1251/146/129 284/1420/1374 282/145/128
f 1253/1431/1384 285/1432/1375 284/1433/1374
f 1254/1434/1385 286/1423/1376 285/1432/1375
f 286/1423/1376 1252/62/57 283/64/59
f 273/177/157 1253/1435/1384 1251/146/129
f 276/1411/1363 1254/1434/1386 1253/1431/1384
f 275/1410/1368 1255/1436/1387 1254/1434/1385
f 274/1413/1367 1252/62/57 1255/1436/1387
f 1256/142/125 329/1437/1388 326/71/64
f 1258/1438/1389 328/1439/1390 329/1437/1388
f 1259/1440/1391 327/1441/1392 328/1439/1390
f 1260/1442/1393 325/188/168 327/1441/1392
f 310/91/83 1258/1438/1389 1256/142/125
f 312/1443/1394 1259/1440/1391 1258/1438/1389
f 313/1444/1395 1260/1442/1393 1259/1440/1391
f 314/1445/1396 1257/187/167 1260/1442/1393
f 331/85/77 1263/1446/1397 334/1447/1398
f 334/1447/1398 1264/1448/1399 333/1449/1400
f 333/1449/1400 1265/1450/1401 332/1451/1402
f 332/1451/1402 1262/123/110 330/126/113
f 1261/84/76 317/1452/1403 1263/1446/1397
f 1263/1446/1397 318/1453/1404 1264/1448/1399
f 1264/1448/1399 319/1454/1405 1265/1450/1401
f 1265/1450/1401 316/124/111 1262/123/110
f 306/81/73 1268/1455/1406 309/1456/1407
f 309/1456/1407 1269/1457/1408 308/1458/1409
f 308/1458/1409 1270/1459/1410 307/1460/1411
f 307/1460/1411 1267/140/124 305/106/96
f 1266/72/65 329/1437/1388 1268/1455/1406
f 1268/1455/1406 328/1439/1390 1269/1457/1408
f 1269/1457/1408 327/1441/1392 1270/1459/1410
f 1270/1459/1410 325/188/168 1267/140/124
f 1271/86/78 324/1461/1412 321/125/112
f 1273/1462/1413 323/1463/1414 324/1461/1412
f 1274/1464/1415 322/1465/1416 323/1463/1414
f 1275/1466/1417 320/181/161 322/1465/1416
f 331/85/77 1273/1462/1413 1271/86/78
f 334/1447/1398 1274/1464/1415 1273/1462/1413
f 333/1449/1400 1275/1466/1417 1274/1464/1415
f 332/1451/1402 1272/161/141 1275/1466/1417
f 1276/77/69 339/1467/1418 336/155/136
f 1278/1468/1419 338/1469/1420 339/1467/1418
f 1279/1470/1421 337/1471/1422 338/1469/1420
f 1280/1472/1423 335/78/70 337/1471/1422
f 321/125/112 1278/1468/1419 1276/77/69
f 324/1461/1412 1279/1470/1421 1278/1468/1419
f 323/1463/1414 1280/1472/1423 1279/1470/1421
f 322/1465/1416 1277/94/86 1280/1472/1423
f 1281/92/84 312/1443/1394 310/91/83
f 1283/1473/1424 313/1444/1395 312/1443/1394
f 1284/1474/1425 314/1445/1396 313/1444/1395
f 1285/1475/1426 311/186/166 314/1445/1396
f 340/97/88 1283/1473/1424 1281/92/84
f 342/1476/1427 1284/1474/1425 1283/1473/1424
f 343/1477/1428 1285/1475/1426 1284/1474/1425
f 344/1478/1429 1282/74/67 1285/1475/1426
f 1286/98/89 342/1476/1427 340/97/88
f 1288/1479/1430 343/1477/1428 342/1476/1427
f 1289/1480/1431 344/1478/1429 343/1477/1428
f 1290/1481/1432 341/138/122 344/1478/1429
f 350/102/92 1288/1479/1430 1286/98/89
f 352/1482/1433 1289/1480/1431 1288/1479/1430
f 353/1483/1434 1290/1481/1432 1289/1480/1431
f 354/1484/1435 1287/182/162 1290/1481/1432
f 1291/93/85 349/1485/1436 346/184/164
f 1293/1486/1437 348/1487/1438 349/1485/1436
f 1294/1488/1439 347/1489/1440 348/1487/1438
f 1295/1490/1441 345/101/91 347/1489/1440
f 336/155/136 1293/1486/1437 1291/93/85
f 339/1467/1418 1294/1488/1439 1293/1486/1437
f 338/1469/1420 1295/1490/1441 1294/1488/1439
f 337/1471/1422 1292/80/72 1295/1490/1441
f 373/185/165 1298/1491/1442 376/1492/1443
f 376/1492/1443 1299/1493/1444 375/1494/1445
f 375/1494/1445 1300/1495/1446 374/1496/1447
f 374/1496/1447 1297/172/152 372/174/154
f 1296/137/121 358/759/705 1298/1491/1442
f 1298/1491/1442 368/763/709 1299/1493/1444
f 1299/1493/1444 367/769/717 1300/1495/1446
f 1300/1495/1446 357/173/153 1297/172/152
f 1301/104/94 352/1482/1433 350/102/92
f 1303/1497/1448 353/1483/1434 352/1482/1433
f 1304/1498/1449 354/1484/1435 353/1483/1434
f 1305/1499/1450 351/179/159 354/1484/1435
f 373/185/165 1303/1497/1448 1301/104/94
f 376/1492/1443 1304/1498/1449 1303/1497/1448
f 375/1494/1445 1305/1499/1450 1304/1498/1449
f 374/1496/1447 1302/156/137 1305/1499/1450
f 1306/99/90 362/767/713 356/105/95
f 1308/1500/1451 363/772/720 362/767/713
f 1309/1501/1452 369/770/718 363/772/720
f 1310/1502/1453 357/173/153 369/770/718
f 346/184/164 1308/1500/1451 1306/99/90
f 349/1485/1436 1309/1501/1452 1308/1500/1451
f 348/1487/1438 1310/1502/1453 1309/1501/1452
f 347/1489/1440 1307/171/151 1310/1502/1453
f 315/88/80 1313/1503/1454 317/1452/1403
f 317/1452/1403 1314/1504/1455 318/1453/1404
f 318/1453/1404 1315/1505/1456 319/1454/1405
f 319/1454/1405 1312/166/146 316/124/111
f 1311/109/97 384/1506/1457 1313/1503/1454
f 1313/1503/1454 385/1507/1458 1314/1504/1455
f 1314/1504/1455 386/1508/1459 1315/1505/1456
f 1315/1505/1456 383/130/116 1312/166/146
f 378/111/99 1318/1509/1460 381/1510/1461
f 381/1510/1461 1319/1511/1462 380/1512/1463
f 380/1512/1463 1320/1513/1464 379/1514/1465
f 379/1514/1465 1317/115/102 377/114/101
f 1316/82/74 309/1456/1407 1318/1509/1460
f 1318/1509/1460 308/1458/1409 1319/1511/1462
f 1319/1511/1462 307/1460/1411 1320/1513/1464
f 1320/1513/1464 305/106/96 1317/115/102
f 1321/122/109 395/1515/724 392/178/158
f 1323/1516/1466 396/787/733 395/775/724
f 1324/1517/1467 403/788/729 396/787/733
f 1325/1518/1468 393/783/730 403/782/729
f 387/1519/105 1323/1516/1466 1321/1520/109
f 389/1521/1469 1324/1517/1467 1323/1516/1466
f 390/1522/1470 1325/1523/1468 1324/1517/1467
f 391/1524/1471 1322/150/133 1325/1518/1468
f 382/110/98 1328/1525/1472 384/1506/1457
f 384/1506/1457 1329/1526/1473 385/1507/1458
f 385/1507/1458 1330/1527/1474 386/1508/1459
f 386/1508/1459 1327/149/132 383/130/116
f 1326/116/103 406/792/737 1328/1525/1472
f 1328/1525/1472 402/784/731 1329/1526/1473
f 1329/1526/1473 401/781/728 1330/1527/1474
f 1330/1527/1474 393/783/730 1327/149/132
f 387/118/105 1333/1528/1475 389/1529/1469
f 389/1529/1469 1334/1530/1476 390/1531/1470
f 390/1531/1470 1335/1532/1477 391/1524/1471
f 391/1524/1471 1332/148/131 388/147/130
f 1331/112/100 381/1510/1461 1333/1528/1475
f 1333/1528/1475 380/1512/1463 1334/1530/1476
f 1334/1530/1476 379/1514/1465 1335/1532/1477
f 1335/1532/1477 377/114/101 1332/148/131
f 394/117/104 1338/1533/1478 397/1534/738
f 397/774/723 1337/175/155 392/178/158
f 1336/67/62 297/1535/1479 1338/1533/1478
s 32
f 1338/1536/1480 297/750/1480 290/741/1481
s 1
f 1338/1537/1482 287/176/156 1337/175/155
f 1339/1538/42 263/1539/1483 251/736/43
s 33
f 263/727/1484 1341/1540/1485 254/723/1485
s 1
f 1341/1540/1486 249/721/660 254/723/662
f 356/1541/95 1341/1542/1487 1339/1538/42
f 364/1543/706 1340/1544/118 1341/1540/1486
s 2
f 532/256/236 1344/1545/1488 544/944/881
f 544/944/881 1345/1546/1489 545/934/871
f 1345/1546/1489 535/931/868 545/934/871
f 1346/1547/1490 530/239/219 535/931/868
f 1342/255/235 553/950/887 1344/1545/1488
f 1344/1545/1488 563/953/890 1345/1546/1489
f 563/953/890 1346/1547/1490 1345/1546/1489
f 562/961/898 1343/257/237 1346/1547/1490
f 1347/249/229 557/956/893 549/250/230
f 1349/1548/1491 558/958/895 557/956/893
f 558/958/895 1351/1549/1492 564/962/899
f 564/962/899 1348/236/216 550/298/278
f 567/227/207 1349/1548/1491 1347/249/229
f 572/966/903 1350/1550/1493 1349/1548/1491
f 1350/1550/1493 580/980/918 1351/1549/1492
f 1351/1549/1492 569/265/245 1348/236/216
s 3
f 1352/284/264 575/1551/911 568/296/276
f 1354/1552/1494 576/983/1495 575/974/911
s 2
f 576/983/921 1355/1553/1496 582/981/919
f 1355/1553/1496 569/265/245 582/981/919
s 3
f 1352/284/264 541/938/875 1354/1554/1494
f 1354/1552/1494 534/932/879 1355/1555/1497
s 2
f 1355/1555/1496 534/932/869 533/930/867
f 1355/1553/1496 530/239/219 1353/238/218
f 514/295/275 1358/1556/1498 526/926/864
f 526/926/864 1359/1557/1499 527/914/852
f 1359/1557/1499 517/911/849 527/914/852
f 1360/1558/1500 512/276/256 517/911/849
f 1356/291/271 559/957/894 1358/1556/1498
f 1358/1556/1498 552/951/888 1359/1557/1499
f 552/951/888 1360/1558/1500 1359/1557/1499
f 551/949/886 1357/270/250 1360/1558/1500
s 3
f 1361/245/225 539/939/876 531/285/265
f 1363/1559/1501 540/1560/1502 539/939/876
s 2
f 540/947/884 1364/1561/1503 546/945/882
f 1364/1561/1503 532/256/236 546/945/882
s 3
f 1361/245/225 523/918/856 1363/1559/1501
f 1363/1559/1501 516/922/860 1364/1562/1504
s 2
f 1364/1563/1503 516/912/850 515/910/848
f 1364/1561/1503 512/276/256 1362/224/204
s 3
f 1365/246/226 521/919/857 513/247/227
f 1367/1564/1505 522/1565/1506 521/919/857
s 2
f 522/1565/865 1368/1566/1507 528/1567/863
f 1368/1568/1507 514/295/275 528/925/863
s 3
f 1365/246/226 577/973/910 1367/1564/1505
f 1367/1564/1505 571/978/914 1368/1569/1508
s 34
f 1368/1569/1509 571/978/1509 570/1570/1509
s 2
f 1368/1568/1507 567/227/207 1366/226/206
f 434/205/185 1371/1571/1510 438/829/767
f 438/829/767 1372/1572/1511 1837/1573/1512
f 1837/1573/1512 1373/1574/1513 441/1575/1514
f 441/1575/1514 1370/242/222 435/312/292
f 409/165/145 1371/1571/1510 1369/163/143
f 414/797/742 1372/1572/1511 1371/1571/1510
f 421/800/745 1373/1574/1513 1372/1572/1511
f 422/810/753 1370/242/222 1373/1574/1513
f 1374/254/234 451/1576/1515 445/212/192
f 1376/1577/1516 450/841/1517 451/1576/1515
f 1377/1578/1518 447/838/1519 450/841/1517
f 1378/1579/1520 443/314/294 447/838/1519
f 1374/254/234 422/811/753 1376/1577/1516
f 1376/1577/1516 418/812/751 1377/1578/1518
f 1377/1578/1518 417/803/748 1378/1579/1520
f 1378/1579/1520 410/805/750 1375/232/212
f 1379/313/293 441/1580/1514 435/312/292
f 1381/1581/1521 440/836/1522 441/1580/1514
f 1382/1582/1523 438/833/1524 440/836/1522
f 1383/1583/1525 436/229/209 438/833/771
f 1379/313/293 451/1584/1515 1381/1581/1521
f 1381/1581/1521 452/1585/1526 1382/1582/1523
f 1382/1582/1523 449/845/1527 1383/1583/1525
f 1383/1583/1525 444/842/1528 1380/243/223
f 462/862/801 1386/1586/1529 465/860/799
f 465/860/799 1387/1587/1530 466/863/802
f 466/863/802 1388/1588/1531 470/870/807
f 470/870/807 1385/274/254 463/318/298
f 424/215/195 1386/1586/1529 1384/293/273
f 428/814/1532 1387/1587/1530 1386/1586/1529
f 433/1589/763 432/1590/762 1388/1588/1531
f 430/825/1533 1385/274/254 1388/1588/1531
f 477/268/248 1391/1591/1534 480/875/1535
f 480/875/1535 1392/1592/1536 1840/1593/1537
f 1840/1593/1537 1393/1594/1538 483/1595/1539
f 483/1595/1539 1390/334/314 478/202/182
f 464/260/240 1391/1591/1534 1389/258/238
f 475/872/809 1392/1592/1536 1391/1591/1534
f 471/867/805 1393/1594/1538 1392/1592/1536
f 470/869/807 1390/334/314 1393/1594/1538
f 1394/204/184 483/1596/1539 478/202/182
f 1396/1597/1540 484/883/1541 483/1596/1539
f 1397/1598/1542 486/880/819 484/883/1541
f 1398/1599/1543 479/266/246 486/880/819
f 1394/204/184 431/826/1544 1396/1597/1540
f 1396/1597/1540 432/823/1545 1397/1598/1542
f 1397/1598/1542 429/822/1546 1398/1599/1543
f 1398/1599/1543 425/819/1547 1395/261/241
f 1399/252/232 461/1600/1548 455/191/171
f 1401/1601/1549 1838/853/1550 461/1600/1548
f 1402/1602/1551 457/849/1552 1838/853/1550
f 1403/1603/1553 453/339/319 457/849/790
f 1399/252/232 495/894/834 1401/1601/1549
f 1401/1601/1549 491/886/827 1402/1602/1551
f 1402/1602/1551 490/884/825 1403/1603/1553
f 1403/1603/1553 487/288/268 1400/290/270
f 1404/324/304 495/893/834 488/275/255
f 1406/1604/1554 496/891/832 495/893/834
f 1407/1605/1555 500/896/836 496/891/832
f 1408/1606/1556 489/280/260 500/896/836
f 1404/324/304 507/1607/1557 1406/1604/1554
f 1406/1604/1554 508/901/1558 1407/1605/1555
f 1407/1605/1555 505/900/1559 1408/1606/1556
f 1408/1606/1556 502/194/174 1405/196/176
f 1409/338/318 507/1608/1557 503/325/305
f 1411/1609/1560 508/909/1561 507/1608/1562
f 1412/1610/1563 511/906/1564 508/909/1561
f 1413/1611/1565 504/286/266 511/906/1566
f 1409/338/318 461/1612/1548 1411/1609/1560
f 1411/1609/1560 459/858/1567 1412/1610/1563
f 1412/1610/1563 457/857/1568 1413/1611/1569
f 1413/1611/1565 454/854/793 1410/281/261
f 587/1000/311 1416/1613/1570 597/998/942
f 597/998/942 1417/1614/1571 598/991/931
f 598/991/931 1418/1615/1572 590/987/926
f 590/987/926 1415/278/258 585/985/924
f 1414/1616/310 612/1011/955 1416/1613/1570
f 1416/1613/1570 606/1005/949 1417/1614/1571
f 1417/1614/1571 605/1003/947 1418/1615/1572
f 1418/1615/1572 602/317/297 1415/278/258
f 1419/304/284 623/1022/964 620/316/296
f 1421/1617/1573 624/1032/973 623/1022/964
f 1422/1618/1574 630/1028/969 624/1032/973
f 1423/1619/1575 621/1029/200 630/1028/969
f 604/303/283 1421/1617/1573 1419/304/284
f 617/1017/960 1422/1618/1574 1421/1617/1573
f 611/1013/956 1423/1619/1575 1422/1618/1574
f 610/1010/954 1420/1620/198 1423/1619/1575
f 1424/307/287 593/995/936 586/305/285
f 1426/1621/1576 594/1002/946 593/995/936
f 1427/1622/1577 599/999/943 594/1002/946
f 1428/1623/1578 587/1000/311 599/999/943
f 1424/307/287 634/1034/975 1426/1621/1576
f 1426/1621/1576 629/1030/970 1427/1622/1577
f 1427/1622/1577 628/1027/968 1428/1623/1578
f 1428/1623/1578 621/1029/200 1425/1624/199
f 1429/1625/301 649/1049/991 638/1051/299
f 1431/1626/1579 650/1041/983 649/1049/991
f 1432/1627/1580 641/1038/980 650/1041/983
f 1433/1628/1581 636/221/201 641/1038/980
f 655/1063/303 1431/1626/1579 1429/1625/301
f 664/1062/1003 1432/1627/1580 1431/1626/1579
f 658/1066/1007 1433/1628/1581 1432/1627/1580
f 657/1056/996 1430/222/202 1433/1628/1581
f 672/1085/316 1436/1629/1582 683/1083/1026
f 683/1083/1026 1437/1630/1583 684/1077/1019
f 684/1077/1019 1438/1631/1584 674/1073/1015
f 674/1073/1015 1435/208/188 670/1071/1013
f 1434/1632/315 651/1050/992 1436/1629/1582
f 1436/1629/1582 645/1046/988 1437/1630/1583
f 1437/1630/1583 644/1044/986 1438/1631/1584
f 1438/1631/1584 637/310/290 1435/208/188
f 1439/309/289 678/1081/1023 671/311/291
f 1441/1633/1585 679/1087/1029 678/1081/1023
f 1442/1634/1586 685/1084/1027 679/1087/1029
f 1443/1635/1587 672/1085/316 685/1084/1027
f 1439/309/289 668/1068/1009 1441/1633/1585
f 1441/1633/1585 663/1064/1004 1442/1634/1586
f 1442/1634/1586 662/1061/1002 1443/1635/1587
f 1443/1635/1587 655/1063/303 1440/1636/302
f 1444/329/309 691/1090/1032 688/341/321
f 1446/1637/1588 692/1100/1042 691/1090/1032
f 1447/1638/1589 699/1096/1039 692/1100/1042
f 1448/1639/1590 689/1097/191 699/1096/1039
f 706/328/308 1446/1637/1588 1444/329/309
f 711/1105/1049 1447/1638/1589 1446/1637/1588
f 720/1108/1052 1448/1639/1590 1447/1638/1589
f 719/1116/1060 1445/1640/181 1448/1639/1590
f 1449/198/178 714/1111/1055 707/299/279
f 1451/1641/1591 715/1113/1057 714/1111/1055
f 715/1113/1057 1453/1642/1592 721/1117/1061
f 721/1117/1061 1450/1643/306 708/1118/179
f 724/1121/1063 1451/1641/1591 1449/198/178
f 729/1123/1065 1452/1644/1593 1451/1641/1591
f 1452/1644/1593 738/1134/1079 1453/1642/1592
f 1453/1642/1592 726/1136/307 1450/1643/306
f 725/301/281 1456/1645/1594 733/1131/1073
f 1456/1645/1594 734/1138/1595 733/1131/1073
f 1457/1646/1596 740/1135/1080 734/1138/1082
f 1458/1647/1597 726/1136/307 740/1135/1080
f 1454/300/280 703/1103/1045 1456/1645/1594
f 1456/1645/1594 698/1098/1040 1457/1646/1596
f 1457/1646/1596 697/1095/1038 1458/1647/1597
f 1458/1647/1597 689/1097/191 1455/1648/190
f 409/165/145 1461/1649/1598 412/796/741
f 412/796/741 1462/1650/1599 413/798/1600
f 413/798/1600 1463/1651/1601 419/804/749
f 1463/1651/1601 410/805/750 419/804/749
f 1459/164/144 607/1004/948 1461/1649/1598
f 1461/1649/1598 616/1007/951 1462/1650/1599
f 616/1007/951 1463/1651/1601 1462/1650/1599
f 615/1016/959 1460/233/213 1463/1651/1601
f 622/306/286 1466/1652/1602 632/1035/976
s 35
f 1466/1652/1603 633/1025/1604 632/1035/1605
s 2
f 633/1025/1606 1467/1653/1607 625/1021/963
f 1467/1653/1607 620/316/296 625/1021/963
f 444/842/1528 1466/1652/1602 1464/244/224
s 35
f 1466/1652/1603 446/1654/1608 1467/1655/1609
s 2
f 1467/1653/1607 443/314/294 1465/315/295
f 424/215/195 1470/1656/1610 427/813/1611
s 36
f 427/813/1612 1470/1656/1613 1471/1657/1614
s 2
f 1471/1658/1615 425/819/1547 427/821/1616
f 654/337/317 1470/1656/1610 1468/217/197
s 36
f 1470/1656/1613 667/1059/1617 1471/1657/1614
s 2
f 1471/1657/1615 667/1059/1618 666/1069/1010
f 1471/1658/1615 656/308/288 1469/262/242
f 670/1071/1013 1474/1659/1619 673/1074/1620
f 1474/1659/1621 680/1660/1622 673/1074/1016
f 1475/1661/1623 671/311/291 680/1080/1022
f 1472/207/187 481/876/1624 1474/1659/1619
f 1474/1659/1621 481/881/1625 1475/1662/1626
f 1475/1662/1626 481/881/1625 485/879/1627
f 485/879/818 1473/267/247 1475/1661/1623
f 1476/279/259 498/895/835 489/280/260
f 1478/1663/1628 499/888/1629 498/895/835
f 1479/1664/1630 492/885/826 499/888/1629
f 1480/1665/1631 487/288/268 492/885/826
f 707/299/279 1478/1663/1628 1476/279/259
f 716/1112/1056 1479/1664/1630 1478/1663/1628
f 710/1106/1050 1480/1665/1631 1479/1664/1630
f 709/1104/1048 1477/1666/1632 1480/1665/1631
f 690/302/282 1483/1667/1633 702/1668/1046
f 702/1093/1036 1484/1669/1634 693/1089/1034
f 693/1089/1031 1482/340/320 688/341/321
f 1481/282/262 460/856/795 1483/1667/1633
f 1483/1670/1635 456/848/1636 1484/1669/1634
f 1484/1669/1637 453/339/319 1482/340/320
f 585/985/924 1487/1671/1638 588/989/1639
s 37
f 1487/1671/1640 589/988/1641 588/989/1642
s 2
f 589/988/1643 1488/1672/1644 595/994/935
f 1488/1672/1644 586/305/285 595/994/935
f 1485/277/257 437/828/768 1487/1671/1638
s 37
f 1487/1671/1640 437/834/1645 1488/1673/1646
f 1488/1673/1646 437/834/1645 442/832/1645
s 2
f 1488/1672/1644 436/229/209 1486/231/211
f 464/260/240 1491/1674/1647 473/871/808
f 473/871/808 1492/1675/1648 474/866/1649
f 474/866/1649 1493/1676/1650 467/861/800
f 467/861/800 1490/294/274 462/862/801
f 1489/259/239 646/1045/987 1491/1674/1647
f 1491/1674/1647 640/1039/981 1492/1675/1648
f 1492/1675/1648 639/1037/979 1493/1676/1650
f 1493/1676/1650 636/221/201 1490/294/274
f 1494/287/267 509/905/1651 504/286/266
f 509/905/1652 1497/1677/1653 510/904/1654
f 510/904/1655 1498/1678/1656 506/899/1657
f 506/899/1658 1495/197/177 502/194/174
f 725/301/281 1496/1679/1659 1494/287/267
f 1496/1679/1660 728/1124/1076 1497/1677/1653
f 1497/1677/1661 727/1125/1067 1498/1678/1656
f 1498/1678/1662 724/1121/1063 1495/197/177
s 4
f 764/366/343 1501/1680/1663 767/1681/1664
f 767/1681/1664 1502/1682/1665 766/1683/1666
f 766/1683/1667 1503/1684/1668 765/1685/1669
f 1503/1686/1668 763/521/479 765/1687/1669
f 1499/365/342 750/1688/1670 1501/1680/1663
f 1501/1680/1663 751/1689/1671 1502/1682/1665
f 1502/1682/1672 752/1690/1673 1503/1684/1668
f 752/1691/1673 1500/480/443 1503/1686/1668
f 1504/402/376 772/1692/1674 769/349/328
f 1506/1693/1675 771/1694/1676 772/1692/1674
f 1507/1695/1677 770/1696/1678 771/1694/1679
f 770/1697/1678 1505/460/426 768/362/339
f 753/532/488 1506/1693/1675 1504/402/376
f 755/1698/1680 1507/1695/1681 1506/1693/1675
f 756/1699/1682 1508/1700/1683 1507/1695/1677
f 1508/1701/1683 754/359/336 1505/460/426
f 1509/470/435 747/1702/1684 744/344/324
f 1511/1703/1685 746/1704/1686 747/1702/1684
f 1512/1705/1687 745/1706/1688 746/1704/1689
f 745/1706/1688 1510/1707/325 743/1708/334
f 764/366/343 1511/1703/1685 1509/470/435
f 767/1681/1664 1512/1705/1690 1511/1703/1685
f 766/1683/1667 1513/1709/1691 1512/1705/1687
f 1513/1709/1691 763/1710/479 1510/1707/325
f 759/499/458 1516/1711/1692 762/1712/1693
f 762/1712/1693 1517/1713/1694 761/1714/1695
f 761/1714/1696 1518/1715/1697 760/1716/1698
f 1518/1717/1697 758/351/329 760/1718/1698
f 1514/367/344 772/1692/1674 1516/1711/1692
f 1516/1711/1692 771/1694/1676 1517/1713/1694
f 1517/1713/1699 770/1696/1678 1518/1715/1697
f 770/1697/1678 1515/364/341 1518/1717/1697
f 774/500/459 1521/1719/1700 777/1720/1701
f 777/1720/1701 1522/1721/1702 776/1722/1703
f 776/1722/1704 1523/1723/1705 775/1724/1706
f 1523/1725/1705 773/370/346 775/1726/1706
f 1519/494/455 762/1712/1693 1521/1719/1700
f 1521/1719/1700 761/1714/1695 1522/1721/1702
f 1522/1721/1707 760/1716/1698 1523/1723/1705
f 760/1718/1698 1520/353/331 1523/1725/1705
f 748/356/333 1526/1727/1708 750/1688/1670
f 750/1688/1670 1527/1728/1709 751/1689/1671
f 751/1689/1710 1528/1729/1711 752/1690/1673
f 1528/1730/1711 749/376/352 752/1691/1673
f 1524/355/332 780/1731/1712 1526/1727/1708
f 1526/1727/1708 781/1732/1713 1527/1728/1709
f 1527/1728/1714 782/1733/1715 1528/1729/1711
f 782/1734/1715 1525/374/350 1528/1730/1711
f 778/385/360 1531/1735/1716 780/1731/1712
f 780/1731/1712 1532/1736/1717 781/1732/1713
f 781/1732/1718 1533/1737/1719 782/1733/1715
f 1533/1738/1719 779/373/349 782/1734/1715
f 1529/394/368 790/1739/1720 1531/1735/1716
f 1531/1735/1716 791/1740/1721 1532/1736/1717
f 1532/1736/1722 792/1741/1723 1533/1737/1719
f 792/1742/1723 1530/371/347 1533/1738/1719
f 784/533/489 1536/1743/1724 787/1744/1725
f 787/1744/1725 1537/1745/1726 786/1746/1727
f 786/1746/1728 1538/1747/1729 785/1748/1730
f 1538/1749/1729 783/380/356 785/1750/1730
f 1534/525/482 777/1720/1701 1536/1743/1724
f 1536/1743/1724 776/1722/1703 1537/1745/1726
f 1537/1745/1731 775/1724/1706 1538/1747/1729
f 775/1726/1706 1535/378/354 1538/1749/1729
f 1539/511/469 815/1751/1732 812/509/467
f 1541/1752/1733 814/1753/1734 815/1751/1732
f 1542/1754/1735 813/1755/1736 814/1753/1734
f 1543/1756/1737 811/390/365 813/1757/1736
f 794/1148/1094 1541/1752/1733 1539/511/469
f 804/1147/1093 1542/1754/1735 1541/1752/1733
f 797/1151/1097 1543/1758/1737 1542/1754/1735
f 796/1142/1088 1540/474/437 1543/1758/1737
f 788/393/367 1546/1759/1738 790/1739/1720
f 790/1739/1720 1547/1760/1739 791/1740/1721
f 791/1740/1740 1548/1761/1741 792/1741/1723
f 792/1742/1723 1545/381/357 789/383/359
f 1544/493/454 815/1751/1732 1546/1759/1738
f 1546/1759/1742 814/1753/1734 1547/1760/1739
f 1547/1760/1743 813/1755/1736 1548/1761/1741
f 813/1757/1736 1545/381/357 1548/1762/1741
f 794/1148/1094 1551/1763/1744 802/1146/1092
f 802/1146/1092 1552/1764/1745 803/1149/1095
f 803/1149/1104 1553/1765/1746 808/1157/1100
f 808/1154/1100 1550/387/362 795/389/364
f 1549/510/468 787/1744/1725 1551/1763/1744
f 1551/1763/1744 786/1746/1727 1552/1764/1745
f 1552/1764/1747 785/1748/1730 1553/1765/1746
f 1553/1766/1746 783/380/356 1550/387/362
f 1554/410/383 755/1698/1680 753/532/488
f 1556/1767/1748 756/1699/1749 755/1698/1680
f 1557/1768/1750 757/1769/1751 756/1699/1682
f 757/1770/1751 1555/503/461 754/359/336
f 821/469/434 1556/1767/1748 1554/410/383
f 823/1771/1752 1557/1768/1753 1556/1767/1748
f 824/1772/1754 1558/1773/1755 1557/1768/1750
f 1558/1774/1755 822/399/373 1555/503/461
f 1559/342/322 820/1775/1756 817/518/476
f 1561/1776/1757 819/1777/1758 820/1775/1756
f 1562/1778/1759 818/1779/1760 819/1777/1761
f 818/1780/1760 1560/395/369 816/397/371
f 744/344/324 1561/1776/1757 1559/342/322
f 747/1702/1684 1562/1778/1762 1561/1776/1757
f 746/1704/1689 1563/1781/1763 1562/1778/1759
f 1563/1781/1763 743/1708/334 1560/1782/369
f 833/1175/1124 1566/1783/1764 844/1173/1122
f 844/1173/1122 1567/1784/1765 845/1164/1111
f 845/1164/1111 1568/1785/1766 835/1160/1107
f 835/1786/1107 1565/461/427 831/517/475
f 1564/484/446 828/1787/1767 1566/1783/1764
f 1566/1783/1764 829/1788/1768 1567/1784/1765
f 1567/1784/1765 830/1789/1769 1568/1785/1766
f 1568/1790/1766 827/405/379 1565/461/427
f 1569/485/447 823/1771/1752 821/469/434
f 1571/1791/1770 824/1772/1771 823/1771/1752
f 1572/1792/1772 825/1793/1773 824/1772/1754
f 1573/1794/1774 822/399/373 825/1795/1773
f 833/1175/1124 1571/1791/1770 1569/485/447
f 846/1174/1123 1572/1792/1775 1571/1791/1770
f 840/1177/1776 1573/1796/1774 1572/1792/1772
f 839/1797/1116 1570/407/381 1573/1794/1774
f 1574/487/449 828/1787/1767 826/486/448
f 1576/1798/1777 829/1788/1768 828/1787/1767
f 1577/1799/1778 830/1789/1769 829/1788/1768
f 830/1800/1769 1575/403/377 827/405/379
f 817/518/476 1576/1798/1777 1574/487/449
f 820/1775/1756 1577/1799/1779 1576/1798/1777
f 819/1777/1761 1578/1801/1780 1577/1799/1778
f 818/1780/1760 1575/403/377 1578/1802/1780
f 1579/483/445 873/1803/1781 870/412/384
f 1581/1804/1782 872/1805/1783 873/1803/1781
f 1582/1806/1784 871/1807/1785 872/1805/1783
f 1583/1808/1786 869/531/487 871/1807/1785
f 854/432/402 1581/1804/1782 1579/483/445
f 856/1809/1787 1582/1806/1784 1581/1804/1782
f 857/1810/1788 1583/1808/1786 1582/1806/1784
f 858/1811/1789 1580/530/486 1583/1808/1786
f 875/426/396 1586/1812/1790 878/1813/1791
f 878/1813/1791 1587/1814/1792 877/1815/1793
f 877/1815/1793 1588/1816/1794 876/1817/1795
f 876/1817/1795 1585/464/430 874/467/433
f 1584/425/395 861/1818/1796 1586/1812/1790
f 1586/1812/1790 862/1819/1797 1587/1814/1792
f 1587/1814/1792 863/1820/1798 1588/1816/1794
f 1588/1816/1794 860/465/431 1585/464/430
f 850/422/392 1591/1821/1799 853/1822/1800
f 853/1822/1800 1592/1823/1801 852/1824/1802
f 852/1824/1802 1593/1825/1803 851/1826/1804
f 851/1826/1804 1590/481/444 849/447/416
f 1589/413/385 873/1803/1781 1591/1821/1799
f 1591/1821/1799 872/1805/1783 1592/1823/1801
f 1592/1823/1801 871/1807/1785 1593/1825/1803
f 1593/1825/1803 869/531/487 1590/481/444
f 1594/427/397 868/1827/1805 865/466/432
f 1596/1828/1806 867/1829/1807 868/1827/1805
f 1597/1830/1808 866/1831/1809 867/1829/1807
f 1598/1832/1810 864/522/480 866/1831/1809
f 875/426/396 1596/1828/1806 1594/427/397
f 878/1813/1791 1597/1830/1808 1596/1828/1806
f 877/1815/1793 1598/1832/1810 1597/1830/1808
f 876/1817/1795 1595/502/460 1598/1832/1810
f 1599/418/389 883/1833/1811 880/496/456
f 1601/1834/1812 882/1835/1813 883/1833/1811
f 1602/1836/1814 881/1837/1815 882/1835/1813
f 1603/1838/1816 879/419/390 881/1837/1815
f 865/466/432 1601/1834/1812 1599/418/389
f 868/1827/1805 1602/1836/1814 1601/1834/1812
f 867/1829/1807 1603/1838/1816 1602/1836/1814
f 866/1831/1809 1600/435/405 1603/1838/1816
f 1604/433/403 856/1809/1787 854/432/402
f 1606/1839/1817 857/1810/1788 856/1809/1787
f 1607/1840/1818 858/1811/1789 857/1810/1788
f 1608/1841/1819 855/529/485 858/1811/1789
f 884/438/407 1606/1839/1817 1604/433/403
f 886/1842/1820 1607/1840/1818 1606/1839/1817
f 887/1843/1821 1608/1841/1819 1607/1840/1818
f 888/1844/1822 1605/415/387 1608/1841/1819
f 1609/439/408 886/1842/1820 884/438/407
f 1611/1845/1823 887/1843/1821 886/1842/1820
f 1612/1846/1824 888/1844/1822 887/1843/1821
f 1613/1847/1825 885/479/442 888/1844/1822
f 894/443/412 1611/1845/1823 1609/439/408
f 896/1848/1826 1612/1846/1824 1611/1845/1823
f 897/1849/1827 1613/1847/1825 1612/1846/1824
f 898/1850/1828 1610/523/481 1613/1847/1825
f 1614/434/404 893/1851/1829 890/526/483
f 1616/1852/1830 892/1853/1831 893/1851/1829
f 1617/1854/1832 891/1855/1833 892/1853/1831
f 1618/1856/1834 889/442/411 891/1855/1833
f 880/496/456 1616/1852/1830 1614/434/404
f 883/1833/1811 1617/1854/1832 1616/1852/1830
f 882/1835/1813 1618/1856/1834 1617/1854/1832
f 881/1837/1815 1615/421/391 1618/1856/1834
f 917/528/484 1621/1857/1835 920/1858/1836
f 920/1858/1836 1622/1859/1837 919/1860/1838
f 919/1860/1838 1623/1861/1839 918/1862/1840
f 918/1862/1840 1620/513/471 916/515/473
f 1619/1863/441 903/1180/1129 1621/1857/1835
f 1621/1857/1835 912/1184/1133 1622/1859/1837
f 1622/1859/1837 911/1190/1141 1623/1861/1839
f 1623/1861/1839 901/514/472 1620/513/471
f 1624/445/414 896/1848/1826 894/443/412
f 1626/1864/1841 897/1849/1827 896/1848/1826
f 1627/1865/1842 898/1850/1828 897/1849/1827
f 1628/1866/1843 895/520/478 898/1850/1828
f 917/528/484 1626/1864/1841 1624/445/414
f 920/1858/1836 1627/1865/1842 1626/1864/1841
f 919/1860/1838 1628/1866/1843 1627/1865/1842
f 918/1862/1840 1625/497/457 1628/1866/1843
f 1629/440/409 907/1188/1137 900/446/415
f 1631/1867/1844 908/1193/1144 907/1188/1137
f 1632/1868/1845 913/1191/1142 908/1193/1144
f 1633/1869/1846 901/514/472 913/1191/1142
f 890/526/483 1631/1867/1844 1629/440/409
f 893/1851/1829 1632/1868/1845 1631/1867/1844
f 892/1853/1831 1633/1869/1846 1632/1868/1845
f 891/1855/1833 1630/512/470 1633/1869/1846
f 859/429/399 1636/1870/1847 861/1818/1796
f 861/1818/1796 1637/1871/1848 862/1819/1797
f 862/1819/1797 1638/1872/1849 863/1820/1798
f 863/1820/1798 1635/507/465 860/465/431
f 1634/450/417 928/1873/1850 1636/1870/1847
f 1636/1870/1847 929/1874/1851 1637/1871/1848
f 1637/1871/1848 930/1875/1852 1638/1872/1849
f 1638/1872/1849 927/471/436 1635/507/465
f 922/452/419 1641/1876/1853 925/1877/1854
f 925/1877/1854 1642/1878/1855 924/1879/1856
f 924/1879/1856 1643/1880/1857 923/1881/1858
f 923/1881/1858 1640/456/422 921/455/421
f 1639/423/393 853/1822/1800 1641/1876/1853
f 1641/1876/1853 852/1824/1802 1642/1878/1855
f 1642/1878/1855 851/1826/1804 1643/1880/1857
f 1643/1880/1857 849/447/416 1640/456/422
f 1644/463/429 939/1196/1148 936/519/477
f 1646/1882/1859 940/1205/1157 939/1196/1148
f 1647/1883/1860 947/1201/1153 940/1205/1157
f 1648/1884/1861 937/1202/1154 947/1201/1153
f 931/459/425 1646/1882/1859 1644/463/429
f 933/1885/1862 1647/1883/1860 1646/1882/1859
f 934/1886/1863 1648/1884/1861 1647/1883/1860
f 935/1887/1864 1645/491/453 1648/1884/1861
f 926/451/418 1651/1888/1865 928/1873/1850
f 928/1873/1850 1652/1889/1866 929/1874/1851
f 929/1874/1851 1653/1890/1867 930/1875/1852
f 930/1875/1852 1650/490/452 927/471/436
f 1649/457/423 950/1208/1161 1651/1888/1865
f 1651/1888/1865 946/1203/1155 1652/1889/1866
f 1652/1889/1866 945/1200/1152 1653/1890/1867
f 1653/1890/1867 937/1202/1154 1650/490/452
f 931/459/425 1656/1891/1868 933/1885/1862
f 933/1885/1862 1657/1892/1869 934/1886/1863
f 934/1886/1863 1658/1893/1870 935/1887/1864
f 935/1887/1864 1655/489/451 932/488/450
f 1654/453/420 925/1877/1854 1656/1891/1868
f 1656/1891/1868 924/1879/1856 1657/1892/1869
f 1657/1892/1869 923/1881/1858 1658/1893/1870
f 1658/1893/1870 921/455/421 1655/489/451
f 938/458/424 1661/1894/1871 941/1895/1162
f 941/1195/1147 1660/516/474 936/519/477
f 1659/408/382 841/1168/1872 1661/1894/1871
s 38
f 1661/1894/1873 841/1168/1874 834/1896/1873
s 4
f 1661/1897/1875 831/517/475 1660/516/474
f 1662/388/363 807/1898/1876 795/389/364
s 39
f 807/1898/1877 1664/1899/1877 798/1900/1877
s 4
f 1664/1901/1878 793/1139/1085 798/1141/1087
f 900/446/415 1664/1902/1879 1662/388/363
f 902/1903/1130 1663/475/438 1664/1901/1878
s 5
f 974/555/508 1667/1904/1880 977/1905/1881
f 977/1905/1881 1668/1906/1882 976/1907/1883
f 976/1907/1884 1669/1908/1885 975/1909/1886
f 1669/1910/1885 973/708/648 975/1911/1886
f 1665/554/507 960/1912/1887 1667/1904/1880
f 1667/1904/1880 961/1913/1888 1668/1906/1882
f 1668/1906/1889 962/1914/1890 1669/1908/1885
f 962/1915/1890 1666/670/612 1669/1910/1885
f 1670/591/542 982/1916/1891 979/538/493
f 1672/1917/1892 981/1918/1893 982/1919/1891
f 1673/1920/1894 980/1921/1895 981/1918/1896
f 980/1921/1895 1671/650/595 978/551/504
f 963/719/658 1672/1922/1892 1670/591/542
f 965/1923/1897 1673/1920/1898 1672/1917/1892
f 966/1924/1899 1674/1925/1900 1673/1920/1894
f 1674/1925/1900 964/548/501 1671/650/595
f 1675/660/604 957/1926/1901 954/506/464
f 1677/1927/1902 956/1928/1903 957/1926/1901
f 1678/1929/1904 955/1930/1905 956/1928/1906
f 955/1931/1905 1676/534/490 953/546/499
f 974/555/508 1677/1927/1902 1675/660/604
f 977/1905/1881 1678/1929/1907 1677/1927/1902
f 976/1907/1884 1679/1932/1908 1678/1929/1904
f 1679/1933/1908 973/708/648 1676/534/490
f 969/689/630 1682/1934/1909 972/1935/1910
f 972/1936/1910 1683/1937/1911 971/1938/1912
f 971/1938/1913 1684/1939/1914 970/1940/1915
f 1684/1939/1914 968/540/494 970/1940/1915
f 1680/556/509 982/1916/1891 1682/1934/1909
f 1682/1941/1909 981/1918/1893 1683/1937/1911
f 1683/1937/1916 980/1921/1895 1684/1939/1914
f 980/1921/1895 1681/553/506 1684/1939/1914
f 984/690/631 1687/1942/1917 987/1943/1918
f 987/1943/1918 1688/1944/1919 986/1945/1920
f 986/1946/1921 1689/1947/1922 985/1948/1923
f 1689/1947/1922 983/559/511 985/1948/1923
f 1685/684/625 972/1935/1910 1687/1942/1917
f 1687/1949/1917 971/1938/1912 1688/1950/1919
f 1688/1950/1924 970/1940/1915 1689/1947/1922
f 970/1940/1915 1686/542/496 1689/1947/1922
f 958/545/498 1692/1951/1925 960/1912/1887
f 960/1912/1887 1693/1952/1926 961/1913/1888
f 961/1913/1927 1694/1953/1928 962/1914/1890
f 1694/1954/1928 959/565/517 962/1915/1890
f 1690/544/497 990/1955/1929 1692/1951/1925
f 1692/1951/1925 991/1956/1930 1693/1952/1926
f 1693/1952/1931 992/1957/1932 1694/1953/1928
f 992/1957/1932 1691/1958/515 1694/1953/1928
f 988/574/525 1697/1959/1933 990/1955/1929
f 990/1955/1929 1698/1960/1934 991/1956/1930
f 991/1956/1935 1699/1961/1936 992/1957/1932
f 1699/1961/1936 989/1962/514 992/1957/1932
f 1695/583/534 1000/1963/1937 1697/1959/1933
f 1697/1959/1933 1001/1964/1938 1698/1960/1934
f 1698/1960/1939 1002/1965/1940 1699/1961/1936
f 1002/1965/1940 1696/1966/512 1699/1961/1936
f 994/720/659 1702/1967/1941 997/1968/1942
f 997/1968/1942 1703/1969/1943 996/1970/1944
f 996/1971/1945 1704/1972/1946 995/1973/1947
f 1704/1972/1946 993/569/521 995/1973/1947
f 1700/713/653 987/1943/1918 1702/1967/1941
f 1702/1967/1941 986/1945/1920 1703/1969/1943
f 1703/1974/1948 985/1948/1923 1704/1972/1946
f 985/1948/1923 1701/567/519 1704/1972/1946
f 1705/698/638 1034/1248/1201 1023/696/636
f 1707/1975/1949 1035/1236/1191 1034/1248/1201
f 1708/1976/1950 1026/1233/1188 1035/1236/1191
f 1709/1977/1951 1021/712/652 1026/1233/1188
f 1004/1220/1175 1707/1975/1949 1705/698/638
f 1014/1219/1174 1708/1976/1950 1707/1975/1949
f 1007/1223/1178 1709/1977/1951 1708/1976/1950
f 1006/1213/1168 1706/664/606 1709/1977/1951
f 998/582/533 1712/1978/1952 1000/1963/1937
f 1000/1963/1937 1713/1979/1953 1001/1964/1938
f 1001/1964/1954 1714/1980/1955 1002/1965/1940
f 1002/1965/1940 1711/1981/522 999/1982/524
f 1710/683/624 1036/1247/1200 1712/1978/1952
f 1712/1978/1956 1030/1242/1204 1713/1979/1953
f 1713/1979/1957 1029/1239/1194 1714/1980/1955
f 1714/1980/1955 1022/1241/530 1711/1981/522
f 1004/1220/1175 1717/1983/1958 1012/1218/1173
f 1012/1218/1173 1718/1984/1959 1013/1221/1176
f 1013/1230/1185 1719/1985/1960 1018/1226/1181
f 1018/1226/1181 1716/576/527 1005/578/529
f 1715/697/637 997/1968/1942 1717/1983/1958
f 1717/1983/1958 996/1970/1944 1718/1984/1959
f 1718/1986/1961 995/1973/1947 1719/1985/1960
f 1719/1985/1960 993/569/521 1716/576/527
f 1720/599/549 965/1987/1897 963/719/658
f 1722/1988/1962 966/1924/1963 965/1923/1897
f 1723/1989/1964 967/1990/1965 966/1924/1899
f 967/1990/1965 1721/693/633 964/548/501
f 1044/659/603 1722/1991/1962 1720/599/549
f 1046/1992/1966 1723/1989/1967 1722/1988/1962
f 1047/1993/1968 1724/1994/1969 1723/1989/1964
f 1724/1994/1969 1045/588/539 1721/693/633
f 1725/504/462 1043/1995/1970 1040/705/645
f 1727/1996/1971 1042/1997/1972 1043/1995/1970
f 1728/1998/1973 1041/1999/1974 1042/1997/1975
f 1041/2000/1974 1726/584/535 1039/586/537
f 954/506/464 1727/1996/1971 1725/504/462
f 957/1926/1901 1728/1998/1976 1727/1996/1971
f 956/1928/1906 1729/2001/1977 1728/1998/1973
f 1729/2002/1977 953/546/499 1726/584/535
f 1056/1267/1224 1732/2003/1978 1067/1265/1222
f 1067/1265/1222 1733/2004/1979 1068/1255/1211
f 1068/1255/1211 1734/2005/1980 1058/1251/1207
f 1058/1251/1207 1731/2006/596 1054/1249/644
f 1730/674/615 1051/2007/1981 1732/2003/1978
f 1732/2003/1978 1052/2008/1982 1733/2004/1979
f 1733/2004/1979 1053/2009/1983 1734/2005/1980
f 1734/2010/1980 1050/594/545 1731/651/596
f 1735/675/616 1046/2011/1966 1044/659/603
f 1737/2012/1984 1047/1993/1985 1046/1992/1966
f 1738/2013/1986 1048/2014/1987 1047/1993/1968
f 1739/2015/1988 1045/588/539 1048/2014/1987
f 1056/1267/1224 1737/2016/1984 1735/675/616
f 1069/2017/1223 1738/2013/1989 1737/2012/1984
f 1063/2018/1990 1739/2015/1988 1738/2013/1986
f 1062/1260/1216 1736/596/547 1739/2015/1988
f 1740/677/618 1051/2007/1981 1049/676/617
f 1742/2019/1991 1052/2008/1982 1051/2007/1981
f 1743/2020/1992 1053/2009/1983 1052/2008/1982
f 1053/2021/1983 1741/592/543 1050/594/545
f 1040/705/645 1742/2019/1991 1740/677/618
f 1043/1995/1970 1743/2020/1993 1742/2019/1991
f 1042/1997/1975 1744/2022/1994 1743/2020/1992
f 1041/2000/1974 1741/592/543 1744/2023/1994
f 1745/673/614 1096/2024/1995 1093/601/550
f 1747/2025/1996 1095/2026/1997 1096/2024/1995
f 1748/2027/1998 1094/2028/1999 1095/2026/1997
f 1749/2029/2000 1092/718/657 1094/2028/1999
f 1077/621/569 1747/2025/1996 1745/673/614
f 1079/2030/2001 1748/2027/1998 1747/2025/1996
f 1080/2031/2002 1749/2029/2000 1748/2027/1998
f 1081/2032/2003 1746/717/656 1749/2029/2000
f 1098/615/563 1752/2033/2004 1101/2034/2005
f 1101/2034/2005 1753/2035/2006 1100/2036/2007
f 1100/2036/2007 1754/2037/2008 1099/2038/2009
f 1099/2038/2009 1751/654/599 1097/657/602
f 1750/614/562 1084/2039/2010 1752/2033/2004
f 1752/2033/2004 1085/2040/2011 1753/2035/2006
f 1753/2035/2006 1086/2041/2012 1754/2037/2008
f 1754/2037/2008 1083/655/600 1751/654/599
f 1073/611/559 1757/2042/2013 1076/2043/2014
f 1076/2043/2014 1758/2044/2015 1075/2045/2016
f 1075/2045/2016 1759/2046/2017 1074/2047/2018
f 1074/2047/2018 1756/671/613 1072/637/585
f 1755/602/551 1096/2024/1995 1757/2042/2013
f 1757/2042/2013 1095/2026/1997 1758/2044/2015
f 1758/2044/2015 1094/2028/1999 1759/2046/2017
f 1759/2046/2017 1092/718/657 1756/671/613
f 1760/616/564 1091/2048/2019 1088/656/601
f 1762/2049/2020 1090/2050/2021 1091/2048/2019
f 1763/2051/2022 1089/2052/2023 1090/2050/2021
f 1764/2053/2024 1087/709/649 1089/2052/2023
f 1098/615/563 1762/2049/2020 1760/616/564
f 1101/2034/2005 1763/2051/2022 1762/2049/2020
f 1100/2036/2007 1764/2053/2024 1763/2051/2022
f 1099/2038/2009 1761/692/632 1764/2053/2024
f 1765/607/555 1106/2054/2025 1103/686/627
f 1767/2055/2026 1105/2056/2027 1106/2054/2025
f 1768/2057/2028 1104/2058/2029 1105/2056/2027
f 1769/2059/2030 1102/608/556 1104/2058/2029
f 1088/656/601 1767/2055/2026 1765/607/555
f 1091/2048/2019 1768/2057/2028 1767/2055/2026
f 1090/2050/2021 1769/2059/2030 1768/2057/2028
f 1089/2052/2023 1766/624/572 1769/2059/2030
f 1770/622/570 1079/2030/2001 1077/621/569
f 1772/2060/2031 1080/2031/2002 1079/2030/2001
f 1773/2061/2032 1081/2032/2003 1080/2031/2002
f 1774/2062/2033 1078/716/655 1081/2032/2003
f 1107/627/575 1772/2060/2031 1770/622/570
f 1109/2063/2034 1773/2061/2032 1772/2060/2031
f 1110/2064/2035 1774/2062/2033 1773/2061/2032
f 1111/2065/2036 1771/604/553 1774/2062/2033
f 1775/628/576 1109/2063/2034 1107/627/575
f 1777/2066/2037 1110/2064/2035 1109/2063/2034
f 1778/2067/2038 1111/2065/2036 1110/2064/2035
f 1779/2068/2039 1108/669/611 1111/2065/2036
f 1117/632/580 1777/2066/2037 1775/628/576
f 1119/2069/2040 1778/2067/2038 1777/2066/2037
f 1120/2070/2041 1779/2068/2039 1778/2067/2038
f 1121/2071/2042 1776/710/650 1779/2068/2039
f 1780/623/571 1116/2072/2043 1113/714/654
f 1782/2073/2044 1115/2074/2045 1116/2072/2043
f 1783/2075/2046 1114/2076/2047 1115/2074/2045
f 1784/2077/2048 1112/631/579 1114/2076/2047
f 1103/686/627 1782/2073/2044 1780/623/571
f 1106/2054/2025 1783/2075/2046 1782/2073/2044
f 1105/2056/2027 1784/2077/2048 1783/2075/2046
f 1104/2058/2029 1781/610/558 1784/2077/2048
f 1785/668/610 1143/2078/2049 1140/715/582
f 1143/2078/2049 1788/2079/2050 1142/2080/2051
f 1142/2080/2051 1789/2081/2052 1141/2082/2053
f 1141/2082/2053 1786/2083/640 1139/2084/642
f 1785/668/610 1126/1272/1229 1787/2085/2054
f 1787/2085/2054 1135/1276/1233 1788/2079/2050
f 1788/2079/2050 1134/1284/1241 1789/2081/2052
f 1789/2081/2052 1124/1286/641 1786/2083/640
f 1790/635/583 1119/2069/2040 1117/632/580
f 1792/2086/2055 1120/2070/2041 1119/2069/2040
f 1793/2087/2056 1121/2071/2042 1120/2070/2041
f 1794/2088/2057 1118/707/647 1121/2071/2042
f 1140/634/582 1792/2086/2055 1790/635/583
f 1143/2089/2049 1793/2087/2056 1792/2086/2055
f 1142/2090/2051 1794/2088/2057 1793/2087/2056
f 1141/2091/2053 1791/687/628 1794/2088/2057
f 1795/629/577 1130/1280/1237 1123/636/584
f 1797/2092/2058 1131/2093/1244 1130/1280/1237
f 1798/2094/2059 1136/2095/1242 1131/2093/1244
f 1799/2096/2060 1124/701/641 1136/2095/1242
f 1113/714/654 1797/2092/2058 1795/629/577
f 1116/2072/2043 1798/2094/2059 1797/2092/2058
f 1115/2074/2045 1799/2096/2060 1798/2094/2059
f 1114/2076/2047 1796/699/639 1799/2096/2060
f 1082/618/566 1802/2097/2061 1084/2039/2010
f 1084/2039/2010 1803/2098/2062 1085/2040/2011
f 1085/2040/2011 1804/2099/2063 1086/2041/2012
f 1086/2041/2012 1801/694/634 1083/655/600
f 1800/640/586 1151/2100/2064 1802/2097/2061
f 1802/2097/2061 1152/2101/2065 1803/2098/2062
f 1803/2098/2062 1153/2102/2066 1804/2099/2063
f 1804/2099/2063 1150/661/605 1801/694/634
f 1145/642/588 1807/2103/2067 1148/2104/2068
f 1148/2104/2068 1808/2105/2069 1147/2106/2070
f 1147/2106/2070 1809/2107/2071 1146/2108/2072
f 1146/2108/2072 1806/646/591 1144/645/590
f 1805/612/560 1076/2043/2014 1807/2103/2067
f 1807/2103/2067 1075/2045/2016 1808/2105/2069
f 1808/2105/2069 1074/2047/2018 1809/2107/2071
f 1809/2107/2071 1072/637/585 1806/646/591
f 1810/653/598 1162/1292/1248 1159/706/646
f 1812/2109/2073 1163/1301/1258 1162/1292/1248
f 1813/2110/2074 1169/1297/1254 1163/1301/1258
f 1814/2111/2075 1160/1298/1255 1169/1297/1254
f 1154/649/594 1812/2109/2073 1810/653/598
f 1156/2112/2076 1813/2110/2074 1812/2109/2073
f 1157/2113/2077 1814/2111/2075 1813/2110/2074
f 1158/2114/2078 1811/681/622 1814/2111/2075
f 1149/641/587 1817/2115/2079 1151/2100/2064
f 1151/2100/2064 1818/2116/2080 1152/2101/2065
f 1152/2101/2065 1819/2117/2081 1153/2102/2066
f 1153/2102/2066 1816/680/621 1150/661/605
f 1815/647/592 1173/1304/1262 1817/2115/2079
f 1817/2115/2079 1168/1299/1256 1818/2116/2080
f 1818/2116/2080 1167/1296/1253 1819/2117/2081
f 1819/2117/2081 1160/1298/1255 1816/680/621
f 1154/649/594 1822/2118/2082 1156/2112/2076
f 1156/2112/2076 1823/2119/2083 1157/2113/2077
f 1157/2113/2077 1824/2120/2084 1158/2114/2078
f 1158/2114/2078 1821/679/620 1155/678/619
f 1820/643/589 1148/2104/2068 1822/2118/2082
f 1822/2118/2082 1147/2106/2070 1823/2119/2083
f 1823/2119/2083 1146/2108/2072 1824/2120/2084
f 1824/2120/2084 1144/645/590 1821/679/620
f 1161/648/593 1827/2121/2085 1172/2122/1263
f 1172/2123/2086 1826/2124/643 1159/2125/2087
f 1825/597/548 1064/1259/2088 1827/2121/2085
s 40
f 1827/2121/2089 1064/1259/2089 1057/1263/2089
s 5
f 1827/2126/2090 1054/1249/644 1826/2124/643
f 1828/577/528 1017/2127/1182 1005/578/529
s 41
f 1017/1216/2091 1830/2128/2091 1008/1212/2092
s 5
f 1830/2128/2093 1003/1210/1165 1008/1212/2094
f 1123/636/584 1830/2129/2095 1828/577/528
f 1125/2130/1230 1829/665/607 1830/2128/2093
f 1831/1306/581 1031/1240/1195 1834/1307/1266
f 1834/1307/1266 1025/1234/1189 1835/1309/1268
f 1835/1309/1268 1024/1232/1187 1836/1310/1269
f 1836/1310/1269 1021/712/652 1832/711/651
s 12
f 449/843/788 448/2131/2096 447/847/780
s 2
f 451/1576/1515 450/841/2097 452/2132/1526
s 18
f 461/1600/2098 1838/853/798 459/2133/797
s 23
f 511/907/844 505/903/838 1839/902/2099
s 2
f 483/1595/1539 484/2134/1541 1840/1593/2100
s 11
f 441/1575/2101 440/2135/777 1837/1573/776
s 1
f 199/16/13 1187/4/4 105/6/6
f 1212/37/33 107/36/32 23/38/34
f 1227/46/41 114/45/40 1339/47/42
f 1252/62/57 272/56/51 17/57/52
f 105/6/6 20/5/5 326/71/64
f 10/73/66 311/186/166 1282/74/67
f 24/76/68 321/125/112 1276/77/69
f 335/78/70 8/95/66 97/79/71
f 103/55/50 16/17/14 306/81/73
f 15/83/75 102/87/79 1261/84/76
f 116/90/82 1281/92/84 310/91/83
f 22/28/24 336/155/136 1291/93/85
f 1277/94/86 96/75/66 8/95/66
f 23/38/34 346/184/164 1306/99/90
f 1292/80/72 97/79/71 11/100/71
f 114/45/40 1306/99/90 356/105/95
f 305/106/96 1267/140/124 95/107/66
f 14/20/17 101/19/16 1311/109/97
f 101/19/16 13/60/55 382/110/98
f 111/63/58 17/57/52 378/111/99
f 99/113/66 12/132/66 377/114/101
f 21/65/60 111/63/58 1331/112/100
f 7/108/66 95/107/66 1262/123/110
f 108/22/19 1271/86/78 321/125/112
f 95/107/66 9/141/66 330/126/113
f 16/17/14 105/6/6 1266/72/65
f 383/130/116 1327/149/132 100/131/66
f 96/75/66 1282/74/67 341/138/122
f 1267/140/124 325/188/168 9/141/66
f 26/34/30 310/91/83 1256/142/125
f 100/131/66 1322/150/133 388/147/130
f 1327/149/132 393/783/730 1322/150/133
f 113/11/9 1276/77/69 336/155/136
f 11/100/71 351/179/159 1302/156/137
f 94/160/66 1272/161/141 330/126/113
f 10/73/66 320/181/161 1272/161/141
f 7/108/66 99/113/66 1317/115/102
s 2
f 1369/163/143 136/206/186 1459/164/144
s 1
f 1312/166/146 383/130/116 12/132/66
f 1307/171/151 98/157/138 1297/172/152
f 98/157/138 1302/156/137 372/174/154
f 17/57/52 103/55/50 1316/82/74
f 12/132/66 100/131/66 1332/148/131
f 97/79/71 1287/182/162 351/179/159
f 320/181/161 10/73/66 96/75/66
f 8/95/66 341/138/122 1287/182/162
f 107/36/32 1291/93/85 346/184/164
f 311/186/166 10/73/66 94/160/66
f 1257/187/167 94/160/66 9/141/66
f 345/101/91 11/100/71 98/157/138
f 316/124/111 1312/166/146 99/113/66
s 2
f 478/202/182 32/228/208 126/203/183
f 434/205/185 1485/277/257 136/206/186
f 445/212/192 1379/313/293 123/213/193
f 424/215/195 1384/293/273 134/216/196
f 1420/218/198 131/333/313 1425/219/199
f 134/216/196 1490/294/274 636/221/201
f 27/223/203 532/256/236 1362/224/204
f 31/225/205 126/203/183 1366/226/206
f 32/228/208 514/295/275 1366/226/206
f 411/240/220 28/269/249 121/241/221
f 30/248/228 124/273/253 1347/249/229
f 445/212/192 29/214/194 122/253/233
f 27/223/203 121/241/221 1342/255/235
f 1389/258/238 137/209/189 1489/259/239
f 1395/261/241 425/819/1547 1469/262/242
f 479/266/246 1395/261/241 118/263/243
f 477/268/248 1472/207/187 137/209/189
f 28/269/249 122/253/233 1357/270/250
f 29/214/194 512/276/256 1357/270/250
f 426/272/252 31/225/205 124/273/253
f 29/214/194 123/213/193 1362/224/204
f 1485/277/257 585/985/924 1415/278/258
f 28/269/249 548/271/251 1342/255/235
f 30/248/228 549/250/230 1356/291/271
f 31/225/205 567/227/207 1347/249/229
f 1384/293/273 462/862/801 1490/294/274
f 32/228/208 125/292/272 1356/291/271
s 3
f 568/296/276 1365/246/226 120/297/277
s 2
f 33/235/215 127/251/231 1343/257/237
f 118/263/243 1469/262/242 656/308/288
f 1473/267/247 118/263/243 1439/309/289
f 435/312/292 27/223/203 123/213/193
f 136/206/186 1415/278/258 602/317/297
f 426/272/252 1394/204/184 126/203/183
f 463/318/298 1385/274/254 124/273/253
f 638/319/299 1434/335/315 132/320/300
f 1429/321/301 132/320/300 1440/322/302
f 411/240/220 1374/254/234 122/253/233
f 435/312/292 1370/242/222 121/241/221
f 1425/219/199 131/333/313 1414/330/310
f 603/332/312 1414/330/310 131/333/313
f 463/318/298 30/248/228 125/292/272
f 478/202/182 1390/334/314 125/292/272
f 1440/322/302 132/320/300 1434/335/315
f 134/216/196 1430/222/202 654/337/317
s 5
f 1676/534/490 973/708/648 81/535/491
f 953/546/499 1676/534/490 187/536/492
f 1696/560/512 186/626/574 80/561/513
f 1691/563/515 198/620/568 86/564/516
f 1711/570/522 194/580/531 79/571/523
f 1726/584/535 953/546/499 77/547/500
f 1039/586/537 1726/584/535 185/585/536
f 1741/592/543 1039/586/537 78/587/538
f 187/536/492 81/535/491 1093/601/550
f 71/603/552 1078/716/655 1771/604/553
f 85/606/554 1088/656/601 1765/607/555
f 1102/608/556 69/625/573 179/609/557
f 185/585/536 77/547/500 1073/611/559
f 76/613/561 184/617/565 1750/614/562
f 76/613/561 1098/615/563 1760/616/564
f 184/617/565 75/550/503 1082/618/566
f 197/619/567 1745/673/614 1093/601/550
f 198/620/568 1770/622/570 1077/621/569
f 80/561/513 1107/627/575 1770/622/570
f 1766/624/572 178/605/552 69/625/573
f 186/626/574 1775/628/576 1107/627/575
f 79/571/523 1117/632/580 1775/628/576
f 1781/610/558 179/609/557 72/630/578
f 194/580/531 1790/635/583 1117/632/580
f 1790/635/583 194/580/531 1831/633/581
f 1831/633/581 1833/2136/1267 1140/634/582
f 1072/637/585 1756/671/613 177/638/552
f 75/550/503 183/549/502 1800/640/586
f 183/549/502 74/590/541 1149/641/587
f 181/644/552 73/663/552 1144/645/590
f 74/590/541 191/589/540 1815/647/592
f 191/589/540 1825/597/548 1161/648/593
f 1671/650/595 964/548/501 75/550/503
f 68/639/552 177/638/552 1751/654/599
f 190/552/505 1760/616/564 1088/656/601
f 177/638/552 70/672/552 1097/657/602
f 77/547/500 187/536/492 1755/602/551
f 1150/661/605 1816/680/621 182/662/552
f 989/562/514 80/561/513 198/620/568
f 178/605/552 1771/604/553 1108/669/611
f 959/565/517 86/564/516 197/619/567
f 1756/671/613 1092/718/657 70/672/552
f 86/564/516 1077/621/569 1745/673/614
f 182/662/552 1811/681/622 1155/678/619
f 1816/680/621 1160/1298/1255 1811/681/622
f 195/541/495 1765/607/555 1103/686/627
f 72/630/578 1118/707/647 1791/687/628
f 176/691/552 1761/692/632 1097/657/602
f 71/603/552 1087/709/649 1761/692/632
f 68/639/552 181/644/552 1806/646/591
f 1801/694/634 1150/661/605 73/663/552
f 1796/699/639 180/688/629 1786/700/640
f 180/688/629 1791/687/628 1139/702/642
f 188/652/597 1810/653/598 1159/706/646
f 999/572/524 79/571/523 186/626/574
f 73/663/552 182/662/552 1821/679/620
f 179/609/557 1776/710/650 1118/707/647
f 1666/670/612 197/619/567 81/535/491
f 1087/709/649 71/603/552 178/605/552
f 69/625/573 1108/669/611 1776/710/650
f 1078/716/655 71/603/552 176/691/552
f 1746/717/656 176/691/552 70/672/552
f 1112/631/579 72/630/578 180/688/629
f 1083/655/600 1801/694/634 181/644/552
s 1
f 314/1445/1396 311/186/166 1257/187/167
f 1264/1448/1399 318/1453/1404 319/1454/1405
f 1269/1457/1408 328/1439/1390 327/1441/1392
f 322/1465/1416 320/181/161 1277/94/86
f 344/1478/1429 341/138/122 1282/74/67
f 1290/1481/1432 1287/182/162 341/138/122
f 1294/1488/1439 1295/1490/1441 347/1489/1440
f 336/155/136 339/1467/1418 1293/1486/1437
f 1306/99/90 1308/1500/1451 362/767/713
f 347/1489/1440 345/101/91 1307/171/151
f 1313/1503/1454 384/1506/1457 385/1507/1458
f 379/1514/1465 1320/1513/1464 1317/115/102
f 1318/1509/1460 309/1456/1407 308/1458/1409
f 1328/1525/1472 406/792/737 402/784/731
s 2
f 563/953/890 562/961/898 1346/1547/1490
f 562/961/898 550/298/278 1343/257/237
f 1347/249/229 1349/1548/1491 557/956/893
f 558/958/895 1350/1550/1493 1351/1549/1492
f 1351/1549/1492 580/980/918 569/265/245
f 514/295/275 1356/291/271 1358/1556/1498
f 526/926/864 1358/1556/1498 1359/1557/1499
f 1359/1557/1499 1360/1558/1500 517/911/849
f 1360/1558/1500 1357/270/250 512/276/256
f 1356/291/271 549/250/230 559/957/894
f 1358/1556/1498 559/957/894 552/951/888
f 552/951/888 551/949/886 1360/1558/1500
f 551/949/886 548/271/251 1357/270/250
f 1364/1561/1503 1362/224/204 532/256/236
f 1364/1561/1503 515/910/848 512/276/256
s 3
f 1365/246/226 1367/1564/1505 521/919/857
s 2
f 1368/1568/1507 1366/226/206 514/295/275
s 3
f 1365/246/226 568/296/276 577/973/910
f 1367/1564/1505 577/973/910 571/978/914
s 2
f 1368/1568/1507 570/968/905 567/227/207
f 434/205/185 1369/163/143 1371/1571/1510
f 1837/1573/1512 1372/1572/1511 1373/1574/1513
f 441/1575/1514 1373/1574/1513 1370/242/222
f 409/165/145 414/797/742 1371/1571/1510
f 414/797/742 421/800/745 1372/1572/1511
f 421/800/745 422/810/753 1373/1574/1513
f 422/810/753 411/240/220 1370/242/222
f 1374/254/234 1376/1577/1516 451/1576/1515
f 1376/1577/1516 1377/1578/1518 450/841/1517
f 1379/313/293 1381/1581/1521 441/1580/1514
f 1382/1582/1523 1383/1583/1525 438/833/1524
f 1379/313/293 445/212/192 451/1584/1515
f 1382/1582/1523 452/1585/1526 449/845/1527
f 462/862/801 1384/293/273 1386/1586/1529
f 465/860/799 1386/1586/1529 1387/1587/1530
f 466/863/802 1387/1587/1530 1388/1588/1531
f 428/814/1532 433/1589/763 1387/1587/1530
f 1388/1588/1531 1387/1587/1530 433/1589/763
f 432/1590/762 430/825/1533 1388/1588/1531
f 430/825/1533 426/272/252 1385/274/254
f 464/260/240 475/872/809 1391/1591/1534
f 475/872/809 471/867/805 1392/1592/1536
f 471/867/805 470/869/807 1393/1594/1538
f 1394/204/184 1396/1597/1540 483/1596/1539
f 1396/1597/1540 1397/1598/1542 484/883/1541
f 1397/1598/1542 1398/1599/1543 486/880/819
f 1396/1597/1540 431/826/1544 432/823/1545
f 587/1000/311 1414/1616/310 1416/1613/1570
f 598/991/931 1417/1614/1571 1418/1615/1572
f 1414/1616/310 603/1012/312 612/1011/955
f 1417/1614/1571 606/1005/949 605/1003/947
f 1426/1621/1576 1427/1622/1577 594/1002/946
f 1428/1623/1578 1425/1624/199 587/1000/311
f 1426/1621/1576 634/1034/975 629/1030/970
f 1428/1623/1578 628/1027/968 621/1029/200
f 1429/1625/301 1431/1626/1579 649/1049/991
f 1431/1626/1579 1432/1627/1580 650/1041/983
f 1432/1627/1580 1433/1628/1581 641/1038/980
f 1433/1628/1581 1430/222/202 636/221/201
f 658/1066/1007 657/1056/996 1433/1628/1581
f 1441/1633/1585 1442/1634/1586 679/1087/1029
f 1442/1634/1586 1443/1635/1587 685/1084/1027
f 1443/1635/1587 1440/1636/302 672/1085/316
f 1441/1633/1585 668/1068/1009 663/1064/1004
f 1442/1634/1586 663/1064/1004 662/1061/1002
s 5
f 1100/2036/2007 1753/2035/2006 1754/2037/2008
f 1752/2033/2004 1084/2039/2010 1085/2040/2011
f 1759/2046/2017 1094/2028/1999 1092/718/657
f 1088/656/601 1091/2048/2019 1767/2055/2026
f 1107/627/575 1109/2063/2034 1772/2060/2031
f 1779/2068/2039 1776/710/650 1108/669/611
f 1119/2069/2040 1120/2070/2041 1778/2067/2038
f 1084/2039/2010 1802/2097/2061 1803/2098/2062
f 1808/2105/2069 1075/2045/2016 1074/2047/2018
f 1152/2101/2065 1818/2116/2080 1819/2117/2081
f 1819/2117/2081 1167/1296/1253 1160/1298/1255
f 1158/2114/2078 1824/2120/2084 1821/679/620
s 1
f 1236/1/1 92/70/2 1/2/2
f 1187/4/4 219/180/160 20/5/5
f 88/7/2 1181/61/56 225/8/7
f 214/10/8 24/76/68 113/11/9
f 4/13/2 89/43/2 1201/14/11
f 210/18/15 1232/162/142 101/19/16
f 224/21/18 15/83/75 108/22/19
f 3/9/2 87/27/2 1176/24/21
f 1191/26/23 215/158/139 4/13/2
f 1197/12/10 113/11/9 22/28/24
f 1207/30/26 104/96/87 19/31/27
f 1202/33/29 116/90/82 26/34/30
f 229/29/25 22/28/24 107/36/32
f 1222/40/36 112/50/45 18/41/37
f 89/43/2 2/154/2 234/44/39
f 239/39/35 23/38/34 114/45/40
f 267/49/44 25/103/93 112/50/45
f 90/51/46 5/151/46 244/52/47
f 1237/54/49 199/16/13 16/17/14
f 272/56/51 1237/54/49 103/55/50
f 278/58/53 1247/66/61 109/59/54
f 1/2/2 209/189/169 1181/61/56
f 283/64/59 1252/62/57 111/63/58
f 1247/66/61 288/2137/689 1336/67/62
f 6/68/2 277/128/114 1231/69/63
f 15/83/75 331/85/77 1271/86/78
f 102/87/79 14/20/17 315/88/80
f 115/89/81 1256/142/125 326/71/64
f 19/31/27 340/97/88 1281/92/84
f 104/96/87 1286/98/89 340/97/88
f 18/41/37 350/102/92 1286/98/89
f 112/50/45 1301/104/94 350/102/92
f 25/103/93 373/185/165 1301/104/94
f 13/60/55 109/59/54 1326/116/103
f 109/59/54 1336/67/62 394/117/104
f 1182/119/106 210/18/15 14/20/17
f 1242/120/107 283/64/59 21/65/60
f 106/121/108 21/65/60 387/118/105
f 225/8/7 1191/26/23 87/27/2
f 1192/23/20 108/22/19 24/76/68
f 93/127/2 1246/144/127 277/128/114
f 200/3/3 1/2/2 88/7/2
f 235/32/28 19/31/27 116/90/82
f 1217/133/117 249/2138/660 1340/134/118
f 110/135/119 1340/134/118 355/136/120
f 205/35/31 26/34/30 115/89/81
f 224/21/18 1182/119/106 102/87/79
f 1241/143/126 289/755/700 1246/144/127
f 282/145/128 1241/143/126 93/127/2
f 5/151/46 91/167/147 1221/152/134
f 1196/153/135 230/159/140 2/154/2
f 215/158/139 1196/153/135 89/43/2
f 230/159/140 1211/183/163 90/51/46
f 1232/162/142 278/58/53 13/60/55
f 91/167/147 1216/170/150 268/168/148
f 1226/169/149 250/731/670 1216/170/150
f 1242/120/107 106/121/108 1337/175/155
f 273/177/157 6/68/2 92/70/2
f 106/121/108 1321/122/109 392/178/158
f 245/42/38 18/41/37 104/96/87
f 1251/146/129 93/127/2 6/68/2
f 2/154/2 90/51/46 1206/53/48
f 1177/139/123 115/89/81 20/5/5
f 1217/133/117 110/135/119 25/103/93
f 1211/183/163 240/190/170 5/151/46
f 110/135/119 1296/137/121 373/185/165
f 1186/129/115 88/7/2 3/9/2
f 87/27/2 4/13/2 204/15/12
f 92/70/2 1231/69/63 209/189/169
f 240/190/170 1226/169/149 91/167/147
s 2
f 455/191/171 1409/338/318 129/192/172
f 502/194/174 1495/197/177 135/195/175
f 1495/197/177 724/1121/1063 1449/198/178
f 708/199/179 1450/326/306 130/200/180
f 1472/207/187 670/1071/1013 1435/208/188
f 1445/201/181 130/200/180 1455/210/190
f 436/229/209 1380/243/223 133/230/210
f 1375/232/212 410/805/750 1460/233/213
f 33/235/215 550/298/278 1348/236/216
f 34/193/173 129/192/172 1353/238/218
f 1380/243/223 444/842/1528 1464/244/224
s 3
f 1361/245/225 120/297/277 1365/246/226
s 2
f 455/191/171 34/193/173 127/251/231
f 34/193/173 530/239/219 1343/257/237
f 35/264/244 569/265/245 1353/238/218
f 35/264/244 128/237/217 1348/236/216
f 488/275/255 1399/252/232 127/251/231
f 1405/196/176 135/195/175 1476/279/259
f 1410/281/261 454/854/793 1481/282/262
s 3
f 1352/284/264 120/297/277 1361/245/225
s 2
f 504/286/266 1410/281/261 138/283/263
f 487/288/268 1477/1666/1632 117/289/269
f 135/195/175 1449/198/178 707/299/279
f 1494/287/267 138/283/263 1454/300/280
f 138/283/263 1481/282/262 690/302/282
f 119/234/214 1460/233/213 604/303/283
f 133/230/210 1424/307/287 586/305/285
f 133/230/210 1464/244/224 622/306/286
f 137/209/189 1435/208/188 637/310/290
f 443/314/294 1375/232/212 119/234/214
f 1465/315/295 119/234/214 1419/304/284
f 488/275/255 33/235/215 128/237/217
f 503/325/305 1404/324/304 128/237/217
f 1455/210/190 130/200/180 1450/326/306
f 117/289/269 1477/1666/1632 706/328/308
f 503/325/305 35/264/244 129/192/172
f 453/339/319 1400/290/270 117/289/269
f 117/289/269 1444/329/309 688/341/321
s 4
f 1559/342/322 144/411/323 36/343/323
f 1510/345/325 763/521/479 55/346/326
f 140/348/323 1504/402/376 769/349/328
f 758/351/329 59/417/388 165/352/330
f 39/354/323 141/384/323 1524/355/332
f 743/357/334 1510/345/325 157/347/327
f 754/359/336 1555/503/461 153/360/337
f 768/362/339 50/424/394 160/363/340
f 38/350/323 139/368/323 1499/365/342
f 1514/367/344 759/499/458 39/354/323
f 1520/353/331 165/352/330 57/369/345
f 1530/371/347 156/437/406 54/372/348
f 1525/374/350 168/431/401 61/375/351
f 773/370/346 57/369/345 159/377/353
f 1535/378/354 159/377/353 58/379/355
f 1545/381/357 164/391/366 53/382/358
f 141/384/323 37/495/323 778/385/360
f 783/380/356 58/379/355 166/386/361
f 1550/387/362 166/386/361 1662/388/363
f 811/390/365 60/444/413 164/391/366
f 142/392/323 40/492/323 788/393/367
f 1560/395/369 743/357/334 51/358/335
f 816/397/371 1560/395/369 155/396/370
f 822/399/373 1570/407/381 161/400/374
f 36/343/323 753/532/488 1504/402/376
f 1575/403/377 816/397/371 52/398/372
f 827/405/379 1575/403/377 163/404/378
f 1570/407/381 832/1166/1113 1659/408/382
f 41/409/323 821/469/434 1554/410/383
f 157/347/327 55/346/326 870/412/384
f 45/414/386 855/529/485 1605/415/387
f 59/417/388 865/466/432 1599/418/389
f 879/419/390 43/436/386 149/420/386
f 155/396/370 51/358/335 850/422/392
f 50/424/394 154/428/398 1584/425/395
f 50/424/394 875/426/396 1594/427/397
f 154/428/398 49/361/338 859/429/399
f 167/430/400 1579/483/445 870/412/384
f 168/431/401 1604/433/403 854/432/402
f 54/372/348 884/438/407 1604/433/403
f 57/369/345 880/496/456 1614/434/404
f 1600/435/405 148/416/386 43/436/386
f 156/437/406 1609/439/408 884/438/407
f 53/382/358 894/443/412 1609/439/408
f 58/379/355 890/526/483 1629/440/409
f 1615/421/391 149/420/386 46/441/410
f 164/391/366 1624/445/414 894/443/412
f 60/444/413 917/528/484 1624/445/414
f 166/386/361 1629/440/409 900/446/415
f 849/447/416 1590/481/444 147/448/386
f 49/361/338 153/360/337 1634/450/417
f 153/360/337 48/401/375 926/451/418
f 163/404/378 52/398/372 922/452/419
f 151/454/386 47/473/386 921/455/421
f 48/401/375 161/400/374 1649/457/423
f 161/400/374 1659/408/382 938/458/424
f 56/406/380 163/404/378 1654/453/420
f 1505/460/426 754/359/336 49/361/338
f 1565/461/427 827/405/379 56/406/380
f 158/462/428 56/406/380 931/459/425
f 42/449/386 147/448/386 1585/464/430
f 769/349/328 1514/367/344 139/368/323
f 1515/364/341 160/363/340 59/417/388
f 160/363/340 1594/427/397 865/466/432
f 147/448/386 44/482/386 874/467/433
f 145/468/323 1569/485/447 821/469/434
f 744/344/324 36/343/323 140/348/323
f 51/358/335 157/347/327 1589/413/385
f 927/471/436 1650/490/452 152/472/386
f 779/373/349 54/372/348 168/431/401
f 1540/474/437 793/1139/1085 1663/475/438
f 162/476/439 1663/475/438 899/477/440
f 148/416/386 1605/415/387 885/479/442
f 749/376/352 61/375/351 167/430/400
f 768/362/339 1505/460/426 154/428/398
f 1590/481/444 869/531/487 44/482/386
f 61/375/351 854/432/402 1579/483/445
f 1564/484/446 833/1175/1124 1569/485/447
f 826/486/448 1564/484/446 145/468/323
f 152/472/386 1645/491/453 932/488/450
f 1650/490/452 937/1202/1154 1645/491/453
f 40/492/323 143/508/466 1544/493/454
f 1519/494/455 774/500/459 37/495/323
f 165/352/330 1599/418/389 880/496/456
f 46/441/410 895/520/478 1625/497/457
f 759/499/458 1519/494/455 141/384/323
f 774/500/459 1534/525/482 142/392/323
f 146/501/386 1595/502/460 874/467/433
f 45/414/386 864/522/480 1595/502/460
f 1555/503/461 822/399/373 48/401/375
f 42/449/386 151/454/386 1640/456/422
s 5
f 1725/504/462 174/600/463 62/505/463
s 4
f 1635/507/465 927/471/436 47/473/386
f 143/508/466 1539/511/469 812/509/467
f 1549/510/468 794/1148/1094 1539/511/469
f 1630/512/470 150/498/410 1620/513/471
f 150/498/410 1625/497/457 916/515/473
f 1565/461/427 158/462/428 1660/516/474
f 817/518/476 41/409/323 144/411/323
f 52/398/372 155/396/370 1639/423/393
f 158/462/428 1644/463/429 936/519/477
f 789/383/359 53/382/358 156/437/406
f 1574/487/449 145/468/323 41/409/323
f 47/473/386 152/472/386 1655/489/451
f 149/420/386 1610/523/481 895/520/478
f 37/495/323 142/392/323 1529/394/368
f 1500/480/443 167/430/400 55/346/326
f 864/522/480 45/414/386 148/416/386
f 43/436/386 885/479/442 1610/523/481
f 1540/524/437 162/527/439 60/444/413
f 1534/525/482 784/533/489 40/492/323
f 159/377/353 1614/434/404 890/526/483
f 162/527/439 1619/1863/441 917/528/484
f 1509/470/435 140/348/323 38/350/323
f 139/368/323 39/354/323 748/356/333
f 855/529/485 45/414/386 146/501/386
f 1580/530/486 146/501/386 44/482/386
f 144/411/323 1554/410/383 753/532/488
f 784/533/489 1549/510/468 143/508/466
f 889/442/411 46/441/410 150/498/410
f 860/465/431 1635/507/465 151/454/386
s 5
f 170/537/463 1670/591/542 979/538/493
f 968/540/494 85/606/554 195/541/495
f 65/543/463 171/573/463 1690/544/497
f 964/548/501 1721/693/633 183/549/502
f 978/551/504 76/613/561 190/552/505
f 64/539/463 169/557/463 1665/554/507
f 1680/556/509 969/689/630 65/543/463
f 1686/542/496 195/541/495 83/558/510
f 983/559/511 83/558/510 189/566/518
f 1701/567/519 189/566/518 84/568/520
f 171/573/463 63/685/626 988/574/525
f 993/569/521 84/568/520 196/575/526
f 1716/576/527 196/575/526 1828/577/528
f 1022/579/530 1831/633/581 194/580/531
f 172/581/532 66/682/623 998/582/533
f 1045/588/539 1736/596/547 191/589/540
f 62/505/463 963/719/658 1670/591/542
f 1050/594/545 1741/592/543 193/593/544
f 1736/596/547 1055/1257/1213 1825/597/548
f 67/598/463 1044/659/603 1720/599/549
f 83/558/510 1103/686/627 1780/623/571
f 84/568/520 1113/714/654 1795/629/577
f 196/575/526 1795/629/577 1123/636/584
f 193/593/544 78/587/538 1145/642/588
f 82/595/546 193/593/544 1820/643/589
f 1731/651/596 1050/594/545 82/595/546
f 188/652/597 82/595/546 1154/649/594
f 979/538/493 1680/556/509 169/557/463
f 1681/553/506 190/552/505 85/606/554
f 175/658/463 1735/675/616 1044/659/603
f 954/506/464 62/505/463 170/537/463
f 1706/664/606 1003/1210/1165 1829/665/607
f 192/666/608 1829/665/607 1122/667/609
f 978/551/504 1671/650/595 184/617/565
f 1730/674/615 1056/1267/1224 1735/675/616
f 1049/676/617 1730/674/615 175/658/463
f 66/682/623 173/695/635 1710/683/624
f 1685/684/625 984/690/631 63/685/626
f 969/689/630 1685/684/625 171/573/463
f 984/690/631 1700/713/653 172/581/532
f 1721/693/633 1045/588/539 74/590/541
f 173/695/635 1705/698/638 1023/696/636
f 1715/697/637 1004/1220/1175 1705/698/638
f 1731/651/596 188/652/597 1826/703/643
f 1040/705/645 67/598/463 174/600/463
f 78/587/538 185/585/536 1805/612/560
f 1740/677/618 175/658/463 67/598/463
f 63/685/626 172/581/532 1695/583/534
f 1706/664/606 192/666/608 1832/711/651
f 1700/713/653 994/720/659 66/682/623
f 189/566/518 1780/623/571 1113/714/654
f 1140/715/582 1833/1308/1267 1832/711/651
f 1832/711/651 192/666/608 1140/715/582
f 1675/660/604 170/537/463 64/539/463
f 169/557/463 65/543/463 958/545/498
f 174/600/463 1720/599/549 963/719/658
f 994/720/659 1715/697/637 173/695/635
s 1
f 249/721/660 252/724/663 255/722/661
f 252/724/663 253/734/673 256/725/664
f 254/723/662 255/722/661 266/726/665
f 255/722/661 256/725/664 257/728/667
f 258/729/668 261/733/672 260/730/669
f 259/732/671 262/735/674 261/733/672
f 261/733/672 256/725/664 253/734/673
f 262/735/674 257/728/667 256/725/664
f 251/736/43 263/1539/677 265/737/675
f 264/738/676 265/737/675 262/735/679
f 265/737/675 266/726/678 257/728/681
f 287/176/156 290/2139/684 292/739/682
f 291/744/683 292/743/682 304/745/686
f 292/743/682 293/742/685 294/747/688
f 288/748/689 295/751/692 298/749/690
f 295/751/692 296/757/1383 299/752/693
f 297/750/694 298/749/690 293/742/695
f 298/749/690 299/752/693 294/747/697
f 300/753/698 303/756/701 302/754/699
f 301/746/687 304/745/686 303/756/701
f 303/756/701 299/752/703 296/757/702
f 304/745/686 294/747/688 299/752/703
f 355/136/120 364/2140/706 359/758/704
f 358/759/705 359/758/704 371/762/708
f 359/758/704 360/761/2102 361/764/710
f 356/105/95 362/767/713 365/765/711
f 362/767/713 363/772/720 366/768/714
f 365/765/711 366/768/714 361/764/716
f 367/769/717 370/771/719 369/770/718
f 368/763/709 371/762/721 370/771/719
f 370/771/719 366/768/714 363/772/720
f 371/762/721 361/764/716 366/768/714
f 392/178/158 395/1515/724 398/773/722
f 395/775/724 396/787/733 399/776/725
f 398/777/722 399/776/725 400/780/727
f 401/781/728 404/785/732 403/782/729
f 402/784/731 405/789/734 404/785/732
f 404/786/732 399/776/735 396/787/733
f 405/789/734 400/795/740 399/790/735
f 394/117/104 397/1534/738 407/791/736
f 406/792/737 407/791/736 405/789/734
f 407/791/736 408/794/2103 400/795/740
s 2
f 412/796/741 415/799/744 414/797/742
f 413/798/743 420/801/746 415/799/744
f 415/799/744 416/802/747 421/800/745
f 417/803/748 420/807/746 419/804/749
f 421/800/745 416/802/747 423/809/752
s 8
f 430/825/764 432/1590/2104 431/826/765
s 15
f 449/845/785 452/1585/2105 450/846/786
s 2
f 465/860/799 468/864/803 467/861/800
f 466/863/802 469/2141/811 468/864/803
f 471/867/805 469/874/811 472/868/806
f 472/868/806 469/2141/811 466/863/802
f 473/871/808 476/873/810 475/872/809
f 474/866/804 468/865/803 476/873/810
f 476/873/810 469/874/811 471/867/805
s 19
f 480/875/812 486/878/2106 481/876/813
s 20
f 480/875/815 1840/2142/2107 482/877/816
s 22
f 482/877/822 1840/2142/2108 484/883/823
s 2
f 490/884/825 493/887/828 492/885/826
f 491/886/827 494/2143/830 493/887/828
f 493/887/828 501/890/831 499/888/829
f 496/891/832 494/2144/830 497/892/833
f 497/892/833 494/2143/830 491/886/827
f 498/895/835 501/897/831 500/896/836
f 501/897/831 494/2144/830 496/891/832
s 23
f 510/904/841 505/903/838 511/907/844
s 2
f 515/910/848 518/913/851 517/911/849
f 516/912/850 519/915/2109 518/913/851
f 518/913/851 520/916/854 527/914/852
s 3
f 513/247/227 521/919/857 524/917/855
f 521/919/857 522/1565/1506 525/920/858
f 523/918/856 524/917/855 519/921/859
f 524/917/855 525/920/858 520/923/861
s 2
f 514/295/275 526/926/864 529/924/862
f 527/914/852 520/916/854 529/924/862
f 529/924/862 525/929/2110 522/927/865
f 533/930/867 536/933/870 535/931/868
f 534/932/869 537/935/2111 536/933/870
f 536/933/870 538/936/873 545/934/871
s 3
f 531/285/265 539/939/876 542/937/874
f 539/939/876 540/1560/1502 543/940/877
f 541/941/875 542/942/874 537/935/878
f 542/942/874 543/948/877 538/943/880
s 2
f 544/944/881 547/946/883 546/945/882
f 545/934/871 538/936/873 547/946/883
f 547/946/883 543/948/2112 540/947/884
f 551/949/886 554/952/889 553/950/887
f 552/951/888 555/960/897 554/952/889
f 554/952/889 566/955/892 563/953/890
f 554/952/889 555/960/897 556/954/891
f 557/956/893 560/959/896 559/957/894
f 558/958/895 561/964/901 560/959/896
f 560/959/896 555/960/897 552/951/888
f 560/959/896 561/964/901 556/954/891
f 562/961/898 565/963/900 564/962/899
f 563/953/890 566/955/892 565/963/900
f 565/963/900 561/964/901 558/958/895
f 565/963/900 566/955/892 556/954/891
f 567/227/207 570/968/905 573/965/902
f 571/967/904 574/970/907 573/965/902
f 573/965/902 584/971/908 581/969/906
s 3
f 568/296/276 575/1551/911 578/972/909
f 575/974/911 576/983/1495 579/975/912
f 577/973/910 578/972/909 574/977/913
s 26
f 578/972/915 579/2145/2113 584/979/916
s 2
f 580/980/918 583/982/920 582/981/919
f 581/969/906 584/971/922 583/982/920
f 583/982/920 579/975/923 576/983/921
f 585/985/924 588/989/1639 591/986/925
s 27
f 589/988/927 596/997/2114 591/986/928
s 2
f 590/987/926 591/986/925 601/990/930
s 27
f 591/986/928 596/997/2114 592/992/932
s 2
f 586/305/285 593/995/936 596/993/934
f 593/995/936 594/1002/946 601/996/937
f 597/998/942 600/1001/944 599/999/943
f 598/991/931 601/990/930 600/1001/944
f 600/1001/945 601/996/937 594/1002/946
f 605/1003/947 608/1006/950 607/1004/948
f 606/1005/949 609/1008/952 608/1006/950
f 608/1006/950 619/1009/953 616/1007/951
f 609/1008/952 614/1015/958 619/1009/953
f 610/1010/954 613/1014/957 612/1011/955
f 611/1013/956 614/1019/958 613/1014/957
f 613/1014/957 609/1008/952 606/1005/949
f 615/1016/959 618/1018/961 617/1017/960
f 616/1007/951 619/1009/953 618/1018/961
f 618/1018/961 614/1019/958 611/1013/956
f 620/316/296 623/1022/964 635/1020/962
f 623/1022/964 624/1032/973 626/1023/965
f 628/1027/968 631/1031/972 630/1028/969
f 629/1030/970 626/1036/978 631/1031/971
f 631/1031/972 626/1023/965 624/1032/973
f 622/306/286 632/1035/976 635/1033/974
f 634/1034/975 635/1033/974 626/1036/978
f 639/1037/979 642/1040/982 641/1038/980
f 640/1039/981 643/1042/984 642/1040/982
f 642/1040/982 653/1043/985 650/1041/983
f 643/1042/984 648/1048/990 653/1043/985
f 644/1044/986 647/1047/989 646/1045/987
f 645/1046/988 648/1053/990 647/1047/989
f 647/1047/989 643/1042/984 640/1039/981
f 649/1049/991 652/1052/993 651/1050/992
f 650/1041/983 653/1043/985 652/1052/993
f 652/1052/993 648/1053/990 645/1046/988
f 654/337/317 657/1056/996 669/1054/994
f 657/1056/996 658/1066/1007 660/1057/997
f 662/1061/1002 665/1065/1006 664/1062/1003
f 663/1064/1004 660/1070/1012 665/1065/1005
f 665/1065/1006 660/1057/997 658/1066/1007
f 656/308/288 666/1069/1010 669/1067/1008
f 668/1068/1009 669/1067/1008 660/1070/1012
f 670/1071/1013 673/1074/1620 675/1072/1014
f 673/1074/1016 680/1660/1622 676/1075/1017
f 674/1073/1015 675/1072/1014 687/1076/1018
f 675/1072/1014 676/1075/1017 677/1078/1020
f 671/311/291 678/1081/1023 681/1079/1021
f 678/1081/1023 679/1087/1029 682/1082/1024
f 681/1079/1021 682/1082/1024 677/1078/1020
f 683/1083/1026 686/1086/1028 685/1084/1027
f 684/1077/1019 687/1076/1018 686/1086/1028
f 686/1086/1028 682/1082/1024 679/1087/1029
f 687/1076/1018 677/1078/1020 682/1082/1024
f 688/341/321 691/1090/1032 694/1088/1030
f 691/1090/1032 692/1100/1042 695/1091/1033
f 693/1089/1034 694/1088/1030 705/1092/1035
f 694/1088/1030 695/1091/1033 696/1094/1037
f 697/1095/1038 700/1099/1041 699/1096/1039
f 698/1098/1040 701/1101/1043 700/1099/1041
f 700/1099/1041 695/1091/1033 692/1100/1042
f 701/1101/1043 696/1094/1037 695/1091/1033
f 690/302/282 702/1668/1046 704/1102/1044
f 703/1103/1045 704/1102/1044 701/1101/1043
f 704/1102/1044 705/1092/1047 696/1094/1037
f 709/1104/1048 712/1107/1051 711/1105/1049
f 710/1106/1050 713/1109/1053 712/1107/1051
f 712/1107/1051 723/1110/1054 720/1108/1052
f 713/1109/1053 718/1115/1059 723/1110/1054
f 714/1111/1055 717/1114/1058 716/1112/1056
f 715/1113/1057 718/1120/1059 717/1114/1058
f 717/1114/1058 713/1109/1053 710/1106/1050
f 719/1116/1060 722/1119/1062 721/1117/1061
f 720/1108/1052 723/1110/1054 722/1119/1062
f 722/1119/1062 718/1120/1059 715/1113/1057
f 724/1121/1063 727/1125/1067 730/1122/1064
f 728/1124/1066 731/1127/1069 730/1122/1064
f 730/1122/1064 742/1128/1070 739/1126/1068
f 731/1127/1069 732/1133/2115 742/1128/1070
f 725/301/281 733/1131/1073 736/1129/1071
f 733/1131/1073 734/1138/1595 737/1132/1074
f 735/1130/1072 736/1129/1071 731/1127/1075
f 736/1129/1071 737/1132/1074 732/1133/1077
f 738/1134/1079 741/1137/1081 740/1135/1080
f 739/1126/1068 742/1128/1083 741/1137/1081
f 741/1137/1081 737/1132/1084 734/1138/1082
f 742/1128/1083 732/1133/2116 737/1132/1084
s 4
f 793/1139/1085 796/1142/1088 799/1140/1086
f 796/1142/1088 797/1151/1097 800/1143/1089
f 799/1140/1086 800/1143/1089 801/1145/1091
f 802/1146/1092 805/1150/1096 804/1147/1093
f 803/1149/1095 806/1152/1098 805/1150/1096
f 805/1150/1096 800/1143/1089 797/1151/1097
f 806/1152/1098 801/1145/1091 800/1143/1089
f 795/389/364 807/1898/2117 809/1153/1099
f 807/1155/1101 798/2146/2118 810/1144/1102
f 808/1157/1100 809/1156/1099 806/1152/1103
f 809/1156/1099 810/1144/1102 801/1145/1105
f 831/1158/475 834/2147/1108 836/1159/1106
f 835/1160/1107 836/1159/1106 848/1163/1110
f 836/1159/1106 837/1162/1109 838/1165/1112
f 832/1166/1113 839/1797/1116 842/1167/1114
f 839/1169/1116 840/1177/1776 843/1170/1117
f 841/1172/1118 842/1171/1114 837/1162/1119
f 842/1171/1114 843/1170/1117 838/1165/1121
f 844/1173/1122 847/1176/1125 846/1174/1123
f 845/1164/1111 848/1163/1110 847/1176/1125
f 847/1176/1125 843/1170/1127 840/1177/1126
f 848/1163/1110 838/1165/1112 843/1170/1127
f 899/1178/440 902/2148/1130 904/1179/1128
f 903/1180/1129 904/1179/1128 915/1183/1132
f 904/1179/1128 905/1182/2119 906/1185/1134
f 900/446/415 907/1188/1137 909/1186/1135
f 907/1188/1137 908/1193/1144 910/1189/1138
f 909/1186/1135 910/1189/1138 906/1185/1140
f 911/1190/1141 914/1192/1143 913/1191/1142
f 912/1184/1133 915/1183/1145 914/1192/1143
f 914/1192/1143 910/1189/1138 908/1193/1144
f 915/1183/1145 906/1185/1140 910/1189/1138
f 936/519/477 939/1196/1148 942/1194/1146
f 939/1196/1148 940/1205/1157 943/1197/1149
f 942/1194/1146 943/1197/1149 944/1199/1151
f 945/1200/1152 948/1204/1156 947/1201/1153
f 946/1203/1155 949/1206/1158 948/1204/1156
f 948/1204/1156 943/1197/1159 940/1205/1157
f 949/1206/1158 944/1199/1164 943/1197/1159
f 938/458/424 941/1895/1162 951/1207/1160
f 950/1208/1161 951/1207/1160 949/1206/1158
f 951/1207/1160 952/1198/2120 944/1199/1164
s 5
f 1003/1210/1165 1006/1213/1168 1009/1211/1166
f 1006/1213/1168 1007/1223/1178 1010/1214/1169
f 1008/1212/1167 1009/1211/1166 1020/1215/1170
f 1009/1211/1166 1010/1214/1169 1011/1217/1172
f 1012/1218/1173 1015/1222/1177 1014/1219/1174
f 1013/1221/1176 1016/1224/1179 1015/1222/1177
f 1015/1222/1177 1010/1214/1169 1007/1223/1178
f 1016/1224/1179 1011/1217/1172 1010/1214/1169
f 1005/578/529 1017/2127/1182 1019/1225/1180
f 1018/1226/1181 1019/1225/1180 1016/1229/1184
f 1019/1225/1180 1020/1228/1183 1011/1231/1186
f 1024/1232/1187 1027/1235/1190 1026/1233/1188
f 1025/1234/1189 1028/1244/1192 1027/1235/1190
f 1027/1235/1190 1038/1238/1193 1035/1236/1191
f 1029/1239/1194 1032/1243/1197 1031/1240/1195
f 1030/1242/1196 1033/1245/1198 1032/1243/1197
f 1031/1240/1195 1032/1243/1197 1028/1244/1192
f 1023/696/636 1034/1248/1201 1037/1246/1199
f 1034/1248/1201 1035/1236/1191 1038/1238/1202
f 1036/1247/1200 1037/1246/1199 1033/1245/1203
f 1037/1246/1205 1038/1238/1193 1028/1237/1192
f 1054/1249/644 1057/2149/1208 1059/1250/1206
f 1058/1251/1207 1059/1250/1206 1071/1254/1210
f 1059/1250/1206 1060/1253/1209 1061/1256/1212
f 1055/1257/1213 1062/1260/1216 1065/1258/1214
f 1062/1260/1216 1063/2018/1990 1066/1261/1217
f 1064/1259/1218 1065/1258/1214 1060/1262/1219
f 1065/1258/1214 1066/1261/1217 1061/1264/1221
f 1067/1265/1222 1070/1268/1225 1069/1266/1223
f 1068/1255/1211 1071/1254/1210 1070/1268/1225
f 1070/1268/1225 1066/1270/1227 1063/1269/1226
f 1071/1254/1210 1061/1256/1212 1066/1270/1227
f 1122/667/609 1125/2130/1230 1127/1271/1228
f 1126/1272/1229 1127/1271/1228 1138/1275/1232
f 1127/1271/1228 1128/1274/1231 1129/1277/1234
f 1123/636/584 1130/1280/1237 1132/1278/1235
f 1130/1280/1237 1131/2093/1244 1133/1281/1238
f 1132/1278/1235 1133/1281/1238 1129/1283/1240
f 1134/1284/1241 1137/1287/1243 1136/1285/1242
f 1135/1276/1233 1138/1275/1245 1137/1287/1243
f 1137/1287/1243 1133/1289/1238 1131/1288/1244
f 1138/1275/1245 1129/1277/1240 1133/1289/1238
f 1159/706/646 1162/1292/1248 1164/1290/1246
f 1162/1292/1248 1163/1301/1258 1165/1293/1249
f 1164/1290/1246 1165/1293/1249 1166/1295/1251
f 1167/1296/1253 1170/1300/1257 1169/1297/1254
f 1168/1299/1256 1171/1302/1259 1170/1300/1257
f 1170/1300/1257 1165/1293/1260 1163/1301/1258
f 1171/1302/1259 1166/1295/1265 1165/1293/1260
f 1161/648/593 1172/2122/1263 1174/1303/1261
f 1173/1304/1262 1174/1303/1261 1171/1302/1259
f 1174/1303/1261 1175/1294/1264 1166/1295/1265
s 1
f 220/25/22 1176/24/21 1178/1311/1270
f 223/1313/1271 1178/1319/1270 1179/1314/1272
f 222/1315/1274 1179/1314/1279 1180/1316/1275
f 1180/1316/1275 1177/139/123 219/180/160
f 1176/24/21 204/15/12 206/1318/1277
f 1178/1319/1270 206/1358/1277 207/1320/1278
f 1179/1314/1279 207/1320/1317 208/1321/1280
f 208/1321/1280 205/35/31 1177/139/123
f 1181/61/56 1183/1323/1282 228/1322/1281
f 1183/1323/1282 1184/1325/1288 227/1324/1283
f 1184/1325/1284 1185/1331/1290 226/1326/1285
f 226/1326/1285 1185/1331/1290 1182/1327/106
f 209/189/169 211/1329/1287 1183/1323/1282
f 211/1329/1287 212/1330/1356 1184/1325/1288
f 212/1330/1289 213/1402/1358 1185/1331/1290
f 1185/1331/1290 213/1402/1358 210/1332/15
f 1186/129/115 1188/1339/1292 203/1333/1291
f 1188/1334/1292 1189/1337/1297 202/1335/1293
f 1189/1337/1294 1190/1340/1298 201/1338/1295
f 201/1338/1295 1190/1340/1298 1187/4/4
f 220/25/22 223/1312/1271 1188/1339/1292
f 223/1313/1271 222/1315/1273 1189/1337/1297
f 222/1315/1274 221/1317/1276 1190/1340/1298
f 1190/1340/1298 221/1317/1276 219/180/160
f 215/158/139 1191/26/23 1193/1341/1299
f 218/1342/1300 1193/1341/1299 1194/1343/1301
f 217/1344/1303 1194/1343/1306 1195/1345/1304
f 1195/1345/1304 1192/1348/20 214/1347/8
f 1191/26/23 225/8/7 228/1322/1281
f 1193/1341/1299 228/1322/1281 227/1324/1283
f 1194/1343/1306 227/1324/1286 226/1326/1285
f 226/1326/1285 224/1328/18 1192/1348/20
f 230/159/140 1196/153/135 1198/1349/1307
f 233/1350/1308 1198/1349/1307 1199/1351/1309
f 232/1352/1311 1199/1351/1314 1200/1353/1312
f 1200/1353/1312 1197/1356/10 229/1355/25
f 1196/153/135 215/158/139 218/1342/1300
f 1198/1349/1307 218/1342/1300 217/1344/1302
f 1199/1351/1314 217/1344/1303 216/1346/1305
f 216/1346/1305 214/1347/8 1197/1356/10
f 204/15/12 1201/14/11 1203/1357/1315
f 206/1358/1277 1203/1362/1315 1204/1359/1316
f 207/1320/1317 1204/1359/1321 1205/1360/1318
f 1205/1360/1318 1202/33/29 205/35/31
f 1201/14/11 234/44/39 236/1361/1319
f 1203/1362/1315 236/1366/1319 237/1363/1320
f 1204/1359/1321 237/1363/1325 238/1364/1322
f 238/1364/1322 235/32/28 1202/33/29
f 234/44/39 1206/53/48 1208/1365/1323
f 236/1366/1319 1208/1370/1323 1209/1367/1324
f 237/1363/1325 1209/1367/1329 1210/1368/1326
f 1210/1368/1326 1207/30/26 235/32/28
f 1206/53/48 244/52/47 246/1369/1327
f 1208/1370/1323 246/1391/1327 247/1371/1328
f 1209/1367/1329 247/1371/1347 248/1372/1330
f 248/1372/1330 245/42/38 1207/30/26
f 240/190/170 1211/183/163 1213/1373/1331
f 243/1374/1332 1213/1373/1331 1214/1375/1333
f 242/1376/1335 1214/1375/1338 1215/1377/1336
f 1215/1377/1336 1212/1380/33 239/1379/35
f 1211/183/163 230/159/140 233/1350/1308
f 1213/1373/1331 233/1350/1308 232/1352/1310
f 1214/1375/1338 232/1352/1311 231/1354/1313
f 231/1354/1313 229/1355/25 1212/1380/33
f 1216/170/150 1218/1382/1340 271/1381/1339
f 1218/1382/1340 1219/1384/1342 270/1383/1341
f 1219/1384/1342 1220/1388/1344 269/1385/1343
f 1220/1386/1344 1217/133/117 267/49/44
f 250/731/670 260/730/669 1218/1382/1340
f 260/730/669 253/734/673 1219/1384/1342
f 253/734/673 252/724/663 1220/1388/1344
f 252/724/663 249/721/660 1217/1389/117
f 244/52/47 1221/152/134 1223/1390/1345
f 246/1391/1327 1223/1394/1349 1224/1392/1346
f 247/1371/1347 1224/1392/1350 1225/1393/1348
f 248/1372/1330 1225/1393/1348 1222/40/36
f 1221/152/134 268/168/148 271/1381/1339
f 1223/1394/1349 271/2150/1339 270/1395/1341
f 1224/1392/1350 270/1395/1341 269/1387/1343
f 269/1387/1343 267/49/44 1222/40/36
f 250/731/670 1226/169/149 1228/1396/1351
f 258/729/668 1228/1396/1351 1229/1397/1352
f 259/732/680 1229/1397/1354 1230/1398/1353
f 264/738/676 1230/1398/1353 1227/1399/41
f 1226/169/149 240/190/170 243/1374/1332
f 1228/1396/1351 243/1374/1332 242/1376/1334
f 1229/1397/1354 242/1376/1335 241/1378/1337
f 1230/1398/1353 241/1378/1337 239/1379/35
f 1231/69/63 1233/1400/1355 211/1329/1287
f 1233/1400/1355 1234/1401/1360 212/1330/1356
f 1234/1401/1357 1235/1406/1362 213/1402/1358
f 213/1402/1358 1235/1406/1362 1232/1403/142
f 277/128/114 279/1404/1359 1233/1400/1355
f 279/1404/1359 280/1405/1378 1234/1401/1360
f 280/1405/1361 281/1426/1380 1235/1406/1362
f 1235/1407/1362 281/1428/1380 278/58/53
f 1236/1/1 1238/1414/1364 276/1408/1363
f 1238/1409/1364 1239/1412/1369 275/1410/1365
f 1239/1412/1366 1240/1415/1370 274/1413/1367
f 274/1413/1367 1240/1415/1370 1237/54/49
f 200/3/3 203/1333/1291 1238/1414/1364
f 203/1336/1291 202/1335/1293 1239/1412/1369
f 202/1335/1296 201/1338/1295 1240/1415/1370
f 1240/1415/1370 201/1338/1295 199/16/13
f 289/755/700 1241/143/126 1243/1416/1371
f 300/753/698 1243/1416/1371 1244/1417/1372
f 301/1418/687 1244/1422/1372 1245/1419/1373
f 291/740/683 1245/1419/1373 1242/120/107
f 1241/143/126 282/145/128 284/1420/1374
f 1243/1416/1371 284/1420/1374 285/1421/1375
f 1244/1422/1372 285/1432/1375 286/1423/1376
f 1245/1419/1373 286/1423/1376 283/64/59
f 1246/144/127 1248/1424/1377 279/1404/1359
f 1248/1424/1377 1249/1425/1382 280/1405/1378
f 1249/1425/1379 1250/1429/1381 281/1426/1380
f 1250/1427/1381 1247/66/61 278/58/53
f 289/755/700 302/754/699 1248/1424/1377
f 302/754/699 296/757/702 1249/1425/1382
f 296/757/1383 295/751/692 1250/1429/1381
f 295/1430/692 288/2137/689 1247/66/61
f 1251/146/129 1253/1435/1384 284/1420/1374
f 1253/1431/1384 1254/1434/1386 285/1432/1375
f 1254/1434/1385 1255/1436/1387 286/1423/1376
f 286/1423/1376 1255/1436/1387 1252/62/57
f 273/177/157 276/1408/1363 1253/1435/1384
f 276/1411/1363 275/1410/1365 1254/1434/1386
f 275/1410/1368 274/1413/1367 1255/1436/1387
f 274/1413/1367 272/56/51 1252/62/57
f 1256/142/125 1258/1438/1389 329/1437/1388
f 1258/1438/1389 1259/1440/1391 328/1439/1390
f 1259/1440/1391 1260/1442/1393 327/1441/1392
f 1260/1442/1393 1257/187/167 325/188/168
f 310/91/83 312/1443/1394 1258/1438/1389
f 312/1443/1394 313/1444/1395 1259/1440/1391
f 313/1444/1395 314/1445/1396 1260/1442/1393
f 331/85/77 1261/84/76 1263/1446/1397
f 334/1447/1398 1263/1446/1397 1264/1448/1399
f 333/1449/1400 1264/1448/1399 1265/1450/1401
f 332/1451/1402 1265/1450/1401 1262/123/110
f 1261/84/76 315/88/80 317/1452/1403
f 1263/1446/1397 317/1452/1403 318/1453/1404
f 1265/1450/1401 319/1454/1405 316/124/111
f 306/81/73 1266/72/65 1268/1455/1406
f 309/1456/1407 1268/1455/1406 1269/1457/1408
f 308/1458/1409 1269/1457/1408 1270/1459/1410
f 307/1460/1411 1270/1459/1410 1267/140/124
f 1266/72/65 326/71/64 329/1437/1388
f 1268/1455/1406 329/1437/1388 328/1439/1390
f 1270/1459/1410 327/1441/1392 325/188/168
f 1271/86/78 1273/1462/1413 324/1461/1412
f 1273/1462/1413 1274/1464/1415 323/1463/1414
f 1274/1464/1415 1275/1466/1417 322/1465/1416
f 1275/1466/1417 1272/161/141 320/181/161
f 331/85/77 334/1447/1398 1273/1462/1413
f 334/1447/1398 333/1449/1400 1274/1464/1415
f 333/1449/1400 332/1451/1402 1275/1466/1417
f 332/1451/1402 330/126/113 1272/161/141
f 1276/77/69 1278/1468/1419 339/1467/1418
f 1278/1468/1419 1279/1470/1421 338/1469/1420
f 1279/1470/1421 1280/1472/1423 337/1471/1422
f 1280/1472/1423 1277/94/86 335/78/70
f 321/125/112 324/1461/1412 1278/1468/1419
f 324/1461/1412 323/1463/1414 1279/1470/1421
f 323/1463/1414 322/1465/1416 1280/1472/1423
f 1281/92/84 1283/1473/1424 312/1443/1394
f 1283/1473/1424 1284/1474/1425 313/1444/1395
f 1284/1474/1425 1285/1475/1426 314/1445/1396
f 1285/1475/1426 1282/74/67 311/186/166
f 340/97/88 342/1476/1427 1283/1473/1424
f 342/1476/1427 343/1477/1428 1284/1474/1425
f 343/1477/1428 344/1478/1429 1285/1475/1426
f 1286/98/89 1288/1479/1430 342/1476/1427
f 1288/1479/1430 1289/1480/1431 343/1477/1428
f 1289/1480/1431 1290/1481/1432 344/1478/1429
f 350/102/92 352/1482/1433 1288/1479/1430
f 352/1482/1433 353/1483/1434 1289/1480/1431
f 353/1483/1434 354/1484/1435 1290/1481/1432
f 354/1484/1435 351/179/159 1287/182/162
f 1291/93/85 1293/1486/1437 349/1485/1436
f 1293/1486/1437 1294/1488/1439 348/1487/1438
f 1295/1490/1441 1292/80/72 345/101/91
f 339/1467/1418 338/1469/1420 1294/1488/1439
f 338/1469/1420 337/1471/1422 1295/1490/1441
f 337/1471/1422 335/78/70 1292/80/72
f 373/185/165 1296/137/121 1298/1491/1442
f 376/1492/1443 1298/1491/1442 1299/1493/1444
f 375/1494/1445 1299/1493/1444 1300/1495/1446
f 374/1496/1447 1300/1495/1446 1297/172/152
f 1296/137/121 355/136/120 358/759/705
f 1298/1491/1442 358/759/705 368/763/709
f 1299/1493/1444 368/763/709 367/769/717
f 1300/1495/1446 367/769/717 357/173/153
f 1301/104/94 1303/1497/1448 352/1482/1433
f 1303/1497/1448 1304/1498/1449 353/1483/1434
f 1304/1498/1449 1305/1499/1450 354/1484/1435
f 1305/1499/1450 1302/156/137 351/179/159
f 373/185/165 376/1492/1443 1303/1497/1448
f 376/1492/1443 375/1494/1445 1304/1498/1449
f 375/1494/1445 374/1496/1447 1305/1499/1450
f 374/1496/1447 372/174/154 1302/156/137
f 1308/1500/1451 1309/1501/1452 363/772/720
f 1309/1501/1452 1310/1502/1453 369/770/718
f 1310/1502/1453 1307/171/151 357/173/153
f 346/184/164 349/1485/1436 1308/1500/1451
f 349/1485/1436 348/1487/1438 1309/1501/1452
f 348/1487/1438 347/1489/1440 1310/1502/1453
f 315/88/80 1311/109/97 1313/1503/1454
f 317/1452/1403 1313/1503/1454 1314/1504/1455
f 318/1453/1404 1314/1504/1455 1315/1505/1456
f 319/1454/1405 1315/1505/1456 1312/166/146
f 1311/109/97 382/110/98 384/1506/1457
f 1314/1504/1455 385/1507/1458 386/1508/1459
f 1315/1505/1456 386/1508/1459 383/130/116
f 378/111/99 1316/82/74 1318/1509/1460
f 381/1510/1461 1318/1509/1460 1319/1511/1462
f 380/1512/1463 1319/1511/1462 1320/1513/1464
f 1316/82/74 306/81/73 309/1456/1407
f 1319/1511/1462 308/1458/1409 307/1460/1411
f 1320/1513/1464 307/1460/1411 305/106/96
f 1321/122/109 1323/2151/1466 395/1515/724
f 1323/1516/1466 1324/1517/1467 396/787/733
f 1324/1517/1467 1325/1523/1468 403/788/729
f 1325/1518/1468 1322/150/133 393/783/730
f 387/1519/105 389/1521/1469 1323/1516/1466
f 389/1521/1469 390/1522/1470 1324/1517/1467
f 390/1522/1470 391/2152/1471 1325/1523/1468
f 391/1524/1471 388/147/130 1322/150/133
f 382/110/98 1326/116/103 1328/1525/1472
f 384/1506/1457 1328/1525/1472 1329/1526/1473
f 385/1507/1458 1329/1526/1473 1330/1527/1474
f 386/1508/1459 1330/1527/1474 1327/149/132
f 1326/116/103 394/117/104 406/792/737
f 1329/1526/1473 402/784/731 401/781/728
f 1330/1527/1474 401/781/728 393/783/730
f 387/118/105 1331/112/100 1333/1528/1475
f 389/1529/1469 1333/1528/1475 1334/1530/1476
f 390/1531/1470 1334/1530/1476 1335/1532/1477
f 391/1524/1471 1335/1532/1477 1332/148/131
f 1331/112/100 378/111/99 381/1510/1461
f 1333/1528/1475 381/1510/1461 380/1512/1463
f 1334/1530/1476 380/1512/1463 379/1514/1465
f 1335/1532/1477 379/1514/1465 377/114/101
f 394/117/104 1336/67/62 1338/1533/1478
f 397/774/723 1338/1537/1482 1337/175/155
f 1336/67/62 288/2137/689 297/1535/1479
f 1338/1537/1482 290/2139/684 287/176/156
f 1339/1538/42 1341/1542/1487 263/1539/1483
f 1341/1540/1486 1340/1544/118 249/721/660
f 356/1541/95 364/2153/712 1341/1542/1487
f 364/1543/706 355/2154/120 1340/1544/118
s 2
f 532/256/236 1342/255/235 1344/1545/1488
f 544/944/881 1344/1545/1488 1345/1546/1489
f 1345/1546/1489 1346/1547/1490 535/931/868
f 1346/1547/1490 1343/257/237 530/239/219
f 1342/255/235 548/271/251 553/950/887
f 1344/1545/1488 553/950/887 563/953/890
f 1349/1548/1491 1350/1550/1493 558/958/895
f 564/962/899 1351/1549/1492 1348/236/216
f 567/227/207 572/966/903 1349/1548/1491
f 572/966/903 581/969/906 1350/1550/1493
f 1350/1550/1493 581/969/906 580/980/918
s 3
f 1352/284/264 1354/1554/1494 575/1551/911
f 1354/1552/1494 1355/1555/1497 576/983/1495
s 2
f 1355/1553/1496 1353/238/218 569/265/245
s 3
f 1352/284/264 531/285/265 541/938/875
f 1354/1552/1494 541/941/875 534/932/879
s 2
f 1355/1553/1496 533/930/867 530/239/219
s 3
f 1361/245/225 1363/1559/1501 539/939/876
f 1363/1559/1501 1364/1562/1504 540/1560/1502
f 1361/245/225 513/247/227 523/918/856
f 1363/1559/1501 523/918/856 516/922/860
f 1367/1564/1505 1368/1569/1508 522/1565/1506
s 2
f 438/829/767 1371/1571/1510 1372/1572/1511
f 1377/1578/1518 1378/1579/1520 447/838/1519
f 1378/1579/1520 1375/232/212 443/314/294
f 1374/254/234 411/240/220 422/811/753
f 1376/1577/1516 422/811/753 418/812/751
f 1377/1578/1518 418/812/751 417/803/748
f 1378/1579/1520 417/803/748 410/805/750
f 1381/1581/1521 1382/1582/1523 440/836/1522
f 1383/1583/1525 1380/243/223 436/229/209
f 1381/1581/1521 451/1584/1515 452/1585/1526
f 1383/1583/1525 449/845/1527 444/842/1528
f 470/870/807 1388/1588/1531 1385/274/254
f 424/215/195 428/814/1532 1386/1586/1529
f 477/268/248 1389/258/238 1391/1591/1534
f 480/875/1535 1391/1591/1534 1392/1592/1536
f 1840/1593/1537 1392/1592/1536 1393/1594/1538
f 483/1595/1539 1393/1594/1538 1390/334/314
f 470/869/807 463/318/298 1390/334/314
f 1398/1599/1543 1395/261/241 479/266/246
f 1394/204/184 426/272/252 431/826/1544
f 1397/1598/1542 432/823/1545 429/822/1546
f 1398/1599/1543 429/822/1546 425/819/1547
f 1399/252/232 1401/1601/1549 461/1600/1548
f 1401/1601/1549 1402/1602/1551 1838/853/1550
f 1402/1602/1551 1403/1603/1553 457/849/1552
f 1403/1603/1553 1400/290/270 453/339/319
f 1399/252/232 488/275/255 495/894/834
f 1401/1601/1549 495/894/834 491/886/827
f 1402/1602/1551 491/886/827 490/884/825
f 1403/1603/1553 490/884/825 487/288/268
f 1404/324/304 1406/1604/1554 495/893/834
f 1406/1604/1554 1407/1605/1555 496/891/832
f 1407/1605/1555 1408/1606/1556 500/896/836
f 1408/1606/1556 1405/196/176 489/280/260
f 1404/324/304 503/325/305 507/1607/1557
f 1406/1604/1554 507/1607/1557 508/901/1558
f 1407/1605/1555 508/901/1558 505/900/1559
f 1408/1606/1556 505/900/1559 502/194/174
f 1409/338/318 1411/1609/1560 507/1608/1557
f 1411/1609/1560 1412/1610/1563 508/909/1561
f 1412/1610/1563 1413/1611/1569 511/906/1564
f 1413/1611/1565 1410/281/261 504/286/266
f 1409/338/318 455/191/171 461/1612/1548
f 1411/1609/1560 461/1612/1548 459/858/1567
f 1412/1610/1563 459/858/1567 457/857/1568
f 1413/1611/1565 457/857/794 454/854/793
f 597/998/942 1416/1613/1570 1417/1614/1571
f 590/987/926 1418/1615/1572 1415/278/258
f 1416/1613/1570 612/1011/955 606/1005/949
f 1418/1615/1572 605/1003/947 602/317/297
f 1419/304/284 1421/1617/1573 623/1022/964
f 1421/1617/1573 1422/1618/1574 624/1032/973
f 1422/1618/1574 1423/1619/1575 630/1028/969
f 1423/1619/1575 1420/1620/198 621/1029/200
f 604/303/283 617/1017/960 1421/1617/1573
f 617/1017/960 611/1013/956 1422/1618/1574
f 611/1013/956 610/1010/954 1423/1619/1575
f 610/1010/954 603/1012/312 1420/1620/198
f 1424/307/287 1426/1621/1576 593/995/936
f 1427/1622/1577 1428/1623/1578 599/999/943
f 1424/307/287 622/306/286 634/1034/975
f 1427/1622/1577 629/1030/970 628/1027/968
f 655/1063/303 664/1062/1003 1431/1626/1579
f 664/1062/1003 658/1066/1007 1432/1627/1580
f 657/1056/996 654/337/317 1430/222/202
f 672/1085/316 1434/1632/315 1436/1629/1582
f 683/1083/1026 1436/1629/1582 1437/1630/1583
f 684/1077/1019 1437/1630/1583 1438/1631/1584
f 674/1073/1015 1438/1631/1584 1435/208/188
f 1434/1632/315 638/1051/299 651/1050/992
f 1436/1629/1582 651/1050/992 645/1046/988
f 1437/1630/1583 645/1046/988 644/1044/986
f 1438/1631/1584 644/1044/986 637/310/290
f 1439/309/289 1441/1633/1585 678/1081/1023
f 1439/309/289 656/308/288 668/1068/1009
f 1443/1635/1587 662/1061/1002 655/1063/303
f 1444/329/309 1446/1637/1588 691/1090/1032
f 1446/1637/1588 1447/1638/1589 692/1100/1042
f 1447/1638/1589 1448/1639/1590 699/1096/1039
f 1448/1639/1590 1445/1640/181 689/1097/191
f 706/328/308 711/1105/1049 1446/1637/1588
f 711/1105/1049 720/1108/1052 1447/1638/1589
f 720/1108/1052 719/1116/1060 1448/1639/1590
f 719/1116/1060 708/1118/179 1445/1640/181
f 1449/198/178 1451/1641/1591 714/1111/1055
f 1451/1641/1591 1452/1644/1593 715/1113/1057
f 715/1113/1057 1452/1644/1593 1453/1642/1592
f 721/1117/1061 1453/1642/1592 1450/1643/306
f 724/1121/1063 729/1123/1065 1451/1641/1591
f 729/1123/1065 739/1126/1068 1452/1644/1593
f 1452/1644/1593 739/1126/1068 738/1134/1079
f 1453/1642/1592 738/1134/1079 726/1136/307
f 725/301/281 1454/300/280 1456/1645/1594
f 1456/1645/1594 1457/1646/1596 734/1138/1595
f 1457/1646/1596 1458/1647/1597 740/1135/1080
f 1458/1647/1597 1455/1648/190 726/1136/307
f 1454/300/280 690/302/282 703/1103/1045
f 1456/1645/1594 703/1103/1045 698/1098/1040
f 1457/1646/1596 698/1098/1040 697/1095/1038
f 1458/1647/1597 697/1095/1038 689/1097/191
f 409/165/145 1459/164/144 1461/1649/1598
f 412/796/741 1461/1649/1598 1462/1650/1599
f 413/798/1600 1462/1650/1599 1463/1651/1601
f 1463/1651/1601 1460/233/213 410/805/750
f 1459/164/144 602/317/297 607/1004/948
f 1461/1649/1598 607/1004/948 616/1007/951
f 616/1007/951 615/1016/959 1463/1651/1601
f 615/1016/959 604/303/283 1460/233/213
f 622/306/286 1464/244/224 1466/1652/1602
s 35
f 1466/1652/1603 1467/1655/1609 633/1025/1604
s 2
f 1467/1653/1607 1465/315/295 620/316/296
f 444/842/1528 446/844/2121 1466/1652/1602
f 1467/1653/1607 446/837/2122 443/314/294
f 424/215/195 1468/217/197 1470/1656/1610
f 1471/1658/1615 1469/262/242 425/819/1547
f 654/337/317 659/1055/995 1470/1656/1610
s 36
f 1470/1656/1613 659/1055/2123 667/1059/1617
s 2
f 1471/1658/1615 666/1069/1010 656/308/288
f 670/1071/1013 1472/207/187 1474/1659/1619
f 1474/1659/1621 1475/1662/1626 680/1660/1622
f 1475/1661/1623 1473/267/247 671/311/291
f 1472/207/187 477/268/248 481/876/1624
f 485/879/818 479/266/246 1473/267/247
f 1476/279/259 1478/1663/1628 498/895/835
f 1478/1663/1628 1479/1664/1630 499/888/1629
f 1479/1664/1630 1480/1665/1631 492/885/826
f 1480/1665/1631 1477/1666/1632 487/288/268
f 707/299/279 716/1112/1056 1478/1663/1628
f 716/1112/1056 710/1106/1050 1479/1664/1630
f 710/1106/1050 709/1104/1048 1480/1665/1631
f 709/1104/1048 706/328/308 1477/1666/1632
f 690/302/282 1481/282/262 1483/1667/1633
f 702/1093/1036 1483/1670/1635 1484/1669/1634
f 693/1089/1031 1484/1669/1637 1482/340/320
f 1481/282/262 454/854/793 460/856/795
f 1483/1670/1635 460/850/2124 456/848/1636
f 1484/1669/1637 456/848/789 453/339/319
f 585/985/924 1485/277/257 1487/1671/1638
s 37
f 1487/1671/1640 1488/1673/1646 589/988/1641
s 2
f 1488/1672/1644 1486/231/211 586/305/285
f 1485/277/257 434/205/185 437/828/768
f 1488/1672/1644 442/832/770 436/229/209
f 464/260/240 1489/259/239 1491/1674/1647
f 473/871/808 1491/1674/1647 1492/1675/1648
f 474/866/1649 1492/1675/1648 1493/1676/1650
f 467/861/800 1493/1676/1650 1490/294/274
f 1489/259/239 637/310/290 646/1045/987
f 1491/1674/1647 646/1045/987 640/1039/981
f 1492/1675/1648 640/1039/981 639/1037/979
f 1493/1676/1650 639/1037/979 636/221/201
f 1494/287/267 1496/1679/1659 509/905/1651
f 509/905/1652 1496/1679/1660 1497/1677/1653
f 510/904/1655 1497/1677/1661 1498/1678/1656
f 506/899/1658 1498/1678/1662 1495/197/177
f 725/301/281 735/1130/1072 1496/1679/1659
f 1496/1679/1660 735/1130/1072 728/1124/1076
f 1497/1677/1661 728/1124/1066 727/1125/1067
f 1498/1678/1662 727/1125/1067 724/1121/1063
s 4
f 764/366/343 1499/365/342 1501/1680/1663
f 767/1681/1664 1501/1680/1663 1502/1682/1665
f 766/1683/1667 1502/1682/1672 1503/1684/1668
f 1503/1686/1668 1500/480/443 763/521/479
f 1499/365/342 748/356/333 750/1688/1670
f 1501/1680/1663 750/1688/1670 751/1689/1671
f 1502/1682/1672 751/1689/1710 752/1690/1673
f 752/1691/1673 749/376/352 1500/480/443
f 1504/402/376 1506/1693/1675 772/1692/1674
f 1506/1693/1675 1507/1695/1681 771/1694/1676
f 1507/1695/1677 1508/1700/1683 770/1696/1678
f 770/1697/1678 1508/1701/1683 1505/460/426
f 753/532/488 755/1698/1680 1506/1693/1675
f 755/1698/1680 756/1699/1749 1507/1695/1681
f 756/1699/1682 757/1769/1751 1508/1700/1683
f 1508/1701/1683 757/1770/1751 754/359/336
f 1509/470/435 1511/1703/1685 747/1702/1684
f 1511/1703/1685 1512/1705/1690 746/1704/1686
f 1512/1705/1687 1513/1709/1691 745/1706/1688
f 745/1706/1688 1513/1709/1691 1510/1707/325
f 764/366/343 767/1681/1664 1511/1703/1685
f 767/1681/1664 766/1683/1666 1512/1705/1690
f 766/1683/1667 765/1685/1669 1513/1709/1691
f 1513/1709/1691 765/1685/1669 763/1710/479
f 759/499/458 1514/367/344 1516/1711/1692
f 762/1712/1693 1516/1711/1692 1517/1713/1694
f 761/1714/1696 1517/1713/1699 1518/1715/1697
f 1518/1717/1697 1515/364/341 758/351/329
f 1514/367/344 769/349/328 772/1692/1674
f 1516/1711/1692 772/1692/1674 771/1694/1676
f 1517/1713/1699 771/1694/1679 770/1696/1678
f 770/1697/1678 768/362/339 1515/364/341
f 774/500/459 1519/494/455 1521/1719/1700
f 777/1720/1701 1521/1719/1700 1522/1721/1702
f 776/1722/1704 1522/1721/1707 1523/1723/1705
f 1523/1725/1705 1520/353/331 773/370/346
f 1519/494/455 759/499/458 762/1712/1693
f 1521/1719/1700 762/1712/1693 761/1714/1695
f 1522/1721/1707 761/1714/1696 760/1716/1698
f 760/1718/1698 758/351/329 1520/353/331
f 748/356/333 1524/355/332 1526/1727/1708
f 750/1688/1670 1526/1727/1708 1527/1728/1709
f 751/1689/1710 1527/1728/1714 1528/1729/1711
f 1528/1730/1711 1525/374/350 749/376/352
f 1524/355/332 778/385/360 780/1731/1712
f 1526/1727/1708 780/1731/1712 781/1732/1713
f 1527/1728/1714 781/1732/1718 782/1733/1715
f 782/1734/1715 779/373/349 1525/374/350
f 778/385/360 1529/394/368 1531/1735/1716
f 780/1731/1712 1531/1735/1716 1532/1736/1717
f 781/1732/1718 1532/1736/1722 1533/1737/1719
f 1533/1738/1719 1530/371/347 779/373/349
f 1529/394/368 788/393/367 790/1739/1720
f 1531/1735/1716 790/1739/1720 791/1740/1721
f 1532/1736/1722 791/1740/1740 792/1741/1723
f 792/1742/1723 789/383/359 1530/371/347
f 784/533/489 1534/525/482 1536/1743/1724
f 787/1744/1725 1536/1743/1724 1537/1745/1726
f 786/1746/1728 1537/1745/1731 1538/1747/1729
f 1538/1749/1729 1535/378/354 783/380/356
f 1534/525/482 774/500/459 777/1720/1701
f 1536/1743/1724 777/1720/1701 776/1722/1703
f 1537/1745/1731 776/1722/1704 775/1724/1706
f 775/1726/1706 773/370/346 1535/378/354
f 1539/511/469 1541/1752/1733 815/1751/1732
f 1541/1752/1733 1542/1754/1735 814/1753/1734
f 1542/1754/1735 1543/1758/1737 813/1755/1736
f 1543/1756/1737 1540/524/437 811/390/365
f 794/1148/1094 804/1147/1093 1541/1752/1733
f 804/1147/1093 797/1151/1097 1542/1754/1735
f 797/1151/1097 796/1142/1088 1543/1758/1737
f 796/1142/1088 793/1139/1085 1540/474/437
f 788/393/367 1544/493/454 1546/1759/1738
f 790/1739/1720 1546/1759/1742 1547/1760/1739
f 791/1740/1740 1547/1760/1743 1548/1761/1741
f 792/1742/1723 1548/1762/1741 1545/381/357
f 1544/493/454 812/509/467 815/1751/1732
f 1546/1759/1742 815/1751/1732 814/1753/1734
f 1547/1760/1743 814/1753/1734 813/1755/1736
f 813/1757/1736 811/390/365 1545/381/357
f 794/1148/1094 1549/510/468 1551/1763/1744
f 802/1146/1092 1551/1763/1744 1552/1764/1745
f 803/1149/1104 1552/1764/1747 1553/1765/1746
f 808/1154/1100 1553/1766/1746 1550/387/362
f 1549/510/468 784/533/489 787/1744/1725
f 1551/1763/1744 787/1744/1725 786/1746/1727
f 1552/1764/1747 786/1746/1728 785/1748/1730
f 1553/1766/1746 785/1750/1730 783/380/356
f 1554/410/383 1556/1767/1748 755/1698/1680
f 1556/1767/1748 1557/1768/1753 756/1699/1749
f 1557/1768/1750 1558/1773/1755 757/1769/1751
f 757/1770/1751 1558/1774/1755 1555/503/461
f 821/469/434 823/1771/1752 1556/1767/1748
f 823/1771/1752 824/1772/1771 1557/1768/1753
f 824/1772/1754 825/1793/1773 1558/1773/1755
f 1558/1774/1755 825/1795/1773 822/399/373
f 1559/342/322 1561/1776/1757 820/1775/1756
f 1561/1776/1757 1562/1778/1762 819/1777/1758
f 1562/1778/1759 1563/1781/1763 818/1779/1760
f 818/1780/1760 1563/2155/1763 1560/395/369
f 744/344/324 747/1702/1684 1561/1776/1757
f 747/1702/1684 746/1704/1686 1562/1778/1762
f 746/1704/1689 745/1706/1688 1563/1781/1763
f 1563/1781/1763 745/1706/1688 743/1708/334
f 833/1175/1124 1564/484/446 1566/1783/1764
f 844/1173/1122 1566/1783/1764 1567/1784/1765
f 845/1164/1111 1567/1784/1765 1568/1785/1766
f 835/1786/1107 1568/1790/1766 1565/461/427
f 1564/484/446 826/486/448 828/1787/1767
f 1566/1783/1764 828/1787/1767 829/1788/1768
f 1567/1784/1765 829/1788/1768 830/1789/1769
f 1568/1790/1766 830/1800/1769 827/405/379
f 1569/485/447 1571/1791/1770 823/1771/1752
f 1571/1791/1770 1572/1792/1775 824/1772/1771
f 1572/1792/1772 1573/1796/1774 825/1793/1773
f 1573/1794/1774 1570/407/381 822/399/373
f 833/1175/1124 846/1174/1123 1571/1791/1770
f 846/1174/1123 840/1177/1126 1572/1792/1775
f 840/1177/1776 839/1169/1116 1573/1796/1774
f 839/1797/1116 832/1166/1113 1570/407/381
f 1574/487/449 1576/1798/1777 828/1787/1767
f 1576/1798/1777 1577/1799/1779 829/1788/1768
f 1577/1799/1778 1578/1801/1780 830/1789/1769
f 830/1800/1769 1578/1802/1780 1575/403/377
f 817/518/476 820/1775/1756 1576/1798/1777
f 820/1775/1756 819/1777/1758 1577/1799/1779
f 819/1777/1761 818/1779/1760 1578/1801/1780
f 818/1780/1760 816/397/371 1575/403/377
f 1579/483/445 1581/1804/1782 873/1803/1781
f 1581/1804/1782 1582/1806/1784 872/1805/1783
f 1582/1806/1784 1583/1808/1786 871/1807/1785
f 1583/1808/1786 1580/530/486 869/531/487
f 854/432/402 856/1809/1787 1581/1804/1782
f 856/1809/1787 857/1810/1788 1582/1806/1784
f 857/1810/1788 858/1811/1789 1583/1808/1786
f 858/1811/1789 855/529/485 1580/530/486
f 875/426/396 1584/425/395 1586/1812/1790
f 878/1813/1791 1586/1812/1790 1587/1814/1792
f 877/1815/1793 1587/1814/1792 1588/1816/1794
f 876/1817/1795 1588/1816/1794 1585/464/430
f 1584/425/395 859/429/399 861/1818/1796
f 1586/1812/1790 861/1818/1796 862/1819/1797
f 1587/1814/1792 862/1819/1797 863/1820/1798
f 1588/1816/1794 863/1820/1798 860/465/431
f 850/422/392 1589/413/385 1591/1821/1799
f 853/1822/1800 1591/1821/1799 1592/1823/1801
f 852/1824/1802 1592/1823/1801 1593/1825/1803
f 851/1826/1804 1593/1825/1803 1590/481/444
f 1589/413/385 870/412/384 873/1803/1781
f 1591/1821/1799 873/1803/1781 872/1805/1783
f 1592/1823/1801 872/1805/1783 871/1807/1785
f 1593/1825/1803 871/1807/1785 869/531/487
f 1594/427/397 1596/1828/1806 868/1827/1805
f 1596/1828/1806 1597/1830/1808 867/1829/1807
f 1597/1830/1808 1598/1832/1810 866/1831/1809
f 1598/1832/1810 1595/502/460 864/522/480
f 875/426/396 878/1813/1791 1596/1828/1806
f 878/1813/1791 877/1815/1793 1597/1830/1808
f 877/1815/1793 876/1817/1795 1598/1832/1810
f 876/1817/1795 874/467/433 1595/502/460
f 1599/418/389 1601/1834/1812 883/1833/1811
f 1601/1834/1812 1602/1836/1814 882/1835/1813
f 1602/1836/1814 1603/1838/1816 881/1837/1815
f 1603/1838/1816 1600/435/405 879/419/390
f 865/466/432 868/1827/1805 1601/1834/1812
f 868/1827/1805 867/1829/1807 1602/1836/1814
f 867/1829/1807 866/1831/1809 1603/1838/1816
f 866/1831/1809 864/522/480 1600/435/405
f 1604/433/403 1606/1839/1817 856/1809/1787
f 1606/1839/1817 1607/1840/1818 857/1810/1788
f 1607/1840/1818 1608/1841/1819 858/1811/1789
f 1608/1841/1819 1605/415/387 855/529/485
f 884/438/407 886/1842/1820 1606/1839/1817
f 886/1842/1820 887/1843/1821 1607/1840/1818
f 887/1843/1821 888/1844/1822 1608/1841/1819
f 888/1844/1822 885/479/442 1605/415/387
f 1609/439/408 1611/1845/1823 886/1842/1820
f 1611/1845/1823 1612/1846/1824 887/1843/1821
f 1612/1846/1824 1613/1847/1825 888/1844/1822
f 1613/1847/1825 1610/523/481 885/479/442
f 894/443/412 896/1848/1826 1611/1845/1823
f 896/1848/1826 897/1849/1827 1612/1846/1824
f 897/1849/1827 898/1850/1828 1613/1847/1825
f 898/1850/1828 895/520/478 1610/523/481
f 1614/434/404 1616/1852/1830 893/1851/1829
f 1616/1852/1830 1617/1854/1832 892/1853/1831
f 1617/1854/1832 1618/1856/1834 891/1855/1833
f 1618/1856/1834 1615/421/391 889/442/411
f 880/496/456 883/1833/1811 1616/1852/1830
f 883/1833/1811 882/1835/1813 1617/1854/1832
f 882/1835/1813 881/1837/1815 1618/1856/1834
f 881/1837/1815 879/419/390 1615/421/391
f 917/528/484 1619/1863/441 1621/1857/1835
f 920/1858/1836 1621/1857/1835 1622/1859/1837
f 919/1860/1838 1622/1859/1837 1623/1861/1839
f 918/1862/1840 1623/1861/1839 1620/513/471
f 1619/1863/441 899/1178/440 903/1180/1129
f 1621/1857/1835 903/1180/1129 912/1184/1133
f 1622/1859/1837 912/1184/1133 911/1190/1141
f 1623/1861/1839 911/1190/1141 901/514/472
f 1624/445/414 1626/1864/1841 896/1848/1826
f 1626/1864/1841 1627/1865/1842 897/1849/1827
f 1627/1865/1842 1628/1866/1843 898/1850/1828
f 1628/1866/1843 1625/497/457 895/520/478
f 917/528/484 920/1858/1836 1626/1864/1841
f 920/1858/1836 919/1860/1838 1627/1865/1842
f 919/1860/1838 918/1862/1840 1628/1866/1843
f 918/1862/1840 916/515/473 1625/497/457
f 1629/440/409 1631/1867/1844 907/1188/1137
f 1631/1867/1844 1632/1868/1845 908/1193/1144
f 1632/1868/1845 1633/1869/1846 913/1191/1142
f 1633/1869/1846 1630/512/470 901/514/472
f 890/526/483 893/1851/1829 1631/1867/1844
f 893/1851/1829 892/1853/1831 1632/1868/1845
f 892/1853/1831 891/1855/1833 1633/1869/1846
f 891/1855/1833 889/442/411 1630/512/470
f 859/429/399 1634/450/417 1636/1870/1847
f 861/1818/1796 1636/1870/1847 1637/1871/1848
f 862/1819/1797 1637/1871/1848 1638/1872/1849
f 863/1820/1798 1638/1872/1849 1635/507/465
f 1634/450/417 926/451/418 928/1873/1850
f 1636/1870/1847 928/1873/1850 929/1874/1851
f 1637/1871/1848 929/1874/1851 930/1875/1852
f 1638/1872/1849 930/1875/1852 927/471/436
f 922/452/419 1639/423/393 1641/1876/1853
f 925/1877/1854 1641/1876/1853 1642/1878/1855
f 924/1879/1856 1642/1878/1855 1643/1880/1857
f 923/1881/1858 1643/1880/1857 1640/456/422
f 1639/423/393 850/422/392 853/1822/1800
f 1641/1876/1853 853/1822/1800 852/1824/1802
f 1642/1878/1855 852/1824/1802 851/1826/1804
f 1643/1880/1857 851/1826/1804 849/447/416
f 1644/463/429 1646/1882/1859 939/1196/1148
f 1646/1882/1859 1647/1883/1860 940/1205/1157
f 1647/1883/1860 1648/1884/1861 947/1201/1153
f 1648/1884/1861 1645/491/453 937/1202/1154
f 931/459/425 933/1885/1862 1646/1882/1859
f 933/1885/1862 934/1886/1863 1647/1883/1860
f 934/1886/1863 935/1887/1864 1648/1884/1861
f 935/1887/1864 932/488/450 1645/491/453
f 926/451/418 1649/457/423 1651/1888/1865
f 928/1873/1850 1651/1888/1865 1652/1889/1866
f 929/1874/1851 1652/1889/1866 1653/1890/1867
f 930/1875/1852 1653/1890/1867 1650/490/452
f 1649/457/423 938/458/424 950/1208/1161
f 1651/1888/1865 950/1208/1161 946/1203/1155
f 1652/1889/1866 946/1203/1155 945/1200/1152
f 1653/1890/1867 945/1200/1152 937/1202/1154
f 931/459/425 1654/453/420 1656/1891/1868
f 933/1885/1862 1656/1891/1868 1657/1892/1869
f 934/1886/1863 1657/1892/1869 1658/1893/1870
f 935/1887/1864 1658/1893/1870 1655/489/451
f 1654/453/420 922/452/419 925/1877/1854
f 1656/1891/1868 925/1877/1854 924/1879/1856
f 1657/1892/1869 924/1879/1856 923/1881/1858
f 1658/1893/1870 923/1881/1858 921/455/421
f 938/458/424 1659/408/382 1661/1894/1871
f 941/1195/1147 1661/1897/1875 1660/516/474
f 1659/408/382 832/1166/1113 841/1168/1872
f 1661/1897/1875 834/2156/1108 831/517/475
f 1662/388/363 1664/1902/1879 807/1898/1876
f 1664/1901/1878 1663/475/438 793/1139/1085
f 900/446/415 902/1187/1136 1664/1902/1879
f 902/1903/1130 899/477/440 1663/475/438
s 5
f 974/555/508 1665/554/507 1667/1904/1880
f 977/1905/1881 1667/1904/1880 1668/1906/1882
f 976/1907/1884 1668/1906/1889 1669/1908/1885
f 1669/1910/1885 1666/670/612 973/708/648
f 1665/554/507 958/545/498 960/1912/1887
f 1667/1904/1880 960/1912/1887 961/1913/1888
f 1668/1906/1889 961/1913/1927 962/1914/1890
f 962/1915/1890 959/565/517 1666/670/612
f 1670/591/542 1672/1922/1892 982/1916/1891
f 1672/1917/1892 1673/1920/1898 981/1918/1893
f 1673/1920/1894 1674/1925/1900 980/1921/1895
f 980/1921/1895 1674/1925/1900 1671/650/595
f 963/719/658 965/1987/1897 1672/1922/1892
f 965/1923/1897 966/1924/1963 1673/1920/1898
f 966/1924/1899 967/1990/1965 1674/1925/1900
f 1674/1925/1900 967/1990/1965 964/548/501
f 1675/660/604 1677/1927/1902 957/1926/1901
f 1677/1927/1902 1678/1929/1907 956/1928/1903
f 1678/1929/1904 1679/1932/1908 955/1930/1905
f 955/1931/1905 1679/1933/1908 1676/534/490
f 974/555/508 977/1905/1881 1677/1927/1902
f 977/1905/1881 976/1907/1883 1678/1929/1907
f 976/1907/1884 975/1909/1886 1679/1932/1908
f 1679/1933/1908 975/1911/1886 973/708/648
f 969/689/630 1680/556/509 1682/1934/1909
f 972/1936/1910 1682/1941/1909 1683/1937/1911
f 971/1938/1913 1683/1937/1916 1684/1939/1914
f 1684/1939/1914 1681/553/506 968/540/494
f 1680/556/509 979/538/493 982/1916/1891
f 1682/1941/1909 982/1919/1891 981/1918/1893
f 1683/1937/1916 981/1918/1896 980/1921/1895
f 980/1921/1895 978/551/504 1681/553/506
f 984/690/631 1685/684/625 1687/1942/1917
f 987/1943/1918 1687/1942/1917 1688/1944/1919
f 986/1946/1921 1688/1950/1924 1689/1947/1922
f 1689/1947/1922 1686/542/496 983/559/511
f 1685/684/625 969/689/630 972/1935/1910
f 1687/1949/1917 972/1936/1910 971/1938/1912
f 1688/1950/1924 971/1938/1913 970/1940/1915
f 970/1940/1915 968/540/494 1686/542/496
f 958/545/498 1690/544/497 1692/1951/1925
f 960/1912/1887 1692/1951/1925 1693/1952/1926
f 961/1913/1927 1693/1952/1931 1694/1953/1928
f 1694/1954/1928 1691/563/515 959/565/517
f 1690/544/497 988/574/525 990/1955/1929
f 1692/1951/1925 990/1955/1929 991/1956/1930
f 1693/1952/1931 991/1956/1935 992/1957/1932
f 992/1957/1932 989/1962/514 1691/1958/515
f 988/574/525 1695/583/534 1697/1959/1933
f 990/1955/1929 1697/1959/1933 1698/1960/1934
f 991/1956/1935 1698/1960/1939 1699/1961/1936
f 1699/1961/1936 1696/1966/512 989/1962/514
f 1695/583/534 998/582/533 1000/1963/1937
f 1697/1959/1933 1000/1963/1937 1001/1964/1938
f 1698/1960/1939 1001/1964/1954 1002/1965/1940
f 1002/1965/1940 999/1982/524 1696/1966/512
f 994/720/659 1700/713/653 1702/1967/1941
f 997/1968/1942 1702/1967/1941 1703/1969/1943
f 996/1971/1945 1703/1974/1948 1704/1972/1946
f 1704/1972/1946 1701/567/519 993/569/521
f 1700/713/653 984/690/631 987/1943/1918
f 1702/1967/1941 987/1943/1918 986/1945/1920
f 1703/1974/1948 986/1946/1921 985/1948/1923
f 985/1948/1923 983/559/511 1701/567/519
f 1705/698/638 1707/1975/1949 1034/1248/1201
f 1707/1975/1949 1708/1976/1950 1035/1236/1191
f 1708/1976/1950 1709/1977/1951 1026/1233/1188
f 1709/1977/1951 1706/664/606 1021/712/652
f 1004/1220/1175 1014/1219/1174 1707/1975/1949
f 1014/1219/1174 1007/1223/1178 1708/1976/1950
f 1007/1223/1178 1006/1213/1168 1709/1977/1951
f 1006/1213/1168 1003/1210/1165 1706/664/606
f 998/582/533 1710/683/624 1712/1978/1952
f 1000/1963/1937 1712/1978/1956 1713/1979/1953
f 1001/1964/1954 1713/1979/1957 1714/1980/1955
f 1002/1965/1940 1714/1980/1955 1711/1981/522
f 1710/683/624 1023/696/636 1036/1247/1200
f 1712/1978/1956 1036/1247/1200 1030/1242/1204
f 1713/1979/1957 1030/1242/1196 1029/1239/1194
f 1714/1980/1955 1029/1239/1194 1022/1241/530
f 1004/1220/1175 1715/697/637 1717/1983/1958
f 1012/1218/1173 1717/1983/1958 1718/1984/1959
f 1013/1230/1185 1718/1986/1961 1719/1985/1960
f 1018/1226/1181 1719/1985/1960 1716/576/527
f 1715/697/637 994/720/659 997/1968/1942
f 1717/1983/1958 997/1968/1942 996/1970/1944
f 1718/1986/1961 996/1971/1945 995/1973/1947
f 1719/1985/1960 995/1973/1947 993/569/521
f 1720/599/549 1722/1991/1962 965/1987/1897
f 1722/1988/1962 1723/1989/1967 966/1924/1963
f 1723/1989/1964 1724/1994/1969 967/1990/1965
f 967/1990/1965 1724/1994/1969 1721/693/633
f 1044/659/603 1046/2011/1966 1722/1991/1962
f 1046/1992/1966 1047/1993/1985 1723/1989/1967
f 1047/1993/1968 1048/2014/1987 1724/1994/1969
f 1724/1994/1969 1048/2014/1987 1045/588/539
f 1725/504/462 1727/1996/1971 1043/1995/1970
f 1727/1996/1971 1728/1998/1976 1042/1997/1972
f 1728/1998/1973 1729/2001/1977 1041/1999/1974
f 1041/2000/1974 1729/2002/1977 1726/584/535
f 954/506/464 957/1926/1901 1727/1996/1971
f 957/1926/1901 956/1928/1903 1728/1998/1976
f 956/1928/1906 955/1930/1905 1729/2001/1977
f 1729/2002/1977 955/1931/1905 953/546/499
f 1056/1267/1224 1730/674/615 1732/2003/1978
f 1067/1265/1222 1732/2003/1978 1733/2004/1979
f 1068/1255/1211 1733/2004/1979 1734/2005/1980
f 1058/1251/1207 1734/2005/1980 1731/2006/596
f 1730/674/615 1049/676/617 1051/2007/1981
f 1732/2003/1978 1051/2007/1981 1052/2008/1982
f 1733/2004/1979 1052/2008/1982 1053/2009/1983
f 1734/2010/1980 1053/2021/1983 1050/594/545
f 1735/675/616 1737/2016/1984 1046/2011/1966
f 1737/2012/1984 1738/2013/1989 1047/1993/1985
f 1738/2013/1986 1739/2015/1988 1048/2014/1987
f 1739/2015/1988 1736/596/547 1045/588/539
f 1056/1267/1224 1069/1266/1223 1737/2016/1984
f 1069/2017/1223 1063/2018/1226 1738/2013/1989
f 1063/2018/1990 1062/1260/1216 1739/2015/1988
f 1062/1260/1216 1055/1257/1213 1736/596/547
f 1740/677/618 1742/2019/1991 1051/2007/1981
f 1742/2019/1991 1743/2020/1993 1052/2008/1982
f 1743/2020/1992 1744/2022/1994 1053/2009/1983
f 1053/2021/1983 1744/2023/1994 1741/592/543
f 1040/705/645 1043/1995/1970 1742/2019/1991
f 1043/1995/1970 1042/1997/1972 1743/2020/1993
f 1042/1997/1975 1041/1999/1974 1744/2022/1994
f 1041/2000/1974 1039/586/537 1741/592/543
f 1745/673/614 1747/2025/1996 1096/2024/1995
f 1747/2025/1996 1748/2027/1998 1095/2026/1997
f 1748/2027/1998 1749/2029/2000 1094/2028/1999
f 1749/2029/2000 1746/717/656 1092/718/657
f 1077/621/569 1079/2030/2001 1747/2025/1996
f 1079/2030/2001 1080/2031/2002 1748/2027/1998
f 1080/2031/2002 1081/2032/2003 1749/2029/2000
f 1081/2032/2003 1078/716/655 1746/717/656
f 1098/615/563 1750/614/562 1752/2033/2004
f 1101/2034/2005 1752/2033/2004 1753/2035/2006
f 1099/2038/2009 1754/2037/2008 1751/654/599
f 1750/614/562 1082/618/566 1084/2039/2010
f 1753/2035/2006 1085/2040/2011 1086/2041/2012
f 1754/2037/2008 1086/2041/2012 1083/655/600
f 1073/611/559 1755/602/551 1757/2042/2013
f 1076/2043/2014 1757/2042/2013 1758/2044/2015
f 1075/2045/2016 1758/2044/2015 1759/2046/2017
f 1074/2047/2018 1759/2046/2017 1756/671/613
f 1755/602/551 1093/601/550 1096/2024/1995
f 1757/2042/2013 1096/2024/1995 1095/2026/1997
f 1758/2044/2015 1095/2026/1997 1094/2028/1999
f 1760/616/564 1762/2049/2020 1091/2048/2019
f 1762/2049/2020 1763/2051/2022 1090/2050/2021
f 1763/2051/2022 1764/2053/2024 1089/2052/2023
f 1764/2053/2024 1761/692/632 1087/709/649
f 1098/615/563 1101/2034/2005 1762/2049/2020
f 1101/2034/2005 1100/2036/2007 1763/2051/2022
f 1100/2036/2007 1099/2038/2009 1764/2053/2024
f 1099/2038/2009 1097/657/602 1761/692/632
f 1765/607/555 1767/2055/2026 1106/2054/2025
f 1767/2055/2026 1768/2057/2028 1105/2056/2027
f 1768/2057/2028 1769/2059/2030 1104/2058/2029
f 1769/2059/2030 1766/624/572 1102/608/556
f 1091/2048/2019 1090/2050/2021 1768/2057/2028
f 1090/2050/2021 1089/2052/2023 1769/2059/2030
f 1089/2052/2023 1087/709/649 1766/624/572
f 1770/622/570 1772/2060/2031 1079/2030/2001
f 1772/2060/2031 1773/2061/2032 1080/2031/2002
f 1773/2061/2032 1774/2062/2033 1081/2032/2003
f 1774/2062/2033 1771/604/553 1078/716/655
f 1109/2063/2034 1110/2064/2035 1773/2061/2032
f 1110/2064/2035 1111/2065/2036 1774/2062/2033
f 1111/2065/2036 1108/669/611 1771/604/553
f 1775/628/576 1777/2066/2037 1109/2063/2034
f 1777/2066/2037 1778/2067/2038 1110/2064/2035
f 1778/2067/2038 1779/2068/2039 1111/2065/2036
f 1117/632/580 1119/2069/2040 1777/2066/2037
f 1120/2070/2041 1121/2071/2042 1779/2068/2039
f 1121/2071/2042 1118/707/647 1776/710/650
f 1780/623/571 1782/2073/2044 1116/2072/2043
f 1782/2073/2044 1783/2075/2046 1115/2074/2045
f 1783/2075/2046 1784/2077/2048 1114/2076/2047
f 1784/2077/2048 1781/610/558 1112/631/579
f 1103/686/627 1106/2054/2025 1782/2073/2044
f 1106/2054/2025 1105/2056/2027 1783/2075/2046
f 1105/2056/2027 1104/2058/2029 1784/2077/2048
f 1104/2058/2029 1102/608/556 1781/610/558
f 1785/668/610 1787/2085/2054 1143/2078/2049
f 1143/2078/2049 1787/2085/2054 1788/2079/2050
f 1142/2080/2051 1788/2079/2050 1789/2081/2052
f 1141/2082/2053 1789/2081/2052 1786/2083/640
f 1785/668/610 1122/667/609 1126/1272/1229
f 1787/2085/2054 1126/1272/1229 1135/1276/1233
f 1788/2079/2050 1135/1276/1233 1134/1284/1241
f 1789/2081/2052 1134/1284/1241 1124/1286/641
f 1790/635/583 1792/2086/2055 1119/2069/2040
f 1792/2086/2055 1793/2087/2056 1120/2070/2041
f 1793/2087/2056 1794/2088/2057 1121/2071/2042
f 1794/2088/2057 1791/687/628 1118/707/647
f 1140/634/582 1143/2089/2049 1792/2086/2055
f 1143/2089/2049 1142/2090/2051 1793/2087/2056
f 1142/2090/2051 1141/2091/2053 1794/2088/2057
f 1141/2091/2053 1139/702/642 1791/687/628
f 1795/629/577 1797/2092/2058 1130/1280/1237
f 1797/2092/2058 1798/2094/2059 1131/2093/1244
f 1798/2094/2059 1799/2096/2060 1136/2095/1242
f 1799/2096/2060 1796/699/639 1124/701/641
f 1113/714/654 1116/2072/2043 1797/2092/2058
f 1116/2072/2043 1115/2074/2045 1798/2094/2059
f 1115/2074/2045 1114/2076/2047 1799/2096/2060
f 1114/2076/2047 1112/631/579 1796/699/639
f 1082/618/566 1800/640/586 1802/2097/2061
f 1085/2040/2011 1803/2098/2062 1804/2099/2063
f 1086/2041/2012 1804/2099/2063 1801/694/634
f 1800/640/586 1149/641/587 1151/2100/2064
f 1802/2097/2061 1151/2100/2064 1152/2101/2065
f 1803/2098/2062 1152/2101/2065 1153/2102/2066
f 1804/2099/2063 1153/2102/2066 1150/661/605
f 1145/642/588 1805/612/560 1807/2103/2067
f 1148/2104/2068 1807/2103/2067 1808/2105/2069
f 1147/2106/2070 1808/2105/2069 1809/2107/2071
f 1146/2108/2072 1809/2107/2071 1806/646/591
f 1805/612/560 1073/611/559 1076/2043/2014
f 1807/2103/2067 1076/2043/2014 1075/2045/2016
f 1809/2107/2071 1074/2047/2018 1072/637/585
f 1810/653/598 1812/2109/2073 1162/1292/1248
f 1812/2109/2073 1813/2110/2074 1163/1301/1258
f 1813/2110/2074 1814/2111/2075 1169/1297/1254
f 1814/2111/2075 1811/681/622 1160/1298/1255
f 1154/649/594 1156/2112/2076 1812/2109/2073
f 1156/2112/2076 1157/2113/2077 1813/2110/2074
f 1157/2113/2077 1158/2114/2078 1814/2111/2075
f 1158/2114/2078 1155/678/619 1811/681/622
f 1149/641/587 1815/647/592 1817/2115/2079
f 1151/2100/2064 1817/2115/2079 1818/2116/2080
f 1153/2102/2066 1819/2117/2081 1816/680/621
f 1815/647/592 1161/648/593 1173/1304/1262
f 1817/2115/2079 1173/1304/1262 1168/1299/1256
f 1818/2116/2080 1168/1299/1256 1167/1296/1253
f 1154/649/594 1820/643/589 1822/2118/2082
f 1156/2112/2076 1822/2118/2082 1823/2119/2083
f 1157/2113/2077 1823/2119/2083 1824/2120/2084
f 1820/643/589 1145/642/588 1148/2104/2068
f 1822/2118/2082 1148/2104/2068 1147/2106/2070
f 1823/2119/2083 1147/2106/2070 1146/2108/2072
f 1824/2120/2084 1146/2108/2072 1144/645/590
f 1161/648/593 1825/597/548 1827/2121/2085
f 1172/2123/2086 1827/2126/2090 1826/2124/643
f 1825/597/548 1055/1257/1213 1064/1259/2088
f 1827/2126/2090 1057/2149/2125 1054/1249/644
f 1828/577/528 1830/2129/2095 1017/2127/1182
f 1830/2128/2093 1829/665/607 1003/1210/1165
f 1123/636/584 1125/1279/1236 1830/2129/2095
f 1125/2130/1230 1122/667/609 1829/665/607
f 1831/1306/581 1022/1241/530 1031/1240/1195
f 1834/1307/1266 1031/1240/1195 1025/1234/1189
f 1835/1309/1268 1025/1234/1189 1024/1232/1187
f 1836/1310/1269 1024/1232/1187 1021/712/652
