# Blender 5.2.2 LTS
# www.blender.org
mtllib satelite_sup.mtl
g satelite_superior_satelite_superior
v 0.318838 1.711466 0.446453
v 0.406860 1.711466 0.374458
v 0.218462 1.711466 0.499892
v 0.109588 1.711466 0.532722
v -0.003597 1.711466 0.543681
v -0.116746 1.711466 0.532348
v -0.225510 1.711466 0.499157
v -0.325708 1.711466 0.445387
v -0.413492 1.711466 0.373101
v -0.485487 1.711466 0.285079
v -0.538926 1.711466 0.184703
v -0.571756 1.711466 0.075829
v -0.582715 1.711466 -0.037356
v -0.571382 1.711466 -0.150505
v -0.538191 1.711466 -0.259269
v -0.484420 1.711466 -0.359467
v -0.412135 1.711466 -0.447251
v -0.324113 1.711466 -0.519245
v -0.223737 1.711466 -0.572685
v -0.114863 1.711466 -0.605515
v -0.001678 1.711466 -0.616473
v 0.111471 1.711466 -0.605139
v 0.220234 1.711466 -0.571950
v 0.320433 1.711466 -0.518179
v 0.408217 1.711466 -0.445893
v 0.480212 1.711466 -0.357872
v 0.533651 1.711466 -0.257496
v 0.566480 1.711466 -0.148623
v 0.577439 1.711466 -0.035437
v 0.566107 1.711466 0.077713
v 0.532916 1.711466 0.186476
v 0.479145 1.711466 0.286675
v 0.550865 0.270146 0.904314
v -0.880998 0.608141 -0.625403
v 0.612762 -0.030909 0.887922
v 0.794792 0.100291 0.763678
v 0.781264 -0.030909 0.750104
v -0.877700 0.622876 -0.623192
v 0.449903 0.267776 0.958600
v 1.054927 0.608141 -0.034646
v 0.420612 -0.030909 0.990221
v 0.270344 0.270542 1.020032
v 1.050958 0.622876 -0.034653
v 0.212196 -0.030909 1.053067
v -0.004507 0.100291 1.093210
v -0.207242 0.608141 -1.073982
v -0.004475 -0.030909 1.074045
v -0.224847 0.100291 1.071140
v -0.206474 0.622876 -1.070086
v -0.221076 -0.030909 1.052350
v -0.436646 0.100291 1.006508
v -0.980035 0.607926 0.366083
v -0.429283 -0.030909 0.988815
v -0.631766 0.100291 0.901799
v -0.976270 0.622611 0.364403
v -0.621093 -0.030909 0.885881
v -0.802711 0.100291 0.761034
v 0.586369 0.608141 -0.914757
v -0.789137 -0.030909 0.747505
v -0.942909 0.100291 0.589625
v 0.584158 0.622876 -0.911460
v -0.926956 -0.030909 0.579004
v -1.046973 0.100291 0.394158
v -0.979029 0.608141 -0.442725
v -1.029254 -0.030909 0.386853
v -1.110903 0.100291 0.182146
v -0.975365 0.622876 -0.441200
v -1.092099 -0.030909 0.178438
v -1.132243 0.100291 -0.038266
v 1.034948 0.608141 -0.241000
v -1.113078 -0.030909 -0.038234
v -1.110173 0.100291 -0.258605
v 1.031053 0.622876 -0.240233
v -1.091384 -0.030909 -0.254835
v -1.045542 0.100291 -0.470405
v -0.405733 0.608141 -1.014129
v -1.027848 -0.030909 -0.463041
v -0.940833 0.100291 -0.665525
v -0.404220 0.622876 -1.010459
v -0.924914 -0.030909 -0.654851
v -0.800067 0.100291 -0.836470
v -0.877745 0.605226 0.542573
v -0.786538 -0.030909 -0.822896
v -0.628659 0.100291 -0.976667
v -0.874071 0.619872 0.539883
v -0.618038 -0.030909 -0.960714
v -0.433192 0.100291 -1.080732
v 0.403691 0.608141 -1.012789
v -0.425887 -0.030909 -1.063014
v -0.221179 0.100291 -1.144662
v 0.402166 0.622876 -1.009123
v -0.217471 -0.030909 -1.125859
v -0.000768 0.100291 -1.166002
v -1.039540 0.608141 -0.244434
v -0.000799 -0.030909 -1.146837
v 0.219571 0.100291 -1.143932
v -1.035647 0.622876 -0.243653
v 0.215801 -0.030909 -1.125142
v 0.431371 0.100291 -1.079301
v 0.003304 0.607307 1.018090
v 0.424008 -0.030909 -1.061607
v 0.625632 0.198415 -0.935497
v 0.003254 0.622056 1.014174
v 0.615818 -0.030909 -0.958673
v 0.823180 0.165947 -0.782757
v 0.975096 0.608141 -0.439492
v 0.783862 -0.030909 -0.820297
v 0.892543 0.165824 -0.697988
v 0.971425 0.622876 -0.437979
v 0.921681 -0.030909 -0.651796
v 1.041698 0.100291 -0.466951
v -0.588734 0.608141 -0.916702
v 1.023980 -0.030909 -0.459646
v 1.105628 0.100291 -0.254938
v -0.586534 0.622876 -0.913396
v 1.086825 -0.030909 -0.251231
v 1.126969 0.100291 -0.034527
v -0.748868 0.604386 0.696445
v 1.107803 -0.030909 -0.034558
v 1.104898 0.100291 0.185813
v -0.745628 0.619044 0.693291
v 1.086109 -0.030909 0.182042
v 1.040267 0.100291 0.397612
v 0.875723 0.608141 0.552610
v 1.022573 -0.030909 0.390249
v 0.935557 0.100291 0.592733
v 0.872426 0.622876 0.550399
v 0.919639 -0.030909 0.582059
v 0.325195 1.711466 0.456001
v 0.414958 1.711466 0.382583
v 0.222833 1.711466 0.510497
v 0.111807 1.711466 0.543976
v -0.003617 1.711466 0.555152
v -0.119002 1.711466 0.543594
v -0.229917 1.711466 0.509748
v -0.332098 1.711466 0.454914
v -0.421617 1.711466 0.381199
v -0.495035 1.711466 0.291436
v -0.549531 1.711466 0.189074
v -0.583010 1.711466 0.078049
v -0.594186 1.711466 -0.037375
v -0.582628 1.711466 -0.152761
v -0.548782 1.711466 -0.263676
v -0.493948 1.711466 -0.365857
v -0.420232 1.711466 -0.455376
v -0.330470 1.711466 -0.528794
v -0.228108 1.711466 -0.583290
v -0.117082 1.711466 -0.616769
v -0.001659 1.711466 -0.627944
v 0.113728 1.711466 -0.616387
v 0.224642 1.711466 -0.582540
v 0.326823 1.711466 -0.527706
v 0.416342 1.711466 -0.453991
v 0.489760 1.711466 -0.364229
v 0.544256 1.711466 -0.261867
v 0.577734 1.711466 -0.150842
v 0.588911 1.711466 -0.035417
v 0.577353 1.711466 0.079968
v 0.543506 1.711466 0.190883
v 0.488672 1.711466 0.293064
v 0.305381 1.665643 0.426241
v 0.389718 1.665643 0.357260
v 0.209206 1.665643 0.477443
v 0.104891 1.665643 0.508898
v -0.003557 1.665643 0.519399
v -0.111970 1.665643 0.508539
v -0.216181 1.665643 0.476739
v -0.312185 1.665643 0.425219
v -0.396294 1.665643 0.355959
v -0.465275 1.665643 0.271622
v -0.516477 1.665643 0.175447
v -0.547932 1.665643 0.071132
v -0.558432 1.665643 -0.037316
v -0.547573 1.665643 -0.145729
v -0.515773 1.665643 -0.249939
v -0.464253 1.665643 -0.345944
v -0.394993 1.665643 -0.430053
v -0.310656 1.665643 -0.499034
v -0.214481 1.665643 -0.550236
v -0.110166 1.665643 -0.581691
v -0.001718 1.665643 -0.592192
v 0.106694 1.665643 -0.581333
v 0.210906 1.665643 -0.549532
v 0.306911 1.665643 -0.498012
v 0.391019 1.665643 -0.428752
v 0.460000 1.665643 -0.344415
v 0.511202 1.665643 -0.248240
v 0.542657 1.665643 -0.143925
v 0.553158 1.665643 -0.035477
v 0.542298 1.665643 0.072936
v 0.510498 1.665643 0.177147
v 0.458977 1.665643 0.273152
v 0.318838 1.665643 0.446453
v 0.406860 1.665643 0.374458
v 0.218462 1.665643 0.499892
v 0.109588 1.665643 0.532722
v -0.003597 1.665643 0.543681
v -0.116746 1.665643 0.532348
v -0.225510 1.665643 0.499157
v -0.325708 1.665643 0.445387
v -0.413492 1.665643 0.373101
v -0.485487 1.665643 0.285079
v -0.538926 1.665643 0.184703
v -0.571756 1.665643 0.075829
v -0.582715 1.665643 -0.037356
v -0.571382 1.665643 -0.150505
v -0.538191 1.665643 -0.259269
v -0.484420 1.665643 -0.359467
v -0.412135 1.665643 -0.447251
v -0.324113 1.665643 -0.519245
v -0.223737 1.665643 -0.572685
v -0.114863 1.665643 -0.605515
v -0.001678 1.665643 -0.616473
v 0.111471 1.665643 -0.605139
v 0.220234 1.665643 -0.571950
v 0.320433 1.665643 -0.518179
v 0.408217 1.665643 -0.445893
v 0.480212 1.665643 -0.357872
v 0.533651 1.665643 -0.257496
v 0.566480 1.665643 -0.148623
v 0.577439 1.665643 -0.035437
v 0.566107 1.665643 0.077713
v 0.532916 1.665643 0.186476
v 0.479145 1.665643 0.286675
v 0.270075 1.776213 0.373212
v 0.305381 1.710530 0.426241
v 0.389718 1.710530 0.357260
v 0.344745 1.776213 0.312138
v 0.184924 1.776213 0.418545
v 0.209206 1.710530 0.477443
v 0.092566 1.776213 0.446396
v 0.104891 1.710530 0.508898
v -0.003452 1.776213 0.455691
v -0.003557 1.710530 0.519399
v -0.099438 1.776213 0.446078
v -0.111970 1.710530 0.508539
v -0.199943 1.785462 0.414658
v -0.216181 1.710530 0.476739
v -0.267613 1.785462 0.378343
v -0.312185 1.710530 0.425219
v -0.351172 1.776213 0.310986
v -0.396294 1.710530 0.355959
v -0.412245 1.776213 0.236316
v -0.465275 1.710530 0.271622
v -0.457579 1.776213 0.151165
v -0.516477 1.710530 0.175447
v -0.485430 1.776213 0.058807
v -0.547932 1.710530 0.071132
v -0.494725 1.776213 -0.037211
v -0.558432 1.710530 -0.037316
v -0.485112 1.776213 -0.133197
v -0.547573 1.710530 -0.145729
v -0.456955 1.776213 -0.225462
v -0.515773 1.710530 -0.249939
v -0.411341 1.776213 -0.310463
v -0.464253 1.710530 -0.345944
v -0.350020 1.776213 -0.384931
v -0.394993 1.710530 -0.430053
v -0.275350 1.776213 -0.446004
v -0.310656 1.710530 -0.499034
v -0.190199 1.776213 -0.491338
v -0.214481 1.710530 -0.550236
v -0.097840 1.776213 -0.519188
v -0.110166 1.710530 -0.581691
v -0.001823 1.776213 -0.528484
v -0.001718 1.710530 -0.592192
v 0.094162 1.776213 -0.518870
v 0.106694 1.710530 -0.581333
v 0.186428 1.776213 -0.490714
v 0.210906 1.710530 -0.549532
v 0.271429 1.776213 -0.445100
v 0.306911 1.710530 -0.498012
v 0.345897 1.776213 -0.383779
v 0.391019 1.710530 -0.428752
v 0.406970 1.776213 -0.309109
v 0.460000 1.710530 -0.344415
v 0.452304 1.776213 -0.223958
v 0.511202 1.710530 -0.248240
v 0.480154 1.776213 -0.131600
v 0.542657 1.710530 -0.143925
v 0.489450 1.776213 -0.035582
v 0.553158 1.710530 -0.035477
v 0.479837 1.776213 0.060404
v 0.542298 1.710530 0.072936
v 0.451681 1.776213 0.152670
v 0.510498 1.710530 0.177147
v 0.406066 1.776213 0.237670
v 0.458977 1.710530 0.273152
v 0.344745 1.621239 0.312138
v 0.270075 1.621239 0.373212
v 0.184924 1.621239 0.418545
v 0.092566 1.621239 0.446396
v -0.003452 1.621239 0.455691
v -0.099437 1.621239 0.446077
v -0.191703 1.621239 0.417922
v -0.276704 1.621239 0.372308
v -0.351172 1.621239 0.310986
v -0.412245 1.621239 0.236316
v -0.457579 1.621239 0.151165
v -0.485430 1.621239 0.058807
v -0.494725 1.621239 -0.037211
v -0.485112 1.621239 -0.133197
v -0.456955 1.621239 -0.225462
v -0.411341 1.621239 -0.310463
v -0.350020 1.621239 -0.384931
v -0.275350 1.621239 -0.446004
v -0.190199 1.621239 -0.491338
v -0.097840 1.621239 -0.519188
v -0.001823 1.621239 -0.528484
v 0.094162 1.621239 -0.518870
v 0.186428 1.621239 -0.490714
v 0.271429 1.621239 -0.445100
v 0.345897 1.621239 -0.383779
v 0.406970 1.621239 -0.309109
v 0.452304 1.621239 -0.223958
v 0.480154 1.621239 -0.131600
v 0.489450 1.621239 -0.035582
v 0.479837 1.621239 0.060404
v 0.451681 1.621239 0.152670
v 0.406066 1.621239 0.237670
v 0.265317 1.812828 0.316237
v 0.319656 1.862619 0.295908
v 0.167957 1.862619 0.393950
v 0.109973 1.812828 0.391936
v -0.009715 1.862619 0.426475
v -0.062515 1.812828 0.402425
v -0.181464 1.862185 0.387700
v -0.225886 1.812828 0.346108
v -0.334942 1.862619 0.285898
v -0.355271 1.812828 0.231558
v -0.432983 1.862619 0.134198
v -0.430970 1.812828 0.076214
v -0.465509 1.862619 -0.043474
v -0.441459 1.812828 -0.096274
v -0.427566 1.862619 -0.220069
v -0.385141 1.812828 -0.259645
v -0.324932 1.862619 -0.368701
v -0.270592 1.812828 -0.389030
v -0.173232 1.862619 -0.466742
v -0.115248 1.812828 -0.464729
v -0.001879 1.871322 -0.495398
v 0.057240 1.812828 -0.475218
v 0.181035 1.862619 -0.461325
v 0.220611 1.812828 -0.418900
v 0.329667 1.862619 -0.358691
v 0.349996 1.812828 -0.304351
v 0.427708 1.862619 -0.206990
v 0.425695 1.812828 -0.149007
v 0.460234 1.862619 -0.029319
v 0.436183 1.812828 0.023481
v 0.422291 1.862619 0.147276
v 0.379866 1.812828 0.186853
v 0.336658 1.862619 0.312965
v 0.305484 1.812828 0.376567
v 0.177136 1.862619 0.416214
v 0.123995 1.812828 0.463046
v -0.009755 1.862619 0.450557
v -0.076772 1.812828 0.473488
v -0.200620 1.852912 0.412644
v -0.259293 1.814612 0.405409
v -0.351999 1.862619 0.302899
v -0.415602 1.812828 0.271725
v -0.455249 1.862619 0.143377
v -0.502080 1.812828 0.090236
v -0.489591 1.862619 -0.043514
v -0.512522 1.812828 -0.110531
v -0.449800 1.862619 -0.229321
v -0.445338 1.812828 -0.300013
v -0.341933 1.862619 -0.385758
v -0.310759 1.812828 -0.449360
v -0.182411 1.862619 -0.489007
v -0.129270 1.812828 -0.535838
v -0.001823 1.871322 -0.528484
v 0.071498 1.812828 -0.546280
v 0.190288 1.862619 -0.483559
v 0.260978 1.812828 -0.479098
v 0.346724 1.862619 -0.375692
v 0.410326 1.812828 -0.344518
v 0.449973 1.862619 -0.216169
v 0.496805 1.812828 -0.163029
v 0.484316 1.862619 -0.029279
v 0.507246 1.812828 0.037738
v 0.444525 1.862619 0.156529
v 0.440063 1.812828 0.227220
v 0.308638 1.662902 0.275911
v 0.241729 1.662902 0.330637
v 0.165429 1.662902 0.371259
v 0.082671 1.662902 0.396213
v -0.003368 1.662902 0.404544
v -0.089377 1.662902 0.395929
v -0.172052 1.662902 0.370700
v -0.248218 1.662902 0.329826
v -0.314945 1.662902 0.274879
v -0.369671 1.662902 0.207970
v -0.410293 1.662902 0.131670
v -0.435247 1.662902 0.048912
v -0.443578 1.662902 -0.037126
v -0.434963 1.662902 -0.123136
v -0.409734 1.662902 -0.205811
v -0.368860 1.662902 -0.281977
v -0.313913 1.662902 -0.348704
v -0.247004 1.662902 -0.403430
v -0.170704 1.662902 -0.444051
v -0.087946 1.662902 -0.469006
v -0.001908 1.662902 -0.477336
v 0.084100 1.662902 -0.468722
v 0.166777 1.662902 -0.443493
v 0.242942 1.662902 -0.402619
v 0.309670 1.662902 -0.347672
v 0.364396 1.662902 -0.280763
v 0.405017 1.662902 -0.204462
v 0.429972 1.662902 -0.121704
v 0.438303 1.662902 -0.035667
v 0.429688 1.662902 0.050343
v 0.404459 1.662902 0.133018
v 0.363585 1.662902 0.209184
v 0.309483 1.862619 0.335192
v 0.212217 1.812828 0.426220
v 0.143523 1.862619 0.426350
v 0.018827 1.812828 0.473228
v -0.044688 1.862619 0.447059
v -0.177832 1.812828 0.442649
v -0.231554 1.852912 0.396043
v -0.347818 1.812828 0.339139
v -0.374226 1.862619 0.275724
v -0.465254 1.812828 0.178459
v -0.465384 1.862619 0.109764
v -0.512262 1.812828 -0.014932
v -0.486093 1.862619 -0.078446
v -0.481683 1.812828 -0.211590
v -0.433199 1.862619 -0.260256
v -0.378174 1.812828 -0.381577
v -0.314758 1.862619 -0.407985
v -0.217493 1.812828 -0.499013
v -0.148798 1.862619 -0.499143
v -0.024102 1.812828 -0.546021
v 0.046170 1.871322 -0.523677
v 0.172557 1.812828 -0.515442
v 0.221221 1.862619 -0.466959
v 0.342543 1.812828 -0.411932
v 0.368951 1.862619 -0.348517
v 0.459979 1.812828 -0.251251
v 0.460108 1.862619 -0.182557
v 0.506986 1.812828 -0.057861
v 0.480818 1.862619 0.005654
v 0.476408 1.812828 0.138798
v 0.427924 1.862619 0.187463
v 0.372899 1.812828 0.308784
v 0.294310 1.862619 0.316641
v 0.178321 1.812828 0.362551
v 0.136604 1.862619 0.403403
v 0.011876 1.812828 0.401434
v -0.042299 1.862619 0.423212
v -0.156779 1.812828 0.373660
v -0.217709 1.862185 0.368249
v -0.301967 1.812828 0.283458
v -0.355674 1.862619 0.260551
v -0.401585 1.812828 0.144562
v -0.442437 1.862619 0.102845
v -0.440467 1.812828 -0.021883
v -0.462246 1.862619 -0.076058
v -0.412694 1.812828 -0.190538
v -0.412082 1.862619 -0.248924
v -0.322492 1.812828 -0.335726
v -0.299585 1.862619 -0.389433
v -0.183596 1.812828 -0.435344
v -0.141879 1.862619 -0.476196
v -0.017151 1.812828 -0.474226
v 0.042888 1.871322 -0.490914
v 0.151504 1.812828 -0.446453
v 0.209890 1.862619 -0.445841
v 0.296692 1.812828 -0.356251
v 0.350400 1.862619 -0.333343
v 0.396310 1.812828 -0.217355
v 0.437162 1.862619 -0.175638
v 0.435193 1.812828 -0.050910
v 0.456971 1.862619 0.003265
v 0.407419 1.812828 0.117745
v 0.406807 1.862619 0.176131
v 0.317217 1.812828 0.262933
v 0.321388 1.662902 0.288704
v 0.251738 1.662902 0.345672
v 0.172313 1.662902 0.387957
v 0.086164 1.662902 0.413934
v -0.003397 1.662902 0.422606
v -0.092929 1.662902 0.413637
v -0.178991 1.662902 0.387376
v -0.258277 1.662902 0.344828
v -0.327737 1.662902 0.287630
v -0.384706 1.662902 0.217980
v -0.426991 1.662902 0.138554
v -0.452968 1.662902 0.052405
v -0.461640 1.662902 -0.037156
v -0.452671 1.662902 -0.126688
v -0.426410 1.662902 -0.212750
v -0.383862 1.662902 -0.292036
v -0.326663 1.662902 -0.361497
v -0.257014 1.662902 -0.418465
v -0.177588 1.662902 -0.460750
v -0.091439 1.662902 -0.486727
v -0.001879 1.662902 -0.495398
v 0.087654 1.662902 -0.486430
v 0.173716 1.662902 -0.460169
v 0.253002 1.662902 -0.417621
v 0.322462 1.662902 -0.360422
v 0.379431 1.662902 -0.290773
v 0.421716 1.662902 -0.211347
v 0.447692 1.662902 -0.125198
v 0.456365 1.662902 -0.035637
v 0.447396 1.662902 0.053895
v 0.421134 1.662902 0.139958
v 0.378587 1.662902 0.219243
v 0.239930 1.957509 0.204251
v 0.215994 1.957509 0.223829
v -0.037264 1.957509 0.300197
v -0.068034 1.957509 0.297115
v -0.097611 1.957509 0.288089
v -0.301810 1.957509 0.119941
v -0.316343 1.957509 0.092644
v -0.325271 1.957509 0.063036
v -0.298908 1.957509 -0.200168
v -0.284286 1.957509 -0.227416
v -0.264628 1.957509 -0.251289
v -0.031136 1.957509 -0.375597
v -0.000354 1.957509 -0.378576
v 0.030415 1.957509 -0.375495
v 0.263495 1.957509 -0.250414
v 0.283074 1.957509 -0.226477
v 0.297606 1.957509 -0.199180
v 0.340229 1.957509 -0.018767
v 0.337147 1.957509 0.012003
v 0.259588 1.957509 0.180379
v -0.037484 1.665884 -0.389064
v 0.033989 1.665884 -0.388946
v -0.001723 1.665884 -0.403807
v -0.354692 1.665884 -0.001549
v -0.354573 1.665884 -0.073022
v -0.369434 1.665884 -0.037310
v 0.349913 1.665884 -0.000384
v 0.350031 1.665884 -0.071856
v 0.364774 1.665884 -0.036095
v 0.032823 1.665884 0.315659
v -0.038649 1.665884 0.315540
v -0.002937 1.665884 0.330401
v 0.312646 1.665884 -0.054508
v 0.016518 1.665884 -0.351619
v -0.001796 1.665884 -0.359241
v -0.020136 1.665884 -0.351680
v -0.317246 1.665884 -0.055551
v -0.324869 1.665884 -0.037237
v -0.317307 1.665884 -0.018897
v -0.021178 1.665884 0.278213
v -0.002864 1.665884 0.285835
v 0.015475 1.665884 0.278274
v 0.312586 1.665884 -0.017855
v 0.320208 1.665884 -0.036169
v 0.325027 1.700826 -0.055208
v 0.017259 1.700826 -0.363997
v -0.001776 1.700826 -0.371918
v -0.020836 1.700826 -0.364060
v -0.329624 1.700826 -0.056292
v -0.337545 1.700826 -0.037257
v -0.329687 1.700826 -0.018197
v -0.021919 1.700826 0.290591
v -0.002885 1.700826 0.298512
v 0.016176 1.700826 0.290654
v 0.324964 1.700826 -0.017114
v 0.332885 1.700826 -0.036148
v 0.350031 1.700826 -0.071856
v 0.033989 1.700826 -0.388946
v -0.001723 1.700826 -0.403807
v -0.037484 1.700826 -0.389064
v -0.354573 1.700826 -0.073022
v -0.369434 1.700826 -0.037310
v -0.354692 1.700826 -0.001549
v -0.038649 1.700826 0.315540
v -0.002937 1.700826 0.330401
v 0.032823 1.700826 0.315659
v 0.349913 1.700826 -0.000384
v 0.364774 1.700826 -0.036095
v 0.343163 1.614377 0.482990
v 0.437846 1.614377 0.405548
v 0.235192 1.614377 0.540473
v 0.515602 1.614377 0.311122
v 0.118081 1.614377 0.575787
v -0.003670 1.614377 0.587575
v -0.125381 1.614377 0.575383
v -0.242375 1.614377 0.539683
v -0.350155 1.614377 0.481843
v -0.444582 1.614377 0.404088
v -0.522024 1.614377 0.309404
v -0.579507 1.614377 0.201433
v -0.614821 1.614377 0.084322
v -0.626609 1.614377 -0.037429
v -0.614418 1.614377 -0.159140
v -0.578717 1.614377 -0.276134
v -0.520877 1.614377 -0.383914
v -0.443121 1.614377 -0.478341
v -0.348439 1.614377 -0.555783
v -0.240467 1.614377 -0.613266
v -0.123356 1.614377 -0.648580
v -0.001605 1.614377 -0.660368
v 0.120106 1.614377 -0.648176
v 0.237100 1.614377 -0.612476
v 0.344881 1.614377 -0.554636
v 0.439307 1.614377 -0.476881
v 0.516749 1.614377 -0.382197
v 0.574232 1.614377 -0.274226
v 0.609546 1.614377 -0.157115
v 0.621334 1.614377 -0.035364
v 0.609142 1.614377 0.086347
v 0.573442 1.614377 0.203341
v 0.538242 0.382582 0.885745
v 0.405133 1.383907 0.553336
v 0.492505 0.979824 0.715783
v 0.280652 1.383907 0.619607
v 0.437279 0.380212 0.940031
v 0.337718 0.979824 0.798190
v 0.265794 0.381583 0.998267
v 0.145635 1.383907 0.660320
v 0.169828 0.979824 0.848816
v 0.005269 1.383907 0.673911
v -0.003283 0.550831 1.002588
v -0.004713 0.979824 0.865715
v -0.152594 1.383907 0.711020
v -0.211507 0.550831 1.004656
v -0.295526 1.383907 0.667404
v -0.410576 0.550824 0.943895
v -0.589774 0.548875 0.842426
v -0.427202 1.383907 0.596741
v -0.542565 1.383907 0.501746
v -0.736942 0.549577 0.693963
v -0.633909 0.979642 0.599808
v -0.637176 1.383907 0.386072
v -0.866647 0.549642 0.535652
v -0.745389 0.979652 0.463873
v -0.964509 0.550831 0.358014
v -1.023458 0.550831 0.162524
v -1.043136 0.550831 -0.040710
v -0.698859 1.383907 -0.186974
v -1.022785 0.550831 -0.243878
v -0.880274 0.979824 -0.204769
v -0.657699 1.383907 -0.321855
v -0.963190 0.550831 -0.439173
v -0.829094 0.979824 -0.372489
v -0.591017 1.383907 -0.446116
v -0.866640 0.550831 -0.619089
v -0.746176 0.979824 -0.527004
v -0.736846 0.550831 -0.776710
v -0.501372 1.383907 -0.554979
v -0.634706 0.979824 -0.662371
v -0.392213 1.383907 -0.644262
v -0.578794 0.550831 -0.905983
v -0.498970 0.979824 -0.773392
v -0.267732 1.383907 -0.710533
v -0.398561 0.550831 -1.001936
v -0.344182 0.979824 -0.855798
v -0.111614 1.309926 -0.782473
v -0.203070 0.550831 -1.060885
v -0.154597 1.074369 -0.871230
v -0.004820 1.288192 -0.801385
v 0.000164 0.550831 -1.080562
v -0.035083 1.052141 -0.891570
v 0.203333 0.550831 -1.060213
v 0.147970 1.383907 -0.750782
v 0.172731 0.979824 -0.905847
v 0.282852 1.383907 -0.709622
v 0.398627 0.550831 -1.000618
v 0.340453 0.979824 -0.854666
v 0.407112 1.383907 -0.642939
v 0.626413 0.267645 -0.913252
v 0.494966 0.979824 -0.771747
v 0.515975 1.383907 -0.553295
v 0.780307 0.484383 -0.740135
v 0.630335 0.979824 -0.660278
v 0.840910 0.484264 -0.666076
v 0.605259 1.383907 -0.444136
v 0.741356 0.979824 -0.524541
v 0.671530 1.383907 -0.319656
v 0.961391 0.550831 -0.435988
v 0.823762 0.979824 -0.369754
v 0.712243 1.383907 -0.184639
v 1.020339 0.550831 -0.240498
v 0.918987 0.879102 -0.174760
v 0.725834 1.383907 -0.044273
v 1.040017 0.550831 -0.037264
v 0.926795 0.883702 -0.074313
v 1.019666 0.550831 0.165904
v 0.711779 1.383907 0.096047
v 0.873810 0.979824 0.147160
v 0.960072 0.550831 0.361199
v 0.670619 1.383907 0.230928
v 0.822629 0.979824 0.314880
v 0.514291 1.383907 0.464052
v 0.733728 0.550831 0.698737
v 0.628242 0.979824 0.604762
v 0.603935 1.383907 0.355189
v 0.863521 0.550831 0.541115
v 0.739711 0.979824 0.469394
v -0.522313 0.998827 0.752088
v -0.458066 1.409119 0.642766
v -0.555112 1.364388 0.589306
v -0.637835 0.997718 0.656447
v -0.609213 0.593732 0.878167
v -0.734730 0.606229 0.767776
v -0.057174 1.364388 0.796525
v -0.041778 0.998133 0.916822
v -0.056507 0.612221 1.066894
v -0.166235 1.378439 0.778888
v -0.189856 0.999200 0.901370
v -0.221350 0.599174 1.053774
v -0.322123 1.378438 0.731313
v -0.366007 0.999139 0.846059
v -0.427104 0.598185 0.988763
v -0.465738 1.378439 0.654248
v -0.577820 1.409018 0.544560
v -0.662712 0.998725 0.636125
v -0.782470 0.561323 0.749088
v -0.615717 0.561578 0.886607
v -0.009427 1.409018 0.781098
v -0.010116 0.999117 0.919666
v -0.010255 0.566599 1.083913
v -0.163495 1.409119 0.765352
v -0.223070 0.566670 1.062292
v -0.316817 1.409119 0.718565
v -0.431256 0.565922 0.997209
v -0.474297 1.347856 0.664954
v -0.566144 1.386912 0.567077
v -0.613174 0.996670 0.676811
v -0.758429 0.583589 0.758538
v -0.603516 0.625862 0.869226
v -0.033629 1.386912 0.788685
v -0.073311 0.997103 0.913941
v -0.033605 0.589283 1.075416
v -0.167798 1.347856 0.792505
v -0.218742 0.631516 1.045387
v -0.327410 1.347880 0.744020
v -0.422939 0.630354 0.980322
v -0.897752 0.979824 -0.030285
v -0.712915 1.383907 -0.046654
v -0.707403 1.383907 0.254161
v -0.830220 0.979824 0.312136
v -0.750546 1.383907 0.111086
v -0.931038 0.979554 0.146678
v -0.777568 1.275486 0.170662
v -0.784829 1.238517 0.218772
v -0.760320 1.292423 0.213952
v -0.830887 1.129625 0.235373
v -0.856963 1.087778 0.199281
v -0.852107 1.075733 0.247498
v -0.792559 1.281399 0.081047
v -0.779256 1.284850 0.140587
v -0.770340 1.325954 0.109769
v -0.867965 1.075122 0.172564
v -0.881269 1.071672 0.113023
v -0.897047 1.033833 0.145276
v -0.829638 1.226896 0.018237
v -0.803562 1.268744 0.054330
v -0.804185 1.283419 0.012399
v -0.882957 1.081036 0.082948
v -0.875696 1.118004 0.034839
v -0.898290 1.067336 0.032534
v -0.867081 1.143902 0.019024
v -0.843509 1.199634 0.010527
v -0.793443 1.212619 0.234587
v -0.817016 1.156888 0.243083
v -0.710244 1.204727 0.204063
v -0.702981 1.241695 0.155955
v -0.782377 1.053987 0.184574
v -0.756302 1.095835 0.220666
v -0.704670 1.251059 0.125879
v -0.717974 1.247609 0.066339
v -0.806683 1.037881 0.098316
v -0.793380 1.041332 0.157856
v -0.728975 1.234953 0.039621
v -0.755052 1.193106 0.003528
v -0.801110 1.084213 0.020132
v -0.808372 1.047245 0.068241
v -0.768923 1.165843 -0.004180
v -0.792496 1.110112 0.004316
v -0.742430 1.123097 0.228376
v -0.718858 1.178829 0.219879
v 0.964107 0.605325 0.365917
v 0.867043 0.605325 0.546790
v -0.739059 0.602822 0.697591
v -0.741834 0.605325 -0.778043
v -0.582942 0.605325 -0.908002
v 0.868969 0.605325 -0.616701
v 0.965433 0.605325 -0.435508
v 0.199944 0.605325 0.990936
v -0.004370 0.605325 1.010718
v -1.049751 0.605325 -0.038129
v -1.029293 0.605325 -0.242377
v 0.203343 0.605325 -1.063052
v 0.399676 0.605325 -1.003140
v 1.024019 0.605325 0.169585
v -0.869891 0.602896 0.537975
v -0.401750 0.605325 -1.004466
v 1.024694 0.605325 -0.238978
v -0.969382 0.605325 -0.438710
v 0.580549 0.605325 -0.906077
v -0.970539 0.605218 0.362410
v -0.205220 0.605325 -1.063728
v 1.044477 0.605325 -0.034663
v -0.872318 0.605325 -0.619582
v 0.739009 0.605325 -0.775592
v 0.577667 0.605325 0.835210
v 0.396475 0.605325 0.931673
v -1.029969 0.605325 0.166186
v -0.000905 0.605325 -1.083510
v 0.736558 0.605325 0.705251
v -0.594360 0.672681 0.857277
v -0.769542 0.615912 0.736197
v -0.010213 0.621683 1.069046
v -0.216367 0.678360 1.032957
v -0.416910 0.676989 0.967997
v -0.745201 0.635343 0.747271
v -0.034852 0.641352 1.061247
v -0.721222 0.655104 0.758196
v -0.059082 0.661235 1.053421
v 0.960441 0.620060 0.364393
v -0.739030 0.620060 -0.775230
v 0.865664 0.620060 -0.614501
v 0.199177 0.620060 0.987040
v -1.045781 0.620060 -0.038123
v 0.202563 0.620060 -1.059159
v 1.020126 0.620060 0.168804
v 0.575467 0.620060 0.831905
v -0.591948 0.685391 0.854087
v 0.863745 0.620060 0.544579
v -0.735855 0.617467 0.694398
v -0.580742 0.620060 -0.904697
v 0.961762 0.620060 -0.433995
v -0.004364 0.620060 1.006748
v -1.025400 0.620060 -0.241597
v 0.398152 0.620060 -0.999474
v -0.866250 0.617541 0.535329
v -0.400236 0.620060 -1.000796
v 0.985501 0.718331 -0.179788
v -0.965716 0.620060 -0.437185
v 0.578337 0.620060 -0.902780
v -0.966801 0.619915 0.360776
v -0.204451 0.620060 -1.059833
v 0.993937 0.722897 -0.073015
v -0.869021 0.620060 -0.617371
v 0.736197 0.620060 -0.772789
v 0.394961 0.620060 0.928003
v -1.026074 0.620060 0.165418
v -0.000912 0.620060 -1.079540
v 0.733755 0.620060 0.702438
v -0.766089 0.630745 0.732754
v -0.010202 0.636577 1.065026
v -0.215725 0.691026 1.029597
v -0.415300 0.689620 0.964673
v -0.741673 0.649405 0.744273
v -0.035189 0.655430 1.057416
v -0.717623 0.668379 0.755657
v -0.059778 0.674488 1.049779
v 0.641085 0.030319 0.930461
v 0.817340 0.030319 0.786299
v 0.638145 0.102487 0.926048
v 0.813597 0.102487 0.782544
v 0.440090 0.030319 1.037466
v 0.438070 0.102487 1.032565
v 0.222084 0.030319 1.103204
v 0.221058 0.102487 1.098003
v -0.004560 0.030319 1.125148
v -0.004551 0.102487 1.119847
v -0.231129 0.030319 1.102454
v -0.230086 0.102487 1.097257
v -0.448918 0.030319 1.035995
v -0.446880 0.102487 1.031101
v -0.649555 0.030319 0.928325
v -0.646603 0.102487 0.923921
v -0.825333 0.030319 0.783581
v -0.821578 0.102487 0.779838
v -0.969494 0.030319 0.607325
v -0.965081 0.102487 0.604387
v -1.076500 0.030319 0.406332
v -1.071599 0.102487 0.404312
v -1.142238 0.030319 0.188325
v -1.137037 0.102487 0.187299
v -1.164182 0.030319 -0.038318
v -1.158880 0.102487 -0.038310
v -1.141488 0.030319 -0.264888
v -1.136290 0.102487 -0.263845
v -1.075029 0.030319 -0.482675
v -1.070135 0.102487 -0.480638
v -0.967358 0.030319 -0.683314
v -0.962955 0.102487 -0.680361
v -0.822614 0.030319 -0.859092
v -0.818872 0.102487 -0.855336
v -0.646359 0.030319 -1.003253
v -0.643420 0.102487 -0.998840
v -0.445365 0.030319 -1.110259
v -0.443345 0.102487 -1.105357
v -0.227358 0.030319 -1.175997
v -0.226333 0.102487 -1.170796
v -0.000715 0.030319 -1.197941
v -0.000724 0.102487 -1.192639
v 0.225853 0.030319 -1.175248
v 0.224811 0.102487 -1.170049
v 0.443642 0.030319 -1.108788
v 0.441605 0.102487 -1.103893
v 0.644280 0.030319 -1.001118
v 0.641328 0.102487 -0.996714
v 0.820058 0.030319 -0.856373
v 0.816303 0.102487 -0.852630
v 0.964219 0.030319 -0.680118
v 0.959807 0.102487 -0.677179
v 1.071225 0.030319 -0.479124
v 1.066324 0.102487 -0.477103
v 1.136963 0.030319 -0.261117
v 1.131763 0.102487 -0.260091
v 1.158908 0.030319 -0.034474
v 1.153605 0.102487 -0.034483
v 1.136213 0.030319 0.192095
v 1.131016 0.102487 0.191052
v 1.069753 0.030319 0.409884
v 1.064860 0.102487 0.407846
v 0.962083 0.030319 0.610522
v 0.957680 0.102487 0.607569
v 0.743599 0.622876 -0.780167
v 0.746411 0.608141 -0.782970
v 0.398945 0.622876 0.937666
v 0.400458 0.608141 0.941336
v -1.036327 0.622876 0.167440
v -1.040223 0.608141 0.168208
v -0.000893 0.622876 -1.089991
v -0.000887 0.608141 -1.093961
v 0.741134 0.622876 0.709841
v 0.743936 0.608141 0.712653
v -0.775280 0.632705 0.734334
v -0.779425 0.617157 0.733230
v -0.004922 0.639035 1.074150
v -0.001269 0.623266 1.074934
v -0.217817 0.693847 1.039834
v -0.218385 0.681181 1.043211
v -0.418307 0.692164 0.973830
v -0.419945 0.679531 0.977170
v -0.746768 0.651547 0.750922
v -0.750331 0.637474 0.753949
v -0.036244 0.658235 1.067817
v -0.035905 0.644158 1.071648
v -0.722630 0.670539 0.762280
v -0.726258 0.657247 0.764847
v -0.060830 0.677295 1.060180
v -0.060136 0.664041 1.063822
v -0.598425 0.674893 0.864741
v 0.583459 0.608141 0.843909
v 0.205399 0.608141 -1.073300
v -1.060202 0.608141 -0.038146
v 0.877668 0.608141 -0.622492
v -0.749211 0.608141 -0.785445
v 1.034265 0.608141 0.171641
v 0.201967 0.608141 1.001189
v 0.973755 0.608141 0.369934
v 0.970090 0.622876 0.368408
v -0.746409 0.622876 -0.782633
v 0.874362 0.622876 -0.620292
v 0.201199 0.622876 0.997294
v -1.056232 0.622876 -0.038140
v 0.204618 0.622876 -1.069407
v 1.030373 0.622876 0.170860
v 0.581259 0.622876 0.840604
v -0.595923 0.687619 0.861575
v 0.427338 1.658952 0.395004
v 0.503238 1.658952 0.302831
v 0.334914 1.658952 0.470599
v 0.229518 1.658952 0.526711
v 0.115200 1.658952 0.561182
v -0.003644 1.658952 0.572689
v -0.122452 1.658952 0.560789
v -0.236655 1.658952 0.525939
v -0.341865 1.658952 0.469479
v -0.434038 1.658952 0.393579
v -0.509633 1.658952 0.301155
v -0.565745 1.658952 0.195759
v -0.600216 1.658952 0.081441
v -0.611722 1.658952 -0.037404
v -0.599823 1.658952 -0.156211
v -0.564972 1.658952 -0.270414
v -0.508514 1.658952 -0.375624
v -0.432613 1.658952 -0.467797
v -0.340189 1.658952 -0.543392
v -0.234793 1.658952 -0.599503
v -0.120475 1.658952 -0.633974
v -0.001630 1.658952 -0.645481
v 0.117177 1.658952 -0.633581
v 0.231380 1.658952 -0.598731
v 0.336590 1.658952 -0.542272
v 0.428763 1.658952 -0.466371
v 0.504358 1.658952 -0.373947
v 0.560470 1.658952 -0.268552
v 0.594940 1.658952 -0.154234
v 0.606447 1.658952 -0.035389
v 0.594547 1.658952 0.083419
v 0.559697 1.658952 0.197621
v 0.347366 1.666456 0.489302
v 0.355616 1.621880 0.501693
v 0.238083 1.666456 0.547483
v 0.243756 1.621880 0.561246
v 0.119548 1.666456 0.583226
v 0.122428 1.621880 0.597831
v -0.003683 1.666456 0.595157
v -0.003707 1.621880 0.610044
v -0.126872 1.666456 0.582818
v -0.129801 1.621880 0.597414
v -0.245288 1.666456 0.546683
v -0.251007 1.621880 0.560427
v -0.354379 1.666456 0.488140
v -0.362671 1.621880 0.500505
v -0.449952 1.666456 0.409440
v -0.460497 1.621880 0.419949
v -0.528336 1.666456 0.313607
v -0.540727 1.621880 0.321857
v -0.586516 1.666456 0.204323
v -0.600280 1.621880 0.209997
v -0.622260 1.666456 0.085788
v -0.636865 1.621880 0.088669
v -0.634190 1.666456 -0.037442
v -0.649078 1.621880 -0.037466
v -0.621852 1.666456 -0.160631
v -0.636447 1.621880 -0.163560
v -0.585716 1.666456 -0.279047
v -0.599460 1.621880 -0.284767
v -0.527174 1.666456 -0.388138
v -0.539539 1.621880 -0.396429
v -0.448474 1.666456 -0.483711
v -0.458983 1.621880 -0.494255
v -0.352641 1.666456 -0.562094
v -0.360891 1.621880 -0.574486
v -0.243357 1.666456 -0.620275
v -0.249031 1.621880 -0.634038
v -0.124822 1.666456 -0.656019
v -0.127703 1.621880 -0.670624
v -0.001593 1.666456 -0.667950
v -0.001568 1.621880 -0.682837
v 0.121597 1.666456 -0.655611
v 0.124527 1.621880 -0.670206
v 0.240012 1.666456 -0.619476
v 0.245732 1.621880 -0.633219
v 0.349103 1.666456 -0.560933
v 0.357395 1.621880 -0.573297
v 0.444677 1.666456 -0.482233
v 0.455221 1.621880 -0.492742
v 0.523061 1.666456 -0.386400
v 0.535452 1.621880 -0.394650
v 0.581242 1.666456 -0.277116
v 0.595004 1.621880 -0.282790
v 0.616985 1.666456 -0.158581
v 0.631590 1.621880 -0.161462
v 0.628916 1.666456 -0.035352
v 0.643802 1.621880 -0.035327
v 0.616577 1.666456 0.087838
v 0.631172 1.621880 0.090767
v 0.580442 1.666456 0.206255
v 0.594186 1.621880 0.211974
v 0.453708 1.621880 0.421462
v 0.534264 1.621880 0.323637
v 0.443199 1.666456 0.410918
v 0.521899 1.666456 0.315345
v 0.559623 1.711466 0.138067
v 1.052828 -0.030909 0.291103
v 1.071044 0.100291 0.296756
v 0.548720 1.711466 0.134684
v 0.548720 1.665643 0.134684
v 0.525641 1.665643 0.127522
v 0.525641 1.710530 0.127522
v 0.590442 1.614377 0.147629
v 0.690218 1.383907 0.166699
v 0.847001 0.979824 0.235013
v 0.988450 0.550831 0.268201
v 0.992636 0.605325 0.272426
v 0.988862 0.620060 0.271255
v 1.101402 0.030319 0.306175
v 1.096362 0.102487 0.304611
v 1.002570 0.608141 0.275508
v 0.998796 0.622876 0.274337
v 0.576292 1.658952 0.143239
v 0.611799 1.621880 0.154256
v 0.597650 1.666456 0.149866
v -0.518623 1.711466 -0.319876
v -0.971235 -0.030909 -0.568537
v -0.987952 0.100291 -0.577721
v -0.508617 1.711466 -0.314378
v -0.508617 1.665643 -0.314378
v -0.487437 1.665643 -0.302742
v -0.487437 1.710530 -0.302742
v -0.546905 1.614377 -0.335413
v -0.621023 1.383907 -0.390199
v -0.783488 0.979824 -0.457472
v -0.910088 0.550831 -0.538127
v -0.915996 0.605325 -0.538190
v -0.912533 0.620060 -0.536287
v -1.015810 0.030319 -0.593027
v -1.011186 0.102487 -0.590486
v -0.925112 0.608141 -0.543198
v -0.921649 0.622876 -0.541295
v -0.533921 1.658952 -0.328280
v -0.566504 1.621880 -0.346181
v -0.553519 1.666456 -0.339047
v 0.565533 1.711466 0.118701
v 0.571443 1.711466 0.099335
v 0.554516 1.711466 0.115693
v 0.560311 1.711466 0.096703
v 0.554516 1.665643 0.115693
v 0.560311 1.665643 0.096703
v 0.531193 1.665643 0.109328
v 0.536746 1.665643 0.091132
v 0.531193 1.710530 0.109328
v 0.536746 1.710530 0.091132
v 0.855937 0.979824 0.205729
v 0.864874 0.979824 0.176444
v 0.998855 0.550831 0.234103
v 1.009261 0.550831 0.200004
v 1.003096 0.605325 0.238146
v 1.013557 0.605325 0.203865
v 0.999283 0.620060 0.237105
v 1.009704 0.620060 0.202954
v 1.013135 0.608141 0.240886
v 1.023701 0.608141 0.206263
v 1.009322 0.622876 0.239845
v 1.019848 0.622876 0.205353
v 1.075014 -0.030909 0.218396
v 1.063921 -0.030909 0.254749
v 1.093613 0.100291 0.222793
v 1.082330 0.100291 0.259775
v 0.602909 1.614377 0.106774
v 0.596676 1.614377 0.127202
v 0.704592 1.383907 0.119598
v 0.697405 1.383907 0.143149
v 1.124609 0.030319 0.230121
v 1.113006 0.030319 0.268148
v 1.119464 0.102487 0.228905
v 1.107913 0.102487 0.266758
v 0.588463 1.658952 0.103359
v 0.582377 1.658952 0.123299
v 0.624715 1.621880 0.111930
v 0.618256 1.621880 0.133093
v 0.610268 1.666456 0.108514
v 0.603959 1.666456 0.129190
v -0.955795 -0.030909 -0.597309
v -0.940355 -0.030909 -0.626081
v -0.972245 0.100291 -0.606989
v -0.956539 0.100291 -0.636257
v -0.538229 1.614377 -0.351580
v -0.529553 1.614377 -0.367747
v -0.611022 1.383907 -0.408838
v -0.601019 1.383907 -0.427476
v -0.999660 0.030319 -0.623122
v -0.983509 0.030319 -0.653218
v -0.995109 0.102487 -0.620444
v -0.979033 0.102487 -0.650403
v -0.525452 1.658952 -0.344061
v -0.516983 1.658952 -0.359842
v -0.557516 1.621880 -0.362930
v -0.548528 1.621880 -0.379679
v -0.544738 1.666456 -0.355411
v -0.535957 1.666456 -0.371774
v -0.502172 1.711466 -0.350529
v -0.510398 1.711466 -0.335202
v -0.492486 1.711466 -0.344438
v -0.500551 1.711466 -0.329408
v -0.492486 1.665643 -0.344438
v -0.500551 1.665643 -0.329408
v -0.471982 1.665643 -0.331544
v -0.479708 1.665643 -0.317143
v -0.471982 1.710530 -0.331544
v -0.479708 1.710530 -0.317143
v -0.758613 0.979824 -0.503826
v -0.771052 0.979824 -0.480649
v -0.881123 0.550831 -0.592101
v -0.895605 0.550831 -0.565114
v -0.886878 0.605325 -0.592451
v -0.901438 0.605325 -0.565320
v -0.883525 0.620060 -0.590343
v -0.898030 0.620060 -0.563315
v -0.895703 0.608141 -0.598001
v -0.910408 0.608141 -0.570600
v -0.892351 0.622876 -0.595893
v -0.907001 0.622876 -0.568594
v 0.750211 0.191789 -0.824158
v 0.937634 0.100291 -0.662417
v 0.865438 0.550831 -0.616222
v 0.736822 0.261773 -0.814580
v 0.626492 0.100291 -0.974591
v 0.797436 0.100291 -0.833826
v 0.736165 0.550831 -0.774273
v 0.578542 0.550831 -0.904069
v 0.817822 0.155439 -0.792444
v 0.900987 0.155343 -0.690793
v 0.846095 0.494990 -0.656536
v 0.771973 0.495084 -0.747132
v 0.618191 0.189211 -0.945133
v 0.759799 0.181235 -0.818715
v 0.743208 0.272254 -0.805507
v 0.617620 0.279329 -0.917622
v 0.895846 0.963626 -0.049952
v 0.883520 0.962653 -0.181446
v 1.017391 0.632865 -0.218287
v 1.033053 0.633722 -0.052844
v 0.911286 0.908996 -0.125625
v 0.949508 0.796387 -0.215559
v 0.964310 0.802700 -0.035516
v 1.000888 0.694035 -0.125453
v 0.841404 0.820592 -0.180944
v 0.851869 0.825056 -0.053633
v 0.890579 0.702613 -0.180849
v 0.901045 0.707078 -0.053539
v 0.836452 0.847258 -0.117308
v 0.863824 0.760678 -0.207263
v 0.878625 0.766991 -0.027220
v 0.905997 0.680411 -0.117174
v 1.040506 0.620060 -0.034671
v 1.020799 0.620060 -0.238210
v 0.991681 0.716120 -0.125470
v 0.976264 0.738322 -0.189145
v 0.986730 0.742786 -0.061835
v 0.891287 0.979824 -0.027325
v 0.874388 0.979824 -0.201865
v 0.922137 0.882967 -0.125604
v 0.927088 0.856300 -0.189240
v 0.937554 0.860765 -0.061930
v 0.623384 0.100291 0.903875
v 0.427917 0.100291 1.007939
v 0.215905 0.100291 1.071869
v 0.395442 0.550831 0.923964
v 0.575676 0.550831 0.828009
v 0.199952 0.550831 0.982911
v 0.374311 0.379692 0.965942
v 0.378860 0.268652 0.987707
v 0.595898 0.127615 0.912367
v 0.553669 0.523119 0.845954
v 0.398376 0.511910 0.931083
v 0.424983 0.139212 1.000818
v 0.241503 0.127492 1.058489
v 0.228107 0.523007 0.980212
v 0.422681 0.323503 0.960559
v 0.502998 0.245674 0.935303
v 0.485145 0.404683 0.909042
v 0.565464 0.326854 0.883787
v 0.399060 0.323781 0.970129
v 0.325543 0.246600 1.008377
v 0.319111 0.403635 0.977597
v 0.245595 0.326454 1.015844
v 0.408863 0.250438 0.881518
v 0.381641 0.306165 0.883476
v 0.461960 0.228336 0.858221
v 0.444107 0.387345 0.831960
v 0.497203 0.365243 0.808662
v 0.524424 0.309516 0.806704
v 0.509826 0.252807 0.827232
v 0.373856 0.306363 0.886536
v 0.353656 0.251234 0.904113
v 0.300340 0.229182 0.924783
v 0.245139 0.253124 0.936438
v 0.293906 0.386217 0.894002
v 0.349107 0.362274 0.882348
v 0.220389 0.309036 0.932250
v 0.396240 0.362874 0.862948
v 0.240590 0.364165 0.914673
v -0.129627 1.109203 -0.859907
v -0.077172 1.288658 -0.794196
v -0.010152 1.087132 -0.880181
v -0.118186 1.052251 -0.883481
v -0.093216 1.087084 -0.872158
v -0.135602 1.276965 -0.793152
v -0.176293 0.979824 -0.906424
v -0.071663 1.074217 -0.879319
v -0.046733 1.109208 -0.867931
v -0.027071 1.257593 -0.811302
v -0.001752 0.979824 -0.923323
v -0.089022 0.979824 -0.914873
v -0.101161 1.255698 -0.804876
v -0.132715 1.383907 -0.751247
v -0.154504 1.181866 -0.828835
v -0.036795 1.307919 -0.790509
v -0.059046 1.277319 -0.800425
v -0.062532 1.383907 -0.758042
v 0.007650 1.383907 -0.764837
v 0.002949 1.181866 -0.844080
v -0.075778 1.181866 -0.836457
v 0.318838 1.711466 0.446453
v 0.406860 1.711466 0.374458
v 0.218462 1.711466 0.499892
v 0.109588 1.711466 0.532722
v -0.003597 1.711466 0.543681
v -0.116746 1.711466 0.532348
v -0.225510 1.711466 0.499157
v -0.325708 1.711466 0.445387
v -0.413492 1.711466 0.373101
v -0.485487 1.711466 0.285079
v -0.538926 1.711466 0.184703
v -0.571756 1.711466 0.075829
v -0.582715 1.711466 -0.037356
v -0.571382 1.711466 -0.150505
v -0.538191 1.711466 -0.259269
v -0.484420 1.711466 -0.359467
v -0.412135 1.711466 -0.447251
v -0.324113 1.711466 -0.519245
v -0.223737 1.711466 -0.572685
v -0.114863 1.711466 -0.605515
v -0.001678 1.711466 -0.616473
v 0.111471 1.711466 -0.605139
v 0.220234 1.711466 -0.571950
v 0.320433 1.711466 -0.518179
v 0.408217 1.711466 -0.445893
v 0.480212 1.711466 -0.357872
v 0.533651 1.711466 -0.257496
v 0.566480 1.711466 -0.148623
v 0.577439 1.711466 -0.035437
v 0.566107 1.711466 0.077713
v 0.532916 1.711466 0.186476
v 0.479145 1.711466 0.286675
v 0.550865 0.270146 0.904314
v -0.880998 0.608141 -0.625403
v 0.612762 -0.030909 0.887922
v 0.794792 0.100291 0.763678
v 0.781264 -0.030909 0.750104
v -0.877700 0.622876 -0.623192
v 0.449903 0.267776 0.958600
v 1.054927 0.608141 -0.034646
v 0.420612 -0.030909 0.990221
v 0.270344 0.270542 1.020032
v 1.050958 0.622876 -0.034653
v 0.212196 -0.030909 1.053067
v -0.004507 0.100291 1.093210
v -0.207242 0.608141 -1.073982
v -0.004475 -0.030909 1.074045
v -0.224847 0.100291 1.071140
v -0.206474 0.622876 -1.070086
v -0.221076 -0.030909 1.052350
v -0.436646 0.100291 1.006508
v -0.980035 0.607926 0.366083
v -0.429283 -0.030909 0.988815
v -0.631766 0.100291 0.901799
v -0.976270 0.622611 0.364403
v -0.621093 -0.030909 0.885881
v -0.802711 0.100291 0.761034
v 0.586369 0.608141 -0.914757
v -0.789137 -0.030909 0.747505
v -0.942909 0.100291 0.589625
v 0.584158 0.622876 -0.911460
v -0.926956 -0.030909 0.579004
v -1.046973 0.100291 0.394158
v -0.979029 0.608141 -0.442725
v -1.029254 -0.030909 0.386853
v -1.110903 0.100291 0.182146
v -0.975365 0.622876 -0.441200
v -1.092099 -0.030909 0.178438
v -1.132243 0.100291 -0.038266
v 1.034948 0.608141 -0.241000
v -1.113078 -0.030909 -0.038234
v -1.110173 0.100291 -0.258605
v 1.031053 0.622876 -0.240233
v -1.091384 -0.030909 -0.254835
v -1.045542 0.100291 -0.470405
v -0.405733 0.608141 -1.014129
v -1.027848 -0.030909 -0.463041
v -0.940833 0.100291 -0.665525
v -0.404220 0.622876 -1.010459
v -0.924914 -0.030909 -0.654851
v -0.800067 0.100291 -0.836470
v -0.877745 0.605226 0.542573
v -0.786538 -0.030909 -0.822896
v -0.628659 0.100291 -0.976667
v -0.874071 0.619872 0.539883
v -0.618038 -0.030909 -0.960714
v -0.433192 0.100291 -1.080732
v 0.403691 0.608141 -1.012789
v -0.425887 -0.030909 -1.063014
v -0.221179 0.100291 -1.144662
v 0.402166 0.622876 -1.009123
v -0.217471 -0.030909 -1.125859
v -0.000768 0.100291 -1.166002
v -1.039540 0.608141 -0.244434
v -0.000799 -0.030909 -1.146837
v 0.219571 0.100291 -1.143932
v -1.035647 0.622876 -0.243653
v 0.215801 -0.030909 -1.125142
v 0.431371 0.100291 -1.079301
v 0.003304 0.607307 1.018090
v 0.424008 -0.030909 -1.061607
v 0.625632 0.198415 -0.935497
v 0.003254 0.622056 1.014174
v 0.615818 -0.030909 -0.958673
v 0.823180 0.165947 -0.782757
v 0.975096 0.608141 -0.439492
v 0.783862 -0.030909 -0.820297
v 0.892543 0.165824 -0.697988
v 0.971425 0.622876 -0.437979
v 0.921681 -0.030909 -0.651796
v 1.041698 0.100291 -0.466951
v -0.588734 0.608141 -0.916702
v 1.023980 -0.030909 -0.459646
v 1.105628 0.100291 -0.254938
v -0.586534 0.622876 -0.913396
v 1.086825 -0.030909 -0.251231
v 1.126969 0.100291 -0.034527
v -0.748868 0.604386 0.696445
v 1.107803 -0.030909 -0.034558
v 1.104898 0.100291 0.185813
v -0.745628 0.619044 0.693291
v 1.086109 -0.030909 0.182042
v 1.040267 0.100291 0.397612
v 0.875723 0.608141 0.552610
v 1.022573 -0.030909 0.390249
v 0.935557 0.100291 0.592733
v 0.872426 0.622876 0.550399
v 0.919639 -0.030909 0.582059
v 0.325195 1.711466 0.456001
v 0.414958 1.711466 0.382583
v 0.222833 1.711466 0.510497
v 0.111807 1.711466 0.543976
v -0.003617 1.711466 0.555152
v -0.119002 1.711466 0.543594
v -0.229917 1.711466 0.509748
v -0.332098 1.711466 0.454914
v -0.421617 1.711466 0.381199
v -0.495035 1.711466 0.291436
v -0.549531 1.711466 0.189074
v -0.583010 1.711466 0.078049
v -0.594186 1.711466 -0.037375
v -0.582628 1.711466 -0.152761
v -0.548782 1.711466 -0.263676
v -0.493948 1.711466 -0.365857
v -0.420232 1.711466 -0.455376
v -0.330470 1.711466 -0.528794
v -0.228108 1.711466 -0.583290
v -0.117082 1.711466 -0.616769
v -0.001659 1.711466 -0.627944
v 0.113728 1.711466 -0.616387
v 0.224642 1.711466 -0.582540
v 0.326823 1.711466 -0.527706
v 0.416342 1.711466 -0.453991
v 0.489760 1.711466 -0.364229
v 0.544256 1.711466 -0.261867
v 0.577734 1.711466 -0.150842
v 0.588911 1.711466 -0.035417
v 0.577353 1.711466 0.079968
v 0.543506 1.711466 0.190883
v 0.488672 1.711466 0.293064
v 0.305381 1.665643 0.426241
v 0.389718 1.665643 0.357260
v 0.209206 1.665643 0.477443
v 0.104891 1.665643 0.508898
v -0.003557 1.665643 0.519399
v -0.111970 1.665643 0.508539
v -0.216181 1.665643 0.476739
v -0.312185 1.665643 0.425219
v -0.396294 1.665643 0.355959
v -0.465275 1.665643 0.271622
v -0.516477 1.665643 0.175447
v -0.547932 1.665643 0.071132
v -0.558432 1.665643 -0.037316
v -0.547573 1.665643 -0.145729
v -0.515773 1.665643 -0.249939
v -0.464253 1.665643 -0.345944
v -0.394993 1.665643 -0.430053
v -0.310656 1.665643 -0.499034
v -0.214481 1.665643 -0.550236
v -0.110166 1.665643 -0.581691
v -0.001718 1.665643 -0.592192
v 0.106694 1.665643 -0.581333
v 0.210906 1.665643 -0.549532
v 0.306911 1.665643 -0.498012
v 0.391019 1.665643 -0.428752
v 0.460000 1.665643 -0.344415
v 0.511202 1.665643 -0.248240
v 0.542657 1.665643 -0.143925
v 0.553158 1.665643 -0.035477
v 0.542298 1.665643 0.072936
v 0.510498 1.665643 0.177147
v 0.458977 1.665643 0.273152
v 0.318838 1.665643 0.446453
v 0.406860 1.665643 0.374458
v 0.218462 1.665643 0.499892
v 0.109588 1.665643 0.532722
v -0.003597 1.665643 0.543681
v -0.116746 1.665643 0.532348
v -0.225510 1.665643 0.499157
v -0.325708 1.665643 0.445387
v -0.413492 1.665643 0.373101
v -0.485487 1.665643 0.285079
v -0.538926 1.665643 0.184703
v -0.571756 1.665643 0.075829
v -0.582715 1.665643 -0.037356
v -0.571382 1.665643 -0.150505
v -0.538191 1.665643 -0.259269
v -0.484420 1.665643 -0.359467
v -0.412135 1.665643 -0.447251
v -0.324113 1.665643 -0.519245
v -0.223737 1.665643 -0.572685
v -0.114863 1.665643 -0.605515
v -0.001678 1.665643 -0.616473
v 0.111471 1.665643 -0.605139
v 0.220234 1.665643 -0.571950
v 0.320433 1.665643 -0.518179
v 0.408217 1.665643 -0.445893
v 0.480212 1.665643 -0.357872
v 0.533651 1.665643 -0.257496
v 0.566480 1.665643 -0.148623
v 0.577439 1.665643 -0.035437
v 0.566107 1.665643 0.077713
v 0.532916 1.665643 0.186476
v 0.479145 1.665643 0.286675
v 0.270075 1.776213 0.373212
v 0.305381 1.710530 0.426241
v 0.389718 1.710530 0.357260
v 0.344745 1.776213 0.312138
v 0.184924 1.776213 0.418545
v 0.209206 1.710530 0.477443
v 0.092566 1.776213 0.446396
v 0.104891 1.710530 0.508898
v -0.003452 1.776213 0.455691
v -0.003557 1.710530 0.519399
v -0.099438 1.776213 0.446078
v -0.111970 1.710530 0.508539
v -0.199943 1.785462 0.414658
v -0.216181 1.710530 0.476739
v -0.267613 1.785462 0.378343
v -0.312185 1.710530 0.425219
v -0.351172 1.776213 0.310986
v -0.396294 1.710530 0.355959
v -0.412245 1.776213 0.236316
v -0.465275 1.710530 0.271622
v -0.457579 1.776213 0.151165
v -0.516477 1.710530 0.175447
v -0.485430 1.776213 0.058807
v -0.547932 1.710530 0.071132
v -0.494725 1.776213 -0.037211
v -0.558432 1.710530 -0.037316
v -0.485112 1.776213 -0.133197
v -0.547573 1.710530 -0.145729
v -0.456955 1.776213 -0.225462
v -0.515773 1.710530 -0.249939
v -0.411341 1.776213 -0.310463
v -0.464253 1.710530 -0.345944
v -0.350020 1.776213 -0.384931
v -0.394993 1.710530 -0.430053
v -0.275350 1.776213 -0.446004
v -0.310656 1.710530 -0.499034
v -0.190199 1.776213 -0.491338
v -0.214481 1.710530 -0.550236
v -0.097840 1.776213 -0.519188
v -0.110166 1.710530 -0.581691
v -0.001823 1.776213 -0.528484
v -0.001718 1.710530 -0.592192
v 0.094162 1.776213 -0.518870
v 0.106694 1.710530 -0.581333
v 0.186428 1.776213 -0.490714
v 0.210906 1.710530 -0.549532
v 0.271429 1.776213 -0.445100
v 0.306911 1.710530 -0.498012
v 0.345897 1.776213 -0.383779
v 0.391019 1.710530 -0.428752
v 0.406970 1.776213 -0.309109
v 0.460000 1.710530 -0.344415
v 0.452304 1.776213 -0.223958
v 0.511202 1.710530 -0.248240
v 0.480154 1.776213 -0.131600
v 0.542657 1.710530 -0.143925
v 0.489450 1.776213 -0.035582
v 0.553158 1.710530 -0.035477
v 0.479837 1.776213 0.060404
v 0.542298 1.710530 0.072936
v 0.451681 1.776213 0.152670
v 0.510498 1.710530 0.177147
v 0.406066 1.776213 0.237670
v 0.458977 1.710530 0.273152
v 0.344745 1.621239 0.312138
v 0.270075 1.621239 0.373212
v 0.184924 1.621239 0.418545
v 0.092566 1.621239 0.446396
v -0.003452 1.621239 0.455691
v -0.099437 1.621239 0.446077
v -0.191703 1.621239 0.417922
v -0.276704 1.621239 0.372308
v -0.351172 1.621239 0.310986
v -0.412245 1.621239 0.236316
v -0.457579 1.621239 0.151165
v -0.485430 1.621239 0.058807
v -0.494725 1.621239 -0.037211
v -0.485112 1.621239 -0.133197
v -0.456955 1.621239 -0.225462
v -0.411341 1.621239 -0.310463
v -0.350020 1.621239 -0.384931
v -0.275350 1.621239 -0.446004
v -0.190199 1.621239 -0.491338
v -0.097840 1.621239 -0.519188
v -0.001823 1.621239 -0.528484
v 0.094162 1.621239 -0.518870
v 0.186428 1.621239 -0.490714
v 0.271429 1.621239 -0.445100
v 0.345897 1.621239 -0.383779
v 0.406970 1.621239 -0.309109
v 0.452304 1.621239 -0.223958
v 0.480154 1.621239 -0.131600
v 0.489450 1.621239 -0.035582
v 0.479837 1.621239 0.060404
v 0.451681 1.621239 0.152670
v 0.406066 1.621239 0.237670
v 0.265317 1.812828 0.316237
v 0.319656 1.862619 0.295908
v 0.167957 1.862619 0.393950
v 0.109973 1.812828 0.391936
v -0.009715 1.862619 0.426475
v -0.062515 1.812828 0.402425
v -0.181464 1.862185 0.387700
v -0.225886 1.812828 0.346108
v -0.334942 1.862619 0.285898
v -0.355271 1.812828 0.231558
v -0.432983 1.862619 0.134198
v -0.430970 1.812828 0.076214
v -0.465509 1.862619 -0.043474
v -0.441459 1.812828 -0.096274
v -0.427566 1.862619 -0.220069
v -0.385141 1.812828 -0.259645
v -0.324932 1.862619 -0.368701
v -0.270592 1.812828 -0.389030
v -0.173232 1.862619 -0.466742
v -0.115248 1.812828 -0.464729
v -0.001879 1.871322 -0.495398
v 0.057240 1.812828 -0.475218
v 0.181035 1.862619 -0.461325
v 0.220611 1.812828 -0.418900
v 0.329667 1.862619 -0.358691
v 0.349996 1.812828 -0.304351
v 0.427708 1.862619 -0.206990
v 0.425695 1.812828 -0.149007
v 0.460234 1.862619 -0.029319
v 0.436183 1.812828 0.023481
v 0.422291 1.862619 0.147276
v 0.379866 1.812828 0.186853
v 0.336658 1.862619 0.312965
v 0.305484 1.812828 0.376567
v 0.177136 1.862619 0.416214
v 0.123995 1.812828 0.463046
v -0.009755 1.862619 0.450557
v -0.076772 1.812828 0.473488
v -0.200620 1.852912 0.412644
v -0.259293 1.814612 0.405409
v -0.351999 1.862619 0.302899
v -0.415602 1.812828 0.271725
v -0.455249 1.862619 0.143377
v -0.502080 1.812828 0.090236
v -0.489591 1.862619 -0.043514
v -0.512522 1.812828 -0.110531
v -0.449800 1.862619 -0.229321
v -0.445338 1.812828 -0.300013
v -0.341933 1.862619 -0.385758
v -0.310759 1.812828 -0.449360
v -0.182411 1.862619 -0.489007
v -0.129270 1.812828 -0.535838
v -0.001823 1.871322 -0.528484
v 0.071498 1.812828 -0.546280
v 0.190288 1.862619 -0.483559
v 0.260978 1.812828 -0.479098
v 0.346724 1.862619 -0.375692
v 0.410326 1.812828 -0.344518
v 0.449973 1.862619 -0.216169
v 0.496805 1.812828 -0.163029
v 0.484316 1.862619 -0.029279
v 0.507246 1.812828 0.037738
v 0.444525 1.862619 0.156529
v 0.440063 1.812828 0.227220
v 0.308638 1.662902 0.275911
v 0.241729 1.662902 0.330637
v 0.165429 1.662902 0.371259
v 0.082671 1.662902 0.396213
v -0.003368 1.662902 0.404544
v -0.089377 1.662902 0.395929
v -0.172052 1.662902 0.370700
v -0.248218 1.662902 0.329826
v -0.314945 1.662902 0.274879
v -0.369671 1.662902 0.207970
v -0.410293 1.662902 0.131670
v -0.435247 1.662902 0.048912
v -0.443578 1.662902 -0.037126
v -0.434963 1.662902 -0.123136
v -0.409734 1.662902 -0.205811
v -0.368860 1.662902 -0.281977
v -0.313913 1.662902 -0.348704
v -0.247004 1.662902 -0.403430
v -0.170704 1.662902 -0.444051
v -0.087946 1.662902 -0.469006
v -0.001908 1.662902 -0.477336
v 0.084100 1.662902 -0.468722
v 0.166777 1.662902 -0.443493
v 0.242942 1.662902 -0.402619
v 0.309670 1.662902 -0.347672
v 0.364396 1.662902 -0.280763
v 0.405017 1.662902 -0.204462
v 0.429972 1.662902 -0.121704
v 0.438303 1.662902 -0.035667
v 0.404459 1.662902 0.133018
v 0.363585 1.662902 0.209184
v 0.309483 1.862619 0.335192
v 0.212217 1.812828 0.426220
v 0.143523 1.862619 0.426350
v 0.018827 1.812828 0.473228
v -0.044688 1.862619 0.447059
v -0.177832 1.812828 0.442649
v -0.231554 1.852912 0.396043
v -0.347818 1.812828 0.339139
v -0.374226 1.862619 0.275724
v -0.465254 1.812828 0.178459
v -0.465384 1.862619 0.109764
v -0.512262 1.812828 -0.014932
v -0.486093 1.862619 -0.078446
v -0.481683 1.812828 -0.211590
v -0.433199 1.862619 -0.260256
v -0.378174 1.812828 -0.381577
v -0.314758 1.862619 -0.407985
v -0.217493 1.812828 -0.499013
v -0.148798 1.862619 -0.499143
v -0.024102 1.812828 -0.546021
v 0.046170 1.871322 -0.523677
v 0.172557 1.812828 -0.515442
v 0.221221 1.862619 -0.466959
v 0.342543 1.812828 -0.411932
v 0.368951 1.862619 -0.348517
v 0.459979 1.812828 -0.251251
v 0.460108 1.862619 -0.182557
v 0.506986 1.812828 -0.057861
v 0.480818 1.862619 0.005654
v 0.476408 1.812828 0.138798
v 0.427924 1.862619 0.187463
v 0.372899 1.812828 0.308784
v 0.294310 1.862619 0.316641
v 0.178321 1.812828 0.362551
v 0.136604 1.862619 0.403403
v 0.011876 1.812828 0.401434
v -0.042299 1.862619 0.423212
v -0.156779 1.812828 0.373660
v -0.217709 1.862185 0.368249
v -0.301967 1.812828 0.283458
v -0.355674 1.862619 0.260551
v -0.401585 1.812828 0.144562
v -0.442437 1.862619 0.102845
v -0.440467 1.812828 -0.021883
v -0.462246 1.862619 -0.076058
v -0.412694 1.812828 -0.190538
v -0.412082 1.862619 -0.248924
v -0.322492 1.812828 -0.335726
v -0.299585 1.862619 -0.389433
v -0.183596 1.812828 -0.435344
v -0.141879 1.862619 -0.476196
v -0.017151 1.812828 -0.474226
v 0.042888 1.871322 -0.490914
v 0.151504 1.812828 -0.446453
v 0.209890 1.862619 -0.445841
v 0.296692 1.812828 -0.356251
v 0.350400 1.862619 -0.333343
v 0.396310 1.812828 -0.217355
v 0.437162 1.862619 -0.175638
v 0.435193 1.812828 -0.050910
v 0.456971 1.862619 0.003265
v 0.407419 1.812828 0.117745
v 0.406807 1.862619 0.176131
v 0.317217 1.812828 0.262933
v 0.321388 1.662902 0.288704
v 0.251738 1.662902 0.345672
v 0.172313 1.662902 0.387957
v 0.086164 1.662902 0.413934
v -0.003397 1.662902 0.422606
v -0.092929 1.662902 0.413637
v -0.178991 1.662902 0.387376
v -0.258277 1.662902 0.344828
v -0.327737 1.662902 0.287630
v -0.384706 1.662902 0.217980
v -0.426991 1.662902 0.138554
v -0.452968 1.662902 0.052405
v -0.461640 1.662902 -0.037156
v -0.452671 1.662902 -0.126688
v -0.426410 1.662902 -0.212750
v -0.383862 1.662902 -0.292036
v -0.326663 1.662902 -0.361497
v -0.257014 1.662902 -0.418465
v -0.177588 1.662902 -0.460750
v -0.091439 1.662902 -0.486727
v -0.001879 1.662902 -0.495398
v 0.087654 1.662902 -0.486430
v 0.173716 1.662902 -0.460169
v 0.253002 1.662902 -0.417621
v 0.322462 1.662902 -0.360422
v 0.379431 1.662902 -0.290773
v 0.421716 1.662902 -0.211347
v 0.447692 1.662902 -0.125198
v 0.456365 1.662902 -0.035637
v 0.447396 1.662902 0.053895
v 0.421134 1.662902 0.139958
v 0.378587 1.662902 0.219243
v 0.239930 1.957509 0.204251
v -0.068034 1.957509 0.297115
v -0.316343 1.957509 0.092644
v -0.284286 1.957509 -0.227416
v -0.000354 1.957509 -0.378576
v 0.283074 1.957509 -0.226477
v -0.037484 1.665884 -0.389064
v 0.033989 1.665884 -0.388946
v -0.001723 1.665884 -0.403807
v -0.354692 1.665884 -0.001549
v -0.354573 1.665884 -0.073022
v -0.369434 1.665884 -0.037310
v 0.349913 1.665884 -0.000384
v 0.350031 1.665884 -0.071856
v 0.364774 1.665884 -0.036095
v 0.032823 1.665884 0.315659
v -0.038649 1.665884 0.315540
v -0.002937 1.665884 0.330401
v 0.312646 1.665884 -0.054508
v 0.016518 1.665884 -0.351619
v -0.001796 1.665884 -0.359241
v -0.020136 1.665884 -0.351680
v -0.317246 1.665884 -0.055551
v -0.324869 1.665884 -0.037237
v -0.317307 1.665884 -0.018897
v -0.021178 1.665884 0.278213
v -0.002864 1.665884 0.285835
v 0.015475 1.665884 0.278274
v 0.312586 1.665884 -0.017855
v 0.320208 1.665884 -0.036169
v 0.325027 1.700826 -0.055208
v 0.017259 1.700826 -0.363997
v -0.001776 1.700826 -0.371918
v -0.020836 1.700826 -0.364060
v -0.329624 1.700826 -0.056292
v -0.337545 1.700826 -0.037257
v -0.329687 1.700826 -0.018197
v -0.021919 1.700826 0.290591
v -0.002885 1.700826 0.298512
v 0.016176 1.700826 0.290654
v 0.324964 1.700826 -0.017114
v 0.332885 1.700826 -0.036148
v 0.350031 1.700826 -0.071856
v 0.033989 1.700826 -0.388946
v -0.001723 1.700826 -0.403807
v -0.037484 1.700826 -0.389064
v -0.354573 1.700826 -0.073022
v -0.369434 1.700826 -0.037310
v -0.354692 1.700826 -0.001549
v -0.038649 1.700826 0.315540
v -0.002937 1.700826 0.330401
v 0.032823 1.700826 0.315659
v 0.349913 1.700826 -0.000384
v 0.364774 1.700826 -0.036095
v 0.343163 1.614377 0.482990
v 0.437846 1.614377 0.405548
v 0.235192 1.614377 0.540473
v 0.515602 1.614377 0.311122
v 0.118081 1.614377 0.575787
v -0.003670 1.614377 0.587575
v -0.125381 1.614377 0.575383
v -0.242375 1.614377 0.539683
v -0.350155 1.614377 0.481843
v -0.444582 1.614377 0.404088
v -0.522024 1.614377 0.309404
v -0.579507 1.614377 0.201433
v -0.614821 1.614377 0.084322
v -0.626609 1.614377 -0.037429
v -0.614418 1.614377 -0.159140
v -0.578717 1.614377 -0.276134
v -0.520877 1.614377 -0.383914
v -0.443121 1.614377 -0.478341
v -0.348439 1.614377 -0.555783
v -0.240467 1.614377 -0.613266
v -0.123356 1.614377 -0.648580
v -0.001605 1.614377 -0.660368
v 0.120106 1.614377 -0.648176
v 0.237100 1.614377 -0.612476
v 0.344881 1.614377 -0.554636
v 0.439307 1.614377 -0.476881
v 0.516749 1.614377 -0.382197
v 0.574232 1.614377 -0.274226
v 0.609546 1.614377 -0.157115
v 0.621334 1.614377 -0.035364
v 0.609142 1.614377 0.086347
v 0.573442 1.614377 0.203341
v 0.538242 0.382582 0.885745
v 0.405133 1.383907 0.553336
v 0.492505 0.979824 0.715783
v 0.280652 1.383907 0.619607
v 0.437279 0.380212 0.940031
v 0.337718 0.979824 0.798190
v 0.265794 0.381583 0.998267
v 0.145635 1.383907 0.660320
v 0.169828 0.979824 0.848816
v 0.005269 1.383907 0.673911
v -0.003283 0.550831 1.002588
v -0.004713 0.979824 0.865715
v -0.152594 1.383907 0.711020
v -0.211507 0.550831 1.004656
v -0.295526 1.383907 0.667404
v -0.410576 0.550824 0.943895
v -0.589774 0.548875 0.842426
v -0.427202 1.383907 0.596741
v -0.542565 1.383907 0.501746
v -0.736942 0.549577 0.693963
v -0.633909 0.979642 0.599808
v -0.637176 1.383907 0.386072
v -0.866647 0.549642 0.535652
v -0.745389 0.979652 0.463873
v -0.964509 0.550831 0.358014
v -1.023458 0.550831 0.162524
v -1.043136 0.550831 -0.040710
v -0.698859 1.383907 -0.186974
v -1.022785 0.550831 -0.243878
v -0.880274 0.979824 -0.204769
v -0.657699 1.383907 -0.321855
v -0.963190 0.550831 -0.439173
v -0.829094 0.979824 -0.372489
v -0.591017 1.383907 -0.446116
v -0.866640 0.550831 -0.619089
v -0.746176 0.979824 -0.527004
v -0.736846 0.550831 -0.776710
v -0.501372 1.383907 -0.554979
v -0.634706 0.979824 -0.662371
v -0.392213 1.383907 -0.644262
v -0.578794 0.550831 -0.905983
v -0.498970 0.979824 -0.773392
v -0.267732 1.383907 -0.710533
v -0.398561 0.550831 -1.001936
v -0.344182 0.979824 -0.855798
v -0.111614 1.309926 -0.782473
v -0.203070 0.550831 -1.060885
v -0.154597 1.074369 -0.871230
v -0.004820 1.288192 -0.801385
v 0.000164 0.550831 -1.080562
v -0.035083 1.052141 -0.891570
v 0.203333 0.550831 -1.060213
v 0.147970 1.383907 -0.750782
v 0.172731 0.979824 -0.905847
v 0.282852 1.383907 -0.709622
v 0.398627 0.550831 -1.000618
v 0.340453 0.979824 -0.854666
v 0.407112 1.383907 -0.642939
v 0.626413 0.267645 -0.913252
v 0.494966 0.979824 -0.771747
v 0.515975 1.383907 -0.553295
v 0.780307 0.484383 -0.740135
v 0.630335 0.979824 -0.660278
v 0.840910 0.484264 -0.666076
v 0.605259 1.383907 -0.444136
v 0.741356 0.979824 -0.524541
v 0.671530 1.383907 -0.319656
v 0.961391 0.550831 -0.435988
v 0.823762 0.979824 -0.369754
v 0.712243 1.383907 -0.184639
v 1.020339 0.550831 -0.240498
v 0.918987 0.879102 -0.174760
v 0.725834 1.383907 -0.044273
v 1.040017 0.550831 -0.037264
v 0.926795 0.883702 -0.074313
v 1.019666 0.550831 0.165904
v 0.711779 1.383907 0.096047
v 0.873810 0.979824 0.147160
v 0.960072 0.550831 0.361199
v 0.670619 1.383907 0.230928
v 0.822629 0.979824 0.314880
v 0.514291 1.383907 0.464052
v 0.733728 0.550831 0.698737
v 0.628242 0.979824 0.604762
v 0.603935 1.383907 0.355189
v 0.863521 0.550831 0.541115
v 0.739711 0.979824 0.469394
v -0.522313 0.998827 0.752088
v -0.458066 1.409119 0.642766
v -0.555112 1.364388 0.589306
v -0.637835 0.997718 0.656447
v -0.609213 0.593732 0.878167
v -0.734730 0.606229 0.767776
v -0.057174 1.364388 0.796525
v -0.041778 0.998133 0.916822
v -0.056507 0.612221 1.066894
v -0.166235 1.378439 0.778888
v -0.189856 0.999200 0.901370
v -0.221350 0.599174 1.053774
v -0.322123 1.378438 0.731313
v -0.366007 0.999139 0.846059
v -0.427104 0.598185 0.988763
v -0.465738 1.378439 0.654248
v -0.577820 1.409018 0.544560
v -0.662712 0.998725 0.636125
v -0.782470 0.561323 0.749088
v -0.615717 0.561578 0.886607
v -0.009427 1.409018 0.781098
v -0.010116 0.999117 0.919666
v -0.010255 0.566599 1.083913
v -0.163495 1.409119 0.765352
v -0.223070 0.566670 1.062292
v -0.316817 1.409119 0.718565
v -0.431256 0.565922 0.997209
v -0.474297 1.347856 0.664954
v -0.566144 1.386912 0.567077
v -0.613174 0.996670 0.676811
v -0.758429 0.583589 0.758538
v -0.603516 0.625862 0.869226
v -0.033629 1.386912 0.788685
v -0.073311 0.997103 0.913941
v -0.033605 0.589283 1.075416
v -0.167798 1.347856 0.792505
v -0.218742 0.631516 1.045387
v -0.327410 1.347880 0.744020
v -0.422939 0.630354 0.980322
v -0.897752 0.979824 -0.030285
v -0.712915 1.383907 -0.046654
v -0.707403 1.383907 0.254161
v -0.830220 0.979824 0.312136
v -0.750546 1.383907 0.111086
v -0.931038 0.979554 0.146678
v -0.777568 1.275486 0.170662
v -0.784829 1.238517 0.218772
v -0.760320 1.292423 0.213952
v -0.830887 1.129625 0.235373
v -0.856963 1.087778 0.199281
v -0.852107 1.075733 0.247498
v -0.792559 1.281399 0.081047
v -0.779256 1.284850 0.140587
v -0.770340 1.325954 0.109769
v -0.867965 1.075122 0.172564
v -0.881269 1.071672 0.113023
v -0.897047 1.033833 0.145276
v -0.829638 1.226896 0.018237
v -0.803562 1.268744 0.054330
v -0.804185 1.283419 0.012399
v -0.882957 1.081036 0.082948
v -0.875696 1.118004 0.034839
v -0.898290 1.067336 0.032534
v -0.867081 1.143902 0.019024
v -0.843509 1.199634 0.010527
v -0.793443 1.212619 0.234587
v -0.817016 1.156888 0.243083
v -0.710244 1.204727 0.204063
v -0.702981 1.241695 0.155955
v -0.782377 1.053987 0.184574
v -0.756302 1.095835 0.220666
v -0.704670 1.251059 0.125879
v -0.717974 1.247609 0.066339
v -0.806683 1.037881 0.098316
v -0.793380 1.041332 0.157856
v -0.728975 1.234953 0.039621
v -0.755052 1.193106 0.003528
v -0.801110 1.084213 0.020132
v -0.808372 1.047245 0.068241
v -0.768923 1.165843 -0.004180
v -0.792496 1.110112 0.004316
v -0.742430 1.123097 0.228376
v -0.718858 1.178829 0.219879
v 0.964107 0.605325 0.365917
v 0.867043 0.605325 0.546790
v -0.739059 0.602822 0.697591
v -0.741834 0.605325 -0.778043
v -0.582942 0.605325 -0.908002
v 0.868969 0.605325 -0.616701
v 0.965433 0.605325 -0.435508
v 0.199944 0.605325 0.990936
v -0.004370 0.605325 1.010718
v -1.049751 0.605325 -0.038129
v -1.029293 0.605325 -0.242377
v 0.203343 0.605325 -1.063052
v 0.399676 0.605325 -1.003140
v 1.024019 0.605325 0.169585
v -0.869891 0.602896 0.537975
v -0.401750 0.605325 -1.004466
v 1.024694 0.605325 -0.238978
v -0.969382 0.605325 -0.438710
v 0.580549 0.605325 -0.906077
v -0.970539 0.605218 0.362410
v -0.205220 0.605325 -1.063728
v 1.044477 0.605325 -0.034663
v -0.872318 0.605325 -0.619582
v 0.739009 0.605325 -0.775592
v 0.577667 0.605325 0.835210
v 0.396475 0.605325 0.931673
v -1.029969 0.605325 0.166186
v -0.000905 0.605325 -1.083510
v 0.736558 0.605325 0.705251
v -0.594360 0.672681 0.857277
v -0.769542 0.615912 0.736197
v -0.010213 0.621683 1.069046
v -0.216367 0.678360 1.032957
v -0.416910 0.676989 0.967997
v -0.745201 0.635343 0.747271
v -0.034852 0.641352 1.061247
v -0.721222 0.655104 0.758196
v -0.059082 0.661235 1.053421
v 0.960441 0.620060 0.364393
v -0.739030 0.620060 -0.775230
v 0.865664 0.620060 -0.614501
v 0.199177 0.620060 0.987040
v -1.045781 0.620060 -0.038123
v 0.202563 0.620060 -1.059159
v 1.020126 0.620060 0.168804
v 0.575467 0.620060 0.831905
v -0.591948 0.685391 0.854087
v 0.863745 0.620060 0.544579
v -0.735855 0.617467 0.694398
v -0.580742 0.620060 -0.904697
v 0.961762 0.620060 -0.433995
v -0.004364 0.620060 1.006748
v -1.025400 0.620060 -0.241597
v 0.398152 0.620060 -0.999474
v -0.866250 0.617541 0.535329
v -0.400236 0.620060 -1.000796
v 0.985501 0.718331 -0.179788
v -0.965716 0.620060 -0.437185
v 0.578337 0.620060 -0.902780
v -0.966801 0.619915 0.360776
v -0.204451 0.620060 -1.059833
v 0.993937 0.722897 -0.073015
v -0.869021 0.620060 -0.617371
v 0.736197 0.620060 -0.772789
v 0.394961 0.620060 0.928003
v -1.026074 0.620060 0.165418
v -0.000912 0.620060 -1.079540
v 0.733755 0.620060 0.702438
v -0.766089 0.630745 0.732754
v -0.010202 0.636577 1.065026
v -0.215725 0.691026 1.029597
v -0.415300 0.689620 0.964673
v -0.741673 0.649405 0.744273
v -0.035189 0.655430 1.057416
v -0.717623 0.668379 0.755657
v -0.059778 0.674488 1.049779
v 0.641085 0.030319 0.930461
v 0.817340 0.030319 0.786299
v 0.638145 0.102487 0.926048
v 0.813597 0.102487 0.782544
v 0.440090 0.030319 1.037466
v 0.438070 0.102487 1.032565
v 0.222084 0.030319 1.103204
v 0.221058 0.102487 1.098003
v -0.004560 0.030319 1.125148
v -0.004551 0.102487 1.119847
v -0.231129 0.030319 1.102454
v -0.230086 0.102487 1.097257
v -0.448918 0.030319 1.035995
v -0.446880 0.102487 1.031101
v -0.649555 0.030319 0.928325
v -0.646603 0.102487 0.923921
v -0.825333 0.030319 0.783581
v -0.821578 0.102487 0.779838
v -0.969494 0.030319 0.607325
v -0.965081 0.102487 0.604387
v -1.076500 0.030319 0.406332
v -1.071599 0.102487 0.404312
v -1.142238 0.030319 0.188325
v -1.137037 0.102487 0.187299
v -1.164182 0.030319 -0.038318
v -1.158880 0.102487 -0.038310
v -1.141488 0.030319 -0.264888
v -1.136290 0.102487 -0.263845
v -1.075029 0.030319 -0.482675
v -1.070135 0.102487 -0.480638
v -0.967358 0.030319 -0.683314
v -0.962955 0.102487 -0.680361
v -0.822614 0.030319 -0.859092
v -0.818872 0.102487 -0.855336
v -0.646359 0.030319 -1.003253
v -0.643420 0.102487 -0.998840
v -0.445365 0.030319 -1.110259
v -0.443345 0.102487 -1.105357
v -0.227358 0.030319 -1.175997
v -0.226333 0.102487 -1.170796
v -0.000715 0.030319 -1.197941
v -0.000724 0.102487 -1.192639
v 0.225853 0.030319 -1.175248
v 0.224811 0.102487 -1.170049
v 0.443642 0.030319 -1.108788
v 0.441605 0.102487 -1.103893
v 0.644280 0.030319 -1.001118
v 0.641328 0.102487 -0.996714
v 0.820058 0.030319 -0.856373
v 0.816303 0.102487 -0.852630
v 0.964219 0.030319 -0.680118
v 0.959807 0.102487 -0.677179
v 1.071225 0.030319 -0.479124
v 1.066324 0.102487 -0.477103
v 1.136963 0.030319 -0.261117
v 1.131763 0.102487 -0.260091
v 1.158908 0.030319 -0.034474
v 1.153605 0.102487 -0.034483
v 1.136213 0.030319 0.192095
v 1.131016 0.102487 0.191052
v 1.069753 0.030319 0.409884
v 1.064860 0.102487 0.407846
v 0.962083 0.030319 0.610522
v 0.957680 0.102487 0.607569
v 0.743599 0.622876 -0.780167
v 0.746411 0.608141 -0.782970
v 0.398945 0.622876 0.937666
v 0.400458 0.608141 0.941336
v -1.036327 0.622876 0.167440
v -1.040223 0.608141 0.168208
v -0.000893 0.622876 -1.089991
v -0.000887 0.608141 -1.093961
v 0.741134 0.622876 0.709841
v 0.743936 0.608141 0.712653
v -0.775280 0.632705 0.734334
v -0.779425 0.617157 0.733230
v -0.004922 0.639035 1.074150
v -0.001269 0.623266 1.074934
v -0.217817 0.693847 1.039834
v -0.218385 0.681181 1.043211
v -0.418307 0.692164 0.973830
v -0.419945 0.679531 0.977170
v -0.746768 0.651547 0.750922
v -0.750331 0.637474 0.753949
v -0.036244 0.658235 1.067817
v -0.035905 0.644158 1.071648
v -0.722630 0.670539 0.762280
v -0.726258 0.657247 0.764847
v -0.060830 0.677295 1.060180
v -0.060136 0.664041 1.063822
v -0.598425 0.674893 0.864741
v 0.583459 0.608141 0.843909
v 0.205399 0.608141 -1.073300
v -1.060202 0.608141 -0.038146
v 0.877668 0.608141 -0.622492
v -0.749211 0.608141 -0.785445
v 1.034265 0.608141 0.171641
v 0.201967 0.608141 1.001189
v 0.973755 0.608141 0.369934
v 0.970090 0.622876 0.368408
v -0.746409 0.622876 -0.782633
v 0.874362 0.622876 -0.620292
v 0.201199 0.622876 0.997294
v -1.056232 0.622876 -0.038140
v 0.204618 0.622876 -1.069407
v 1.030373 0.622876 0.170860
v 0.581259 0.622876 0.840604
v -0.595923 0.687619 0.861575
v 0.427338 1.658952 0.395004
v 0.503238 1.658952 0.302831
v 0.334914 1.658952 0.470599
v 0.229518 1.658952 0.526711
v 0.115200 1.658952 0.561182
v -0.003644 1.658952 0.572689
v -0.122452 1.658952 0.560789
v -0.236655 1.658952 0.525939
v -0.341865 1.658952 0.469479
v -0.434038 1.658952 0.393579
v -0.509633 1.658952 0.301155
v -0.565745 1.658952 0.195759
v -0.600216 1.658952 0.081441
v -0.611722 1.658952 -0.037404
v -0.599823 1.658952 -0.156211
v -0.564972 1.658952 -0.270414
v -0.508514 1.658952 -0.375624
v -0.432613 1.658952 -0.467797
v -0.340189 1.658952 -0.543392
v -0.234793 1.658952 -0.599503
v -0.120475 1.658952 -0.633974
v -0.001630 1.658952 -0.645481
v 0.117177 1.658952 -0.633581
v 0.231380 1.658952 -0.598731
v 0.336590 1.658952 -0.542272
v 0.428763 1.658952 -0.466371
v 0.504358 1.658952 -0.373947
v 0.560470 1.658952 -0.268552
v 0.594940 1.658952 -0.154234
v 0.606447 1.658952 -0.035389
v 0.594547 1.658952 0.083419
v 0.559697 1.658952 0.197621
v 0.347366 1.666456 0.489302
v 0.355616 1.621880 0.501693
v 0.238083 1.666456 0.547483
v 0.243756 1.621880 0.561246
v 0.119548 1.666456 0.583226
v 0.122428 1.621880 0.597831
v -0.003683 1.666456 0.595157
v -0.003707 1.621880 0.610044
v -0.126872 1.666456 0.582818
v -0.129801 1.621880 0.597414
v -0.245288 1.666456 0.546683
v -0.251007 1.621880 0.560427
v -0.354379 1.666456 0.488140
v -0.362671 1.621880 0.500505
v -0.449952 1.666456 0.409440
v -0.460497 1.621880 0.419949
v -0.528336 1.666456 0.313607
v -0.540727 1.621880 0.321857
v -0.586516 1.666456 0.204323
v -0.600280 1.621880 0.209997
v -0.622260 1.666456 0.085788
v -0.636865 1.621880 0.088669
v -0.634190 1.666456 -0.037442
v -0.649078 1.621880 -0.037466
v -0.621852 1.666456 -0.160631
v -0.636447 1.621880 -0.163560
v -0.585716 1.666456 -0.279047
v -0.599460 1.621880 -0.284767
v -0.527174 1.666456 -0.388138
v -0.539539 1.621880 -0.396429
v -0.448474 1.666456 -0.483711
v -0.458983 1.621880 -0.494255
v -0.352641 1.666456 -0.562094
v -0.360891 1.621880 -0.574486
v -0.243357 1.666456 -0.620275
v -0.249031 1.621880 -0.634038
v -0.124822 1.666456 -0.656019
v -0.127703 1.621880 -0.670624
v -0.001593 1.666456 -0.667950
v -0.001568 1.621880 -0.682837
v 0.121597 1.666456 -0.655611
v 0.124527 1.621880 -0.670206
v 0.240012 1.666456 -0.619476
v 0.245732 1.621880 -0.633219
v 0.349103 1.666456 -0.560933
v 0.357395 1.621880 -0.573297
v 0.444677 1.666456 -0.482233
v 0.455221 1.621880 -0.492742
v 0.523061 1.666456 -0.386400
v 0.535452 1.621880 -0.394650
v 0.581242 1.666456 -0.277116
v 0.595004 1.621880 -0.282790
v 0.616985 1.666456 -0.158581
v 0.631590 1.621880 -0.161462
v 0.628916 1.666456 -0.035352
v 0.643802 1.621880 -0.035327
v 0.616577 1.666456 0.087838
v 0.631172 1.621880 0.090767
v 0.580442 1.666456 0.206255
v 0.594186 1.621880 0.211974
v 0.453708 1.621880 0.421462
v 0.534264 1.621880 0.323637
v 0.443199 1.666456 0.410918
v 0.521899 1.666456 0.315345
v 0.559623 1.711466 0.138067
v 1.052828 -0.030909 0.291103
v 1.071044 0.100291 0.296756
v 0.548720 1.711466 0.134684
v 0.548720 1.665643 0.134684
v 0.525641 1.665643 0.127522
v 0.525641 1.710530 0.127522
v 0.590442 1.614377 0.147629
v 0.690218 1.383907 0.166699
v 0.847001 0.979824 0.235013
v 0.988450 0.550831 0.268201
v 0.992636 0.605325 0.272426
v 0.988862 0.620060 0.271255
v 1.101402 0.030319 0.306175
v 1.096362 0.102487 0.304611
v 1.002570 0.608141 0.275508
v 0.998796 0.622876 0.274337
v 0.576292 1.658952 0.143239
v 0.611799 1.621880 0.154256
v 0.597650 1.666456 0.149866
v -0.518623 1.711466 -0.319876
v -0.971235 -0.030909 -0.568537
v -0.987952 0.100291 -0.577721
v -0.508617 1.711466 -0.314378
v -0.508617 1.665643 -0.314378
v -0.487437 1.665643 -0.302742
v -0.487437 1.710530 -0.302742
v -0.546905 1.614377 -0.335413
v -0.621023 1.383907 -0.390199
v -0.783488 0.979824 -0.457472
v -0.910088 0.550831 -0.538127
v -0.915996 0.605325 -0.538190
v -0.912533 0.620060 -0.536287
v -1.015810 0.030319 -0.593027
v -1.011186 0.102487 -0.590486
v -0.925112 0.608141 -0.543198
v -0.921649 0.622876 -0.541295
v -0.533921 1.658952 -0.328280
v -0.566504 1.621880 -0.346181
v -0.553519 1.666456 -0.339047
v 0.565533 1.711466 0.118701
v 0.571443 1.711466 0.099335
v 0.554516 1.711466 0.115693
v 0.560311 1.711466 0.096703
v 0.554516 1.665643 0.115693
v 0.560311 1.665643 0.096703
v 0.531193 1.665643 0.109328
v 0.536746 1.665643 0.091132
v 0.531193 1.710530 0.109328
v 0.536746 1.710530 0.091132
v 0.855937 0.979824 0.205729
v 0.864874 0.979824 0.176444
v 0.998855 0.550831 0.234103
v 1.009261 0.550831 0.200004
v 1.003096 0.605325 0.238146
v 1.013557 0.605325 0.203865
v 0.999283 0.620060 0.237105
v 1.009704 0.620060 0.202954
v 1.013135 0.608141 0.240886
v 1.023701 0.608141 0.206263
v 1.009322 0.622876 0.239845
v 1.019848 0.622876 0.205353
v 1.075014 -0.030909 0.218396
v 1.063921 -0.030909 0.254749
v 1.093613 0.100291 0.222793
v 1.082330 0.100291 0.259775
v 0.602909 1.614377 0.106774
v 0.596676 1.614377 0.127202
v 0.704592 1.383907 0.119598
v 0.697405 1.383907 0.143149
v 1.124609 0.030319 0.230121
v 1.113006 0.030319 0.268148
v 1.119464 0.102487 0.228905
v 1.107913 0.102487 0.266758
v 0.588463 1.658952 0.103359
v 0.582377 1.658952 0.123299
v 0.624715 1.621880 0.111930
v 0.618256 1.621880 0.133093
v 0.610268 1.666456 0.108514
v 0.603959 1.666456 0.129190
v -0.955795 -0.030909 -0.597309
v -0.940355 -0.030909 -0.626081
v -0.972245 0.100291 -0.606989
v -0.956539 0.100291 -0.636257
v -0.538229 1.614377 -0.351580
v -0.529553 1.614377 -0.367747
v -0.611022 1.383907 -0.408838
v -0.601019 1.383907 -0.427476
v -0.999660 0.030319 -0.623122
v -0.983509 0.030319 -0.653218
v -0.995109 0.102487 -0.620444
v -0.979033 0.102487 -0.650403
v -0.525452 1.658952 -0.344061
v -0.516983 1.658952 -0.359842
v -0.557516 1.621880 -0.362930
v -0.548528 1.621880 -0.379679
v -0.544738 1.666456 -0.355411
v -0.535957 1.666456 -0.371774
v -0.502172 1.711466 -0.350529
v -0.510398 1.711466 -0.335202
v -0.492486 1.711466 -0.344438
v -0.500551 1.711466 -0.329408
v -0.492486 1.665643 -0.344438
v -0.500551 1.665643 -0.329408
v -0.471982 1.665643 -0.331544
v -0.479708 1.665643 -0.317143
v -0.471982 1.710530 -0.331544
v -0.479708 1.710530 -0.317143
v -0.758613 0.979824 -0.503826
v -0.771052 0.979824 -0.480649
v -0.881123 0.550831 -0.592101
v -0.895605 0.550831 -0.565114
v -0.886878 0.605325 -0.592451
v -0.901438 0.605325 -0.565320
v -0.883525 0.620060 -0.590343
v -0.898030 0.620060 -0.563315
v -0.895703 0.608141 -0.598001
v -0.910408 0.608141 -0.570600
v -0.892351 0.622876 -0.595893
v -0.907001 0.622876 -0.568594
v 0.750211 0.191789 -0.824158
v 0.937634 0.100291 -0.662417
v 0.865438 0.550831 -0.616222
v 0.736822 0.261773 -0.814580
v 0.626492 0.100291 -0.974591
v 0.797436 0.100291 -0.833826
v 0.736165 0.550831 -0.774273
v 0.578542 0.550831 -0.904069
v 0.817822 0.155439 -0.792444
v 0.900987 0.155343 -0.690793
v 0.846095 0.494990 -0.656536
v 0.771973 0.495084 -0.747132
v 0.618191 0.189211 -0.945133
v 0.759799 0.181235 -0.818715
v 0.743208 0.272254 -0.805507
v 0.617620 0.279329 -0.917622
v 0.895846 0.963626 -0.049952
v 0.883520 0.962653 -0.181446
v 1.017391 0.632865 -0.218287
v 1.033053 0.633722 -0.052844
v 0.911286 0.908996 -0.125625
v 0.949508 0.796387 -0.215559
v 0.964310 0.802700 -0.035516
v 1.000888 0.694035 -0.125453
v 0.841404 0.820592 -0.180944
v 0.851869 0.825056 -0.053633
v 0.890579 0.702613 -0.180849
v 0.901045 0.707078 -0.053539
v 0.836452 0.847258 -0.117308
v 0.863824 0.760678 -0.207263
v 0.878625 0.766991 -0.027220
v 0.905997 0.680411 -0.117174
v 1.040506 0.620060 -0.034671
v 1.020799 0.620060 -0.238210
v 0.991681 0.716120 -0.125470
v 0.976264 0.738322 -0.189145
v 0.986730 0.742786 -0.061835
v 0.891287 0.979824 -0.027325
v 0.874388 0.979824 -0.201865
v 0.922137 0.882967 -0.125604
v 0.927088 0.856300 -0.189240
v 0.937554 0.860765 -0.061930
v 0.623384 0.100291 0.903875
v 0.427917 0.100291 1.007939
v 0.215905 0.100291 1.071869
v 0.395442 0.550831 0.923964
v 0.575676 0.550831 0.828009
v 0.199952 0.550831 0.982911
v 0.374311 0.379692 0.965942
v 0.378860 0.268652 0.987707
v 0.595898 0.127615 0.912367
v 0.553669 0.523119 0.845954
v 0.398376 0.511910 0.931083
v 0.424983 0.139212 1.000818
v 0.241503 0.127492 1.058489
v 0.228107 0.523007 0.980212
v 0.422681 0.323503 0.960559
v 0.502998 0.245674 0.935303
v 0.485145 0.404683 0.909042
v 0.565464 0.326854 0.883787
v 0.399060 0.323781 0.970129
v 0.325543 0.246600 1.008377
v 0.319111 0.403635 0.977597
v 0.245595 0.326454 1.015844
v 0.408863 0.250438 0.881518
v 0.381641 0.306165 0.883476
v 0.461960 0.228336 0.858221
v 0.444107 0.387345 0.831960
v 0.497203 0.365243 0.808662
v 0.524424 0.309516 0.806704
v 0.509826 0.252807 0.827232
v 0.373856 0.306363 0.886536
v 0.353656 0.251234 0.904113
v 0.300340 0.229182 0.924783
v 0.245139 0.253124 0.936438
v 0.293906 0.386217 0.894002
v 0.349107 0.362274 0.882348
v 0.220389 0.309036 0.932250
v 0.396240 0.362874 0.862948
v 0.240590 0.364165 0.914673
v -0.129627 1.109203 -0.859907
v -0.077172 1.288658 -0.794196
v -0.010152 1.087132 -0.880181
v -0.118186 1.052251 -0.883481
v -0.093216 1.087084 -0.872158
v -0.135602 1.276965 -0.793152
v -0.176293 0.979824 -0.906424
v -0.071663 1.074217 -0.879319
v -0.046733 1.109208 -0.867931
v -0.027071 1.257593 -0.811302
v -0.001752 0.979824 -0.923323
v -0.089022 0.979824 -0.914873
v -0.101161 1.255698 -0.804876
v -0.132715 1.383907 -0.751247
v -0.154504 1.181866 -0.828835
v -0.036795 1.307919 -0.790509
v -0.059046 1.277319 -0.800425
v -0.062532 1.383907 -0.758042
v 0.007650 1.383907 -0.764837
v 0.002949 1.181866 -0.844080
v -0.075778 1.181866 -0.836457
v 1.082028 -0.033651 0.220054
v -0.977537 -0.033651 -0.572000
v 0.431086 -0.033651 1.015625
v -1.054658 -0.033651 0.397328
v -0.436360 -0.033651 -1.088416
v 1.049383 -0.033651 -0.470119
v -0.004487 -0.033651 1.081271
v 1.029245 -0.033651 0.393025
v 1.030660 -0.033651 -0.462400
v 0.426784 -0.033651 -1.068279
v -0.428642 -0.033651 -1.069694
v -1.034519 -0.033651 -0.465818
v -1.035935 -0.033651 0.389608
v -0.000787 -0.033651 -1.154063
v -0.432059 -0.033651 0.995486
v -0.791639 -0.033651 -0.828014
v 0.423367 -0.033651 0.996902
v 0.616767 -0.033651 0.893937
v 1.115030 -0.033651 -0.034546
v -1.120305 -0.033651 -0.038246
v 0.788980 -0.033651 -0.825398
v -0.794255 -0.033651 0.752606
v 1.050109 -0.033651 0.290260
v 1.090314 -0.033651 0.261954
v 1.072239 -0.033651 0.217740
v 0.627992 -0.033651 0.910795
v 0.217512 -0.033651 1.080025
v -1.119058 -0.033651 0.183754
v -0.222787 -0.033651 -1.152818
v 1.113783 -0.033651 -0.256546
v 0.611178 -0.033651 0.885542
v 0.419522 -0.033651 0.987577
v -0.004470 -0.033651 1.071185
v -0.428184 -0.033651 0.986174
v -0.787112 -0.033651 0.745486
v -1.026611 -0.033651 0.385763
v -1.110218 -0.033651 -0.038229
v -1.025208 -0.033651 -0.461943
v -0.784519 -0.033651 -0.820871
v -0.424797 -0.033651 -1.060369
v -0.000805 -0.033651 -1.143977
v 0.422909 -0.033651 -1.058967
v 0.781837 -0.033651 -0.818278
v 1.021336 -0.033651 -0.458556
v 1.019934 -0.033651 0.389150
v -0.226481 -0.033651 1.079291
v -1.118324 -0.033651 -0.260240
v 0.221206 -0.033651 -1.152083
v 1.113050 -0.033651 0.187447
v 1.070862 -0.033651 0.256644
v 0.779244 -0.033651 0.748078
v 1.059696 -0.033651 0.293234
v -0.961997 -0.033651 -0.600959
v -0.953340 -0.033651 -0.595864
v -0.439839 -0.033651 1.014183
v -1.053217 -0.033651 -0.473598
v 0.434565 -0.033651 -1.086976
v 1.047942 -0.033651 0.400806
v 0.800661 -0.033651 0.769566
v -0.808599 -0.033651 0.766903
v -0.805936 -0.033651 -0.842358
v 0.803324 -0.033651 -0.839695
v 1.101681 -0.033651 0.224700
v 1.078946 -0.033651 0.299207
v 1.061175 -0.033651 0.254000
v 0.211643 -0.033651 1.050261
v -0.220513 -0.033651 1.049546
v -1.089294 -0.033651 0.177885
v -1.088580 -0.033651 -0.254272
v -0.922540 -0.033651 -0.653259
v -0.616453 -0.033651 -0.958334
v 1.084018 -0.033651 -0.250677
v 1.083305 -0.033651 0.181480
v 0.917264 -0.033651 0.580467
v -0.946457 -0.033651 -0.629918
v -0.937939 -0.033651 -0.624562
v -0.949828 -0.033651 0.594232
v -0.633266 -0.033651 -0.983587
v 0.944553 -0.033651 -0.667025
v -0.000787 -0.033651 -1.154063
v -0.004487 -0.033651 1.081271
v 1.029245 -0.033651 0.393025
v -0.791639 -0.033651 -0.828014
v 1.030660 -0.033651 -0.462400
v -1.120305 -0.033651 -0.038246
v 0.616767 -0.033651 0.893937
v 0.426784 -0.033651 -1.068279
v -0.794255 -0.033651 0.752606
v -0.428642 -0.033651 -1.069694
v -1.034519 -0.033651 -0.465818
v -1.035935 -0.033651 0.389608
v -0.432059 -0.033651 0.995486
v 0.423367 -0.033651 0.996902
v 1.115030 -0.033651 -0.034546
v 0.788980 -0.033651 -0.825398
v 1.072239 -0.033651 0.217740
v 0.627992 -0.033651 0.910795
v 0.217512 -0.033651 1.080025
v -1.119058 -0.033651 0.183754
v -0.222787 -0.033651 -1.152818
v 1.113783 -0.033651 -0.256546
v 1.050109 -0.033651 0.290260
v 1.090314 -0.033651 0.261954
v 0.786364 -0.033651 0.755222
v -0.995202 -0.033651 -0.581705
v -0.979380 -0.033651 -0.611189
v -0.004521 -0.033651 1.101523
v -1.140556 -0.033651 -0.038279
v -0.000754 -0.033651 -1.174315
v 0.779244 -0.033651 0.748078
v -0.439839 -0.033651 1.014183
v -1.053217 -0.033651 -0.473598
v 0.434565 -0.033651 -1.086976
v 1.047942 -0.033651 0.400806
v 1.059696 -0.033651 0.293234
v -0.953340 -0.033651 -0.595864
v -0.961997 -0.033651 -0.600959
v -0.218869 -0.033651 -1.132949
v -0.930916 -0.033651 -0.658876
v -1.099189 -0.033651 0.179836
v -0.625117 -0.033651 0.891883
v 0.213594 -0.033651 1.060157
v 1.093194 -0.033651 0.183464
v 0.927696 -0.033651 -0.655801
v 0.217223 -0.033651 -1.132227
v -0.222497 -0.033651 1.059435
v -0.622042 -0.033651 -0.966729
v 0.925642 -0.033651 0.586084
v 1.093914 -0.033651 -0.252629
v -1.098468 -0.033651 -0.256256
v 0.619842 -0.033651 -0.964675
v -0.932971 -0.033651 0.583009
v -0.968740 -0.033651 -0.567166
v -0.963559 -0.033651 -0.640672
v -0.636397 -0.033651 0.908703
v -0.947737 -0.033651 -0.670156
v 0.631122 -0.033651 -0.981495
v 0.942462 -0.033651 0.597363
v 0.211643 -0.033651 1.050261
v -0.220513 -0.033651 1.049546
v -0.619500 -0.033651 0.883506
v -0.924575 -0.033651 0.577419
v -1.089294 -0.033651 0.177885
v -1.088580 -0.033651 -0.254272
v -0.922540 -0.033651 -0.653259
v -0.616453 -0.033651 -0.958334
v -0.216918 -0.033651 -1.123054
v 0.215238 -0.033651 -1.122338
v 0.614225 -0.033651 -0.956298
v 1.084018 -0.033651 -0.250677
v 1.083305 -0.033651 0.181480
v 0.917264 -0.033651 0.580467
v -0.949828 -0.033651 0.594232
v -0.633266 -0.033651 -0.983587
v 0.944553 -0.033651 -0.667025
v -0.946457 -0.033651 -0.629918
v -0.937939 -0.033651 -0.624562
v -0.977537 -0.033651 -0.572000
v 1.082028 -0.033651 0.220054
v 0.431086 -0.033651 1.015625
v -1.054658 -0.033651 0.397328
v -0.436360 -0.033651 -1.088416
v 1.049383 -0.033651 -0.470119
v 0.786364 -0.033651 0.755222
v -0.004521 -0.033651 1.101523
v -1.140556 -0.033651 -0.038279
v -0.995202 -0.033651 -0.581705
v -0.000754 -0.033651 -1.174315
v 1.135282 -0.033651 -0.034513
v -0.979380 -0.033651 -0.611189
v 0.611178 -0.033651 0.885542
v 0.419522 -0.033651 0.987577
v -0.004470 -0.033651 1.071185
v -0.428184 -0.033651 0.986174
v -1.026611 -0.033651 0.385763
v -1.110218 -0.033651 -0.038229
v -1.025208 -0.033651 -0.461943
v -0.784519 -0.033651 -0.820871
v 0.422909 -0.033651 -1.058967
v 1.019934 -0.033651 0.389150
v 1.070862 -0.033651 0.256644
v -0.226481 -0.033651 1.079291
v -1.118324 -0.033651 -0.260240
v 0.221206 -0.033651 -1.152083
v 1.113050 -0.033651 0.187447
v -0.218869 -0.033651 -1.132949
v -0.222497 -0.033651 1.059435
v 0.925642 -0.033651 0.586084
v -0.930916 -0.033651 -0.658876
v 1.093914 -0.033651 -0.252629
v -1.099189 -0.033651 0.179836
v 0.619842 -0.033651 -0.964675
v -0.625117 -0.033651 0.891883
v 0.213594 -0.033651 1.060157
v 1.093194 -0.033651 0.183464
v 0.927696 -0.033651 -0.655801
v -0.968740 -0.033651 -0.567166
v 0.217223 -0.033651 -1.132227
v -0.622042 -0.033651 -0.966729
v -1.098468 -0.033651 -0.256256
v -0.932971 -0.033651 0.583009
v -0.636397 -0.033651 0.908703
v -0.947737 -0.033651 -0.670156
v 0.631122 -0.033651 -0.981495
v 0.942462 -0.033651 0.597363
v -0.963559 -0.033651 -0.640672
v 1.078946 -0.033651 0.299207
v 1.061175 -0.033651 0.254000
v 0.800661 -0.033651 0.769566
v -0.808599 -0.033651 0.766903
v -0.805936 -0.033651 -0.842358
v 0.803324 -0.033651 -0.839695
v -0.216918 -0.033651 -1.123054
v 0.215238 -0.033651 -1.122338
v 0.614225 -0.033651 -0.956298
v -0.619500 -0.033651 0.883506
v -0.000805 -0.033651 -1.143977
v 0.919300 -0.033651 -0.650211
v -0.424797 -0.033651 -1.060369
v 1.135282 -0.033651 -0.034513
v -0.924575 -0.033651 0.577419
v -0.787112 -0.033651 0.745486
v 0.919300 -0.033651 -0.650211
v 0.781837 -0.033651 -0.818278
v 1.021336 -0.033651 -0.458556
v 1.101681 -0.033651 0.224700
v 1.104943 -0.033651 -0.034563
v 1.104943 -0.033651 -0.034563
vn 0.5831 -0.8039 0.1170
vn 0.8977 -0.3450 0.2740
vn 0.5474 -0.8201 0.1670
vn -0.5370 -0.7202 0.4392
vn -0.5371 -0.7201 0.4393
vn 0.5371 -0.7201 -0.4393
vn 0.5370 -0.7202 -0.4392
vn 0.4940 -0.8039 0.3312
vn -0.3312 -0.8039 0.4940
vn -0.5043 -0.8201 -0.2706
vn 0.8362 0.3154 0.4487
vn -0.6032 0.3154 0.7326
vn -0.6008 0.3154 -0.7346
vn 0.8376 0.3154 -0.4460
vn 0.0915 0.3154 0.9445
vn -0.9442 0.3154 -0.0946
vn 0.2770 0.3154 -0.9076
vn 0.9077 0.3154 0.2769
vn 0.9076 0.3154 0.2770
vn -0.7346 0.3154 0.6008
vn -0.4460 0.3154 -0.8376
vn 0.9086 0.3154 -0.2740
vn -0.0946 0.3154 0.9442
vn -0.9076 0.3154 -0.2770
vn 0.4487 0.3154 -0.8362
vn -0.8376 0.3154 0.4460
vn -0.2740 0.3154 -0.9086
vn 0.9445 0.3154 -0.0915
vn -0.2770 0.3154 0.9076
vn -0.8362 0.3154 -0.4487
vn 0.6032 0.3154 -0.7326
vn 0.4460 0.3154 0.8376
vn 0.2740 0.3154 0.9086
vn -0.9086 0.3154 0.2740
vn -0.0915 0.3154 -0.9445
vn 0.9442 0.3154 0.0946
vn -0.4487 0.3154 0.8362
vn -0.7326 0.3154 -0.6032
vn 0.7346 0.3154 -0.6008
vn -0.9445 0.3154 0.0914
vn 0.0946 0.3154 -0.9442
vn 0.7720 -0.0000 0.6357
vn 0.7326 0.3154 0.6032
vn 0.4393 -0.7201 0.5371
vn 0.4392 -0.7202 0.5370
vn 0.3261 -0.7202 0.6124
vn 0.3261 -0.7201 0.6125
vn -0.0390 0.9966 0.0727
vn 0.0525 0.9966 -0.0637
vn 0.2003 -0.7202 0.6643
vn 0.0669 -0.7202 0.6906
vn 0.0238 0.9966 0.0790
vn -0.0080 0.9966 -0.0822
vn -0.0691 -0.7202 0.6904
vn -0.2025 -0.7201 0.6636
vn -0.2025 -0.7202 0.6636
vn -0.0790 0.9966 -0.0241
vn 0.0727 0.9966 0.0390
vn -0.0729 0.9966 0.0388
vn 0.0790 0.9966 -0.0238
vn -0.6124 -0.7201 0.3261
vn -0.0241 0.9966 0.0790
vn 0.3144 -0.9344 -0.1674
vn 0.3145 -0.9344 -0.1674
vn 0.0390 0.9966 -0.0727
vn -0.3407 -0.9344 -0.1040
vn -0.3408 -0.9344 -0.1040
vn -0.6906 -0.7201 0.0669
vn 0.0388 0.9966 0.0729
vn -0.6904 -0.7201 -0.0691
vn -0.6904 -0.7201 -0.0692
vn -0.0238 0.9966 -0.0790
vn -0.6636 -0.7202 -0.2025
vn -0.6637 -0.7201 -0.2025
vn -0.0821 0.9966 -0.0082
vn -0.6114 -0.7201 -0.3281
vn -0.6113 -0.7202 -0.3281
vn 0.0790 0.9966 0.0241
vn -0.5356 -0.7201 -0.4411
vn -0.0639 0.9966 0.0523
vn -0.4393 -0.7201 -0.5371
vn 0.0729 0.9966 -0.0388
vn -0.3261 -0.7201 -0.6124
vn -0.3260 -0.7202 -0.6124
vn -0.0082 0.9966 0.0821
vn 0.0691 -0.7202 -0.6904
vn 0.0241 0.9966 -0.0790
vn -0.3545 -0.9344 -0.0355
vn 0.0523 0.9966 0.0639
vn -0.0388 0.9966 -0.0729
vn 0.2025 -0.7202 -0.6636
vn -0.0822 0.9966 0.0080
vn 0.3281 -0.7202 -0.6113
vn 0.0821 0.9966 0.0082
vn 0.4020 0.6921 -0.5995
vn -0.0000 -0.0000 -1.0000
vn -0.4766 -0.8204 0.3159
vn -0.0637 0.9966 -0.0525
vn -0.0525 0.9966 0.0637
vn 0.0639 0.9966 -0.0523
vn 0.6642 -0.7202 -0.2003
vn 0.6643 -0.7201 -0.2003
vn 0.0080 0.9966 0.0822
vn 0.6906 -0.7201 -0.0669
vn 0.6905 -0.7203 -0.0669
vn 0.0082 0.9966 -0.0821
vn 0.6904 -0.7201 0.0691
vn 0.6904 -0.7201 0.0692
vn -0.0727 0.9966 -0.0390
vn 0.6636 -0.7201 0.2025
vn 0.6637 -0.7201 0.2025
vn 0.0637 0.9966 0.0525
vn -0.0523 0.9966 -0.0639
vn 0.6113 -0.7202 0.3281
vn 0.6114 -0.7201 0.3281
vn 0.5356 -0.7202 0.4410
vn -0.0790 0.9966 0.0238
vn 0.0822 0.9966 -0.0080
vn 0.6008 0.3154 0.7346
vn -0.0000 1.0000 -0.0000
vn 0.0997 -0.0000 -0.9950
vn -0.2887 -0.0000 -0.9574
vn -0.9564 -0.0000 -0.2919
vn 0.6331 -0.0000 0.7741
vn -0.0964 -0.0000 -0.9953
vn -0.8811 -0.0000 -0.4729
vn 0.4699 -0.0000 0.8827
vn -0.7720 -0.0000 -0.6357
vn 0.2887 -0.0000 0.9574
vn 0.2919 -0.0000 -0.9565
vn 0.0964 -0.0000 0.9953
vn 0.4729 -0.0000 -0.8811
vn -0.0997 -0.0000 0.9950
vn 0.6357 -0.0000 -0.7720
vn -0.2919 -0.0000 0.9565
vn 0.7741 -0.0000 -0.6331
vn -0.4729 -0.0000 0.8811
vn 0.8827 -0.0000 -0.4699
vn -0.6357 -0.0000 0.7720
vn 0.9574 -0.0000 -0.2887
vn -0.7741 -0.0000 0.6331
vn 0.9953 -0.0000 -0.0964
vn -0.8827 -0.0000 0.4699
vn 0.9950 -0.0000 0.0997
vn -0.9574 -0.0000 0.2887
vn 0.9565 -0.0000 0.2919
vn -0.6331 -0.0000 -0.7741
vn -0.9953 -0.0000 0.0964
vn 0.8811 -0.0000 0.4728
vn -0.4699 -0.0000 -0.8827
vn -0.9950 -0.0000 -0.0997
vn -0.9565 -0.0000 -0.2919
vn 0.8811 -0.0000 0.4729
vn 0.4555 0.6945 0.5569
vn 0.3381 0.6945 0.6351
vn 0.2077 0.6945 0.6889
vn 0.0693 0.6945 0.7162
vn 0.0693 0.6945 0.7161
vn -0.0717 0.6945 0.7159
vn -0.1891 0.6709 0.7170
vn -0.1922 0.6744 0.7129
vn -0.1715 0.6503 0.7401
vn -0.3634 0.6398 0.6772
vn -0.4909 0.6723 0.5541
vn -0.4858 0.6758 0.5544
vn -0.4574 0.6945 0.5554
vn -0.5569 0.6945 0.4555
vn -0.6351 0.6945 0.3381
vn -0.6889 0.6945 0.2077
vn -0.7162 0.6945 0.0693
vn -0.7161 0.6945 0.0693
vn -0.7159 0.6945 -0.0717
vn -0.6882 0.6945 -0.2100
vn -0.6340 0.6945 -0.3402
vn -0.5554 0.6945 -0.4574
vn -0.4555 0.6945 -0.5569
vn -0.3381 0.6945 -0.6351
vn -0.2077 0.6945 -0.6889
vn -0.0693 0.6945 -0.7162
vn -0.0693 0.6945 -0.7161
vn 0.0717 0.6945 -0.7159
vn 0.2100 0.6945 -0.6882
vn 0.3402 0.6945 -0.6340
vn 0.4574 0.6945 -0.5554
vn 0.5569 0.6945 -0.4555
vn 0.6351 0.6945 -0.3381
vn 0.6889 0.6945 -0.2077
vn 0.7161 0.6945 -0.0693
vn 0.7159 0.6945 0.0717
vn 0.6882 0.6945 0.2100
vn 0.6340 0.6945 0.3402
vn 0.5554 0.6945 0.4574
vn 0.2960 -0.0027 -0.9552
vn 0.2942 -0.0015 -0.9557
vn 0.2980 -0.0040 -0.9545
vn 0.4728 0.0062 -0.8811
vn 0.6306 -0.0041 -0.7761
vn 0.6328 -0.0023 -0.7743
vn -0.4728 -0.0000 0.8811
vn 0.7803 -0.0733 0.6211
vn 0.7771 0.1543 0.6102
vn 0.7834 -0.1972 0.5894
vn 0.9388 0.3094 -0.1511
vn 0.9574 0.2722 -0.0959
vn 0.7782 0.4720 -0.4143
vn 0.6601 0.2229 0.7174
vn 0.4461 0.0559 0.8932
vn 0.2883 -0.0518 0.9561
vn -0.9252 0.3094 -0.2197
vn -0.9213 0.2722 -0.2778
vn -0.8775 0.4720 0.0850
vn 0.5736 0.2885 -0.7666
vn 0.4952 0.3926 -0.7750
vn 0.2872 0.4842 -0.8265
vn 0.9740 0.2229 0.0405
vn 0.9471 0.0559 0.3162
vn 0.8800 -0.0518 0.4722
vn -0.8096 0.3094 0.4989
vn -0.8479 0.2722 0.4550
vn -0.5604 0.4720 0.6806
vn -0.1511 0.3094 -0.9388
vn -0.0959 0.2722 -0.9575
vn -0.4143 0.4720 -0.7782
vn 0.7174 0.2229 -0.6601
vn 0.8932 0.0559 -0.4461
vn 0.9561 -0.0518 -0.2883
vn -0.1939 0.3253 0.9255
vn -0.2951 0.2607 0.9192
vn 0.0850 0.4720 0.8775
vn -0.9154 0.2229 0.3353
vn -0.9960 0.0559 0.0703
vn -0.9937 -0.0518 -0.0995
vn 0.0527 0.2270 -0.9725
vn 0.3044 0.0862 -0.9486
vn 0.4728 -0.0216 -0.8809
vn 0.4989 0.3094 0.8096
vn 0.4550 0.2722 0.8479
vn 0.6806 0.4720 0.5604
vn -0.4102 0.2229 0.8844
vn -0.6545 0.0559 0.7540
vn -0.7730 -0.0518 0.6323
vn -0.6601 0.2229 -0.7174
vn -0.4461 0.0559 -0.8932
vn -0.2883 -0.0518 -0.9561
vn 0.9252 0.3094 0.2197
vn 0.9213 0.2722 0.2778
vn 0.8775 0.4720 -0.0850
vn 0.2454 0.3394 0.9081
vn 0.5954 0.5758 0.5604
vn 0.0197 -0.0625 0.9979
vn -0.7707 0.3094 -0.5570
vn -0.7448 0.2722 -0.6092
vn -0.8432 0.4720 -0.2573
vn 0.7986 0.3204 -0.5094
vn 0.8332 0.2871 -0.4727
vn 0.5100 0.5002 -0.6997
vn 0.8844 0.2229 0.4102
vn 0.7540 0.0559 0.6545
vn 0.6323 -0.0518 0.7730
vn -0.9388 0.3094 0.1511
vn -0.9574 0.2722 0.0959
vn -0.7782 0.4720 0.4143
vn 0.2197 0.3094 -0.9252
vn 0.2778 0.2722 -0.9213
vn -0.0850 0.4720 -0.8775
vn 0.9154 0.2229 -0.3353
vn 0.9960 0.0559 -0.0703
vn 0.9937 -0.0518 0.0995
vn -0.5571 0.3094 0.7707
vn -0.6092 0.2722 0.7448
vn -0.2573 0.4720 0.8432
vn -0.9740 0.2229 -0.0405
vn -0.9471 0.0558 -0.3162
vn -0.8800 -0.0518 -0.4722
vn 0.4102 0.2229 -0.8844
vn 0.6545 0.0559 -0.7540
vn 0.7730 -0.0518 -0.6323
vn 0.1511 0.3094 0.9388
vn 0.0959 0.2722 0.9574
vn 0.4143 0.4720 0.7782
vn -0.7174 0.2229 0.6601
vn -0.8932 0.0559 0.4461
vn -0.9561 -0.0518 0.2883
vn -0.4989 0.3094 -0.8096
vn -0.4550 0.2722 -0.8479
vn -0.6806 0.4720 -0.5604
vn -0.3353 0.2229 -0.9154
vn -0.0703 0.0559 -0.9960
vn 0.0995 -0.0518 -0.9937
vn 0.7707 0.3094 0.5571
vn 0.7448 0.2722 0.6092
vn 0.8432 0.4720 0.2573
vn -0.0405 0.2229 0.9740
vn -0.3162 0.0559 0.9471
vn -0.4722 -0.0518 0.8800
vn -0.9687 -0.0164 -0.2478
vn -0.9948 0.0224 -0.0996
vn -0.9838 0.0017 -0.1793
vn -0.7295 0.4515 0.5137
vn -0.7244 0.4408 0.5300
vn -0.7070 0.4070 0.5783
vn 0.7996 0.4625 -0.3831
vn 0.7983 0.4509 -0.3992
vn 0.7957 0.4328 -0.4236
vn -0.8706 0.4515 0.1954
vn -0.8721 0.4408 0.2125
vn -0.8745 0.4070 0.2637
vn 0.8853 0.4625 -0.0479
vn 0.8903 0.4509 -0.0633
vn 0.8973 0.4328 -0.0869
vn -0.8791 0.4516 -0.1526
vn -0.8870 0.4408 -0.1375
vn -0.9089 0.4070 -0.0910
vn 0.7863 0.4698 0.4012
vn 0.7869 0.4457 0.4267
vn 0.7607 0.6062 0.2321
vn -0.8259 0.3902 -0.4070
vn -0.8294 0.3860 -0.4039
vn -0.8898 0.3012 -0.3428
vn 0.6599 0.4625 0.5921
vn 0.6743 0.4509 0.5848
vn 0.6959 0.4328 0.5731
vn -0.5137 0.4516 -0.7295
vn -0.5300 0.4408 -0.7244
vn -0.5783 0.4070 -0.7070
vn 0.3831 0.4625 0.7996
vn 0.3992 0.4509 0.7983
vn 0.4236 0.4328 0.7957
vn -0.1954 0.4515 -0.8706
vn -0.2125 0.4408 -0.8721
vn -0.2637 0.4070 -0.8745
vn 0.0479 0.4625 0.8853
vn 0.0633 0.4509 0.8903
vn 0.0869 0.4328 0.8973
vn 0.1526 0.4516 -0.8791
vn 0.1375 0.4408 -0.8870
vn 0.0910 0.4070 -0.9089
vn -0.2945 0.4625 0.8363
vn -0.2822 0.4509 0.8468
vn -0.2631 0.4328 0.8622
vn 0.4774 0.4516 -0.7538
vn 0.4664 0.4408 -0.7669
vn 0.4319 0.4070 -0.8049
vn -0.5921 0.4625 0.6599
vn -0.5848 0.4509 0.6743
vn -0.5730 0.4328 0.6959
vn 0.7295 0.4516 -0.5137
vn 0.7244 0.4408 -0.5300
vn 0.7070 0.4070 -0.5783
vn -0.7996 0.4625 0.3831
vn -0.7983 0.4509 0.3992
vn -0.7957 0.4328 0.4237
vn 0.8706 0.4515 -0.1954
vn 0.8721 0.4408 -0.2124
vn 0.8745 0.4070 -0.2637
vn -0.9470 0.3176 0.0487
vn -0.9497 0.3069 0.0623
vn -0.9547 0.2827 0.0924
vn 0.9381 0.3083 0.1578
vn 0.9436 0.2981 0.1443
vn 0.9604 0.2614 0.0962
vn -0.8363 0.4625 -0.2945
vn -0.8468 0.4509 -0.2822
vn -0.8622 0.4328 -0.2631
vn 0.7538 0.4516 0.4774
vn 0.7669 0.4408 0.4664
vn 0.8049 0.4070 0.4319
vn -0.6599 0.4625 -0.5921
vn -0.6743 0.4509 -0.5848
vn -0.6959 0.4328 -0.5731
vn 0.5137 0.4516 0.7295
vn 0.5300 0.4408 0.7244
vn 0.5783 0.4070 0.7070
vn -0.3831 0.4625 -0.7996
vn -0.3992 0.4509 -0.7983
vn -0.4236 0.4328 -0.7957
vn 0.1954 0.4516 0.8706
vn 0.2125 0.4408 0.8721
vn 0.2637 0.4070 0.8745
vn -0.0479 0.4625 -0.8853
vn -0.0633 0.4509 -0.8903
vn -0.0869 0.4328 -0.8973
vn -0.1526 0.4516 0.8791
vn -0.1375 0.4408 0.8870
vn -0.0910 0.4070 0.9089
vn 0.2945 0.4625 -0.8363
vn 0.2822 0.4509 -0.8468
vn 0.2631 0.4328 -0.8622
vn -0.4774 0.4515 0.7538
vn -0.4664 0.4408 0.7669
vn -0.4319 0.4070 0.8049
vn 0.5921 0.4625 -0.6599
vn 0.5848 0.4509 -0.6743
vn 0.5730 0.4328 -0.6959
vn 0.9724 -0.0655 0.2238
vn 0.7654 -0.1296 0.6303
vn 0.8208 -0.1189 0.5587
vn -0.1417 -0.0164 -0.9898
vn -0.2886 0.0224 -0.9572
vn -0.2109 0.0017 -0.9775
vn -0.9841 -0.0655 0.1653
vn -0.9484 -0.1296 -0.2894
vn -0.9721 -0.1189 -0.2020
vn 0.5097 -0.0164 0.8602
vn 0.6330 0.0224 0.7739
vn 0.5689 0.0017 0.8224
vn -0.5293 -0.0655 -0.8459
vn -0.0956 -0.1296 -0.9869
vn -0.1854 -0.1189 -0.9755
vn -0.8001 -0.0164 -0.5997
vn -0.8809 0.0224 -0.4727
vn -0.8403 0.0017 -0.5421
vn 0.8127 -0.0655 0.5789
vn 0.4660 -0.1296 0.8753
vn 0.5445 -0.1189 0.8303
vn 0.2478 -0.0164 -0.9687
vn 0.0996 0.0224 -0.9948
vn 0.1793 0.0017 -0.9838
vn -0.9724 -0.0655 -0.2239
vn -0.7654 -0.1296 -0.6303
vn -0.8208 -0.1189 -0.5587
vn 0.1417 -0.0164 0.9898
vn 0.2886 0.0224 0.9572
vn 0.2109 0.0017 0.9775
vn -0.1951 -0.0607 -0.9789
vn 0.2894 -0.1296 -0.9484
vn 0.2076 -0.1196 -0.9709
vn 0.5762 -0.0565 0.8154
vn 0.0956 -0.1296 0.9869
vn 0.1771 -0.1199 0.9769
vn 0.5938 -0.0264 -0.8042
vn 0.4728 0.0073 -0.8811
vn 0.5336 -0.0092 -0.8457
vn -0.2199 -0.0263 0.9752
vn -0.1646 -0.0141 0.9863
vn 0.2238 -0.0655 -0.9724
vn 0.6303 -0.1296 -0.7654
vn 0.5587 -0.1189 -0.8208
vn 0.1653 -0.0655 0.9841
vn -0.2894 -0.1296 0.9484
vn -0.2020 -0.1189 0.9721
vn 0.8602 -0.0164 -0.5097
vn 0.7739 0.0224 -0.6330
vn 0.8224 0.0017 -0.5689
vn -0.5997 -0.0164 0.8001
vn -0.4727 0.0224 0.8809
vn -0.5421 0.0017 0.8403
vn 0.5789 -0.0655 -0.8127
vn 0.8753 -0.1296 -0.4660
vn 0.8303 -0.1189 -0.5445
vn -0.2238 -0.0655 0.9724
vn -0.6303 -0.1296 0.7654
vn -0.5587 -0.1189 0.8208
vn 0.9898 -0.0164 -0.1417
vn 0.9572 0.0224 -0.2886
vn 0.9775 0.0017 -0.2109
vn -0.8602 -0.0164 0.5097
vn -0.7739 0.0224 0.6330
vn -0.8224 0.0017 0.5689
vn 0.8459 -0.0655 -0.5293
vn 0.9869 -0.1296 -0.0956
vn 0.9755 -0.1189 -0.1854
vn -0.5789 -0.0655 0.8127
vn -0.8753 -0.1296 0.4660
vn -0.8303 -0.1189 0.5445
vn 0.9687 -0.0164 0.2478
vn 0.9948 0.0224 0.0996
vn 0.9838 0.0017 0.1793
vn -0.9898 -0.0164 0.1417
vn -0.9572 0.0224 0.2886
vn -0.9775 0.0017 0.2109
vn 0.9841 -0.0655 -0.1653
vn 0.9484 -0.1296 0.2894
vn 0.9721 -0.1189 0.2020
vn -0.5097 -0.0164 -0.8602
vn -0.6330 0.0224 -0.7739
vn -0.5689 0.0017 -0.8224
vn -0.8459 -0.0655 0.5293
vn -0.9869 -0.1296 0.0956
vn -0.9755 -0.1189 0.1854
vn 0.8001 -0.0164 0.5997
vn 0.8809 0.0224 0.4727
vn 0.8403 0.0017 0.5421
vn -0.8127 -0.0655 -0.5789
vn -0.4660 -0.1296 -0.8753
vn -0.5445 -0.1189 -0.8303
vn 0.0011 0.9998 -0.0186
vn 0.0006 0.9999 -0.0112
vn 0.0017 0.9996 -0.0291
vn -0.1354 0.9581 0.2522
vn -0.8341 0.3223 -0.4476
vn 0.6002 0.3184 0.7338
vn -0.7310 0.3213 -0.6020
vn 0.7320 0.3174 0.6028
vn -0.8348 0.3251 0.4444
vn 0.7350 0.3137 -0.6012
vn -0.9055 0.3249 0.2730
vn 0.8382 0.3136 -0.4462
vn -0.0943 0.3227 0.9418
vn -0.0914 0.3169 -0.9440
vn -0.2762 0.3236 0.9050
vn 0.0946 0.3160 -0.9440
vn 0.0945 0.3160 -0.9440
vn 0.9462 0.3095 0.0948
vn 0.9245 -0.0000 -0.3811
vn -0.3614 0.3178 -0.8766
vn -0.7059 -0.0000 -0.7083
vn -0.6846 0.2563 0.6824
vn 0.9233 -0.0000 0.3842
vn 0.3643 0.3178 -0.8754
vn -0.3811 -0.0000 -0.9245
vn 0.7059 -0.0000 0.7083
vn 0.6846 0.2562 -0.6824
vn 0.3842 -0.0000 -0.9233
vn 0.3811 -0.0000 0.9245
vn 0.8766 0.3178 -0.3614
vn -0.3643 0.3178 0.8754
vn -0.9233 -0.0000 -0.3842
vn -0.6824 0.2562 -0.6846
vn -0.6824 0.2563 -0.6846
vn 0.3614 0.3178 0.8766
vn -0.9245 -0.0000 0.3811
vn -0.8754 0.3178 -0.3643
vn 0.6824 0.2562 0.6846
vn -0.7083 -0.0000 0.7059
vn -0.8766 0.3178 0.3614
vn 0.8754 0.3178 0.3643
vn -0.3842 -0.0000 0.9232
vn 0.7083 -0.0000 -0.7059
vn 0.2831 0.1956 0.9389
vn 0.7575 0.1926 0.6238
vn 0.2868 0.1850 -0.9399
vn -0.9764 0.1926 -0.0978
vn 0.8672 0.1863 -0.4617
vn -0.6218 0.1881 -0.7602
vn -0.6468 0.1722 0.7430
vn -0.6764 0.1921 0.7110
vn -0.6947 0.2046 0.6896
vn 0.9390 0.1903 0.2865
vn 0.0979 0.1852 -0.9778
vn -0.9765 0.1936 0.0945
vn 0.0945 0.1961 0.9760
vn -0.8557 0.3562 0.3754
vn 0.7606 0.1857 -0.6221
vn -0.7580 0.1892 -0.6242
vn -0.4728 0.1558 0.8673
vn -0.4824 0.1510 0.8629
vn -0.4668 0.1588 0.8700
vn 0.9771 0.1892 0.0979
vn -0.0947 0.1857 -0.9780
vn -0.9391 0.1946 0.2832
vn 0.6560 0.2242 -0.7207
vn 0.6560 0.2241 -0.7207
vn -0.8650 0.1903 -0.4642
vn -0.2887 0.1482 0.9459
vn -0.2887 0.1481 0.9459
vn -0.2886 0.1482 0.9459
vn 0.9776 0.1881 -0.0947
vn -0.2836 0.1863 -0.9407
vn -0.8629 0.2002 0.4640
vn -0.8602 0.1971 0.4703
vn -0.8585 0.1952 0.4743
vn 0.8648 0.1915 0.4641
vn 0.8648 0.1914 0.4641
vn 0.4647 0.1850 -0.8659
vn -0.9388 0.1914 -0.2865
vn -0.9388 0.1915 -0.2865
vn -0.0690 0.1618 0.9844
vn -0.0210 0.1835 0.9828
vn -0.0986 0.1481 0.9840
vn 0.9405 0.1871 -0.2836
vn -0.4616 0.1871 -0.8671
vn -0.7577 0.2034 0.6201
vn -0.7575 0.2032 0.6204
vn -0.7574 0.2031 0.6206
vn 0.7124 0.3852 0.5866
vn 0.8100 0.3936 0.4347
vn -0.5457 0.5128 0.6627
vn -0.5843 0.3852 -0.7143
vn 0.8003 0.4219 -0.4261
vn 0.0902 0.3524 0.9315
vn -0.9312 0.3524 -0.0933
vn 0.2650 0.4187 -0.8686
vn 0.8760 0.4014 0.2673
vn -0.6645 0.5128 0.5435
vn -0.4320 0.3936 -0.8115
vn 0.8694 0.4187 -0.2622
vn 0.1220 0.4478 0.8858
vn 0.0129 0.3992 0.9168
vn 0.2009 0.4791 0.8544
vn -0.8924 0.3598 -0.2723
vn 0.4287 0.4219 -0.7989
vn -0.7578 0.5128 0.4034
vn -0.2644 0.4014 -0.8769
vn 0.9060 0.4142 -0.0877
vn -0.2506 0.5128 0.8211
vn -0.8193 0.3680 -0.4397
vn 0.5759 0.4234 -0.6993
vn 0.5865 0.3766 0.7171
vn 0.2694 0.3598 0.8933
vn -0.8219 0.5128 0.2478
vn -0.0880 0.4083 -0.9086
vn 0.9083 0.4083 0.0910
vn -0.4059 0.5128 0.7565
vn -0.4059 0.5128 0.7564
vn -0.7151 0.3766 -0.5889
vn 0.7012 0.4234 -0.5736
vn 0.7012 0.4234 -0.5735
vn -0.8854 0.4478 -0.1249
vn -0.9167 0.3992 -0.0159
vn -0.9338 0.3461 0.0904
vn 0.0907 0.4142 -0.9057
vn 0.4370 0.3680 0.8208
vn 0.8096 0.3948 0.4344
vn 0.8762 -0.1056 0.4702
vn 0.1214 0.9095 -0.3977
vn -0.1141 -0.9672 0.2270
vn -0.1114 -0.9699 0.2167
vn -0.1107 -0.9705 0.2141
vn -0.5848 0.3830 -0.7150
vn -0.6313 -0.0766 -0.7718
vn -0.6312 -0.0767 -0.7718
vn 0.8221 0.3640 -0.4377
vn 0.8810 -0.0612 -0.4691
vn 0.0872 0.4254 0.9008
vn 0.0953 -0.1450 0.9848
vn 0.0954 -0.1450 0.9848
vn -0.9070 0.4112 -0.0909
vn -0.9070 0.4112 -0.0908
vn -0.9884 -0.1153 -0.0990
vn 0.2724 0.3592 -0.8926
vn 0.2915 -0.0498 -0.9553
vn 0.8817 0.3876 0.2690
vn 0.8817 0.3876 0.2691
vn 0.9521 -0.0957 0.2905
vn -0.7351 0.3125 0.6017
vn -0.7347 0.3122 0.6022
vn -0.7346 0.3121 0.6025
vn -0.7714 -0.0744 0.6320
vn -0.7713 -0.0739 0.6321
vn -0.7713 -0.0737 0.6322
vn -0.4354 0.3764 -0.8178
vn -0.4688 -0.0683 -0.8806
vn 0.8900 0.3686 -0.2684
vn 0.9552 -0.0683 -0.2880
vn -0.1473 -0.9736 0.1743
vn -0.1239 -0.9845 0.1245
vn -0.1183 -0.9866 0.1126
vn 0.9950 0.0297 0.0952
vn 0.9916 0.0354 0.1245
vn 0.9956 0.0286 0.0895
vn -0.8747 0.4045 -0.2669
vn -0.9511 -0.1056 -0.2902
vn 0.4415 0.3582 -0.8227
vn 0.4723 -0.0498 -0.8800
vn -0.8350 0.3166 0.4500
vn -0.8310 0.3128 0.4600
vn -0.8293 0.3113 0.4640
vn -0.8681 -0.1250 0.4805
vn -0.8663 -0.0845 0.4924
vn -0.8656 -0.0743 0.4952
vn -0.2682 0.3704 -0.8893
vn -0.2882 -0.0612 -0.9556
vn 0.9230 0.3742 -0.0894
vn 0.9924 -0.0766 -0.0961
vn 0.9954 0.0356 0.0894
vn 0.9956 0.0352 0.0874
vn 0.9953 0.0357 0.0896
vn -0.7680 0.0162 -0.6402
vn -0.7765 0.0225 -0.6297
vn -0.7673 0.0157 -0.6411
vn -0.8086 0.3973 -0.4339
vn -0.8771 -0.0957 -0.4707
vn -0.8771 -0.0956 -0.4707
vn 0.5934 0.3587 -0.7206
vn 0.6348 -0.0518 -0.7709
vn 0.4275 0.4153 0.8030
vn 0.4658 -0.1326 0.8749
vn 0.2619 0.4208 0.8685
vn 0.2859 -0.1396 0.9481
vn 0.2859 -0.1395 0.9481
vn -0.9490 -0.1319 0.2864
vn -0.9491 -0.1291 0.2872
vn -0.9492 -0.1284 0.2874
vn -0.0897 0.3655 -0.9265
vn -0.0962 -0.0556 -0.9938
vn -0.0962 -0.0557 -0.9938
vn 0.9201 0.3806 0.0922
vn 0.9913 -0.0859 0.0993
vn -0.7734 0.0229 -0.6335
vn -0.7740 0.0245 -0.6327
vn -0.7783 0.0363 -0.6269
vn -0.0204 -0.9694 0.2447
vn -0.0033 -0.9791 0.2032
vn -0.0267 -0.9653 0.2599
vn -0.7108 0.3901 -0.5853
vn -0.7691 -0.0859 -0.6333
vn 0.7220 0.3607 -0.5905
vn 0.7729 -0.0556 -0.6321
vn -0.9876 -0.1244 0.0956
vn 0.0929 0.3617 -0.9277
vn 0.7068 0.4020 0.5820
vn 0.7668 -0.1153 0.6314
vn 0.5778 0.4089 0.7064
vn 0.6282 -0.1244 0.7680
vn 0.6211 0.1936 0.7594
vn -0.6256 0.2721 0.7312
vn -0.6199 0.2700 0.7368
vn -0.6182 0.2694 0.7384
vn -0.6103 0.3105 0.7288
vn -0.6116 0.3069 0.7292
vn -0.6120 0.3058 0.7293
vn -0.0832 0.3059 0.9484
vn -0.0938 0.3031 0.9483
vn -0.0803 0.3067 0.9484
vn -0.0966 0.2592 0.9610
vn -0.0967 0.2597 0.9608
vn -0.0966 0.2591 0.9610
vn -0.2799 0.2992 0.9122
vn -0.2834 0.3009 0.9106
vn -0.2857 0.3021 0.9095
vn -0.2938 0.2767 0.9149
vn -0.2983 0.2619 0.9178
vn -0.2993 0.2589 0.9184
vn -0.4669 0.2801 0.8388
vn -0.4829 0.2888 0.8267
vn -0.4929 0.2941 0.8189
vn -0.5058 0.3014 0.8083
vn -0.5118 0.2843 0.8107
vn -0.5130 0.2807 0.8112
vn 0.1966 0.9095 -0.3664
vn -0.0748 -0.9655 0.2494
vn -0.0747 -0.9664 0.2458
vn -0.0747 -0.9667 0.2448
vn 0.0081 0.9360 -0.3519
vn -0.0319 0.9598 -0.2787
vn -0.0552 0.9704 -0.2349
vn 0.2629 0.9099 -0.3210
vn 0.2624 0.9106 -0.3192
vn 0.2631 0.9095 -0.3218
vn -0.5780 0.4118 0.7045
vn -0.5783 0.4092 0.7057
vn -0.5780 0.4122 0.7043
vn -0.6996 0.2902 0.6530
vn -0.6041 0.2828 0.7451
vn -0.6000 0.2824 0.7485
vn -0.6066 0.3570 0.7103
vn -0.5832 0.3576 0.7294
vn -0.6076 0.3570 0.7095
vn -0.5995 0.3370 0.7260
vn -0.6061 0.3163 0.7298
vn -0.6067 0.3144 0.7301
vn 0.0012 0.3201 0.9474
vn -0.0909 0.3137 0.9452
vn 0.0044 0.3202 0.9473
vn -0.0975 0.2593 0.9608
vn -0.0974 0.2592 0.9609
vn -0.0973 0.2592 0.9609
vn -0.0925 0.4118 0.9066
vn -0.0931 0.4092 0.9077
vn -0.0932 0.4089 0.9078
vn -0.0975 0.2593 0.9609
vn -0.0973 0.2573 0.9614
vn -0.0975 0.2595 0.9608
vn -0.2664 0.4089 0.8729
vn -0.2664 0.4088 0.8729
vn -0.2881 0.2751 0.9172
vn -0.2918 0.2589 0.9208
vn -0.2923 0.2569 0.9212
vn -0.4315 0.4088 0.8041
vn -0.4315 0.4088 0.8042
vn -0.4315 0.4089 0.8041
vn -0.4948 0.3096 0.8120
vn -0.5025 0.2823 0.8172
vn -0.5035 0.2789 0.8178
vn -0.5771 0.4124 0.7049
vn -0.5775 0.4095 0.7062
vn -0.5770 0.4129 0.7047
vn -0.7138 0.2787 0.6425
vn -0.6099 0.2738 0.7437
vn -0.6055 0.2735 0.7474
vn -0.6147 0.3603 0.7017
vn -0.5861 0.3606 0.7256
vn -0.6159 0.3603 0.7006
vn -0.6036 0.3339 0.7240
vn -0.6094 0.3131 0.7284
vn -0.6100 0.3110 0.7288
vn 0.0133 0.3125 0.9498
vn -0.0923 0.3072 0.9472
vn 0.0172 0.3127 0.9497
vn -0.0979 0.2591 0.9609
vn -0.0979 0.2590 0.9609
vn -0.0978 0.2590 0.9609
vn -0.0934 0.4124 0.9062
vn -0.0940 0.4095 0.9075
vn -0.0941 0.4090 0.9077
vn -0.0970 0.2598 0.9608
vn -0.0969 0.2574 0.9614
vn -0.0970 0.2600 0.9607
vn -0.2663 0.4083 0.8731
vn -0.2660 0.4041 0.8752
vn -0.2664 0.4090 0.8728
vn -0.2910 0.2764 0.9159
vn -0.2940 0.2636 0.9187
vn -0.2943 0.2621 0.9191
vn -0.4318 0.4083 0.8043
vn -0.4335 0.4041 0.8055
vn -0.4337 0.4034 0.8057
vn -0.4995 0.3100 0.8089
vn -0.5072 0.2830 0.8140
vn -0.5081 0.2796 0.8146
vn 0.0535 -0.2969 0.9534
vn 0.0535 -0.2968 0.9534
vn -0.4397 -0.8642 -0.2444
vn 0.2731 0.8210 -0.5014
vn 0.2731 0.8210 -0.5013
vn -0.0535 0.2969 -0.9534
vn 0.4397 0.8642 0.2444
vn -0.6409 0.3042 -0.7048
vn -0.7399 0.3182 -0.5927
vn -0.8099 0.3136 -0.4957
vn -0.8535 0.4949 0.1631
vn -0.9588 0.2801 -0.0479
vn -0.9309 0.3647 0.0223
vn -0.8965 0.4062 0.1768
vn -0.9296 0.1890 0.3163
vn -0.8143 0.3949 0.4254
vn -0.8971 0.2347 0.3745
vn 0.3488 0.4012 0.8470
vn -0.8403 0.3850 0.3816
vn -0.6987 0.3130 0.6432
vn -0.8270 0.3848 0.4098
vn -0.7995 0.5971 0.0662
vn -0.8846 0.4486 -0.1272
vn -0.8448 0.5308 -0.0683
vn -0.2731 -0.8210 0.5013
vn -0.2731 -0.8210 0.5014
vn -0.9185 0.3452 0.1930
vn -0.8974 0.3740 0.2341
vn -0.9066 0.3574 0.2243
vn -0.8874 0.4204 0.1891
vn -0.8983 0.3963 0.1895
vn -0.9219 0.3397 0.1863
vn -0.8540 0.4943 0.1622
vn -0.8938 0.4190 0.1599
vn -0.9032 0.3952 0.1673
vn 0.4267 0.6848 0.5907
vn 0.2177 0.0565 0.9744
vn 0.3858 0.9121 -0.1391
vn 0.1188 0.6050 -0.7873
vn -0.1188 -0.6050 0.7873
vn -0.4267 -0.6848 -0.5907
vn -0.2177 -0.0565 -0.9744
vn -0.3858 -0.9121 0.1391
vn -0.3858 -0.9121 0.1390
vn -0.3488 -0.4012 -0.8470
vn -0.2017 -0.9652 -0.1661
vn -0.5905 0.3119 0.7444
vn -0.5924 0.3105 0.7434
vn -0.5892 0.3128 0.7450
vn 0.2303 0.9652 0.1236
vn -0.5863 0.3144 0.7466
vn -0.5878 0.3134 0.7458
vn -0.5854 0.3150 0.7470
vn 0.2023 -0.9652 -0.1655
vn -0.2601 0.9653 0.0252
vn -0.2601 -0.9652 0.0252
vn 0.2303 -0.9652 0.1236
vn 0.0754 0.9653 0.2502
vn 0.0754 0.9652 0.2502
vn 0.0260 -0.9652 -0.2600
vn 0.0260 -0.9653 -0.2600
vn -0.1655 -0.9652 -0.2023
vn 0.2294 0.9661 -0.1185
vn 0.2221 0.9682 -0.1148
vn 0.2219 0.9683 -0.1146
vn 0.2017 -0.9652 0.1661
vn 0.2017 -0.9653 0.1661
vn 0.2307 -0.9652 -0.1228
vn 0.2307 -0.9653 -0.1228
vn -0.1236 0.9652 0.2303
vn 0.0181 0.9627 -0.2701
vn 0.0128 0.9624 -0.2714
vn 0.0125 0.9624 -0.2715
vn 0.1655 -0.9652 0.2023
vn 0.0261 -0.9654 0.2594
vn 0.0230 -0.9711 0.2377
vn 0.0230 -0.9712 0.2372
vn 0.2499 0.9653 0.0763
vn 0.2500 0.9652 0.0763
vn -0.0342 0.6752 -0.7368
vn -0.3000 0.7702 -0.5628
vn -0.3504 0.7793 -0.5196
vn -0.0635 -0.9657 0.2519
vn -0.0683 -0.9636 0.2584
vn -0.0685 -0.9635 0.2586
vn -0.2600 -0.9653 -0.0260
vn -0.2600 -0.9652 -0.0260
vn 0.9961 0.0138 0.0874
vn 0.9959 0.0167 0.0889
vn 0.9964 0.0074 0.0840
vn -0.2502 0.9653 0.0754
vn -0.3602 0.7715 -0.5245
vn -0.3605 0.7715 -0.5242
vn -0.3606 0.7715 -0.5242
vn -0.1352 -0.9617 0.2383
vn -0.1363 -0.9599 0.2448
vn -0.1352 -0.9618 0.2380
vn 0.0763 -0.9653 -0.2499
vn 0.0763 -0.9652 -0.2500
vn 0.1228 0.9652 0.2307
vn 0.1228 0.9653 0.2307
vn 0.6335 0.7608 -0.1410
vn 0.6335 0.7607 -0.1412
vn 0.6336 0.7608 -0.1409
vn -0.0743 -0.9652 0.2507
vn -0.0725 -0.9670 0.2443
vn -0.0724 -0.9671 0.2440
vn 0.2500 -0.9652 0.0763
vn 0.2499 -0.9653 0.0763
vn 0.1955 0.9678 -0.1585
vn 0.1737 0.9745 -0.1419
vn 0.1733 0.9746 -0.1416
vn 0.5457 0.7129 -0.4404
vn 0.6114 0.7625 -0.2118
vn 0.5253 0.6949 -0.4911
vn -0.1188 -0.9663 0.2284
vn -0.1161 -0.9677 0.2238
vn -0.1160 -0.9677 0.2236
vn -0.1943 -0.9682 0.1575
vn -0.1723 -0.9749 0.1408
vn -0.1948 -0.9681 0.1579
vn -0.2499 0.9653 -0.0763
vn -0.2500 0.9652 -0.0763
vn 0.1199 0.9660 -0.2289
vn 0.1179 0.9671 -0.2253
vn 0.1200 0.9660 -0.2290
vn -0.2463 -0.4758 0.8444
vn 0.2930 -0.7496 0.5934
vn -0.3090 -0.4251 0.8508
vn 0.8174 0.3735 0.4386
vn -0.5824 0.3922 -0.7120
vn 0.8131 0.3892 -0.4329
vn 0.0898 0.3636 0.9272
vn -0.9201 0.3806 -0.0922
vn 0.2680 0.3964 -0.8781
vn 0.8860 0.3766 0.2704
vn -0.7220 0.3579 0.5921
vn -0.7221 0.3579 0.5921
vn -0.4319 0.3942 -0.8112
vn 0.8831 0.3863 -0.2663
vn -0.8832 0.3839 -0.2695
vn 0.4343 0.3954 -0.8093
vn -0.8106 0.3635 0.4591
vn -0.8063 0.3663 0.4645
vn -0.8137 0.3614 0.4553
vn -0.2651 0.3957 -0.8793
vn 0.3241 -0.8661 -0.3805
vn -0.8125 0.3870 -0.4360
vn 0.5843 0.3938 -0.7096
vn 0.4373 0.3660 0.8215
vn 0.2688 0.3645 0.8916
vn -0.8400 0.3368 0.4254
vn -0.8913 0.2941 0.3451
vn -0.7947 0.3669 0.4836
vn -0.0885 0.3966 -0.9137
vn 0.9204 0.3799 0.0922
vn -0.7749 0.0524 -0.6299
vn -0.7700 0.0505 -0.6361
vn -0.7695 0.0503 -0.6367
vn -0.7109 0.3898 -0.5854
vn 0.7122 0.3917 -0.5825
vn -0.9339 0.3454 -0.0921
vn -0.9550 0.2961 0.0170
vn -0.9614 0.2590 0.0931
vn 0.0915 0.3968 -0.9133
vn 0.7170 0.3706 0.5904
vn 0.5887 0.3681 0.7197
vn -0.6006 0.3644 0.7117
vn -0.6034 0.3632 0.7099
vn -0.5991 0.3650 0.7126
vn -0.0882 0.3877 0.9175
vn -0.0811 0.3851 0.9193
vn -0.0783 0.3841 0.9200
vn -0.2807 0.3843 0.8795
vn -0.2841 0.3863 0.8775
vn -0.2875 0.3884 0.8755
vn -0.4862 0.3704 0.7914
vn -0.4921 0.3745 0.7859
vn -0.4977 0.3784 0.7805
vn -0.0054 0.3724 0.9281
vn -0.0905 0.3762 0.9221
vn -0.0945 0.3763 0.9217
vn 0.0029 0.3799 0.9250
vn -0.0920 0.3828 0.9193
vn -0.0965 0.3828 0.9188
vn -0.1228 -0.9652 -0.2307
vn -0.1228 -0.9653 -0.2307
vn -0.0763 0.9652 0.2499
vn -0.0763 0.9652 0.2500
vn -0.0763 0.9653 0.2499
vn 0.0744 0.9652 -0.2506
vn 0.0728 0.9668 -0.2449
vn 0.0744 0.9652 -0.2507
vn 0.3296 -0.8039 0.4950
vn 0.5942 -0.3450 0.7265
vn 0.6314 0.0729 0.7720
vn 0.2267 -0.8039 0.5498
vn 0.4411 -0.3450 0.8285
vn 0.4687 0.0729 0.8804
vn 0.2710 -0.3450 0.8986
vn 0.1151 -0.8039 0.5835
vn 0.2879 0.0729 0.9549
vn 0.0905 -0.3450 0.9342
vn -0.0010 -0.8039 0.5947
vn 0.0961 0.0729 0.9927
vn -0.1170 -0.8039 0.5831
vn -0.0935 -0.3450 0.9339
vn -0.0994 0.0729 0.9924
vn -0.2285 -0.8039 0.5491
vn -0.2740 -0.3450 0.8977
vn -0.2739 -0.3450 0.8977
vn -0.2911 0.0729 0.9539
vn -0.4438 -0.3450 0.8270
vn -0.4716 0.0729 0.8788
vn -0.5966 -0.3450 0.7246
vn -0.4212 -0.8039 0.4198
vn -0.6340 0.0729 0.7699
vn -0.7265 -0.3450 0.5942
vn -0.4950 -0.8039 0.3296
vn -0.7720 0.0729 0.6314
vn -0.5498 -0.8039 0.2267
vn -0.8285 -0.3450 0.4411
vn -0.8803 0.0729 0.4687
vn -0.5835 -0.8039 0.1151
vn -0.8986 -0.3450 0.2710
vn -0.9549 0.0729 0.2879
vn -0.5947 -0.8039 -0.0010
vn -0.9342 -0.3450 0.0905
vn -0.9927 0.0729 0.0961
vn -0.5831 -0.8039 -0.1170
vn -0.9339 -0.3450 -0.0935
vn -0.9924 0.0729 -0.0994
vn -0.5491 -0.8039 -0.2285
vn -0.8977 -0.3450 -0.2739
vn -0.8977 -0.3450 -0.2740
vn -0.9539 0.0729 -0.2911
vn -0.8270 -0.3450 -0.4438
vn -0.8788 0.0729 -0.4716
vn -0.4198 -0.8039 -0.4212
vn -0.7246 -0.3450 -0.5966
vn -0.7699 0.0729 -0.6340
vn -0.3296 -0.8039 -0.4950
vn -0.5942 -0.3450 -0.7265
vn -0.6314 0.0729 -0.7720
vn -0.2267 -0.8039 -0.5498
vn -0.4411 -0.3450 -0.8285
vn -0.4687 0.0729 -0.8804
vn -0.2710 -0.3450 -0.8986
vn -0.1151 -0.8039 -0.5835
vn -0.2879 0.0729 -0.9549
vn -0.0905 -0.3450 -0.9342
vn 0.0010 -0.8039 -0.5947
vn -0.0961 0.0729 -0.9927
vn 0.0935 -0.3450 -0.9339
vn 0.1170 -0.8039 -0.5831
vn 0.0994 0.0729 -0.9924
vn 0.2739 -0.3450 -0.8977
vn 0.2285 -0.8039 -0.5491
vn 0.2911 0.0729 -0.9539
vn 0.4438 -0.3450 -0.8270
vn 0.3312 -0.8039 -0.4940
vn 0.4716 0.0729 -0.8788
vn 0.5966 -0.3450 -0.7246
vn 0.4212 -0.8039 -0.4198
vn 0.6340 0.0729 -0.7699
vn 0.4950 -0.8039 -0.3296
vn 0.7265 -0.3450 -0.5942
vn 0.7720 0.0729 -0.6314
vn 0.8285 -0.3450 -0.4411
vn 0.5498 -0.8039 -0.2267
vn 0.8804 0.0729 -0.4687
vn 0.8986 -0.3450 -0.2710
vn 0.5835 -0.8039 -0.1151
vn 0.9549 0.0729 -0.2879
vn 0.5947 -0.8039 0.0010
vn 0.9342 -0.3450 -0.0905
vn 0.9927 0.0729 -0.0961
vn 0.9339 -0.3450 0.0935
vn 0.9924 0.0729 0.0994
vn -0.0669 -0.7201 -0.6906
vn 0.9539 0.0729 0.2911
vn 0.8271 -0.3450 0.4438
vn 0.8270 -0.3450 0.4438
vn 0.8788 0.0729 0.4716
vn 0.4198 -0.8039 0.4212
vn 0.7246 -0.3450 0.5966
vn 0.7699 0.0729 0.6340
vn -0.0977 0.2590 0.9609
vn -0.0977 0.2591 0.9609
vn -0.0419 0.2222 0.9741
vn -0.0687 0.0707 0.9951
vn -0.0346 0.2617 0.9645
vn -0.5140 0.3001 0.8036
vn -0.5177 0.2816 0.8079
vn -0.5179 0.2808 0.8081
vn -0.3011 0.2792 0.9118
vn -0.3039 0.2590 0.9168
vn -0.3041 0.2581 0.9170
vn -0.0971 0.2591 0.9610
vn -0.0970 0.2603 0.9606
vn -0.0971 0.2590 0.9610
vn -0.6119 0.3075 0.7287
vn -0.6128 0.3024 0.7300
vn -0.6129 0.3021 0.7301
vn 0.6115 0.2590 0.7476
vn 0.6115 0.2590 0.7477
vn 0.7456 0.2590 0.6140
vn 0.0963 0.2589 -0.9611
vn 0.0963 0.2590 -0.9611
vn 0.7476 0.2590 -0.6115
vn -0.7456 0.2590 -0.6140
vn -0.7630 0.0729 -0.6422
vn -0.7517 0.2068 -0.6263
vn -0.7461 0.2429 -0.6199
vn 0.9611 0.2590 0.0963
vn -0.0931 0.2590 -0.9614
vn -0.9217 0.2679 0.2807
vn -0.9237 0.2594 0.2820
vn -0.9215 0.2683 0.2806
vn 0.2788 0.2590 0.9248
vn 0.4539 0.2590 0.8526
vn 0.6140 0.2590 -0.7456
vn -0.8511 0.2590 -0.4567
vn 0.9614 0.2590 -0.0931
vn -0.2789 0.2590 -0.9248
vn -0.2788 0.2590 -0.9248
vn -0.8249 0.2942 0.4827
vn -0.8302 0.2700 0.4876
vn -0.8246 0.2954 0.4824
vn 0.4567 0.2590 -0.8511
vn -0.9238 0.2590 -0.2819
vn 0.9248 0.2590 -0.2788
vn -0.4539 0.2590 -0.8526
vn -0.7319 0.2941 0.6146
vn -0.7315 0.2962 0.6141
vn -0.7319 0.2940 0.6146
vn 0.9238 0.2590 0.2819
vn 0.9238 0.2591 0.2819
vn 0.2819 0.2590 -0.9238
vn -0.9611 0.2590 -0.0963
vn 0.0808 0.2585 0.9626
vn 0.0811 0.2562 0.9632
vn 0.0808 0.2587 0.9626
vn 0.8526 0.2590 -0.4539
vn 0.8526 0.2591 -0.4539
vn -0.6115 0.2590 -0.7476
vn -0.6115 0.2590 -0.7477
vn 0.8511 0.2590 0.4567
vn -0.5915 0.3064 0.7458
vn -0.5915 0.3091 0.7447
vn -0.5915 0.3099 0.7444
vn -0.6259 0.2784 0.7285
vn -0.6285 0.1461 0.7639
vn -0.6273 0.1125 0.7706
vn 0.9957 0.0568 0.0730
vn 0.9773 0.2002 0.0688
vn 0.9970 0.0230 0.0738
vn -0.1661 0.9653 0.2017
vn -0.1661 0.9652 0.2017
vn -0.1778 -0.9660 0.1876
vn -0.1763 -0.9661 0.1885
vn -0.1761 -0.9661 0.1886
vn -0.1228 0.9653 -0.2307
vn -0.1228 0.9652 -0.2307
vn 0.2600 -0.9652 0.0260
vn -0.0754 0.9652 -0.2502
vn -0.0754 0.9653 -0.2502
vn -0.0252 -0.9652 -0.2601
vn 0.2502 0.9653 -0.0750
vn 0.2468 0.9662 -0.0742
vn 0.2467 0.9663 -0.0741
vn -0.2502 -0.9653 0.0750
vn -0.2469 -0.9662 0.0743
vn -0.2503 -0.9653 0.0751
vn 0.0252 0.9653 0.2601
vn 0.0252 0.9652 0.2601
vn 0.0754 -0.9652 0.2502
vn 0.0754 -0.9653 0.2502
vn -0.2600 0.9653 -0.0260
vn 0.1228 -0.9653 0.2307
vn 0.1228 -0.9652 0.2307
vn 0.1724 0.9652 -0.1968
vn 0.1773 0.9648 -0.1942
vn 0.1720 0.9652 -0.1970
vn 0.1661 -0.9652 -0.2017
vn 0.2017 0.9653 0.1661
vn 0.2018 0.9652 0.1661
vn -0.2303 -0.9652 -0.1236
vn -0.2023 0.9653 0.1654
vn -0.2023 0.9652 0.1655
vn -0.0074 -0.9629 0.2697
vn -0.0096 -0.9630 0.2692
vn -0.0072 -0.9629 0.2698
vn 0.2601 0.9652 -0.0252
vn 0.2601 -0.9653 -0.0252
vn 0.2601 -0.9652 -0.0252
vn -0.0260 0.9652 0.2600
vn -0.0260 0.9653 0.2600
vn -0.2303 0.9652 -0.1236
vn -0.2303 0.9653 -0.1236
vn -0.0754 -0.9653 -0.2502
vn -0.0754 -0.9652 -0.2502
vn -0.2017 0.9653 -0.1661
vn 0.1654 0.9653 0.2023
vn 0.1655 0.9652 0.2023
vn -0.2295 -0.9661 0.1182
vn -0.2211 -0.9686 0.1139
vn -0.2297 -0.9660 0.1184
vn -0.1655 0.9652 -0.2023
vn -0.1654 0.9653 -0.2023
vn -0.2306 0.9653 0.1228
vn -0.2307 0.9652 0.1228
vn 0.1236 -0.9652 -0.2303
vn -0.6542 -0.7443 0.1346
vn -0.6542 -0.7443 0.1345
vn 0.0673 0.9654 -0.2519
vn 0.0724 0.9632 -0.2589
vn 0.0671 0.9655 -0.2517
vn -0.0261 0.9654 -0.2594
vn -0.0231 0.9710 -0.2380
vn -0.0262 0.9653 -0.2599
vn -0.2500 -0.9652 -0.0763
vn -0.2499 -0.9653 -0.0763
vn 0.3799 -0.7561 0.5329
vn 0.3807 -0.7562 0.5322
vn 0.3797 -0.7561 0.5330
vn 0.1324 0.9621 -0.2384
vn 0.1335 0.9602 -0.2453
vn 0.1336 0.9601 -0.2456
vn 0.2600 0.9652 0.0260
vn 0.2502 -0.9653 -0.0754
vn -0.4409 -0.5830 0.6824
vn -0.6248 -0.7423 0.2420
vn -0.6442 -0.7523 0.1378
vn 0.2456 -0.9480 0.2022
vn -0.1495 0.9480 -0.2808
vn 0.0307 -0.9480 0.3167
vn -0.0919 0.9480 -0.3046
vn 0.2014 -0.9480 0.2463
vn -0.3166 -0.9480 -0.0317
vn 0.3046 0.9480 -0.0919
vn 0.0929 -0.9480 -0.3043
vn 0.0307 0.9480 0.3167
vn 0.3043 -0.9480 0.0929
vn -0.3166 0.9480 -0.0317
vn -0.2463 -0.9480 0.2014
vn 0.1504 0.9480 -0.2803
vn -0.1495 -0.9480 -0.2808
vn 0.2456 0.9480 0.2022
vn 0.2456 0.9480 0.2023
vn 0.3046 -0.9480 -0.0919
vn -0.2803 0.9480 -0.1504
vn -0.2463 0.9480 0.2014
vn -0.0317 -0.9480 0.3166
vn 0.2022 0.9480 -0.2456
vn 0.3167 0.9480 -0.0307
vn -0.3043 -0.9480 -0.0929
vn 0.2014 0.9480 0.2463
vn -0.0317 0.9480 0.3166
vn 0.1504 -0.9480 -0.2803
vn -0.2808 0.9480 0.1495
vn -0.2456 0.9480 -0.2022
vn -0.2808 -0.9480 0.1495
vn -0.0307 0.9480 -0.3167
vn -0.2014 0.9480 -0.2463
vn -0.0919 -0.9480 -0.3046
vn -0.0918 -0.9480 -0.3046
vn 0.3166 0.9480 0.0317
vn -0.9445 0.3154 0.0915
vn 0.4459 0.3154 0.8377
vn 0.9445 0.3154 -0.0914
vn -0.8376 0.3154 0.4459
vn -0.4460 0.3154 -0.8377
vn -0.4459 0.3154 -0.8377
vn -0.7345 0.3154 0.6008
vn 0.9077 0.3154 0.2770
vn 0.0914 0.3154 0.9445
vn 0.8377 0.3154 -0.4459
vn 0.8377 0.3154 -0.4460
vn -0.6008 0.3154 -0.7345
vn 0.2808 -0.9480 -0.1495
vn -0.2022 0.9480 0.2456
vn 0.0317 -0.9480 -0.3166
vn -0.2014 -0.9480 -0.2463
vn 0.2803 0.9480 0.1504
vn -0.3167 -0.9480 0.0307
vn -0.2022 -0.9480 0.2456
vn 0.0929 0.9480 -0.3043
vn 0.2463 -0.9480 -0.2014
vn 0.2803 -0.9480 0.1504
vn -0.3167 0.9480 0.0307
vn -0.2456 -0.9480 -0.2022
vn 0.0919 0.9480 0.3046
vn -0.1504 -0.9480 0.2803
vn 0.3166 -0.9480 0.0317
vn 0.2808 0.9480 -0.1495
vn -0.0307 -0.9480 -0.3167
vn -0.1504 0.9480 0.2803
vn 0.3043 0.9480 0.0929
vn -0.3046 -0.9480 0.0919
vn -0.3046 -0.9480 0.0918
vn 0.0317 0.9480 -0.3166
vn 0.0919 -0.9480 0.3046
vn -0.3046 0.9480 0.0919
vn 0.1495 -0.9480 0.2808
vn 0.1495 0.9480 0.2808
vn 0.2022 -0.9480 -0.2456
vn 0.2463 0.9480 -0.2014
vn -0.2803 -0.9480 -0.1504
vn -0.3043 0.9480 -0.0929
vn -0.0929 -0.9480 0.3043
vn -0.0929 0.9480 0.3043
vn 0.3167 -0.9480 -0.0307
vn 0.5491 -0.8039 0.2285
vn 0.6635 -0.7203 0.2025
vn -0.5036 -0.8190 -0.2750
vn -0.8193 0.3680 -0.4396
vn -0.3043 0.9480 -0.0928
vn 0.3043 -0.9480 0.0928
vn 0.5473 -0.8201 0.1670
vn 0.8977 -0.3450 0.2739
vn 0.2500 -0.9653 0.0763
vn 0.9390 0.1903 0.2866
vn -0.8362 0.3154 -0.4488
vn 0.8812 -0.0000 0.4728
vn -0.8812 -0.0000 -0.4728
vn -0.4940 -0.8039 -0.3312
vn -0.5049 -0.8211 -0.2662
vn -0.8086 0.3973 -0.4340
vn -0.6002 -0.3184 -0.7338
vn 0.5982 0.3768 -0.7072
vn 0.6285 0.3254 -0.7065
vn 0.6457 0.2938 -0.7048
vn 0.6520 0.1113 -0.7500
vn 0.6431 0.1187 -0.7565
vn 0.6658 0.0997 -0.7395
vn 0.9877 0.1197 -0.1009
vn 0.9338 0.1398 -0.3292
vn 0.8705 0.1487 -0.4691
vn -0.1759 0.1057 -0.9787
vn -0.1632 0.1100 -0.9804
vn -0.1445 0.1163 -0.9827
vn 0.7606 0.1856 -0.6221
vn 0.6560 0.2243 -0.7207
vn 0.6559 0.2242 -0.7208
vn 0.9194 0.3832 -0.0890
vn 0.9194 0.3831 -0.0890
vn 0.0716 -0.3855 -0.9199
vn -0.0716 0.3855 0.9199
vn -0.2229 0.3210 -0.9205
vn -0.3868 0.8394 -0.3818
vn -0.3868 0.8394 -0.3819
vn 0.3868 -0.8394 0.3818
vn 0.2229 -0.3210 0.9205
vn -0.3241 0.8661 0.3805
vn 0.9194 0.3832 -0.0891
vn 0.4610 0.1945 0.8658
vn 0.4612 0.1933 0.8660
vn 0.4610 0.1946 0.8658
vn 0.2831 0.1952 0.9390
vn 0.2830 0.1934 0.9394
vn 0.2830 0.1932 0.9395
vn 0.4609 0.1945 0.8659
vn 0.4609 0.1933 0.8661
vn 0.4609 0.1932 0.8662
vn 0.2832 0.1952 0.9390
vn 0.2836 0.1934 0.9392
vn 0.2831 0.1954 0.9390
vn 0.4609 0.1946 0.8658
vn 0.4609 0.1949 0.8658
vn 0.4607 0.1949 0.8659
vn 0.4611 0.1949 0.8657
vn 0.4611 0.1947 0.8657
vn 0.4611 0.1948 0.8657
vn 0.4608 0.1948 0.8659
vn 0.4607 0.1947 0.8659
vn 0.4607 0.1948 0.8659
vn 0.4609 0.1946 0.8659
vn 0.4611 0.1946 0.8657
vn 0.4607 0.1946 0.8659
vn 0.2832 0.1959 0.9388
vn 0.2828 0.1958 0.9390
vn 0.2835 0.1959 0.9387
vn 0.2829 0.1956 0.9390
vn 0.2828 0.1956 0.9390
vn 0.2828 0.1957 0.9390
vn 0.2834 0.1957 0.9388
vn 0.2835 0.1957 0.9388
vn 0.2835 0.1956 0.9388
vn 0.2833 0.1954 0.9389
vn 0.2835 0.1954 0.9388
vn 0.2828 0.1955 0.9390
vn -0.3296 -0.8995 0.2868
vn -0.2353 -0.9139 0.3308
vn -0.4387 0.8981 0.0316
vn 0.4610 0.1947 0.8658
vn 0.4609 0.1947 0.8658
vn 0.3296 0.8995 -0.2868
vn 0.8557 -0.3562 -0.3754
vn 0.8557 -0.3562 -0.3755
vn 0.4387 -0.8981 -0.0316
vn 0.8699 0.3598 -0.3373
vn -0.7714 -0.3944 0.4994
vn -0.8699 -0.3598 0.3373
vn -0.4038 0.9123 -0.0683
vn 0.4038 -0.9123 0.0683
vn 0.7714 0.3944 -0.4994
vn -0.9007 0.3907 0.1902
vn 0.9007 -0.3906 -0.1902
vn 0.9007 -0.3907 -0.1902
vn 0.2353 0.9139 -0.3308
vn -0.6643 -0.7201 0.2003
vn -0.6643 -0.7202 0.2003
vn -0.2003 -0.7202 -0.6643
vn -0.2003 -0.7201 -0.6643
vn 0.1421 0.6921 -0.7077
vn 0.1857 0.9049 0.3831
vn 0.9236 -0.0000 -0.3834
vn 0.7060 -0.0000 0.7082
vn -0.0000 -0.0000 -0.0000
vn 0.7060 -0.0000 0.7083
vn -0.9236 -0.0000 0.3834
vn -0.7060 -0.0000 -0.7082
vn 0.0943 -0.3227 -0.9418
vn 0.2762 -0.3236 -0.9050
vn 0.8348 -0.3251 -0.4444
vn 0.9055 -0.3249 -0.2730
vn 0.8341 -0.3224 0.4476
vn 0.7310 -0.3213 0.6020
vn 0.0914 -0.3169 0.9440
vn -0.0945 -0.3160 0.9440
vn -0.7350 -0.3137 0.6012
vn -0.8382 -0.3136 0.4462
vn -0.0000 -1.0000 -0.0000
vn -0.7320 -0.3174 -0.6028
vn 0.3363 0.9384 0.0795
vn 0.3371 0.9406 -0.0398
vn 0.9230 -0.0044 -0.3847
vn 0.7040 -0.0034 0.7102
vn 0.3465 0.9381 0.0006
vn 0.3464 0.9381 -0.0003
vn -0.2751 0.6921 -0.6673
vn 0.3451 -0.8679 0.3572
vn -0.3281 -0.7202 0.6113
vn 0.4410 -0.7202 -0.5356
vn 0.4411 -0.7201 -0.5356
vn -0.4410 -0.7202 0.5356
vn 0.6418 0.7392 0.2043
vn 0.6009 0.6920 -0.4000
vn -0.2750 -0.9344 -0.2265
vn 0.3139 -0.9344 0.1685
vn -0.1826 0.9054 0.3834
vn -0.1396 0.6921 -0.7082
vn 0.6417 -0.7392 -0.2044
vn -0.6008 0.6921 0.4001
vn -0.2265 -0.9344 0.2750
vn -0.2758 -0.9344 0.2256
vn -0.3546 -0.9344 0.0343
vn -0.1029 -0.9344 -0.3411
vn 0.1040 -0.9344 -0.3407
vn 0.1040 -0.9344 -0.3408
vn 0.1685 -0.9344 -0.3139
vn 0.3411 -0.9344 -0.1028
vn 0.3411 -0.9344 -0.1029
vn 0.3408 -0.9344 0.1040
vn 0.1674 -0.9344 0.3145
vn 0.1029 -0.9344 0.3411
vn 0.2758 -0.9344 -0.2255
vn 0.2265 -0.9344 -0.2750
vn -0.1040 -0.9344 0.3408
vn -0.1685 -0.9344 0.3139
vn -0.1674 -0.9344 -0.3145
vn -0.2256 -0.9344 -0.2758
vn -0.2255 -0.9344 -0.2758
vn 0.3545 -0.9344 0.0355
vn 0.3546 -0.9344 -0.0343
vn -0.3145 -0.9344 0.1674
vn -0.3411 -0.9344 0.1029
vn 0.2256 -0.9344 0.2758
vn 0.2750 -0.9344 0.2265
vn -0.3139 -0.9344 -0.1685
vn -0.0343 -0.9344 -0.3546
vn 0.0355 -0.9344 -0.3545
vn -0.0355 -0.9344 0.3545
vn 0.0343 -0.9344 0.3546
vn 0.6124 -0.7202 -0.3260
vn 0.6124 -0.7201 -0.3261
vn -0.6874 -0.7129 0.1389
vn 0.6673 0.6921 -0.2752
vn 0.5730 0.7758 0.2642
vn 0.5112 0.6921 -0.5096
vn -0.5732 0.7757 -0.2642
vn -0.5113 0.6920 0.5096
vn 0.4460 0.3154 0.8377
vn 0.0691 -0.7202 -0.6903
vn 0.6636 -0.7202 0.2025
vn -0.2100 0.6945 0.6882
vn -0.5176 0.6534 0.5524
vn 0.7162 0.6945 -0.0693
vn 0.6280 -0.0062 -0.7782
vn 0.5228 -0.5641 0.6391
vn 0.6323 0.0518 0.7730
vn 0.9622 -0.0014 0.2724
vn 0.7866 0.5353 -0.3077
vn -0.7847 -0.0014 -0.6199
vn 0.3044 0.4429 -0.8433
vn 0.7896 -0.0104 -0.6135
vn 0.3387 0.5353 -0.7738
vn -0.9932 -0.0014 0.1165
vn 0.2725 -0.0014 -0.9622
vn -0.3077 0.5353 -0.7866
vn 0.0850 0.4719 0.8775
vn -0.6185 -0.0000 0.7858
vn -0.0167 0.5353 0.8445
vn 0.4727 -0.0216 -0.8809
vn -0.8057 0.5098 -0.3014
vn 0.1165 -0.0014 0.9932
vn 0.5853 0.5353 0.6090
vn -0.7866 0.5353 0.3077
vn 0.7847 -0.0014 0.6199
vn -0.0916 -0.3932 0.9149
vn -0.8432 0.4719 -0.2573
vn -0.4877 -0.0014 -0.8730
vn 0.5076 0.5040 -0.6988
vn 0.9932 -0.0014 -0.1165
vn 0.6090 0.5353 -0.5853
vn -0.9622 -0.0014 -0.2725
vn 0.6199 -0.0014 -0.7847
vn 0.0167 0.5353 -0.8445
vn -0.8730 -0.0014 0.4877
vn -0.3387 0.5353 0.7738
vn -0.5853 0.5353 -0.6090
vn -0.2725 -0.0014 0.9622
vn 0.3077 0.5353 0.7866
vn -0.1165 -0.0014 -0.9932
vn -0.8445 0.5353 -0.0167
vn 0.4877 -0.0014 0.8730
vn 0.7738 0.5353 0.3387
vn -0.3729 -0.2112 -0.9035
vn -0.7363 0.4665 0.4902
vn 0.8015 0.4983 -0.3305
vn -0.8678 0.4665 0.1711
vn 0.8670 0.4983 0.0014
vn -0.8672 0.4665 -0.1740
vn 0.7435 0.1894 0.6414
vn -0.7724 0.4497 -0.4486
vn 0.6120 0.4983 0.6141
vn -0.4902 0.4665 -0.7363
vn 0.3305 0.4983 0.8015
vn -0.1711 0.4665 -0.8678
vn -0.0014 0.4983 0.8670
vn 0.1740 0.4665 -0.8672
vn -0.3331 0.4983 0.8004
vn 0.4926 0.4665 -0.7346
vn -0.6141 0.4983 0.6120
vn 0.7363 0.4665 -0.4902
vn -0.8015 0.4983 0.3304
vn 0.8678 0.4665 -0.1711
vn -0.9344 0.3563 -0.0016
vn 0.9258 0.3291 0.1858
vn -0.8004 0.4983 -0.3331
vn 0.7346 0.4665 0.4926
vn -0.6120 0.4983 -0.6141
vn 0.4902 0.4665 0.7363
vn -0.3304 0.4983 -0.8015
vn 0.1711 0.4665 0.8678
vn 0.0014 0.4983 -0.8670
vn -0.1740 0.4665 0.8672
vn 0.3331 0.4983 -0.8004
vn -0.4926 0.4665 0.7346
vn 0.6140 0.4983 -0.6121
vn 0.9957 -0.0119 -0.0917
vn 0.6921 -0.2112 -0.6903
vn -0.8848 -0.0119 0.4658
vn -0.3752 -0.2112 0.9026
vn -0.7689 -0.0119 -0.6392
vn 0.0013 -0.2112 -0.9774
vn 0.9550 -0.0119 0.2963
vn 0.9035 -0.2112 -0.3729
vn -0.9957 -0.0119 0.0917
vn -0.6921 -0.2112 0.6903
vn -0.5016 -0.0048 -0.8651
vn 0.8110 -0.0000 0.5850
vn 0.9712 -0.2108 0.1111
vn 0.4729 0.0073 -0.8811
vn -0.9711 -0.2060 0.1202
vn -0.0917 -0.0119 -0.9957
vn 0.4658 -0.0119 0.8848
vn 0.9026 -0.2112 0.3752
vn -0.9774 -0.2112 -0.0013
vn 0.2963 -0.0119 -0.9550
vn 0.0917 -0.0119 0.9957
vn 0.6903 -0.2112 0.6921
vn -0.9026 -0.2112 -0.3752
vn 0.6392 -0.0119 -0.7689
vn 0.9869 -0.1296 -0.0955
vn -0.2963 -0.0119 0.9550
vn 0.3729 -0.2112 0.9035
vn -0.6903 -0.2112 -0.6920
vn 0.8848 -0.0119 -0.4658
vn 0.3752 -0.2112 -0.9026
vn -0.6330 0.0224 -0.7738
vn -0.6392 -0.0119 0.7689
vn -0.0013 -0.2112 0.9774
vn -0.9550 -0.0119 -0.2963
vn -0.1354 0.9582 0.2522
vn -0.6275 0.1596 0.7621
vn -0.4885 0.1478 0.8599
vn -0.8645 0.2020 0.4602
vn 0.0097 0.1972 0.9803
vn -0.7579 0.2035 0.6199
vn -0.0935 0.3461 0.9335
vn -0.8538 0.4791 -0.2037
vn -0.1147 -0.9666 0.2292
vn -0.7353 0.3126 0.6014
vn -0.7714 -0.0746 0.6320
vn -0.1539 -0.9699 0.1885
vn 0.9912 0.0360 0.1275
vn -0.8368 0.3183 0.4455
vn -0.8683 -0.1348 0.4774
vn 0.9956 0.0351 0.0871
vn -0.7773 0.0232 -0.6287
vn 0.2859 -0.1396 0.9480
vn -0.9490 -0.1326 0.2862
vn -0.7696 0.0129 -0.6384
vn 0.0019 -0.9817 0.1905
vn -0.6272 0.2726 0.7296
vn -0.6100 0.3114 0.7287
vn -0.0968 0.3022 0.9483
vn -0.0967 0.2598 0.9608
vn -0.2774 0.2980 0.9134
vn -0.2929 0.2795 0.9144
vn -0.4559 0.2741 0.8468
vn -0.5046 0.3048 0.8078
vn -0.0748 -0.9653 0.2503
vn 0.0429 0.9095 -0.4135
vn 0.2622 0.9110 -0.3184
vn -0.5784 0.4088 0.7059
vn -0.7028 0.2903 0.6495
vn -0.5821 0.3577 0.7302
vn -0.5989 0.3387 0.7256
vn -0.0946 0.3134 0.9449
vn -0.0976 0.2594 0.9608
vn -0.0924 0.4122 0.9064
vn -0.0973 0.2571 0.9615
vn -0.2664 0.4089 0.8728
vn -0.2876 0.2770 0.9168
vn -0.4938 0.3129 0.8113
vn -0.5776 0.4090 0.7065
vn -0.7174 0.2788 0.6385
vn -0.5847 0.3606 0.7267
vn -0.6030 0.3359 0.7236
vn -0.0965 0.3069 0.9468
vn -0.0980 0.2591 0.9609
vn -0.0933 0.4129 0.9060
vn -0.0969 0.2571 0.9615
vn -0.2659 0.4034 0.8755
vn -0.2906 0.2779 0.9156
vn -0.4315 0.4090 0.8041
vn -0.4985 0.3133 0.8083
vn -0.7717 0.3677 -0.5189
vn -0.9413 0.2547 -0.2217
vn -0.8831 0.2785 -0.3775
vn -0.7335 0.3110 -0.6044
vn -0.8980 0.4184 0.1361
vn -0.8263 0.5229 0.2092
vn -0.9067 0.3856 0.1710
vn -0.9750 0.1255 -0.1832
vn -0.8966 0.4061 0.1768
vn -0.8966 0.4061 0.1769
vn -0.8965 0.4062 0.1769
vn -0.8966 0.4061 0.1767
vn -0.8965 0.4061 0.1768
vn -0.8965 0.4062 0.1767
vn -0.9806 -0.1890 0.0515
vn -0.8425 0.5301 0.0958
vn -0.7491 0.4809 0.4557
vn -0.8836 0.4202 0.2068
vn -0.8763 0.4116 0.2505
vn -0.6731 0.3015 0.6753
vn -0.8948 0.3979 0.2027
vn -0.6314 0.7289 0.2645
vn -0.9219 0.3095 0.2330
vn -0.9216 0.3198 -0.2199
vn -0.9365 0.3164 0.1511
vn -0.8837 0.4305 0.1836
vn -0.8805 0.3926 0.2655
vn -0.5936 0.3097 0.7428
vn -0.5887 0.3128 0.7454
vn 0.2296 0.9660 -0.1186
vn 0.0184 0.9627 -0.2700
vn 0.0262 -0.9653 0.2599
vn 0.0091 0.6530 -0.7573
vn -0.0634 -0.9657 0.2517
vn 0.9954 0.0243 0.0929
vn -0.1364 -0.9598 0.2451
vn 0.6335 0.7607 -0.1413
vn -0.0743 -0.9652 0.2509
vn 0.1959 0.9677 -0.1588
vn 0.6236 0.7684 -0.1440
vn -0.1188 -0.9663 0.2285
vn -0.1719 -0.9751 0.1404
vn 0.1178 0.9672 -0.2252
vn 0.3699 -0.7644 0.5281
vn -0.7221 0.3578 0.5921
vn -0.8035 0.3681 0.4679
vn -0.9242 0.2590 0.2806
vn -0.7753 0.0526 -0.6294
vn -0.9099 0.3781 -0.1706
vn -0.6046 0.3627 0.7092
vn -0.0919 0.3891 0.9166
vn -0.2770 0.3820 0.8817
vn -0.4800 0.3661 0.7972
vn -0.0019 0.3721 0.9282
vn 0.0070 0.3797 0.9251
vn 0.0728 0.9669 -0.2447
vn -0.8271 -0.3450 -0.4438
vn 0.2740 -0.3450 -0.8977
vn -0.0752 0.0321 0.9967
vn -0.5139 0.3009 0.8034
vn -0.3010 0.2800 0.9116
vn -0.0970 0.2604 0.9606
vn -0.6119 0.3077 0.7286
vn -0.7637 0.0301 -0.6448
vn -0.9238 0.2589 0.2820
vn -0.8305 0.2687 0.4879
vn -0.7315 0.2963 0.6141
vn 0.0811 0.2560 0.9633
vn -0.5915 0.3056 0.7461
vn -0.6233 0.3121 0.7170
vn 0.9712 0.2284 0.0677
vn -0.1780 -0.9660 0.1875
vn 0.2503 0.9653 -0.0750
vn -0.2468 -0.9662 0.0742
vn 0.1777 0.9648 -0.1940
vn -0.0098 -0.9631 0.2691
vn -0.2208 -0.9687 0.1138
vn 0.0726 0.9631 -0.2592
vn -0.0230 0.9711 -0.2374
vn 0.3808 -0.7562 0.5320
vn 0.1323 0.9622 -0.2381
vn -0.3951 -0.5378 0.7447
vn -0.4459 0.3154 -0.8376
vn 0.2803 0.9480 0.1505
vn -0.1504 0.9480 0.2804
vn -0.2803 -0.9480 -0.1505
vn -0.6113 -0.7202 -0.3280
vn -0.8361 0.3154 -0.4488
vn 0.2303 0.9653 0.1236
vn 0.5819 0.4025 -0.7067
vn 0.6304 0.1289 -0.7655
vn 0.9904 0.1170 -0.0741
vn -0.1773 0.1052 -0.9785
vn 0.4613 0.1932 0.8660
vn 0.2836 0.1932 0.9393
vn 0.4612 0.1949 0.8656
vn 0.4606 0.1949 0.8659
vn 0.4610 0.1949 0.8657
vn 0.4609 0.1950 0.8658
vn 0.4607 0.1946 0.8660
vn 0.4612 0.1946 0.8657
vn 0.2836 0.1959 0.9387
vn 0.2827 0.1958 0.9390
vn 0.2830 0.1959 0.9389
vn 0.2830 0.1954 0.9390
vn 0.2832 0.1953 0.9389
vn 0.2832 0.1960 0.9388
vn 0.2827 0.1955 0.9391
vn 0.2836 0.1954 0.9388
vn -0.4387 0.8981 0.0315
vn 0.4610 0.1948 0.8658
vn 0.4609 0.1948 0.8658
vn -0.0898 0.3655 -0.9265
vn -0.7060 -0.0000 -0.7083
vn -0.0000 -0.0000 1.0000
vn -0.7040 0.0034 -0.7102
vn -0.9230 0.0044 0.3847
vn -0.6009 -0.6920 0.4000
vn 0.6418 0.7392 -0.2043
vn 0.1396 -0.6921 0.7082
vn -0.1826 0.9054 -0.3834
vn 0.6008 -0.6921 -0.4001
vn 0.6417 -0.7392 0.2044
vn -0.6673 -0.6921 0.2752
vn -0.6873 -0.7129 -0.1389
vn -0.5112 -0.6921 0.5096
vn 0.5730 0.7758 -0.2642
vn 0.5113 -0.6920 -0.5096
vn -0.5731 0.7757 0.2642
vt 0.883872 0.075509
vt 0.888148 0.078454
vt 0.883968 0.078075
vt 0.466543 0.448224
vt 0.458200 0.435906
vt 0.458341 0.435809
vt 0.583161 0.350914
vt 0.591182 0.363451
vt 0.582980 0.351036
vt 0.885319 0.103739
vt 0.897672 0.745134
vt 0.914218 0.663098
vt 0.897221 0.937178
vt 0.900471 0.929469
vt 0.900936 0.936504
vt 0.101308 0.945625
vt 0.104594 0.938869
vt 0.104982 0.944738
vt 0.718272 0.879338
vt 0.721727 0.886841
vt 0.718063 0.886294
vt 0.897221 0.890535
vt 0.900471 0.898266
vt 0.896741 0.897806
vt 0.100366 0.916716
vt 0.104127 0.908675
vt 0.104067 0.916661
vt 0.951067 0.338248
vt 0.947448 0.346447
vt 0.947449 0.338545
vt 0.718063 0.925857
vt 0.721588 0.917961
vt 0.721727 0.925265
vt 0.896498 0.923441
vt 0.900184 0.921829
vt 0.900234 0.923163
vt 0.951074 0.376665
vt 0.947452 0.369423
vt 0.951070 0.370042
vt 0.721588 0.894300
vt 0.717920 0.893974
vt 0.896446 0.905688
vt 0.900184 0.905922
vt 0.100428 0.924844
vt 0.104127 0.924555
vt 0.947452 0.331028
vt 0.951070 0.330508
vt 0.718272 0.932581
vt 0.721930 0.931795
vt 0.951067 0.362593
vt 0.947449 0.362189
vt 0.717847 0.902083
vt 0.721517 0.902175
vt 0.896346 0.913881
vt 0.900087 0.913878
vt 0.104305 0.932054
vt 0.100611 0.932564
vt 0.951072 0.326632
vt 0.947454 0.327264
vt 0.718537 0.938250
vt 0.722187 0.937301
vt 0.100908 0.893019
vt 0.104305 0.900904
vt 0.100611 0.900492
vt 0.100428 0.908493
vt 0.951066 0.354605
vt 0.947448 0.354431
vt 0.717847 0.910310
vt 0.721517 0.910165
vt 0.896446 0.922067
vt 0.100908 0.939582
vt 0.722187 0.874292
vt 0.721930 0.880085
vt 0.897866 0.884156
vt 0.900936 0.891204
vt 0.951066 0.346385
vt 0.717920 0.918337
vt 0.137035 0.937049
vt 0.140783 0.943091
vt 0.137649 0.943090
vt 0.897866 0.943521
vt 0.901563 0.942665
vt 0.560264 0.466831
vt 0.572694 0.458637
vt 0.560386 0.467008
vt 0.546624 0.472598
vt 0.546711 0.472790
vt 0.349238 0.477264
vt 0.364026 0.482069
vt 0.348708 0.479021
vt 0.364205 0.325288
vt 0.379647 0.323462
vt 0.379464 0.325288
vt 0.532143 0.475561
vt 0.532193 0.475760
vt 0.517379 0.475605
vt 0.517391 0.475805
vt 0.303186 0.439464
vt 0.310247 0.453318
vt 0.301570 0.440330
vt 0.421215 0.342585
vt 0.433426 0.352212
vt 0.432005 0.353377
vt 0.502873 0.472923
vt 0.502899 0.472731
vt 0.489198 0.467224
vt 0.489259 0.467047
vt 0.446321 0.425364
vt 0.445234 0.432770
vt 0.443540 0.432078
vt 0.294370 0.395134
vt 0.293003 0.392656
vt 0.294816 0.392889
vt 0.408526 0.471424
vt 0.394964 0.479021
vt 0.394429 0.477264
vt 0.335142 0.334106
vt 0.321292 0.341166
vt 0.334279 0.332487
vt 0.943991 0.716577
vt 0.943797 0.703098
vt 0.943986 0.703032
vt 0.335140 0.471424
vt 0.334278 0.473043
vt 0.013421 0.438736
vt 0.022108 0.450992
vt 0.021697 0.451310
vt 0.394966 0.326509
vt 0.394430 0.328266
vt 0.155562 0.412887
vt 0.155612 0.410250
vt 0.156070 0.410303
vt 0.943983 0.688507
vt 0.943794 0.673548
vt 0.943983 0.673558
vt 0.295593 0.425897
vt 0.297346 0.425364
vt 0.943986 0.658762
vt 0.943797 0.658714
vt 0.442104 0.365201
vt 0.440482 0.366066
vt 0.943802 0.644602
vt 0.943991 0.644687
vt 0.432004 0.452154
vt 0.442103 0.440330
vt 0.433425 0.453318
vt 0.458341 0.363854
vt 0.462723 0.356892
vt 0.462852 0.356999
vt 0.303187 0.366066
vt 0.295593 0.379633
vt 0.301570 0.365201
vt 0.466543 0.351389
vt 0.476890 0.340630
vt 0.476983 0.340778
vt 0.379645 0.482069
vt 0.379463 0.480242
vt 0.489259 0.332429
vt 0.489198 0.332259
vt 0.349239 0.328266
vt 0.348709 0.326509
vt 0.502873 0.326477
vt 0.502899 0.326662
vt 0.322453 0.462945
vt 0.321291 0.464364
vt 0.546624 0.326529
vt 0.532193 0.323462
vt 0.546711 0.326344
vt 0.408528 0.334106
vt 0.409396 0.332487
vt 0.155612 0.395249
vt 0.156070 0.395204
vt 0.292546 0.410576
vt 0.294370 0.410396
vt 0.448081 0.379633
vt 0.446321 0.380166
vt 0.560264 0.332214
vt 0.560386 0.332043
vt 0.422381 0.464364
vt 0.421214 0.462945
vt 0.572540 0.340488
vt 0.572694 0.340339
vt 0.311664 0.353377
vt 0.310248 0.352212
vt 0.424629 0.749694
vt 0.449298 0.395134
vt 0.451127 0.410576
vt 0.449298 0.410396
vt 0.364203 0.480242
vt 0.364028 0.323462
vt 0.599713 0.391921
vt 0.597049 0.377202
vt 0.599937 0.391905
vt 0.311663 0.452154
vt 0.599713 0.406883
vt 0.599937 0.406905
vt 0.422382 0.341166
vt 0.596832 0.421566
vt 0.597049 0.421626
vt 0.448080 0.425897
vt 0.596060 0.424049
vt 0.595846 0.423983
vt 0.292546 0.394954
vt 0.451128 0.394955
vt 0.582980 0.447871
vt 0.591384 0.435501
vt 0.583161 0.447999
vt 0.572540 0.458482
vt 0.409394 0.473043
vt 0.322454 0.342585
vt 0.101308 0.886363
vt 0.104594 0.893647
vt 0.687853 0.761286
vt 0.690169 0.768895
vt 0.689382 0.768973
vt 0.684855 0.754045
vt 0.688610 0.761056
vt 0.680501 0.747529
vt 0.685552 0.753673
vt 0.674960 0.741987
vt 0.681112 0.747028
vt 0.668818 0.736936
vt 0.675462 0.741376
vt 0.668445 0.737633
vt 0.661435 0.733878
vt 0.653521 0.733105
vt 0.661206 0.734634
vt 0.645685 0.733106
vt 0.653598 0.732319
vt 0.637999 0.734635
vt 0.645607 0.732319
vt 0.630760 0.737634
vt 0.637770 0.733878
vt 0.624245 0.741988
vt 0.630387 0.736937
vt 0.618093 0.747028
vt 0.623743 0.741377
vt 0.618704 0.747530
vt 0.613653 0.753673
vt 0.614350 0.754046
vt 0.610595 0.761057
vt 0.609823 0.768973
vt 0.609270 0.767720
vt 0.610052 0.767820
vt 0.609823 0.776810
vt 0.609036 0.768896
vt 0.611352 0.784497
vt 0.609036 0.776888
vt 0.614350 0.791737
vt 0.610595 0.784727
vt 0.618704 0.798254
vt 0.613653 0.792110
vt 0.624245 0.803795
vt 0.618093 0.798755
vt 0.630760 0.808150
vt 0.623743 0.804407
vt 0.637999 0.811149
vt 0.630387 0.808847
vt 0.645685 0.812677
vt 0.637770 0.811905
vt 0.653520 0.812677
vt 0.645607 0.813464
vt 0.661206 0.811148
vt 0.653598 0.813464
vt 0.668445 0.808149
vt 0.661435 0.811905
vt 0.674960 0.803795
vt 0.668818 0.808846
vt 0.680501 0.798253
vt 0.675462 0.804406
vt 0.684855 0.791737
vt 0.681112 0.798755
vt 0.687853 0.784496
vt 0.687154 0.788242
vt 0.686425 0.787944
vt 0.689382 0.776810
vt 0.688610 0.784726
vt 0.690169 0.776887
vt 0.242003 0.879995
vt 0.245160 0.887324
vt 0.242070 0.887321
vt 0.631399 0.892265
vt 0.634449 0.900006
vt 0.631294 0.899988
vt 0.948907 0.022124
vt 0.945748 0.023411
vt 0.945749 0.022124
vt 0.155977 0.890203
vt 0.158744 0.896557
vt 0.155596 0.896543
vt 0.634414 0.907840
vt 0.631259 0.907822
vt 0.948909 0.016039
vt 0.945754 0.009329
vt 0.948912 0.009328
vt 0.158461 0.903674
vt 0.155313 0.903660
vt 0.634449 0.915486
vt 0.631294 0.915468
vt 0.945758 0.003536
vt 0.948916 0.003536
vt 0.158287 0.911294
vt 0.155138 0.911280
vt 0.634553 0.922648
vt 0.631399 0.922630
vt 0.158228 0.919125
vt 0.155079 0.919111
vt 0.634723 0.929053
vt 0.631568 0.929035
vt 0.158287 0.926866
vt 0.155138 0.926852
vt 0.634951 0.934453
vt 0.631797 0.934435
vt 0.158461 0.934219
vt 0.155313 0.934205
vt 0.137649 0.886552
vt 0.140168 0.892629
vt 0.137035 0.892628
vt 0.158744 0.940902
vt 0.155596 0.940888
vt 0.139712 0.899553
vt 0.136578 0.899552
vt 0.159125 0.946658
vt 0.155977 0.946643
vt 0.139431 0.907061
vt 0.136297 0.907059
vt 0.948916 0.059998
vt 0.945754 0.053690
vt 0.948912 0.053690
vt 0.139336 0.914863
vt 0.136202 0.914861
vt 0.945750 0.046596
vt 0.948909 0.046596
vt 0.139431 0.922660
vt 0.136297 0.922658
vt 0.948906 0.038989
vt 0.945748 0.038989
vt 0.139712 0.930151
vt 0.136578 0.930150
vt 0.631797 0.878328
vt 0.634723 0.884969
vt 0.631568 0.884952
vt 0.948906 0.031160
vt 0.945748 0.031160
vt 0.139963 0.933946
vt 0.136829 0.933944
vt 0.634553 0.892283
vt 0.948906 0.023411
vt 0.536094 0.788916
vt 0.536230 0.781065
vt 0.537759 0.788752
vt 0.534629 0.781551
vt 0.533231 0.773825
vt 0.527585 0.768370
vt 0.531756 0.774614
vt 0.522276 0.763061
vt 0.528878 0.767309
vt 0.516822 0.757413
vt 0.523337 0.761767
vt 0.516033 0.758889
vt 0.509583 0.754414
vt 0.509097 0.756015
vt 0.501897 0.752885
vt 0.501733 0.754550
vt 0.494061 0.752885
vt 0.486862 0.756015
vt 0.494225 0.754550
vt 0.479137 0.757413
vt 0.486376 0.754414
vt 0.479925 0.758889
vt 0.472621 0.761767
vt 0.468374 0.768371
vt 0.473683 0.763061
vt 0.462727 0.773826
vt 0.467081 0.767309
vt 0.464203 0.774614
vt 0.459728 0.781066
vt 0.459865 0.788917
vt 0.458429 0.787600
vt 0.460085 0.787812
vt 0.458200 0.796590
vt 0.458200 0.788753
vt 0.461330 0.803791
vt 0.459865 0.796426
vt 0.462727 0.811517
vt 0.459728 0.804276
vt 0.464203 0.810728
vt 0.467081 0.818033
vt 0.473683 0.822281
vt 0.468374 0.816972
vt 0.479137 0.827929
vt 0.472621 0.823575
vt 0.479925 0.826453
vt 0.486376 0.830928
vt 0.486862 0.829327
vt 0.494061 0.832457
vt 0.494225 0.830791
vt 0.501897 0.832457
vt 0.509097 0.829326
vt 0.501733 0.830791
vt 0.516822 0.827929
vt 0.509583 0.830928
vt 0.516033 0.826453
vt 0.523337 0.823574
vt 0.522276 0.822281
vt 0.528878 0.818033
vt 0.527585 0.816971
vt 0.533231 0.811516
vt 0.534629 0.803790
vt 0.534802 0.807724
vt 0.533261 0.807094
vt 0.537759 0.796589
vt 0.536230 0.804276
vt 0.536094 0.796425
vt 0.043822 0.855921
vt 0.046523 0.862798
vt 0.043439 0.862734
vt 0.043129 0.898403
vt 0.046488 0.903988
vt 0.043404 0.903923
vt 0.245291 0.894186
vt 0.242201 0.894183
vt 0.264572 0.905832
vt 0.261475 0.899788
vt 0.264568 0.899788
vt 0.245481 0.900322
vt 0.242391 0.900318
vt 0.261472 0.892991
vt 0.264565 0.892991
vt 0.245723 0.905495
vt 0.242633 0.905492
vt 0.261469 0.885702
vt 0.264563 0.885702
vt 0.028414 0.849853
vt 0.030895 0.855675
vt 0.027825 0.855674
vt 0.261469 0.878201
vt 0.264562 0.878201
vt 0.030457 0.862310
vt 0.027387 0.862309
vt 0.261469 0.870776
vt 0.264563 0.870776
vt 0.030188 0.869503
vt 0.027118 0.869502
vt 0.261472 0.863713
vt 0.264565 0.863713
vt 0.030097 0.876978
vt 0.027027 0.876977
vt 0.261473 0.860177
vt 0.264567 0.860177
vt 0.206331 0.835165
vt 0.216806 0.840844
vt 0.206137 0.840784
vt 0.030188 0.884449
vt 0.027118 0.884447
vt 0.264568 0.857283
vt 0.261479 0.851733
vt 0.264572 0.851733
vt 0.027825 0.898236
vt 0.031483 0.904025
vt 0.028414 0.904024
vt 0.030235 0.885702
vt 0.027165 0.885701
vt 0.242391 0.851733
vt 0.245291 0.858084
vt 0.242201 0.858081
vt 0.043153 0.870032
vt 0.046058 0.877597
vt 0.042974 0.877533
vt 0.027387 0.891626
vt 0.030895 0.898237
vt 0.245160 0.865093
vt 0.242070 0.865089
vt 0.045994 0.885014
vt 0.042910 0.884950
vt 0.245093 0.872492
vt 0.242003 0.872489
vt 0.046046 0.892061
vt 0.042962 0.891997
vt 0.046237 0.870096
vt 0.245093 0.879999
vt 0.046213 0.898468
vt 0.965931 0.011009
vt 0.970892 0.017615
vt 0.966667 0.018482
vt 0.046906 0.855985
vt 0.051323 0.864336
vt 0.051070 0.870797
vt 0.050911 0.877439
vt 0.050854 0.884005
vt 0.051544 0.890812
vt 0.051661 0.895328
vt 0.557467 0.920533
vt 0.559708 0.928473
vt 0.555367 0.927741
vt 0.559129 0.935095
vt 0.554714 0.935221
vt 0.559854 0.941703
vt 0.555532 0.942684
vt 0.557791 0.949844
vt 0.561854 0.948042
vt 0.256947 0.885070
vt 0.256946 0.878429
vt 0.256947 0.871855
vt 0.929228 0.444784
vt 0.936054 0.439918
vt 0.933511 0.446061
vt 0.928203 0.449939
vt 0.932214 0.452581
vt 0.927763 0.459657
vt 0.932214 0.459230
vt 0.933511 0.465750
vt 0.929228 0.467022
vt 0.936054 0.471893
vt 0.932101 0.473960
vt 0.249815 0.872817
vt 0.249815 0.879463
vt 0.249874 0.885949
vt 0.948184 0.390922
vt 0.954425 0.385499
vt 0.952495 0.391860
vt 0.951844 0.398475
vt 0.947448 0.398394
vt 0.952495 0.405090
vt 0.948184 0.405865
vt 0.954425 0.411451
vt 0.950364 0.413050
vt 0.035450 0.863978
vt 0.035212 0.870347
vt 0.035131 0.876965
vt 0.035212 0.883579
vt 0.030329 0.888209
vt 0.030457 0.891627
vt 0.035838 0.895787
vt 0.966667 0.003536
vt 0.970240 0.010998
vt 0.044286 0.849853
vt 0.736005 0.814473
vt 0.749926 0.768576
vt 0.795815 0.782498
vt 0.161652 0.840319
vt 0.171863 0.846197
vt 0.161264 0.846193
vt 0.858964 0.105563
vt 0.869466 0.112075
vt 0.858816 0.112027
vt 0.442726 0.876095
vt 0.432044 0.869455
vt 0.442725 0.869454
vt 0.205904 0.866671
vt 0.216662 0.872808
vt 0.205367 0.873280
vt 0.161264 0.872149
vt 0.172251 0.878006
vt 0.161652 0.878002
vt 0.859527 0.142026
vt 0.869853 0.137192
vt 0.870177 0.142075
vt 0.205993 0.846988
vt 0.216662 0.847049
vt 0.171625 0.852566
vt 0.161026 0.852561
vt 0.869416 0.118718
vt 0.858766 0.118670
vt 0.442725 0.862880
vt 0.432045 0.862881
vt 0.205481 0.877606
vt 0.216806 0.878241
vt 0.172772 0.883131
vt 0.162173 0.883127
vt 0.442735 0.893917
vt 0.432050 0.888567
vt 0.442731 0.888566
vt 0.205904 0.853539
vt 0.216574 0.853600
vt 0.171544 0.859184
vt 0.160945 0.859180
vt 0.869466 0.125285
vt 0.858816 0.125237
vt 0.432046 0.856627
vt 0.442727 0.856626
vt 0.206331 0.882762
vt 0.217000 0.882822
vt 0.859527 0.094148
vt 0.869853 0.099574
vt 0.859204 0.099525
vt 0.442728 0.882548
vt 0.432047 0.882549
vt 0.216544 0.860246
vt 0.205875 0.860186
vt 0.171625 0.865798
vt 0.161026 0.865794
vt 0.869613 0.131523
vt 0.858964 0.131475
vt 0.432048 0.850934
vt 0.442729 0.850933
vt 0.162173 0.835165
vt 0.172250 0.840323
vt 0.869613 0.105611
vt 0.432045 0.876096
vt 0.442733 0.846020
vt 0.432052 0.846021
vt 0.216574 0.866732
vt 0.171863 0.872154
vt 0.859204 0.137144
vt 0.982373 0.024466
vt 0.980846 0.030691
vt 0.977964 0.027347
vt 0.158695 0.844311
vt 0.159119 0.837878
vt 0.852985 0.108415
vt 0.853039 0.106063
vt 0.445247 0.870926
vt 0.445248 0.878200
vt 0.203394 0.871991
vt 0.203297 0.865336
vt 0.155557 0.874542
vt 0.155416 0.872412
vt 0.502553 0.973180
vt 0.505662 0.973891
vt 0.507724 0.978341
vt 0.203448 0.845171
vt 0.203606 0.838376
vt 0.155288 0.849044
vt 0.155375 0.846727
vt 0.856158 0.117195
vt 0.856212 0.109919
vt 0.448681 0.866645
vt 0.448680 0.869037
vt 0.200782 0.875261
vt 0.200729 0.873283
vt 0.683474 0.968999
vt 0.686596 0.969584
vt 0.688497 0.974166
vt 0.979861 0.614065
vt 0.982414 0.607947
vt 0.983838 0.607818
vt 0.200019 0.849852
vt 0.200052 0.847468
vt 0.158292 0.857646
vt 0.158380 0.850396
vt 0.856156 0.123774
vt 0.852231 0.118641
vt 0.445249 0.857495
vt 0.445247 0.864345
vt 0.971967 0.193527
vt 0.975080 0.193975
vt 0.976817 0.198258
vt 0.978489 0.263564
vt 0.981164 0.257344
vt 0.982695 0.257127
vt 0.445251 0.884400
vt 0.445254 0.890992
vt 0.203298 0.858794
vt 0.203331 0.851514
vt 0.155109 0.862018
vt 0.155079 0.859611
vt 0.856318 0.130606
vt 0.448683 0.854313
vt 0.448682 0.856385
vt 0.970525 0.607939
vt 0.967823 0.613846
vt 0.966527 0.613846
vt 0.856408 0.103703
vt 0.856671 0.097091
vt 0.448682 0.879671
vt 0.448683 0.882020
vt 0.194947 0.972054
vt 0.198060 0.972753
vt 0.200095 0.977629
vt 0.199953 0.862901
vt 0.199942 0.860540
vt 0.158550 0.871195
vt 0.158288 0.864234
vt 0.853152 0.133748
vt 0.853064 0.131685
vt 0.306310 0.869517
vt 0.292546 0.872197
vt 0.292546 0.866066
vt 0.081573 0.985182
vt 0.078144 0.986638
vt 0.078143 0.985309
vt 0.981473 0.294074
vt 0.985101 0.291602
vt 0.985101 0.296004
vt 0.382754 0.981899
vt 0.379324 0.984384
vt 0.379324 0.982780
vt 0.981371 0.685171
vt 0.984981 0.681903
vt 0.984981 0.686852
vt 0.329660 0.982019
vt 0.326230 0.985153
vt 0.326230 0.983520
vt 0.296259 0.986444
vt 0.292554 0.984664
vt 0.294851 0.981902
vt 0.597898 0.985502
vt 0.595244 0.989005
vt 0.594547 0.987161
vt 0.976108 0.189153
vt 0.972831 0.190849
vt 0.966416 0.610177
vt 0.966433 0.613705
vt 0.194961 0.987223
vt 0.198519 0.984701
vt 0.198519 0.989218
vt 0.632028 0.981593
vt 0.628517 0.984240
vt 0.628525 0.982612
vt 0.401246 0.984883
vt 0.404793 0.981542
vt 0.404793 0.986510
vt 0.985308 0.982631
vt 0.981794 0.985781
vt 0.981802 0.984170
vt 0.779323 0.986752
vt 0.782877 0.983093
vt 0.782877 0.987759
vt 0.988103 0.785150
vt 0.984569 0.788295
vt 0.984578 0.786945
vt 0.687908 0.964844
vt 0.684695 0.966458
vt 0.982440 0.261137
vt 0.982444 0.257485
vt 0.211761 0.987471
vt 0.215191 0.985098
vt 0.215191 0.989598
vt 0.687106 0.981238
vt 0.683474 0.983703
vt 0.683494 0.982120
vt 0.968336 0.928525
vt 0.972367 0.924964
vt 0.972367 0.929930
vt 0.970108 0.025554
vt 0.965931 0.028792
vt 0.965959 0.026534
vt 0.273479 0.987774
vt 0.276909 0.984019
vt 0.276909 0.988694
vt 0.954645 0.577999
vt 0.950982 0.581018
vt 0.951006 0.579561
vt 0.861204 0.235660
vt 0.864732 0.234179
vt 0.864732 0.237786
vt 0.983838 0.611617
vt 0.983749 0.608041
vt 0.016241 0.986456
vt 0.019749 0.983815
vt 0.019749 0.988456
vt 0.435606 0.981558
vt 0.432044 0.984097
vt 0.432057 0.982490
vt 0.656447 0.985180
vt 0.659950 0.981746
vt 0.659950 0.986716
vt 0.821961 0.981871
vt 0.818398 0.984943
vt 0.818410 0.983311
vt 0.415450 0.988579
vt 0.418960 0.984876
vt 0.418960 0.989420
vt 0.965306 0.577999
vt 0.961717 0.581101
vt 0.961732 0.579692
vt 0.517732 0.985687
vt 0.519187 0.989371
vt 0.515985 0.989371
vt 0.867281 0.787394
vt 0.847025 0.825296
vt 0.809129 0.805038
vt 0.383943 0.892742
vt 0.393675 0.889742
vt 0.394161 0.894523
vt 0.401307 0.863308
vt 0.415106 0.860814
vt 0.415023 0.866925
vt 0.302881 0.861808
vt 0.292548 0.860232
vt 0.807291 0.271682
vt 0.821162 0.269771
vt 0.820861 0.274788
vt 0.404740 0.871844
vt 0.414995 0.873124
vt 0.306313 0.857791
vt 0.292551 0.854922
vt 0.810469 0.279859
vt 0.820637 0.280419
vt 0.401243 0.875712
vt 0.415023 0.879174
vt 0.302887 0.852127
vt 0.292554 0.850339
vt 0.806831 0.282874
vt 0.820499 0.286449
vt 0.404827 0.883148
vt 0.415106 0.884841
vt 0.810262 0.291464
vt 0.820452 0.292645
vt 0.401446 0.887252
vt 0.415240 0.889909
vt 0.806154 0.295643
vt 0.820499 0.298770
vt 0.405112 0.892326
vt 0.415421 0.894182
vt 0.810407 0.302960
vt 0.820637 0.304588
vt 0.380264 0.851649
vt 0.394161 0.849785
vt 0.393675 0.854593
vt 0.806988 0.306959
vt 0.820861 0.309876
vt 0.383276 0.859650
vt 0.393314 0.860072
vt 0.810882 0.312595
vt 0.821162 0.314431
vt 0.379523 0.862529
vt 0.393091 0.866012
vt 0.306317 0.893055
vt 0.292555 0.895016
vt 0.292551 0.890025
vt 0.382943 0.871126
vt 0.393016 0.872186
vt 0.302883 0.884912
vt 0.292548 0.884412
vt 0.379351 0.874861
vt 0.393091 0.878355
vt 0.306312 0.881899
vt 0.292547 0.878392
vt 0.383177 0.882746
vt 0.393314 0.884283
vt 0.401582 0.851794
vt 0.415421 0.849785
vt 0.415240 0.855027
vt 0.302880 0.873321
vt 0.379776 0.886769
vt 0.404864 0.860132
vt 0.166198 0.978494
vt 0.171168 0.971702
vt 0.171168 0.978984
vt 0.995653 0.013191
vt 0.994002 0.015447
vt 0.994002 0.013028
vt 0.095156 0.971318
vt 0.090186 0.978110
vt 0.090186 0.970828
vt 0.995476 0.067233
vt 0.993825 0.069490
vt 0.993825 0.067070
vt 0.043604 0.977385
vt 0.048575 0.970594
vt 0.048575 0.977875
vt 0.994002 0.005793
vt 0.995653 0.003536
vt 0.995653 0.005956
vt 0.113979 0.977809
vt 0.118950 0.971018
vt 0.118950 0.978299
vt 0.294198 0.993679
vt 0.292546 0.995935
vt 0.292546 0.993516
vt 0.981104 0.893746
vt 0.976133 0.900538
vt 0.976133 0.893257
vt 0.994504 0.210941
vt 0.996155 0.208685
vt 0.996155 0.211104
vt 0.976275 0.161032
vt 0.981246 0.154240
vt 0.981246 0.161521
vt 0.987765 0.503353
vt 0.985495 0.506453
vt 0.985495 0.503129
vt 0.581168 0.973622
vt 0.576197 0.980414
vt 0.576197 0.973133
vt 0.927054 0.995937
vt 0.928705 0.993679
vt 0.928705 0.996099
vt 0.141172 0.972448
vt 0.136202 0.979241
vt 0.136202 0.971959
vt 0.401233 0.995839
vt 0.402885 0.993582
vt 0.402885 0.996001
vt 0.909475 0.978341
vt 0.914446 0.971549
vt 0.914446 0.978831
vt 0.995795 0.532668
vt 0.994143 0.534925
vt 0.994143 0.532505
vt 0.083114 0.971318
vt 0.078143 0.978110
vt 0.078143 0.970828
vt 0.995476 0.076725
vt 0.993825 0.078982
vt 0.993825 0.076562
vt 0.943127 0.475180
vt 0.948097 0.468389
vt 0.948097 0.475671
vt 0.993981 0.716460
vt 0.995633 0.714203
vt 0.995633 0.716623
vt 0.534466 0.971688
vt 0.529495 0.978479
vt 0.529495 0.971198
vt 0.554714 0.995777
vt 0.556366 0.993521
vt 0.556366 0.995940
vt 0.212075 0.977417
vt 0.216727 0.970403
vt 0.216727 0.978026
vt 0.995509 0.485712
vt 0.993372 0.483239
vt 0.995509 0.482877
vt 0.976274 0.175386
vt 0.981246 0.168594
vt 0.981246 0.175875
vt 0.994481 0.547633
vt 0.996132 0.545376
vt 0.996132 0.547796
vt 0.947320 0.973439
vt 0.942349 0.980232
vt 0.942349 0.972950
vt 0.630169 0.993809
vt 0.628517 0.996066
vt 0.628517 0.993647
vt 0.155880 0.972412
vt 0.150910 0.979204
vt 0.150910 0.971923
vt 0.432044 0.995836
vt 0.433696 0.993579
vt 0.433696 0.995999
vt 0.806728 0.799317
vt 0.807967 0.799195
vt 0.811408 0.810542
vt 0.807938 0.805399
vt 0.814717 0.815495
vt 0.810310 0.811128
vt 0.818929 0.819707
vt 0.813755 0.816285
vt 0.823295 0.824115
vt 0.818139 0.820669
vt 0.823882 0.823017
vt 0.829023 0.826488
vt 0.829385 0.825297
vt 0.835104 0.827698
vt 0.835226 0.826459
vt 0.841305 0.827698
vt 0.841183 0.826459
vt 0.852528 0.823017
vt 0.847386 0.826488
vt 0.857480 0.819707
vt 0.853114 0.824114
vt 0.861692 0.815494
vt 0.858270 0.820669
vt 0.866099 0.811128
vt 0.862654 0.816284
vt 0.865001 0.810541
vt 0.868472 0.805398
vt 0.867281 0.805037
vt 0.869681 0.799316
vt 0.868443 0.793237
vt 0.868443 0.799194
vt 0.869681 0.793115
vt 0.865001 0.781890
vt 0.868472 0.787033
vt 0.861692 0.776937
vt 0.866099 0.781303
vt 0.857480 0.772724
vt 0.862654 0.776147
vt 0.852528 0.769415
vt 0.858270 0.771762
vt 0.847025 0.767135
vt 0.853114 0.768317
vt 0.841305 0.764734
vt 0.847386 0.765944
vt 0.841183 0.765973
vt 0.835104 0.764734
vt 0.829385 0.767135
vt 0.835226 0.765973
vt 0.823882 0.769415
vt 0.829023 0.765944
vt 0.818929 0.772725
vt 0.823295 0.768317
vt 0.814717 0.776937
vt 0.818139 0.771763
vt 0.810310 0.781304
vt 0.813755 0.776148
vt 0.811408 0.781891
vt 0.807938 0.787033
vt 0.809129 0.787395
vt 0.806728 0.793115
vt 0.807967 0.793237
vt 0.957181 0.208685
vt 0.962279 0.229193
vt 0.960455 0.229123
vt 0.957182 0.257168
vt 0.962009 0.236265
vt 0.962009 0.257123
vt 0.962373 0.351661
vt 0.960861 0.373152
vt 0.958146 0.352568
vt 0.958146 0.323462
vt 0.962613 0.344589
vt 0.960962 0.344589
vt 0.236202 0.956715
vt 0.236641 0.936418
vt 0.238570 0.936418
vt 0.436683 0.959573
vt 0.437384 0.938473
vt 0.439044 0.938532
vt 0.240639 0.936418
vt 0.241985 0.956716
vt 0.440931 0.938532
vt 0.441958 0.959573
vt 0.009127 0.935003
vt 0.012676 0.955811
vt 0.010571 0.955794
vt 0.064545 0.935001
vt 0.067281 0.955605
vt 0.065151 0.955596
vt 0.008571 0.955811
vt 0.003536 0.935049
vt 0.063072 0.955605
vt 0.058734 0.935027
vt 0.961264 0.909118
vt 0.957727 0.930086
vt 0.955337 0.909118
vt 0.396341 0.711925
vt 0.428295 0.710661
vt 0.427032 0.742620
vt 0.955988 0.025826
vt 0.958488 0.028055
vt 0.956110 0.028293
vt 0.845090 0.145463
vt 0.842624 0.144278
vt 0.845066 0.144145
vt 0.956068 0.067139
vt 0.958305 0.091427
vt 0.955900 0.091495
vt 0.961670 0.726365
vt 0.964080 0.748691
vt 0.961672 0.747840
vt 0.958859 0.030489
vt 0.956481 0.030727
vt 0.842721 0.146882
vt 0.842650 0.145648
vt 0.958346 0.093996
vt 0.955941 0.094065
vt 0.686100 0.929744
vt 0.688204 0.952731
vt 0.685806 0.952864
vt 0.963983 0.404991
vt 0.961784 0.383737
vt 0.964258 0.384325
vt 0.958472 0.096312
vt 0.956068 0.096381
vt 0.688276 0.955250
vt 0.685879 0.955382
vt 0.964056 0.406255
vt 0.961497 0.405216
vt 0.758995 0.271802
vt 0.728549 0.269771
vt 0.759399 0.269771
vt 0.760307 0.272345
vt 0.761861 0.270791
vt 0.762881 0.273254
vt 0.760851 0.273658
vt 0.760850 0.303705
vt 0.762880 0.304109
vt 0.760306 0.305018
vt 0.761860 0.306572
vt 0.759397 0.307592
vt 0.758993 0.305561
vt 0.728547 0.307592
vt 0.728951 0.305561
vt 0.727639 0.305018
vt 0.726085 0.306572
vt 0.725065 0.304109
vt 0.727095 0.303705
vt 0.727096 0.273658
vt 0.725066 0.273254
vt 0.727640 0.272345
vt 0.726086 0.270791
vt 0.728953 0.271802
vt 0.963509 0.461503
vt 0.961173 0.462977
vt 0.961049 0.461703
vt 0.959632 0.156649
vt 0.957226 0.154240
vt 0.959635 0.154242
vt 0.845159 0.121323
vt 0.842721 0.120559
vt 0.961003 0.460361
vt 0.963465 0.460212
vt 0.959631 0.159161
vt 0.957224 0.156647
vt 0.961671 0.725076
vt 0.964080 0.723750
vt 0.964078 0.725033
vt 0.963629 0.438548
vt 0.961173 0.437846
vt 0.959635 0.182081
vt 0.957223 0.159160
vt 0.964078 0.726372
vt 0.961784 0.407825
vt 0.961574 0.406530
vt 0.688497 0.957640
vt 0.686100 0.957772
vt 0.956481 0.003774
vt 0.958366 0.025588
vt 0.950333 0.420145
vt 0.957299 0.423092
vt 0.954413 0.430317
vt 0.564359 0.734025
vt 0.596889 0.741319
vt 0.565556 0.745789
vt 0.108177 0.725397
vt 0.139256 0.709813
vt 0.139444 0.722674
vt 0.845139 0.042239
vt 0.814093 0.057471
vt 0.814094 0.043557
vt 0.564359 0.647521
vt 0.594967 0.663142
vt 0.563470 0.661005
vt 0.108507 0.652024
vt 0.140158 0.643125
vt 0.139748 0.655019
vt 0.234699 0.844661
vt 0.264641 0.829533
vt 0.265768 0.839045
vt 0.563018 0.708548
vt 0.594462 0.704631
vt 0.594550 0.706980
vt 0.107973 0.711449
vt 0.139193 0.696085
vt 0.845138 0.057329
vt 0.814094 0.071528
vt 0.230931 0.775880
vt 0.262703 0.789850
vt 0.231289 0.791126
vt 0.407305 0.966617
vt 0.401233 0.970725
vt 0.401728 0.966617
vt 0.569826 0.639215
vt 0.591443 0.647268
vt 0.569226 0.645066
vt 0.845159 0.003536
vt 0.814104 0.018270
vt 0.814112 0.007870
vt 0.232655 0.820491
vt 0.233610 0.833481
vt 0.562738 0.690818
vt 0.562923 0.706001
vt 0.107905 0.696561
vt 0.139256 0.682018
vt 0.845139 0.072574
vt 0.814098 0.085188
vt 0.843593 0.914078
vt 0.850635 0.919299
vt 0.843696 0.919022
vt 0.845147 0.020696
vt 0.814098 0.030320
vt 0.814101 0.023693
vt 0.231872 0.806189
vt 0.263871 0.817621
vt 0.562923 0.675625
vt 0.594291 0.690632
vt 0.107973 0.681304
vt 0.139444 0.668151
vt 0.845143 0.087389
vt 0.814186 0.097754
vt 0.563470 0.720590
vt 0.595786 0.730471
vt 0.139748 0.734174
vt 0.108507 0.737869
vt 0.845143 0.027884
vt 0.263135 0.804179
vt 0.594462 0.676623
vt 0.108177 0.666266
vt 0.845150 0.101203
vt 0.814198 0.109099
vt 0.831267 0.315018
vt 0.847020 0.304485
vt 0.847681 0.310984
vt 0.830505 0.307527
vt 0.846529 0.297064
vt 0.861794 0.219543
vt 0.878649 0.220053
vt 0.862295 0.227107
vt 0.786156 0.028224
vt 0.802067 0.038711
vt 0.785910 0.036440
vt 0.829939 0.261025
vt 0.847020 0.256703
vt 0.846529 0.264151
vt 0.861391 0.190090
vt 0.877747 0.182013
vt 0.877684 0.190437
vt 0.171016 0.774517
vt 0.155155 0.767081
vt 0.171038 0.764907
vt 0.785741 0.074285
vt 0.802067 0.079241
vt 0.785910 0.083167
vt 0.829651 0.291302
vt 0.846227 0.289006
vt 0.846279 0.290413
vt 0.170955 0.804564
vt 0.155079 0.806437
vt 0.155090 0.799652
vt 0.801920 0.046579
vt 0.785741 0.045511
vt 0.829590 0.270335
vt 0.846227 0.272227
vt 0.877747 0.198763
vt 0.861193 0.201098
vt 0.155175 0.759152
vt 0.171061 0.755765
vt 0.802281 0.086130
vt 0.786156 0.091108
vt 0.155103 0.792021
vt 0.170971 0.795242
vt 0.801845 0.054886
vt 0.785654 0.055088
vt 0.829472 0.280011
vt 0.846124 0.280619
vt 0.877934 0.206673
vt 0.861423 0.210761
vt 0.155185 0.755181
vt 0.171073 0.751188
vt 0.802552 0.091937
vt 0.786469 0.097804
vt 0.862031 0.162102
vt 0.878649 0.159342
vt 0.878239 0.166161
vt 0.861464 0.180378
vt 0.877934 0.173816
vt 0.155118 0.783838
vt 0.170991 0.785244
vt 0.785654 0.059946
vt 0.801845 0.063314
vt 0.829590 0.289680
vt 0.878239 0.213861
vt 0.786469 0.021179
vt 0.802281 0.031585
vt 0.830505 0.252438
vt 0.847681 0.250168
vt 0.155136 0.775416
vt 0.785654 0.064804
vt 0.801920 0.071537
vt 0.861680 0.170928
vt 0.600784 0.830630
vt 0.571286 0.827867
vt 0.600218 0.822075
vt 0.598659 0.718411
vt 0.594967 0.718084
vt 0.910056 0.292410
vt 0.906334 0.281678
vt 0.910142 0.282113
vt 0.365113 0.878194
vt 0.363320 0.863930
vt 0.366760 0.864227
vt 0.757654 0.030187
vt 0.757960 0.019971
vt 0.143494 0.654773
vt 0.143906 0.642816
vt 0.600218 0.784129
vt 0.571990 0.770005
vt 0.600784 0.775542
vt 0.599483 0.650678
vt 0.595786 0.650709
vt 0.799058 0.312162
vt 0.770049 0.302297
vt 0.798830 0.302453
vt 0.266075 0.775727
vt 0.262372 0.775793
vt 0.198880 0.763114
vt 0.198853 0.775064
vt 0.810338 0.043638
vt 0.810337 0.057626
vt 0.757654 0.088291
vt 0.757443 0.077246
vt 0.143188 0.722789
vt 0.142999 0.709859
vt 0.571080 0.822366
vt 0.600052 0.817651
vt 0.598417 0.711971
vt 0.594726 0.711678
vt 0.170943 0.812854
vt 0.198799 0.809605
vt 0.198785 0.819347
vt 0.810515 0.097902
vt 0.810528 0.109342
vt 0.757443 0.041466
vt 0.143188 0.667976
vt 0.599869 0.793439
vt 0.571286 0.780683
vt 0.598659 0.663178
vt 0.367593 0.849785
vt 0.372252 0.851021
vt 0.280587 0.479260
vt 0.284546 0.449558
vt 0.284546 0.479166
vt 0.198908 0.751747
vt 0.810341 0.030331
vt 0.757960 0.098166
vt 0.198805 0.798867
vt 0.810349 0.085470
vt 0.771495 0.054232
vt 0.142999 0.681916
vt 0.599751 0.803115
vt 0.570853 0.792260
vt 0.598152 0.676730
vt 0.959506 0.875590
vt 0.955546 0.901951
vt 0.955337 0.875213
vt 0.197463 0.821745
vt 0.169204 0.815675
vt 0.171080 0.748691
vt 0.198936 0.741398
vt 0.198932 0.742950
vt 0.810348 0.018217
vt 0.814103 0.020078
vt 0.810347 0.020034
vt 0.143494 0.734350
vt 0.140158 0.743871
vt 0.798753 0.293001
vt 0.770049 0.279561
vt 0.798830 0.284169
vt 0.266074 0.749112
vt 0.262261 0.762107
vt 0.262372 0.749319
vt 0.769953 0.290543
vt 0.265962 0.761968
vt 0.810338 0.071758
vt 0.766403 0.061926
vt 0.762404 0.062917
vt 0.763951 0.060313
vt 0.142935 0.696058
vt 0.599869 0.812784
vt 0.570706 0.804291
vt 0.597980 0.690813
vt 0.813386 0.112736
vt 0.809624 0.111894
vt 0.366568 0.892285
vt 0.366977 0.907176
vt 0.362673 0.893284
vt 0.758349 0.011211
vt 0.810356 0.007761
vt 0.572938 0.760637
vt 0.601546 0.768008
vt 0.600592 0.639712
vt 0.596889 0.639801
vt 0.757336 0.065457
vt 0.771495 0.065131
vt 0.601546 0.838122
vt 0.571990 0.838506
vt 0.599483 0.730865
vt 0.770333 0.269771
vt 0.799058 0.276296
vt 0.266407 0.737652
vt 0.262703 0.737920
vt 0.231289 0.734806
vt 0.230931 0.747169
vt 0.720398 0.854342
vt 0.695906 0.863042
vt 0.695851 0.857082
vt 0.561698 0.909447
vt 0.559266 0.901723
vt 0.562560 0.901130
vt 0.720398 0.833743
vt 0.695868 0.826808
vt 0.721761 0.826193
vt 0.561503 0.865037
vt 0.559272 0.875937
vt 0.558068 0.864825
vt 0.695717 0.846687
vt 0.695818 0.834781
vt 0.562521 0.889354
vt 0.562560 0.875809
vt 0.720303 0.844538
vt 0.559243 0.889733
vt 0.911981 0.302526
vt 0.906242 0.292724
vt 0.361245 0.878499
vt 0.908482 0.271224
vt 0.915843 0.272501
vt 0.912289 0.313476
vt 0.908307 0.303575
vt 0.723403 0.860390
vt 0.724762 0.853298
vt 0.725016 0.861164
vt 0.696155 0.866301
vt 0.696032 0.864664
vt 0.633756 0.822132
vt 0.609036 0.827227
vt 0.635021 0.820536
vt 0.556730 0.911882
vt 0.554739 0.902516
vt 0.557003 0.902093
vt 0.723403 0.824602
vt 0.696118 0.822489
vt 0.725016 0.822965
vt 0.556480 0.863242
vt 0.558774 0.861665
vt 0.560131 0.863365
vt 0.724762 0.833502
vt 0.722576 0.833663
vt 0.554720 0.876185
vt 0.554910 0.861628
vt 0.724670 0.843870
vt 0.722482 0.844204
vt 0.556981 0.889996
vt 0.557001 0.876092
vt 0.722576 0.853791
vt 0.554714 0.890257
vt 0.721761 0.859657
vt 0.933073 0.635666
vt 0.931640 0.610071
vt 0.933073 0.609666
vt 0.632470 0.823703
vt 0.609169 0.828863
vt 0.558270 0.910327
vt 0.695994 0.824653
vt 0.966416 0.595500
vt 0.972122 0.597738
vt 0.966462 0.597548
vt 0.954512 0.714526
vt 0.958856 0.716601
vt 0.954057 0.716547
vt 0.967274 0.837795
vt 0.971904 0.840188
vt 0.966713 0.839720
vt 0.967722 0.138556
vt 0.962035 0.136418
vt 0.967762 0.136455
vt 0.966254 0.843902
vt 0.971567 0.846435
vt 0.966376 0.845967
vt 0.183701 0.778028
vt 0.177928 0.778281
vt 0.192502 0.784972
vt 0.192812 0.779373
vt 0.198843 0.787130
vt 0.680123 0.301095
vt 0.677397 0.312349
vt 0.667138 0.310125
vt 0.191381 0.790991
vt 0.195104 0.787143
vt 0.966588 0.591297
vt 0.972459 0.589526
vt 0.972249 0.591487
vt 0.186613 0.794134
vt 0.192204 0.794328
vt 0.178933 0.781171
vt 0.174984 0.785094
vt 0.954512 0.710315
vt 0.958856 0.708374
vt 0.959311 0.710370
vt 0.177812 0.787190
vt 0.177279 0.792305
vt 0.178452 0.789268
vt 0.180993 0.792560
vt 0.188492 0.793559
vt 0.178058 0.783047
vt 0.192256 0.789115
vt 0.181821 0.778603
vt 0.191861 0.782894
vt 0.189321 0.779603
vt 0.972465 0.849642
vt 0.967274 0.849175
vt 0.972077 0.595690
vt 0.962179 0.133073
vt 0.967906 0.133109
vt 0.966798 0.600676
vt 0.972459 0.600866
vt 0.967906 0.147168
vt 0.962035 0.144574
vt 0.967762 0.144611
vt 0.961995 0.142694
vt 0.961995 0.138519
vt 0.959311 0.714581
vt 0.967722 0.142730
vt 0.353371 0.631657
vt 0.339476 0.628783
vt 0.339744 0.628144
vt 0.560364 0.911020
vt 0.109681 0.496401
vt 0.111795 0.496955
vt 0.111439 0.497575
vt 0.559054 0.912618
vt 0.555216 0.913461
vt 0.297913 0.536568
vt 0.303561 0.523574
vt 0.304183 0.523975
vt 0.012402 0.593681
vt 0.006316 0.580875
vt 0.007007 0.580662
vt 0.407071 0.618837
vt 0.395114 0.626543
vt 0.394831 0.625926
vt 0.377134 0.490686
vt 0.363015 0.489141
vt 0.377240 0.489953
vt 0.068745 0.488259
vt 0.054712 0.490322
vt 0.068672 0.487545
vt 0.299599 0.591131
vt 0.294377 0.578060
vt 0.295090 0.577922
vt 0.326703 0.622636
vt 0.327097 0.622057
vt 0.147315 0.552732
vt 0.147477 0.566629
vt 0.146855 0.566603
vt 0.391003 0.493502
vt 0.390761 0.494199
vt 0.312264 0.512299
vt 0.312801 0.512811
vt 0.020222 0.514194
vt 0.011757 0.525574
vt 0.019664 0.513740
vt 0.111931 0.626566
vt 0.109473 0.623892
vt 0.109696 0.623191
vt 0.403777 0.499649
vt 0.403408 0.500286
vt 0.423874 0.519155
vt 0.431141 0.530506
vt 0.430906 0.531213
vt 0.131366 0.514194
vt 0.121855 0.503676
vt 0.131922 0.513740
vt 0.147151 0.581870
vt 0.146553 0.583624
vt 0.146029 0.583382
vt 0.214384 0.902851
vt 0.216433 0.891900
vt 0.216982 0.892001
vt 0.381455 0.630526
vt 0.381604 0.631190
vt 0.960079 0.474474
vt 0.963629 0.470049
vt 0.963629 0.475767
vt 0.003538 0.566915
vt 0.004256 0.566842
vt 0.145443 0.585118
vt 0.144925 0.584875
vt 0.213945 0.931310
vt 0.216312 0.941717
vt 0.213257 0.931504
vt 0.292546 0.564070
vt 0.293277 0.564070
vt 0.082838 0.488259
vt 0.082907 0.487545
vt 0.113195 0.625315
vt 0.114833 0.624677
vt 0.113595 0.625916
vt 0.211761 0.917127
vt 0.212411 0.917029
vt 0.349050 0.491817
vt 0.351345 0.490754
vt 0.351495 0.491479
vt 0.144633 0.580119
vt 0.144076 0.580501
vt 0.111904 0.627294
vt 0.213812 0.902834
vt 0.425838 0.598295
vt 0.432328 0.586251
vt 0.426338 0.598624
vt 0.030200 0.615362
vt 0.024948 0.611130
vt 0.025454 0.610617
vt 0.133295 0.607403
vt 0.140943 0.595281
vt 0.133773 0.607866
vt 0.979217 0.375572
vt 0.979674 0.373764
vt 0.979674 0.376070
vt 0.546328 0.843692
vt 0.545507 0.831286
vt 0.732807 0.013752
vt 0.545507 0.776262
vt 0.546328 0.763810
vt 0.851445 0.452854
vt 0.826288 0.466136
vt 0.825957 0.452057
vt 0.223641 0.774066
vt 0.732450 0.093423
vt 0.732204 0.080544
vt 0.545266 0.824870
vt 0.223726 0.825559
vt 0.732450 0.025665
vt 0.545002 0.789762
vt 0.223672 0.760131
vt 0.732807 0.104939
vt 0.223737 0.814159
vt 0.757336 0.053375
vt 0.732204 0.038818
vt 0.967427 0.621194
vt 0.974078 0.625632
vt 0.967823 0.625632
vt 0.223733 0.736616
vt 0.733261 0.114648
vt 0.851445 0.430118
vt 0.825845 0.438350
vt 0.825957 0.425543
vt 0.851349 0.441100
vt 0.223595 0.801796
vt 0.757336 0.059416
vt 0.732079 0.066795
vt 0.732079 0.052706
vt 0.545002 0.817814
vt 0.544831 0.803793
vt 0.733261 0.003536
vt 0.547433 0.752885
vt 0.223611 0.788144
vt 0.547433 0.854556
vt 0.851729 0.420328
vt 0.826288 0.414127
vt 0.609306 0.830485
vt 0.631601 0.831937
vt 0.609396 0.836444
vt 0.609561 0.866717
vt 0.631468 0.857137
vt 0.632426 0.867822
vt 0.609563 0.858744
vt 0.631581 0.843659
vt 0.609593 0.846838
vt 0.633731 0.869525
vt 0.609337 0.871038
vt 0.609448 0.868873
vt 0.315411 0.614125
vt 0.315916 0.613631
vt 0.030186 0.504230
vt 0.029728 0.503676
vt 0.123257 0.617817
vt 0.123715 0.618375
vt 0.897672 0.658144
vt 0.902727 0.644647
vt 0.901964 0.657341
vt 0.888579 0.336156
vt 0.894320 0.323727
vt 0.893561 0.336363
vt 0.897117 0.672105
vt 0.901397 0.671591
vt 0.888012 0.350406
vt 0.892997 0.350549
vt 0.901048 0.686850
vt 0.896774 0.687054
vt 0.887663 0.365665
vt 0.892649 0.365738
vt 0.900930 0.702531
vt 0.896659 0.702415
vt 0.887545 0.381346
vt 0.892532 0.381347
vt 0.896774 0.717600
vt 0.901048 0.718031
vt 0.887663 0.396846
vt 0.892649 0.396776
vt 0.897117 0.732025
vt 0.901397 0.732755
vt 0.892997 0.411433
vt 0.888012 0.411570
vt 0.901964 0.746137
vt 0.893561 0.424753
vt 0.888579 0.424951
vt 0.902727 0.757662
vt 0.898419 0.756425
vt 0.889341 0.436477
vt 0.894320 0.436226
vt 0.914229 0.756572
vt 0.909811 0.745031
vt 0.914221 0.744198
vt 0.914461 0.865163
vt 0.909496 0.877549
vt 0.909487 0.864976
vt 0.914214 0.730281
vt 0.909804 0.730826
vt 0.909481 0.850836
vt 0.914454 0.850958
vt 0.914210 0.715358
vt 0.909800 0.715593
vt 0.914450 0.835725
vt 0.909477 0.835672
vt 0.914209 0.700001
vt 0.909799 0.699917
vt 0.914449 0.820048
vt 0.909475 0.820067
vt 0.914210 0.684800
vt 0.909800 0.684400
vt 0.909477 0.804621
vt 0.914450 0.804531
vt 0.914214 0.670339
vt 0.909804 0.669639
vt 0.909481 0.789928
vt 0.914454 0.789770
vt 0.909808 0.662248
vt 0.914458 0.782380
vt 0.909484 0.782571
vt 0.914229 0.645812
vt 0.909811 0.656201
vt 0.909820 0.644602
vt 0.914461 0.776333
vt 0.909496 0.765006
vt 0.914470 0.764734
vt 0.902455 0.337432
vt 0.907254 0.323461
vt 0.906797 0.336725
vt 0.897423 0.764734
vt 0.901948 0.778190
vt 0.896966 0.777998
vt 0.902123 0.351778
vt 0.906458 0.351370
vt 0.896626 0.792643
vt 0.901610 0.792768
vt 0.906249 0.366834
vt 0.901917 0.366927
vt 0.901402 0.808161
vt 0.896417 0.808106
vt 0.906178 0.382521
vt 0.901848 0.382296
vt 0.901332 0.823777
vt 0.896346 0.823794
vt 0.906249 0.397831
vt 0.901917 0.397294
vt 0.896417 0.839103
vt 0.901402 0.839017
vt 0.906458 0.412173
vt 0.902123 0.411344
vt 0.896626 0.853446
vt 0.901610 0.853294
vt 0.906797 0.424997
vt 0.902455 0.423908
vt 0.896966 0.866270
vt 0.901948 0.866059
vt 0.907254 0.435811
vt 0.902903 0.434502
vt 0.897423 0.877084
vt 0.902403 0.876823
vt 0.885319 0.016599
vt 0.890757 0.003536
vt 0.889527 0.015701
vt 0.444181 0.501306
vt 0.450378 0.489401
vt 0.449154 0.501510
vt 0.888613 0.029567
vt 0.884423 0.030182
vt 0.443266 0.515171
vt 0.448244 0.515312
vt 0.888050 0.044599
vt 0.883872 0.044909
vt 0.442703 0.530204
vt 0.447683 0.530276
vt 0.883686 0.060215
vt 0.887860 0.060222
vt 0.442513 0.545827
vt 0.447494 0.545828
vt 0.888050 0.075834
vt 0.447683 0.561369
vt 0.442703 0.561439
vt 0.517391 0.323506
vt 0.532143 0.323655
vt 0.517379 0.323699
vt 0.442802 0.564058
vt 0.447781 0.563976
vt 0.888613 0.090836
vt 0.889527 0.104650
vt 0.443266 0.576441
vt 0.449154 0.590053
vt 0.444181 0.590255
vt 0.886524 0.115590
vt 0.890757 0.116747
vt 0.450378 0.602095
vt 0.445411 0.602352
vt 0.168086 0.938324
vt 0.168463 0.939965
vt 0.167158 0.938262
vt 0.169450 0.940003
vt 0.169759 0.942136
vt 0.166356 0.902189
vt 0.167212 0.913872
vt 0.166324 0.913970
vt 0.167087 0.927481
vt 0.166198 0.927506
vt 0.167226 0.893886
vt 0.167251 0.902032
vt 0.423626 0.861470
vt 0.422915 0.849785
vt 0.423948 0.849939
vt 0.929375 0.415372
vt 0.929460 0.426538
vt 0.928339 0.415524
vt 0.450151 0.689436
vt 0.449189 0.703402
vt 0.449124 0.689463
vt 0.687335 0.870910
vt 0.688315 0.885172
vt 0.687300 0.885130
vt 0.929375 0.334689
vt 0.929460 0.323461
vt 0.930491 0.323655
vt 0.687447 0.831258
vt 0.688497 0.820536
vt 0.688462 0.831096
vt 0.995444 0.937308
vt 0.996464 0.939750
vt 0.995365 0.939904
vt 0.928035 0.389234
vt 0.926821 0.375073
vt 0.927863 0.375073
vt 0.450215 0.675206
vt 0.449189 0.675180
vt 0.687287 0.898895
vt 0.688299 0.899000
vt 0.423655 0.888249
vt 0.422493 0.874344
vt 0.423527 0.874406
vt 0.422592 0.861360
vt 0.451128 0.737772
vt 0.449688 0.728137
vt 0.450713 0.727964
vt 0.688457 0.832932
vt 0.687441 0.833086
vt 0.926995 0.360849
vt 0.928035 0.360902
vt 0.450405 0.661179
vt 0.449379 0.661101
vt 0.687451 0.911327
vt 0.688459 0.911502
vt 0.449379 0.716461
vt 0.450405 0.716332
vt 0.687410 0.843447
vt 0.688387 0.856771
vt 0.687372 0.856836
vt 0.928546 0.347266
vt 0.927507 0.347162
vt 0.449688 0.647767
vt 0.450713 0.647895
vt 0.687488 0.922331
vt 0.688497 0.922540
vt 0.928546 0.402841
vt 0.927263 0.396442
vt 0.928303 0.396361
vt 0.450215 0.703322
vt 0.688350 0.870899
vt 0.422914 0.901973
vt 0.422621 0.888240
vt 0.928339 0.334538
vt 0.450104 0.635690
vt 0.451128 0.635864
vt 0.927507 0.402946
vt 0.168159 0.893655
vt 0.168513 0.892309
vt 0.169502 0.892083
vt 0.169770 0.890451
vt 0.170839 0.890203
vt 0.798593 0.906042
vt 0.799637 0.901985
vt 0.799637 0.906062
vt 0.007002 0.538929
vt 0.012394 0.525910
vt 0.435353 0.586268
vt 0.432129 0.585628
vt 0.082855 0.631333
vt 0.068690 0.632053
vt 0.068762 0.631333
vt 0.335366 0.495742
vt 0.348876 0.491095
vt 0.096677 0.628584
vt 0.082924 0.632053
vt 0.306631 0.603188
vt 0.298931 0.591401
vt 0.144592 0.538929
vt 0.148007 0.552649
vt 0.418168 0.609985
vt 0.407476 0.619383
vt 0.041903 0.496401
vt 0.054923 0.491008
vt 0.415069 0.508160
vt 0.424446 0.518707
vt 0.020233 0.605398
vt 0.011765 0.594024
vt 0.414589 0.508713
vt 0.147760 0.581671
vt 0.294230 0.550106
vt 0.297228 0.536293
vt 0.096660 0.491008
vt 0.110019 0.495769
vt 0.367455 0.632462
vt 0.359641 0.632697
vt 0.359709 0.632019
vt 0.003536 0.552683
vt 0.006311 0.538723
vt 0.434652 0.529730
vt 0.434760 0.528992
vt 0.139831 0.525574
vt 0.145280 0.538723
vt 0.323434 0.503506
vt 0.335674 0.496417
vt 0.041562 0.495769
vt 0.041577 0.623829
vt 0.029741 0.615922
vt 0.306033 0.603578
vt 0.041918 0.623191
vt 0.054729 0.629276
vt 0.096868 0.490322
vt 0.417681 0.609532
vt 0.054939 0.628583
vt 0.004254 0.552750
vt 0.293509 0.549966
vt 0.725065 0.314782
vt 0.725794 0.316170
vt 0.725065 0.316288
vt 0.140460 0.594951
vt 0.096885 0.629276
vt 0.367465 0.633144
vt 0.216909 0.890001
vt 0.216356 0.889894
vt 0.114433 0.624076
vt 0.139198 0.525910
vt 0.323003 0.502902
vt 0.435441 0.531010
vt 0.434772 0.531273
vt 0.808618 0.554581
vt 0.814670 0.548309
vt 0.809883 0.555559
vt 0.815629 0.609767
vt 0.813855 0.601435
vt 0.817120 0.609318
vt 0.779981 0.570030
vt 0.788666 0.569879
vt 0.780215 0.571564
vt 0.812480 0.602164
vt 0.809116 0.594340
vt 0.803791 0.561720
vt 0.802737 0.560528
vt 0.733601 0.531346
vt 0.732165 0.522755
vt 0.733601 0.522917
vt 0.748839 0.589503
vt 0.754960 0.583566
vt 0.755681 0.584931
vt 0.788138 0.486108
vt 0.780215 0.482897
vt 0.788666 0.484620
vt 0.748839 0.654402
vt 0.741833 0.649565
vt 0.743021 0.648583
vt 0.818044 0.531538
vt 0.819355 0.533181
vt 0.817761 0.532981
vt 0.807909 0.648583
vt 0.813855 0.642471
vt 0.809115 0.649565
vt 0.748908 0.560405
vt 0.741930 0.555404
vt 0.743027 0.554432
vt 0.779579 0.580177
vt 0.788108 0.580301
vt 0.787649 0.581782
vt 0.748908 0.493927
vt 0.755187 0.487886
vt 0.755823 0.489260
vt 0.733696 0.626067
vt 0.732165 0.617686
vt 0.733696 0.617838
vt 0.816421 0.514838
vt 0.814670 0.506309
vt 0.817968 0.514385
vt 0.817234 0.626067
vt 0.817120 0.634588
vt 0.815629 0.634138
vt 0.779579 0.663728
vt 0.788107 0.663605
vt 0.779740 0.665269
vt 0.771664 0.570011
vt 0.771599 0.571544
vt 0.771352 0.580177
vt 0.779741 0.578636
vt 0.743022 0.595322
vt 0.747867 0.588306
vt 0.735223 0.514653
vt 0.733846 0.514193
vt 0.733829 0.634588
vt 0.732165 0.626219
vt 0.754959 0.660339
vt 0.747866 0.655599
vt 0.795822 0.489351
vt 0.796626 0.487980
vt 0.787648 0.662122
vt 0.795989 0.660339
vt 0.817234 0.617838
vt 0.818784 0.626219
vt 0.737143 0.548132
vt 0.738406 0.547412
vt 0.802092 0.589503
vt 0.807909 0.595322
vt 0.818784 0.617686
vt 0.763148 0.484562
vt 0.763507 0.486051
vt 0.738450 0.602164
vt 0.741834 0.594340
vt 0.910051 0.891931
vt 0.913594 0.885561
vt 0.913179 0.892463
vt 0.831639 0.935653
vt 0.834108 0.928349
vt 0.834777 0.934927
vt 0.921542 0.908328
vt 0.924733 0.916529
vt 0.921620 0.916848
vt 0.948819 0.091400
vt 0.945748 0.099976
vt 0.945748 0.091453
vt 0.830954 0.879418
vt 0.834777 0.873372
vt 0.834108 0.879986
vt 0.921993 0.875456
vt 0.925373 0.869906
vt 0.925098 0.876090
vt 0.909735 0.933901
vt 0.913179 0.940743
vt 0.910051 0.941348
vt 0.830026 0.904195
vt 0.833305 0.912681
vt 0.830132 0.912884
vt 0.924658 0.899675
vt 0.924658 0.908205
vt 0.948819 0.100124
vt 0.945749 0.108259
vt 0.909735 0.899862
vt 0.912681 0.908508
vt 0.909541 0.908354
vt 0.912871 0.900212
vt 0.921993 0.931965
vt 0.925373 0.937176
vt 0.922275 0.937982
vt 0.948826 0.070436
vt 0.945752 0.074990
vt 0.945755 0.070972
vt 0.909541 0.925707
vt 0.912871 0.933467
vt 0.830132 0.895500
vt 0.833202 0.904193
vt 0.921542 0.899597
vt 0.924733 0.891267
vt 0.948823 0.116508
vt 0.948821 0.108602
vt 0.921772 0.924829
vt 0.925098 0.931298
vt 0.948821 0.082764
vt 0.948823 0.074549
vt 0.909475 0.917080
vt 0.912681 0.925462
vt 0.830445 0.887134
vt 0.833305 0.895698
vt 0.921620 0.890990
vt 0.924882 0.883303
vt 0.948828 0.123537
vt 0.945752 0.115982
vt 0.830187 0.914341
vt 0.833359 0.914106
vt 0.924882 0.924326
vt 0.945749 0.083016
vt 0.912617 0.917034
vt 0.833611 0.887525
vt 0.921772 0.882839
vt 0.913594 0.947010
vt 0.910475 0.947763
vt 0.830445 0.921233
vt 0.830954 0.928921
vt 0.808618 0.500024
vt 0.813239 0.507043
vt 0.771351 0.663728
vt 0.771208 0.665269
vt 0.779981 0.484444
vt 0.771599 0.482877
vt 0.743027 0.499874
vt 0.748023 0.492721
vt 0.732415 0.616431
vt 0.733937 0.616627
vt 0.733846 0.540056
vt 0.732165 0.531487
vt 0.755187 0.566461
vt 0.748023 0.561593
vt 0.795990 0.583566
vt 0.795250 0.584931
vt 0.802737 0.494050
vt 0.809883 0.499037
vt 0.813239 0.547583
vt 0.817968 0.540248
vt 0.803082 0.655599
vt 0.802091 0.654402
vt 0.737143 0.506133
vt 0.741930 0.498882
vt 0.737094 0.642471
vt 0.738450 0.641741
vt 0.755823 0.565104
vt 0.763148 0.569821
vt 0.819649 0.522954
vt 0.819649 0.531687
vt 0.763282 0.581782
vt 0.762842 0.580301
vt 0.771664 0.484426
vt 0.763281 0.662122
vt 0.762841 0.663605
vt 0.735302 0.609767
vt 0.737094 0.601435
vt 0.735223 0.539617
vt 0.803083 0.588306
vt 0.788138 0.568404
vt 0.796626 0.566556
vt 0.795250 0.658973
vt 0.795822 0.565195
vt 0.735301 0.634138
vt 0.803791 0.492848
vt 0.771209 0.578636
vt 0.735659 0.509760
vt 0.736974 0.510374
vt 0.815565 0.638342
vt 0.814129 0.637758
vt 0.763507 0.568348
vt 0.755680 0.658973
vt 0.818044 0.523109
vt 0.813579 0.639086
vt 0.814995 0.639718
vt 0.830296 0.917257
vt 0.833611 0.920838
vt 0.816421 0.539802
vt 0.818768 0.536171
vt 0.928214 0.393986
vt 0.927173 0.394057
vt 0.442998 0.569297
vt 0.448244 0.576302
vt 0.884423 0.090205
vt 0.888344 0.083692
vt 0.571004 0.820349
vt 0.545178 0.822518
vt 0.023713 0.608877
vt 0.023190 0.609372
vt 0.363050 0.489882
vt 0.356282 0.490072
vt 0.598329 0.709610
vt 0.594638 0.709329
vt 0.599991 0.816028
vt 0.829939 0.298971
vt 0.846385 0.293227
vt 0.563209 0.713643
vt 0.027259 0.888207
vt 0.532759 0.808305
vt 0.534279 0.808988
vt 0.948908 0.019550
vt 0.945750 0.016039
vt 0.685902 0.789208
vt 0.686620 0.789531
vt 0.591182 0.435405
vt 0.594082 0.428894
vt 0.442521 0.434540
vt 0.444190 0.435290
vt 0.896601 0.926188
vt 0.896741 0.929934
vt 0.737451 0.509207
vt 0.736154 0.508551
vt 0.732914 0.613920
vt 0.733829 0.609318
vt 0.945755 0.069876
vt 0.948827 0.069314
vt 0.357597 0.631899
vt 0.357507 0.632575
vt 0.688446 0.836602
vt 0.688425 0.843331
vt 0.909485 0.780564
vt 0.914459 0.780364
vt 0.914219 0.661124
vt 0.909809 0.660232
vt 0.198924 0.746055
vt 0.223705 0.746874
vt 0.121400 0.504230
vt 0.115345 0.499327
vt 0.810345 0.023668
vt 0.155188 0.754098
vt 0.171077 0.749940
vt 0.845148 0.018736
vt 0.814102 0.021885
vt 0.261474 0.859212
vt 0.264567 0.859212
vt 0.461330 0.781552
vt 0.458888 0.785294
vt 0.140032 0.934981
vt 0.136898 0.934979
vt 0.611352 0.761287
vt 0.609738 0.765368
vt 0.464082 0.355128
vt 0.463956 0.355017
vt 0.297347 0.380166
vt 0.293917 0.388060
vt 0.947455 0.326237
vt 0.951073 0.325575
vt 0.440481 0.439464
vt 0.443146 0.437810
vt 0.441501 0.437002
vt 0.686086 0.790820
vt 0.685552 0.792110
vt 0.685378 0.790473
vt 0.531756 0.810727
vt 0.533755 0.810252
vt 0.532257 0.809516
vt 0.599930 0.814406
vt 0.570853 0.816314
vt 0.570928 0.818332
vt 0.598152 0.704887
vt 0.598240 0.707249
vt 0.021432 0.607615
vt 0.019675 0.605858
vt 0.021973 0.607138
vt 0.545090 0.820166
vt 0.927084 0.391672
vt 0.926995 0.389288
vt 0.928125 0.391610
vt 0.812480 0.641741
vt 0.814425 0.641094
vt 0.813030 0.640413
vt 0.833412 0.915530
vt 0.833465 0.916954
vt 0.830242 0.915799
vt 0.817477 0.534424
vt 0.817194 0.535867
vt 0.819062 0.534676
vt 0.447879 0.566584
vt 0.447977 0.569191
vt 0.442900 0.566678
vt 0.884065 0.080641
vt 0.884161 0.083207
vt 0.888246 0.081073
vt 0.353939 0.491141
vt 0.356383 0.490803
vt 0.353813 0.490413
vt 0.829773 0.294547
vt 0.846332 0.291820
vt 0.829712 0.292924
vt 0.563114 0.711095
vt 0.027212 0.886954
vt 0.030282 0.886955
vt 0.948907 0.020837
vt 0.945750 0.019550
vt 0.945749 0.020837
vt 0.594859 0.426398
vt 0.593873 0.428815
vt 0.595071 0.426471
vt 0.900284 0.924497
vt 0.900334 0.925831
vt 0.896549 0.924814
vt 0.951074 0.324518
vt 0.947456 0.324184
vt 0.951074 0.323461
vt 0.947455 0.325211
vt 0.465190 0.353143
vt 0.466423 0.351268
vt 0.465313 0.353259
vt 0.136966 0.936014
vt 0.140168 0.937050
vt 0.140100 0.936015
vt 0.264568 0.858248
vt 0.261475 0.857283
vt 0.261474 0.858248
vt 0.845149 0.016776
vt 0.845150 0.014816
vt 0.155194 0.751933
vt 0.171083 0.747443
vt 0.155191 0.753016
vt 0.914221 0.657174
vt 0.909810 0.658217
vt 0.914220 0.659149
vt 0.914460 0.778348
vt 0.909487 0.776551
vt 0.909486 0.778558
vt 0.355374 0.632453
vt 0.353240 0.632332
vt 0.355484 0.631778
vt 0.948827 0.068192
vt 0.945756 0.067684
vt 0.948828 0.067070
vt 0.945756 0.068780
vt 0.738406 0.506873
vt 0.736649 0.507342
vt 0.737929 0.508040
vt 0.734178 0.615417
vt 0.734419 0.614206
vt 0.732664 0.615176
vt 0.687436 0.834914
vt 0.687430 0.836743
vt 0.688451 0.834767
vt 0.198928 0.744503
vt 0.223723 0.740237
vt 0.223728 0.738427
vt 0.113197 0.498749
vt 0.114955 0.499924
vt 0.113570 0.498141
vt 0.810346 0.021851
vt 0.460304 0.786707
vt 0.460524 0.785603
vt 0.458658 0.786447
vt 0.610282 0.766667
vt 0.610511 0.765514
vt 0.609504 0.766544
vt 0.295263 0.390644
vt 0.295709 0.388399
vt 0.293460 0.390358
vt 0.568437 0.645562
vt 0.565556 0.635690
vt 0.569153 0.638547
vt 0.592772 0.641674
vt 0.592133 0.647927
vt 0.843098 0.913342
vt 0.853054 0.907339
vt 0.851994 0.913730
vt 0.121013 0.736855
vt 0.120880 0.744505
vt 0.853054 0.938936
vt 0.851068 0.920116
vt 0.108951 0.748385
vt 0.114572 0.745715
vt 0.591969 0.642157
vt 0.851424 0.914392
vt 0.843179 0.919773
vt 0.565693 0.797517
vt 0.569600 0.793668
vt 0.569560 0.802732
vt 0.557668 0.791320
vt 0.557971 0.803730
vt 0.550229 0.797533
vt 0.545829 0.802540
vt 0.545906 0.791136
vt 0.974773 0.909118
vt 0.968337 0.913342
vt 0.968350 0.909118
vt 0.974130 0.287103
vt 0.967696 0.291589
vt 0.967707 0.287103
vt 0.739979 0.945200
vt 0.743216 0.953313
vt 0.735402 0.956740
vt 0.974768 0.917892
vt 0.974760 0.913342
vt 0.973661 0.271224
vt 0.968413 0.275582
vt 0.967696 0.271224
vt 0.973644 0.630001
vt 0.967389 0.630001
vt 0.974119 0.291589
vt 0.967710 0.295901
vt 0.973741 0.280030
vt 0.974378 0.275582
vt 0.552022 0.793787
vt 0.551818 0.797532
vt 0.553468 0.793142
vt 0.553683 0.801918
vt 0.552261 0.801147
vt 0.563584 0.794131
vt 0.563821 0.797519
vt 0.561956 0.793133
vt 0.562170 0.801908
vt 0.563831 0.801054
vt 0.232823 0.749044
vt 0.230810 0.761038
vt 0.232814 0.774015
vt 0.233526 0.761139
vt 0.260423 0.750956
vt 0.259544 0.762005
vt 0.260415 0.773896
vt 0.246398 0.760797
vt 0.241012 0.755312
vt 0.252108 0.756143
vt 0.246721 0.750657
vt 0.246418 0.762460
vt 0.241076 0.767814
vt 0.252035 0.767844
vt 0.246693 0.773197
vt 0.818725 0.971239
vt 0.824469 0.974799
vt 0.818398 0.974799
vt 0.432286 0.970768
vt 0.438140 0.974486
vt 0.432044 0.974486
vt 0.628819 0.966619
vt 0.634554 0.970548
vt 0.628517 0.970548
vt 0.901563 0.953841
vt 0.898824 0.961024
vt 0.892212 0.957777
vt 0.298893 0.970884
vt 0.292546 0.967028
vt 0.298580 0.967028
vt 0.953748 0.868060
vt 0.958319 0.864132
vt 0.959131 0.868060
vt 0.432156 0.966645
vt 0.438381 0.970768
vt 0.922916 0.312603
vt 0.929149 0.308576
vt 0.928762 0.312603
vt 0.406810 0.970725
vt 0.402094 0.974470
vt 0.385287 0.970976
vt 0.379733 0.974827
vt 0.379324 0.970976
vt 0.292585 0.974830
vt 0.292858 0.970884
vt 0.824666 0.967115
vt 0.824797 0.971239
vt 0.952936 0.864132
vt 0.959078 0.860158
vt 0.379677 0.967026
vt 0.385640 0.967026
vt 0.929352 0.316352
vt 0.923506 0.316352
vt 0.628800 0.974521
vt 0.634837 0.974521
vt 0.766403 0.056188
vt 0.762411 0.057164
vt 0.763961 0.054572
vt 0.780469 0.056787
vt 0.776669 0.057686
vt 0.778160 0.055233
vt 0.780329 0.061973
vt 0.776802 0.062808
vt 0.778184 0.060531
vt 0.764853 0.058780
vt 0.771495 0.059681
vt 0.764856 0.064529
vt 0.778979 0.059240
vt 0.778946 0.064250
vt 0.943794 0.688535
vt 0.424629 0.749694
vt 0.147855 0.927642
vt 0.424629 0.749694
vt 0.476890 0.458928
vt 0.476983 0.458772
vt 0.138837 0.451257
vt 0.147463 0.439041
vt 0.139186 0.451577
vt 0.013885 0.366354
vt 0.012566 0.368211
vt 0.013421 0.366121
vt 0.013036 0.368431
vt 0.011711 0.370302
vt 0.116064 0.335172
vt 0.128652 0.343152
vt 0.128371 0.343534
vt 0.139186 0.353853
vt 0.138837 0.354165
vt 0.152724 0.380529
vt 0.116064 0.470147
vt 0.102502 0.476336
vt 0.102390 0.475857
vt 0.058555 0.475757
vt 0.072993 0.479215
vt 0.058382 0.476236
vt 0.044618 0.470426
vt 0.044881 0.469985
vt 0.013885 0.438500
vt 0.007720 0.424774
vt 0.008221 0.424628
vt 0.005334 0.394907
vt 0.007720 0.380057
vt 0.008221 0.380200
vt 0.032574 0.343316
vt 0.044618 0.334573
vt 0.044881 0.335010
vt 0.058381 0.328826
vt 0.058555 0.329300
vt 0.032574 0.461623
vt 0.032232 0.462010
vt 0.087873 0.326440
vt 0.102502 0.328926
vt 0.102390 0.329400
vt 0.116265 0.334736
vt 0.128371 0.461841
vt 0.116265 0.470589
vt 0.128652 0.462229
vt 0.005334 0.409908
vt 0.004814 0.394860
vt 0.004814 0.409958
vt 0.147463 0.366426
vt 0.147060 0.366657
vt 0.153163 0.380388
vt 0.022108 0.353900
vt 0.032232 0.342933
vt 0.021697 0.353586
vt 0.152724 0.424956
vt 0.154547 0.418056
vt 0.153163 0.425104
vt 0.147060 0.438803
vt 0.087890 0.479248
vt 0.087873 0.478750
vt 0.073072 0.478717
vt 0.073072 0.326407
vt 0.087890 0.325947
vt 0.072993 0.325914
vt 0.154603 0.415386
vt 0.154099 0.417953
vt 0.591384 0.363361
vt 0.596832 0.377256
vt 0.012186 0.370508
vt 0.010856 0.372392
vt 0.011337 0.372585
vt 0.155107 0.412818
vt 0.155055 0.415472
vt 0.466423 0.448353
vt 0.902903 0.324437
vt 0.886524 0.004681
vt 0.898419 0.645708
vt 0.947456 0.375856
vt 0.718537 0.873373
vt 0.901563 0.885009
vt 0.943802 0.716678
vt 0.458200 0.363765
vt 0.104982 0.887182
vt 0.159125 0.890218
vt 0.140783 0.886554
vt 0.945758 0.059998
vt 0.634951 0.878345
vt 0.261479 0.905832
vt 0.031483 0.849854
vt 0.217000 0.835225
vt 0.245481 0.851737
vt 0.051661 0.858304
vt 0.561854 0.921383
vt 0.932101 0.437846
vt 0.927763 0.452148
vt 0.927983 0.451044
vt 0.928423 0.448834
vt 0.249874 0.866265
vt 0.950364 0.383737
vt 0.035838 0.858104
vt 0.035450 0.889935
vt 0.970892 0.004382
vt 0.047369 0.849917
vt 0.798359 0.788640
vt 0.799656 0.795161
vt 0.799656 0.801809
vt 0.798359 0.808330
vt 0.795815 0.814472
vt 0.792122 0.820000
vt 0.787422 0.824701
vt 0.781895 0.828395
vt 0.775754 0.830939
vt 0.769234 0.832236
vt 0.762587 0.832236
vt 0.756067 0.830939
vt 0.749926 0.828395
vt 0.744399 0.824701
vt 0.739699 0.820000
vt 0.733462 0.808330
vt 0.732165 0.801810
vt 0.732165 0.795161
vt 0.733462 0.788641
vt 0.736006 0.782498
vt 0.739699 0.776970
vt 0.744399 0.772269
vt 0.756067 0.766031
vt 0.762587 0.764734
vt 0.769234 0.764734
vt 0.775754 0.766031
vt 0.781895 0.768575
vt 0.787422 0.772269
vt 0.792122 0.776970
vt 0.432054 0.893918
vt 0.870177 0.094196
vt 0.172772 0.835169
vt 0.978179 0.025142
vt 0.982373 0.030445
vt 0.158858 0.877285
vt 0.504436 0.977243
vt 0.507724 0.970174
vt 0.203389 0.877252
vt 0.685210 0.973182
vt 0.688497 0.965780
vt 0.983774 0.613713
vt 0.979531 0.611359
vt 0.852256 0.121924
vt 0.974219 0.197599
vt 0.976817 0.190094
vt 0.982695 0.262968
vt 0.978281 0.260756
vt 0.445251 0.851535
vt 0.966964 0.607939
vt 0.970861 0.610600
vt 0.196805 0.976506
vt 0.200095 0.969021
vt 0.856509 0.136547
vt 0.302880 0.868197
vt 0.306310 0.871748
vt 0.081573 0.989474
vt 0.981450 0.292537
vt 0.382754 0.986842
vt 0.981351 0.683512
vt 0.329660 0.986861
vt 0.292546 0.986444
vt 0.597898 0.989470
vt 0.194947 0.985654
vt 0.632028 0.986575
vt 0.401233 0.983226
vt 0.985308 0.987373
vt 0.779310 0.985257
vt 0.988103 0.788932
vt 0.211761 0.985907
vt 0.687106 0.986142
vt 0.968337 0.926248
vt 0.970108 0.030451
vt 0.273479 0.986276
vt 0.954645 0.582157
vt 0.861193 0.234350
vt 0.016233 0.984856
vt 0.435606 0.986507
vt 0.656439 0.983533
vt 0.821961 0.986706
vt 0.415442 0.987135
vt 0.965306 0.581988
vt 0.518919 0.985656
vt 0.380517 0.895013
vt 0.383411 0.887506
vt 0.404771 0.865053
vt 0.401337 0.861084
vt 0.306312 0.859724
vt 0.810714 0.273691
vt 0.807400 0.269857
vt 0.401233 0.873511
vt 0.302883 0.857147
vt 0.806881 0.280680
vt 0.404737 0.876941
vt 0.306319 0.849848
vt 0.810313 0.284677
vt 0.401385 0.884935
vt 0.806130 0.292580
vt 0.404914 0.887645
vt 0.810256 0.296587
vt 0.401676 0.894583
vt 0.806907 0.305034
vt 0.383672 0.853649
vt 0.380441 0.849900
vt 0.810552 0.307606
vt 0.379604 0.860367
vt 0.807447 0.314858
vt 0.383025 0.864364
vt 0.302886 0.891061
vt 0.306319 0.894871
vt 0.379324 0.872616
vt 0.306312 0.884090
vt 0.382933 0.876253
vt 0.302881 0.880106
vt 0.379645 0.884782
vt 0.405011 0.853793
vt 0.401648 0.849886
vt 0.166198 0.971702
vt 0.995653 0.015447
vt 0.095156 0.978110
vt 0.995476 0.069490
vt 0.043604 0.970593
vt 0.994002 0.003536
vt 0.113979 0.971018
vt 0.294198 0.995935
vt 0.981104 0.900538
vt 0.994504 0.208685
vt 0.976275 0.154241
vt 0.987765 0.506453
vt 0.581168 0.980413
vt 0.927054 0.993680
vt 0.141172 0.979240
vt 0.401233 0.993582
vt 0.909475 0.971549
vt 0.995795 0.534925
vt 0.083114 0.978110
vt 0.995476 0.078982
vt 0.943127 0.468389
vt 0.993981 0.714203
vt 0.534466 0.978480
vt 0.554714 0.993521
vt 0.211761 0.970633
vt 0.993372 0.485658
vt 0.976274 0.168594
vt 0.994481 0.545377
vt 0.947320 0.980231
vt 0.630169 0.996066
vt 0.155880 0.979204
vt 0.432044 0.993579
vt 0.962279 0.208881
vt 0.960282 0.236281
vt 0.962373 0.372828
vt 0.962762 0.323461
vt 0.230810 0.956716
vt 0.432044 0.959410
vt 0.015011 0.935049
vt 0.070501 0.935027
vt 0.959848 0.930086
vt 0.398127 0.742622
vt 0.396864 0.742099
vt 0.396341 0.740835
vt 0.396864 0.710662
vt 0.398127 0.710139
vt 0.427032 0.710137
vt 0.428818 0.711924
vt 0.428818 0.740834
vt 0.428295 0.742097
vt 0.958472 0.067070
vt 0.845159 0.146650
vt 0.688497 0.929612
vt 0.963629 0.462728
vt 0.961672 0.723842
vt 0.957226 0.182079
vt 0.964258 0.407502
vt 0.958859 0.003536
vt 0.950333 0.430340
vt 0.947448 0.427371
vt 0.947448 0.423148
vt 0.954413 0.420122
vt 0.957299 0.427315
vt 0.108951 0.639125
vt 0.845158 0.113487
vt 0.862504 0.154240
vt 0.802552 0.025474
vt 0.831267 0.244904
vt 0.770333 0.314370
vt 0.266407 0.789859
vt 0.276961 0.448922
vt 0.959506 0.902046
vt 0.758349 0.106492
vt 0.143906 0.744098
vt 0.372252 0.905251
vt 0.572938 0.847822
vt 0.600592 0.741770
vt 0.915843 0.312072
vt 0.931892 0.637530
vt 0.972465 0.838263
vt 0.971444 0.844370
vt 0.187539 0.778540
vt 0.666376 0.308195
vt 0.666376 0.304037
vt 0.667138 0.302001
vt 0.669864 0.298871
vt 0.671703 0.297921
vt 0.675558 0.297652
vt 0.677397 0.298345
vt 0.680885 0.303025
vt 0.680885 0.307183
vt 0.680123 0.309219
vt 0.675558 0.313299
vt 0.671703 0.313568
vt 0.669864 0.312875
vt 0.966798 0.589336
vt 0.182775 0.793622
vt 0.954057 0.708319
vt 0.962179 0.147132
vt 0.959733 0.470302
vt 0.216982 0.941458
vt 0.979370 0.373510
vt 0.851729 0.464927
vt 0.973682 0.621194
vt 0.223737 0.734806
vt 0.222803 0.828093
vt 0.635021 0.871256
vt 0.889341 0.323462
vt 0.909820 0.757662
vt 0.914470 0.877794
vt 0.902403 0.764987
vt 0.445411 0.489141
vt 0.170839 0.942418
vt 0.930491 0.426344
vt 0.687482 0.820737
vt 0.996464 0.937158
vt 0.450104 0.737983
vt 0.423948 0.901933
vt 0.798556 0.901730
vt 0.435441 0.586951
vt 0.725794 0.314664
vt 0.910475 0.884866
vt 0.831639 0.872647
vt 0.922275 0.869126
vt 0.945756 0.122850
vt 0.843223 0.907396
vt 0.732165 0.953393
vt 0.732165 0.948627
vt 0.735402 0.945234
vt 0.743216 0.948547
vt 0.739979 0.956706
vt 0.968345 0.917892
vt 0.974133 0.295901
vt 0.967776 0.280030
vt 0.242523 0.759019
vt 0.250369 0.759606
vt 0.242751 0.751848
vt 0.250597 0.752436
vt 0.250333 0.764044
vt 0.242584 0.764022
vt 0.242778 0.771614
vt 0.250527 0.771636
vt 0.634856 0.966619
vt 0.892212 0.953512
vt 0.894951 0.950593
vt 0.898824 0.950729
vt 0.901563 0.958105
vt 0.894951 0.960888
vt 0.438252 0.966645
vt 0.923303 0.308576
vt 0.407671 0.974470
vt 0.385696 0.974827
vt 0.298619 0.974830
vt 0.818594 0.967115
vt 0.953695 0.860158
s 1
g off
g satelite_superior_Dragon.001
usemtl Dragon.001
f 2600/1/1 1133/2/2 2614/3/3
s 2
f 2586/4/4 62/5/5 2693/6/5
s 3
f 107/7/6 2774/8/7 2594/9/6
s 1
f 2756/10/8 2753/11/9 2718/12/10
s 4
f 968/13/11 159/14/11 160/15/11
s 5
f 976/16/12 136/17/12 137/18/12
s 6
f 984/19/13 146/20/13 985/21/13
s 7
f 993/22/14 155/23/14 994/24/14
s 8
f 972/25/15 132/26/15 133/27/15
s 9
f 981/28/16 141/29/16 142/30/16
s 10
f 990/31/17 150/32/17 151/33/17
s 11
f 1137/34/18 158/35/19 1104/36/19
s 12
f 976/37/20 138/38/20 977/39/20
s 13
f 985/21/21 147/40/21 986/41/21
s 14
f 995/42/22 155/23/22 156/43/22
s 15
f 973/44/23 133/27/23 134/45/23
s 16
f 981/28/24 143/46/24 982/47/24
s 17
f 991/48/25 151/33/25 152/49/25
s 18
f 978/50/26 138/38/26 139/51/26
s 19
f 987/52/27 147/40/27 148/53/27
s 20
f 996/54/28 156/43/28 157/55/28
s 21
f 973/44/29 135/56/29 974/57/29
s 22
f 1100/58/30 143/46/30 1083/59/30
s 23
f 992/60/31 152/49/31 153/61/31
s 24
f 969/62/32 131/63/32 970/64/32
s 25
f 971/65/33 131/63/33 132/26/33
s 26
f 979/66/34 139/51/34 140/67/34
s 27
f 988/68/35 148/53/35 149/69/35
s 28
f 997/70/36 157/55/36 158/35/36
s 29
f 975/71/37 135/56/37 136/17/37
s 30
f 984/19/38 144/72/38 145/73/38
s 31
f 992/74/39 154/75/39 993/22/39
s 32
f 980/76/40 140/67/40 141/29/40
s 33
f 988/68/41 150/32/41 989/77/41
s 34
f 16/78/42 209/79/42 17/80/42
s 35
f 967/81/43 160/15/43 130/82/43
s 36
f 2582/83/44 37/84/45 35/85/44
s 37
f 2583/86/46 35/85/47 41/87/46
s 38
f 99/88/48 906/89/48 904/90/48
s 39
f 57/91/49 874/92/49 54/93/49
s 40
f 2690/94/50 41/87/50 44/95/50
s 41
f 2584/96/51 44/95/51 47/97/51
s 42
f 87/98/52 898/99/52 896/100/52
s 43
f 45/101/53 866/102/53 1227/103/53
s 44
f 2584/96/54 50/104/54 2691/105/54
s 45
f 2691/105/55 53/106/56 2585/107/56
s 46
f 123/108/57 1077/109/57 1065/110/57
s 47
f 78/111/58 1154/112/58 1146/113/58
s 48
f 111/114/59 910/115/59 1184/116/59
s 49
f 63/117/60 882/118/60 880/119/60
s 50
f 2693/120/61 65/121/61 2587/122/61
s 51
f 96/123/62 904/90/62 902/124/62
s 52
f 2642/125/63 62/126/64 2752/127/64
s 53
f 54/93/65 872/128/65 51/129/65
s 54
f 2552/130/66 122/131/67 2746/132/67
s 55
f 2694/133/68 71/134/68 2588/135/68
s 56
f 87/98/69 894/136/69 84/137/69
s 57
f 2695/138/70 71/134/71 74/139/70
s 58
f 1227/103/72 864/140/72 1226/141/72
s 59
f 2695/138/73 77/142/74 2589/143/74
s 60
f 117/144/75 918/145/75 916/146/75
s 61
f 2589/147/76 1084/148/77 2748/149/77
s 62
f 72/150/78 888/151/78 886/152/78
s 63
f 2696/153/79 83/154/79 2590/155/79
s 64
f 1184/116/80 908/156/80 1188/157/80
s 65
f 2697/158/81 83/154/81 86/159/81
s 66
f 60/160/82 880/119/82 878/161/82
s 67
f 2697/158/83 89/162/84 2591/163/84
s 68
f 93/164/85 902/124/85 900/165/85
s 69
f 2699/166/86 95/167/86 98/168/86
s 70
f 48/169/87 872/128/87 870/170/87
s 71
f 2746/132/88 119/171/88 2645/172/88
s 72
f 84/137/89 892/173/89 81/174/89
s 73
f 1226/141/90 861/175/90 1225/176/90
s 74
f 2593/177/91 98/168/91 101/178/91
s 75
f 117/144/92 914/179/92 114/180/92
s 76
f 2700/181/93 101/178/93 104/182/93
s 77
f 69/183/94 886/152/94 884/184/94
s 0
f 2700/185/95 1387/185/96 104/185/97
s 79
f 36/186/98 922/187/98 126/188/98
s 80
f 1188/157/99 906/89/99 1187/189/99
s 81
f 60/160/100 876/190/100 57/91/100
s 82
f 2701/191/101 113/192/102 116/193/101
s 83
f 90/194/103 900/165/103 898/99/103
s 84
f 2779/195/104 116/193/105 119/196/104
s 85
f 48/169/106 868/197/106 45/101/106
s 86
f 2702/198/107 119/196/108 122/199/107
s 87
f 123/108/109 922/187/109 920/200/109
s 88
f 2702/198/110 1125/201/111 2647/202/111
s 89
f 81/174/112 890/203/112 78/111/112
s 90
f 1225/176/113 862/204/113 36/186/113
s 91
f 2703/205/114 125/206/115 128/207/114
s 92
f 2703/205/116 37/84/116 2661/208/116
s 93
f 114/180/117 912/209/117 111/114/117
s 94
f 69/183/118 882/118/118 66/210/118
s 95
f 967/211/119 129/212/119 969/62/119
s 96
f 1/213/120 130/214/120 2/215/120
s 97
f 3/216/120 129/217/120 1/213/120
s 98
f 4/218/120 131/219/120 3/216/120
s 99
f 5/220/120 132/221/120 4/218/120
s 100
f 5/220/120 134/222/120 133/223/120
s 101
f 6/224/120 135/225/120 134/222/120
s 102
f 8/226/120 135/225/120 7/227/120
s 103
f 9/228/120 136/229/120 8/226/120
s 104
f 10/230/120 137/231/120 9/228/120
s 105
f 11/232/120 138/233/120 10/230/120
s 106
f 12/234/120 139/235/120 11/232/120
s 107
f 12/234/120 141/236/120 140/237/120
s 108
f 13/238/120 142/239/120 141/236/120
s 109
f 14/240/120 143/241/120 142/239/120
s 110
f 16/242/120 1161/243/120 1163/244/120
s 111
f 17/245/120 144/246/120 16/242/120
s 112
f 18/247/120 145/248/120 17/245/120
s 113
f 19/249/120 146/250/120 18/247/120
s 114
f 20/251/120 147/252/120 19/249/120
s 115
f 21/253/120 148/254/120 20/251/120
s 116
f 22/255/120 149/256/120 21/253/120
s 117
f 23/257/120 150/258/120 22/255/120
s 118
f 24/259/120 151/260/120 23/257/120
s 119
f 25/261/120 152/262/120 24/259/120
s 120
f 26/263/120 153/264/120 25/261/120
s 121
f 27/265/120 154/266/120 26/263/120
s 122
f 28/267/120 155/268/120 27/265/120
s 123
f 29/269/120 156/270/120 28/267/120
s 124
f 30/271/120 157/272/120 29/269/120
s 125
f 31/273/120 1063/274/120 1066/275/120
s 126
f 32/276/120 159/277/120 31/273/120
s 127
f 2/215/120 160/278/120 32/276/120
s 128
f 181/279/121 268/280/121 182/281/121
s 129
f 3/282/122 196/283/122 4/284/122
s 130
f 1106/285/123 222/286/123 1108/287/123
s 131
f 17/288/124 210/289/124 18/290/124
s 132
f 4/284/125 197/291/125 5/292/125
s 133
f 31/293/126 224/294/126 32/295/126
s 134
f 18/290/127 211/296/127 19/297/127
s 135
f 5/292/121 198/298/121 6/299/121
s 136
f 32/295/128 194/300/128 2/301/128
s 137
f 19/297/129 212/302/129 20/303/129
s 138
f 6/299/130 199/304/130 7/305/130
s 139
f 20/303/131 213/306/131 21/307/131
s 140
f 7/305/132 200/308/132 8/309/132
s 141
f 21/307/133 214/310/133 22/311/133
s 142
f 8/309/134 201/312/134 9/313/134
s 143
f 22/311/135 215/314/135 23/315/135
s 144
f 9/316/136 202/317/136 10/318/136
s 145
f 23/315/137 216/319/137 24/320/137
s 146
f 10/318/138 203/321/138 11/322/138
s 147
f 24/320/139 217/323/139 25/324/139
s 148
f 11/322/140 204/325/140 12/326/140
s 149
f 25/327/141 218/328/141 26/329/141
s 150
f 12/326/142 205/330/142 13/331/142
s 151
f 26/329/143 219/332/143 27/333/143
s 152
f 13/331/144 206/334/144 14/335/144
s 153
f 28/336/145 219/332/145 220/337/145
s 154
f 14/335/146 207/338/146 15/339/146
s 155
f 2/340/147 193/341/147 1/342/147
s 156
f 29/343/148 220/337/148 221/344/148
s 157
f 15/339/149 1087/345/149 1086/346/149
s 158
f 1/342/150 195/347/150 3/282/150
s 159
f 30/348/151 221/344/151 222/286/151
s 160
f 162/349/120 193/350/120 194/351/120
s 161
f 161/352/120 195/353/120 193/350/120
s 162
f 164/354/120 195/353/120 163/355/120
s 163
f 165/356/120 196/357/120 164/354/120
s 164
f 165/356/120 198/358/120 197/359/120
s 165
f 166/360/120 199/361/120 198/358/120
s 166
f 167/362/120 200/363/120 199/361/120
s 167
f 168/364/120 201/365/120 200/363/120
s 168
f 170/366/120 201/365/120 169/367/120
s 169
f 170/366/120 203/368/120 202/369/120
s 170
f 171/370/120 204/371/120 203/368/120
s 171
f 173/372/120 204/371/120 172/373/120
s 172
f 173/372/120 206/374/120 205/375/120
s 173
f 174/376/120 207/377/120 206/374/120
s 174
f 176/378/120 1165/379/120 1167/380/120
s 175
f 176/378/120 209/381/120 208/382/120
s 176
f 178/383/120 209/381/120 177/384/120
s 177
f 178/383/120 211/385/120 210/386/120
s 178
f 179/387/120 212/388/120 211/385/120
s 179
f 181/389/120 212/388/120 180/390/120
s 180
f 181/389/120 214/391/120 213/392/120
s 181
f 182/393/120 215/394/120 214/391/120
s 182
f 183/395/120 216/396/120 215/394/120
s 183
f 184/397/120 217/398/120 216/396/120
s 184
f 186/399/120 217/398/120 185/400/120
s 185
f 186/399/120 219/401/120 218/402/120
s 186
f 187/403/120 220/404/120 219/401/120
s 187
f 188/405/120 221/406/120 220/404/120
s 188
f 189/407/120 222/408/120 221/406/120
s 189
f 191/409/120 1067/410/120 1068/411/120
s 190
f 191/409/120 224/412/120 223/413/120
s 191
f 192/414/120 194/351/120 224/412/120
s 192
f 161/415/127 230/416/127 163/417/127
s 193
f 168/418/139 242/419/139 169/420/139
s 194
f 182/281/130 270/421/130 183/422/130
s 195
f 169/423/141 244/424/141 170/425/141
s 196
f 183/422/132 272/426/132 184/427/132
s 197
f 170/425/143 246/428/143 171/429/143
s 198
f 184/427/134 274/430/134 185/431/134
s 199
f 171/429/145 248/432/145 172/433/145
s 200
f 185/434/136 276/435/136 186/436/136
s 201
f 172/433/148 250/437/148 173/438/148
s 202
f 186/436/138 278/439/138 187/440/138
s 203
f 173/438/151 252/441/151 174/442/151
s 204
f 187/440/140 280/443/140 188/444/140
s 205
f 174/442/152 254/445/152 175/446/152
s 206
f 188/444/142 282/447/142 189/448/142
s 207
f 175/446/126 1089/449/126 1088/450/126
s 208
f 228/451/147 290/452/147 225/453/147
s 209
f 189/448/144 284/454/144 190/455/144
s 210
f 176/456/128 258/457/128 177/458/128
s 211
f 192/459/42 227/460/42 162/461/42
s 212
f 190/455/146 1112/462/146 1110/463/146
s 213
f 177/464/147 260/465/147 178/466/147
s 214
f 164/467/131 234/468/131 165/469/131
s 215
f 191/470/153 288/471/153 192/459/153
s 216
f 178/466/150 262/472/150 179/473/150
s 217
f 165/469/133 236/474/133 166/475/133
s 218
f 179/473/122 264/476/122 180/477/122
s 219
f 166/475/135 238/478/135 167/479/135
s 220
f 163/417/129 232/480/129 164/467/129
s 221
f 180/477/125 266/481/125 181/279/125
s 222
f 167/479/137 240/482/137 168/418/137
s 223
f 227/483/154 225/484/154 226/485/154
s 224
f 226/486/155 229/487/155 230/416/155
s 225
f 232/480/156 229/487/156 231/488/156
s 226
f 234/468/157 231/488/157 233/489/158
s 227
f 234/468/159 235/490/159 236/474/159
s 228
f 238/478/160 235/490/161 237/491/162
s 229
f 238/478/163 239/492/163 240/482/163
s 230
f 240/493/164 241/494/165 242/495/166
s 231
f 242/495/167 243/496/167 244/497/167
s 232
f 244/497/168 245/498/168 246/499/168
s 233
f 248/500/169 245/498/169 247/501/169
s 234
f 250/437/170 247/502/170 249/503/171
s 235
f 250/437/172 251/504/172 252/441/172
s 236
f 254/505/173 251/506/173 253/507/173
s 237
f 1170/508/174 254/505/174 255/509/174
s 238
f 258/510/175 255/509/175 257/511/175
s 239
f 258/510/176 259/512/176 260/513/176
s 240
f 260/513/177 261/514/177 262/515/177
s 241
f 262/472/178 263/516/178 264/476/178
s 242
f 266/481/179 263/516/179 265/517/180
s 243
f 268/280/181 265/517/181 267/518/181
s 244
f 270/519/182 267/520/182 269/521/182
s 245
f 270/519/183 271/522/183 272/523/183
s 246
f 272/523/184 273/524/184 274/525/184
s 247
f 274/525/185 275/526/185 276/527/185
s 248
f 276/435/186 277/528/186 278/439/186
s 249
f 278/439/187 279/529/187 280/443/187
s 250
f 280/443/188 281/530/188 282/447/188
s 251
f 282/447/189 283/531/189 284/454/189
s 252
f 1069/532/190 1112/462/190 283/531/190
s 253
f 286/533/191 287/534/191 288/471/191
s 254
f 288/535/192 228/536/192 227/483/192
s 255
f 162/537/124 226/486/124 161/415/124
s 256
f 307/538/120 299/539/120 291/540/120
s 257
f 243/541/138 299/542/138 245/543/138
s 258
f 261/544/129 308/545/129 263/546/129
s 259
f 279/547/148 317/548/148 281/549/148
s 260
f 235/550/193 295/551/194 237/552/195
s 261
f 253/553/153 304/554/153 255/555/153
s 262
f 273/556/139 312/557/139 313/558/139
s 263
f 229/559/150 290/452/150 291/560/150
s 264
f 245/543/140 300/561/140 247/562/140
s 265
f 263/546/131 309/563/131 265/564/131
s 266
f 283/565/151 317/548/151 318/566/151
s 267
f 239/567/196 295/551/196 296/568/196
s 268
f 255/555/42 305/569/42 257/570/42
s 269
f 273/571/141 314/572/141 275/573/141
s 270
f 231/574/122 291/560/122 292/575/122
s 271
f 247/562/142 301/576/142 249/577/142
s 272
f 265/564/133 310/578/133 267/579/133
s 273
f 283/565/152 319/580/152 285/581/152
s 274
f 241/582/197 296/568/198 297/583/134
s 275
f 257/584/124 306/585/124 259/586/124
s 276
f 277/587/143 314/572/143 315/588/143
s 277
f 231/574/125 293/589/125 233/590/125
s 278
f 249/577/144 302/591/144 251/592/144
s 279
f 267/579/135 311/593/135 269/594/135
s 280
f 285/581/126 320/595/126 287/596/126
s 281
f 241/597/136 298/598/136 243/541/136
s 282
f 259/586/127 307/599/127 261/544/127
s 283
f 279/547/145 315/588/145 316/600/145
s 284
f 228/601/128 320/595/128 289/602/128
s 285
f 233/590/121 294/603/121 235/550/121
s 286
f 251/592/146 303/604/146 253/553/146
s 287
f 271/605/199 311/593/199 312/557/199
s 288
f 228/606/200 417/607/201 354/608/202
s 289
f 245/543/203 426/609/204 362/610/205
s 290
f 263/546/206 435/611/207 371/612/208
s 291
f 281/549/209 444/613/210 380/614/211
s 292
f 237/552/212 422/615/213 358/616/214
s 293
f 255/555/215 431/617/216 367/618/217
s 294
f 273/619/218 440/620/219 376/621/220
s 295
f 229/559/221 418/622/222 354/623/223
s 296
f 247/562/224 427/624/225 363/625/226
s 297
f 265/564/227 436/626/228 372/627/229
s 298
f 283/565/230 445/628/231 381/629/232
s 299
f 239/567/233 423/630/234 359/631/235
s 300
f 257/632/236 432/633/237 368/634/238
s 301
f 275/635/239 441/636/240 377/637/241
s 302
f 231/574/242 419/638/243 355/639/244
s 303
f 249/577/245 428/640/246 364/641/247
s 304
f 267/579/248 374/642/249 373/643/250
s 305
f 285/581/251 446/644/252 382/645/253
s 306
f 241/646/254 424/647/255 360/648/256
s 307
f 259/649/257 433/650/258 369/651/259
s 308
f 277/587/260 442/652/261 378/653/262
s 309
f 233/590/263 420/654/264 356/655/265
s 310
f 251/592/266 429/656/267 365/657/268
s 311
f 269/594/269 438/658/270 374/642/271
s 312
f 287/596/272 447/659/273 383/660/274
s 313
f 243/661/275 425/662/276 361/663/277
s 314
f 261/544/278 434/664/279 370/665/280
s 315
f 279/547/281 443/666/282 379/667/283
s 316
f 228/668/284 448/669/285 384/670/286
s 317
f 235/550/287 421/671/288 357/672/289
s 318
f 253/553/290 430/673/291 366/674/292
s 319
f 271/605/293 439/675/294 375/676/295
s 320
f 477/677/296 509/678/297 510/679/298
s 321
f 321/680/299 417/681/300 449/682/301
s 322
f 323/683/302 418/684/303 450/685/304
s 323
f 324/686/305 419/687/306 451/688/307
s 324
f 325/689/308 420/690/309 452/691/310
s 325
f 326/692/311 421/693/312 453/694/313
s 326
f 454/695/314 359/696/315 422/697/316
s 327
f 328/698/317 423/699/318 455/700/319
s 328
f 329/701/320 424/647/321 456/702/322
s 329
f 330/703/323 425/662/324 457/704/325
s 330
f 331/705/326 426/706/327 458/707/328
s 331
f 332/708/329 427/709/330 459/710/331
s 332
f 333/711/332 428/712/333 460/713/334
s 333
f 334/714/335 429/715/336 461/716/337
s 334
f 335/717/338 430/718/339 462/719/340
s 335
f 336/720/341 431/721/342 463/722/343
s 336
f 337/723/344 432/633/345 464/724/346
s 337
f 338/725/347 433/650/348 465/726/349
s 338
f 339/727/350 434/728/351 466/729/352
s 339
f 340/730/353 435/731/354 467/732/355
s 340
f 341/733/356 436/734/357 468/735/358
s 341
f 342/736/359 437/737/360 469/738/361
s 342
f 343/739/362 438/740/363 470/741/364
s 343
f 344/742/365 439/743/366 471/744/367
s 344
f 345/745/368 440/746/369 472/747/370
s 345
f 346/748/371 441/636/372 473/749/373
s 346
f 347/750/374 442/751/375 474/752/376
s 347
f 348/753/377 443/754/378 475/755/379
s 348
f 349/756/380 444/757/381 476/758/382
s 349
f 350/759/383 445/760/384 477/761/385
s 350
f 351/762/386 446/763/387 478/764/388
s 351
f 352/765/389 447/766/390 479/767/391
s 352
f 322/768/392 448/769/393 480/770/394
s 353
f 402/771/120 394/772/120 386/773/120
s 354
f 464/774/395 496/775/396 497/776/397
s 355
f 451/777/398 483/778/399 484/779/400
s 356
f 478/780/401 510/679/402 511/781/403
s 357
f 465/782/404 497/783/405 498/784/406
s 358
f 452/785/407 484/779/408 485/786/409
s 359
f 479/787/410 511/781/411 512/788/412
s 360
f 466/789/413 498/784/414 499/790/415
s 361
f 453/791/416 485/786/417 486/792/418
s 362
f 480/793/419 512/788/420 481/794/421
s 363
f 467/795/422 499/790/423 500/796/424
s 364
f 454/797/425 486/792/426 487/798/427
s 365
f 468/799/428 500/796/429 501/800/430
s 366
f 455/801/431 487/798/432 488/802/433
s 367
f 469/803/434 501/800/133 502/804/435
s 368
f 456/805/436 488/802/437 489/806/438
s 369
f 470/807/439 502/804/440 503/808/441
s 370
f 457/809/442 489/810/443 490/811/444
s 371
f 471/812/445 503/808/446 504/813/447
s 372
f 458/814/448 490/811/449 491/815/450
s 373
f 472/816/451 504/813/452 505/817/453
s 374
f 459/818/454 491/815/455 492/819/456
s 375
f 473/820/457 505/821/458 506/822/459
s 376
f 460/823/460 492/819/461 493/824/462
s 377
f 474/825/463 506/822/464 507/826/465
s 378
f 461/827/466 493/824/467 494/828/468
s 379
f 475/829/469 507/826/470 508/830/471
s 380
f 462/831/472 494/828/473 495/832/474
s 381
f 449/833/475 481/834/476 482/835/477
s 382
f 476/836/478 508/830/479 509/678/480
s 383
f 463/837/481 495/832/482 496/775/483
s 384
f 450/838/484 482/835/485 483/778/486
s 385
f 352/839/120 448/840/120 384/841/120
s 386
f 351/842/120 447/843/120 383/844/120
s 387
f 350/845/120 446/846/120 382/847/120
s 388
f 349/848/120 445/849/120 381/850/120
s 389
f 348/851/120 444/852/120 380/853/120
s 390
f 347/854/120 443/855/120 379/856/120
s 391
f 346/857/120 442/858/120 378/859/120
s 392
f 345/860/120 441/861/120 377/862/120
s 393
f 344/863/120 440/864/120 376/865/120
s 394
f 343/866/120 439/867/120 375/868/120
s 395
f 342/869/120 438/870/120 374/871/120
s 396
f 341/872/120 437/873/120 373/874/120
s 397
f 340/875/120 436/876/120 372/877/120
s 398
f 339/878/120 435/879/120 371/880/120
s 399
f 338/881/120 434/882/120 370/883/120
s 400
f 337/884/120 433/885/120 369/886/120
s 401
f 336/887/120 432/888/120 368/889/120
s 402
f 335/890/120 431/891/120 367/892/120
s 403
f 334/893/120 430/894/120 366/895/120
s 404
f 333/896/120 429/897/120 365/898/120
s 405
f 332/899/120 428/900/120 364/901/120
s 406
f 331/902/120 427/903/120 363/904/120
s 407
f 330/905/120 426/906/120 362/907/120
s 408
f 329/908/120 425/909/120 361/910/120
s 409
f 328/911/487 424/912/488 360/913/489
s 410
f 455/914/490 359/915/490 327/916/490
s 411
f 326/917/120 422/918/120 358/919/120
s 412
f 325/920/120 421/921/120 357/922/120
s 413
f 324/923/120 420/924/120 356/925/120
s 414
f 323/926/120 419/927/120 355/928/120
s 415
f 321/929/120 418/930/120 354/931/120
s 416
f 322/932/120 417/933/120 353/934/120
s 417
f 386/773/120 481/935/120 385/936/120
s 418
f 387/937/120 482/938/120 386/773/120
s 419
f 388/939/120 483/940/120 387/937/120
s 420
f 389/941/120 484/942/120 388/939/120
s 421
f 389/941/120 486/943/120 485/944/120
s 422
f 390/945/120 487/946/120 486/943/120
s 423
f 391/947/120 488/948/120 487/946/120
s 424
f 392/949/120 489/950/120 488/948/120
s 425
f 394/772/120 489/950/120 393/951/120
s 426
f 395/952/120 490/953/120 394/772/120
s 427
f 396/954/120 491/955/120 395/952/120
s 428
f 397/956/120 492/957/120 396/954/120
s 429
f 397/956/120 494/958/120 493/959/120
s 430
f 398/960/120 495/961/120 494/958/120
s 431
f 399/962/120 496/963/120 495/961/120
s 432
f 401/964/120 496/963/120 400/965/120
s 433
f 402/771/120 497/966/120 401/964/120
s 434
f 403/967/120 498/968/120 402/771/120
s 435
f 404/969/120 499/970/120 403/967/120
s 436
f 405/971/120 500/972/120 404/969/120
s 437
f 406/973/120 501/974/120 405/971/120
s 438
f 407/975/120 502/976/120 406/973/120
s 439
f 407/975/120 504/977/120 503/978/120
s 440
f 408/979/120 505/980/120 504/977/120
s 441
f 410/981/120 505/980/120 409/982/120
s 442
f 411/983/120 506/984/120 410/981/120
s 443
f 412/985/120 507/986/120 411/983/120
s 444
f 413/987/120 508/988/120 412/985/120
s 445
f 413/987/120 510/989/120 509/990/120
s 446
f 414/991/120 511/992/120 510/989/120
s 447
f 415/993/120 512/994/120 511/992/120
s 448
f 416/995/120 481/935/120 512/994/120
s 449
f 400/996/491 521/997/491 522/998/491
s 450
f 385/999/492 514/1000/492 386/1001/492
s 451
f 400/1002/493 523/1003/493 401/1004/493
s 452
f 385/1005/494 532/1006/494 513/1007/494
s 453
f 395/1008/495 518/1009/495 519/1010/495
s 454
f 410/1011/496 527/1012/496 528/1013/496
s 455
f 395/1008/497 520/1014/497 396/1015/497
s 456
f 410/1011/498 529/1016/498 411/1017/498
s 457
f 390/1018/499 515/1019/499 516/1020/499
s 458
f 405/1021/500 524/1022/500 525/1023/500
s 459
f 390/1018/501 517/1024/501 391/1025/501
s 460
f 405/1021/502 526/1026/503 406/1027/502
s 461
f 413/1028/504 531/1029/504 414/1030/504
s 462
f 549/1031/120 553/1032/120 545/1033/120
s 463
f 540/1034/505 580/1035/505 541/1036/505
s 464
f 553/1037/506 566/1038/506 554/1039/506
s 465
f 537/1040/507 572/1041/507 533/1042/507
s 466
f 545/1043/508 558/1044/508 546/1045/508
s 467
f 541/1036/509 579/1046/509 539/1047/509
s 468
f 553/1037/510 564/1048/510 565/1049/510
s 469
f 533/1042/511 571/1050/511 535/1051/511
s 470
f 539/1052/512 578/1053/512 542/1054/512
s 471
f 551/1055/513 564/1056/513 552/1057/513
s 472
f 535/1051/514 570/1058/514 534/1059/514
s 473
f 542/1054/515 577/1060/515 544/1061/515
s 474
f 550/1062/516 563/1063/516 551/1055/516
s 475
f 558/1064/120 569/1065/120 570/1066/120
s 476
f 559/1067/120 570/1066/120 571/1068/120
s 477
f 559/1067/120 572/1069/120 560/1070/120
s 478
f 561/1071/120 572/1069/120 573/1072/120
s 479
f 562/1073/120 573/1072/120 574/1074/120
s 480
f 562/1073/120 575/1075/120 563/1076/120
s 481
f 563/1076/120 576/1077/120 564/1078/120
s 482
f 565/1079/120 576/1077/120 577/1080/120
s 483
f 565/1079/120 578/1081/120 566/1082/120
s 484
f 567/1083/120 578/1081/120 579/1084/120
s 485
f 568/1085/120 579/1084/120 580/1086/120
s 486
f 568/1085/120 569/1065/120 557/1087/120
s 487
f 547/1088/517 558/1089/517 559/1090/517
s 488
f 538/1091/518 573/1092/518 537/1093/518
s 489
f 555/1094/519 566/1038/520 567/1095/519
s 490
f 547/1088/521 560/1096/521 548/1097/521
s 491
f 536/1098/522 574/1099/522 538/1091/522
s 492
f 556/1100/523 567/1101/523 568/1102/523
s 493
f 549/1103/524 560/1096/524 561/1104/524
s 494
f 543/1105/525 575/1106/525 536/1098/525
s 495
f 556/1100/526 557/1107/526 545/1043/526
s 496
f 550/1062/527 561/1108/527 562/1109/527
s 497
f 544/1061/528 576/1110/528 543/1111/528
s 498
f 534/1112/529 569/1113/529 540/1034/529
s 499
f 1258/1114/530 1260/1115/530 1256/1116/530
s 500
f 126/1117/531 695/1118/531 36/1119/531
s 501
f 99/1120/532 664/1121/532 668/1122/532
s 502
f 72/1123/533 639/1124/533 641/1125/533
s 503
f 1184/1126/534 680/1127/534 111/1128/534
s 504
f 84/1129/535 649/1130/535 653/1131/535
s 505
f 57/1132/536 629/1133/537 632/1134/538
s 506
f 1127/1135/539 688/1136/539 1116/1137/539
s 507
f 96/1138/540 662/1139/540 664/1121/540
s 508
f 69/1140/541 638/1141/541 639/1124/541
s 509
f 1227/1142/542 623/1143/542 45/1144/542
s 510
f 33/1145/543 1252/1146/543 1253/1147/543
s 511
f 105/1148/544 676/1149/544 108/1150/544
s 512
f 81/1151/545 647/1152/545 649/1153/545
s 513
f 51/1154/546 629/1133/547 54/1155/548
s 514
f 117/1156/549 688/1136/549 120/1157/549
s 515
f 93/1158/550 659/1159/550 662/1139/550
s 516
f 66/1160/551 637/1161/551 638/1141/551
s 517
f 1183/1162/552 671/1163/552 1186/1164/553
s 518
f 1085/1165/554 644/1166/554 1093/1167/554
s 519
f 48/1168/555 628/1169/556 51/1154/557
s 520
f 114/1170/558 686/1171/558 117/1156/558
s 521
f 90/1172/559 656/1173/559 659/1159/559
s 522
f 63/1174/560 635/1175/561 637/1161/562
s 523
f 123/1176/563 698/1177/564 126/1117/563
s 524
f 99/1120/565 1190/1178/565 1187/1179/565
s 525
f 75/1180/566 641/1125/567 644/1166/567
s 526
f 45/1144/568 626/1181/569 48/1168/570
s 527
f 111/1128/571 683/1182/571 114/1170/571
s 528
f 87/1183/572 653/1131/572 656/1173/572
s 529
f 60/1184/573 632/1185/574 635/1175/575
s 530
f 694/1186/576 584/1187/576 582/1188/576
s 531
f 697/1189/577 612/1190/577 584/1187/577
s 532
f 630/1191/578 590/1192/578 631/1193/578
s 533
f 650/1194/579 599/1195/579 652/1196/579
s 534
f 679/1197/580 607/1198/580 608/1199/580
s 535
f 622/1200/581 585/1201/581 586/1202/581
s 536
f 740/1203/582 595/1204/582 640/1205/582
s 537
f 665/1206/583 604/1207/583 667/1208/583
s 538
f 1131/1209/584 611/1210/584 1129/1211/584
s 539
f 634/1212/585 590/1213/585 591/1214/585
s 540
f 652/1196/586 600/1215/586 655/1216/586
s 541
f 682/1217/587 608/1199/587 609/1218/587
s 542
f 622/1200/588 587/1219/589 625/1220/590
s 543
f 640/1205/591 596/1221/591 643/1222/591
s 544
f 667/1208/592 605/1223/592 670/1224/592
s 545
f 634/1212/593 592/1225/593 741/1226/593
s 546
f 655/1216/594 601/1227/594 1276/1228/594
s 547
f 685/1229/595 609/1218/595 610/1230/595
s 548
f 625/1220/596 588/1231/596 627/1232/596
s 549
f 643/1222/597 1090/1233/597 1091/1234/597
s 550
f 670/1224/598 606/1235/598 673/1236/598
s 551
f 614/1237/599 582/1238/599 581/1239/599
s 552
f 620/1240/600 583/1241/600 585/1201/600
s 553
f 741/1226/601 593/1242/601 743/1243/601
s 554
f 1280/1244/602 601/1227/602 602/1245/602
s 555
f 689/1246/603 610/1230/603 611/1210/603
s 556
f 630/1191/604 588/1231/605 589/1247/605
s 557
f 646/1248/606 598/1249/606 650/1194/606
s 558
f 677/1250/607 606/1251/608 607/1198/608
s 559
f 740/1203/609 593/1242/610 594/1252/611
s 560
f 1281/1253/612 603/1254/612 665/1206/612
s 561
f 616/1255/613 581/1239/613 583/1241/613
s 562
f 697/1256/614 693/1257/614 692/1258/614
s 563
f 783/1259/615 698/1177/615 691/1260/615
s 564
f 627/1261/616 723/1262/616 625/1263/616
s 565
f 628/1264/617 719/1265/618 629/1266/619
s 566
f 650/1194/620 654/1267/620 651/1268/620
s 567
f 787/1269/621 649/1130/622 786/1270/622
s 568
f 679/1271/623 678/1272/623 677/1273/623
s 569
f 788/1274/624 680/1127/624 1185/1275/624
s 570
f 622/1276/625 621/1277/625 620/1278/625
s 571
f 790/1279/626 623/1143/627 1230/1280/626
s 572
f 740/1203/628 642/1281/628 739/1282/629
s 573
f 793/1283/630 639/1124/630 792/1284/630
s 574
f 665/1206/631 669/1285/631 666/1286/631
s 575
f 795/1287/632 664/1121/632 794/1288/632
s 576
f 692/1258/633 1072/1289/634 1071/1290/633
s 577
f 1074/1291/635 691/1260/635 1073/1292/635
s 578
f 631/1293/636 636/1294/637 633/1295/638
s 579
f 797/1296/639 632/1185/640 785/1297/641
s 580
f 652/1196/642 657/1298/642 654/1267/642
s 581
f 798/1299/643 653/1131/643 787/1269/643
s 582
f 682/1300/644 681/1301/644 679/1271/644
s 583
f 789/1302/645 683/1182/645 680/1127/645
s 584
f 629/1266/646 718/1303/647 632/1304/648
s 585
f 624/1305/649 720/1306/650 721/1307/651
s 586
f 640/1205/652 645/1308/652 642/1281/652
s 587
f 800/1309/653 641/1125/653 793/1283/653
s 588
f 667/1208/654 672/1310/654 669/1285/654
s 589
f 795/1287/655 1190/1178/655 668/1122/655
s 590
f 634/1212/656 742/1311/657 636/1294/658
s 591
f 802/1312/659 635/1175/660 797/1296/661
s 592
f 1276/1228/662 1277/1313/662 657/1298/662
s 593
f 803/1314/663 656/1173/663 798/1299/663
s 594
f 685/1315/664 1221/1316/664 682/1300/664
s 595
f 799/1317/665 686/1171/665 683/1182/665
s 596
f 834/1318/666 721/1319/667 852/1320/668
s 597
f 631/1293/669 717/1321/670 716/1322/671
s 598
f 1150/1323/672 648/1324/672 1171/1325/672
s 599
f 805/1326/673 1173/1327/674 1175/1328/673
s 600
f 673/1236/675 672/1310/675 670/1224/675
s 601
f 801/1329/676 1189/1330/676 1190/1178/676
s 602
f 616/1331/677 615/1332/677 614/1333/677
s 603
f 807/1334/678 1228/1335/678 1229/1336/678
s 604
f 620/1278/679 618/1337/679 616/1331/679
s 605
f 808/1338/680 1230/1280/680 1228/1335/681
s 606
f 809/1339/682 637/1161/683 802/1312/684
s 607
f 1271/1340/685 663/1341/685 1270/1342/685
s 608
f 810/1343/686 659/1159/687 803/1314/687
s 609
f 689/1344/688 1220/1345/688 685/1315/688
s 610
f 804/1346/689 688/1136/689 686/1171/689
s 611
f 785/1297/690 718/1347/691 813/1348/692
s 612
f 626/1349/693 722/1350/694 724/1351/695
s 613
f 646/1248/696 651/1268/696 648/1352/696
s 614
f 786/1353/697 647/1152/697 805/1326/697
s 615
f 677/1273/698 675/1354/698 673/1355/698
s 616
f 806/1356/699 1185/1275/699 1189/1357/699
s 617
f 792/1284/700 638/1141/700 809/1339/700
s 618
f 665/1206/701 1273/1358/701 1282/1359/701
s 619
f 794/1288/289 662/1139/289 810/1343/289
s 620
f 694/1360/702 699/1361/702 697/1256/702
s 621
f 784/1362/703 695/1118/703 698/1177/703
s 622
f 614/1333/704 696/1363/704 694/1364/704
s 623
f 811/1365/705 1229/1336/705 695/1366/705
s 624
f 36/1367/706 1229/1336/706 1225/1368/706
s 625
f 727/1369/707 729/1370/708 700/1371/709
s 626
f 819/1372/710 731/1373/711 812/1374/712
s 627
f 735/1375/713 733/1376/714 706/1377/715
s 628
f 820/1378/716 736/1379/717 708/1380/718
s 629
f 735/1375/719 713/1381/720 710/1382/721
s 630
f 816/1383/722 736/1379/723 815/1384/724
s 631
f 737/1385/725 700/1371/726 713/1381/727
s 632
f 812/1374/728 738/1386/729 816/1383/730
s 633
f 630/1387/731 725/1388/731 627/1261/731
s 634
f 626/1349/732 726/1389/733 628/1264/734
s 635
f 625/1263/735 720/1390/736 622/1391/737
s 636
f 630/1387/738 716/1392/739 701/1393/740
s 637
f 728/1394/741 701/1395/742 716/1396/743
s 638
f 728/1394/744 717/1397/745 703/1398/746
s 639
f 855/1399/747 717/1400/748 851/1401/749
s 640
f 730/1402/750 719/1403/751 704/1404/752
s 641
f 732/1405/753 721/1406/754 720/1407/755
s 642
f 734/1408/756 814/1409/757 818/1410/758
s 643
f 732/1405/759 723/1411/760 709/1412/761
s 644
f 734/1408/762 724/1413/763 722/1414/764
s 645
f 709/1412/765 725/1415/766 712/1416/766
s 646
f 714/1417/767 724/1413/768 711/1418/769
s 647
f 715/1419/770 725/1415/771 701/1395/772
s 648
f 704/1404/773 726/1420/774 714/1417/775
s 649
f 702/1421/776 715/1419/777 728/1394/778
s 650
f 702/1422/779 703/1423/780 729/1424/781
s 651
f 857/1425/782 703/1426/783 855/1399/784
s 652
f 705/1427/785 704/1404/786 731/1373/787
s 653
f 706/1377/788 707/1428/789 732/1405/790
s 654
f 708/1380/791 818/1410/792 820/1378/793
s 655
f 706/1377/794 709/1412/795 735/1375/796
s 656
f 708/1380/797 711/1418/798 734/1408/799
s 657
f 737/1385/800 709/1412/801 712/1416/802
s 658
f 738/1386/803 711/1418/804 736/1379/805
s 659
f 737/1385/806 715/1419/807 727/1369/808
s 660
f 731/1373/809 714/1417/810 738/1386/811
s 661
f 764/1429/812 776/1430/813 757/1431/812
s 662
f 752/1432/814 768/1433/814 745/1434/814
s 663
f 749/1435/815 774/1436/816 754/1437/815
s 664
f 766/1438/817 770/1439/817 748/1440/817
s 665
f 755/1441/818 778/1442/818 760/1443/818
s 666
f 764/1444/819 759/1445/820 739/1282/821
s 667
f 755/1446/822 762/1447/823 744/1448/824
s 668
f 782/1449/825 772/1450/825 780/1451/825
s 669
f 749/1452/826 756/1453/827 742/1311/828
s 670
f 763/1454/829 777/1455/829 780/1456/829
s 671
f 766/1457/830 750/1458/831 741/1226/832
s 672
f 758/1459/833 753/1460/834 740/1203/835
s 673
f 751/1461/836 775/1462/837 772/1463/837
s 674
f 752/1464/838 747/1465/839 743/1243/840
s 675
f 745/1466/841 746/1467/841 747/1465/841
s 676
f 748/1468/842 749/1452/842 750/1458/842
s 677
f 751/1469/843 752/1464/843 753/1460/843
s 678
f 754/1470/844 755/1446/844 756/1453/844
s 679
f 757/1471/845 758/1459/845 759/1445/845
s 680
f 760/1472/846 761/1473/846 762/1447/846
s 681
f 760/1443/847 777/1474/847 761/1475/847
s 682
f 779/1476/848 763/1454/848 780/1456/848
s 683
f 774/1436/849 755/1441/849 754/1437/849
s 684
f 748/1440/850 769/1477/850 749/1478/850
s 685
f 758/1479/851 776/1430/851 775/1480/851
s 686
f 745/1481/852 767/1482/852 746/1483/852
s 687
f 766/1438/853 782/1484/853 781/1485/853
s 688
f 771/1486/854 751/1461/854 772/1463/855
s 689
f 746/1483/856 782/1484/856 765/1487/856
s 690
f 805/1488/857 954/1489/857 786/1490/857
s 691
f 705/1427/858 817/1491/859 730/1402/860
s 692
f 845/1492/861 1181/1493/861 1177/1494/861
s 693
f 730/1402/862 813/1495/863 718/1496/864
s 694
f 806/1497/865 953/1498/865 788/1499/865
s 695
f 1215/1500/866 73/1501/866 1216/1502/866
s 696
f 809/1503/867 952/1504/867 792/1505/867
s 697
f 784/1506/868 957/1507/868 124/1508/868
s 698
f 838/1509/869 49/1510/870 79/1511/869
s 699
f 810/1512/871 951/1513/872 794/1514/872
s 700
f 786/1490/873 112/1515/873 787/1516/873
s 701
f 842/1517/874 85/1518/875 837/1519/876
s 702
f 784/1506/877 932/1520/877 811/1521/878
s 703
f 788/1499/879 106/1522/880 789/1523/880
s 704
f 836/1524/881 61/1525/881 91/1526/881
s 705
f 852/1527/882 103/1528/883 834/1529/884
s 706
f 811/1521/885 950/1530/885 807/1531/885
s 707
f 790/1532/886 100/1533/887 791/1534/888
s 708
f 835/1535/889 67/1536/890 97/1537/889
s 709
f 851/1538/891 941/1539/892 855/1540/893
s 710
f 812/1541/894 946/1542/895 819/1543/896
s 711
f 793/1544/897 952/1504/898 94/1545/897
s 712
f 791/1546/899 722/1547/900 623/1548/901
s 713
f 1216/1502/902 109/1549/902 833/1550/902
s 714
f 855/1540/903 945/1551/904 857/1552/905
s 715
f 815/1553/906 948/1554/907 938/1555/908
s 716
f 794/1514/909 88/1556/910 795/1557/910
s 717
f 832/1558/911 79/1511/912 115/1559/911
s 718
f 856/1560/913 947/1561/914 943/1562/915
s 719
f 815/1553/916 940/1563/917 816/1564/918
s 720
f 796/1565/919 1122/1566/920 1118/1567/920
s 721
f 837/1519/921 121/1568/922 831/1569/923
s 722
f 852/1527/924 943/1562/925 935/1570/926
s 723
f 816/1564/927 949/1571/928 812/1541/929
s 724
f 797/1572/930 118/1573/931 82/1574/932
s 725
f 821/1575/933 1079/1576/934 1075/1577/934
s 726
f 854/1578/935 966/1579/936 939/1580/937
s 727
f 813/1581/938 942/1582/939 934/1583/940
s 728
f 693/1257/941 830/1584/941 821/1585/941
s 729
f 654/1267/942 822/1586/942 651/1268/942
s 730
f 678/1272/943 833/1587/943 823/1588/943
s 731
f 621/1589/944 834/1590/944 824/1591/944
s 732
f 642/1281/945 825/1592/945 739/1282/945
s 733
f 666/1286/946 836/1593/946 826/1594/946
s 734
f 693/1257/947 1075/1595/947 1072/1289/947
s 735
f 636/1294/948 831/1596/949 633/1295/948
s 736
f 657/1298/950 832/1597/950 654/1267/950
s 737
f 681/1301/951 1216/1598/951 833/1587/951
s 738
f 645/1308/952 835/1599/952 642/1281/952
s 739
f 669/1285/953 841/1600/953 836/1593/953
s 740
f 742/1311/954 837/1601/955 636/1294/956
s 741
f 1269/1602/957 838/1603/957 657/1298/957
s 742
f 1224/1604/958 1211/1605/958 1222/1606/958
s 743
f 648/1324/959 1177/1607/959 1171/1325/959
s 744
f 672/1310/960 846/1608/960 841/1600/960
s 745
f 615/1609/961 847/1610/961 828/1611/961
s 746
f 618/1612/962 824/1591/962 847/1610/962
s 747
f 744/1448/963 842/1613/964 742/1311/965
s 748
f 1274/1614/966 849/1615/966 843/1616/966
s 749
f 1220/1345/967 827/1617/967 1215/1618/967
s 750
f 831/1596/968 717/1321/969 633/1295/970
s 751
f 651/1268/971 845/1619/971 648/1352/971
s 752
f 675/1354/972 823/1588/972 846/1620/972
s 753
f 744/1448/973 825/1592/974 848/1621/975
s 754
f 1273/1358/976 826/1594/976 849/1615/976
s 755
f 699/1361/977 850/1622/977 830/1584/977
s 756
f 696/1623/978 828/1611/978 850/1624/978
s 757
f 729/1625/979 829/1626/980 700/1627/981
s 758
f 733/1628/982 853/1629/983 858/1630/984
s 759
f 710/1631/985 854/1632/986 853/1629/987
s 760
f 713/1633/988 829/1626/989 854/1632/990
s 761
f 856/1634/991 721/1635/992 707/1636/993
s 762
f 858/1630/994 707/1636/995 733/1628/996
s 763
f 787/1516/997 76/1637/998 798/1638/998
s 764
f 826/1639/999 91/1526/1000 963/1640/1001
s 765
f 853/1641/1002 939/1580/1003 937/1642/1004
s 1
f 2648/1643/1005 860/1644/1006 859/1645/1006
s 766
f 859/1646/1007 862/1647/1007 861/1648/1007
s 1
f 2554/1649/1008 859/1645/1009 863/1650/1009
s 767
f 863/1651/1010 861/1648/1010 864/1652/1010
s 1
f 2554/1649/1008 865/1653/1011 2649/1654/1012
s 768
f 865/1655/1013 864/1652/1013 866/1656/1013
s 1
f 2649/1654/1012 867/1657/1014 2716/1658/1015
s 769
f 867/1659/1016 866/1656/1016 868/1660/1016
s 1
f 2597/1661/1017 867/1657/1018 869/1662/1018
s 770
f 869/1663/1019 868/1660/1019 870/1664/1019
s 1
f 2662/1665/1020 869/1662/1021 871/1666/1022
s 771
f 869/1663/1023 872/1667/1023 871/1668/1023
s 1
f 2753/11/9 871/1666/1024 873/1669/1024
s 772
f 871/1668/1025 874/1670/1025 873/1671/1025
s 1
f 2753/11/9 875/1672/1026 2611/1673/1027
s 773
f 875/1674/1028 874/1670/1028 876/1675/1028
s 1
f 2611/1676/1027 877/1677/1029 2704/1678/1030
s 774
f 877/1679/1031 876/1680/1031 878/1681/1031
s 1
f 2555/1682/1032 877/1677/1033 879/1683/1033
s 775
f 877/1679/1034 880/1684/1034 879/1685/1034
s 1
f 2650/1686/1035 879/1683/1036 881/1687/1036
s 776
f 881/1688/1037 880/1684/1037 882/1689/1037
s 1
f 2717/1690/1038 881/1687/1039 883/1691/1039
s 777
f 883/1692/1040 882/1689/1040 884/1693/1040
s 1
f 2598/1694/1041 883/1691/1042 885/1695/1042
s 778
f 883/1692/1043 886/1696/1043 885/1697/1043
s 1
f 2663/1698/1044 885/1695/1045 887/1699/1046
s 779
f 885/1697/1047 888/1700/1047 887/1701/1047
s 1
f 2663/1698/1044 1096/1702/1048 2718/12/10
s 780
f 1096/1703/1049 888/1700/1049 1097/1704/1049
s 1
f 2612/1705/1050 889/1706/1051 891/1707/1051
s 781
f 889/1708/1052 892/1709/1052 891/1710/1052
s 1
f 2705/1711/1053 891/1712/1054 893/1713/1054
s 782
f 891/1714/1055 894/1715/1055 893/1716/1055
s 1
f 2556/1717/1056 893/1713/1057 895/1718/1057
s 783
f 895/1719/1058 894/1715/1058 896/1720/1058
s 1
f 2556/1717/1056 897/1721/1059 2651/1722/1060
s 784
f 895/1719/1061 898/1723/1061 897/1724/1061
s 1
f 2651/1722/1060 899/1725/1062 2719/1726/1063
s 785
f 897/1724/1064 900/1727/1064 899/1728/1064
s 1
f 2719/1726/1063 901/1729/1065 2599/1730/1066
s 786
f 901/1731/1067 900/1727/1067 902/1732/1067
s 1
f 2599/1730/1066 903/1733/1068 2664/1734/1069
s 787
f 903/1735/1070 902/1732/1070 904/1736/1070
s 1
f 2664/1734/1069 905/1737/1071 2755/1738/1072
s 788
f 905/1739/1073 904/1736/1073 906/1740/1073
s 1
f 2755/1738/1072 907/1741/1074 2613/1742/1075
s 789
f 907/1743/1076 906/1740/1076 908/1744/1076
s 1
f 2706/1745/1077 907/1746/1078 909/1747/1078
s 790
f 909/1748/1079 908/1749/1079 910/1750/1079
s 1
f 2706/1745/1077 911/1751/1080 2557/1752/1081
s 791
f 911/1753/1082 910/1750/1082 912/1754/1082
s 1
f 2557/1752/1081 913/1755/1083 2652/1756/1084
s 792
f 913/1757/1085 912/1754/1085 914/1758/1085
s 1
f 2720/1759/1086 913/1755/1087 915/1760/1087
s 793
f 915/1761/1088 914/1758/1088 916/1762/1088
s 1
f 2600/1/1 915/1760/1089 917/1763/1089
s 794
f 915/1761/1090 918/1764/1090 917/1765/1090
s 795
f 92/1766/1091 2592/1767/1091 2698/1768/1091
s 796
f 1133/1769/1092 918/1764/1092 1135/1770/1092
s 1
f 2756/10/8 919/1771/1093 921/1772/1094
s 797
f 919/1773/1095 922/1774/1095 921/1775/1095
s 1
f 2610/1776/1096 921/1772/1097 860/1777/1097
s 798
f 921/1775/1098 862/1778/1098 860/1779/1098
s 799
f 948/1780/1099 943/1781/1100 947/1782/1099
s 800
f 944/1783/1101 935/1784/1102 943/1781/1103
s 801
f 966/1785/1104 940/1786/1105 939/1787/1106
s 802
f 939/1787/1107 938/1788/1108 937/1789/1109
s 803
f 947/1782/1110 938/1788/1111 948/1780/1112
s 804
f 945/1790/1113 949/1791/1114 966/1785/1115
s 805
f 965/1792/1116 932/1793/1117 931/1794/1117
s 806
f 127/1795/1118 932/1796/1118 124/1797/1118
s 807
f 929/1798/1119 951/1799/1120 930/1800/1119
s 808
f 962/1801/975 928/1802/975 927/1803/975
s 809
f 960/1804/1121 924/1805/1121 923/1806/1121
s 810
f 38/1807/1122 954/1808/1122 34/1809/1122
s 811
f 121/1810/1123 934/1811/1124 933/1812/1125
s 812
f 964/1813/1126 40/1814/1126 43/1815/1126
s 813
f 49/1816/1127 930/1800/1127 46/1817/1127
s 814
f 55/1818/1128 928/1802/1129 52/1819/1130
s 815
f 961/1820/1131 926/1821/1131 925/1822/1131
s 816
f 925/1822/1132 950/1823/1132 965/1792/1132
s 817
f 923/1824/1133 58/1825/1133 61/1826/1133
s 818
f 38/1807/1134 1179/1827/1134 1181/1828/1134
s 819
f 43/1815/1135 70/1829/1135 73/1830/1135
s 820
f 79/1831/1136 46/1817/1137 76/1832/1136
s 821
f 85/1833/1138 52/1819/1139 82/1834/1140
s 822
f 61/1826/1141 88/1835/1141 91/1836/1141
s 823
f 67/1837/1142 94/1838/1142 97/1839/1142
s 824
f 109/1840/1143 70/1829/1143 106/1841/1143
s 825
f 79/1831/1144 112/1842/1144 115/1843/1144
s 826
f 121/1844/1145 82/1834/1146 118/1845/1147
s 827
f 958/1846/1148 1078/1847/1149 1079/1848/1149
s 828
f 963/1849/1150 88/1835/1150 951/1799/1150
s 829
f 962/1801/1151 94/1838/1151 952/1850/1151
s 830
f 961/1820/1152 100/1851/1153 956/1852/1154
s 831
f 109/1840/1155 953/1853/1155 960/1804/1156
s 832
f 115/1843/1157 954/1854/1158 959/1855/1158
s 833
f 127/1795/1159 957/1856/1159 958/1846/1159
s 834
f 946/1857/1160 941/1858/1161 942/1859/1162
s 835
f 942/1859/1163 933/1860/1164 934/1861/1165
s 836
f 103/1862/1166 936/1863/1167 100/1864/1168
s 837
f 846/1865/1169 61/1525/1170 841/1866/1170
s 838
f 813/1867/1171 118/1573/1172 785/1868/1173
s 839
f 847/1869/1174 965/1870/1175 828/1871/1175
s 840
f 796/1565/1176 40/1872/1176 955/1873/1176
s 841
f 824/1874/1177 925/1875/1178 847/1869/1178
s 842
f 803/1876/1179 930/1877/1179 810/1512/1179
s 843
f 848/1878/1180 55/1879/1181 842/1517/1182
s 844
f 809/1503/1183 52/1880/1184 928/1881/1185
s 845
f 849/1882/1186 49/1510/1187 843/1883/1187
s 846
f 790/1532/1188 926/1884/1189 956/1885/1188
s 847
f 827/1886/1190 43/1887/1190 1215/1500/1190
s 848
f 808/1888/1191 950/1530/1192 926/1884/1191
s 849
f 851/1538/1193 121/1568/1194 933/1889/1195
s 850
f 801/1890/1196 924/1891/1196 806/1497/1196
s 851
f 822/1892/1197 38/1893/1198 845/1492/1198
s 852
f 800/1894/1199 1098/1895/1199 1094/1896/1199
s 853
f 846/1865/1200 960/1897/1201 923/1898/1200
s 854
f 814/1899/1202 100/1533/1203 936/1900/1204
s 855
f 848/1878/1205 962/1901/1205 927/1902/1205
s 856
f 799/1903/1206 40/1872/1207 804/1904/1207
s 857
f 826/1639/1208 929/1905/1209 849/1882/1209
s 858
f 821/1575/1210 127/1906/1211 958/1907/1210
s 859
f 798/1638/1212 46/1908/1213 803/1876/1213
s 860
f 830/1909/1214 931/1910/1214 127/1906/1214
s 861
f 822/1892/1215 115/1559/1216 959/1911/1215
s 862
f 802/1912/1217 82/1574/1218 52/1880/1219
s 863
f 828/1871/1220 931/1910/1221 850/1913/1221
s 864
f 833/1550/1222 960/1897/1223 823/1914/1223
s 865
f 801/1890/1224 88/1556/1224 58/1915/1224
s 866
f 818/1916/1225 948/1917/1226 820/1918/1226
s 867
f 829/1919/1227 945/1551/1228 966/1579/1229
s 868
f 824/1874/1230 103/1528/1231 961/1920/1232
s 869
f 800/1894/1233 94/1545/1234 64/1921/1233
s 870
f 817/1922/1235 946/1542/1236 942/1923/1237
s 871
f 853/1641/1238 947/1561/1239 858/1924/1240
s 872
f 835/1535/1241 962/1901/1241 825/1925/1241
s 873
f 789/1523/1242 70/1926/1242 799/1903/1242
s 874
f 814/1899/1243 944/1927/1244 818/1928/1245
s 875
f 582/1929/1246 1060/1930/1246 1059/1931/1246
s 876
f 969/1932/1247 1001/1933/1247 999/1934/1247
s 877
f 586/1935/1248 1004/1936/1248 1006/1937/1248
s 878
f 970/1938/1249 1003/1939/1249 1001/1933/1249
s 879
f 582/1929/1250 1000/1940/1250 581/1941/1250
s 880
f 594/1942/1251 1024/1943/1251 595/1944/1251
s 881
f 979/1945/1252 1017/1946/1252 978/1947/1252
s 882
f 604/1948/1253 1040/1949/1253 1042/1950/1253
s 883
f 988/1951/1254 1035/1952/1254 987/1953/1254
s 884
f 611/1954/1255 1139/1955/1255 1129/1956/1255
s 885
f 996/1957/1256 1055/1958/1256 1053/1959/1256
s 886
f 590/1960/1257 1016/1961/1257 591/1962/1257
s 887
f 975/1963/1258 1009/1964/1258 974/1965/1258
s 888
f 599/1966/1259 1034/1967/1259 600/1968/1259
s 889
f 984/1969/1260 1027/1970/1261 983/1971/1261
s 890
f 609/1972/1262 1050/1973/1262 1052/1974/1262
s 891
f 968/1975/1263 1057/1976/1263 998/1977/1263
s 892
f 992/1978/1264 1047/1979/1264 1045/1980/1264
s 893
f 587/1981/1265 1006/1937/1265 1008/1982/1265
s 894
f 976/1983/1266 1011/1984/1266 975/1963/1266
s 895
f 980/1985/1267 1019/1986/1267 979/1945/1267
s 896
f 596/1987/1268 1024/1943/1268 1026/1988/1268
s 897
f 984/1969/1269 1031/1989/1269 1029/1990/1269
s 898
f 988/1951/1270 1039/1991/1270 1037/1992/1270
s 899
f 605/1993/1271 1042/1950/1271 1044/1994/1271
s 900
f 993/1995/1272 1049/1996/1272 1047/1979/1272
s 901
f 967/1997/1273 1062/1998/1273 968/1975/1273
s 902
f 591/1962/1274 1018/1999/1274 592/2000/1274
s 903
f 972/2001/1275 1003/1939/1275 971/2002/1275
s 904
f 969/1932/1276 1061/2003/1276 967/1997/1276
s 905
f 600/1968/1277 1036/2004/1278 601/2005/1278
s 906
f 981/2006/1279 1021/2007/1279 980/1985/1279
s 907
f 1000/2008/119 1061/2009/119 999/2010/119
s 908
f 1059/2011/43 1062/2012/43 1061/2013/43
s 909
f 1038/2014/41 1039/2015/41 1040/2016/41
s 910
f 1022/2017/40 1019/2018/1280 1021/2019/40
s 911
f 1048/2020/39 1045/2021/39 1047/2022/39
s 912
f 1030/2023/38 1027/2024/38 1029/2025/38
s 913
f 1010/2026/37 1011/2027/37 1012/2028/37
s 914
f 1054/2029/36 1055/2030/36 1056/2031/36
s 915
f 1038/2014/35 1035/2032/35 1037/2033/35
s 916
f 1020/2034/34 1017/2035/34 1019/2018/34
s 917
f 1002/2036/33 1003/2037/33 1004/2038/33
s 918
f 1000/2008/32 1001/2039/1281 1002/2036/1281
s 919
f 1044/2040/31 1045/2041/31 1046/2042/31
s 920
f 1101/2043/30 1025/2044/30 1102/2045/30
s 921
f 1008/2046/29 1009/2047/29 1010/2026/29
s 922
f 1052/2048/28 1053/2049/1282 1054/2029/1282
s 923
f 1036/2050/27 1033/2051/27 1035/2032/27
s 924
f 1016/2052/1283 1017/2035/1283 1018/2053/1283
s 925
f 1042/2054/25 1043/2055/25 1044/2040/25
s 926
f 1024/2056/24 1025/2044/24 1026/2057/24
s 927
f 1006/2058/23 1007/2059/23 1008/2046/23
s 928
f 1050/2060/22 1051/2061/22 1052/2048/22
s 929
f 1034/2062/1284 1031/2063/1285 1033/2051/1284
s 930
f 1014/2064/1286 1015/2065/20 1016/2052/20
s 931
f 1139/2066/19 1055/2030/19 1141/2067/1287
s 932
f 1040/2016/17 1041/2068/17 1042/2054/17
s 933
f 1022/2017/16 1023/2069/16 1024/2056/16
s 934
f 1006/2058/1288 1003/2037/15 1005/2070/1288
s 935
f 1050/2060/1289 1047/2022/1290 1049/2071/1289
s 936
f 1030/2023/1291 1031/2063/13 1032/2072/13
s 937
f 1012/2028/12 1013/2073/12 1014/2074/12
s 938
f 1058/2075/11 1062/2012/11 1060/2076/11
s 939
f 607/2077/1292 1050/1973/1292 608/2078/1292
s 940
f 991/2079/1293 1045/1980/1293 1043/2080/1293
s 941
f 603/2081/1294 1038/2082/1294 1040/1949/1294
s 942
f 598/2083/1295 1032/2084/1295 599/1966/1295
s 943
f 983/1971/1296 1160/2085/1296 1156/2086/1296
s 944
f 594/1942/1297 1020/2087/1297 1022/2088/1297
s 945
f 590/1960/1298 1012/2089/1298 1014/2090/1298
s 946
f 974/1965/1299 1007/2091/1299 973/2092/1299
s 947
f 606/2093/1300 1048/2094/1300 607/2077/1300
s 948
f 584/2095/1301 1058/2096/1301 1060/1930/1301
s 949
f 996/1957/1302 1051/2097/1302 995/2098/1302
s 950
f 598/2083/1303 1028/2099/1303 1030/2100/1303
s 951
f 987/1953/1304 1033/2101/1304 986/2102/1304
s 952
f 589/2103/1305 1010/2104/1305 1012/2089/1305
s 953
f 611/1954/1306 1054/2105/1306 1056/2106/1306
s 954
f 977/2107/1307 1017/1946/1307 1015/2108/1307
s 955
f 601/2005/1308 1038/2082/1308 602/2109/1308
s 956
f 990/2110/1309 1043/2080/1309 1041/2111/1309
s 957
f 982/2112/1310 1023/2113/1310 981/2006/1310
s 958
f 593/2114/1311 1018/1999/1312 1020/2087/1311
s 959
f 973/2092/1313 1005/2115/1313 972/2001/1313
s 960
f 585/2116/1314 1002/2117/1314 1004/1936/1314
s 961
f 994/2118/1315 1051/2097/1315 1049/1996/1315
s 962
f 581/1941/1316 1002/2117/1316 583/2119/1316
s 963
f 985/2120/1317 1033/2101/1317 1031/1989/1317
s 964
f 605/1993/1318 1046/2121/1318 606/2093/1318
s 965
f 977/2107/1319 1013/2122/1319 976/1983/1319
s 966
f 596/1987/1320 1101/2123/1320 1090/2124/1320
s 967
f 998/1977/1321 1082/2125/1321 1080/2126/1321
s 968
f 588/2127/1322 1008/1982/1322 1010/2104/1322
s 969
f 989/2128/1323 1041/2111/1323 1039/1991/1323
s 970
f 610/2129/1324 1052/1974/1324 1054/2105/1324
s 971
f 1138/2130/1321 1082/2125/1321 1142/2131/1321
s 972
f 1081/2132/19 1057/2133/19 1058/2075/19
s 973
f 612/2134/1255 1081/2135/1255 1058/2096/1255
s 974
f 1123/2136/1148 1078/1847/1148 1121/2137/1148
s 975
f 1076/2138/1092 920/2139/1092 919/1773/1092
s 1
f 2665/2140/1325 1076/2141/2 919/1771/2
s 976
f 1113/2142/947 1075/1595/947 1119/2143/947
s 977
f 1119/2144/933 1079/1576/934 1123/2145/933
s 978
f 783/2146/919 1078/2147/920 957/1507/919
s 979
f 1117/2148/635 1073/1292/635 1115/2149/635
s 980
f 1071/1290/634 1113/2142/633 1132/2150/634
s 981
f 692/2151/584 1070/2152/584 612/1190/584
s 982
f 1065/2153/539 691/1260/539 123/1176/539
s 983
f 1068/2154/146 286/533/146 191/470/146
s 984
f 1109/2155/120 1067/410/120 1107/2156/120
s 985
f 1066/2157/152 223/2158/152 31/293/152
s 986
f 1105/2159/120 1063/274/120 1103/2160/120
s 987
f 2596/2161/111 1064/2162/1326 125/206/111
s 988
f 1128/2163/57 1077/109/57 1136/2164/57
s 989
f 1080/2165/19 159/14/19 998/2166/19
s 990
f 1147/2167/1320 1101/2123/1320 1157/2168/1320
s 991
f 982/2112/1296 1102/2169/1296 1025/2170/1296
s 992
f 1101/2043/30 1159/2171/30 1157/2172/30
s 993
f 1176/2173/1199 1098/1895/1199 1180/2174/1199
s 994
f 67/1837/1134 1098/2175/1134 64/2176/1134
s 995
f 1096/1703/1049 1153/2177/1049 1151/2178/1049
s 1
f 2721/2179/1327 1096/1702/1048 1151/2180/1048
s 996
f 1092/2181/959 840/2182/959 645/1308/959
s 997
f 840/2183/861 1099/2184/861 67/1536/861
s 998
f 1094/2185/674 644/1166/673 800/1309/673
s 999
f 643/1222/672 1092/2181/672 645/1308/672
s 1000
f 1091/1234/1328 1147/2186/597 1149/2187/1328
s 1001
f 1145/2188/554 1093/1167/554 1174/2189/554
s 1002
f 1088/450/126 1170/2190/126 1168/2191/126
s 1003
f 175/2192/120 1087/2193/120 207/377/120
s 1004
f 1086/346/153 1166/2194/153 1164/2195/153
s 1005
f 15/2196/120 1083/2197/120 143/241/120
s 1006
f 2667/2198/76 1084/148/77 1143/2199/76
s 1007
f 75/2200/58 1097/2201/58 888/151/58
s 1008
f 1100/58/30 1162/2202/30 1155/2203/30
s 1009
f 120/2204/57 1135/2205/57 918/145/57
s 1010
f 1127/2206/57 1136/2164/57 1135/2205/57
s 1011
f 30/271/120 1104/2207/120 158/2208/120
s 1012
f 1106/2209/120 1103/2160/120 1104/2207/120
s 1013
f 190/2210/120 1108/2211/120 222/408/120
s 1014
f 1110/2212/120 1107/2156/120 1108/2211/120
s 1015
f 1131/2213/634 690/2214/633 689/1344/634
s 1016
f 1132/2150/634 1114/2215/634 1131/2213/634
s 1017
f 796/2216/635 1116/1137/635 688/1136/635
s 1018
f 1118/2217/635 1115/2149/635 1116/1137/635
s 1019
f 827/1886/933 1124/2218/933 964/2219/933
s 1020
f 1120/2220/933 1123/2145/933 1124/2218/933
s 1021
f 690/2214/947 1120/2221/947 827/1617/947
s 1022
f 1114/2215/947 1119/2143/947 1120/2221/947
s 1023
f 964/1813/1148 1122/2222/1148 955/2223/1148
s 1024
f 1124/2224/1148 1121/2137/1148 1122/2222/1148
s 1025
f 997/2225/1329 1141/2226/1329 1055/1958/1321
s 1026
f 1137/2227/1321 1142/2131/1321 1141/2226/1321
s 1027
f 1081/2132/18 1142/2228/19 1082/2229/19
s 1028
f 1140/2230/19 1141/2067/1287 1142/2228/18
s 1029
f 1130/2231/1330 1081/2135/1330 1070/2232/1255
s 1030
f 1129/1956/1330 1140/2233/1330 1130/2231/1330
s 1031
f 1076/2138/1092 1136/2234/1092 1077/2235/1092
s 1032
f 1134/2236/1092 1135/1770/1092 1136/2234/1092
s 1
f 2654/2237/3 1076/2141/2 2615/2238/1331
f 2614/3/3 1134/2239/1332 2654/2237/3
s 1033
f 1117/2240/1333 1078/2147/920 1074/2241/920
s 1034
f 1118/1567/920 1121/2242/920 1117/2240/919
s 1035
f 1071/2243/584 1130/2244/584 1070/2152/584
s 1036
f 1132/2245/584 1129/1211/584 1130/2244/584
s 1037
f 1128/2246/1334 1073/1292/539 1065/2153/1334
s 1038
f 1128/2246/539 1116/1137/539 1115/2149/539
s 1039
f 1109/2247/146 1069/532/146 1068/2154/146
s 1040
f 1110/463/146 1111/2248/146 1109/2247/146
s 1041
f 1105/2249/152 1067/2250/152 1066/2157/152
s 1042
f 1106/285/152 1107/2251/152 1105/2249/152
s 1043
f 2616/2252/111 1064/2162/1326 2653/2253/1326
s 1044
f 2647/202/110 1126/2254/111 2616/2252/111
s 1045
f 1080/2165/19 1103/2255/19 1063/2256/19
s 1046
f 1138/2257/19 1104/36/19 1103/2255/19
s 1047
f 1156/2258/30 144/2259/30 983/2260/30
s 1048
f 1155/2203/30 1161/2261/1335 1156/2258/30
s 1049
f 2696/153/76 1144/2262/77 80/2263/76
s 1050
f 2708/2264/77 1143/2199/76 1144/2262/77
s 1051
f 1163/2265/153 208/2266/153 16/78/153
s 1052
f 1164/2195/1336 1165/2267/1336 1163/2265/1336
s 1053
f 1167/2268/126 256/2269/126 176/456/126
s 1054
f 1168/2191/1337 1169/2270/1337 1167/2268/1337
s 1055
f 1146/2271/554 647/1152/554 78/2272/554
s 1056
f 1145/2188/554 1173/1327/554 1146/2271/554
s 1057
f 1150/1323/1328 597/2273/597 646/2274/1328
s 1058
f 1149/2187/597 1148/2275/597 1150/1323/597
s 1
f 2754/2276/1338 1152/2277/1048 889/1706/1048
f 2757/2278/1339 1151/2180/1048 1152/2277/1048
s 1059
f 1152/2279/1049 890/2280/1049 889/1708/1049
s 1060
f 1151/2178/1049 1154/2281/1049 1152/2279/1049
s 1061
f 805/1488/1199 1179/2282/1199 34/2283/1199
s 1062
f 1175/2284/1199 1180/2174/1199 1179/2282/1199
s 1063
f 1158/2285/30 1027/2286/30 1028/2287/30
s 1064
f 1157/2172/30 1160/2288/30 1158/2285/30
s 1065
f 597/2289/1320 1158/2290/1320 1028/2099/1320
s 1066
f 1148/2291/1320 1157/2168/1320 1158/2290/1320
s 1067
f 1155/2292/1296 1102/2169/1296 1100/2293/1296
s 1068
f 1156/2086/1296 1159/2294/1296 1155/2292/1296
s 1069
f 1182/2295/1134 1098/2175/1134 1099/2296/1134
s 1070
f 1181/1828/1134 1180/2297/1134 1182/2295/1134
s 1071
f 1172/2298/959 1095/2299/959 1092/2181/959
s 1072
f 1171/1325/959 1178/2300/959 1172/2298/959
s 1073
f 1178/2301/861 1099/2184/861 1095/2302/861
s 1074
f 1177/1494/861 1182/2303/861 1178/2301/861
s 1075
f 1176/2304/674 1093/1167/673 1094/2185/674
s 1076
f 1175/1328/673 1174/2189/673 1176/2304/673
s 1077
f 1091/1234/672 1172/2298/672 1092/2181/672
s 1078
f 1149/2187/1340 1171/1325/1340 1172/2298/1340
s 1079
f 1168/2305/120 1087/2193/120 1088/2306/120
s 1080
f 1167/380/120 1166/2307/120 1168/2305/120
s 1081
f 1164/2308/120 1083/2197/120 1086/2309/120
s 1082
f 1163/244/120 1162/2310/120 1164/2308/120
s 1083
f 1145/2311/58 1097/2201/58 1085/2312/58
s 1084
f 1146/113/58 1153/2313/58 1145/2311/58
s 0
f 514/185/1341 513/185/1341 1669/185/1341
s 1086
f 1192/2314/544 1188/2315/544 1191/2316/544
s 1087
f 1194/2317/544 1185/1275/544 1193/2318/544
s 1088
f 1191/2316/544 1189/1357/544 1194/2317/544
s 1089
f 1192/2314/544 1185/1275/544 1184/1126/544
s 1090
f 1196/2319/1342 1187/2320/1343 1195/2321/1344
s 1091
f 1198/2322/1345 1189/1330/1346 1197/2323/1347
s 1092
f 1195/2321/1348 1190/2324/1349 1198/2325/1350
s 1093
f 1197/2323/1351 1188/2326/1352 1196/2327/1353
s 1094
f 108/1150/544 1191/2316/1354 105/1148/1354
s 1095
f 674/2328/544 1193/2318/544 676/1149/544
s 1096
f 105/1148/544 1194/2317/544 674/2328/544
s 1097
f 108/1150/544 1193/2318/544 1192/2314/544
s 1098
f 102/2329/552 1196/2319/1355 1195/2321/552
s 1099
f 1186/1164/552 1198/2325/553 1197/2330/552
s 1100
f 102/2329/552 1198/2325/552 671/1163/552
s 1101
f 1183/1162/1356 1197/2330/553 1196/2319/1356
s 1102
f 1203/2331/1357 1200/2332/1357 1199/2333/1358
s 1103
f 1204/2334/1358 1216/1598/1357 1221/1316/1357
s 1104
f 1205/2335/1357 1220/1345/1357 1215/1618/1358
s 1105
f 1206/2336/1358 1202/2337/1358 1201/2338/1357
s 1106
f 1224/2339/1359 1213/2340/1359 1208/2341/1359
s 1107
f 1218/2342/1360 1212/2343/1360 1209/2344/1360
s 1108
f 1213/2345/1357 1214/2346/1358 1212/2347/1358
s 1109
f 1219/2348/1361 1213/2340/1361 1205/2349/1361
s 1110
f 1219/2350/1362 1214/2351/1362 1210/2352/1363
s 1111
f 1222/1606/1364 1207/2353/1364 1223/2354/1364
s 1112
f 1204/2355/1365 1207/2356/1365 1212/2343/1365
s 1113
f 1218/2357/1366 1214/2351/1366 1217/2358/1366
s 1114
f 1201/2338/1357 1215/1618/1358 1216/1598/1357
s 1115
f 839/2359/1357 1217/2360/1357 1206/2336/1357
s 1116
f 1201/2338/1358 1218/2361/1357 839/2359/1357
s 1117
f 1202/2337/1357 1219/2362/1357 1215/1618/1357
s 1118
f 844/2363/1357 1217/2360/1357 1219/2362/1357
s 1119
f 1199/2333/1358 1221/1316/1358 1220/1345/1358
s 1120
f 684/2364/1357 1222/2365/1357 1223/2366/1357
s 1121
f 1199/2333/1357 1224/2367/1367 687/2368/1367
s 1122
f 684/2364/1357 1221/1316/1357 1200/2332/1357
s 1123
f 687/2368/1357 1222/2365/1357 1203/2331/1357
s 1124
f 1233/2369/1368 1226/2370/1369 1225/1368/1370
s 1125
f 1237/2371/1371 1226/2370/1372 1236/2372/1373
s 1126
f 1234/2373/1374 1228/1335/1375 1235/2374/1376
s 1127
f 1238/2375/1377 1228/1335/1378 1230/1280/1379
s 1128
f 1233/2369/1380 1229/1336/1370 1234/2373/1370
s 1129
f 1237/2371/1379 1230/1280/1379 1227/1142/1379
s 1130
f 1239/2376/1381 1235/2374/1382 1236/2372/1383
s 1131
f 1240/2377/1384 1236/2372/1385 1233/2369/1384
s 1132
f 1241/2378/1386 1234/2373/1387 1235/2374/1388
s 1133
f 1242/2379/1389 1233/2369/1390 1234/2373/1391
s 1134
f 1243/2380/1392 1236/2372/1393 1235/2374/1394
s 1135
f 1244/2381/1395 1237/2371/1396 1236/2372/1397
s 1136
f 1245/2382/1398 1235/2374/1399 1238/2375/1400
s 1137
f 1246/2383/1401 1238/2375/1402 1237/2371/1403
s 1138
f 1245/2384/1404 1259/2385/1404 1231/2386/1404
s 1139
f 1241/2387/1405 1251/2388/1405 613/2389/1405
s 1140
f 33/2390/1406 1249/2391/1406 1240/2392/1406
s 1141
f 1252/2393/1407 1250/2394/1407 1248/2395/1408
s 1142
f 1244/2396/1409 1257/2397/1409 42/2398/1409
s 1143
f 617/2399/1410 1248/2400/1411 1261/2401/1411
s 1144
f 617/2402/1412 1250/2403/1412 1241/2387/1412
s 1145
f 1246/2404/1413 1257/2405/1413 1260/2406/1413
s 1146
f 1242/2407/1414 1251/2408/1414 1252/1146/1414
s 1147
f 1243/2409/1415 1259/2410/1415 1254/2411/1415
s 1148
f 1244/2396/1416 1255/2412/1416 1256/2413/1416
s 1149
f 1245/2384/1417 1262/2414/1417 1258/2415/1417
s 1150
f 1239/2416/1418 1247/2417/1418 1248/2400/1418
s 1151
f 1243/2409/1419 1255/2418/1419 1232/2419/1419
s 1152
f 1246/2404/1420 1262/2420/1421 619/2421/1420
s 1153
f 39/2422/1422 1249/2391/1422 1247/2423/1422
s 1154
f 1263/2424/685 1266/2425/685 660/2426/685
s 1155
f 658/2427/685 1275/2428/685 1268/2429/685
s 1156
f 1278/2430/685 1272/2431/685 1279/2432/685
s 1157
f 660/2426/685 1277/1313/685 1263/2424/685
s 1158
f 1266/2425/685 1269/1602/685 660/2426/685
s 1159
f 1267/2433/685 1274/1614/685 1266/2425/685
s 1160
f 1263/2424/685 1283/2434/685 1267/2433/685
s 1161
f 1265/2435/685 1273/1358/685 663/1341/685
s 1162
f 663/1341/685 1274/1614/685 1270/1342/685
s 1163
f 1270/1342/685 1283/2434/685 1271/1340/685
s 1164
f 1271/1340/685 1282/1359/685 1265/2435/685
s 1165
f 1268/2429/685 1276/1228/685 658/2427/685
s 1166
f 658/2427/685 1280/1244/685 1264/2436/685
s 1167
f 1264/2436/685 1283/2434/685 1275/2428/685
s 1168
f 1275/2428/685 1277/1313/685 1268/2429/685
s 1169
f 1278/2430/685 1281/1253/685 661/2437/685
s 1170
f 661/2437/685 1282/1359/685 1272/2431/685
s 1171
f 1279/2432/685 1280/1244/685 1278/2430/685
s 1172
f 1272/2431/685 1283/2434/685 1279/2432/685
s 0
f 130/185/96 1412/185/96 1413/185/96
f 129/185/96 1414/185/96 1412/185/96
f 131/185/96 1415/185/96 1414/185/96
f 132/185/96 1416/185/96 1415/185/96
f 133/185/96 1417/185/96 1416/185/96
f 134/185/96 1418/185/96 1417/185/96
f 135/185/96 1419/185/96 1418/185/96
f 136/185/96 1420/185/96 1419/185/96
f 137/185/96 1421/185/96 1420/185/96
f 138/185/96 1422/185/96 1421/185/96
f 139/185/96 1423/185/96 1422/185/96
f 140/185/96 1424/185/96 1423/185/96
f 141/185/96 1425/185/96 1424/185/96
f 142/185/96 1426/185/96 1425/185/96
f 143/185/96 2351/185/96 1426/185/96
f 144/185/96 1428/185/96 1427/185/96
f 145/185/96 1429/185/96 1428/185/96
f 146/185/96 1430/185/96 1429/185/96
f 147/185/96 1431/185/96 1430/185/96
f 148/185/96 1432/185/96 1431/185/96
f 149/185/96 1433/185/96 1432/185/96
f 150/185/96 1434/185/96 1433/185/96
f 151/185/96 1435/185/96 1434/185/96
f 152/185/96 1436/185/96 1435/185/96
f 153/185/96 1437/185/96 1436/185/96
f 154/185/96 1438/185/96 1437/185/96
f 155/185/96 1439/185/96 1438/185/96
f 156/185/96 1440/185/96 1439/185/96
f 157/185/96 1441/185/96 1440/185/96
f 158/185/96 2372/185/96 1441/185/96
f 159/185/96 1443/185/96 1442/185/96
f 160/185/96 1413/185/96 1443/185/96
f 2661/185/96 1320/185/96 2602/185/96
f 37/185/96 1318/185/96 1320/185/96
f 944/185/96 2204/185/96 2212/185/96
f 942/185/96 2214/185/96 2210/185/96
f 948/185/96 2212/185/96 2216/185/96
f 947/185/96 2216/185/96 2215/185/96
f 945/185/96 2214/185/96 2213/185/96
f 36/185/96 2493/185/96 1319/185/96
f 35/185/96 1324/185/96 1318/185/96
f 944/185/96 2211/185/96 2212/185/96
f 941/185/96 2210/185/96 2209/185/96
f 940/185/96 2207/185/96 2208/185/96
f 1225/185/96 2494/185/96 2493/185/96
f 41/185/96 1327/185/96 1324/185/96
f 938/185/96 2205/185/96 2206/185/96
f 936/185/96 2203/185/96 2204/185/96
f 934/185/96 2201/185/96 2202/185/96
f 1226/185/96 2495/185/96 2494/185/96
f 44/185/96 1330/185/96 1327/185/96
f 932/185/96 2199/185/96 2200/185/96
f 930/185/96 2197/185/96 2198/185/96
f 928/185/96 2195/185/96 2196/185/96
f 1227/185/96 1328/185/96 2495/185/96
f 50/185/96 1330/185/96 1333/185/96
f 926/185/96 2193/185/96 2194/185/96
f 924/185/96 2191/185/96 2192/185/96
f 34/185/96 1321/185/96 1317/185/96
f 45/185/96 1331/185/96 1328/185/96
f 50/185/96 1336/185/96 1333/185/96
f 40/185/96 1326/185/96 1323/185/96
f 46/185/96 1332/185/96 1329/185/96
f 52/185/96 1338/185/96 1335/185/96
f 48/185/96 1334/185/96 1331/185/96
s 1238
f 2694/133/1423 65/121/1424 68/2438/1423
s 0
f 53/185/96 1339/185/96 1336/185/96
f 58/185/96 1344/185/96 1341/185/96
f 67/185/96 1347/185/96 1350/185/96
f 70/185/96 1356/185/96 1353/185/96
f 51/185/96 1337/185/96 1334/185/96
f 56/185/96 1342/185/96 1339/185/96
f 76/185/96 1362/185/96 1359/185/96
f 82/185/96 1368/185/96 1365/185/96
f 88/185/96 1374/185/96 1371/185/96
f 54/185/96 1340/185/96 1337/185/96
f 59/185/96 1345/185/96 1342/185/96
f 94/185/96 1380/185/96 1377/185/96
f 103/185/96 1383/185/96 1386/185/96
f 106/185/96 1392/185/96 1389/185/96
f 57/185/96 1343/185/96 1340/185/96
f 62/185/96 1348/185/96 1345/185/96
f 112/185/96 1398/185/96 1395/185/96
f 121/185/96 1401/185/96 1404/185/96
f 124/185/96 1410/185/96 1407/185/96
f 60/185/96 1346/185/96 1343/185/96
f 65/185/96 1351/185/96 1348/185/96
f 904/185/96 1382/185/96 2172/185/96
f 63/185/96 1349/185/96 1346/185/96
f 71/185/96 1351/185/96 1354/185/96
f 874/185/96 1337/185/96 2142/185/96
f 66/185/96 1352/185/96 1349/185/96
f 71/185/96 1357/185/96 1354/185/96
f 896/185/96 1370/185/96 2164/185/96
f 866/185/96 2495/185/96 2134/185/96
f 69/185/96 1355/185/96 1352/185/96
f 74/185/96 1360/185/96 1357/185/96
f 120/185/96 2186/185/96 1403/185/96
f 75/185/96 2156/185/96 1358/185/96
f 72/185/96 1358/185/96 1355/185/96
f 2696/185/96 1363/185/96 2621/185/96
f 80/185/96 2412/185/96 1363/185/96
f 910/185/96 2452/185/96 2178/185/96
f 1146/185/96 1361/185/96 2414/185/96
f 83/185/96 1363/185/96 1366/185/96
f 880/185/96 1346/185/96 2148/185/96
f 78/185/96 1364/185/96 1361/185/96
f 83/185/96 1369/185/96 1366/185/96
f 902/185/96 1379/185/96 2170/185/96
f 872/185/96 1334/185/96 2140/185/96
f 81/185/96 1367/185/96 1364/185/96
s 1284
f 89/162/1425 2698/1768/1426 2591/163/1425
s 0
f 89/185/96 1369/185/96 1372/185/96
f 894/185/96 1367/185/96 2162/185/96
f 864/185/96 2494/185/96 2132/185/96
f 84/185/96 1370/185/96 1367/185/96
f 92/185/96 1372/185/96 1375/185/96
f 916/185/96 1400/185/96 2184/185/96
f 87/185/96 1373/185/96 1370/185/96
f 95/185/96 1375/185/96 1378/185/96
f 886/185/96 1355/185/96 2154/185/96
f 2631/185/96 1378/185/96 2565/185/96
f 90/185/96 1376/185/96 1373/185/96
f 95/185/96 1381/185/96 1378/185/96
f 2738/185/96 1333/185/96 2677/185/96
f 1187/185/96 2174/185/96 2455/185/96
f 93/185/96 1379/185/96 1376/185/96
f 2699/185/1427 1381/185/96 98/185/1428
f 101/185/96 1381/185/96 1384/185/96
f 908/185/96 2456/185/96 2176/185/96
f 57/185/96 2144/185/96 1340/185/96
f 878/185/96 1343/185/96 2146/185/96
f 96/185/96 1382/185/96 1379/185/96
f 104/185/96 1384/185/96 1387/185/96
f 2634/185/96 1366/185/96 2567/185/96
f 99/185/96 2455/185/96 1382/185/96
f 104/185/96 1390/185/96 1387/185/96
f 2637/185/96 1318/185/96 2569/185/96
f 2739/185/96 1411/185/96 2679/185/96
f 1187/185/96 2456/185/96 2455/185/96
f 110/185/96 1390/185/96 1393/185/96
f 90/185/96 2166/185/96 1373/185/96
f 900/185/96 1376/185/96 2168/185/96
f 45/185/96 2136/185/96 1328/185/96
f 1188/185/96 2452/185/96 2456/185/96
f 113/185/96 1393/185/96 1396/185/96
f 870/185/96 1331/185/96 2138/185/96
f 2741/185/96 1399/185/96 2680/185/96
f 1184/185/96 1394/185/96 2452/185/96
f 116/185/96 1396/185/96 1399/185/96
f 2636/185/96 1354/185/96 2571/185/96
f 123/185/96 2188/185/96 1406/185/96
f 111/185/96 1397/185/96 1394/185/96
f 116/185/96 1402/185/96 1399/185/96
f 922/185/96 1409/185/96 2190/185/96
f 78/185/96 2158/185/96 1361/185/96
f 892/185/96 1364/185/96 2160/185/96
f 114/185/96 1400/185/96 1397/185/96
f 122/185/96 1402/185/96 1405/185/96
f 36/185/96 2130/185/96 1319/185/96
f 861/185/96 2493/185/96 2129/185/96
f 117/185/96 1403/185/96 1400/185/96
f 2596/185/96 1408/185/96 2731/185/96
f 1064/185/96 1408/185/96 2332/185/96
f 2743/185/96 1387/185/96 2682/185/96
f 2639/185/96 1342/185/96 2573/185/96
f 1065/185/96 1406/185/96 2333/185/96
f 128/185/96 1408/185/96 1411/185/96
f 111/185/96 2180/185/96 1394/185/96
f 914/185/96 1397/185/96 2182/185/96
f 66/185/96 2150/185/96 1349/185/96
f 123/185/96 1409/185/96 1406/185/96
f 37/185/96 1411/185/96 1320/185/96
f 884/185/96 1352/185/96 2152/185/96
f 126/185/96 1319/185/96 1409/185/96
f 130/185/96 2235/185/96 1413/185/96
f 160/185/96 2236/185/96 1443/185/96
f 2/185/96 1284/185/96 1285/185/96
f 1/185/96 1286/185/96 1284/185/96
f 3/185/96 1287/185/96 1286/185/96
f 4/185/96 1288/185/96 1287/185/96
f 5/185/96 1289/185/96 1288/185/96
f 6/185/96 1290/185/96 1289/185/96
f 7/185/96 1291/185/96 1290/185/96
f 8/185/96 1292/185/96 1291/185/96
f 9/185/96 1293/185/96 1292/185/96
f 10/185/96 1294/185/96 1293/185/96
f 11/185/96 1295/185/96 1294/185/96
f 12/185/96 1296/185/96 1295/185/96
f 13/185/96 1297/185/96 1296/185/96
f 14/185/96 1298/185/96 1297/185/96
f 1086/185/96 1298/185/96 2354/185/96
f 17/185/96 1299/185/96 1300/185/96
f 17/185/96 1301/185/96 1300/185/96
f 18/185/96 1302/185/96 1301/185/96
f 19/185/96 1303/185/96 1302/185/96
f 20/185/96 1304/185/96 1303/185/96
f 21/185/96 1305/185/96 1304/185/96
f 22/185/96 1306/185/96 1305/185/96
f 23/185/96 1307/185/96 1306/185/96
f 24/185/96 1308/185/96 1307/185/96
f 25/185/96 1309/185/96 1308/185/96
f 26/185/96 1310/185/96 1309/185/96
f 27/185/96 1311/185/96 1310/185/96
f 28/185/96 1312/185/96 1311/185/96
f 29/185/96 1313/185/96 1312/185/96
f 1106/185/96 1313/185/96 2374/185/96
f 31/185/96 1315/185/96 1314/185/96
f 32/185/96 1285/185/96 1315/185/96
f 130/185/1429 1285/185/1430 1413/185/96
f 1/185/96 1412/185/96 1284/185/96
f 3/185/96 1414/185/96 1286/185/96
f 4/185/96 1415/185/96 1287/185/96
f 5/185/1431 1416/185/1431 1288/185/1431
f 6/185/96 1417/185/96 1289/185/96
f 7/185/96 1418/185/96 1290/185/96
f 8/185/96 1419/185/96 1291/185/96
f 9/185/96 1420/185/96 1292/185/96
f 10/185/96 1421/185/96 1293/185/96
f 11/185/96 1422/185/96 1294/185/96
f 12/185/96 1423/185/96 1295/185/96
f 13/185/96 1424/185/96 1296/185/96
f 14/185/96 1425/185/96 1297/185/96
f 15/185/96 1426/185/96 1298/185/96
f 16/185/96 1427/185/96 1299/185/96
f 17/185/1429 1428/185/1432 1300/185/96
f 18/185/96 1429/185/96 1301/185/96
f 19/185/96 1430/185/96 1302/185/96
f 20/185/96 1431/185/96 1303/185/96
f 21/185/1431 1432/185/1431 1304/185/1431
f 22/185/96 1433/185/96 1305/185/96
f 23/185/96 1434/185/96 1306/185/96
f 963/185/96 2219/185/96 2231/185/96
f 24/185/96 1435/185/96 1307/185/96
f 964/185/96 2223/185/96 2232/185/96
f 25/185/96 1436/185/96 1308/185/96
f 965/185/96 2218/185/96 2233/185/96
f 26/185/96 1437/185/96 1309/185/96
f 966/185/96 2217/185/96 2234/185/96
f 27/185/96 1438/185/96 1310/185/96
f 958/185/96 1410/185/96 2226/185/96
f 28/185/96 1439/185/96 1311/185/96
f 959/185/96 1398/185/96 2227/185/96
f 29/185/96 1440/185/96 1312/185/96
f 960/185/96 1392/185/96 2228/185/96
f 30/185/96 1441/185/96 1313/185/96
f 961/185/96 1386/185/96 2229/185/96
f 31/185/96 1442/185/96 1314/185/96
f 962/185/96 1380/185/96 2230/185/96
f 32/185/96 1443/185/96 1315/185/96
f 91/185/96 2231/185/96 1374/185/96
f 194/185/96 1476/185/96 1477/185/96
f 1124/185/96 2232/185/96 2392/185/96
f 193/185/96 1478/185/96 1476/185/96
f 85/185/96 1404/185/96 1368/185/96
f 195/185/96 1479/185/96 1478/185/96
f 79/185/96 1398/185/96 1362/185/96
f 196/185/96 1480/185/96 1479/185/96
f 73/185/96 1392/185/96 1356/185/96
f 197/185/96 1481/185/96 1480/185/96
f 67/185/96 1380/185/96 1350/185/96
f 198/185/96 1482/185/96 1481/185/96
f 61/185/96 1374/185/96 1344/185/96
f 199/185/96 1483/185/96 1482/185/96
f 55/185/96 1368/185/96 1338/185/96
f 200/185/96 1484/185/96 1483/185/96
f 49/185/96 1362/185/96 1332/185/96
f 201/185/96 1485/185/96 1484/185/96
f 43/185/96 1356/185/96 1326/185/96
f 202/185/96 1486/185/96 1485/185/96
f 67/185/96 2367/185/96 1350/185/96
f 203/185/96 1487/185/96 1486/185/96
f 61/185/96 2191/185/96 1344/185/96
f 204/185/96 1488/185/96 1487/185/96
f 965/185/96 2193/185/96 2233/185/96
f 205/185/96 1489/185/96 1488/185/96
f 925/185/96 2229/185/96 2193/185/96
f 206/185/96 1490/185/96 1489/185/96
f 55/185/96 2195/185/96 1338/185/96
f 207/185/96 2355/185/96 1490/185/96
f 49/185/96 2197/185/96 1332/185/96
f 208/185/96 1492/185/96 1491/185/96
f 43/185/96 2232/185/96 1326/185/96
f 209/185/96 1493/185/96 1492/185/96
f 933/185/96 1404/185/96 2201/185/96
f 210/185/96 1494/185/96 1493/185/96
f 38/185/96 2227/185/96 1321/185/96
f 211/185/96 1495/185/96 1494/185/96
f 923/185/96 2228/185/96 2191/185/96
f 212/185/96 1496/185/96 1495/185/96
f 927/185/96 2230/185/96 2195/185/96
f 213/185/96 1497/185/96 1496/185/96
f 929/185/96 2231/185/96 2197/185/96
f 214/185/96 1498/185/96 1497/185/96
f 449/185/96 1604/185/96 1731/185/96
f 127/185/96 2199/185/96 1410/185/96
f 215/185/96 1499/185/96 1498/185/96
f 450/185/96 1606/185/96 1732/185/96
f 931/185/96 2233/185/96 2199/185/96
f 216/185/96 1500/185/96 1499/185/96
f 451/185/96 1607/185/96 1733/185/96
f 966/185/96 2213/185/96 2234/185/96
f 217/185/96 1501/185/96 1500/185/96
f 452/185/96 1608/185/96 1734/185/96
f 947/185/96 2205/185/96 2215/185/96
f 218/185/96 1502/185/96 1501/185/96
f 453/185/96 1609/185/96 1735/185/96
f 939/185/96 2205/185/96 2207/185/96
f 219/185/96 1503/185/96 1502/185/96
f 454/185/96 1610/185/96 1736/185/96
f 966/185/96 2207/185/96 2234/185/96
f 220/185/96 1504/185/96 1503/185/96
f 455/185/96 1611/185/96 1737/185/96
f 943/185/96 2203/185/96 2211/185/96
f 221/185/96 1505/185/96 1504/185/96
f 456/185/96 1612/185/96 1738/185/96
f 947/185/96 2211/185/96 2215/185/96
f 222/185/96 2376/185/96 1505/185/96
f 457/185/96 1613/185/96 1739/185/96
f 941/185/96 2213/185/96 2209/185/96
f 223/185/96 1507/185/96 1506/185/96
f 458/185/96 1614/185/96 1740/185/96
f 933/185/96 2209/185/96 2201/185/96
f 224/185/96 1477/185/96 1507/185/96
f 459/185/96 1615/185/96 1741/185/96
f 935/185/96 1386/185/96 2203/185/96
f 16/185/96 1491/185/96 1299/185/96
f 460/185/96 1616/185/96 1742/185/96
f 790/185/96 2224/185/96 2058/185/96
f 209/185/96 1300/185/96 1492/185/96
f 461/185/96 1617/185/96 1743/185/96
f 100/185/96 2059/185/96 1383/185/96
f 3/185/96 1478/185/96 1286/185/96
f 462/185/96 1618/185/96 1744/185/96
f 932/185/96 2079/185/96 2200/185/96
f 196/185/96 1287/185/96 1479/185/96
f 463/185/96 1619/185/96 1745/185/96
f 950/185/96 2075/185/96 2218/185/96
f 30/185/96 1505/185/96 1313/185/96
f 464/185/96 1620/185/96 1746/185/96
f 103/185/96 2102/185/96 1386/185/96
f 31/185/96 1506/185/96 1314/185/96
f 465/185/96 1621/185/96 1747/185/96
f 841/185/96 1344/185/96 2109/185/96
f 210/185/96 1301/185/96 1493/185/96
f 466/185/96 1622/185/96 1748/185/96
f 953/185/96 2056/185/96 2221/185/96
f 197/185/96 1288/185/96 1480/185/96
f 467/185/96 1623/185/96 1749/185/96
f 106/185/96 2057/185/96 1389/185/96
f 224/185/96 1315/185/96 1507/185/96
f 468/185/96 1624/185/96 1750/185/96
f 124/185/96 2052/185/96 1407/185/96
f 211/185/96 1302/185/96 1494/185/96
f 469/185/96 1625/185/96 1751/185/96
f 842/185/96 1338/185/96 2110/185/96
f 198/185/96 1289/185/96 1481/185/96
f 470/185/96 1626/185/96 1752/185/96
f 954/185/96 2054/185/96 2222/185/96
f 194/185/96 1285/185/96 1477/185/96
f 471/185/96 1627/185/96 1753/185/96
f 810/185/96 2198/185/96 2078/185/96
f 212/185/96 1303/185/96 1495/185/96
f 472/185/96 1628/185/96 1754/185/96
f 843/185/96 1332/185/96 2111/185/96
f 199/185/96 1290/185/96 1482/185/96
f 473/185/96 1629/185/96 1755/185/96
f 809/185/96 2196/185/96 2077/185/96
f 213/185/96 1304/185/96 1496/185/96
f 474/185/96 1630/185/96 1756/185/96
f 1215/185/96 1326/185/96 2483/185/96
f 200/185/96 1291/185/96 1483/185/96
f 475/185/96 1631/185/96 1757/185/96
f 806/185/96 2192/185/96 2074/185/96
f 214/185/96 1305/185/96 1497/185/96
f 476/185/96 1632/185/96 1758/185/96
f 845/185/96 1321/185/96 2113/185/96
f 201/185/96 1292/185/96 1484/185/96
f 350/185/96 1759/185/96 1633/185/96
f 805/185/96 1317/185/96 2073/185/96
f 215/185/96 1306/185/96 1498/185/96
f 478/185/96 1634/185/96 1760/185/96
f 846/185/96 2191/185/96 2114/185/96
f 202/185/96 1293/185/96 1485/185/96
f 479/185/96 1635/185/96 1761/185/96
f 847/185/96 2193/185/96 2115/185/96
f 216/185/96 1307/185/96 1499/185/96
f 480/185/96 1605/185/96 1762/185/96
f 965/185/96 2096/185/96 2233/185/96
f 203/185/96 1294/185/96 1486/185/96
f 322/185/1433 1636/185/1434 1605/185/96
f 804/185/96 1323/185/96 2072/185/96
f 217/185/96 1308/185/96 1500/185/96
f 321/185/96 1637/185/96 1604/185/96
f 824/185/96 2229/185/96 2092/185/96
f 204/185/96 1295/185/96 1487/185/96
f 323/185/96 1638/185/96 1606/185/96
f 803/185/96 1329/185/96 2071/185/96
f 218/185/96 1309/185/96 1501/185/96
f 324/185/96 1639/185/96 1607/185/96
f 848/185/96 2195/185/96 2116/185/96
f 205/185/96 1296/185/96 1488/185/96
f 325/185/1431 1640/185/1431 1608/185/1431
f 802/185/96 1335/185/96 2070/185/96
f 219/185/96 1310/185/96 1502/185/96
f 326/185/96 1641/185/96 1609/185/96
f 849/185/96 2197/185/96 2117/185/96
f 206/185/96 1297/185/96 1489/185/96
f 327/185/96 1642/185/96 1610/185/96
f 808/185/96 2194/185/96 2076/185/96
f 220/185/96 1311/185/96 1503/185/96
f 328/185/96 1643/185/96 1611/185/96
f 801/185/96 1341/185/96 2069/185/96
f 207/185/96 1298/185/96 1490/185/96
f 329/185/96 1644/185/96 1612/185/96
f 822/185/96 2227/185/96 2090/185/96
f 193/185/96 1284/185/96 1476/185/96
f 330/185/96 1645/185/96 1613/185/96
f 800/185/96 1347/185/96 2068/185/96
f 221/185/96 1312/185/96 1504/185/96
f 331/185/96 1646/185/96 1614/185/96
f 823/185/96 2228/185/96 2091/185/96
f 162/185/96 1444/185/96 1445/185/96
f 332/185/96 1647/185/96 1615/185/96
f 936/185/96 2082/185/96 2204/185/96
f 161/185/96 1446/185/96 1444/185/96
f 333/185/96 1648/185/96 1616/185/96
f 825/185/96 2230/185/96 2093/185/96
f 163/185/96 1447/185/96 1446/185/96
f 334/185/96 1649/185/96 1617/185/96
f 799/185/96 1353/185/96 2067/185/96
f 164/185/96 1448/185/96 1447/185/96
f 335/185/96 1650/185/96 1618/185/96
f 830/185/96 1410/185/96 2098/185/96
f 165/185/96 1449/185/96 1448/185/96
f 336/185/96 1651/185/96 1619/185/96
f 850/185/96 2199/185/96 2118/185/96
f 166/185/96 1450/185/96 1449/185/96
f 337/185/1429 1652/185/1430 1620/185/96
f 818/185/96 2212/185/96 2086/185/96
f 167/185/96 1451/185/96 1450/185/96
f 338/185/96 1653/185/96 1621/185/96
f 980/185/96 2289/185/96 2248/185/96
f 168/185/96 1452/185/96 1451/185/96
f 339/185/96 1654/185/96 1622/185/96
f 981/185/96 2291/185/96 2249/185/96
f 169/185/96 1453/185/96 1452/185/96
f 340/185/96 1655/185/96 1623/185/96
f 969/185/96 1412/185/96 2237/185/96
f 170/185/96 1454/185/96 1453/185/96
f 341/185/1431 1656/185/1431 1624/185/1431
f 131/185/96 2238/185/96 1414/185/96
f 171/185/96 1455/185/96 1454/185/96
f 342/185/96 1657/185/96 1625/185/96
f 971/185/96 1415/185/96 2239/185/96
f 172/185/96 1456/185/96 1455/185/96
f 343/185/96 1658/185/96 1626/185/96
f 133/185/96 2240/185/96 1416/185/96
f 173/185/96 1457/185/96 1456/185/96
f 344/185/96 1659/185/96 1627/185/96
f 134/185/96 2241/185/96 1417/185/96
f 174/185/96 1458/185/96 1457/185/96
f 345/185/96 1660/185/96 1628/185/96
f 135/185/96 2242/185/96 1418/185/96
f 1088/185/96 1458/185/96 2356/185/96
f 346/185/96 1661/185/96 1629/185/96
f 975/185/96 1419/185/96 2243/185/96
f 176/185/96 1460/185/96 1459/185/96
f 347/185/96 1662/185/96 1630/185/96
f 137/185/96 2244/185/96 1420/185/96
f 177/185/96 1461/185/96 1460/185/96
f 348/185/96 1663/185/96 1631/185/96
f 138/185/96 2245/185/96 1421/185/96
f 178/185/96 1462/185/96 1461/185/96
f 349/185/96 1664/185/96 1632/185/96
f 139/185/96 2246/185/96 1422/185/96
f 179/185/96 1463/185/96 1462/185/96
f 350/185/96 1665/185/96 1633/185/96
f 140/185/96 2247/185/96 1423/185/96
f 180/185/96 1464/185/96 1463/185/96
f 351/185/96 1666/185/96 1634/185/96
f 980/185/96 1424/185/96 2248/185/96
f 182/185/96 1464/185/96 1465/185/96
f 352/185/96 1667/185/96 1635/185/96
f 142/185/96 2249/185/96 1425/185/96
f 182/185/96 1466/185/96 1465/185/96
f 481/185/96 1764/185/96 1763/185/96
f 143/185/96 2250/185/96 1426/185/96
f 183/185/96 1467/185/96 1466/185/96
f 482/185/96 1765/185/96 1764/185/96
f 983/185/96 1427/185/96 2251/185/96
f 184/185/96 1468/185/96 1467/185/96
f 483/185/96 1766/185/96 1765/185/96
f 984/185/96 1428/185/96 2252/185/96
f 185/185/96 1469/185/96 1468/185/96
f 484/185/96 1767/185/96 1766/185/96
f 146/185/96 2253/185/96 1429/185/96
f 186/185/96 1470/185/96 1469/185/96
f 485/185/96 1768/185/96 1767/185/96
f 147/185/96 2254/185/96 1430/185/96
f 187/185/96 1471/185/96 1470/185/96
f 486/185/96 1769/185/96 1768/185/96
f 148/185/96 2255/185/96 1431/185/96
f 188/185/96 1472/185/96 1471/185/96
f 487/185/96 1770/185/96 1769/185/96
f 149/185/96 2256/185/96 1432/185/96
f 189/185/96 1473/185/96 1472/185/96
f 488/185/96 1771/185/96 1770/185/96
f 989/185/96 1433/185/96 2257/185/96
f 1110/185/96 1473/185/96 2378/185/96
f 489/185/96 1772/185/96 1771/185/96
f 151/185/96 2258/185/96 1434/185/96
f 191/185/96 1475/185/96 1474/185/96
f 490/185/96 1773/185/96 1772/185/96
f 152/185/96 2259/185/96 1435/185/96
f 192/185/96 1445/185/96 1475/185/96
f 491/185/96 1774/185/96 1773/185/96
f 153/185/96 2260/185/96 1436/185/96
f 194/185/1429 1445/185/1430 1477/185/96
f 492/185/96 1775/185/96 1774/185/96
f 993/185/96 1437/185/96 2261/185/96
f 161/185/96 1476/185/96 1444/185/96
f 493/185/96 1776/185/96 1775/185/96
f 155/185/96 2262/185/96 1438/185/96
f 163/185/96 1478/185/96 1446/185/96
f 494/185/96 1777/185/96 1776/185/96
f 156/185/96 2263/185/96 1439/185/96
f 164/185/96 1479/185/96 1447/185/96
f 495/185/96 1778/185/96 1777/185/96
f 157/185/96 2264/185/96 1440/185/96
f 165/185/1431 1480/185/1431 1448/185/1431
f 496/185/96 1779/185/96 1778/185/96
f 997/185/96 1441/185/96 2265/185/96
f 166/185/96 1481/185/96 1449/185/96
f 497/185/96 1780/185/96 1779/185/96
f 998/185/96 1442/185/96 2266/185/96
f 167/185/96 1482/185/96 1450/185/96
f 498/185/96 1781/185/96 1780/185/96
f 969/185/96 2235/185/96 2237/185/96
f 168/185/96 1483/185/96 1451/185/96
f 499/185/96 1782/185/96 1781/185/96
f 967/185/96 2236/185/96 2235/185/96
f 169/185/96 1484/185/96 1452/185/96
f 500/185/96 1783/185/96 1782/185/96
f 989/185/96 2256/185/96 2257/185/96
f 170/185/96 1485/185/96 1453/185/96
f 501/185/96 1784/185/96 1783/185/96
f 980/185/96 2247/185/96 2248/185/96
f 171/185/96 1486/185/96 1454/185/96
f 502/185/96 1785/185/96 1784/185/96
f 993/185/96 2260/185/96 2261/185/96
f 172/185/96 1487/185/96 1455/185/96
f 503/185/96 1786/185/96 1785/185/96
f 984/185/96 2251/185/96 2252/185/96
f 173/185/96 1488/185/96 1456/185/96
f 504/185/96 1787/185/96 1786/185/96
f 975/185/96 2242/185/96 2243/185/96
f 174/185/96 1489/185/96 1457/185/96
f 505/185/96 1788/185/96 1787/185/96
f 997/185/96 2264/185/96 2265/185/96
f 175/185/96 1490/185/96 1458/185/96
f 506/185/96 1789/185/96 1788/185/96
f 988/185/96 2255/185/96 2256/185/96
f 176/185/96 1491/185/96 1459/185/96
f 507/185/96 1790/185/96 1789/185/96
f 979/185/96 2246/185/96 2247/185/96
f 177/185/1429 1492/185/1430 1460/185/96
f 508/185/96 1791/185/96 1790/185/96
f 971/185/96 2238/185/96 2239/185/96
f 178/185/96 1493/185/96 1461/185/96
f 509/185/96 1792/185/96 1791/185/96
f 970/185/96 2237/185/96 2238/185/96
f 179/185/96 1494/185/96 1462/185/96
f 510/185/96 1793/185/96 1792/185/96
f 992/185/96 2259/185/96 2260/185/96
f 180/185/96 1495/185/96 1463/185/96
f 511/185/96 1794/185/96 1793/185/96
f 1156/185/96 2251/185/96 2424/185/96
f 181/185/1431 1496/185/1431 1464/185/1431
f 512/185/96 1763/185/96 1794/185/96
f 974/185/96 2241/185/96 2242/185/96
f 182/185/96 1497/185/96 1465/185/96
f 349/185/96 1791/185/96 1632/185/96
f 996/185/96 2263/185/96 2264/185/96
f 183/185/96 1498/185/96 1466/185/96
f 510/185/96 1633/185/96 1792/185/96
f 987/185/96 2254/185/96 2255/185/96
f 184/185/96 1499/185/96 1467/185/96
f 336/185/96 1778/185/96 1619/185/96
f 978/185/96 2245/185/96 2246/185/96
f 185/185/96 1500/185/96 1468/185/96
f 497/185/96 1620/185/96 1779/185/96
f 991/185/96 2258/185/96 2259/185/96
f 186/185/96 1501/185/96 1469/185/96
f 323/185/96 1765/185/96 1606/185/96
f 982/185/96 2249/185/96 2250/185/96
f 187/185/96 1502/185/96 1470/185/96
f 484/185/96 1607/185/96 1766/185/96
f 973/185/96 2240/185/96 2241/185/96
f 188/185/96 1503/185/96 1471/185/96
f 995/185/96 2262/185/96 2263/185/96
f 511/185/96 1634/185/96 1793/185/96
f 189/185/96 1504/185/96 1472/185/96
f 986/185/96 2253/185/96 2254/185/96
f 498/185/96 1621/185/96 1780/185/96
f 190/185/96 1505/185/96 1473/185/96
f 977/185/96 2244/185/96 2245/185/96
f 485/185/96 1608/185/96 1767/185/96
f 191/185/96 1506/185/96 1474/185/96
f 1080/185/96 2266/185/96 2348/185/96
f 512/185/96 1635/185/96 1794/185/96
f 192/185/96 1507/185/96 1475/185/96
f 990/185/96 2257/185/96 2258/185/96
f 499/185/96 1622/185/96 1781/185/96
f 225/185/96 1509/185/96 1508/185/96
f 981/185/96 2248/185/96 2249/185/96
f 486/185/96 1609/185/96 1768/185/96
f 226/185/96 1510/185/96 1509/185/96
f 972/185/96 2239/185/96 2240/185/96
f 481/185/96 1605/185/96 1763/185/96
f 227/185/96 1511/185/96 1510/185/96
f 994/185/96 2261/185/96 2262/185/96
f 500/185/96 1623/185/96 1782/185/96
f 228/185/96 1508/185/96 1511/185/96
f 985/185/96 2252/185/96 2253/185/96
f 487/185/96 1610/185/96 1769/185/96
f 229/185/96 1513/185/96 1512/185/96
f 976/185/96 2243/185/96 2244/185/96
f 501/185/96 1624/185/96 1783/185/96
f 226/185/96 1513/185/96 1509/185/96
f 968/185/96 2266/185/96 2236/185/96
f 488/185/96 1611/185/96 1770/185/96
f 229/185/96 1508/185/96 1512/185/96
f 999/185/96 2268/185/96 2267/185/96
f 502/185/96 1625/185/96 1784/185/96
f 231/185/96 1515/185/96 1514/185/96
f 1002/185/96 2269/185/96 2270/185/96
f 489/185/96 1612/185/96 1771/185/96
f 230/185/96 1515/185/96 1513/185/96
f 1003/185/96 2272/185/96 2271/185/96
f 503/185/96 1626/185/96 1785/185/96
f 231/185/96 1512/185/96 1514/185/96
f 1006/185/96 2273/185/96 2274/185/96
f 490/185/96 1613/185/96 1772/185/96
f 233/185/96 1517/185/96 1516/185/96
f 1008/185/96 2275/185/96 2276/185/96
f 504/185/96 1627/185/96 1786/185/96
f 232/185/96 1517/185/96 1515/185/96
f 1010/185/96 2277/185/96 2278/185/96
f 491/185/96 1614/185/96 1773/185/96
f 233/185/96 1514/185/96 1516/185/96
f 1011/185/96 2280/185/96 2279/185/96
f 505/185/96 1628/185/96 1787/185/96
f 235/185/96 1519/185/96 1518/185/96
f 1014/185/96 2281/185/96 2282/185/96
f 492/185/96 1615/185/96 1774/185/96
f 234/185/96 1519/185/96 1517/185/96
f 1016/185/96 2283/185/96 2284/185/96
f 506/185/96 1629/185/96 1788/185/96
f 235/185/96 1516/185/96 1518/185/96
f 1018/185/96 2285/185/96 2286/185/96
f 493/185/96 1616/185/96 1775/185/96
f 237/185/96 1521/185/96 1520/185/96
f 1020/185/96 2287/185/96 2288/185/96
f 507/185/96 1630/185/96 1789/185/96
f 236/185/96 1521/185/96 1519/185/96
f 1021/185/96 2290/185/96 2289/185/96
f 494/185/96 1617/185/96 1776/185/96
f 237/185/96 1518/185/96 1520/185/96
f 1024/185/96 2291/185/96 2292/185/96
f 508/185/96 1631/185/96 1790/185/96
f 239/185/96 1523/185/96 1522/185/96
f 1026/185/96 2293/185/96 2294/185/96
f 495/185/96 1618/185/96 1777/185/96
f 238/185/96 1523/185/96 1521/185/96
f 1028/185/96 2295/185/96 2296/185/96
f 482/185/96 1604/185/96 1764/185/96
f 239/185/96 1520/185/96 1522/185/96
f 1029/185/96 2298/185/96 2297/185/96
f 353/185/96 1699/185/96 1636/185/96
f 241/185/96 1525/185/96 1524/185/96
f 1032/185/96 2299/185/96 2300/185/96
f 354/185/96 1700/185/96 1637/185/96
f 240/185/96 1525/185/96 1523/185/96
f 1034/185/96 2301/185/96 2302/185/96
f 355/185/96 1701/185/96 1638/185/96
f 241/185/96 1522/185/96 1524/185/96
f 1036/185/96 2303/185/96 2304/185/96
f 356/185/96 1702/185/96 1639/185/96
f 243/185/96 1527/185/96 1526/185/96
f 1038/185/96 2305/185/96 2306/185/96
f 357/185/96 1703/185/96 1640/185/96
f 242/185/96 1527/185/96 1525/185/96
f 1039/185/96 2308/185/96 2307/185/96
f 358/185/96 1704/185/96 1641/185/96
f 243/185/96 1524/185/96 1526/185/96
f 1042/185/96 2309/185/96 2310/185/96
f 359/185/96 1705/185/96 1642/185/96
f 245/185/96 1529/185/96 1528/185/96
f 1044/185/96 2311/185/96 2312/185/96
f 360/185/96 1706/185/96 1643/185/96
f 244/185/96 1529/185/96 1527/185/96
f 1046/185/96 2313/185/96 2314/185/96
f 361/185/96 1707/185/96 1644/185/96
f 245/185/96 1526/185/96 1528/185/96
f 1047/185/96 2316/185/96 2315/185/96
f 362/185/96 1708/185/96 1645/185/96
f 247/185/96 1531/185/96 1530/185/96
f 1050/185/96 2317/185/96 2318/185/96
f 363/185/96 1709/185/96 1646/185/96
f 246/185/96 1531/185/96 1529/185/96
f 1052/185/96 2319/185/96 2320/185/96
f 364/185/96 1710/185/96 1647/185/96
f 247/185/96 1528/185/96 1530/185/96
f 1054/185/96 2321/185/96 2322/185/96
f 365/185/96 1711/185/96 1648/185/96
f 249/185/96 1533/185/96 1532/185/96
f 1055/185/96 2324/185/96 2323/185/96
f 366/185/96 1712/185/96 1649/185/96
f 248/185/96 1533/185/96 1531/185/96
f 1058/185/96 2325/185/96 2326/185/96
f 367/185/96 1713/185/96 1650/185/96
f 249/185/96 1530/185/96 1532/185/96
f 1059/185/96 2268/185/96 2327/185/96
f 368/185/96 1714/185/96 1651/185/96
f 251/185/96 1535/185/96 1534/185/96
f 1060/185/96 2327/185/96 2328/185/96
f 369/185/96 1715/185/96 1652/185/96
f 250/185/96 1535/185/96 1533/185/96
f 1040/185/96 2306/185/96 2308/185/96
f 370/185/96 1716/185/96 1653/185/96
f 251/185/96 1532/185/96 1534/185/96
f 1022/185/96 2288/185/96 2290/185/96
f 371/185/96 1717/185/96 1654/185/96
f 253/185/96 1537/185/96 1536/185/96
f 1048/185/96 2314/185/96 2316/185/96
f 372/185/96 1718/185/96 1655/185/96
f 252/185/96 1537/185/96 1535/185/96
f 1030/185/96 2296/185/96 2298/185/96
f 373/185/96 1719/185/96 1656/185/96
f 253/185/96 1534/185/96 1536/185/96
f 1012/185/96 2278/185/96 2280/185/96
f 374/185/96 1720/185/96 1657/185/96
f 255/185/96 1539/185/96 1538/185/96
f 1056/185/96 2322/185/96 2324/185/96
f 375/185/96 1721/185/96 1658/185/96
f 254/185/96 2357/185/96 1537/185/96
f 1038/185/96 2304/185/96 2306/185/96
f 376/185/96 1722/185/96 1659/185/96
f 255/185/96 1536/185/96 1538/185/96
f 1020/185/96 2286/185/96 2288/185/96
f 377/185/96 1723/185/96 1660/185/96
f 257/185/96 1541/185/96 1540/185/96
f 1004/185/96 2270/185/96 2272/185/96
f 378/185/96 1724/185/96 1661/185/96
f 256/185/96 1541/185/96 1539/185/96
f 1002/185/96 2268/185/96 2270/185/96
f 379/185/96 1725/185/96 1662/185/96
f 257/185/96 1538/185/96 1540/185/96
f 1046/185/96 2312/185/96 2314/185/96
f 380/185/96 1726/185/96 1663/185/96
f 259/185/96 1543/185/96 1542/185/96
f 1028/185/96 2426/185/96 2296/185/96
f 381/185/96 1727/185/96 1664/185/96
f 258/185/96 1543/185/96 1541/185/96
f 1010/185/96 2276/185/96 2278/185/96
f 382/185/96 1728/185/96 1665/185/96
f 259/185/96 1540/185/96 1542/185/96
f 1054/185/96 2320/185/96 2322/185/96
f 383/185/96 1729/185/96 1666/185/96
f 261/185/96 1545/185/96 1544/185/96
f 1034/185/96 2304/185/96 2302/185/96
f 384/185/96 1730/185/96 1667/185/96
f 260/185/96 1545/185/96 1543/185/96
f 1016/185/96 2286/185/96 2284/185/96
f 449/185/96 1605/185/96 1731/185/96
f 261/185/96 1542/185/96 1544/185/96
f 1042/185/96 2312/185/96 2310/185/96
f 450/185/96 1604/185/96 1732/185/96
f 263/185/96 1547/185/96 1546/185/96
f 1024/185/96 2294/185/96 2292/185/96
f 451/185/96 1606/185/96 1733/185/96
f 262/185/96 1547/185/96 1545/185/96
f 1006/185/96 2276/185/96 2274/185/96
f 452/185/96 1607/185/96 1734/185/96
f 263/185/96 1544/185/96 1546/185/96
f 1050/185/96 2320/185/96 2318/185/96
f 453/185/96 1608/185/96 1735/185/96
f 265/185/96 1549/185/96 1548/185/96
f 1032/185/96 2302/185/96 2300/185/96
f 454/185/96 1609/185/96 1736/185/96
f 264/185/96 1549/185/96 1547/185/96
f 1014/185/96 2284/185/96 2282/185/96
f 455/185/96 1610/185/96 1737/185/96
f 265/185/96 1546/185/96 1548/185/96
f 1058/185/96 2349/185/96 2326/185/96
f 456/185/96 1611/185/96 1738/185/96
f 267/185/96 1551/185/96 1550/185/96
f 1040/185/96 2310/185/96 2308/185/96
f 457/185/96 1612/185/96 1739/185/96
f 266/185/96 1551/185/96 1549/185/96
f 1022/185/96 2292/185/96 2290/185/96
f 458/185/96 1613/185/96 1740/185/96
f 267/185/96 1548/185/96 1550/185/96
f 1004/185/96 2274/185/96 2272/185/96
f 459/185/96 1614/185/96 1741/185/96
f 269/185/96 1553/185/96 1552/185/96
f 1050/185/96 2316/185/96 2318/185/96
f 460/185/96 1615/185/96 1742/185/96
f 268/185/96 1553/185/96 1551/185/96
f 1032/185/96 2298/185/96 2300/185/96
f 461/185/96 1616/185/96 1743/185/96
f 269/185/96 1550/185/96 1552/185/96
f 1014/185/96 2280/185/96 2282/185/96
f 462/185/96 1617/185/96 1744/185/96
f 271/185/96 1555/185/96 1554/185/96
f 1060/185/96 2326/185/96 2328/185/96
f 463/185/96 1618/185/96 1745/185/96
f 270/185/96 1555/185/96 1553/185/96
f 1059/185/96 2329/185/96 2327/185/96
f 464/185/96 1619/185/96 1746/185/96
f 271/185/96 1552/185/96 1554/185/96
f 1060/185/96 2330/185/96 2328/185/96
f 465/185/96 1620/185/96 1747/185/96
f 273/185/96 1557/185/96 1556/185/96
f 999/185/96 2329/185/96 2267/185/96
f 466/185/96 1621/185/96 1748/185/96
f 272/185/96 1557/185/96 1555/185/96
f 1061/185/96 2330/185/96 2329/185/96
f 467/185/96 1622/185/96 1749/185/96
f 273/185/96 1554/185/96 1556/185/96
f 1039/185/96 2305/185/96 2307/185/96
f 468/185/96 1623/185/96 1750/185/96
f 275/185/96 1559/185/96 1558/185/96
f 1021/185/96 2287/185/96 2289/185/96
f 469/185/96 1624/185/96 1751/185/96
f 274/185/96 1559/185/96 1557/185/96
f 1047/185/96 2313/185/96 2315/185/96
f 470/185/96 1625/185/96 1752/185/96
f 275/185/96 1556/185/96 1558/185/96
f 1029/185/96 2295/185/96 2297/185/96
f 471/185/96 1626/185/96 1753/185/96
f 277/185/96 1561/185/96 1560/185/96
f 1011/185/96 2277/185/96 2279/185/96
f 472/185/96 1627/185/96 1754/185/96
f 276/185/96 1561/185/96 1559/185/96
f 1055/185/96 2321/185/96 2323/185/96
f 473/185/96 1628/185/96 1755/185/96
f 277/185/96 1558/185/96 1560/185/96
f 1037/185/96 2303/185/96 2305/185/96
f 474/185/96 1629/185/96 1756/185/96
f 279/185/96 1563/185/96 1562/185/96
f 1019/185/96 2285/185/96 2287/185/96
f 475/185/96 1630/185/96 1757/185/96
f 278/185/96 1563/185/96 1561/185/96
f 1003/185/96 2269/185/96 2271/185/96
f 476/185/96 1631/185/96 1758/185/96
f 279/185/96 1560/185/96 1562/185/96
f 1001/185/96 2267/185/96 2269/185/96
f 477/185/96 1632/185/96 1759/185/96
f 281/185/96 1565/185/96 1564/185/96
f 1043/185/96 2313/185/96 2311/185/96
f 478/185/96 1633/185/96 1760/185/96
f 280/185/96 1565/185/96 1563/185/96
f 1027/185/96 2428/185/96 2295/185/96
f 479/185/96 1634/185/96 1761/185/96
f 281/185/96 1562/185/96 1564/185/96
f 1007/185/96 2277/185/96 2275/185/96
f 480/185/96 1635/185/96 1762/185/96
f 283/185/96 1567/185/96 1566/185/96
f 1051/185/96 2321/185/96 2319/185/96
f 448/185/96 1762/185/96 1730/185/96
f 282/185/96 1567/185/96 1565/185/96
f 1033/185/96 2303/185/96 2301/185/96
f 447/185/96 1761/185/96 1729/185/96
f 283/185/96 1564/185/96 1566/185/96
f 1015/185/96 2285/185/96 2283/185/96
f 446/185/96 1760/185/96 1728/185/96
f 285/185/96 1569/185/96 1568/185/96
f 1041/185/96 2311/185/96 2309/185/96
f 445/185/96 1759/185/96 1727/185/96
f 284/185/96 2380/185/96 1567/185/96
f 1023/185/96 2293/185/96 2291/185/96
f 444/185/96 1758/185/96 1726/185/96
f 285/185/96 1566/185/96 1568/185/96
f 1005/185/96 2275/185/96 2273/185/96
f 443/185/96 1757/185/96 1725/185/96
f 287/185/96 1571/185/96 1570/185/96
f 1049/185/96 2319/185/96 2317/185/96
f 442/185/96 1756/185/96 1724/185/96
f 286/185/96 1571/185/96 1569/185/96
f 1031/185/96 2301/185/96 2299/185/96
f 441/185/96 1755/185/96 1723/185/96
f 287/185/96 1568/185/96 1570/185/96
f 1013/185/96 2283/185/96 2281/185/96
f 440/185/96 1754/185/96 1722/185/96
f 288/185/96 1510/185/96 1571/185/96
f 1057/185/96 2350/185/96 2325/185/96
f 439/185/96 1753/185/96 1721/185/96
f 228/185/96 1570/185/96 1511/185/96
f 1039/185/96 2309/185/96 2307/185/96
f 438/185/96 1752/185/96 1720/185/96
f 161/185/96 1509/185/96 1444/185/96
f 1023/185/96 2289/185/96 2291/185/96
f 437/185/96 1751/185/96 1719/185/96
f 227/185/96 1445/185/96 1510/185/96
f 1005/185/96 2271/185/96 2273/185/96
f 436/185/96 1750/185/96 1718/185/96
f 230/185/96 1446/185/96 1513/185/96
f 1049/185/96 2315/185/96 2317/185/96
f 435/185/96 1749/185/96 1717/185/96
f 192/185/96 1571/185/96 1475/185/96
f 1031/185/96 2297/185/96 2299/185/96
f 434/185/96 1748/185/96 1716/185/96
f 164/185/96 1515/185/96 1447/185/96
f 1013/185/96 2279/185/96 2281/185/96
f 433/185/96 1747/185/96 1715/185/96
f 234/185/96 1448/185/96 1517/185/96
f 1062/185/96 2325/185/96 2330/185/96
f 432/185/96 1746/185/96 1714/185/96
f 236/185/96 1449/185/96 1519/185/96
f 1009/185/96 2242/185/96 2277/185/96
f 431/185/96 1745/185/96 1713/185/96
f 238/185/96 1450/185/96 1521/185/96
f 590/185/96 2282/185/96 1858/185/96
f 430/185/96 1744/185/96 1712/185/96
f 168/185/96 1523/185/96 1451/185/96
f 997/185/96 2323/185/96 2265/185/96
f 429/185/96 1743/185/96 1711/185/96
f 242/185/96 1452/185/96 1525/185/96
f 1053/185/96 2264/185/96 2321/185/96
f 428/185/96 1742/185/96 1710/185/96
f 244/185/96 1453/185/96 1527/185/96
f 611/185/96 2324/185/96 1879/185/96
f 427/185/96 1741/185/96 1709/185/96
f 246/185/96 1454/185/96 1529/185/96
f 612/185/96 2326/185/96 1880/185/96
f 426/185/96 1740/185/96 1708/185/96
f 248/185/96 1455/185/96 1531/185/96
f 1035/185/96 2255/185/96 2303/185/96
f 425/185/96 1739/185/96 1707/185/96
f 250/185/96 1456/185/96 1533/185/96
f 603/185/96 2308/185/96 1871/185/96
f 424/185/96 1738/185/96 1706/185/96
f 252/185/96 1457/185/96 1535/185/96
f 1017/185/96 2246/185/96 2285/185/96
f 423/185/96 1737/185/96 1705/185/96
f 254/185/96 1458/185/96 1537/185/96
f 594/185/96 2290/185/96 1862/185/96
f 422/185/96 1736/185/96 1704/185/96
f 176/185/96 1539/185/96 1459/185/96
f 1059/185/96 1850/185/96 2327/185/96
f 421/185/96 1735/185/96 1703/185/96
f 258/185/96 1460/185/96 1541/185/96
f 1000/185/96 1849/185/96 2268/185/96
f 420/185/96 1734/185/96 1702/185/96
f 260/185/96 1461/185/96 1543/185/96
f 970/185/96 2269/185/96 2238/185/96
f 419/185/96 1733/185/96 1701/185/96
f 262/185/96 1462/185/96 1545/185/96
f 585/185/96 2272/185/96 1853/185/96
f 418/185/96 1732/185/96 1700/185/96
f 264/185/96 1463/185/96 1547/185/96
f 584/185/96 2328/185/96 1852/185/96
f 417/185/96 1731/185/96 1699/185/96
f 181/185/96 1549/185/96 1464/185/96
f 607/185/96 2316/185/96 1875/185/96
f 385/185/96 1669/185/96 1668/185/96
f 268/185/96 1465/185/96 1551/185/96
f 1043/185/96 2259/185/96 2311/185/96
f 387/185/96 1669/185/96 1670/185/96
f 270/185/96 1466/185/96 1553/185/96
f 602/185/96 2306/185/96 1870/185/96
f 388/185/96 1670/185/96 1671/185/96
f 272/185/96 1467/185/96 1555/185/96
f 598/185/96 2298/185/96 1866/185/96
f 389/185/96 1671/185/96 1672/185/96
f 274/185/96 1468/185/96 1557/185/96
f 982/185/96 2293/185/96 2250/185/96
f 389/185/96 1673/185/96 1672/185/96
f 276/185/96 1469/185/96 1559/185/96
f 593/185/96 2288/185/96 1861/185/96
f 390/185/96 1674/185/96 1673/185/96
f 278/185/96 1470/185/96 1561/185/96
f 589/185/96 2280/185/96 1857/185/96
f 392/185/96 1674/185/96 1675/185/96
f 280/185/96 1471/185/96 1563/185/96
f 1007/185/96 2241/185/96 2275/185/96
f 393/185/96 1675/185/96 1676/185/96
f 282/185/96 1472/185/96 1565/185/96
f 606/185/96 2314/185/96 1874/185/96
f 394/185/96 1676/185/96 1677/185/96
f 284/185/96 1473/185/96 1567/185/96
f 1051/185/96 2263/185/96 2319/185/96
f 394/185/96 1678/185/96 1677/185/96
f 191/185/96 1569/185/96 1474/185/96
f 597/185/96 2296/185/96 1865/185/96
f 395/185/96 1679/185/96 1678/185/96
f 289/185/96 1573/185/96 1572/185/96
f 1033/185/96 2254/185/96 2301/185/96
f 397/185/96 1679/185/96 1680/185/96
f 291/185/96 1573/185/96 1574/185/96
f 588/185/96 2278/185/96 1856/185/96
f 398/185/96 1680/185/96 1681/185/96
f 292/185/96 1574/185/96 1575/185/96
f 610/185/96 2322/185/96 1878/185/96
f 399/185/96 1681/185/96 1682/185/96
f 293/185/96 1575/185/96 1576/185/96
f 1015/185/96 2245/185/96 2283/185/96
f 399/185/96 1683/185/96 1682/185/96
f 294/185/96 1576/185/96 1577/185/96
f 1041/185/96 2258/185/96 2309/185/96
f 400/185/96 1684/185/96 1683/185/96
f 295/185/96 1577/185/96 1578/185/96
f 583/185/96 2270/185/96 1851/185/96
f 402/185/96 1684/185/96 1685/185/96
f 296/185/96 1578/185/96 1579/185/96
f 403/185/96 1685/185/96 1686/185/96
f 297/185/96 1579/185/96 1580/185/96
f 404/185/96 1686/185/96 1687/185/96
f 298/185/96 1580/185/96 1581/185/96
f 404/185/96 1688/185/96 1687/185/96
f 299/185/96 1581/185/96 1582/185/96
f 405/185/96 1689/185/96 1688/185/96
f 300/185/96 1582/185/96 1583/185/96
f 159/185/96 2331/185/96 1442/185/96
f 407/185/96 1689/185/96 1690/185/96
f 301/185/96 1583/185/96 1584/185/96
f 408/185/96 1690/185/96 1691/185/96
f 302/185/96 1584/185/96 1585/185/96
f 1126/185/96 2332/185/96 2394/185/96
f 409/185/96 1691/185/96 1692/185/96
f 303/185/96 1585/185/96 1586/185/96
f 1128/185/96 2333/185/96 2396/185/96
f 409/185/96 1693/185/96 1692/185/96
f 304/185/96 1586/185/96 1587/185/96
f 410/185/96 1694/185/96 1693/185/96
f 305/185/96 1587/185/96 1588/185/96
f 412/185/96 1694/185/96 1695/185/96
f 306/185/96 1588/185/96 1589/185/96
f 1066/185/96 1314/185/96 2334/185/96
f 413/185/96 1695/185/96 1696/185/96
f 307/185/96 1589/185/96 1590/185/96
f 223/185/96 2335/185/96 1506/185/96
f 308/185/96 1590/185/96 1591/185/96
f 1068/185/96 1474/185/96 2336/185/96
f 309/185/96 1591/185/96 1592/185/96
f 286/185/96 2337/185/96 1569/185/96
f 416/185/96 1697/185/96 1698/185/96
f 310/185/96 1592/185/96 1593/185/96
f 1070/185/96 2398/185/96 2338/185/96
f 416/185/96 1668/185/96 1698/185/96
f 311/185/96 1593/185/96 1594/185/96
f 1132/185/96 2339/185/96 2400/185/96
f 481/185/1429 1668/185/1430 1763/185/96
f 312/185/96 1594/185/96 1595/185/96
f 693/185/96 2340/185/96 1961/185/96
f 386/185/96 1764/185/96 1669/185/96
f 313/185/96 1595/185/96 1596/185/96
f 691/185/96 2341/185/96 1959/185/96
f 387/185/96 1765/185/96 1670/185/96
f 314/185/96 1596/185/96 1597/185/96
f 1074/185/96 2051/185/96 2342/185/96
f 388/185/96 1766/185/96 1671/185/96
f 315/185/96 1597/185/96 1598/185/96
f 1075/185/96 2089/185/96 2343/185/96
f 389/185/1431 1767/185/1431 1672/185/1431
f 316/185/96 1598/185/96 1599/185/96
f 390/185/96 1768/185/96 1673/185/96
f 317/185/96 1599/185/96 1600/185/96
f 1076/185/96 2402/185/96 2344/185/96
f 391/185/96 1769/185/96 1674/185/96
f 318/185/96 1600/185/96 1601/185/96
f 1077/185/96 2404/185/96 2345/185/96
f 392/185/96 1770/185/96 1675/185/96
f 319/185/96 1601/185/96 1602/185/96
f 957/185/96 2346/185/96 2225/185/96
f 393/185/96 1771/185/96 1676/185/96
f 320/185/96 1602/185/96 1603/185/96
f 958/185/96 2347/185/96 2226/185/96
f 394/185/96 1772/185/96 1677/185/96
f 289/185/96 1603/185/96 1572/185/96
f 1138/185/96 2348/185/96 2406/185/96
f 395/185/96 1773/185/96 1678/185/96
f 228/185/96 1572/185/96 1511/185/96
f 1081/185/96 2408/185/96 2349/185/96
f 396/185/96 1774/185/96 1679/185/96
f 290/185/96 1508/185/96 1573/185/96
f 1082/185/96 2410/185/96 2350/185/96
f 397/185/96 1775/185/96 1680/185/96
f 243/185/96 1581/185/96 1526/185/96
f 1082/185/96 2348/185/96 2350/185/96
f 398/185/96 1776/185/96 1681/185/96
f 299/185/96 1528/185/96 1582/185/96
f 1081/185/96 2350/185/96 2349/185/96
f 399/185/96 1777/185/96 1682/185/96
f 261/185/96 1590/185/96 1544/185/96
f 1070/185/96 2349/185/96 2338/185/96
f 400/185/96 1778/185/96 1683/185/96
f 308/185/96 1546/185/96 1591/185/96
f 1078/185/96 2347/185/96 2346/185/96
f 401/185/1429 1779/185/512 1684/185/96
f 279/185/96 1599/185/96 1562/185/96
f 1076/185/96 2345/185/96 2344/185/96
f 402/185/96 1780/185/96 1685/185/96
f 317/185/96 1564/185/96 1600/185/96
f 2615/2439/96 2344/185/96 2758/2439/96
f 403/185/96 1781/185/96 1686/185/96
f 235/185/96 1577/185/96 1518/185/96
f 1075/185/96 2340/185/96 2343/185/96
f 404/185/96 1782/185/96 1687/185/96
f 295/185/96 1520/185/96 1578/185/96
f 1079/185/96 2343/185/96 2347/185/96
f 405/185/1431 1783/185/1431 1688/185/1431
f 253/185/96 1586/185/96 1536/185/96
f 1074/185/96 2346/185/96 2342/185/96
f 406/185/96 1784/185/96 1689/185/96
f 304/185/96 1538/185/96 1587/185/96
f 1073/185/96 2342/185/96 2341/185/96
f 407/185/96 1785/185/96 1690/185/96
f 271/185/96 1595/185/96 1554/185/96
f 1072/185/96 2339/185/96 2340/185/96
f 408/185/96 1786/185/96 1691/185/96
f 313/185/96 1556/185/96 1596/185/96
f 1071/185/96 2338/185/96 2339/185/96
f 409/185/96 1787/185/96 1692/185/96
f 291/185/96 1512/185/96 1574/185/96
f 1065/185/96 2341/185/96 2333/185/96
f 410/185/96 1788/185/96 1693/185/96
f 300/185/96 1530/185/96 1583/185/96
f 1068/185/96 2337/185/96 2336/185/96
f 411/185/96 1789/185/96 1694/185/96
f 309/185/96 1548/185/96 1592/185/96
f 1067/185/96 2336/185/96 2335/185/96
f 412/185/96 1790/185/96 1695/185/96
f 318/185/96 1566/185/96 1601/185/96
f 1066/185/96 2335/185/96 2334/185/96
f 413/185/96 1791/185/96 1696/185/96
f 296/185/96 1522/185/96 1579/185/96
f 1063/185/96 2334/185/96 2331/185/96
f 305/185/96 1540/185/96 1588/185/96
f 415/185/96 1793/185/96 1697/185/96
f 314/185/96 1558/185/96 1597/185/96
f 416/185/96 1794/185/96 1698/185/96
f 292/185/96 1514/185/96 1575/185/96
f 2653/185/96 2332/185/96 2574/185/96
f 515/185/1435 1672/185/1435 1796/185/1435
f 301/185/96 1532/185/96 1584/185/96
f 517/185/1436 516/185/1436 1674/185/1436
f 310/185/96 1550/185/96 1593/185/96
f 1077/185/96 2333/185/96 2345/185/96
f 518/185/1437 1677/185/1437 1797/185/1437
f 319/185/96 1568/185/96 1602/185/96
f 1080/185/96 2331/185/96 2348/185/96
f 520/185/1438 519/185/1438 1679/185/1438
f 297/185/96 1524/185/96 1580/185/96
f 521/185/1439 1682/185/1439 1798/185/1439
f 306/185/96 1542/185/96 1589/185/96
f 523/185/1440 522/185/1440 1684/185/1440
f 315/185/96 1560/185/96 1598/185/96
f 524/185/1441 1687/185/1441 1799/185/1441
f 293/185/96 1516/185/96 1576/185/96
f 526/185/1442 525/185/1442 1689/185/1442
f 302/185/96 1534/185/96 1585/185/96
f 527/185/1443 1692/185/1443 1800/185/1443
f 311/185/96 1552/185/96 1594/185/96
f 529/185/1444 528/185/1444 1694/185/1444
f 320/185/96 1570/185/96 1603/185/96
f 417/185/96 1637/185/96 1699/185/96
f 414/185/1445 510/185/1445 1697/185/1445
f 418/185/96 1638/185/96 1700/185/96
f 1083/185/96 2430/185/96 2351/185/96
f 419/185/96 1639/185/96 1701/185/96
f 522/185/96 1683/185/96 1798/185/96
f 420/185/96 1640/185/96 1702/185/96
f 1084/185/96 1360/185/96 2352/185/96
f 421/185/96 1641/185/96 1703/185/96
f 1085/185/96 1358/185/96 2353/185/96
f 422/185/96 1642/185/96 1704/185/96
f 385/185/96 1795/185/96 1668/185/96
f 423/185/96 1643/185/96 1705/185/96
f 424/185/96 1644/185/96 1706/185/96
f 1164/185/96 2354/185/96 2432/185/96
f 425/185/96 1645/185/96 1707/185/96
f 1087/185/96 2434/185/96 2355/185/96
f 519/185/96 1678/185/96 1797/185/96
f 426/185/96 1646/185/96 1708/185/96
f 1168/185/96 2356/185/96 2436/185/96
f 427/185/96 1647/185/96 1709/185/96
f 1170/185/96 2357/185/96 2438/185/96
f 528/185/96 1693/185/96 1800/185/96
f 428/185/96 1648/185/96 1710/185/96
f 596/185/96 2358/185/96 1864/185/96
f 429/185/96 1649/185/96 1711/185/96
f 1091/185/96 1911/185/96 2359/185/96
f 430/185/96 1650/185/96 1712/185/96
f 1092/185/96 2440/185/96 2360/185/96
f 431/185/96 1651/185/96 1713/185/96
f 1093/185/96 2442/185/96 2361/185/96
f 516/185/96 1673/185/96 1796/185/96
f 432/185/96 1652/185/96 1714/185/96
f 1176/185/96 2362/185/96 2444/185/96
f 433/185/96 1653/185/96 1715/185/96
f 1178/185/96 2363/185/96 2446/185/96
f 525/185/96 1688/185/96 1799/185/96
f 434/185/96 1654/185/96 1716/185/96
f 435/185/96 1655/185/96 1717/185/96
f 887/185/96 2364/185/96 2155/185/96
f 436/185/96 1656/185/96 1718/185/96
f 888/185/96 2365/185/96 2156/185/96
f 437/185/96 1657/185/96 1719/185/96
f 1098/185/96 2448/185/96 2366/185/96
f 532/185/1446 1698/185/1446 1795/185/1446
f 438/185/96 1658/185/96 1720/185/96
f 1099/185/96 2450/185/96 2367/185/96
f 439/185/96 1659/185/96 1721/185/96
f 1100/185/96 2250/185/96 2368/185/96
f 545/2440/1429 1814/2440/1430 1813/2440/96
f 440/185/96 1660/185/96 1722/185/96
f 1101/185/96 2294/185/96 2369/185/96
f 546/2440/96 1815/2440/96 1814/2440/96
f 441/185/96 1661/185/96 1723/185/96
f 1025/185/96 2370/185/96 2293/185/96
f 547/2440/96 1816/2440/96 1815/2440/96
f 442/185/96 1662/185/96 1724/185/96
f 1101/185/96 2358/185/96 2369/185/96
f 548/2440/96 1817/2440/96 1816/2440/96
f 443/185/96 1663/185/96 1725/185/96
f 1100/185/96 2370/185/96 2368/185/96
f 549/2440/96 1818/2440/96 1817/2440/96
f 444/185/96 1664/185/96 1726/185/96
f 1102/185/96 2369/185/96 2370/185/96
f 550/2440/96 1819/2440/96 1818/2440/96
f 445/185/96 1665/185/96 1727/185/96
f 1098/185/96 2362/185/96 2366/185/96
f 551/2440/1433 1820/2440/1434 1819/2440/96
f 446/185/96 1666/185/96 1728/185/96
f 1099/185/96 2366/185/96 2367/185/96
f 552/2440/96 1821/2440/96 1820/2440/96
f 447/185/96 1667/185/96 1729/185/96
f 1097/185/96 2364/185/96 2365/185/96
f 553/2440/96 1822/2440/96 1821/2440/96
f 448/185/96 1636/185/96 1730/185/96
f 554/2440/96 1823/2440/96 1822/2440/96
f 225/185/96 1637/185/96 1508/185/96
f 1092/185/96 2363/185/96 2360/185/96
f 555/2440/96 1824/2440/96 1823/2440/96
f 353/185/96 1511/185/96 1636/185/96
f 1095/185/96 2367/185/96 2363/185/96
f 556/2440/96 1813/2440/96 1824/2440/96
f 362/185/96 1526/185/96 1645/185/96
f 1094/185/96 2361/185/96 2362/185/96
f 534/2440/1433 1808/2440/1434 1802/2440/96
f 245/185/96 1646/185/96 1528/185/96
f 1091/185/96 2360/185/96 2359/185/96
f 535/2440/96 1802/2440/96 1803/2440/96
f 371/185/96 1544/185/96 1654/185/96
f 1090/185/96 2359/185/96 2358/185/96
f 533/2440/96 1803/2440/96 1801/2440/96
f 263/185/96 1655/185/96 1546/185/96
f 1093/185/96 2353/185/96 2361/185/96
f 537/2440/96 1801/2440/96 1805/2440/96
f 380/185/96 1562/185/96 1663/185/96
f 1089/185/96 2356/185/96 2357/185/96
f 538/2440/96 1805/2440/96 1806/2440/96
f 281/185/96 1664/185/96 1564/185/96
f 1088/185/96 2355/185/96 2356/185/96
f 536/2440/96 1806/2440/96 1804/2440/96
f 358/185/96 1518/185/96 1641/185/96
f 1087/185/96 2354/185/96 2355/185/96
f 543/2440/1429 1804/2440/1430 1811/2440/96
f 237/185/96 1642/185/96 1520/185/96
f 1086/185/96 2351/185/96 2354/185/96
f 544/2440/96 1811/2440/96 1812/2440/96
f 367/185/96 1536/185/96 1650/185/96
f 542/2440/96 1812/2440/96 1810/2440/96
f 255/185/96 1651/185/96 1538/185/96
f 539/2440/96 1810/2440/96 1807/2440/96
f 376/185/96 1554/185/96 1659/185/96
f 541/2440/96 1807/2440/96 1809/2440/96
f 273/185/96 1660/185/96 1556/185/96
f 2553/185/96 2352/185/96 2709/185/96
f 540/2440/96 1809/2440/96 1808/2440/96
f 229/185/96 1638/185/96 1512/185/96
f 1085/185/96 2365/185/96 2353/185/96
f 545/2440/96 1825/2440/96 1813/2440/96
f 247/185/96 1647/185/96 1530/185/96
f 580/2440/96 1809/2440/96 1848/2440/96
f 265/185/96 1656/185/96 1548/185/96
f 1083/185/96 2368/185/96 2351/185/96
f 553/2440/96 1833/2440/96 1821/2440/96
f 283/185/96 1665/185/96 1566/185/96
f 572/2440/96 1801/2440/96 1840/2440/96
f 239/185/96 1643/185/96 1522/185/96
f 579/2440/96 1807/2440/96 1847/2440/96
f 257/185/96 1652/185/96 1540/185/96
f 552/2440/96 1832/2440/96 1820/2440/96
f 275/185/96 1661/185/96 1558/185/96
f 570/2440/96 1802/2440/96 1838/2440/96
f 231/185/96 1639/185/96 1514/185/96
f 571/2440/96 1803/2440/96 1839/2440/96
f 249/185/96 1648/185/96 1532/185/96
f 1063/185/96 2371/185/96 2331/185/96
f 577/2440/96 1812/2440/96 1845/2440/96
f 267/185/96 1657/185/96 1550/185/96
f 1103/185/96 2372/185/96 2371/185/96
f 578/2440/96 1810/2440/96 1846/2440/96
f 285/185/96 1666/185/96 1568/185/96
f 551/2440/96 1831/2440/96 1819/2440/96
f 241/185/96 1644/185/96 1524/185/96
f 550/2440/96 1830/2440/96 1818/2440/96
f 259/185/96 1653/185/96 1542/185/96
f 557/2440/1429 1826/2440/1430 1825/2440/96
f 277/185/96 1662/185/96 1560/185/96
f 559/2440/96 1826/2440/96 1827/2440/96
f 233/185/96 1640/185/96 1516/185/96
f 1105/185/96 2334/185/96 2373/185/96
f 560/2440/96 1827/2440/96 1828/2440/96
f 251/185/96 1649/185/96 1534/185/96
f 1106/185/96 2373/185/96 2374/185/96
f 561/2440/96 1828/2440/96 1829/2440/96
f 269/185/96 1658/185/96 1552/185/96
f 1067/185/96 2375/185/96 2335/185/96
f 562/2440/96 1829/2440/96 1830/2440/96
f 287/185/96 1667/185/96 1570/185/96
f 1107/185/96 2376/185/96 2375/185/96
f 562/2440/96 1831/2440/96 1830/2440/96
f 1109/185/96 2336/185/96 2377/185/96
f 563/2440/1433 1832/2440/1434 1831/2440/96
f 1110/185/96 2377/185/96 2378/185/96
f 564/2440/96 1833/2440/96 1832/2440/96
f 1069/185/96 2379/185/96 2337/185/96
f 565/2440/96 1834/2440/96 1833/2440/96
f 1111/185/96 2380/185/96 2379/185/96
f 567/2440/96 1834/2440/96 1835/2440/96
f 1113/185/96 2340/185/96 2381/185/96
f 568/2440/96 1835/2440/96 1836/2440/96
f 1113/185/96 2382/185/96 2381/185/96
f 557/2440/96 1836/2440/96 1825/2440/96
f 1073/185/96 2383/185/96 2341/185/96
f 569/2440/1429 1838/2440/1430 1837/2440/96
f 1115/185/96 2384/185/96 2383/185/96
f 571/2440/96 1838/2440/96 1839/2440/96
f 1117/185/96 2342/185/96 2385/185/96
f 572/2440/96 1839/2440/96 1840/2440/96
f 1118/185/96 2385/185/96 2386/185/96
f 573/2440/96 1840/2440/96 1841/2440/96
f 1075/185/96 2387/185/96 2343/185/96
f 573/2440/96 1842/2440/96 1841/2440/96
f 1120/185/96 2387/185/96 2388/185/96
f 574/2440/96 1843/2440/96 1842/2440/96
f 1078/185/96 2389/185/96 2346/185/96
f 575/2440/1433 1844/2440/1434 1843/2440/96
f 1121/185/96 2390/185/96 2389/185/96
f 576/2440/96 1845/2440/96 1844/2440/96
f 1123/185/96 2347/185/96 2391/185/96
f 578/2440/96 1845/2440/96 1846/2440/96
f 1123/185/96 2392/185/96 2391/185/96
f 579/2440/96 1846/2440/96 1847/2440/96
f 580/2440/96 1847/2440/96 1848/2440/96
f 569/2440/96 1848/2440/96 1837/2440/96
f 570/2440/96 1826/2440/96 1838/2440/96
f 557/2440/96 1837/2440/96 1825/2440/96
f 571/2440/1431 1827/2440/1431 1839/2440/1431
f 572/2440/96 1828/2440/96 1840/2440/96
f 1125/185/96 1405/185/96 2393/185/96
f 573/2440/96 1829/2440/96 1841/2440/96
f 1125/185/96 2394/185/96 2393/185/96
f 574/2440/96 1830/2440/96 1842/2440/96
f 1127/185/96 1403/185/96 2395/185/96
f 575/2440/96 1831/2440/96 1843/2440/96
f 1127/185/96 2396/185/96 2395/185/96
f 576/2440/96 1832/2440/96 1844/2440/96
f 577/2440/1431 1833/2440/1431 1845/2440/1431
f 578/2440/96 1834/2440/96 1846/2440/96
f 611/185/96 2397/185/96 1879/185/96
f 579/2440/96 1835/2440/96 1847/2440/96
f 1130/185/96 2397/185/96 2398/185/96
f 580/2440/96 1836/2440/96 1848/2440/96
f 1131/185/96 1957/185/96 2399/185/96
f 558/2440/96 1814/2440/96 1826/2440/96
f 1131/185/96 2400/185/96 2399/185/96
f 537/2440/96 1841/2440/96 1805/2440/96
f 566/2440/96 1822/2440/96 1834/2440/96
f 2614/2441/1447 2401/185/96 1133/185/1448
f 540/2440/96 1837/2440/96 1808/2440/96
f 917/185/96 2401/185/96 2185/185/96
f 559/2440/96 1815/2440/96 1827/2440/96
f 1134/185/96 2401/185/96 2402/185/96
f 538/2440/96 1842/2440/96 1806/2440/96
f 918/185/96 2403/185/96 2186/185/96
f 567/2440/96 1823/2440/96 1835/2440/96
f 1136/185/96 2403/185/96 2404/185/96
f 560/2440/96 1816/2440/96 1828/2440/96
f 1137/185/96 2265/185/96 2405/185/96
f 536/2440/96 1843/2440/96 1804/2440/96
f 1137/185/96 2406/185/96 2405/185/96
f 568/2440/96 1824/2440/96 1836/2440/96
f 1056/185/96 2407/185/96 2324/185/96
f 561/2440/96 1817/2440/96 1829/2440/96
f 1140/185/96 2407/185/96 2408/185/96
f 543/2440/96 1844/2440/96 1811/2440/96
f 1055/185/96 2409/185/96 2323/185/96
f 599/185/96 2300/185/96 1867/185/96
f 1142/185/96 2409/185/96 2410/185/96
f 1027/185/96 2251/185/96 2295/185/96
f 1052/185/96 1877/185/96 2320/185/96
f 608/185/96 2318/185/96 1876/185/96
f 1057/185/96 2266/185/96 2325/185/96
f 1045/185/96 2260/185/96 2313/185/96
f 1008/185/96 1855/185/96 2276/185/96
f 1006/185/96 1854/185/96 2274/185/96
f 1127/185/96 2403/185/96 2395/185/96
f 975/185/96 2279/185/96 2243/185/96
f 1136/185/96 2396/185/96 2404/185/96
f 976/185/96 2281/185/96 2244/185/96
f 979/185/96 2287/185/96 2247/185/96
f 1026/185/96 1864/185/96 2294/185/96
f 1024/185/96 1863/185/96 2292/185/96
f 984/185/96 2297/185/96 2252/185/96
f 1106/185/96 2372/185/96 2374/185/96
f 985/185/96 2299/185/96 2253/185/96
f 1103/185/96 2373/185/96 2371/185/96
f 988/185/96 2305/185/96 2256/185/96
f 1110/185/96 2376/185/96 2378/185/96
f 989/185/96 2307/185/96 2257/185/96
f 1107/185/96 2377/185/96 2375/185/96
f 1044/185/96 1873/185/96 2312/185/96
f 1131/185/96 2382/185/96 2399/185/96
f 1042/185/96 1872/185/96 2310/185/96
f 1113/185/96 2400/185/96 2381/185/96
f 993/185/96 2315/185/96 2261/185/96
f 1118/185/96 2384/185/96 2386/185/96
f 994/185/96 2317/185/96 2262/185/96
f 1115/185/96 2385/185/96 2383/185/96
f 968/185/96 2330/185/96 2236/185/96
f 1120/185/96 2392/185/96 2388/185/96
f 1018/185/96 1860/185/96 2286/185/96
f 1123/185/96 2387/185/96 2391/185/96
f 1016/185/96 1859/185/96 2284/185/96
f 1114/185/96 2388/185/96 2382/185/96
f 971/185/96 2271/185/96 2239/185/96
f 1119/185/96 2381/185/96 2387/185/96
f 972/185/96 2273/185/96 2240/185/96
f 1124/185/96 2390/185/96 2392/185/96
f 967/185/96 2329/185/96 2235/185/96
f 1121/185/96 2391/185/96 2389/185/96
f 999/185/96 2237/185/96 2267/185/96
f 1137/185/96 2409/185/96 2405/185/96
f 1036/185/96 1869/185/96 2304/185/96
f 1142/185/96 2406/185/96 2410/185/96
f 1034/185/96 1868/185/96 2302/185/96
f 1140/185/96 2410/185/96 2408/185/96
f 582/185/96 1849/185/96 1850/185/96
f 1141/185/96 2407/185/96 2409/185/96
f 584/185/96 1850/185/96 1852/185/96
f 1130/185/96 2408/185/96 2398/185/96
f 602/185/96 1871/185/96 1870/185/96
f 1139/185/96 2397/185/96 2407/185/96
f 593/185/96 1862/185/96 1861/185/96
f 1134/185/96 2404/185/96 2402/185/96
f 606/185/96 1875/185/96 1874/185/96
f 1135/185/96 2401/185/96 2403/185/96
f 597/185/96 1866/185/96 1865/185/96
f 2654/2441/96 2402/185/96 2575/2441/96
f 588/185/96 1857/185/96 1856/185/96
f 610/185/96 1879/185/96 1878/185/96
f 1117/185/96 2389/185/96 2385/185/96
f 601/185/96 1870/185/96 1869/185/96
f 1122/185/96 2386/185/96 2390/185/96
f 592/185/96 1861/185/96 1860/185/96
f 1132/185/96 2398/185/96 2400/185/96
f 583/185/96 1853/185/96 1851/185/96
f 1129/185/96 2399/185/96 2397/185/96
f 581/185/96 1851/185/96 1849/185/96
f 1128/185/96 2383/185/96 2396/185/96
f 605/185/96 1874/185/96 1873/185/96
f 1116/185/96 2395/185/96 2384/185/96
f 1148/185/96 1865/185/96 2416/185/96
f 1109/185/96 2379/185/96 2377/185/96
f 587/185/96 1856/185/96 1855/185/96
f 1112/185/96 2378/185/96 2380/185/96
f 609/185/96 1878/185/96 1877/185/96
f 1105/185/96 2375/185/96 2373/185/96
f 600/185/96 1869/185/96 1868/185/96
f 1108/185/96 2374/185/96 2376/185/96
f 591/185/96 1860/185/96 1859/185/96
f 2616/185/96 2394/185/96 2759/185/96
f 604/185/96 1873/185/96 1872/185/96
f 595/185/96 1864/185/96 1863/185/96
f 586/185/96 1855/185/96 1854/185/96
f 2552/185/96 2393/185/96 2710/185/96
f 608/185/96 1877/185/96 1876/185/96
f 1138/185/96 2371/185/96 2406/185/96
f 599/185/96 1868/185/96 1867/185/96
f 1104/185/96 2405/185/96 2372/185/96
f 590/185/96 1859/185/96 1858/185/96
f 612/185/96 2338/185/96 1880/185/96
f 603/185/96 1872/185/96 1871/185/96
f 594/185/96 1863/185/96 1862/185/96
f 585/185/96 1854/185/96 1853/185/96
f 607/185/96 1876/185/96 1875/185/96
f 598/185/96 1867/185/96 1866/185/96
f 589/185/96 1858/185/96 1857/185/96
f 612/185/96 1852/185/96 1880/185/96
f 1084/185/96 2411/185/96 2352/185/96
f 693/185/96 1960/185/96 1961/185/96
f 1144/185/96 2411/185/96 2412/185/96
f 697/185/96 1960/185/96 1965/185/96
f 1145/185/96 2353/185/96 2413/185/96
f 697/185/96 1967/185/96 1965/185/96
f 1146/185/96 2413/185/96 2414/185/96
f 699/185/96 1961/185/96 1967/185/96
f 821/185/96 1961/185/96 2089/185/96
f 784/185/96 1966/185/96 2052/185/96
f 1147/185/96 2358/185/96 2415/185/96
f 691/185/96 1966/185/96 1959/185/96
f 1147/185/96 2416/185/96 2415/185/96
f 627/185/96 1993/185/96 1895/185/96
f 1149/185/96 2359/185/96 2417/185/96
f 631/185/96 1898/185/96 1899/185/96
f 1150/185/96 2417/185/96 2418/185/96
f 633/185/96 1899/185/96 1901/185/96
f 628/185/96 1994/185/96 1896/185/96
f 719/185/96 1897/185/96 1987/185/96
f 1151/185/96 2364/185/96 2419/185/96
f 632/185/96 2053/185/96 1900/185/96
f 1151/185/96 2420/185/96 2419/185/96
f 629/185/1449 1900/185/1450 1897/185/96
f 1097/185/96 2421/185/96 2365/185/96
f 651/185/96 1918/185/96 1919/185/96
f 1153/185/96 2422/185/96 2421/185/96
f 652/185/96 1918/185/96 1920/185/96
f 1155/185/96 2368/185/96 2423/185/96
f 652/185/96 1922/185/96 1920/185/96
f 1156/185/96 2423/185/96 2424/185/96
f 654/185/96 1919/185/96 1922/185/96
f 1101/185/96 2425/185/96 2369/185/96
f 822/185/96 1919/185/96 2090/185/96
f 1158/185/96 2425/185/96 2426/185/96
f 787/185/96 1921/185/96 2055/185/96
f 1102/185/96 2427/185/96 2370/185/96
f 649/185/96 1921/185/96 1917/185/96
f 1159/185/96 2428/185/96 2427/185/96
f 678/185/96 1945/185/96 1946/185/96
f 679/185/96 1945/185/96 1947/185/96
f 679/185/96 1949/185/96 1947/185/96
f 144/185/96 2429/185/96 1427/185/96
f 681/185/96 1946/185/96 1949/185/96
f 1162/185/96 2429/185/96 2430/185/96
f 823/185/96 1946/185/96 2091/185/96
f 789/185/96 1948/185/96 2057/185/96
f 1185/185/96 1948/185/96 2453/185/96
f 621/185/96 1888/185/96 1889/185/96
f 622/185/96 1888/185/96 1890/185/96
f 1163/185/96 1299/185/96 2431/185/96
f 622/185/96 1892/185/96 1890/185/96
f 1163/185/96 2432/185/96 2431/185/96
f 624/185/96 1889/185/96 1892/185/96
f 208/185/96 2433/185/96 1491/185/96
f 824/185/96 1889/185/96 2092/185/96
f 1166/185/96 2433/185/96 2434/185/96
f 791/185/96 1891/185/96 2059/185/96
f 1167/185/96 1459/185/96 2435/185/96
f 1230/185/96 1891/185/96 2498/185/96
f 1167/185/96 2436/185/96 2435/185/96
f 739/185/96 2008/185/96 2007/185/96
f 256/185/96 2437/185/96 1539/185/96
f 640/185/96 2008/185/96 1908/185/96
f 1169/185/96 2438/185/96 2437/185/96
f 640/185/96 1910/185/96 1908/185/96
f 648/185/96 2439/185/96 1916/185/96
f 642/185/96 2007/185/96 1910/185/96
f 1172/185/96 2439/185/96 2440/185/96
f 825/185/96 2007/185/96 2093/185/96
f 647/185/96 2441/185/96 1915/185/96
f 793/185/96 1909/185/96 2061/185/96
f 1174/185/96 2441/185/96 2442/185/96
f 639/185/96 1909/185/96 1907/185/96
f 1175/185/96 2073/185/96 2443/185/96
f 666/185/96 1933/185/96 1934/185/96
f 1175/185/96 2444/185/96 2443/185/96
f 667/185/96 1933/185/96 1935/185/96
f 1177/185/96 2113/185/96 2445/185/96
f 667/185/96 1937/185/96 1935/185/96
f 1177/185/96 2446/185/96 2445/185/96
f 669/185/96 1934/185/96 1937/185/96
f 34/185/96 2447/185/96 1317/185/96
f 826/185/96 1934/185/96 2094/185/96
f 1180/185/96 2447/185/96 2448/185/96
f 795/185/96 1936/185/96 2063/185/96
f 38/185/96 2449/185/96 1321/185/96
f 664/185/96 1936/185/96 1932/185/96
f 1182/185/96 2449/185/96 2450/185/96
f 689/185/96 1958/185/96 1957/185/96
f 1156/185/96 2429/185/96 2424/185/96
f 1071/185/96 1960/185/96 2339/185/96
f 1162/185/96 2423/185/96 2430/185/96
f 1114/185/96 1958/185/96 2382/185/96
f 690/185/96 2095/185/96 1958/185/96
f 688/185/96 2384/185/96 1956/185/96
f 634/185/96 1899/185/96 1902/185/96
f 2668/185/96 2411/185/96 2604/185/96
f 634/185/96 1904/185/96 1902/185/96
f 2708/185/96 2412/185/96 2627/185/96
f 636/185/96 1901/185/96 1904/185/96
f 797/185/96 1903/185/96 2065/185/96
f 1163/185/96 2433/185/96 2431/185/96
f 632/185/96 1903/185/96 1900/185/96
f 1166/185/96 2432/185/96 2434/185/96
f 655/185/96 1920/185/96 1923/185/96
f 1167/185/96 2437/185/96 2435/185/96
f 655/185/96 1925/185/96 1923/185/96
f 1170/185/96 2436/185/96 2438/185/96
f 657/185/96 1922/185/96 1925/185/96
f 1146/185/96 2441/185/96 2414/185/96
f 798/185/96 1924/185/96 2066/185/96
f 1174/185/96 2413/185/96 2442/185/96
f 653/185/96 1924/185/96 1921/185/96
f 1150/185/96 2416/185/96 2418/185/96
f 682/185/96 1947/185/96 1950/185/96
f 1147/185/96 2417/185/96 2415/185/96
f 682/185/96 2489/185/96 1950/185/96
f 2757/185/96 2420/185/96 2685/185/96
f 1221/185/96 1949/185/96 2489/185/96
f 799/185/96 1951/185/96 2067/185/96
f 1152/185/96 2422/185/96 2420/185/96
f 680/185/96 1951/185/96 1948/185/96
f 1153/185/96 2419/185/96 2421/185/96
f 625/185/96 1890/185/96 1893/185/96
f 1175/185/96 2447/185/96 2443/185/96
f 622/185/96 1988/185/96 1890/185/96
f 1180/185/96 2444/185/96 2448/185/96
f 721/185/96 1892/185/96 1989/185/96
f 1158/185/96 2428/185/96 2426/185/96
f 716/185/96 1899/185/96 1984/185/96
f 1159/185/96 2425/185/96 2427/185/96
f 623/185/96 1894/185/96 1891/185/96
f 1148/185/96 2426/185/96 2416/185/96
f 643/185/96 1908/185/96 1911/185/96
f 1157/185/96 2415/185/96 2425/185/96
f 643/185/96 1913/185/96 1911/185/96
f 1155/185/96 2427/185/96 2423/185/96
f 645/185/96 1910/185/96 1913/185/96
f 1160/185/96 2424/185/96 2428/185/96
f 800/185/96 1912/185/96 2068/185/96
f 1182/185/96 2448/185/96 2450/185/96
f 641/185/96 1912/185/96 1909/185/96
f 1179/185/96 2449/185/96 2447/185/96
f 670/185/96 1935/185/96 1938/185/96
f 1172/185/96 2446/185/96 2440/185/96
f 670/185/96 1940/185/96 1938/185/96
f 1177/185/96 2439/185/96 2445/185/96
f 672/185/96 1937/185/96 1940/185/96
f 1178/185/96 2450/185/96 2446/185/96
f 801/185/96 2458/185/96 2069/185/96
f 1181/185/96 2445/185/96 2449/185/96
f 668/185/96 2458/185/96 1936/185/96
f 1176/185/96 2442/185/96 2444/185/96
f 741/185/96 1902/185/96 2009/185/96
f 1173/185/96 2443/185/96 2441/185/96
f 741/185/96 2010/185/96 2009/185/96
f 1149/185/96 2440/185/96 2417/185/96
f 742/185/96 1904/185/96 2010/185/96
f 1171/185/96 2418/185/96 2439/185/96
f 802/185/96 1905/185/96 2070/185/96
f 1168/185/96 2434/185/96 2436/185/96
f 635/185/96 1905/185/96 1903/185/96
f 1165/185/96 2435/185/96 2433/185/96
f 1276/185/96 1923/185/96 2544/185/96
f 1164/185/96 2430/185/96 2432/185/96
f 1277/185/96 2537/185/96 2545/185/96
f 1161/185/96 2431/185/96 2429/185/96
f 1269/185/96 1925/185/96 2537/185/96
f 803/185/96 1927/185/96 2071/185/96
f 656/185/96 1927/185/96 1924/185/96
f 685/185/96 1950/185/96 1953/185/96
f 685/185/96 2488/185/96 1953/185/96
f 1145/185/96 2421/185/96 2413/185/96
f 1220/185/96 2489/185/96 2488/185/96
f 1154/185/96 2414/185/96 2422/185/96
f 804/185/96 1954/185/96 2072/185/96
f 683/185/96 1954/185/96 1951/185/96
f 627/185/96 1893/185/96 1895/185/96
f 633/185/96 1985/185/96 1901/185/96
f 718/185/96 1900/185/96 1986/185/96
f 724/185/96 1894/185/96 1992/185/96
f 626/185/96 1896/185/96 1894/185/96
f 1150/185/96 1914/185/96 2418/185/96
f 646/185/96 1916/185/96 1914/185/96
f 645/185/96 2360/185/96 1913/185/96
f 805/185/96 1915/185/96 2073/185/96
f 644/185/96 2361/185/96 1912/185/96
f 673/185/96 1938/185/96 1941/185/96
f 673/185/96 1943/185/96 1941/185/96
f 675/185/96 1940/185/96 1943/185/96
f 806/185/96 2457/185/96 2074/185/96
f 1189/185/96 2458/185/96 2457/185/96
f 615/185/96 1882/185/96 1883/185/96
f 616/185/96 1882/185/96 1884/185/96
f 616/185/96 1886/185/96 1884/185/96
f 618/185/96 1883/185/96 1886/185/96
f 828/185/96 1883/185/96 2096/185/96
f 808/185/96 2496/185/96 2076/185/96
f 1228/185/96 2497/185/96 2496/185/96
f 620/185/96 1884/185/96 1888/185/96
f 621/185/96 1886/185/96 1889/185/96
f 1230/185/96 2496/185/96 2498/185/96
f 743/185/96 2009/185/96 2011/185/96
f 744/185/96 2010/185/96 2012/185/96
f 809/185/96 1906/185/96 2077/185/96
f 637/185/96 1906/185/96 1905/185/96
f 1281/185/96 2548/185/96 2549/185/96
f 1273/185/96 2550/185/96 2541/185/96
f 1269/185/96 2542/185/96 2537/185/96
f 810/185/96 1930/185/96 2078/185/96
f 659/185/96 1930/185/96 1927/185/96
f 689/185/96 1953/185/96 1957/185/96
f 690/185/96 2488/185/96 1958/185/96
f 686/185/96 1956/185/96 1954/185/96
f 630/185/96 1895/185/96 1898/185/96
f 623/185/96 1990/185/96 1891/185/96
f 628/185/96 1897/185/96 1896/185/96
f 650/185/96 1914/185/96 1918/185/96
f 651/185/96 1916/185/96 1919/185/96
f 647/185/96 1917/185/96 1915/185/96
f 677/185/96 1941/185/96 1945/185/96
f 678/185/96 1943/185/96 1946/185/96
f 1185/185/96 2457/185/96 2453/185/96
f 740/185/96 2011/185/96 2008/185/96
f 739/185/96 2012/185/96 2007/185/96
f 638/185/96 1907/185/96 1906/185/96
f 665/185/96 2549/185/96 1933/185/96
f 666/185/96 2541/185/96 1934/185/96
f 662/185/96 1932/185/96 1930/185/96
f 694/185/96 1965/185/96 1962/185/96
f 694/185/96 1964/185/96 1962/185/96
f 696/185/96 1967/185/96 1964/185/96
f 811/185/96 1963/185/96 2079/185/96
f 698/185/96 1963/185/96 1966/185/96
f 614/185/96 1962/185/96 1882/185/96
f 615/185/96 1964/185/96 1883/185/96
f 1229/185/96 1963/185/96 2497/185/96
f 1229/185/96 2493/185/96 2497/185/96
f 695/185/96 1319/185/96 1963/185/96
f 616/185/96 1851/185/96 1884/185/96
f 581/185/96 1882/185/96 1849/185/96
f 1235/185/96 2504/185/96 2503/185/96
f 582/185/96 1962/185/96 1850/185/96
f 1227/185/96 2498/185/96 2495/185/96
f 620/185/96 1853/185/96 1888/185/96
f 623/185/96 1328/185/96 1891/185/96
f 586/185/96 1890/185/96 1854/185/96
f 48/185/96 1894/185/96 1331/185/96
f 587/185/96 1893/185/96 1855/185/96
f 51/185/96 1896/185/96 1334/185/96
f 588/185/96 1895/185/96 1856/185/96
f 54/185/96 1897/185/96 1337/185/96
f 630/185/96 1857/185/96 1898/185/96
f 632/185/96 1340/185/96 1900/185/96
f 590/185/96 1899/185/96 1858/185/96
f 60/185/96 1903/185/96 1343/185/96
f 591/185/96 1902/185/96 1859/185/96
f 63/185/96 1905/185/96 1346/185/96
f 592/185/96 2009/185/96 1860/185/96
f 66/185/96 1906/185/96 1349/185/96
f 593/185/96 2011/185/96 1861/185/96
f 69/185/96 1907/185/96 1352/185/96
f 740/185/96 1862/185/96 2008/185/96
f 641/185/96 1355/185/96 1909/185/96
f 595/185/96 1908/185/96 1863/185/96
f 75/185/96 1912/185/96 1358/185/96
f 596/185/96 1911/185/96 1864/185/96
f 78/185/96 1915/185/96 1361/185/96
f 646/185/96 1865/185/96 1914/185/96
f 81/185/96 1917/185/96 1364/185/96
f 650/185/96 1866/185/96 1918/185/96
f 653/185/96 1367/185/96 1921/185/96
f 599/185/96 1920/185/96 1867/185/96
f 87/185/96 1924/185/96 1370/185/96
f 600/185/96 1923/185/96 1868/185/96
f 90/185/96 1927/185/96 1373/185/96
f 601/185/96 2544/185/96 1869/185/96
f 93/185/96 1930/185/96 1376/185/96
f 602/185/96 2549/185/96 1870/185/96
f 96/185/96 1932/185/96 1379/185/96
f 665/185/96 1871/185/96 1933/185/96
f 668/185/96 1382/185/96 1936/185/96
f 604/185/96 1935/185/96 1872/185/96
f 1190/185/96 2455/185/96 2458/185/96
f 605/185/96 1938/185/96 1873/185/96
f 1188/185/96 2457/185/96 2456/185/96
f 606/185/96 1941/185/96 1874/185/96
f 1184/185/96 2453/185/96 2452/185/96
f 677/185/96 1875/185/96 1945/185/96
f 680/185/96 1394/185/96 1948/185/96
f 608/185/96 1947/185/96 1876/185/96
f 114/185/96 1951/185/96 1397/185/96
f 609/185/96 1950/185/96 1877/185/96
f 117/185/96 1954/185/96 1400/185/96
f 610/185/96 1953/185/96 1878/185/96
f 120/185/96 1956/185/96 1403/185/96
f 689/185/96 1879/185/96 1957/185/96
f 123/185/96 1959/185/96 1406/185/96
f 692/185/96 1880/185/96 1960/185/96
f 126/185/96 1966/185/96 1409/185/96
f 697/185/96 1852/185/96 1965/185/96
f 700/185/96 1995/185/96 1968/185/96
f 716/185/96 1969/185/96 1984/185/96
f 717/185/96 1984/185/96 1985/185/96
f 729/185/96 1968/185/96 1997/185/96
f 829/185/96 1968/185/96 2097/185/96
f 718/185/96 2081/185/96 1986/185/96
f 719/185/96 1986/185/96 1987/185/96
f 720/185/96 1989/185/96 1988/185/96
f 722/185/96 2082/185/96 1990/185/96
f 723/185/96 1988/185/96 1991/185/96
f 735/185/96 1978/185/96 2003/185/96
f 710/185/96 2001/185/96 1978/185/96
f 815/185/96 2004/185/96 2083/185/96
f 722/185/96 1992/185/96 1990/185/96
f 725/185/96 1991/185/96 1993/185/96
f 737/185/96 1981/185/96 2005/185/96
f 713/185/96 1978/185/96 1981/185/96
f 816/185/96 2006/185/96 2084/185/96
f 724/185/96 1994/185/96 1992/185/96
f 701/185/96 1993/185/96 1969/185/96
f 700/185/96 1981/185/96 1968/185/96
f 726/185/96 1987/185/96 1994/185/96
f 723/185/96 1893/185/96 1991/185/96
f 630/185/96 1969/185/96 1898/185/96
f 728/185/96 1983/185/96 1996/185/96
f 703/185/96 1996/185/96 1971/185/96
f 817/185/96 1998/185/96 2085/185/96
f 704/185/96 1998/185/96 1972/185/96
f 732/185/96 1975/185/96 2000/185/96
f 818/185/96 2002/185/96 2086/185/96
f 709/185/96 2000/185/96 1977/185/96
f 734/185/96 1979/185/96 2002/185/96
f 712/185/96 1977/185/96 1980/185/96
f 711/185/96 1982/185/96 1979/185/96
f 715/185/96 1980/185/96 1983/185/96
f 714/185/96 1972/185/96 1982/185/96
f 716/185/96 1996/185/96 1984/185/96
f 715/185/96 1969/185/96 1983/185/96
f 717/185/96 1971/185/96 1985/185/96
f 730/185/96 1986/185/96 1998/185/96
f 719/185/96 1972/185/96 1987/185/96
f 720/185/96 2000/185/96 1988/185/96
f 707/185/96 1989/185/96 1975/185/96
f 734/185/96 1990/185/96 2002/185/96
f 723/185/96 1977/185/96 1991/185/96
f 711/185/96 1992/185/96 1979/185/96
f 725/185/96 1980/185/96 1993/185/96
f 714/185/96 1994/185/96 1982/185/96
f 727/185/96 1970/185/96 1995/185/96
f 702/185/96 1997/185/96 1970/185/96
f 819/185/96 1973/185/96 2087/185/96
f 705/185/96 1999/185/96 1973/185/96
f 733/185/96 1974/185/96 2001/185/96
f 708/185/96 2088/185/96 1976/185/96
f 706/185/96 2003/185/96 1974/185/96
f 736/185/96 1976/185/96 2004/185/96
f 735/185/96 2005/185/96 2003/185/96
f 738/185/96 2004/185/96 2006/185/96
f 737/185/96 1995/185/96 2005/185/96
f 731/185/96 2006/185/96 1999/185/96
f 728/185/96 1970/185/96 1996/185/96
f 727/185/96 1983/185/96 1995/185/96
f 703/185/96 1997/185/96 1971/185/96
f 705/185/96 1998/185/96 1973/185/96
f 704/185/96 1999/185/96 1972/185/96
f 732/185/96 1974/185/96 2000/185/96
f 733/185/96 1975/185/96 2001/185/96
f 708/185/96 2002/185/96 1976/185/96
f 709/185/96 2003/185/96 1977/185/96
f 736/185/96 1979/185/96 2004/185/96
f 712/185/96 2005/185/96 1980/185/96
f 738/185/96 1982/185/96 2006/185/96
f 745/185/96 2015/185/96 2013/185/96
f 745/185/96 2014/185/96 2013/185/96
f 747/185/96 2014/185/96 2015/185/96
f 748/185/96 2018/185/96 2016/185/96
f 748/185/96 2017/185/96 2016/185/96
f 750/185/96 2017/185/96 2018/185/96
f 751/185/96 2021/185/96 2019/185/96
f 751/185/96 2020/185/96 2019/185/96
f 753/185/96 2020/185/96 2021/185/96
f 754/185/96 2024/185/96 2022/185/96
f 754/185/96 2023/185/96 2022/185/96
f 756/185/96 2023/185/96 2024/185/96
f 757/185/96 2027/185/96 2025/185/96
f 757/185/96 2026/185/96 2025/185/96
f 759/185/96 2026/185/96 2027/185/96
f 760/185/96 2030/185/96 2028/185/96
f 760/185/96 2029/185/96 2028/185/96
f 762/185/96 2029/185/96 2030/185/96
f 778/185/96 2028/185/96 2046/185/96
f 777/185/96 2046/185/96 2045/185/96
f 761/185/96 2045/185/96 2029/185/96
f 779/185/96 2048/185/96 2047/185/96
f 764/185/96 2047/185/96 2032/185/96
f 763/185/96 2032/185/96 2031/185/96
f 780/185/96 2031/185/96 2048/185/96
f 774/185/96 2022/185/96 2042/185/96
f 773/185/96 2042/185/96 2041/185/96
f 755/185/96 2041/185/96 2023/185/96
f 770/185/96 2016/185/96 2038/185/96
f 769/185/96 2038/185/96 2037/185/96
f 749/185/96 2037/185/96 2017/185/96
f 775/185/96 2044/185/96 2043/185/96
f 758/185/96 2043/185/96 2026/185/96
f 776/185/96 2025/185/96 2044/185/96
f 768/185/96 2013/185/96 2036/185/96
f 767/185/96 2036/185/96 2035/185/96
f 767/185/96 2014/185/96 2035/185/96
f 781/185/96 2050/185/96 2049/185/96
f 766/185/96 2049/185/96 2034/185/96
f 765/185/96 2034/185/96 2033/185/96
f 765/185/96 2050/185/96 2033/185/96
f 771/185/96 2040/185/96 2039/185/96
f 752/185/96 2039/185/96 2020/185/96
f 772/185/96 2019/185/96 2040/185/96
f 746/185/96 2033/185/96 2014/185/96
f 782/185/96 2035/185/96 2050/185/96
f 741/185/96 2015/185/96 2009/185/96
f 748/185/96 2034/185/96 2016/185/96
f 742/185/96 2018/185/96 2010/185/96
f 745/185/96 2020/185/96 2013/185/96
f 771/185/96 2036/185/96 2039/185/96
f 753/185/96 2011/185/96 2021/185/96
f 754/185/96 2017/185/96 2022/185/96
f 769/185/96 2042/185/96 2037/185/96
f 744/185/96 2024/185/96 2012/185/96
f 781/185/96 2038/185/96 2049/185/96
f 758/185/96 2019/185/96 2026/185/96
f 772/185/96 2043/185/96 2040/185/96
f 759/185/96 2008/185/96 2027/185/96
f 760/185/96 2023/185/96 2028/185/96
f 773/185/96 2046/185/96 2041/185/96
f 739/185/96 2030/185/96 2007/185/96
f 761/185/96 2031/185/96 2029/185/96
f 757/185/96 2032/185/96 2025/185/96
f 779/185/96 2044/185/96 2047/185/96
f 780/185/96 2045/185/96 2048/185/96
f 1191/185/96 2460/185/96 2459/185/96
f 1193/185/96 2462/185/96 2461/185/96
f 1194/185/96 2459/185/96 2462/185/96
f 1192/185/96 2461/185/96 2460/185/96
f 1188/185/96 2459/185/96 2456/185/96
f 1192/185/96 2452/185/96 2460/185/96
f 1185/185/96 2461/185/96 2453/185/96
f 1194/185/96 2457/185/96 2462/185/96
f 1195/185/96 2464/185/96 2463/185/96
f 1197/185/96 2466/185/96 2465/185/96
f 1198/185/96 2463/185/96 2466/185/96
f 1196/185/96 2465/185/96 2464/185/96
f 1187/185/96 2463/185/96 2455/185/96
f 1196/185/96 2456/185/96 2464/185/96
f 1189/185/96 2465/185/96 2457/185/96
f 1198/185/96 2458/185/96 2466/185/96
f 108/185/96 1388/185/96 1391/185/96
f 674/185/96 1944/185/96 1942/185/96
f 105/185/96 1942/185/96 1388/185/96
f 676/185/96 1391/185/96 1944/185/96
f 1183/185/96 1385/185/96 2451/185/96
f 671/185/96 2454/185/96 1939/185/96
f 102/185/96 1939/185/96 1385/185/96
f 1186/185/96 2451/185/96 2454/185/96
f 1191/185/96 1388/185/96 2459/185/96
f 108/185/96 2460/185/96 1391/185/96
f 1193/185/96 1944/185/96 2461/185/96
f 674/185/96 2462/185/96 1942/185/96
f 1195/185/96 1385/185/96 2463/185/96
f 1183/185/96 2464/185/96 2451/185/96
f 1197/185/96 2454/185/96 2465/185/96
f 671/185/96 2466/185/96 1939/185/96
f 1223/185/96 2490/185/96 2491/185/96
f 1204/185/96 2486/185/96 2472/185/96
f 1219/185/96 2473/185/96 2487/185/96
f 1217/185/96 2486/185/96 2485/185/96
f 1224/185/96 2488/185/96 2492/185/96
f 1221/185/96 2491/185/96 2489/185/96
f 1218/185/96 2484/185/96 2486/185/96
f 1215/185/96 2487/185/96 2483/185/96
f 1222/185/96 2492/185/96 2490/185/96
f 1223/185/96 2472/185/96 2491/185/96
f 1205/185/96 2492/185/96 2473/185/96
f 1219/185/96 2485/185/96 2487/185/96
f 1214/185/96 2477/185/96 2482/185/96
f 1213/185/96 2478/185/96 2481/185/96
f 1212/185/96 2477/185/96 2480/185/96
f 1207/185/96 2479/185/96 2475/185/96
f 1208/185/96 2479/185/96 2476/185/96
f 1212/185/96 2475/185/96 2480/185/96
f 1213/185/96 2476/185/96 2481/185/96
f 1210/185/96 2482/185/96 2478/185/96
f 1204/185/96 2480/185/96 2472/185/96
f 1209/185/96 2486/185/96 2477/185/96
f 1205/185/96 2481/185/96 2473/185/96
f 1224/185/96 2476/185/96 2492/185/96
f 1211/185/96 2490/185/96 2479/185/96
f 1219/185/96 2478/185/96 2487/185/96
f 1217/185/96 2482/185/96 2485/185/96
f 1207/185/96 2491/185/96 2475/185/96
f 1202/185/96 2469/185/96 2470/185/96
f 839/185/96 2474/185/96 2107/185/96
f 1201/185/96 2107/185/96 2469/185/96
f 844/185/96 2470/185/96 2112/185/96
f 1206/185/96 2112/185/96 2474/185/96
f 1216/185/96 2469/185/96 2484/185/96
f 1202/185/96 2483/185/96 2470/185/96
f 1217/185/96 2474/185/96 2485/185/96
f 839/185/96 2486/185/96 2107/185/96
f 844/185/96 2487/185/96 2112/185/96
f 1200/185/96 2467/185/96 2468/185/96
f 1203/185/96 1952/185/96 2471/185/96
f 1199/185/96 1955/185/96 2467/185/96
f 684/185/96 2468/185/96 1952/185/96
f 687/185/96 2471/185/96 1955/185/96
f 1220/185/96 2467/185/96 2488/185/96
f 1200/185/96 2489/185/96 2468/185/96
f 1223/185/96 1952/185/96 2491/185/96
f 1203/185/96 2490/185/96 2471/185/96
f 1224/185/96 1955/185/96 2492/185/96
f 691/185/96 2051/185/96 1959/185/96
f 97/185/96 2103/185/96 1380/185/96
f 840/185/96 1350/185/96 2108/185/96
f 649/185/96 2054/185/96 1917/185/96
f 851/185/96 2201/185/96 2119/185/96
f 1185/185/96 2056/185/96 2453/185/96
f 946/185/96 2087/185/96 2214/185/96
f 1230/185/96 2058/185/96 2498/185/96
f 94/185/96 2061/185/96 1377/185/96
f 639/185/96 2060/185/96 1907/185/96
f 952/185/96 2060/185/96 2220/185/96
f 664/185/96 2062/185/96 1932/185/96
f 109/185/96 2101/185/96 1392/185/96
f 796/185/96 1956/185/96 2064/185/96
f 73/185/96 2484/185/96 1356/185/96
f 945/185/96 2125/185/96 2213/185/96
f 941/185/96 2123/185/96 2209/185/96
f 820/185/96 2216/185/96 2088/185/96
f 88/185/96 2063/185/96 1371/185/96
f 951/185/96 2062/185/96 2219/185/96
f 115/185/96 2100/185/96 1398/185/96
f 79/185/96 2106/185/96 1362/185/96
f 858/185/96 2215/185/96 2126/185/96
f 938/185/96 2083/185/96 2206/185/96
f 1229/185/96 2075/185/96 2497/185/96
f 783/185/96 2225/185/96 2051/185/96
f 796/185/96 2223/185/96 2064/185/96
f 121/185/96 2099/185/96 1404/185/96
f 85/185/96 2105/185/96 1368/185/96
f 731/185/96 2080/185/96 1999/185/96
f 852/185/96 2203/185/96 2120/185/96
f 943/185/96 2124/185/96 2211/185/96
f 812/185/96 2217/185/96 2080/185/96
f 940/185/96 2084/185/96 2208/185/96
f 82/185/96 2065/185/96 1365/185/96
f 785/185/96 1401/185/96 2053/185/96
f 827/185/96 2232/185/96 2095/185/96
f 821/185/96 2226/185/96 2089/185/96
f 818/185/96 2088/185/96 2086/185/96
f 819/185/96 2085/185/96 2087/185/96
f 814/185/96 2086/185/96 2082/185/96
f 817/185/96 2081/185/96 2085/185/96
f 816/185/96 2080/185/96 2084/185/96
f 815/185/96 2084/185/96 2083/185/96
f 820/185/96 2083/185/96 2088/185/96
f 812/185/96 2087/185/96 2080/185/96
f 811/185/96 2075/185/96 2079/185/96
f 784/185/96 2079/185/96 2052/185/96
f 810/185/96 2062/185/96 2078/185/96
f 809/185/96 2060/185/96 2077/185/96
f 806/185/96 2056/185/96 2074/185/96
f 805/185/96 2054/185/96 2073/185/96
f 813/185/96 2053/185/96 2081/185/96
f 804/185/96 2064/185/96 2072/185/96
f 803/185/96 2078/185/96 2071/185/96
f 802/185/96 2077/185/96 2070/185/96
f 808/185/96 2058/185/96 2076/185/96
f 807/185/96 2076/185/96 2075/185/96
f 801/185/96 2074/185/96 2069/185/96
f 1094/185/96 2068/185/96 2362/185/96
f 791/185/96 2082/185/96 2059/185/96
f 799/185/96 2072/185/96 2067/185/96
f 798/185/96 2071/185/96 2066/185/96
f 797/185/96 2070/185/96 2065/185/96
f 795/185/96 2069/185/96 2063/185/96
f 793/185/96 2068/185/96 2061/185/96
f 789/185/96 2067/185/96 2057/185/96
f 787/185/96 2066/185/96 2055/185/96
f 785/185/96 2065/185/96 2053/185/96
f 1118/185/96 2064/185/96 2386/185/96
f 794/185/96 2063/185/96 2062/185/96
f 792/185/96 2061/185/96 2060/185/96
f 790/185/96 2059/185/96 2058/185/96
f 788/185/96 2057/185/96 2056/185/96
f 786/185/96 2055/185/96 2054/185/96
f 783/185/96 2052/185/96 2051/185/96
f 829/185/96 2234/185/96 2097/185/96
f 934/185/96 2081/185/96 2202/185/96
f 817/185/96 2210/185/96 2085/185/96
f 76/185/96 2066/185/96 1359/185/96
f 112/185/96 2055/185/96 1395/185/96
f 963/185/96 2094/185/96 2231/185/96
f 91/185/96 2104/185/96 1374/185/96
f 937/185/96 2121/185/96 2205/185/96
f 939/185/96 2122/185/96 2207/185/96
f 699/185/96 2098/185/96 1967/185/96
f 831/185/96 1901/185/96 2099/185/96
f 654/185/96 2100/185/96 1922/185/96
f 681/185/96 2101/185/96 1949/185/96
f 834/185/96 1892/185/96 2102/185/96
f 642/185/96 2103/185/96 1910/185/96
f 1233/185/96 2504/185/96 2501/185/96
f 669/185/96 2104/185/96 1937/185/96
f 1236/185/96 2505/185/96 2504/185/96
f 636/185/96 2105/185/96 1904/185/96
f 1235/185/96 2502/185/96 2503/185/96
f 657/185/96 2106/185/96 1925/185/96
f 1238/185/96 2503/185/96 2506/185/96
f 1221/185/96 2484/185/96 2489/185/96
f 1234/185/96 2501/185/96 2502/185/96
f 645/185/96 2108/185/96 1913/185/96
f 1237/185/96 2506/185/96 2505/185/96
f 672/185/96 2109/185/96 1940/185/96
f 1225/185/96 2501/185/96 2493/185/96
f 742/185/96 2110/185/96 2010/185/96
f 1236/185/96 2494/185/96 2504/185/96
f 1269/185/96 2111/185/96 2537/185/96
f 1237/185/96 2495/185/96 2505/185/96
f 1215/185/96 2488/185/96 2483/185/96
f 1228/185/96 2503/185/96 2496/185/96
f 648/185/96 2113/185/96 1916/185/96
f 1234/185/96 2497/185/96 2502/185/96
f 675/185/96 2114/185/96 1943/185/96
f 1230/185/96 2506/185/96 2498/185/96
f 618/185/96 2115/185/96 1886/185/96
f 39/185/96 2507/185/96 1322/185/96
f 744/185/96 2116/185/96 2012/185/96
f 1240/185/96 1322/185/96 2508/185/96
f 1273/185/96 2117/185/96 2541/185/96
f 1241/185/96 1881/185/96 2509/185/96
f 696/185/96 2118/185/96 1964/185/96
f 717/185/96 2119/185/96 1985/185/96
f 33/185/96 2510/185/96 1316/185/96
f 721/185/96 2120/185/96 1989/185/96
f 1236/185/96 1322/185/96 2504/185/96
f 710/185/96 2121/185/96 1978/185/96
f 617/185/96 2503/185/96 1885/185/96
f 713/185/96 2122/185/96 1981/185/96
f 1233/185/96 1316/185/96 2501/185/96
f 855/185/96 1971/185/96 2123/185/96
f 613/185/96 2502/185/96 1881/185/96
f 707/185/96 2124/185/96 1975/185/96
f 1243/185/96 2500/185/96 2511/185/96
f 857/185/96 1997/185/96 2125/185/96
f 1244/185/96 1325/185/96 2512/185/96
f 858/185/96 2001/185/96 2126/185/96
f 1245/185/96 2499/185/96 2513/185/96
f 830/185/96 2089/185/96 2098/185/96
f 42/185/96 2514/185/96 1325/185/96
f 832/185/96 2090/185/96 2100/185/96
f 1235/185/96 2499/185/96 2503/185/96
f 833/185/96 2091/185/96 2101/185/96
f 1232/185/96 2504/185/96 2500/185/96
f 834/185/96 2092/185/96 2102/185/96
f 42/185/96 2505/185/96 1325/185/96
f 835/185/96 2093/185/96 2103/185/96
f 1238/185/96 1887/185/96 2506/185/96
f 836/185/96 2094/185/96 2104/185/96
f 1239/185/96 1885/185/96 2507/185/96
f 827/185/96 2388/185/96 2095/185/96
f 33/185/96 2508/185/96 1316/185/96
f 831/185/96 2105/185/96 2099/185/96
f 617/185/96 2509/185/96 1885/185/96
f 832/185/96 2106/185/96 2100/185/96
f 613/185/96 2510/185/96 1881/185/96
f 833/185/96 2484/185/96 2101/185/96
f 1231/185/96 2511/185/96 2499/185/96
f 835/185/96 2108/185/96 2103/185/96
f 1232/185/96 2512/185/96 2500/185/96
f 836/185/96 2109/185/96 2104/185/96
f 619/185/96 2513/185/96 1887/185/96
f 837/185/96 2110/185/96 2105/185/96
f 1246/185/96 1887/185/96 2514/185/96
f 838/185/96 2111/185/96 2106/185/96
f 1260/185/96 2525/185/96 2528/185/96
f 1216/185/96 2483/185/96 2484/185/96
f 1259/185/96 2526/185/96 2527/185/96
f 1095/185/96 2108/185/96 2363/185/96
f 1257/185/96 2524/185/96 2525/185/96
f 846/185/96 2109/185/96 2114/185/96
f 1255/185/96 2522/185/96 2523/185/96
f 847/185/96 2096/185/96 2115/185/96
f 1252/185/96 2521/185/96 2520/185/96
f 824/185/96 2115/185/96 2092/185/96
f 1250/185/96 2519/185/96 2518/185/96
f 848/185/96 2110/185/96 2116/185/96
f 1247/185/96 2517/185/96 2515/185/96
f 849/185/96 2111/185/96 2117/185/96
f 1248/185/96 2515/185/96 2516/185/96
f 827/185/96 2483/185/96 2095/185/96
f 1261/185/96 2516/185/96 2529/185/96
f 831/185/96 2119/185/96 2099/185/96
f 1253/185/96 2517/185/96 2521/185/96
f 822/185/96 2113/185/96 2090/185/96
f 1250/185/96 2529/185/96 2518/185/96
f 823/185/96 2114/185/96 2091/185/96
f 1252/185/96 2519/185/96 2520/185/96
f 825/185/96 2116/185/96 2093/185/96
f 1254/185/96 2527/185/96 2522/185/96
f 826/185/96 2117/185/96 2094/185/96
f 1256/185/96 2523/185/96 2524/185/96
f 850/185/96 2098/185/96 2118/185/96
f 1258/185/96 2530/185/96 2526/185/96
f 828/185/96 2118/185/96 2096/185/96
f 1262/185/96 2528/185/96 2530/185/96
f 857/185/96 2097/185/96 2125/185/96
f 1239/185/96 2516/185/96 2507/185/96
f 853/185/96 2126/185/96 2121/185/96
f 1261/185/96 1885/185/96 2529/185/96
f 854/185/96 2121/185/96 2122/185/96
f 1244/185/96 2524/185/96 2512/185/96
f 854/185/96 2097/185/96 2122/185/96
f 1257/185/96 1325/185/96 2525/185/96
f 852/185/96 2124/185/96 2120/185/96
f 1241/185/96 2518/185/96 2509/185/96
f 856/185/96 2126/185/96 2124/185/96
f 1251/185/96 1881/185/96 2519/185/96
f 855/185/96 2125/185/96 2123/185/96
f 1253/185/96 1316/185/96 2521/185/96
f 851/185/96 2123/185/96 2119/185/96
f 1249/185/96 2508/185/96 2517/185/96
f 852/185/96 2102/185/96 2120/185/96
f 1245/185/96 2526/185/96 2513/185/96
f 1259/185/96 2499/185/96 2527/185/96
f 1242/185/96 2520/185/96 2510/185/96
f 2610/2439/96 2128/185/96 2760/2439/96
f 1260/185/96 2514/185/96 2528/185/96
f 860/185/96 2127/185/96 2128/185/96
f 1254/185/96 2511/185/96 2522/185/96
f 861/185/96 2127/185/96 2129/185/96
f 1232/185/96 2523/185/96 2500/185/96
f 860/185/96 2130/185/96 2128/185/96
f 619/185/96 2530/185/96 1887/185/96
f 861/185/96 2130/185/96 2129/185/96
f 39/185/96 2515/185/96 1322/185/96
f 1276/185/96 2545/185/96 2544/185/96
f 1280/185/96 2544/185/96 2548/185/96
f 859/185/96 2131/185/96 2127/185/96
f 1282/185/96 2549/185/96 2550/185/96
f 864/185/96 2131/185/96 2132/185/96
f 1274/185/96 2541/185/96 2542/185/96
f 864/185/96 2129/185/96 2132/185/96
f 1283/185/96 2542/185/96 2551/185/96
f 1280/185/96 2551/185/96 2548/185/96
f 1277/185/96 2551/185/96 2545/185/96
f 863/185/96 2133/185/96 2131/185/96
f 1283/185/96 2550/185/96 2551/185/96
f 866/185/96 2133/185/96 2134/185/96
f 660/185/96 2531/185/96 1928/185/96
f 866/185/96 2132/185/96 2134/185/96
f 1266/185/96 1928/185/96 2534/185/96
f 1267/185/96 2534/185/96 2535/185/96
f 1263/185/96 2535/185/96 2531/185/96
f 865/185/96 2135/185/96 2133/185/96
f 1277/185/96 2531/185/96 2545/185/96
f 868/185/96 2135/185/96 2136/185/96
f 660/185/96 2537/185/96 1928/185/96
f 868/185/96 2134/185/96 2136/185/96
f 1266/185/96 2542/185/96 2534/185/96
f 1267/185/96 2551/185/96 2535/185/96
f 1265/185/96 1931/185/96 2533/185/96
f 867/185/96 2137/185/96 2135/185/96
f 663/185/96 2538/185/96 1931/185/96
f 870/185/96 2137/185/96 2138/185/96
f 1270/185/96 2539/185/96 2538/185/96
f 870/185/96 2136/185/96 2138/185/96
f 1271/185/96 2533/185/96 2539/185/96
f 1273/185/96 1931/185/96 2541/185/96
f 1265/185/96 2550/185/96 2533/185/96
f 869/185/96 2139/185/96 2137/185/96
f 1274/185/96 2538/185/96 2542/185/96
f 872/185/96 2139/185/96 2140/185/96
f 1283/185/96 2539/185/96 2551/185/96
f 872/185/96 2138/185/96 2140/185/96
f 1268/185/96 1926/185/96 2536/185/96
f 658/185/96 2532/185/96 1926/185/96
f 1264/185/96 2543/185/96 2532/185/96
f 871/185/96 2141/185/96 2139/185/96
f 1275/185/96 2536/185/96 2543/185/96
f 874/185/96 2141/185/96 2142/185/96
f 1276/185/96 1926/185/96 2544/185/96
f 874/185/96 2140/185/96 2142/185/96
f 1268/185/96 2545/185/96 2536/185/96
f 1280/185/96 2532/185/96 2548/185/96
f 1283/185/96 2543/185/96 2551/185/96
f 873/185/96 2143/185/96 2141/185/96
f 1278/185/96 1929/185/96 2546/185/96
f 876/185/96 2143/185/96 2144/185/96
f 661/185/96 2540/185/96 1929/185/96
f 876/185/96 2142/185/96 2144/185/96
f 1279/185/96 2546/185/96 2547/185/96
f 1272/185/96 2547/185/96 2540/185/96
f 1281/185/96 1929/185/96 2549/185/96
f 875/185/96 2145/185/96 2143/185/96
f 1278/185/96 2548/185/96 2546/185/96
f 878/185/96 2145/185/96 2146/185/96
f 1282/185/96 2540/185/96 2550/185/96
f 878/185/96 2144/185/96 2146/185/96
f 1279/185/96 2551/185/96 2547/185/96
f 877/185/96 2147/185/96 2145/185/96
f 880/185/96 2147/185/96 2148/185/96
f 880/185/96 2146/185/96 2148/185/96
f 879/185/96 2149/185/96 2147/185/96
f 882/185/96 2149/185/96 2150/185/96
f 882/185/96 2148/185/96 2150/185/96
f 881/185/96 2151/185/96 2149/185/96
f 884/185/96 2151/185/96 2152/185/96
f 884/185/96 2150/185/96 2152/185/96
f 883/185/96 2153/185/96 2151/185/96
f 886/185/96 2153/185/96 2154/185/96
f 886/185/96 2152/185/96 2154/185/96
f 885/185/96 2155/185/96 2153/185/96
f 888/185/96 2155/185/96 2156/185/96
f 888/185/96 2154/185/96 2156/185/96
f 2754/185/96 2157/185/96 2687/185/96
f 1152/185/96 2157/185/96 2420/185/96
f 889/185/96 2158/185/96 2157/185/96
f 890/185/96 2422/185/96 2158/185/96
f 889/185/96 2159/185/96 2157/185/96
f 892/185/96 2159/185/96 2160/185/96
f 892/185/96 2158/185/96 2160/185/96
f 891/185/96 2161/185/96 2159/185/96
f 894/185/96 2161/185/96 2162/185/96
f 894/185/96 2160/185/96 2162/185/96
f 893/185/96 2163/185/96 2161/185/96
f 896/185/96 2163/185/96 2164/185/96
f 896/185/96 2162/185/96 2164/185/96
f 895/185/96 2165/185/96 2163/185/96
f 898/185/96 2165/185/96 2166/185/96
f 898/185/96 2164/185/96 2166/185/96
f 897/185/96 2167/185/96 2165/185/96
f 900/185/96 2167/185/96 2168/185/96
f 900/185/96 2166/185/96 2168/185/96
f 899/185/96 2169/185/96 2167/185/96
f 902/185/96 2169/185/96 2170/185/96
f 902/185/96 2168/185/96 2170/185/96
f 901/185/96 2171/185/96 2169/185/96
f 904/185/96 2171/185/96 2172/185/96
f 904/185/96 2170/185/96 2172/185/96
f 903/185/96 2173/185/96 2171/185/96
f 906/185/96 2173/185/96 2174/185/96
f 906/185/96 2172/185/96 2174/185/96
f 905/185/96 2175/185/96 2173/185/96
f 908/185/96 2175/185/96 2176/185/96
f 908/185/96 2174/185/96 2176/185/96
f 907/185/96 2177/185/96 2175/185/96
f 910/185/96 2177/185/96 2178/185/96
f 910/185/96 2176/185/96 2178/185/96
f 909/185/96 2179/185/96 2177/185/96
f 912/185/96 2179/185/96 2180/185/96
f 912/185/96 2178/185/96 2180/185/96
f 911/185/96 2181/185/96 2179/185/96
f 914/185/96 2181/185/96 2182/185/96
f 914/185/96 2180/185/96 2182/185/96
f 2720/2441/1451 2183/185/96 915/185/1452
f 913/185/96 2183/185/96 2181/185/96
f 916/185/96 2183/185/96 2184/185/96
f 916/185/96 2182/185/96 2184/185/96
f 915/185/96 2185/185/96 2183/185/96
f 918/185/96 2185/185/96 2186/185/96
f 918/185/96 2184/185/96 2186/185/96
f 2665/2439/96 2187/185/96 2609/2439/96
f 919/185/96 2344/185/96 2187/185/96
f 919/185/96 2188/185/96 2187/185/96
f 920/185/96 2345/185/96 2188/185/96
f 919/185/96 2189/185/96 2187/185/96
f 922/185/96 2189/185/96 2190/185/96
f 922/185/96 2188/185/96 2190/185/96
f 921/185/96 2128/185/96 2189/185/96
f 862/185/96 2190/185/96 2130/185/96
f 942/185/96 2202/185/96 2210/185/96
f 940/185/96 2217/185/96 2208/185/96
f 938/185/96 2208/185/96 2206/185/96
f 948/185/96 2206/185/96 2216/185/96
f 949/185/96 2214/185/96 2217/185/96
f 932/185/96 2218/185/96 2200/185/96
f 124/185/96 2200/185/96 1407/185/96
f 930/185/96 2219/185/96 2198/185/96
f 928/185/96 2220/185/96 2196/185/96
f 924/185/96 2221/185/96 2192/185/96
f 34/185/96 2222/185/96 1317/185/96
f 118/185/96 2202/185/96 1401/185/96
f 955/185/96 1323/185/96 2223/185/96
f 930/185/96 1329/185/96 2198/185/96
f 928/185/96 1335/185/96 2196/185/96
f 956/185/96 2194/185/96 2224/185/96
f 926/185/96 2218/185/96 2194/185/96
f 924/185/96 1341/185/96 2192/185/96
f 64/185/96 2366/185/96 1347/185/96
f 936/185/96 1383/185/96 2204/185/96
f 40/185/96 1353/185/96 1323/185/96
f 46/185/96 1359/185/96 1329/185/96
f 52/185/96 1365/185/96 1335/185/96
f 58/185/96 1371/185/96 1341/185/96
f 64/185/96 1377/185/96 1347/185/96
f 70/185/96 1389/185/96 1353/185/96
f 112/185/96 1359/185/96 1395/185/96
f 118/185/96 1365/185/96 1401/185/96
f 955/185/96 2390/185/96 2223/185/96
f 951/185/96 1371/185/96 2219/185/96
f 952/185/96 1377/185/96 2220/185/96
f 956/185/96 1383/185/96 2224/185/96
f 953/185/96 1389/185/96 2221/185/96
f 954/185/96 1395/185/96 2222/185/96
f 957/185/96 1407/185/96 2225/185/96
f 958/185/96 2225/185/96 2226/185/96
f 959/185/96 2222/185/96 2227/185/96
f 960/185/96 2221/185/96 2228/185/96
f 961/185/96 2224/185/96 2229/185/96
f 962/185/96 2220/185/96 2230/185/96
f 2591/185/1453 1372/185/96 89/185/1454
s 3599
f 2585/107/1455 56/2442/1455 2692/2443/1455
s 3600
f 2700/181/1456 107/7/1457 2594/9/1457
s 3601
f 56/2442/1458 2586/4/1458 2692/2443/1458
s 0
f 1402/185/96 2779/185/96 2778/185/96
f 110/185/1459 2769/185/1460 1393/185/96
s 3604
f 37/2444/1461 2739/2445/1461 2715/2446/1461
s 3605
f 80/2447/1462 2707/2448/1462 2740/2449/1462
s 0
f 92/185/1463 2764/185/1464 1375/185/96
f 62/185/1465 2772/185/1466 1345/185/96
f 56/185/96 2767/185/96 1339/185/96
f 921/185/96 2689/2439/96 2189/185/96
f 905/185/96 2688/2441/96 2173/185/96
f 873/185/96 2686/2441/96 2141/185/96
f 1084/185/96 2684/185/96 2352/185/96
f 62/185/96 2683/185/96 1345/185/96
f 74/185/96 2681/185/96 1357/185/96
f 86/185/96 2678/185/96 1369/185/96
f 98/185/96 2676/185/96 1381/185/96
f 110/185/96 2675/185/96 1393/185/96
f 122/185/96 2674/185/96 1405/185/96
f 44/185/96 2673/185/96 1327/185/96
f 56/185/96 2672/185/96 1339/185/96
f 68/185/96 2671/185/96 1351/185/96
f 80/185/96 2670/185/96 1363/185/96
f 92/185/96 2669/185/96 1375/185/96
s 3624
f 1144/2450/1462 2668/2451/1462 2707/2448/1462
s 0
f 899/185/96 2660/185/96 2167/185/96
f 883/185/96 2659/2441/96 2151/185/96
f 867/185/96 2658/2439/96 2135/185/96
f 1151/185/96 2657/185/96 2419/185/96
f 1096/185/96 2656/185/96 2364/185/96
f 37/185/96 2655/185/96 1320/185/96
s 3631
f 104/2452/1467 2646/2453/1467 107/2454/1467
s 3632
f 107/2454/1468 2747/2455/1468 110/2456/1468
s 3633
f 116/2457/1469 2645/172/1469 119/171/1469
s 3634
f 41/2458/1470 2745/2459/1470 44/2460/1470
s 3635
f 53/2461/1471 2738/2462/1472 2643/2463/1471
s 3636
f 53/2461/1473 2744/2464/1473 56/2465/1473
s 3637
f 65/2466/1474 2742/2467/1475 68/2468/1475
s 3638
f 74/2469/1476 2641/2470/1476 77/2471/1476
s 3639
f 86/2472/1477 2640/2473/1477 89/2474/1477
s 3640
f 89/2474/1478 2737/2475/1478 92/2476/1478
s 3641
f 59/2477/1479 2752/127/1479 62/126/1479
s 3642
f 56/2465/1480 2639/2478/1480 59/2477/1480
s 3643
f 98/2479/1481 2638/2480/1481 101/2481/1481
s 3644
f 101/2481/1482 2743/2482/1482 104/2452/1482
s 3645
f 35/2483/1483 2644/2484/1483 41/2458/1483
s 3646
f 37/2444/1484 2637/2485/1485 35/2483/1485
s 3647
f 71/2486/1486 2751/2487/1486 74/2469/1486
s 3648
f 71/2486/1487 2742/2467/1487 2636/2488/1487
s 3649
f 110/2456/1488 2635/2489/1488 113/2490/1488
s 3650
f 113/2490/1489 2741/2491/1489 116/2457/1489
s 3651
f 83/2492/1490 2750/2493/1490 86/2472/1490
s 3652
f 80/2447/1491 2634/2494/1491 83/2492/1491
s 3653
f 125/2495/67 2666/2496/67 2633/2497/67
s 3654
f 125/2495/1492 2739/2445/1492 128/2498/1492
s 3655
f 44/2460/1493 2632/2499/1493 47/2500/1493
s 3656
f 50/2501/1494 2632/2499/1494 2738/2462/1494
s 3657
f 95/2502/1495 2749/2503/1495 98/2479/1495
s 3658
f 92/2476/1496 2631/2504/1496 95/2502/1496
s 0
f 909/185/96 2630/2441/96 2177/185/96
f 893/185/96 2629/185/96 2161/185/96
f 877/185/96 2628/2441/96 2145/185/96
f 1144/185/96 2626/185/96 2412/185/96
f 128/185/96 2625/185/96 1411/185/96
f 122/185/96 2624/185/96 1405/185/96
f 116/185/96 2623/185/96 1399/185/96
f 86/185/96 2622/185/96 1369/185/96
f 74/185/96 2620/185/96 1357/185/96
f 68/185/96 2619/185/96 1351/185/96
f 50/185/96 2618/185/96 1333/185/96
f 44/185/96 2617/185/96 1327/185/96
f 907/185/96 2763/2441/96 2175/185/96
f 891/185/96 2762/185/96 2159/185/96
f 875/185/96 2761/2441/96 2143/185/96
f 903/185/96 2608/2441/96 2171/185/96
f 887/185/96 2607/185/96 2155/185/96
f 871/185/96 2606/2441/96 2139/185/96
f 1143/185/96 2605/185/96 2411/185/96
f 1064/185/96 2603/185/96 2332/185/96
s 3679
f 1126/2505/67 2666/2496/67 1064/2506/67
s 0
f 1126/185/96 2732/185/96 2394/185/96
f 917/185/96 2736/2441/96 2185/185/96
f 901/185/96 2735/185/96 2169/185/96
f 885/185/96 2734/2441/96 2153/185/96
f 869/185/96 2733/2439/96 2137/185/96
s 3685
f 110/2507/1497 2595/2508/1498 2774/8/1497
s 0
f 113/185/1499 2776/185/1500 1396/185/96
f 107/185/1501 2775/185/1502 1390/185/96
f 101/185/96 2730/185/96 1384/185/96
f 95/185/96 2768/185/96 1378/185/96
f 83/185/96 2729/185/96 1366/185/96
f 77/185/96 2728/185/96 1360/185/96
f 71/185/96 2727/185/96 1354/185/96
f 65/185/96 2726/185/96 1348/185/96
f 59/185/1503 2773/185/1504 1342/185/96
f 53/185/96 2725/185/96 1336/185/96
f 47/185/96 2724/185/96 1330/185/96
f 41/185/96 2723/185/96 1324/185/96
f 35/185/96 2722/185/96 1318/185/96
f 913/185/96 2581/2441/96 2181/185/96
f 897/185/96 2580/185/96 2165/185/96
f 881/185/96 2579/2441/96 2149/185/96
f 865/185/96 2578/2439/96 2133/185/96
f 859/185/96 2577/2439/96 2127/185/96
f 1125/185/96 2576/185/96 2393/185/96
f 107/185/96 2572/185/96 1390/185/96
f 119/185/96 2570/185/96 1402/185/96
f 41/185/96 2568/185/96 1324/185/96
f 53/185/96 2566/185/96 1336/185/96
f 65/185/96 2564/185/96 1348/185/96
f 77/185/96 2563/185/96 1360/185/96
f 89/185/96 2562/185/96 1372/185/96
f 101/185/96 2561/185/96 1384/185/96
f 113/185/96 2560/185/96 1396/185/96
f 125/185/96 2559/185/96 1408/185/96
f 47/185/96 2558/185/96 1330/185/96
f 911/185/96 2714/2441/96 2179/185/96
f 895/185/96 2713/185/96 2163/185/96
f 879/185/96 2712/2441/96 2147/185/96
f 863/185/96 2711/2439/96 2131/185/96
s 3720
f 1143/2509/1462 2553/2510/1462 2668/2451/1462
s 3721
f 77/2471/1462 2553/2510/1462 1084/2511/1462
s 3722
f 1125/2512/66 2601/2513/67 1126/2505/67
s 1
f 2600/1/1 917/1763/2 1133/2/2
s 2
f 2586/4/4 59/2514/4 62/5/5
s 3
f 107/7/6 110/2507/7 2774/8/7
s 1
f 2721/2179/1327 2757/2278/1339 2754/2276/1338
f 2754/2276/1338 2612/2515/1050 2705/1711/1053
f 2705/1711/1053 2556/1717/1056 2651/1722/1060
f 2651/1722/1060 2719/1726/1063 2599/1730/1066
f 2599/1730/1066 2664/1734/1069 2755/1738/1072
f 2755/1738/1072 2613/2516/1075 2706/1745/1077
f 2706/1745/1077 2557/1752/1081 2652/1756/1084
f 2652/1756/1084 2720/1759/1086 2600/1/1
f 2614/3/3 2654/2237/3 2615/2238/1331
f 2652/1756/1084 2600/1/1 2614/3/3
f 2755/1738/1072 2706/1745/1077 2652/1756/1084
f 2651/1722/1060 2599/1730/1066 2755/1738/1072
f 2754/2276/1338 2705/1711/1053 2651/1722/1060
f 2718/12/10 2721/2179/1327 2754/2276/1338
f 2598/1694/1041 2663/1698/1044 2718/12/10
f 2650/1686/1035 2717/1690/1038 2598/1694/1041
f 2704/1678/1030 2555/1682/1032 2650/1686/1035
f 2753/11/9 2611/1676/1027 2704/1678/1030
f 2597/1661/1017 2662/1665/1020 2753/11/9
f 2649/1654/1012 2716/1658/1015 2597/1661/1017
f 2648/1643/1005 2554/1649/1008 2649/1654/1012
f 2756/10/8 2610/2517/1096 2648/1643/1005
f 2615/2238/1331 2665/2140/1325 2756/10/8
f 2652/1756/1084 2614/3/3 2615/2238/1331
f 2651/1722/1060 2755/1738/1072 2652/1756/1084
f 2718/12/10 2754/2276/1338 2651/1722/1060
f 2650/1686/1035 2598/1694/1041 2718/12/10
f 2753/11/9 2704/1678/1030 2650/1686/1035
f 2649/1654/1012 2597/1661/1017 2753/11/9
f 2756/10/8 2648/1643/1005 2649/1654/1012
f 2652/1756/1084 2615/2238/1331 2756/10/8
f 2718/12/10 2651/1722/1060 2652/1756/1084
f 2753/11/9 2650/1686/1035 2718/12/10
f 2756/10/8 2649/1654/1012 2753/11/9
f 2718/12/10 2652/1756/1084 2756/10/8
s 4
f 968/13/11 998/2166/11 159/14/11
s 5
f 976/16/12 975/71/12 136/17/12
s 6
f 984/19/13 145/73/13 146/20/13
s 7
f 993/22/14 154/75/14 155/23/14
s 8
f 972/25/15 971/65/15 132/26/15
s 9
f 981/28/16 980/76/16 141/29/16
s 10
f 990/31/17 989/77/17 150/32/17
s 11
f 1137/34/18 997/70/18 158/35/19
s 12
f 976/37/20 137/2518/20 138/38/20
s 13
f 985/21/21 146/20/1284 147/40/21
s 14
f 995/42/22 994/24/22 155/23/22
s 15
f 973/44/23 972/25/23 133/27/23
s 16
f 981/28/24 142/30/24 143/46/24
s 17
f 991/48/25 990/31/25 151/33/25
s 18
f 978/50/26 977/39/26 138/38/26
s 19
f 987/52/27 986/41/27 147/40/27
s 20
f 996/54/28 995/42/28 156/43/28
s 21
f 973/44/29 134/45/29 135/56/29
s 22
f 1100/58/30 982/47/30 143/46/30
s 23
f 992/60/31 991/48/31 152/49/31
s 24
f 969/62/32 129/212/1505 131/63/32
s 25
f 971/65/33 970/64/33 131/63/33
s 26
f 979/66/34 978/50/34 139/51/34
s 27
f 988/68/35 987/52/35 148/53/35
s 28
f 997/70/36 996/54/36 157/55/36
s 29
f 975/71/37 974/57/37 135/56/37
s 30
f 984/19/38 983/2519/38 144/72/38
s 31
f 992/74/39 153/2520/39 154/75/39
s 32
f 980/76/40 979/66/40 140/67/40
s 33
f 988/68/41 149/69/41 150/32/41
s 34
f 16/78/42 208/2266/42 209/79/42
s 35
f 967/81/43 968/13/43 160/15/43
s 36
f 2582/83/44 2661/208/45 37/84/45
s 37
f 2583/86/46 2582/83/47 35/85/47
s 38
f 99/88/48 1187/189/48 906/89/48
s 39
f 57/91/49 876/190/49 874/92/49
s 40
f 2690/94/50 2583/86/50 41/87/50
s 41
f 2584/96/51 2690/94/51 44/95/51
s 42
f 87/98/52 90/194/52 898/99/52
s 43
f 45/101/53 868/197/53 866/102/53
s 44
f 2584/96/54 47/97/54 50/104/54
s 45
f 2691/105/55 50/104/55 53/106/56
s 46
f 123/108/57 920/200/57 1077/109/57
s 47
f 78/111/58 890/203/58 1154/112/58
s 48
f 111/114/59 912/209/59 910/115/59
s 49
f 63/117/60 66/210/60 882/118/60
s 50
f 2693/120/61 62/2521/61 65/121/61
s 51
f 96/123/62 99/88/62 904/90/62
s 52
f 2642/125/63 65/2466/63 62/126/64
s 53
f 54/93/65 874/92/65 872/128/65
s 54
f 2552/130/66 1125/2512/66 122/131/67
s 55
f 2694/133/68 68/2438/68 71/134/68
s 56
f 87/98/69 896/100/69 894/136/69
s 57
f 2695/138/70 2588/135/71 71/134/71
s 58
f 1227/103/72 866/102/72 864/140/72
s 59
f 2695/138/73 74/139/73 77/142/74
s 60
f 117/144/75 120/2204/75 918/145/75
s 61
f 2589/147/76 77/2522/76 1084/148/77
s 62
f 72/150/78 75/2200/78 888/151/78
s 63
f 2696/153/79 80/2263/79 83/154/79
s 64
f 1184/116/80 910/115/80 908/156/80
s 65
f 2697/158/81 2590/155/81 83/154/81
s 66
f 60/160/82 63/117/82 880/119/82
s 67
f 2697/158/83 86/159/83 89/162/84
s 68
f 93/164/85 96/123/85 902/124/85
s 69
f 2699/166/86 2592/1767/1506 95/167/86
s 70
f 48/169/87 51/129/87 872/128/87
s 71
f 2746/132/88 122/131/88 119/171/88
s 72
f 84/137/89 894/136/89 892/173/89
s 73
f 1226/141/90 864/140/90 861/175/90
s 74
f 2593/177/91 2699/166/91 98/168/91
s 75
f 117/144/92 916/146/92 914/179/92
s 76
f 2700/181/93 2593/177/93 101/178/93
s 77
f 69/183/94 72/150/94 886/152/94
s 0
f 2700/185/96 2766/185/96 1387/185/96
s 79
f 36/186/98 862/204/98 922/187/98
s 80
f 1188/157/99 908/156/99 906/89/99
s 81
f 60/160/100 878/161/100 876/190/100
s 82
f 2701/191/101 2595/2508/102 113/192/102
s 83
f 90/194/103 93/164/103 900/165/103
s 84
f 2779/195/104 2701/191/105 116/193/105
s 85
f 48/169/106 870/170/106 868/197/106
s 86
f 2702/198/107 2779/195/108 119/196/108
s 87
f 123/108/109 126/188/109 922/187/109
s 88
f 2702/198/110 122/199/1507 1125/201/111
s 89
f 81/174/112 892/173/112 890/203/112
s 90
f 1225/176/113 861/175/113 862/204/113
s 91
f 2703/205/114 2596/2161/115 125/206/115
s 92
f 2703/205/116 128/207/116 37/84/116
s 93
f 114/180/117 914/179/117 912/209/117
s 94
f 69/183/118 884/184/118 882/118/118
s 95
f 967/211/119 130/2523/119 129/212/119
s 96
f 1/213/120 129/217/120 130/214/120
s 97
f 3/216/120 131/219/120 129/217/120
s 98
f 4/218/120 132/221/120 131/219/120
s 99
f 5/220/120 133/223/120 132/221/120
s 100
f 5/220/120 6/224/120 134/222/120
s 101
f 6/224/120 7/227/120 135/225/120
s 102
f 8/226/120 136/229/120 135/225/120
s 103
f 9/228/120 137/231/120 136/229/120
s 104
f 10/230/120 138/233/120 137/231/120
s 105
f 11/232/120 139/235/120 138/233/120
s 106
f 12/234/120 140/237/120 139/235/120
s 107
f 12/234/120 13/238/120 141/236/120
s 108
f 13/238/120 14/240/120 142/239/120
s 109
f 14/240/120 15/2196/120 143/241/120
s 110
f 16/242/120 144/246/120 1161/243/120
s 111
f 17/245/120 145/248/120 144/246/120
s 112
f 18/247/120 146/250/120 145/248/120
s 113
f 19/249/120 147/252/120 146/250/120
s 114
f 20/251/120 148/254/120 147/252/120
s 115
f 21/253/120 149/256/120 148/254/120
s 116
f 22/255/120 150/258/120 149/256/120
s 117
f 23/257/120 151/260/120 150/258/120
s 118
f 24/259/120 152/262/120 151/260/120
s 119
f 25/261/120 153/264/120 152/262/120
s 120
f 26/263/120 154/266/120 153/264/120
s 121
f 27/265/120 155/268/120 154/266/120
s 122
f 28/267/120 156/270/120 155/268/120
s 123
f 29/269/120 157/272/120 156/270/120
s 124
f 30/271/120 158/2208/120 157/272/120
s 125
f 31/273/120 159/277/120 1063/274/120
s 126
f 32/276/120 160/278/120 159/277/120
s 127
f 2/215/120 130/214/120 160/278/120
s 128
f 181/279/121 266/481/121 268/280/121
s 129
f 3/282/122 195/347/122 196/283/122
s 130
f 1106/285/123 30/348/123 222/286/123
s 131
f 17/288/124 209/2524/124 210/289/124
s 132
f 4/284/125 196/283/125 197/291/125
s 133
f 31/293/126 223/2158/126 224/294/126
s 134
f 18/290/127 210/289/127 211/296/127
s 135
f 5/292/121 197/291/121 198/298/121
s 136
f 32/295/128 224/294/128 194/300/128
s 137
f 19/297/129 211/296/129 212/302/129
s 138
f 6/299/130 198/298/130 199/304/130
s 139
f 20/303/131 212/302/131 213/306/131
s 140
f 7/305/132 199/304/132 200/308/132
s 141
f 21/307/133 213/306/133 214/310/133
s 142
f 8/309/134 200/308/134 201/312/134
s 143
f 22/311/135 214/310/135 215/314/135
s 144
f 9/316/136 201/2525/136 202/317/136
s 145
f 23/315/137 215/314/137 216/319/137
s 146
f 10/318/138 202/317/138 203/321/138
s 147
f 24/320/139 216/319/139 217/323/139
s 148
f 11/322/140 203/321/140 204/325/140
s 149
f 25/327/141 217/2526/141 218/328/141
s 150
f 12/326/142 204/325/142 205/330/142
s 151
f 26/329/143 218/328/143 219/332/143
s 152
f 13/331/144 205/330/144 206/334/144
s 153
f 28/336/145 27/333/145 219/332/145
s 154
f 14/335/146 206/334/146 207/338/146
s 155
f 2/340/147 194/2527/147 193/341/147
s 156
f 29/343/148 28/336/148 220/337/148
s 157
f 15/339/149 207/338/149 1087/345/149
s 158
f 1/342/150 193/341/150 195/347/150
s 159
f 30/348/151 29/343/151 221/344/151
s 160
f 162/349/120 161/352/120 193/350/120
s 161
f 161/352/120 163/355/120 195/353/120
s 162
f 164/354/120 196/357/120 195/353/120
s 163
f 165/356/120 197/359/120 196/357/120
s 164
f 165/356/120 166/360/120 198/358/120
s 165
f 166/360/120 167/362/120 199/361/120
s 166
f 167/362/120 168/364/120 200/363/120
s 167
f 168/364/120 169/367/120 201/365/120
s 168
f 170/366/120 202/369/120 201/365/120
s 169
f 170/366/120 171/370/120 203/368/120
s 170
f 171/370/120 172/373/120 204/371/120
s 171
f 173/372/120 205/375/120 204/371/120
s 172
f 173/372/120 174/376/120 206/374/120
s 173
f 174/376/120 175/2192/120 207/377/120
s 174
f 176/378/120 208/382/120 1165/379/120
s 175
f 176/378/120 177/384/120 209/381/120
s 176
f 178/383/120 210/386/120 209/381/120
s 177
f 178/383/120 179/387/120 211/385/120
s 178
f 179/387/120 180/390/120 212/388/120
s 179
f 181/389/120 213/392/120 212/388/120
s 180
f 181/389/120 182/393/120 214/391/120
s 181
f 182/393/120 183/395/120 215/394/120
s 182
f 183/395/120 184/397/120 216/396/120
s 183
f 184/397/120 185/400/120 217/398/120
s 184
f 186/399/120 218/402/120 217/398/120
s 185
f 186/399/120 187/403/120 219/401/120
s 186
f 187/403/120 188/405/120 220/404/120
s 187
f 188/405/120 189/407/120 221/406/120
s 188
f 189/407/120 190/2210/120 222/408/120
s 189
f 191/409/120 223/413/120 1067/410/120
s 190
f 191/409/120 192/414/120 224/412/120
s 191
f 192/414/120 162/349/120 194/351/120
s 192
f 161/415/127 226/486/127 230/416/127
s 193
f 168/418/139 240/482/139 242/419/139
s 194
f 182/281/130 268/280/130 270/421/130
s 195
f 169/423/141 242/2528/141 244/424/141
s 196
f 183/422/132 270/421/132 272/426/132
s 197
f 170/425/143 244/424/143 246/428/143
s 198
f 184/427/134 272/426/134 274/430/134
s 199
f 171/429/145 246/428/145 248/432/145
s 200
f 185/434/136 274/2529/136 276/435/136
s 201
f 172/433/148 248/432/148 250/437/148
s 202
f 186/436/138 276/435/138 278/439/138
s 203
f 173/438/151 250/437/151 252/441/151
s 204
f 187/440/140 278/439/140 280/443/140
s 205
f 174/442/152 252/441/152 254/445/152
s 206
f 188/444/142 280/443/142 282/447/142
s 207
f 175/446/126 254/445/126 1089/449/126
s 208
f 228/451/147 289/2530/147 290/452/147
s 209
f 189/448/144 282/447/144 284/454/144
s 210
f 176/456/128 256/2269/128 258/457/128
s 211
f 192/459/42 288/471/42 227/460/42
s 212
f 190/455/146 284/454/146 1112/462/146
s 213
f 177/464/147 258/2531/147 260/465/147
s 214
f 164/467/131 232/480/131 234/468/131
s 215
f 191/470/153 286/533/153 288/471/153
s 216
f 178/466/150 260/465/150 262/472/150
s 217
f 165/469/133 234/468/133 236/474/133
s 218
f 179/473/122 262/472/122 264/476/122
s 219
f 166/475/135 236/474/135 238/478/135
s 220
f 163/417/129 230/416/129 232/480/129
s 221
f 180/477/125 264/476/125 266/481/125
s 222
f 167/479/137 238/478/137 240/482/137
s 223
f 227/483/154 228/536/154 225/484/154
s 224
f 226/486/155 225/2532/155 229/487/155
s 225
f 232/480/156 230/416/156 229/487/156
s 226
f 234/468/157 232/480/157 231/488/157
s 227
f 234/468/159 233/489/159 235/490/159
s 228
f 238/478/160 236/474/1508 235/490/161
s 229
f 238/478/163 237/491/163 239/492/163
s 230
f 240/493/164 239/2533/1509 241/494/165
s 231
f 242/495/167 241/494/167 243/496/167
s 232
f 244/497/168 243/496/168 245/498/168
s 233
f 248/500/169 246/499/169 245/498/169
s 234
f 250/437/170 248/432/170 247/502/170
s 235
f 250/437/172 249/503/172 251/504/172
s 236
f 254/505/173 252/2534/173 251/506/173
s 237
f 255/509/174 256/2535/174 1169/2536/174
f 1170/508/174 1089/2537/120 254/505/174
f 255/509/174 1169/2536/174 1170/508/174
f 254/505/174 253/507/174 255/509/174
s 238
f 258/510/175 256/2535/175 255/509/175
s 239
f 258/510/176 257/511/176 259/512/176
s 240
f 260/513/177 259/512/177 261/514/177
s 241
f 262/472/178 261/2538/178 263/516/178
s 242
f 266/481/179 264/476/179 263/516/179
s 243
f 268/280/181 266/481/181 265/517/181
s 244
f 270/519/182 268/2539/182 267/520/182
s 245
f 270/519/183 269/521/183 271/522/183
s 246
f 272/523/184 271/522/184 273/524/184
s 247
f 274/525/185 273/524/185 275/526/185
s 248
f 276/435/186 275/2540/186 277/528/186
s 249
f 278/439/187 277/528/187 279/529/187
s 250
f 280/443/188 279/529/1510 281/530/188
s 251
f 282/447/189 281/530/189 283/531/189
s 252
f 285/2541/190 286/533/190 1069/532/190
f 1069/532/190 1111/2248/120 1112/462/190
f 1112/462/190 284/454/190 283/531/190
f 283/531/190 285/2541/190 1069/532/190
s 253
f 286/533/191 285/2541/191 287/534/191
s 254
f 288/535/192 287/2542/192 228/536/192
s 255
f 162/537/124 227/2543/124 226/486/124
s 256
f 291/540/120 290/2544/120 289/2545/120
f 289/2545/120 320/2546/120 319/2547/120
f 319/2547/120 318/2548/120 317/2549/120
f 317/2549/120 316/2550/120 315/2551/120
f 315/2551/120 314/2552/120 313/2553/120
f 313/2553/120 312/2554/120 311/2555/120
f 311/2555/120 310/2556/120 309/2557/120
f 309/2557/120 308/2558/120 307/538/120
f 307/538/120 306/2559/120 305/2560/120
f 305/2560/120 304/2561/120 303/2562/120
f 303/2562/120 302/2563/120 301/2564/120
f 301/2564/120 300/2565/120 299/539/120
f 299/539/120 298/2566/120 297/2567/120
f 297/2567/120 296/2568/120 295/2569/120
f 295/2569/120 294/2570/120 293/2571/120
f 293/2571/120 292/2572/120 291/540/120
f 291/540/120 289/2545/120 319/2547/120
f 319/2547/120 317/2549/120 315/2551/120
f 315/2551/120 313/2553/120 311/2555/120
f 311/2555/120 309/2557/120 307/538/120
f 307/538/120 305/2560/120 303/2562/120
f 303/2562/120 301/2564/120 299/539/120
f 299/539/120 297/2567/120 295/2569/120
f 295/2569/120 293/2571/120 291/540/120
f 291/540/120 319/2547/120 315/2551/120
f 315/2551/120 311/2555/120 307/538/120
f 307/538/120 303/2562/120 299/539/120
f 299/539/120 295/2569/120 291/540/120
f 291/540/120 315/2551/120 307/538/120
s 257
f 243/541/138 298/598/138 299/542/138
s 258
f 261/544/129 307/599/129 308/545/129
s 259
f 279/547/148 316/600/148 317/548/148
s 260
f 235/550/193 294/603/130 295/551/194
s 261
f 253/553/153 303/604/153 304/554/153
s 262
f 273/556/139 271/605/139 312/557/139
s 263
f 229/559/150 225/453/150 290/452/150
s 264
f 245/543/140 299/542/140 300/561/140
s 265
f 263/546/131 308/545/131 309/563/131
s 266
f 283/565/151 281/549/151 317/548/151
s 267
f 239/567/196 237/552/196 295/551/196
s 268
f 255/555/42 304/554/42 305/569/42
s 269
f 273/571/141 313/2573/141 314/572/141
s 270
f 231/574/122 229/559/122 291/560/122
s 271
f 247/562/142 300/561/142 301/576/142
s 272
f 265/564/133 309/563/133 310/578/133
s 273
f 283/565/152 318/566/152 319/580/152
s 274
f 241/582/197 239/567/1511 296/568/198
s 275
f 257/584/124 305/2574/124 306/585/124
s 276
f 277/587/143 275/573/143 314/572/143
s 277
f 231/574/125 292/575/125 293/589/125
s 278
f 249/577/144 301/576/144 302/591/144
s 279
f 267/579/135 310/578/135 311/593/135
s 280
f 285/581/126 319/580/126 320/595/126
s 281
f 241/597/136 297/2575/136 298/598/136
s 282
f 259/586/127 306/585/127 307/599/127
s 283
f 279/547/145 277/587/145 315/588/145
s 284
f 228/601/128 287/596/128 320/595/128
s 285
f 233/590/121 293/589/121 294/603/121
s 286
f 251/592/146 302/591/146 303/604/146
s 287
f 271/605/199 269/594/199 311/593/199
s 288
f 354/608/202 225/2576/1512 228/606/200
f 228/606/200 353/2577/1513 417/607/201
s 289
f 362/610/205 243/541/205 245/543/203
f 245/543/203 363/625/1514 426/609/204
s 290
f 371/612/208 261/544/208 263/546/206
f 263/546/206 372/627/1515 435/611/207
s 291
f 380/614/211 279/547/211 281/549/209
f 281/549/209 381/629/1516 444/613/210
s 292
f 358/616/214 235/550/1517 237/552/212
f 237/552/212 359/631/1518 422/615/213
s 293
f 367/618/217 253/553/217 255/555/215
f 255/555/215 368/2578/1519 431/617/216
s 294
f 376/621/220 271/2579/220 273/619/218
f 273/619/218 377/2580/1520 440/620/219
s 295
f 354/623/223 225/453/223 229/559/221
f 229/559/221 355/639/1521 418/622/222
s 296
f 363/625/226 245/543/226 247/562/224
f 247/562/224 364/641/1522 427/624/225
s 297
f 372/627/229 263/546/1523 265/564/227
f 265/564/227 373/643/1524 436/626/228
s 298
f 381/629/232 281/549/232 283/565/230
f 283/565/230 382/645/1525 445/628/231
s 299
f 359/631/235 237/552/1526 239/567/233
f 239/567/233 360/2581/1527 423/630/234
s 300
f 368/634/238 255/2582/238 257/632/236
f 257/632/236 369/2583/1528 432/633/237
s 301
f 377/637/241 273/2584/241 275/635/239
f 275/635/239 378/2585/1529 441/636/240
s 302
f 355/639/244 229/559/244 231/574/242
f 231/574/242 356/655/1530 419/638/243
s 303
f 364/641/247 247/562/247 249/577/245
f 249/577/245 365/657/1531 428/640/246
s 304
f 373/643/250 265/564/133 267/579/248
f 374/642/249 437/2586/1532 373/643/250
s 305
f 382/645/253 283/565/1533 285/581/251
f 285/581/251 383/660/1534 446/644/252
s 306
f 360/648/256 239/2587/1535 241/646/254
f 241/646/254 361/2588/1536 424/647/255
s 307
f 369/651/259 257/2589/259 259/649/257
f 259/649/257 370/2590/1537 433/650/258
s 308
f 378/653/262 275/573/262 277/587/260
f 277/587/260 379/667/1538 442/652/261
s 309
f 356/655/265 231/574/265 233/590/263
f 233/590/263 357/672/1539 420/654/264
s 310
f 365/657/268 249/577/268 251/592/266
f 251/592/266 366/674/1540 429/656/267
s 311
f 374/642/271 267/579/271 269/594/269
f 269/594/269 375/676/1541 438/658/270
s 312
f 383/660/274 285/581/274 287/596/272
f 287/596/272 384/2591/1542 447/659/273
s 313
f 361/663/277 241/2592/277 243/661/275
f 243/661/275 362/2593/1543 425/662/276
s 314
f 370/665/280 259/586/280 261/544/278
f 261/544/278 371/612/1544 434/664/279
s 315
f 379/667/283 277/587/283 279/547/281
f 279/547/281 380/614/1545 443/666/282
s 316
f 384/670/286 287/2594/286 228/668/284
f 228/668/284 353/2595/1546 448/669/285
s 317
f 357/672/289 233/590/289 235/550/287
f 235/550/287 358/616/1547 421/671/288
s 318
f 366/674/292 251/592/292 253/553/290
f 253/553/290 367/618/1548 430/673/291
s 319
f 375/676/295 269/594/295 271/605/293
f 271/605/293 376/2596/1549 439/675/294
s 320
f 510/679/298 350/2597/1550 477/677/296
f 477/677/296 349/2598/297 509/678/297
s 321
f 321/680/299 354/2599/1551 417/681/300
s 322
f 323/683/302 355/2600/1552 418/684/303
s 323
f 324/686/305 356/2601/1553 419/687/306
s 324
f 325/689/308 357/2602/1554 420/690/309
s 325
f 326/692/311 358/2603/1555 421/693/312
s 326
f 454/695/314 327/2604/1556 359/696/315
s 327
f 328/698/317 360/2605/1557 423/699/318
s 328
f 329/701/320 361/2588/1558 424/647/321
s 329
f 330/703/323 362/2593/1559 425/662/324
s 330
f 331/705/326 363/2606/1560 426/706/327
s 331
f 332/708/329 364/2607/1561 427/709/330
s 332
f 333/711/332 365/2608/1562 428/712/333
s 333
f 334/714/335 366/2609/1563 429/715/336
s 334
f 335/717/338 367/2610/1564 430/718/339
s 335
f 336/720/341 368/2611/1565 431/721/342
s 336
f 337/723/344 369/2583/1566 432/633/345
s 337
f 338/725/347 370/2590/1567 433/650/348
s 338
f 339/727/350 371/2612/1568 434/728/351
s 339
f 340/730/353 372/2613/1569 435/731/354
s 340
f 341/733/356 373/2614/1570 436/734/357
s 341
f 342/736/359 374/2615/1571 437/737/360
s 342
f 343/739/362 375/2616/1572 438/740/363
s 343
f 344/742/365 376/2617/1573 439/743/366
s 344
f 345/745/368 377/2618/1574 440/746/369
s 345
f 346/748/371 378/2585/1575 441/636/372
s 346
f 347/750/374 379/2619/1576 442/751/375
s 347
f 348/753/377 380/2620/1577 443/754/378
s 348
f 349/756/380 381/2621/1578 444/757/381
s 349
f 350/759/383 382/2622/1579 445/760/384
s 350
f 351/762/386 383/2623/1580 446/763/387
s 351
f 352/765/389 384/2624/1581 447/766/390
s 352
f 322/768/392 353/2625/1582 448/769/393
s 353
f 386/773/120 385/936/120 416/995/120
f 416/995/120 415/993/120 414/991/120
f 414/991/120 413/987/120 412/985/120
f 412/985/120 411/983/120 410/981/120
f 410/981/120 409/982/120 408/979/120
f 408/979/120 407/975/120 406/973/120
f 406/973/120 405/971/120 404/969/120
f 404/969/120 403/967/120 402/771/120
f 402/771/120 401/964/120 400/965/120
f 400/965/120 399/962/120 398/960/120
f 398/960/120 397/956/120 396/954/120
f 396/954/120 395/952/120 394/772/120
f 394/772/120 393/951/120 392/949/120
f 392/949/120 391/947/120 390/945/120
f 390/945/120 389/941/120 388/939/120
f 388/939/120 387/937/120 386/773/120
f 386/773/120 416/995/120 414/991/120
f 414/991/120 412/985/120 410/981/120
f 410/981/120 408/979/120 406/973/120
f 406/973/120 404/969/120 402/771/120
f 402/771/120 400/965/120 398/960/120
f 398/960/120 396/954/120 394/772/120
f 394/772/120 392/949/120 390/945/120
f 390/945/120 388/939/120 386/773/120
f 386/773/120 414/991/120 410/981/120
f 410/981/120 406/973/120 402/771/120
f 402/771/120 398/960/120 394/772/120
f 394/772/120 390/945/120 386/773/120
f 386/773/120 410/981/120 402/771/120
s 354
f 497/776/397 337/2626/1583 464/774/395
f 464/774/395 336/2627/396 496/775/396
s 355
f 484/779/400 324/2628/1584 451/777/398
f 451/777/398 323/2629/399 483/778/399
s 356
f 511/781/403 351/2630/1585 478/780/401
f 478/780/401 350/2597/402 510/679/402
s 357
f 498/784/406 338/2631/1586 465/782/404
f 465/782/404 337/2632/405 497/783/405
s 358
f 485/786/409 325/2633/1587 452/785/407
f 452/785/407 324/2628/408 484/779/408
s 359
f 512/788/412 352/2634/1588 479/787/410
f 479/787/410 351/2630/411 511/781/411
s 360
f 499/790/415 339/2635/1589 466/789/413
f 466/789/413 338/2631/414 498/784/414
s 361
f 486/792/418 326/2636/1590 453/791/416
f 453/791/416 325/2633/417 485/786/417
s 362
f 481/794/421 322/2637/1591 480/793/419
f 480/793/419 352/2634/420 512/788/420
s 363
f 500/796/424 340/2638/1592 467/795/422
f 467/795/422 339/2635/423 499/790/423
s 364
f 487/798/427 327/2639/1593 454/797/425
f 454/797/425 326/2636/426 486/792/426
s 365
f 501/800/430 341/2640/1594 468/799/428
f 468/799/428 340/2638/429 500/796/429
s 366
f 488/802/433 328/2641/1595 455/801/431
f 455/801/431 327/2639/1596 487/798/432
s 367
f 502/804/435 342/2642/1597 469/803/434
f 469/803/434 341/2640/133 501/800/133
s 368
f 489/806/438 329/2643/1598 456/805/436
f 456/805/436 328/2641/437 488/802/437
s 369
f 503/808/441 343/2644/1599 470/807/439
f 470/807/439 342/2642/440 502/804/440
s 370
f 490/811/444 330/2645/1600 457/809/442
f 457/809/442 329/2646/443 489/810/443
s 371
f 504/813/447 344/2647/1601 471/812/445
f 471/812/445 343/2644/446 503/808/446
s 372
f 491/815/450 331/2648/1602 458/814/448
f 458/814/448 330/2645/449 490/811/449
s 373
f 505/817/453 345/2649/1603 472/816/451
f 472/816/451 344/2647/452 504/813/452
s 374
f 492/819/456 332/2650/1604 459/818/454
f 459/818/454 331/2648/455 491/815/455
s 375
f 506/822/459 346/2651/1605 473/820/457
f 473/820/457 345/2652/458 505/821/458
s 376
f 493/824/462 333/2653/1606 460/823/460
f 460/823/460 332/2650/1607 492/819/461
s 377
f 507/826/465 347/2654/1608 474/825/463
f 474/825/463 346/2651/464 506/822/464
s 378
f 494/828/468 334/2655/1609 461/827/466
f 461/827/466 333/2653/467 493/824/467
s 379
f 508/830/471 348/2656/1610 475/829/469
f 475/829/469 347/2654/470 507/826/470
s 380
f 495/832/474 335/2657/1611 462/831/472
f 462/831/472 334/2655/473 494/828/473
s 381
f 482/835/477 321/2658/1612 449/833/475
f 449/833/475 322/2659/1613 481/834/476
s 382
f 509/678/480 349/2598/1614 476/836/478
f 476/836/478 348/2656/479 508/830/479
s 383
f 496/775/483 336/2627/1615 463/837/481
f 463/837/481 335/2657/482 495/832/482
s 384
f 483/778/486 323/2629/1616 450/838/484
f 450/838/484 321/2658/485 482/835/485
s 385
f 352/839/120 480/2660/120 448/840/120
s 386
f 351/842/120 479/2661/120 447/843/120
s 387
f 350/845/120 478/2662/120 446/846/120
s 388
f 349/848/120 477/2663/120 445/849/120
s 389
f 348/851/120 476/2664/120 444/852/120
s 390
f 347/854/120 475/2665/120 443/855/120
s 391
f 346/857/120 474/2666/120 442/858/120
s 392
f 345/860/120 473/2667/120 441/861/120
s 393
f 344/863/120 472/2668/120 440/864/120
s 394
f 343/866/120 471/2669/120 439/867/120
s 395
f 342/869/120 470/2670/120 438/870/120
s 396
f 341/872/120 469/2671/120 437/873/120
s 397
f 340/875/120 468/2672/120 436/876/120
s 398
f 339/878/120 467/2673/120 435/879/120
s 399
f 338/881/120 466/2674/120 434/882/120
s 400
f 337/884/120 465/2675/120 433/885/120
s 401
f 336/887/120 464/2676/120 432/888/120
s 402
f 335/890/120 463/2677/120 431/891/120
s 403
f 334/893/120 462/2678/120 430/894/120
s 404
f 333/896/120 461/2679/120 429/897/120
s 405
f 332/899/120 460/2680/120 428/900/120
s 406
f 331/902/120 459/2681/120 427/903/120
s 407
f 330/905/120 458/2682/120 426/906/120
s 408
f 329/908/120 457/2683/120 425/909/120
s 409
f 328/911/487 456/2684/120 424/912/488
s 410
f 455/914/490 423/2685/1617 359/915/490
s 411
f 326/917/120 454/2686/120 422/918/120
s 412
f 325/920/120 453/2687/120 421/921/120
s 413
f 324/923/120 452/2688/120 420/924/120
s 414
f 323/926/120 451/2689/120 419/927/120
s 415
f 321/929/120 450/2690/120 418/930/120
s 416
f 322/932/120 449/2691/120 417/933/120
s 417
f 386/773/120 482/938/120 481/935/120
s 418
f 387/937/120 483/940/120 482/938/120
s 419
f 388/939/120 484/942/120 483/940/120
s 420
f 389/941/120 485/944/120 484/942/120
s 421
f 389/941/120 390/945/120 486/943/120
s 422
f 390/945/120 391/947/120 487/946/120
s 423
f 391/947/120 392/949/120 488/948/120
s 424
f 392/949/120 393/951/120 489/950/120
s 425
f 394/772/120 490/953/120 489/950/120
s 426
f 395/952/120 491/955/120 490/953/120
s 427
f 396/954/120 492/957/120 491/955/120
s 428
f 397/956/120 493/959/120 492/957/120
s 429
f 397/956/120 398/960/120 494/958/120
s 430
f 398/960/120 399/962/120 495/961/120
s 431
f 399/962/120 400/965/120 496/963/120
s 432
f 401/964/120 497/966/120 496/963/120
s 433
f 402/771/120 498/968/120 497/966/120
s 434
f 403/967/120 499/970/120 498/968/120
s 435
f 404/969/120 500/972/120 499/970/120
s 436
f 405/971/120 501/974/120 500/972/120
s 437
f 406/973/120 502/976/120 501/974/120
s 438
f 407/975/120 503/978/120 502/976/120
s 439
f 407/975/120 408/979/120 504/977/120
s 440
f 408/979/120 409/982/120 505/980/120
s 441
f 410/981/120 506/984/120 505/980/120
s 442
f 411/983/120 507/986/120 506/984/120
s 443
f 412/985/120 508/988/120 507/986/120
s 444
f 413/987/120 509/990/120 508/988/120
s 445
f 413/987/120 414/991/120 510/989/120
s 446
f 414/991/120 415/993/120 511/992/120
s 447
f 415/993/120 416/995/120 512/994/120
s 448
f 416/995/120 385/936/120 481/935/120
s 449
f 400/996/491 399/2692/491 521/997/491
s 450
f 385/999/492 513/2693/492 514/1000/492
s 451
f 400/1002/493 522/2694/493 523/1003/493
s 452
f 385/1005/494 416/2695/494 532/1006/494
s 453
f 395/1008/495 394/2696/495 518/1009/495
s 454
f 410/1011/496 409/2697/496 527/1012/496
s 455
f 395/1008/497 519/1010/497 520/1014/497
s 456
f 410/1011/498 528/1013/498 529/1016/498
s 457
f 390/1018/499 389/2698/499 515/1019/499
s 458
f 405/1021/500 404/2699/500 524/1022/500
s 459
f 390/1018/501 516/1020/501 517/1024/501
s 460
f 405/1021/502 525/1023/503 526/1026/503
s 461
f 413/1028/504 530/2700/504 531/1029/504
s 462
f 545/1033/120 546/2701/120 547/2702/120
f 547/2702/120 548/2703/120 549/1031/120
f 549/1031/120 550/2704/120 551/2705/120
f 551/2705/120 552/2706/120 553/1032/120
f 553/1032/120 554/2707/120 555/2708/120
f 555/2708/120 556/2709/120 545/1033/120
f 545/1033/120 547/2702/120 549/1031/120
f 549/1031/120 551/2705/120 553/1032/120
f 553/1032/120 555/2708/120 545/1033/120
s 463
f 540/1034/505 569/1113/505 580/1035/505
s 464
f 553/1037/506 565/1049/506 566/1038/506
s 465
f 537/1040/507 573/2710/507 572/1041/507
s 466
f 545/1043/508 557/1107/508 558/1044/508
s 467
f 541/1036/509 580/1035/509 579/1046/509
s 468
f 553/1037/510 552/2711/510 564/1048/510
s 469
f 533/1042/511 572/1041/511 571/1050/511
s 470
f 539/1052/512 579/2712/512 578/1053/512
s 471
f 551/1055/513 563/1063/513 564/1056/513
s 472
f 535/1051/514 571/1050/514 570/1058/514
s 473
f 542/1054/515 578/1053/515 577/1060/515
s 474
f 550/1062/516 562/1109/516 563/1063/516
s 475
f 558/1064/120 557/1087/120 569/1065/120
s 476
f 559/1067/120 558/1064/120 570/1066/120
s 477
f 559/1067/120 571/1068/120 572/1069/120
s 478
f 561/1071/120 560/1070/120 572/1069/120
s 479
f 562/1073/120 561/1071/120 573/1072/120
s 480
f 562/1073/120 574/1074/120 575/1075/120
s 481
f 563/1076/120 575/1075/120 576/1077/120
s 482
f 565/1079/120 564/1078/120 576/1077/120
s 483
f 565/1079/120 577/1080/120 578/1081/120
s 484
f 567/1083/120 566/1082/120 578/1081/120
s 485
f 568/1085/120 567/1083/120 579/1084/120
s 486
f 568/1085/120 580/1086/120 569/1065/120
s 487
f 547/1088/517 546/2713/517 558/1089/517
s 488
f 538/1091/518 574/1099/518 573/1092/518
s 489
f 555/1094/519 554/1039/520 566/1038/520
s 490
f 547/1088/521 559/1090/521 560/1096/521
s 491
f 536/1098/522 575/1106/522 574/1099/522
s 492
f 556/1100/523 555/2714/523 567/1101/523
s 493
f 549/1103/524 548/1097/524 560/1096/524
s 494
f 543/1105/525 576/2715/525 575/1106/525
s 495
f 556/1100/526 568/1102/526 557/1107/526
s 496
f 550/1062/527 549/2716/527 561/1108/527
s 497
f 544/1061/528 577/1060/528 576/1110/528
s 498
f 534/1112/529 570/2717/529 569/1113/529
s 499
f 1256/1116/530 1255/2718/530 1254/2719/530
f 1254/2719/530 1259/2720/530 1258/1114/530
f 1258/1114/530 1262/2721/530 1260/1115/530
f 1260/1115/530 1257/2722/530 1256/1116/530
f 1256/1116/530 1254/2719/530 1258/1114/530
s 500
f 126/1117/531 698/1177/531 695/1118/531
s 501
f 99/1120/532 96/1138/532 664/1121/532
s 502
f 72/1123/533 69/1140/533 639/1124/533
s 503
f 1184/1126/534 1185/1275/534 680/1127/534
s 504
f 84/1129/535 81/2723/535 649/1130/535
s 505
f 57/1132/536 54/1155/1618 629/1133/537
s 506
f 1127/1135/539 120/1157/539 688/1136/539
s 507
f 96/1138/540 93/1158/540 662/1139/540
s 508
f 69/1140/541 66/1160/541 638/1141/541
s 509
f 1227/1142/542 1230/1280/542 623/1143/542
s 510
f 33/1145/543 1242/2407/543 1252/1146/543
s 511
f 105/1148/544 674/2328/544 676/1149/544
s 512
f 81/1151/545 78/2272/545 647/1152/545
s 513
f 51/1154/546 628/1169/1619 629/1133/547
s 514
f 117/1156/549 686/1171/549 688/1136/549
s 515
f 93/1158/550 90/1172/550 659/1159/550
s 516
f 66/1160/551 63/1174/551 637/1161/551
s 517
f 1183/1162/552 102/2329/552 671/1163/552
s 518
f 1085/1165/554 75/1180/554 644/1166/554
s 519
f 48/1168/555 626/1181/556 628/1169/556
s 520
f 114/1170/558 683/1182/558 686/1171/558
s 521
f 90/1172/559 87/1183/559 656/1173/559
s 522
f 63/1174/560 60/1184/1620 635/1175/561
s 523
f 123/1176/563 691/1260/564 698/1177/564
s 524
f 99/1120/565 668/1122/565 1190/1178/565
s 525
f 75/1180/566 72/1123/566 641/1125/567
s 526
f 45/1144/568 623/1143/1621 626/1181/569
s 527
f 111/1128/571 680/1127/571 683/1182/571
s 528
f 87/1183/572 84/1129/572 653/1131/572
s 529
f 60/1184/573 57/2724/1622 632/1185/574
s 530
f 694/1186/576 697/1189/576 584/1187/576
s 531
f 697/1189/577 692/2151/577 612/1190/577
s 532
f 630/1191/578 589/1247/578 590/1192/578
s 533
f 650/1194/579 598/1249/579 599/1195/579
s 534
f 679/1197/580 677/1250/580 607/1198/580
s 535
f 622/1200/581 620/1240/581 585/1201/581
s 536
f 740/1203/582 594/1252/582 595/1204/582
s 537
f 665/1206/583 603/1254/583 604/1207/583
s 538
f 1131/1209/584 689/1246/584 611/1210/584
s 539
f 634/1212/585 631/1293/585 590/1213/585
s 540
f 652/1196/586 599/1195/586 600/1215/586
s 541
f 682/1217/587 679/1197/587 608/1199/587
s 542
f 622/1200/588 586/1202/1623 587/1219/589
s 543
f 640/1205/591 595/1204/591 596/1221/591
s 544
f 667/1208/592 604/1207/592 605/1223/592
s 545
f 634/1212/593 591/1214/593 592/1225/593
s 546
f 655/1216/594 600/1215/594 601/1227/594
s 547
f 685/1229/595 682/1217/595 609/1218/595
s 548
f 625/1220/596 587/1219/596 588/1231/596
s 549
f 643/1222/597 596/1221/597 1090/1233/597
s 550
f 670/1224/598 605/1223/598 606/1235/598
s 551
f 614/1237/599 694/2725/599 582/1238/599
s 552
f 620/1240/600 616/1255/600 583/1241/600
s 553
f 741/1226/601 592/1225/601 593/1242/601
s 554
f 602/1245/602 1281/1253/602 1280/1244/602
f 1280/1244/602 1276/1228/602 601/1227/602
s 555
f 689/1246/603 685/1229/603 610/1230/603
s 556
f 630/1191/604 627/1232/604 588/1231/605
s 557
f 646/1248/606 597/2726/606 598/1249/606
s 558
f 677/1250/607 673/2727/607 606/1251/608
s 559
f 740/1203/609 743/1243/1624 593/1242/610
s 560
f 1281/1253/612 602/1245/612 603/1254/612
s 561
f 616/1255/613 614/1237/613 581/1239/613
s 562
f 697/1256/614 699/1361/614 693/1257/614
s 563
f 783/1259/615 784/1362/615 698/1177/615
s 564
f 627/1261/616 725/1388/616 723/1262/616
s 565
f 628/1264/617 726/1389/1625 719/1265/618
s 566
f 650/1194/620 652/1196/620 654/1267/620
s 567
f 787/1269/621 653/1131/621 649/1130/622
s 568
f 679/1271/623 681/1301/623 678/1272/623
s 569
f 788/1274/624 789/1302/624 680/1127/624
s 570
f 622/1276/625 624/2728/625 621/1277/625
s 571
f 790/1279/626 791/2729/627 623/1143/627
s 572
f 740/1203/628 640/1205/628 642/1281/628
s 573
f 793/1283/630 641/1125/630 639/1124/630
s 574
f 665/1206/631 667/1208/631 669/1285/631
s 575
f 795/1287/632 668/1122/632 664/1121/632
s 576
f 692/1258/633 693/1257/634 1072/1289/634
s 577
f 1074/1291/635 783/1259/635 691/1260/635
s 578
f 631/1293/636 634/1212/1626 636/1294/637
s 579
f 797/1296/639 635/1175/1627 632/1185/640
s 580
f 652/1196/642 655/1216/642 657/1298/642
s 581
f 798/1299/643 656/1173/643 653/1131/643
s 582
f 682/1300/644 1221/1316/644 681/1301/644
s 583
f 789/1302/645 799/1317/645 683/1182/645
s 584
f 629/1266/646 719/1265/1628 718/1303/647
s 585
f 624/1305/649 622/2730/1629 720/1306/650
s 586
f 640/1205/652 643/1222/652 645/1308/652
s 587
f 800/1309/653 644/1166/653 641/1125/653
s 588
f 667/1208/654 670/1224/654 672/1310/654
s 589
f 795/1287/655 801/1329/655 1190/1178/655
s 590
f 634/1212/656 741/1226/1630 742/1311/657
s 591
f 802/1312/659 637/1161/1631 635/1175/660
s 592
f 657/1298/662 655/1216/662 1276/1228/662
f 1277/1313/662 1269/1602/662 657/1298/662
s 593
f 803/1314/663 659/1159/663 656/1173/663
s 594
f 685/1315/664 1220/1345/664 1221/1316/664
s 595
f 799/1317/665 804/1346/665 686/1171/665
s 596
f 834/1318/666 624/2731/1632 721/1319/667
s 597
f 631/1293/669 633/1295/1633 717/1321/670
s 598
f 1150/1323/672 646/2274/672 648/1324/672
s 599
f 805/1326/673 647/1152/674 1173/1327/674
s 600
f 673/1236/675 675/2732/675 672/1310/675
s 601
f 801/1329/676 806/2733/676 1189/1330/676
s 602
f 616/1331/677 618/1337/677 615/1332/677
s 603
f 807/1334/678 808/1338/678 1228/1335/678
s 604
f 620/1278/679 621/1277/679 618/1337/679
s 605
f 808/1338/680 790/1279/1634 1230/1280/680
s 606
f 809/1339/682 638/1141/1635 637/1161/683
s 607
f 1271/1340/685 1265/2435/685 663/1341/685
s 608
f 810/1343/686 662/1139/686 659/1159/687
s 609
f 689/1344/688 690/2214/688 1220/1345/688
s 610
f 804/1346/689 796/2216/689 688/1136/689
s 611
f 785/1297/690 632/1185/1636 718/1347/691
s 612
f 626/1349/693 623/2734/1637 722/1350/694
s 613
f 646/1248/696 650/1194/696 651/1268/696
s 614
f 786/1353/697 649/1153/697 647/1152/697
s 615
f 677/1273/698 678/1272/698 675/1354/698
s 616
f 806/1356/699 788/1274/699 1185/1275/699
s 617
f 792/1284/700 639/1124/700 638/1141/700
s 618
f 1282/1359/701 1281/1253/701 665/1206/701
f 665/1206/701 666/1286/701 1273/1358/701
s 619
f 794/1288/289 664/1121/289 662/1139/289
s 620
f 694/1360/702 696/2735/702 699/1361/702
s 621
f 784/1362/703 811/2736/703 695/1118/703
s 622
f 614/1333/704 615/1332/704 696/1363/704
s 623
f 811/1365/705 807/1334/705 1229/1336/705
s 624
f 36/1367/706 695/1366/706 1229/1336/706
s 625
f 727/1369/707 702/1421/1638 729/1370/708
s 626
f 819/1372/710 705/1427/1639 731/1373/711
s 627
f 735/1375/713 710/1382/1640 733/1376/714
s 628
f 820/1378/716 815/1384/1641 736/1379/717
s 629
f 735/1375/719 737/1385/1642 713/1381/720
s 630
f 816/1383/722 738/1386/1643 736/1379/723
s 631
f 737/1385/725 727/1369/1644 700/1371/726
s 632
f 812/1374/728 731/1373/1645 738/1386/729
s 633
f 630/1387/731 701/1393/731 725/1388/731
s 634
f 626/1349/732 724/1351/1646 726/1389/733
s 635
f 625/1263/735 723/1262/1647 720/1390/736
s 636
f 630/1387/738 631/2737/1648 716/1392/739
s 637
f 728/1394/741 715/1419/1649 701/1395/742
s 638
f 728/1394/744 716/1396/1650 717/1397/745
s 639
f 855/1399/747 703/1426/1651 717/1400/748
s 640
f 730/1402/750 718/1496/1652 719/1403/751
s 641
f 732/1405/753 707/1428/1653 721/1406/754
s 642
f 734/1408/756 722/1414/1654 814/1409/757
s 643
f 732/1405/759 720/1407/1655 723/1411/760
s 644
f 734/1408/762 711/1418/1656 724/1413/763
s 645
f 709/1412/765 723/1411/1657 725/1415/766
s 646
f 714/1417/767 726/1420/1658 724/1413/768
s 647
f 715/1419/770 712/1416/771 725/1415/771
s 648
f 704/1404/773 719/1403/1659 726/1420/774
s 649
f 702/1421/776 727/1369/1660 715/1419/777
s 650
f 702/1422/779 728/2738/1661 703/1423/780
s 651
f 857/1425/782 729/1625/1662 703/1426/783
s 652
f 705/1427/785 730/1402/1663 704/1404/786
s 653
f 706/1377/788 733/1376/1664 707/1428/789
s 654
f 708/1380/791 734/1408/1665 818/1410/792
s 655
f 706/1377/794 732/1405/1666 709/1412/795
s 656
f 708/1380/797 736/1379/1667 711/1418/798
s 657
f 737/1385/800 735/1375/1668 709/1412/801
s 658
f 738/1386/803 714/1417/1669 711/1418/804
s 659
f 737/1385/806 712/1416/1670 715/1419/807
s 660
f 731/1373/809 704/1404/1671 714/1417/810
s 661
f 764/1429/812 779/1476/813 776/1430/813
s 662
f 752/1432/814 771/1486/814 768/1433/814
s 663
f 749/1435/815 769/2739/816 774/1436/816
s 664
f 766/1438/817 781/1485/817 770/1439/817
s 665
f 755/1441/818 773/2740/818 778/1442/818
s 666
f 739/1282/821 762/1447/1672 761/1473/1673
f 739/1282/821 761/1473/1673 763/2741/1674
f 759/1445/820 740/1203/1675 739/1282/821
f 764/1444/819 757/1471/1676 759/1445/820
f 739/1282/821 763/2741/1674 764/1444/819
s 667
f 744/1448/824 756/1453/1677 755/1446/822
f 755/1446/822 760/1472/1678 762/1447/823
f 762/1447/823 739/1282/1679 744/1448/824
s 668
f 780/1451/825 777/2742/825 778/2743/825
f 778/2743/825 773/2744/1680 774/2745/825
f 774/2745/825 769/2746/1681 770/2747/825
f 770/2747/825 781/2748/1682 782/1449/825
f 782/1449/825 767/2749/1683 768/2750/825
f 768/2750/825 771/2751/1684 772/1450/825
f 772/1450/825 775/2752/1685 776/2753/825
f 776/2753/825 779/2754/825 780/1451/825
f 780/1451/825 778/2743/825 774/2745/825
f 774/2745/825 770/2747/825 782/1449/825
f 782/1449/825 768/2750/825 772/1450/825
f 772/1450/825 776/2753/825 780/1451/825
f 780/1451/825 774/2745/825 782/1449/825
s 669
f 742/1311/828 750/1458/1686 749/1452/826
f 749/1452/826 754/1470/1687 756/1453/827
f 756/1453/827 744/1448/1688 742/1311/828
s 670
f 763/1454/829 761/2755/829 777/1455/829
s 671
f 741/1226/832 747/1465/1689 746/1467/1689
f 741/1226/832 746/1467/1689 765/2756/1690
f 750/1458/831 742/1311/1691 741/1226/832
f 766/1457/830 748/1468/1692 750/1458/831
f 741/1226/832 765/2756/1690 766/1457/830
s 672
f 740/1203/835 759/1445/1693 758/1459/833
f 758/1459/833 751/1469/1694 753/1460/834
f 753/1460/834 743/1243/1695 740/1203/835
s 673
f 751/1461/836 758/2757/836 775/1462/837
s 674
f 743/1243/840 753/1460/1696 752/1464/838
f 752/1464/838 745/1466/1697 747/1465/839
f 747/1465/839 741/1226/1698 743/1243/840
s 681
f 760/1443/847 778/1442/847 777/1474/847
s 682
f 779/1476/848 764/1429/848 763/1454/848
s 683
f 774/1436/849 773/2740/849 755/1441/849
s 684
f 748/1440/850 770/1439/850 769/1477/850
s 685
f 758/1479/851 757/1431/851 776/1430/851
s 686
f 745/1481/852 768/2758/852 767/1482/852
s 687
f 766/1438/853 765/1487/853 782/1484/853
s 688
f 771/1486/854 752/1432/854 751/1461/854
s 689
f 746/1483/856 767/1482/856 782/1484/856
s 690
f 805/1488/857 34/2283/857 954/1489/857
s 691
f 705/1427/858 819/1372/1699 817/1491/859
s 692
f 845/1492/861 38/1893/861 1181/1493/861
s 693
f 730/1402/862 817/1491/1700 813/1495/863
s 694
f 806/1497/865 924/1891/865 953/1498/865
s 695
f 1215/1500/866 43/1887/866 73/1501/866
s 696
f 809/1503/867 928/1881/867 952/1504/867
s 697
f 784/1506/868 783/2146/868 957/1507/868
s 698
f 838/1509/869 843/1883/870 49/1510/870
s 699
f 810/1512/871 930/1877/871 951/1513/872
s 700
f 786/1490/873 954/1489/873 112/1515/873
s 701
f 842/1517/874 55/1879/1701 85/1518/875
s 702
f 784/1506/877 124/1508/877 932/1520/877
s 703
f 788/1499/879 953/1498/879 106/1522/880
s 704
f 836/1524/881 841/1866/881 61/1525/881
s 705
f 852/1527/882 935/1570/1702 103/1528/883
s 706
f 811/1521/885 932/1520/885 950/1530/885
s 707
f 790/1532/886 956/1885/1703 100/1533/887
s 708
f 835/1535/889 840/2183/890 67/1536/890
s 709
f 851/1538/891 933/1889/1704 941/1539/892
s 710
f 812/1541/894 949/1571/1705 946/1542/895
s 711
f 793/1544/897 792/1505/898 952/1504/898
s 712
f 791/1546/899 814/2759/1706 722/1547/900
s 713
f 1216/1502/902 73/1501/902 109/1549/902
s 714
f 855/1540/903 941/1539/903 945/1551/904
s 715
f 815/1553/906 820/2760/1707 948/1554/907
s 716
f 794/1514/909 951/1513/909 88/1556/910
s 717
f 832/1558/911 838/1509/912 79/1511/912
s 718
f 856/1560/913 858/1924/1708 947/1561/914
s 719
f 815/1553/916 938/1555/1709 940/1563/917
s 720
f 796/1565/919 955/1873/919 1122/1566/920
s 721
f 837/1519/921 85/1518/1710 121/1568/922
s 722
f 852/1527/924 856/1560/1711 943/1562/925
s 723
f 816/1564/927 940/1563/1712 949/1571/928
s 724
f 797/1572/930 785/1868/1713 118/1573/931
s 725
f 821/1575/933 958/1907/933 1079/1576/934
s 726
f 854/1578/935 829/1919/1714 966/1579/936
s 727
f 813/1581/938 817/2761/1715 942/1582/939
s 728
f 693/1257/941 699/1361/941 830/1584/941
s 729
f 654/1267/942 832/1597/942 822/1586/942
s 730
f 678/1272/943 681/1301/943 833/1587/943
s 731
f 621/1589/944 624/2762/944 834/1590/944
s 732
f 642/1281/945 835/1599/945 825/1592/945
s 733
f 666/1286/946 669/1285/946 836/1593/946
s 734
f 693/1257/947 821/1585/947 1075/1595/947
s 735
f 636/1294/948 837/1601/1716 831/1596/949
s 736
f 657/1298/950 838/1603/950 832/1597/950
s 737
f 681/1301/951 1221/1316/951 1216/1598/951
s 738
f 645/1308/952 840/2182/952 835/1599/952
s 739
f 669/1285/953 672/1310/953 841/1600/953
s 740
f 742/1311/954 842/1613/1717 837/1601/955
s 741
f 1269/1602/957 843/1616/957 838/1603/957
s 742
f 1224/1604/958 1208/2763/958 1211/1605/958
s 743
f 648/1324/959 845/2764/959 1177/1607/959
s 744
f 672/1310/960 675/2732/960 846/1608/960
s 745
f 615/1609/961 618/1612/961 847/1610/961
s 746
f 618/1612/962 621/1589/962 824/1591/962
s 747
f 744/1448/963 848/1621/1718 842/1613/964
s 748
f 843/1616/966 1269/1602/966 1274/1614/966
f 1274/1614/966 1273/1358/966 849/1615/966
s 749
f 1220/1345/967 690/2214/967 827/1617/967
s 750
f 831/1596/968 851/2765/1719 717/1321/969
s 751
f 651/1268/971 822/1586/971 845/1619/971
s 752
f 675/1354/972 678/1272/972 823/1588/972
s 753
f 744/1448/973 739/1282/1720 825/1592/974
s 754
f 1273/1358/976 666/1286/976 826/1594/976
s 755
f 699/1361/977 696/2735/977 850/1622/977
s 756
f 696/1623/978 615/1609/978 828/1611/978
s 757
f 729/1625/979 857/1425/1721 829/1626/980
s 758
f 733/1628/982 710/1631/1722 853/1629/983
s 759
f 710/1631/985 713/1633/1723 854/1632/986
s 760
f 713/1633/988 700/1627/1724 829/1626/989
s 761
f 856/1634/991 852/2766/1725 721/1635/992
s 762
f 858/1630/994 856/1634/1726 707/1636/995
s 763
f 787/1516/997 112/1515/997 76/1637/998
s 764
f 826/1639/999 836/1524/1000 91/1526/1000
s 765
f 853/1641/1002 854/1578/1727 939/1580/1003
s 1
f 2648/1643/1005 2610/2517/1096 860/1644/1006
s 766
f 859/1646/1007 860/2767/1007 862/1647/1007
s 1
f 2554/1649/1008 2648/1643/1005 859/1645/1009
s 767
f 863/1651/1010 859/1646/1010 861/1648/1010
s 1
f 2554/1649/1008 863/1650/1011 865/1653/1011
s 768
f 865/1655/1013 863/1651/1013 864/1652/1013
s 1
f 2649/1654/1012 865/1653/1014 867/1657/1014
s 769
f 867/1659/1016 865/1655/1016 866/1656/1016
s 1
f 2597/1661/1017 2716/1658/1015 867/1657/1018
s 770
f 869/1663/1019 867/1659/1019 868/1660/1019
s 1
f 2662/1665/1020 2597/1661/1017 869/1662/1021
s 771
f 869/1663/1023 870/1664/1023 872/1667/1023
s 1
f 2753/11/9 2662/1665/1020 871/1666/1024
s 772
f 871/1668/1025 872/1667/1025 874/1670/1025
s 1
f 2753/11/9 873/1669/1026 875/1672/1026
s 773
f 875/1674/1028 873/1671/1028 874/1670/1028
s 1
f 2611/1676/1027 875/2768/1029 877/1677/1029
s 774
f 877/1679/1031 875/2769/1031 876/1680/1031
s 1
f 2555/1682/1032 2704/1678/1030 877/1677/1033
s 775
f 877/1679/1034 878/1681/1034 880/1684/1034
s 1
f 2650/1686/1035 2555/1682/1032 879/1683/1036
s 776
f 881/1688/1037 879/1685/1037 880/1684/1037
s 1
f 2717/1690/1038 2650/1686/1035 881/1687/1039
s 777
f 883/1692/1040 881/1688/1040 882/1689/1040
s 1
f 2598/1694/1041 2717/1690/1038 883/1691/1042
s 778
f 883/1692/1043 884/1693/1043 886/1696/1043
s 1
f 2663/1698/1044 2598/1694/1041 885/1695/1045
s 779
f 885/1697/1047 886/1696/1047 888/1700/1047
s 1
f 2663/1698/1044 887/1699/1728 1096/1702/1048
s 780
f 1096/1703/1049 887/1701/1049 888/1700/1049
s 1
f 2612/1705/1050 2754/2276/1338 889/1706/1051
s 781
f 889/1708/1052 890/2280/1052 892/1709/1052
s 1
f 2705/1711/1053 2612/2515/1050 891/1712/1054
s 782
f 891/1714/1055 892/2770/1055 894/1715/1055
s 1
f 2556/1717/1056 2705/1711/1053 893/1713/1057
s 783
f 895/1719/1058 893/1716/1058 894/1715/1058
s 1
f 2556/1717/1056 895/1718/1059 897/1721/1059
s 784
f 895/1719/1061 896/1720/1061 898/1723/1061
s 1
f 2651/1722/1060 897/1721/1062 899/1725/1062
s 785
f 897/1724/1064 898/1723/1064 900/1727/1064
s 1
f 2719/1726/1063 899/1725/1065 901/1729/1065
s 786
f 901/1731/1067 899/1728/1067 900/1727/1067
s 1
f 2599/1730/1066 901/1729/1729 903/1733/1068
s 787
f 903/1735/1070 901/1731/1070 902/1732/1070
s 1
f 2664/1734/1069 903/1733/1071 905/1737/1071
s 788
f 905/1739/1073 903/1735/1073 904/1736/1073
s 1
f 2755/1738/1072 905/1737/1074 907/1741/1074
s 789
f 907/1743/1076 905/1739/1076 906/1740/1076
s 1
f 2706/1745/1077 2613/2516/1075 907/1746/1078
s 790
f 909/1748/1079 907/2771/1079 908/1749/1079
s 1
f 2706/1745/1077 909/1747/1080 911/1751/1080
s 791
f 911/1753/1082 909/1748/1082 910/1750/1082
s 1
f 2557/1752/1081 911/1751/1083 913/1755/1083
s 792
f 913/1757/1085 911/1753/1085 912/1754/1085
s 1
f 2720/1759/1086 2652/1756/1084 913/1755/1087
s 793
f 915/1761/1088 913/1757/1088 914/1758/1088
s 1
f 2600/1/1 2720/1759/1086 915/1760/1089
s 794
f 915/1761/1090 916/1762/1090 918/1764/1090
s 795
f 92/1766/1091 95/167/1091 2592/1767/1091
s 796
f 1133/1769/1092 917/1765/1092 918/1764/1092
s 1
f 2756/10/8 2665/2140/1325 919/1771/1093
s 797
f 919/1773/1095 920/2139/1095 922/1774/1095
s 1
f 2610/1776/1096 2756/10/8 921/1772/1097
s 798
f 921/1775/1098 922/1774/1098 862/1778/1098
s 799
f 948/1780/1099 944/1783/1100 943/1781/1100
s 800
f 944/1783/1101 936/2772/1730 935/1784/1102
s 801
f 966/1785/1104 949/1791/1731 940/1786/1105
s 802
f 939/1787/1107 940/1786/1732 938/1788/1108
s 803
f 947/1782/1110 937/1789/1733 938/1788/1111
s 804
f 945/1790/1113 946/1857/1734 949/1791/1114
s 805
f 965/1792/1116 950/1823/1116 932/1793/1117
s 806
f 127/1795/1118 931/2773/1118 932/1796/1118
s 807
f 929/1798/1119 963/1849/1120 951/1799/1120
s 808
f 962/1801/975 952/1850/975 928/1802/975
s 809
f 960/1804/1121 953/1853/1121 924/1805/1121
s 810
f 38/1807/1122 959/2774/1122 954/1808/1122
s 811
f 121/1810/1123 118/2775/1735 934/1811/1124
s 812
f 964/1813/1126 955/2223/1126 40/1814/1126
s 813
f 49/1816/1127 929/1798/1127 930/1800/1127
s 814
f 55/1818/1128 927/1803/1736 928/1802/1129
s 815
f 961/1820/1131 956/1852/1131 926/1821/1131
s 816
f 925/1822/1132 926/1821/1132 950/1823/1132
s 817
f 923/1824/1133 924/2776/1133 58/1825/1133
s 818
f 38/1807/1134 34/1809/1134 1179/1827/1134
s 819
f 43/1815/1135 40/1814/1135 70/1829/1135
s 820
f 79/1831/1136 49/1816/1137 46/1817/1137
s 821
f 85/1833/1138 55/1818/1737 52/1819/1139
s 822
f 61/1826/1141 58/1825/1141 88/1835/1141
s 823
f 67/1837/1142 64/2176/1142 94/1838/1142
s 824
f 109/1840/1143 73/1830/1143 70/1829/1143
s 825
f 79/1831/1144 76/1832/1144 112/1842/1144
s 826
f 121/1844/1145 85/1833/1738 82/1834/1146
s 827
f 958/1846/1148 957/1856/1148 1078/1847/1149
s 828
f 963/1849/1150 91/1836/1150 88/1835/1150
s 829
f 962/1801/1151 97/1839/1151 94/1838/1151
s 830
f 961/1820/1152 103/2777/1739 100/1851/1153
s 831
f 109/1840/1155 106/1841/1155 953/1853/1155
s 832
f 115/1843/1157 112/1842/1157 954/1854/1158
s 833
f 127/1795/1159 124/1797/1159 957/1856/1159
s 834
f 946/1857/1160 945/1790/1740 941/1858/1161
s 835
f 942/1859/1163 941/1858/1741 933/1860/1164
s 836
f 103/1862/1166 935/2778/1742 936/1863/1167
s 837
f 846/1865/1169 923/1898/1169 61/1525/1170
s 838
f 813/1867/1171 934/2779/1743 118/1573/1172
s 839
f 847/1869/1174 925/1875/1174 965/1870/1175
s 840
f 796/1565/1176 804/1904/1176 40/1872/1176
s 841
f 824/1874/1177 961/1920/1177 925/1875/1178
s 842
f 803/1876/1179 46/1908/1179 930/1877/1179
s 843
f 848/1878/1180 927/1902/1744 55/1879/1181
s 844
f 809/1503/1183 802/1912/1745 52/1880/1184
s 845
f 849/1882/1186 929/1905/1186 49/1510/1187
s 846
f 790/1532/1188 808/1888/1189 926/1884/1189
s 847
f 827/1886/1190 964/2219/1190 43/1887/1190
s 848
f 808/1888/1191 807/1531/1192 950/1530/1192
s 849
f 851/1538/1193 831/1569/1746 121/1568/1194
s 850
f 801/1890/1196 58/1915/1196 924/1891/1196
s 851
f 822/1892/1197 959/1911/1197 38/1893/1198
s 852
f 800/1894/1199 64/1921/1199 1098/1895/1199
s 853
f 846/1865/1200 823/1914/1201 960/1897/1201
s 854
f 814/1899/1202 791/1534/1747 100/1533/1203
s 855
f 848/1878/1205 825/1925/1205 962/1901/1205
s 856
f 799/1903/1206 70/1926/1206 40/1872/1207
s 857
f 826/1639/1208 963/1640/1208 929/1905/1209
s 858
f 821/1575/1210 830/1909/1211 127/1906/1211
s 859
f 798/1638/1212 76/1637/1212 46/1908/1213
s 860
f 830/1909/1214 850/1913/1214 931/1910/1214
s 861
f 822/1892/1215 832/1558/1216 115/1559/1216
s 862
f 802/1912/1217 797/1572/1748 82/1574/1218
s 863
f 828/1871/1220 965/1870/1220 931/1910/1221
s 864
f 833/1550/1222 109/1549/1222 960/1897/1223
s 865
f 801/1890/1224 795/1557/1224 88/1556/1224
s 866
f 818/1916/1225 944/2780/1225 948/1917/1226
s 867
f 829/1919/1227 857/1552/1749 945/1551/1228
s 868
f 824/1874/1230 834/1529/1750 103/1528/1231
s 869
f 800/1894/1233 793/1544/1234 94/1545/1234
s 870
f 817/1922/1235 819/1543/1751 946/1542/1236
s 871
f 853/1641/1238 937/1642/1752 947/1561/1239
s 872
f 835/1535/1241 97/1537/1241 962/1901/1241
s 873
f 789/1523/1242 106/1522/1242 70/1926/1242
s 874
f 814/1899/1243 936/1900/1753 944/1927/1244
s 875
f 582/1929/1246 584/2095/1246 1060/1930/1246
s 876
f 969/1932/1247 970/1938/1247 1001/1933/1247
s 877
f 586/1935/1248 585/2116/1248 1004/1936/1248
s 878
f 970/1938/1249 971/2002/1249 1003/1939/1249
s 879
f 582/1929/1250 1059/1931/1250 1000/1940/1250
s 880
f 594/1942/1251 1022/2088/1251 1024/1943/1251
s 881
f 979/1945/1252 1019/1986/1252 1017/1946/1252
s 882
f 604/1948/1253 603/2081/1253 1040/1949/1253
s 883
f 988/1951/1254 1037/1992/1254 1035/1952/1254
s 884
f 611/1954/1255 1056/2106/1255 1139/1955/1255
s 885
f 996/1957/1256 997/2225/1256 1055/1958/1256
s 886
f 590/1960/1257 1014/2090/1257 1016/1961/1257
s 887
f 975/1963/1258 1011/1984/1258 1009/1964/1258
s 888
f 599/1966/1259 1032/2084/1259 1034/1967/1259
s 889
f 984/1969/1260 1029/1990/1260 1027/1970/1261
s 890
f 609/1972/1262 608/2078/1262 1050/1973/1262
s 891
f 968/1975/1263 1062/1998/1263 1057/1976/1263
s 892
f 992/1978/1264 993/1995/1264 1047/1979/1264
s 893
f 587/1981/1265 586/1935/1265 1006/1937/1265
s 894
f 976/1983/1266 1013/2122/1266 1011/1984/1266
s 895
f 980/1985/1267 1021/2007/1267 1019/1986/1267
s 896
f 596/1987/1268 595/1944/1268 1024/1943/1268
s 897
f 984/1969/1269 985/2120/1269 1031/1989/1269
s 898
f 988/1951/1270 989/2128/1270 1039/1991/1270
s 899
f 605/1993/1271 604/1948/1271 1042/1950/1271
s 900
f 993/1995/1272 994/2118/1272 1049/1996/1272
s 901
f 967/1997/1273 1061/2003/1273 1062/1998/1273
s 902
f 591/1962/1274 1016/1961/1274 1018/1999/1274
s 903
f 972/2001/1275 1005/2115/1275 1003/1939/1275
s 904
f 969/1932/1276 999/1934/1276 1061/2003/1276
s 905
f 600/1968/1277 1034/1967/1277 1036/2004/1278
s 906
f 981/2006/1279 1023/2113/1279 1021/2007/1279
s 907
f 1000/2008/119 1059/2781/119 1061/2009/119
s 908
f 1059/2011/43 1060/2076/43 1062/2012/43
s 909
f 1038/2014/41 1037/2033/41 1039/2015/41
s 910
f 1022/2017/40 1020/2034/1280 1019/2018/1280
s 911
f 1048/2020/39 1046/2782/39 1045/2021/39
s 912
f 1030/2023/38 1028/2783/38 1027/2024/38
s 913
f 1010/2026/37 1009/2047/37 1011/2027/37
s 914
f 1054/2029/36 1053/2049/36 1055/2030/36
s 915
f 1038/2014/35 1036/2050/35 1035/2032/35
s 916
f 1020/2034/34 1018/2053/34 1017/2035/34
s 917
f 1002/2036/33 1001/2039/33 1003/2037/33
s 918
f 1000/2008/32 999/2010/32 1001/2039/1281
s 919
f 1044/2040/31 1043/2055/31 1045/2041/31
s 920
f 1101/2043/30 1026/2057/30 1025/2044/30
s 921
f 1008/2046/29 1007/2059/29 1009/2047/29
s 922
f 1052/2048/28 1051/2061/28 1053/2049/1282
s 923
f 1036/2050/27 1034/2062/27 1033/2051/27
s 924
f 1016/2052/1283 1015/2065/1283 1017/2035/1283
s 925
f 1042/2054/25 1041/2068/25 1043/2055/25
s 926
f 1024/2056/24 1023/2069/24 1025/2044/24
s 927
f 1006/2058/23 1005/2070/23 1007/2059/23
s 928
f 1050/2060/22 1049/2071/22 1051/2061/22
s 929
f 1034/2062/1284 1032/2072/1754 1031/2063/1285
s 930
f 1014/2064/1286 1013/2784/1286 1015/2065/20
s 931
f 1139/2066/19 1056/2031/19 1055/2030/19
s 932
f 1040/2016/17 1039/2015/17 1041/2068/17
s 933
f 1022/2017/16 1021/2019/16 1023/2069/16
s 934
f 1006/2058/1288 1004/2038/15 1003/2037/15
s 935
f 1050/2060/1289 1048/2020/1290 1047/2022/1290
s 936
f 1030/2023/1291 1029/2025/1291 1031/2063/13
s 937
f 1012/2028/12 1011/2027/12 1013/2073/12
s 938
f 1058/2075/11 1057/2133/11 1062/2012/11
s 939
f 607/2077/1292 1048/2094/1292 1050/1973/1292
s 940
f 991/2079/1293 992/1978/1293 1045/1980/1293
s 941
f 603/2081/1294 602/2109/1294 1038/2082/1294
s 942
f 598/2083/1295 1030/2100/1295 1032/2084/1295
s 943
f 983/1971/1296 1027/1970/1755 1160/2085/1296
s 944
f 594/1942/1297 593/2114/1297 1020/2087/1297
s 945
f 590/1960/1298 589/2103/1298 1012/2089/1298
s 946
f 974/1965/1299 1009/1964/1299 1007/2091/1299
s 947
f 606/2093/1300 1046/2121/1300 1048/2094/1300
s 948
f 584/2095/1301 612/2134/1301 1058/2096/1301
s 949
f 996/1957/1302 1053/1959/1302 1051/2097/1302
s 950
f 598/2083/1303 597/2289/1303 1028/2099/1303
s 951
f 987/1953/1304 1035/1952/1304 1033/2101/1304
s 952
f 589/2103/1305 588/2127/1305 1010/2104/1305
s 953
f 611/1954/1306 610/2129/1306 1054/2105/1306
s 954
f 977/2107/1307 978/1947/1307 1017/1946/1307
s 955
f 601/2005/1308 1036/2004/1308 1038/2082/1308
s 956
f 990/2110/1309 991/2079/1756 1043/2080/1309
s 957
f 982/2112/1310 1025/2170/1310 1023/2113/1310
s 958
f 593/2114/1311 592/2000/1312 1018/1999/1312
s 959
f 973/2092/1313 1007/2091/1313 1005/2115/1313
s 960
f 585/2116/1314 583/2119/1314 1002/2117/1314
s 961
f 994/2118/1315 995/2098/1315 1051/2097/1315
s 962
f 581/1941/1316 1000/1940/1316 1002/2117/1316
s 963
f 985/2120/1317 986/2102/1317 1033/2101/1317
s 964
f 605/1993/1318 1044/1994/1318 1046/2121/1318
s 965
f 977/2107/1319 1015/2108/1319 1013/2122/1319
s 966
f 596/1987/1320 1026/1988/1320 1101/2123/1320
s 967
f 998/1977/1321 1057/1976/1321 1082/2125/1321
s 968
f 588/2127/1322 587/1981/1322 1008/1982/1322
s 969
f 989/2128/1323 990/2110/1323 1041/2111/1323
s 970
f 610/2129/1324 609/1972/1324 1052/1974/1324
s 971
f 1138/2130/1321 1080/2126/1321 1082/2125/1321
s 972
f 1081/2132/19 1082/2229/19 1057/2133/19
s 973
f 612/2134/1255 1070/2232/1255 1081/2135/1255
s 974
f 1123/2136/1148 1079/1848/1149 1078/1847/1148
s 975
f 1076/2138/1092 1077/2235/1092 920/2139/1092
s 1
f 2665/2140/1325 2615/2238/1331 1076/2141/2
s 976
f 1113/2142/947 1072/1289/947 1075/1595/947
s 977
f 1119/2144/933 1075/1577/934 1079/1576/934
s 978
f 783/2146/919 1074/2241/920 1078/2147/920
s 979
f 1117/2148/635 1074/1291/635 1073/1292/635
s 980
f 1071/1290/634 1072/1289/633 1113/2142/633
s 981
f 692/2151/584 1071/2243/584 1070/2152/584
s 982
f 1065/2153/539 1073/1292/539 691/1260/539
s 983
f 1068/2154/146 1069/532/146 286/533/146
s 984
f 1109/2155/120 1068/411/120 1067/410/120
s 985
f 1066/2157/152 1067/2250/152 223/2158/152
s 986
f 1105/2159/120 1066/275/120 1063/274/120
s 987
f 2596/2161/111 2653/2253/1326 1064/2162/1326
s 988
f 1128/2163/57 1065/110/57 1077/109/57
s 989
f 1080/2165/19 1063/2256/19 159/14/19
s 990
f 1147/2167/1320 1090/2124/1757 1101/2123/1320
s 991
f 982/2112/1296 1100/2293/1296 1102/2169/1296
s 992
f 1101/2043/30 1102/2045/30 1159/2171/30
s 993
f 1176/2173/1199 1094/1896/1199 1098/1895/1199
s 994
f 67/1837/1134 1099/2296/1134 1098/2175/1134
s 995
f 1096/1703/1049 1097/1704/1049 1153/2177/1049
s 1
f 2721/2179/1327 2718/12/10 1096/1702/1048
s 996
f 1092/2181/959 1095/2299/959 840/2182/959
s 997
f 840/2183/861 1095/2302/861 1099/2184/861
s 998
f 1094/2185/674 1093/1167/674 644/1166/673
s 999
f 643/1222/672 1091/1234/672 1092/2181/672
s 1000
f 1091/1234/1328 1090/1233/597 1147/2186/597
s 1001
f 1145/2188/554 1085/1165/554 1093/1167/554
s 1002
f 1088/450/126 1089/449/126 1170/2190/126
s 1003
f 175/2192/120 1088/2306/120 1087/2193/120
s 1004
f 1086/346/153 1087/345/153 1166/2194/153
s 1005
f 15/2196/120 1086/2309/120 1083/2197/120
s 1006
f 2667/2198/76 2748/149/1758 1084/148/77
s 1007
f 75/2200/58 1085/2312/58 1097/2201/58
s 1008
f 1100/58/30 1083/59/30 1162/2202/30
s 1009
f 120/2204/57 1127/2206/57 1135/2205/57
s 1010
f 1127/2206/57 1128/2163/57 1136/2164/57
s 1011
f 30/271/120 1106/2209/120 1104/2207/120
s 1012
f 1106/2209/120 1105/2159/120 1103/2160/120
s 1013
f 190/2210/120 1110/2212/120 1108/2211/120
s 1014
f 1110/2212/120 1109/2155/120 1107/2156/120
s 1015
f 1131/2213/634 1114/2215/633 690/2214/633
s 1016
f 1132/2150/634 1113/2142/634 1114/2215/634
s 1017
f 796/2216/635 1118/2217/635 1116/1137/635
s 1018
f 1118/2217/635 1117/2148/635 1115/2149/635
s 1019
f 827/1886/933 1120/2220/933 1124/2218/933
s 1020
f 1120/2220/933 1119/2144/933 1123/2145/933
s 1021
f 690/2214/947 1114/2215/947 1120/2221/947
s 1022
f 1114/2215/947 1113/2142/947 1119/2143/947
s 1023
f 964/1813/1148 1124/2224/1148 1122/2222/1148
s 1024
f 1124/2224/1148 1123/2136/1148 1121/2137/1148
s 1025
f 997/2225/1329 1137/2227/1329 1141/2226/1329
s 1026
f 1137/2227/1321 1138/2130/1321 1142/2131/1321
s 1027
f 1081/2132/18 1140/2230/18 1142/2228/19
s 1028
f 1140/2230/19 1139/2066/19 1141/2067/1287
s 1029
f 1130/2231/1330 1140/2233/1330 1081/2135/1330
s 1030
f 1129/1956/1330 1139/1955/1255 1140/2233/1330
s 1031
f 1076/2138/1092 1134/2236/1092 1136/2234/1092
s 1032
f 1134/2236/1092 1133/1769/1092 1135/1770/1092
s 1
f 2654/2237/3 1134/2239/2 1076/2141/2
f 2614/3/3 1133/2/1332 1134/2239/1332
s 1033
f 1117/2240/1333 1121/2242/919 1078/2147/920
s 1034
f 1118/1567/920 1122/1566/920 1121/2242/920
s 1035
f 1071/2243/584 1132/2245/584 1130/2244/584
s 1036
f 1132/2245/584 1131/1209/584 1129/1211/584
s 1037
f 1128/2246/1334 1115/2149/539 1073/1292/539
s 1038
f 1128/2246/539 1127/1135/539 1116/1137/539
s 1039
f 1109/2247/146 1111/2248/146 1069/532/146
s 1040
f 1110/463/146 1112/462/146 1111/2248/146
s 1041
f 1105/2249/152 1107/2251/152 1067/2250/152
s 1042
f 1106/285/152 1108/287/152 1107/2251/152
s 1043
f 2616/2252/111 1126/2254/111 1064/2162/1326
s 1044
f 2647/202/110 1125/201/110 1126/2254/111
s 1045
f 1080/2165/19 1138/2257/19 1103/2255/19
s 1046
f 1138/2257/19 1137/34/19 1104/36/19
s 1047
f 1156/2258/30 1161/2261/30 144/2259/30
s 1048
f 1155/2203/30 1162/2202/1759 1161/2261/1335
s 1049
f 2696/153/76 2708/2264/77 1144/2262/77
s 1050
f 2708/2264/77 2667/2198/76 1143/2199/76
s 1051
f 1163/2265/153 1165/2267/153 208/2266/153
s 1052
f 1164/2195/1336 1166/2194/1336 1165/2267/1336
s 1053
f 1167/2268/126 1169/2270/126 256/2269/126
s 1054
f 1168/2191/1337 1170/2190/1337 1169/2270/1337
s 1055
f 1146/2271/554 1173/1327/554 647/1152/554
s 1056
f 1145/2188/554 1174/2189/554 1173/1327/554
s 1057
f 1150/1323/1328 1148/2275/597 597/2273/597
s 1058
f 1149/2187/597 1147/2186/597 1148/2275/597
s 1
f 2754/2276/1338 2757/2278/1339 1152/2277/1048
f 2757/2278/1339 2721/2179/1327 1151/2180/1048
s 1059
f 1152/2279/1049 1154/2281/1049 890/2280/1049
s 1060
f 1151/2178/1049 1153/2177/1049 1154/2281/1049
s 1061
f 805/1488/1199 1175/2284/1199 1179/2282/1199
s 1062
f 1175/2284/1199 1176/2173/1199 1180/2174/1199
s 1063
f 1158/2285/30 1160/2288/30 1027/2286/30
s 1064
f 1157/2172/30 1159/2171/1335 1160/2288/30
s 1065
f 597/2289/1320 1148/2291/1320 1158/2290/1320
s 1066
f 1148/2291/1320 1147/2167/1320 1157/2168/1320
s 1067
f 1155/2292/1296 1159/2294/1296 1102/2169/1296
s 1068
f 1156/2086/1296 1160/2085/1755 1159/2294/1296
s 1069
f 1182/2295/1134 1180/2297/1134 1098/2175/1134
s 1070
f 1181/1828/1134 1179/1827/1134 1180/2297/1134
s 1071
f 1172/2298/959 1178/2300/959 1095/2299/959
s 1072
f 1171/1325/959 1177/1607/959 1178/2300/959
s 1073
f 1178/2301/861 1182/2303/1760 1099/2184/861
s 1074
f 1177/1494/861 1181/1493/861 1182/2303/861
s 1075
f 1176/2304/674 1174/2189/673 1093/1167/673
s 1076
f 1175/1328/673 1173/1327/673 1174/2189/673
s 1077
f 1091/1234/672 1149/2187/672 1172/2298/672
s 1078
f 1149/2187/1340 1150/1323/1340 1171/1325/1340
s 1079
f 1168/2305/120 1166/2307/120 1087/2193/120
s 1080
f 1167/380/120 1165/379/120 1166/2307/120
s 1081
f 1164/2308/120 1162/2310/120 1083/2197/120
s 1082
f 1163/244/120 1161/243/120 1162/2310/120
s 1083
f 1145/2311/58 1153/2313/58 1097/2201/58
s 1084
f 1146/113/58 1154/112/58 1153/2313/58
s 0
f 1669/185/96 386/185/96 514/185/96
f 513/185/96 1795/185/96 1669/185/96
s 1086
f 1192/2314/544 1184/1126/544 1188/2315/544
s 1087
f 1194/2317/544 1189/1357/544 1185/1275/544
s 1088
f 1191/2316/544 1188/2315/544 1189/1357/544
s 1089
f 1192/2314/544 1193/2318/544 1185/1275/544
s 1090
f 1196/2319/1342 1188/2785/1761 1187/2320/1343
s 1091
f 1198/2322/1345 1190/1178/1762 1189/1330/1346
s 1092
f 1195/2321/1348 1187/2320/1763 1190/2324/1349
s 1093
f 1197/2323/1351 1189/1330/1764 1188/2326/1352
s 1094
f 108/1150/544 1192/2314/544 1191/2316/1354
s 1095
f 674/2328/544 1194/2317/544 1193/2318/544
s 1096
f 105/1148/544 1191/2316/544 1194/2317/544
s 1097
f 108/1150/544 676/1149/544 1193/2318/544
s 1098
f 102/2329/552 1183/1162/1355 1196/2319/1355
s 1099
f 1186/1164/552 671/1163/553 1198/2325/553
s 1100
f 102/2329/552 1195/2321/552 1198/2325/552
s 1101
f 1183/1162/1356 1186/1164/553 1197/2330/553
s 1102
f 1199/2333/1358 687/2368/1358 1203/2331/1357
f 1203/2331/1357 684/2364/1357 1200/2332/1357
s 1103
f 1221/1316/1357 1223/2366/1357 1204/2334/1358
f 1204/2334/1358 1218/2361/1357 1216/1598/1357
s 1104
f 1215/1618/1358 1219/2362/1358 1205/2335/1357
f 1205/2335/1357 1224/2367/1357 1220/1345/1357
s 1105
f 1201/2338/1357 839/2359/1357 1206/2336/1358
f 1206/2336/1358 844/2363/1358 1202/2337/1358
s 1106
f 1224/2339/1359 1205/2349/1359 1213/2340/1359
s 1107
f 1218/2342/1360 1204/2355/1360 1212/2343/1360
s 1108
f 1212/2347/1358 1207/2786/1358 1211/2787/1358
f 1211/2787/1358 1208/2788/1357 1213/2345/1357
f 1213/2345/1357 1210/2789/1358 1214/2346/1358
f 1214/2346/1358 1209/2790/1358 1212/2347/1358
f 1212/2347/1358 1211/2787/1358 1213/2345/1357
s 1109
f 1219/2348/1361 1210/2791/1361 1213/2340/1361
s 1110
f 1219/2350/1362 1217/2358/1362 1214/2351/1362
s 1111
f 1222/1606/1364 1211/1605/1364 1207/2353/1364
s 1112
f 1204/2355/1365 1223/2792/1365 1207/2356/1365
s 1113
f 1218/2357/1366 1209/2793/1366 1214/2351/1366
s 1114
f 1201/2338/1357 1202/2337/1358 1215/1618/1358
s 1115
f 839/2359/1357 1218/2361/1357 1217/2360/1357
s 1116
f 1201/2338/1358 1216/1598/1358 1218/2361/1357
s 1117
f 1202/2337/1357 844/2363/1357 1219/2362/1357
s 1118
f 844/2363/1357 1206/2336/1357 1217/2360/1357
s 1119
f 1199/2333/1358 1200/2332/1358 1221/1316/1358
s 1120
f 684/2364/1357 1203/2331/1357 1222/2365/1357
s 1121
f 1199/2333/1357 1220/1345/1357 1224/2367/1367
s 1122
f 684/2364/1357 1223/2366/1357 1221/1316/1357
s 1123
f 687/2368/1357 1224/2367/1357 1222/2365/1357
s 1124
f 1233/2369/1368 1236/2372/1765 1226/2370/1369
s 1125
f 1237/2371/1371 1227/1142/1379 1226/2370/1372
s 1126
f 1234/2373/1374 1229/1336/1370 1228/1335/1375
s 1127
f 1238/2375/1377 1235/2374/1766 1228/1335/1378
s 1128
f 1233/2369/1380 1225/1368/1380 1229/1336/1370
s 1129
f 1237/2371/1379 1238/2375/1379 1230/1280/1379
s 1130
f 1236/2372/1383 39/2794/1767 1239/2376/1381
f 1239/2376/1381 617/2795/1768 1235/2374/1382
s 1131
f 1233/2369/1384 33/2796/1370 1240/2377/1384
f 1240/2377/1384 39/2794/1769 1236/2372/1385
s 1132
f 1235/2374/1388 617/2795/1770 1241/2378/1386
f 1241/2378/1386 613/2797/1389 1234/2373/1387
s 1133
f 1234/2373/1391 613/2797/1771 1242/2379/1389
f 1242/2379/1389 33/2796/1772 1233/2369/1390
s 1134
f 1235/2374/1394 1231/2798/1773 1243/2380/1392
f 1243/2380/1392 1232/2799/1774 1236/2372/1393
s 1135
f 1236/2372/1397 1232/2799/1775 1244/2381/1395
f 1244/2381/1395 42/2800/1776 1237/2371/1396
s 1136
f 1238/2375/1400 619/2801/1777 1245/2382/1398
f 1245/2382/1398 1231/2798/1778 1235/2374/1399
s 1137
f 1237/2371/1403 42/2800/1779 1246/2383/1401
f 1246/2383/1401 619/2801/1780 1238/2375/1402
s 1138
f 1245/2384/1404 1258/2415/1404 1259/2385/1404
s 1139
f 1241/2387/1405 1250/2403/1405 1251/2388/1405
s 1140
f 33/2390/1406 1253/2802/1781 1249/2391/1406
s 1141
f 1248/2395/1408 1247/2803/1408 1249/2804/1407
f 1249/2804/1407 1253/2805/1407 1252/2393/1407
f 1252/2393/1407 1251/2806/1782 1250/2394/1407
f 1250/2394/1407 1261/2807/1783 1248/2395/1408
f 1248/2395/1408 1249/2804/1407 1252/2393/1407
s 1142
f 1244/2396/1409 1256/2413/1409 1257/2397/1409
s 1143
f 617/2399/1410 1239/2416/1410 1248/2400/1411
s 1144
f 617/2402/1412 1261/2808/1412 1250/2403/1412
s 1145
f 1246/2404/1413 42/2809/1413 1257/2405/1413
s 1146
f 1242/2407/1414 613/2810/1414 1251/2408/1414
s 1147
f 1243/2409/1415 1231/2811/1415 1259/2410/1415
s 1148
f 1244/2396/1416 1232/2812/1416 1255/2412/1416
s 1149
f 1245/2384/1417 619/2813/1417 1262/2414/1417
s 1150
f 1239/2416/1418 39/2814/1418 1247/2417/1418
s 1151
f 1243/2409/1419 1254/2411/1419 1255/2418/1419
s 1152
f 1246/2404/1420 1260/2406/1421 1262/2420/1421
s 1153
f 39/2422/1422 1240/2392/1422 1249/2391/1422
s 1154
f 1263/2424/685 1267/2433/685 1266/2425/685
s 1155
f 658/2427/685 1264/2436/685 1275/2428/685
s 1156
f 1278/2430/685 661/2437/685 1272/2431/685
s 1157
f 660/2426/685 1269/1602/685 1277/1313/685
s 1158
f 1266/2425/685 1274/1614/685 1269/1602/685
s 1159
f 1267/2433/685 1283/2434/685 1274/1614/685
s 1160
f 1263/2424/685 1277/1313/685 1283/2434/685
s 1161
f 1265/2435/685 1282/1359/685 1273/1358/685
s 1162
f 663/1341/685 1273/1358/685 1274/1614/685
s 1163
f 1270/1342/685 1274/1614/685 1283/2434/685
s 1164
f 1271/1340/685 1283/2434/685 1282/1359/685
s 1165
f 1268/2429/685 1277/1313/685 1276/1228/685
s 1166
f 658/2427/685 1276/1228/685 1280/1244/685
s 1167
f 1264/2436/685 1280/1244/685 1283/2434/685
s 1168
f 1275/2428/685 1283/2434/685 1277/1313/685
s 1169
f 1278/2430/685 1280/1244/685 1281/1253/685
s 1170
f 661/2437/685 1281/1253/685 1282/1359/685
s 1171
f 1279/2432/685 1283/2434/1784 1280/1244/685
s 1172
f 1272/2431/685 1282/1359/685 1283/2434/685
s 0
f 130/185/96 129/185/96 1412/185/96
f 129/185/96 131/185/96 1414/185/96
f 131/185/96 132/185/96 1415/185/96
f 132/185/96 133/185/96 1416/185/96
f 133/185/96 134/185/96 1417/185/96
f 134/185/96 135/185/96 1418/185/96
f 135/185/96 136/185/96 1419/185/96
f 136/185/96 137/185/96 1420/185/96
f 137/185/96 138/185/96 1421/185/96
f 138/185/96 139/185/96 1422/185/96
f 139/185/96 140/185/96 1423/185/96
f 140/185/96 141/185/96 1424/185/96
f 141/185/96 142/185/96 1425/185/96
f 142/185/96 143/185/96 1426/185/96
f 143/185/96 1083/185/96 2351/185/96
f 144/185/96 145/185/96 1428/185/96
f 145/185/96 146/185/96 1429/185/96
f 146/185/96 147/185/96 1430/185/96
f 147/185/96 148/185/96 1431/185/96
f 148/185/96 149/185/96 1432/185/96
f 149/185/96 150/185/96 1433/185/96
f 150/185/96 151/185/96 1434/185/96
f 151/185/96 152/185/96 1435/185/96
f 152/185/96 153/185/96 1436/185/96
f 153/185/96 154/185/96 1437/185/96
f 154/185/96 155/185/96 1438/185/96
f 155/185/96 156/185/96 1439/185/96
f 156/185/96 157/185/96 1440/185/96
f 157/185/96 158/185/96 1441/185/96
f 158/185/96 1104/185/96 2372/185/96
f 159/185/96 160/185/96 1443/185/96
f 160/185/96 130/185/96 1413/185/96
f 2661/185/96 37/185/96 1320/185/96
f 37/185/96 35/185/96 1318/185/96
f 944/185/96 936/185/96 2204/185/96
f 942/185/96 946/185/96 2214/185/96
f 948/185/96 944/185/96 2212/185/96
f 947/185/96 948/185/96 2216/185/96
f 945/185/96 946/185/96 2214/185/96
f 36/185/96 1225/185/96 2493/185/96
f 35/185/96 41/185/96 1324/185/96
f 944/185/96 943/185/96 2211/185/96
f 941/185/96 942/185/96 2210/185/96
f 940/185/96 939/185/96 2207/185/96
f 1225/185/96 1226/185/96 2494/185/96
f 41/185/96 44/185/96 1327/185/96
f 938/185/96 937/185/96 2205/185/96
f 936/185/96 935/185/96 2203/185/96
f 934/185/96 933/185/96 2201/185/96
f 1226/185/96 1227/185/96 2495/185/96
f 44/185/96 47/185/96 1330/185/96
f 932/185/96 931/185/96 2199/185/96
f 930/185/96 929/185/96 2197/185/96
f 928/185/96 927/185/96 2195/185/96
f 1227/185/96 45/185/96 1328/185/96
f 50/185/96 47/185/96 1330/185/96
f 926/185/96 925/185/96 2193/185/96
f 924/185/96 923/185/96 2191/185/96
f 34/185/96 38/185/96 1321/185/96
f 45/185/96 48/185/96 1331/185/96
f 50/185/96 53/185/96 1336/185/96
f 40/185/96 43/185/96 1326/185/96
f 46/185/96 49/185/96 1332/185/96
f 52/185/96 55/185/96 1338/185/96
f 48/185/96 51/185/96 1334/185/96
s 1238
f 2694/133/1423 2587/122/1424 65/121/1424
s 0
f 53/185/96 56/185/96 1339/185/96
f 58/185/96 61/185/96 1344/185/96
f 67/185/96 64/185/96 1347/185/96
f 70/185/96 73/185/96 1356/185/96
f 51/185/96 54/185/96 1337/185/96
f 56/185/96 59/185/96 1342/185/96
f 76/185/96 79/185/96 1362/185/96
f 82/185/96 85/185/96 1368/185/96
f 88/185/96 91/185/96 1374/185/96
f 54/185/96 57/185/96 1340/185/96
f 59/185/96 62/185/96 1345/185/96
f 94/185/96 97/185/96 1380/185/96
f 103/185/96 100/185/96 1383/185/96
f 106/185/96 109/185/96 1392/185/96
f 57/185/96 60/185/96 1343/185/96
f 62/185/96 65/185/96 1348/185/96
f 112/185/96 115/185/96 1398/185/96
f 121/185/96 118/185/96 1401/185/96
f 124/185/96 127/185/96 1410/185/96
f 60/185/96 63/185/96 1346/185/96
f 65/185/96 68/185/96 1351/185/96
f 904/185/96 99/185/96 1382/185/96
f 63/185/96 66/185/96 1349/185/96
f 71/185/96 68/185/96 1351/185/96
f 874/185/96 54/185/96 1337/185/96
f 66/185/96 69/185/96 1352/185/96
f 71/185/96 74/185/96 1357/185/96
f 896/185/96 87/185/96 1370/185/96
f 866/185/96 1227/185/96 2495/185/96
f 69/185/96 72/185/96 1355/185/96
f 74/185/96 77/185/96 1360/185/96
f 120/185/96 918/185/96 2186/185/96
f 75/185/96 888/185/96 2156/185/96
f 72/185/96 75/185/96 1358/185/96
f 2696/185/96 80/185/96 1363/185/96
f 80/185/96 1144/185/96 2412/185/96
f 910/185/96 1184/185/96 2452/185/96
f 1146/185/96 78/185/96 1361/185/96
f 83/185/96 80/185/96 1363/185/96
f 880/185/96 63/185/96 1346/185/96
f 78/185/96 81/185/96 1364/185/96
f 83/185/96 86/185/96 1369/185/96
f 902/185/96 96/185/96 1379/185/96
f 872/185/96 51/185/96 1334/185/96
f 81/185/96 84/185/96 1367/185/96
s 1284
f 89/162/1425 92/1766/1426 2698/1768/1426
s 0
f 89/185/96 86/185/96 1369/185/96
f 894/185/96 84/185/96 1367/185/96
f 864/185/96 1226/185/96 2494/185/96
f 84/185/96 87/185/96 1370/185/96
f 92/185/96 89/185/96 1372/185/96
f 916/185/96 117/185/96 1400/185/96
f 87/185/96 90/185/96 1373/185/96
f 95/185/96 92/185/96 1375/185/96
f 886/185/96 72/185/96 1355/185/96
f 2631/185/96 95/185/96 1378/185/96
f 90/185/96 93/185/96 1376/185/96
f 95/185/96 98/185/96 1381/185/96
f 2738/185/96 50/185/96 1333/185/96
f 1187/185/96 906/185/96 2174/185/96
f 93/185/96 96/185/96 1379/185/96
f 2699/185/96 2765/185/96 1381/185/96
f 101/185/96 98/185/96 1381/185/96
f 908/185/96 1188/185/96 2456/185/96
f 57/185/96 876/185/96 2144/185/96
f 878/185/96 60/185/96 1343/185/96
f 96/185/96 99/185/96 1382/185/96
f 104/185/96 101/185/96 1384/185/96
f 2634/185/96 83/185/96 1366/185/96
f 99/185/96 1187/185/96 2455/185/96
f 104/185/96 107/185/96 1390/185/96
f 2637/185/96 35/185/96 1318/185/96
f 2739/185/96 128/185/96 1411/185/96
f 1187/185/96 1188/185/96 2456/185/96
f 110/185/96 107/185/96 1390/185/96
f 90/185/96 898/185/96 2166/185/96
f 900/185/96 93/185/96 1376/185/96
f 45/185/96 868/185/96 2136/185/96
f 1188/185/96 1184/185/96 2452/185/96
f 113/185/96 110/185/96 1393/185/96
f 870/185/96 48/185/96 1331/185/96
f 2741/185/96 116/185/96 1399/185/96
f 1184/185/96 111/185/96 1394/185/96
f 116/185/96 113/185/96 1396/185/96
f 2636/185/96 71/185/96 1354/185/96
f 123/185/96 920/185/96 2188/185/96
f 111/185/96 114/185/96 1397/185/96
f 116/185/96 119/185/96 1402/185/96
f 922/185/96 126/185/96 1409/185/96
f 78/185/96 890/185/96 2158/185/96
f 892/185/96 81/185/96 1364/185/96
f 114/185/96 117/185/96 1400/185/96
f 122/185/96 119/185/96 1402/185/96
f 36/185/96 862/185/96 2130/185/96
f 861/185/96 1225/185/96 2493/185/96
f 117/185/96 120/185/96 1403/185/96
f 2596/185/96 125/185/96 1408/185/96
f 1064/185/96 125/185/96 1408/185/96
f 2743/185/96 104/185/96 1387/185/96
f 2639/185/96 59/185/96 1342/185/96
f 1065/185/96 123/185/96 1406/185/96
f 128/185/96 125/185/96 1408/185/96
f 111/185/96 912/185/96 2180/185/96
f 914/185/96 114/185/96 1397/185/96
f 66/185/96 882/185/96 2150/185/96
f 123/185/96 126/185/96 1409/185/96
f 37/185/96 128/185/96 1411/185/96
f 884/185/96 69/185/96 1352/185/96
f 126/185/96 36/185/96 1319/185/96
f 130/185/96 967/185/96 2235/185/96
f 160/185/96 968/185/96 2236/185/96
f 2/185/96 1/185/96 1284/185/96
f 1/185/96 3/185/96 1286/185/96
f 3/185/96 4/185/96 1287/185/96
f 4/185/96 5/185/96 1288/185/96
f 5/185/96 6/185/96 1289/185/96
f 6/185/96 7/185/96 1290/185/96
f 7/185/96 8/185/96 1291/185/96
f 8/185/96 9/185/96 1292/185/96
f 9/185/96 10/185/96 1293/185/96
f 10/185/96 11/185/96 1294/185/96
f 11/185/96 12/185/96 1295/185/96
f 12/185/96 13/185/96 1296/185/96
f 13/185/96 14/185/96 1297/185/96
f 14/185/96 15/185/96 1298/185/96
f 1086/185/96 15/185/96 1298/185/96
f 17/185/96 16/185/96 1299/185/96
f 17/185/96 18/185/96 1301/185/96
f 18/185/96 19/185/96 1302/185/96
f 19/185/96 20/185/96 1303/185/96
f 20/185/96 21/185/96 1304/185/96
f 21/185/96 22/185/96 1305/185/96
f 22/185/96 23/185/96 1306/185/96
f 23/185/96 24/185/96 1307/185/96
f 24/185/96 25/185/96 1308/185/96
f 25/185/96 26/185/96 1309/185/96
f 26/185/96 27/185/96 1310/185/96
f 27/185/96 28/185/96 1311/185/96
f 28/185/96 29/185/96 1312/185/96
f 29/185/96 30/185/96 1313/185/96
f 1106/185/96 30/185/96 1313/185/96
f 31/185/96 32/185/96 1315/185/96
f 32/185/96 2/185/96 1285/185/96
f 130/185/1434 2/185/96 1285/185/1433
f 1/185/96 129/185/96 1412/185/96
f 3/185/96 131/185/96 1414/185/96
f 4/185/96 132/185/96 1415/185/96
f 5/185/1431 133/185/1431 1416/185/1431
f 6/185/96 134/185/96 1417/185/96
f 7/185/96 135/185/96 1418/185/96
f 8/185/96 136/185/96 1419/185/96
f 9/185/96 137/185/96 1420/185/96
f 10/185/96 138/185/96 1421/185/96
f 11/185/96 139/185/96 1422/185/96
f 12/185/96 140/185/96 1423/185/96
f 13/185/96 141/185/96 1424/185/96
f 14/185/96 142/185/96 1425/185/96
f 15/185/96 143/185/96 1426/185/96
f 16/185/96 144/185/96 1427/185/96
f 17/185/1785 145/185/96 1428/185/1433
f 18/185/96 146/185/96 1429/185/96
f 19/185/96 147/185/96 1430/185/96
f 20/185/96 148/185/96 1431/185/96
f 21/185/1431 149/185/1431 1432/185/1431
f 22/185/96 150/185/96 1433/185/96
f 23/185/96 151/185/96 1434/185/96
f 963/185/96 951/185/96 2219/185/96
f 24/185/96 152/185/96 1435/185/96
f 964/185/96 955/185/96 2223/185/96
f 25/185/96 153/185/96 1436/185/96
f 965/185/96 950/185/96 2218/185/96
f 26/185/96 154/185/96 1437/185/96
f 966/185/96 949/185/96 2217/185/96
f 27/185/96 155/185/96 1438/185/96
f 958/185/96 127/185/96 1410/185/96
f 28/185/96 156/185/96 1439/185/96
f 959/185/96 115/185/96 1398/185/96
f 29/185/96 157/185/96 1440/185/96
f 960/185/96 109/185/96 1392/185/96
f 30/185/96 158/185/96 1441/185/96
f 961/185/96 103/185/96 1386/185/96
f 31/185/96 159/185/96 1442/185/96
f 962/185/96 97/185/96 1380/185/96
f 32/185/96 160/185/96 1443/185/96
f 91/185/96 963/185/96 2231/185/96
f 194/185/96 193/185/96 1476/185/96
f 1124/185/96 964/185/96 2232/185/96
f 193/185/96 195/185/96 1478/185/96
f 85/185/96 121/185/96 1404/185/96
f 195/185/96 196/185/96 1479/185/96
f 79/185/96 115/185/96 1398/185/96
f 196/185/96 197/185/96 1480/185/96
f 73/185/96 109/185/96 1392/185/96
f 197/185/96 198/185/96 1481/185/96
f 67/185/96 97/185/96 1380/185/96
f 198/185/96 199/185/96 1482/185/96
f 61/185/96 91/185/96 1374/185/96
f 199/185/96 200/185/96 1483/185/96
f 55/185/96 85/185/96 1368/185/96
f 200/185/96 201/185/96 1484/185/96
f 49/185/96 79/185/96 1362/185/96
f 201/185/96 202/185/96 1485/185/96
f 43/185/96 73/185/96 1356/185/96
f 202/185/96 203/185/96 1486/185/96
f 67/185/96 1099/185/96 2367/185/96
f 203/185/96 204/185/96 1487/185/96
f 61/185/96 923/185/96 2191/185/96
f 204/185/96 205/185/96 1488/185/96
f 965/185/96 925/185/96 2193/185/96
f 205/185/96 206/185/96 1489/185/96
f 925/185/96 961/185/96 2229/185/96
f 206/185/96 207/185/96 1490/185/96
f 55/185/96 927/185/96 2195/185/96
f 207/185/96 1087/185/96 2355/185/96
f 49/185/96 929/185/96 2197/185/96
f 208/185/96 209/185/96 1492/185/96
f 43/185/96 964/185/96 2232/185/96
f 209/185/96 210/185/96 1493/185/96
f 933/185/96 121/185/96 1404/185/96
f 210/185/96 211/185/96 1494/185/96
f 38/185/96 959/185/96 2227/185/96
f 211/185/96 212/185/96 1495/185/96
f 923/185/96 960/185/96 2228/185/96
f 212/185/96 213/185/96 1496/185/96
f 927/185/96 962/185/96 2230/185/96
f 213/185/96 214/185/96 1497/185/96
f 929/185/96 963/185/96 2231/185/96
f 214/185/96 215/185/96 1498/185/96
f 449/185/96 321/185/96 1604/185/96
f 127/185/96 931/185/96 2199/185/96
f 215/185/96 216/185/96 1499/185/96
f 450/185/96 323/185/96 1606/185/96
f 931/185/96 965/185/96 2233/185/96
f 216/185/96 217/185/96 1500/185/96
f 451/185/96 324/185/96 1607/185/96
f 966/185/96 945/185/96 2213/185/96
f 217/185/96 218/185/96 1501/185/96
f 452/185/96 325/185/96 1608/185/96
f 947/185/96 937/185/96 2205/185/96
f 218/185/96 219/185/96 1502/185/96
f 453/185/96 326/185/96 1609/185/96
f 939/185/96 937/185/96 2205/185/96
f 219/185/96 220/185/96 1503/185/96
f 454/185/96 327/185/96 1610/185/96
f 966/185/96 939/185/96 2207/185/96
f 220/185/96 221/185/96 1504/185/96
f 455/185/96 328/185/96 1611/185/96
f 943/185/96 935/185/96 2203/185/96
f 221/185/96 222/185/96 1505/185/96
f 456/185/96 329/185/96 1612/185/96
f 947/185/96 943/185/96 2211/185/96
f 222/185/96 1108/185/96 2376/185/96
f 457/185/96 330/185/96 1613/185/96
f 941/185/96 945/185/96 2213/185/96
f 223/185/96 224/185/96 1507/185/96
f 458/185/96 331/185/96 1614/185/96
f 933/185/96 941/185/96 2209/185/96
f 224/185/96 194/185/96 1477/185/96
f 459/185/96 332/185/96 1615/185/96
f 935/185/96 103/185/96 1386/185/96
f 16/185/96 208/185/96 1491/185/96
f 460/185/96 333/185/96 1616/185/96
f 790/185/96 956/185/96 2224/185/96
f 209/185/96 17/185/96 1300/185/96
f 461/185/96 334/185/96 1617/185/96
f 100/185/96 791/185/96 2059/185/96
f 3/185/96 195/185/96 1478/185/96
f 462/185/96 335/185/96 1618/185/96
f 932/185/96 811/185/96 2079/185/96
f 196/185/96 4/185/96 1287/185/96
f 463/185/96 336/185/96 1619/185/96
f 950/185/96 807/185/96 2075/185/96
f 30/185/96 222/185/96 1505/185/96
f 464/185/96 337/185/96 1620/185/96
f 103/185/96 834/185/96 2102/185/96
f 31/185/96 223/185/96 1506/185/96
f 465/185/96 338/185/96 1621/185/96
f 841/185/96 61/185/96 1344/185/96
f 210/185/96 18/185/96 1301/185/96
f 466/185/96 339/185/96 1622/185/96
f 953/185/96 788/185/96 2056/185/96
f 197/185/96 5/185/96 1288/185/96
f 467/185/96 340/185/96 1623/185/96
f 106/185/96 789/185/96 2057/185/96
f 224/185/96 32/185/96 1315/185/96
f 468/185/96 341/185/96 1624/185/96
f 124/185/96 784/185/96 2052/185/96
f 211/185/96 19/185/96 1302/185/96
f 469/185/96 342/185/96 1625/185/96
f 842/185/96 55/185/96 1338/185/96
f 198/185/96 6/185/96 1289/185/96
f 470/185/96 343/185/96 1626/185/96
f 954/185/96 786/185/96 2054/185/96
f 194/185/96 2/185/96 1285/185/96
f 471/185/96 344/185/96 1627/185/96
f 810/185/96 930/185/96 2198/185/96
f 212/185/96 20/185/96 1303/185/96
f 472/185/96 345/185/96 1628/185/96
f 843/185/96 49/185/96 1332/185/96
f 199/185/96 7/185/96 1290/185/96
f 473/185/96 346/185/96 1629/185/96
f 809/185/96 928/185/96 2196/185/96
f 213/185/96 21/185/96 1304/185/96
f 474/185/96 347/185/96 1630/185/96
f 1215/185/96 43/185/96 1326/185/96
f 200/185/96 8/185/96 1291/185/96
f 475/185/96 348/185/96 1631/185/96
f 806/185/96 924/185/96 2192/185/96
f 214/185/96 22/185/96 1305/185/96
f 476/185/96 349/185/96 1632/185/96
f 845/185/96 38/185/96 1321/185/96
f 201/185/96 9/185/96 1292/185/96
f 350/185/96 477/185/96 1759/185/96
f 805/185/96 34/185/96 1317/185/96
f 215/185/96 23/185/96 1306/185/96
f 478/185/96 351/185/96 1634/185/96
f 846/185/96 923/185/96 2191/185/96
f 202/185/96 10/185/96 1293/185/96
f 479/185/96 352/185/96 1635/185/96
f 847/185/96 925/185/96 2193/185/96
f 216/185/96 24/185/96 1307/185/96
f 480/185/96 322/185/96 1605/185/96
f 965/185/96 828/185/96 2096/185/96
f 203/185/96 11/185/96 1294/185/96
f 322/185/1430 353/185/96 1636/185/1429
f 804/185/96 40/185/96 1323/185/96
f 217/185/96 25/185/96 1308/185/96
f 321/185/96 354/185/96 1637/185/96
f 824/185/96 961/185/96 2229/185/96
f 204/185/96 12/185/96 1295/185/96
f 323/185/96 355/185/96 1638/185/96
f 803/185/96 46/185/96 1329/185/96
f 218/185/96 26/185/96 1309/185/96
f 324/185/96 356/185/96 1639/185/96
f 848/185/96 927/185/96 2195/185/96
f 205/185/96 13/185/96 1296/185/96
f 325/185/1431 357/185/1431 1640/185/1431
f 802/185/96 52/185/96 1335/185/96
f 219/185/96 27/185/96 1310/185/96
f 326/185/96 358/185/96 1641/185/96
f 849/185/96 929/185/96 2197/185/96
f 206/185/96 14/185/96 1297/185/96
f 327/185/96 359/185/96 1642/185/96
f 808/185/96 926/185/96 2194/185/96
f 220/185/96 28/185/96 1311/185/96
f 328/185/96 360/185/96 1643/185/96
f 801/185/96 58/185/96 1341/185/96
f 207/185/96 15/185/96 1298/185/96
f 329/185/96 361/185/96 1644/185/96
f 822/185/96 959/185/96 2227/185/96
f 193/185/96 1/185/96 1284/185/96
f 330/185/96 362/185/96 1645/185/96
f 800/185/96 64/185/96 1347/185/96
f 221/185/96 29/185/96 1312/185/96
f 331/185/96 363/185/96 1646/185/96
f 823/185/96 960/185/96 2228/185/96
f 162/185/96 161/185/96 1444/185/96
f 332/185/96 364/185/96 1647/185/96
f 936/185/96 814/185/96 2082/185/96
f 161/185/96 163/185/96 1446/185/96
f 333/185/96 365/185/96 1648/185/96
f 825/185/96 962/185/96 2230/185/96
f 163/185/96 164/185/96 1447/185/96
f 334/185/96 366/185/96 1649/185/96
f 799/185/96 70/185/96 1353/185/96
f 164/185/96 165/185/96 1448/185/96
f 335/185/96 367/185/96 1650/185/96
f 830/185/96 127/185/96 1410/185/96
f 165/185/96 166/185/96 1449/185/96
f 336/185/96 368/185/96 1651/185/96
f 850/185/96 931/185/96 2199/185/96
f 166/185/96 167/185/96 1450/185/96
f 337/185/1434 369/185/96 1652/185/1433
f 818/185/96 944/185/96 2212/185/96
f 167/185/96 168/185/96 1451/185/96
f 338/185/96 370/185/96 1653/185/96
f 980/185/96 1021/185/96 2289/185/96
f 168/185/96 169/185/96 1452/185/96
f 339/185/96 371/185/96 1654/185/96
f 981/185/96 1023/185/96 2291/185/96
f 169/185/96 170/185/96 1453/185/96
f 340/185/96 372/185/96 1655/185/96
f 969/185/96 129/185/96 1412/185/96
f 170/185/96 171/185/96 1454/185/96
f 341/185/1431 373/185/1431 1656/185/1431
f 131/185/96 970/185/96 2238/185/96
f 171/185/96 172/185/96 1455/185/96
f 342/185/96 374/185/96 1657/185/96
f 971/185/96 132/185/96 1415/185/96
f 172/185/96 173/185/96 1456/185/96
f 343/185/96 375/185/96 1658/185/96
f 133/185/96 972/185/96 2240/185/96
f 173/185/96 174/185/96 1457/185/96
f 344/185/96 376/185/96 1659/185/96
f 134/185/96 973/185/96 2241/185/96
f 174/185/96 175/185/96 1458/185/96
f 345/185/96 377/185/96 1660/185/96
f 135/185/96 974/185/96 2242/185/96
f 1088/185/96 175/185/96 1458/185/96
f 346/185/96 378/185/96 1661/185/96
f 975/185/96 136/185/96 1419/185/96
f 176/185/96 177/185/96 1460/185/96
f 347/185/96 379/185/96 1662/185/96
f 137/185/96 976/185/96 2244/185/96
f 177/185/96 178/185/96 1461/185/96
f 348/185/96 380/185/96 1663/185/96
f 138/185/96 977/185/96 2245/185/96
f 178/185/96 179/185/96 1462/185/96
f 349/185/96 381/185/96 1664/185/96
f 139/185/96 978/185/96 2246/185/96
f 179/185/96 180/185/96 1463/185/96
f 350/185/96 382/185/96 1665/185/96
f 140/185/96 979/185/96 2247/185/96
f 180/185/96 181/185/96 1464/185/96
f 351/185/96 383/185/96 1666/185/96
f 980/185/96 141/185/96 1424/185/96
f 182/185/96 181/185/96 1464/185/96
f 352/185/96 384/185/96 1667/185/96
f 142/185/96 981/185/96 2249/185/96
f 182/185/96 183/185/96 1466/185/96
f 481/185/96 482/185/96 1764/185/96
f 143/185/96 982/185/96 2250/185/96
f 183/185/96 184/185/96 1467/185/96
f 482/185/96 483/185/96 1765/185/96
f 983/185/96 144/185/96 1427/185/96
f 184/185/96 185/185/96 1468/185/96
f 483/185/96 484/185/96 1766/185/96
f 984/185/96 145/185/96 1428/185/96
f 185/185/96 186/185/96 1469/185/96
f 484/185/96 485/185/96 1767/185/96
f 146/185/96 985/185/96 2253/185/96
f 186/185/96 187/185/96 1470/185/96
f 485/185/96 486/185/96 1768/185/96
f 147/185/96 986/185/96 2254/185/96
f 187/185/96 188/185/96 1471/185/96
f 486/185/96 487/185/96 1769/185/96
f 148/185/96 987/185/96 2255/185/96
f 188/185/96 189/185/96 1472/185/96
f 487/185/96 488/185/96 1770/185/96
f 149/185/96 988/185/96 2256/185/96
f 189/185/96 190/185/96 1473/185/96
f 488/185/96 489/185/96 1771/185/96
f 989/185/96 150/185/96 1433/185/96
f 1110/185/96 190/185/96 1473/185/96
f 489/185/96 490/185/96 1772/185/96
f 151/185/96 990/185/96 2258/185/96
f 191/185/96 192/185/96 1475/185/96
f 490/185/96 491/185/96 1773/185/96
f 152/185/96 991/185/96 2259/185/96
f 192/185/96 162/185/96 1445/185/96
f 491/185/96 492/185/96 1774/185/96
f 153/185/96 992/185/96 2260/185/96
f 194/185/1434 162/185/96 1445/185/1433
f 492/185/96 493/185/96 1775/185/96
f 993/185/96 154/185/96 1437/185/96
f 161/185/96 193/185/96 1476/185/96
f 493/185/96 494/185/96 1776/185/96
f 155/185/96 994/185/96 2262/185/96
f 163/185/96 195/185/96 1478/185/96
f 494/185/96 495/185/96 1777/185/96
f 156/185/96 995/185/96 2263/185/96
f 164/185/96 196/185/96 1479/185/96
f 495/185/96 496/185/96 1778/185/96
f 157/185/96 996/185/96 2264/185/96
f 165/185/1431 197/185/1431 1480/185/1431
f 496/185/96 497/185/96 1779/185/96
f 997/185/96 158/185/96 1441/185/96
f 166/185/96 198/185/96 1481/185/96
f 497/185/96 498/185/96 1780/185/96
f 998/185/96 159/185/96 1442/185/96
f 167/185/96 199/185/96 1482/185/96
f 498/185/96 499/185/96 1781/185/96
f 969/185/96 967/185/96 2235/185/96
f 168/185/96 200/185/96 1483/185/96
f 499/185/96 500/185/96 1782/185/96
f 967/185/96 968/185/96 2236/185/96
f 169/185/96 201/185/96 1484/185/96
f 500/185/96 501/185/96 1783/185/96
f 989/185/96 988/185/96 2256/185/96
f 170/185/96 202/185/96 1485/185/96
f 501/185/96 502/185/96 1784/185/96
f 980/185/96 979/185/96 2247/185/96
f 171/185/96 203/185/96 1486/185/96
f 502/185/96 503/185/96 1785/185/96
f 993/185/96 992/185/96 2260/185/96
f 172/185/96 204/185/96 1487/185/96
f 503/185/96 504/185/96 1786/185/96
f 984/185/96 983/185/96 2251/185/96
f 173/185/96 205/185/96 1488/185/96
f 504/185/96 505/185/96 1787/185/96
f 975/185/96 974/185/96 2242/185/96
f 174/185/96 206/185/96 1489/185/96
f 505/185/96 506/185/96 1788/185/96
f 997/185/96 996/185/96 2264/185/96
f 175/185/96 207/185/96 1490/185/96
f 506/185/96 507/185/96 1789/185/96
f 988/185/96 987/185/96 2255/185/96
f 176/185/96 208/185/96 1491/185/96
f 507/185/96 508/185/96 1790/185/96
f 979/185/96 978/185/96 2246/185/96
f 177/185/1434 209/185/96 1492/185/1433
f 508/185/96 509/185/96 1791/185/96
f 971/185/96 970/185/96 2238/185/96
f 178/185/96 210/185/96 1493/185/96
f 509/185/96 510/185/96 1792/185/96
f 970/185/96 969/185/96 2237/185/96
f 179/185/96 211/185/96 1494/185/96
f 510/185/96 511/185/96 1793/185/96
f 992/185/96 991/185/96 2259/185/96
f 180/185/96 212/185/96 1495/185/96
f 511/185/96 512/185/96 1794/185/96
f 1156/185/96 983/185/96 2251/185/96
f 181/185/1431 213/185/1431 1496/185/1431
f 512/185/96 481/185/96 1763/185/96
f 974/185/96 973/185/96 2241/185/96
f 182/185/96 214/185/96 1497/185/96
f 349/185/96 509/185/96 1791/185/96
f 996/185/96 995/185/96 2263/185/96
f 183/185/96 215/185/96 1498/185/96
f 510/185/96 350/185/96 1633/185/96
f 987/185/96 986/185/96 2254/185/96
f 184/185/96 216/185/96 1499/185/96
f 336/185/96 496/185/96 1778/185/96
f 978/185/96 977/185/96 2245/185/96
f 185/185/96 217/185/96 1500/185/96
f 497/185/96 337/185/96 1620/185/96
f 991/185/96 990/185/96 2258/185/96
f 186/185/96 218/185/96 1501/185/96
f 323/185/96 483/185/96 1765/185/96
f 982/185/96 981/185/96 2249/185/96
f 187/185/96 219/185/96 1502/185/96
f 484/185/96 324/185/96 1607/185/96
f 973/185/96 972/185/96 2240/185/96
f 188/185/96 220/185/96 1503/185/96
f 995/185/96 994/185/96 2262/185/96
f 511/185/96 351/185/96 1634/185/96
f 189/185/96 221/185/96 1504/185/96
f 986/185/96 985/185/96 2253/185/96
f 498/185/96 338/185/96 1621/185/96
f 190/185/96 222/185/96 1505/185/96
f 977/185/96 976/185/96 2244/185/96
f 485/185/96 325/185/96 1608/185/96
f 191/185/96 223/185/96 1506/185/96
f 1080/185/96 998/185/96 2266/185/96
f 512/185/96 352/185/96 1635/185/96
f 192/185/96 224/185/96 1507/185/96
f 990/185/96 989/185/96 2257/185/96
f 499/185/96 339/185/96 1622/185/96
f 225/185/96 226/185/96 1509/185/96
f 981/185/96 980/185/96 2248/185/96
f 486/185/96 326/185/96 1609/185/96
f 226/185/96 227/185/96 1510/185/96
f 972/185/96 971/185/96 2239/185/96
f 481/185/96 322/185/96 1605/185/96
f 227/185/96 228/185/96 1511/185/96
f 994/185/96 993/185/96 2261/185/96
f 500/185/96 340/185/96 1623/185/96
f 228/185/96 225/185/96 1508/185/96
f 985/185/96 984/185/96 2252/185/96
f 487/185/96 327/185/96 1610/185/96
f 229/185/96 230/185/96 1513/185/96
f 976/185/96 975/185/96 2243/185/96
f 501/185/96 341/185/96 1624/185/96
f 226/185/96 230/185/96 1513/185/96
f 968/185/96 998/185/96 2266/185/96
f 488/185/96 328/185/96 1611/185/96
f 229/185/96 225/185/96 1508/185/96
f 999/185/96 1000/185/96 2268/185/96
f 502/185/96 342/185/96 1625/185/96
f 231/185/96 232/185/96 1515/185/96
f 1002/185/96 1001/185/96 2269/185/96
f 489/185/96 329/185/96 1612/185/96
f 230/185/96 232/185/96 1515/185/96
f 1003/185/96 1004/185/96 2272/185/96
f 503/185/96 343/185/96 1626/185/96
f 231/185/96 229/185/96 1512/185/96
f 1006/185/96 1005/185/96 2273/185/96
f 490/185/96 330/185/96 1613/185/96
f 233/185/96 234/185/96 1517/185/96
f 1008/185/96 1007/185/96 2275/185/96
f 504/185/96 344/185/96 1627/185/96
f 232/185/96 234/185/96 1517/185/96
f 1010/185/96 1009/185/96 2277/185/96
f 491/185/96 331/185/96 1614/185/96
f 233/185/96 231/185/96 1514/185/96
f 1011/185/96 1012/185/96 2280/185/96
f 505/185/96 345/185/96 1628/185/96
f 235/185/96 236/185/96 1519/185/96
f 1014/185/96 1013/185/96 2281/185/96
f 492/185/96 332/185/96 1615/185/96
f 234/185/96 236/185/96 1519/185/96
f 1016/185/96 1015/185/96 2283/185/96
f 506/185/96 346/185/96 1629/185/96
f 235/185/96 233/185/96 1516/185/96
f 1018/185/96 1017/185/96 2285/185/96
f 493/185/96 333/185/96 1616/185/96
f 237/185/96 238/185/96 1521/185/96
f 1020/185/96 1019/185/96 2287/185/96
f 507/185/96 347/185/96 1630/185/96
f 236/185/96 238/185/96 1521/185/96
f 1021/185/96 1022/185/96 2290/185/96
f 494/185/96 334/185/96 1617/185/96
f 237/185/96 235/185/96 1518/185/96
f 1024/185/96 1023/185/96 2291/185/96
f 508/185/96 348/185/96 1631/185/96
f 239/185/96 240/185/96 1523/185/96
f 1026/185/96 1025/185/96 2293/185/96
f 495/185/96 335/185/96 1618/185/96
f 238/185/96 240/185/96 1523/185/96
f 1028/185/96 1027/185/96 2295/185/96
f 482/185/96 321/185/96 1604/185/96
f 239/185/96 237/185/96 1520/185/96
f 1029/185/96 1030/185/96 2298/185/96
f 353/185/96 417/185/96 1699/185/96
f 241/185/96 242/185/96 1525/185/96
f 1032/185/96 1031/185/96 2299/185/96
f 354/185/96 418/185/96 1700/185/96
f 240/185/96 242/185/96 1525/185/96
f 1034/185/96 1033/185/96 2301/185/96
f 355/185/96 419/185/96 1701/185/96
f 241/185/96 239/185/96 1522/185/96
f 1036/185/96 1035/185/96 2303/185/96
f 356/185/96 420/185/96 1702/185/96
f 243/185/96 244/185/96 1527/185/96
f 1038/185/96 1037/185/96 2305/185/96
f 357/185/96 421/185/96 1703/185/96
f 242/185/96 244/185/96 1527/185/96
f 1039/185/96 1040/185/96 2308/185/96
f 358/185/96 422/185/96 1704/185/96
f 243/185/96 241/185/96 1524/185/96
f 1042/185/96 1041/185/96 2309/185/96
f 359/185/96 423/185/96 1705/185/96
f 245/185/96 246/185/96 1529/185/96
f 1044/185/96 1043/185/96 2311/185/96
f 360/185/96 424/185/96 1706/185/96
f 244/185/96 246/185/96 1529/185/96
f 1046/185/96 1045/185/96 2313/185/96
f 361/185/96 425/185/96 1707/185/96
f 245/185/96 243/185/96 1526/185/96
f 1047/185/96 1048/185/96 2316/185/96
f 362/185/96 426/185/96 1708/185/96
f 247/185/96 248/185/96 1531/185/96
f 1050/185/96 1049/185/96 2317/185/96
f 363/185/96 427/185/96 1709/185/96
f 246/185/96 248/185/96 1531/185/96
f 1052/185/96 1051/185/96 2319/185/96
f 364/185/96 428/185/96 1710/185/96
f 247/185/96 245/185/96 1528/185/96
f 1054/185/96 1053/185/96 2321/185/96
f 365/185/96 429/185/96 1711/185/96
f 249/185/96 250/185/96 1533/185/96
f 1055/185/96 1056/185/96 2324/185/96
f 366/185/96 430/185/96 1712/185/96
f 248/185/96 250/185/96 1533/185/96
f 1058/185/96 1057/185/96 2325/185/96
f 367/185/96 431/185/96 1713/185/96
f 249/185/96 247/185/96 1530/185/96
f 1059/185/96 1000/185/96 2268/185/96
f 368/185/96 432/185/96 1714/185/96
f 251/185/96 252/185/96 1535/185/96
f 1060/185/96 1059/185/96 2327/185/96
f 369/185/96 433/185/96 1715/185/96
f 250/185/96 252/185/96 1535/185/96
f 1040/185/96 1038/185/96 2306/185/96
f 370/185/96 434/185/96 1716/185/96
f 251/185/96 249/185/96 1532/185/96
f 1022/185/96 1020/185/96 2288/185/96
f 371/185/96 435/185/96 1717/185/96
f 253/185/96 254/185/96 1537/185/96
f 1048/185/96 1046/185/96 2314/185/96
f 372/185/96 436/185/96 1718/185/96
f 252/185/96 254/185/96 1537/185/96
f 1030/185/96 1028/185/96 2296/185/96
f 373/185/96 437/185/96 1719/185/96
f 253/185/96 251/185/96 1534/185/96
f 1012/185/96 1010/185/96 2278/185/96
f 374/185/96 438/185/96 1720/185/96
f 255/185/96 256/185/96 1539/185/96
f 1056/185/96 1054/185/96 2322/185/96
f 375/185/96 439/185/96 1721/185/96
f 254/185/96 1089/185/96 2357/185/96
f 1038/185/96 1036/185/96 2304/185/96
f 376/185/96 440/185/96 1722/185/96
f 255/185/96 253/185/96 1536/185/96
f 1020/185/96 1018/185/96 2286/185/96
f 377/185/96 441/185/96 1723/185/96
f 257/185/96 258/185/96 1541/185/96
f 1004/185/96 1002/185/96 2270/185/96
f 378/185/96 442/185/96 1724/185/96
f 256/185/96 258/185/96 1541/185/96
f 1002/185/96 1000/185/96 2268/185/96
f 379/185/96 443/185/96 1725/185/96
f 257/185/96 255/185/96 1538/185/96
f 1046/185/96 1044/185/96 2312/185/96
f 380/185/96 444/185/96 1726/185/96
f 259/185/96 260/185/96 1543/185/96
f 1028/185/96 1158/185/96 2426/185/96
f 381/185/96 445/185/96 1727/185/96
f 258/185/96 260/185/96 1543/185/96
f 1010/185/96 1008/185/96 2276/185/96
f 382/185/96 446/185/96 1728/185/96
f 259/185/96 257/185/96 1540/185/96
f 1054/185/96 1052/185/96 2320/185/96
f 383/185/96 447/185/96 1729/185/96
f 261/185/96 262/185/96 1545/185/96
f 1034/185/96 1036/185/96 2304/185/96
f 384/185/96 448/185/96 1730/185/96
f 260/185/96 262/185/96 1545/185/96
f 1016/185/96 1018/185/96 2286/185/96
f 449/185/96 322/185/96 1605/185/96
f 261/185/96 259/185/96 1542/185/96
f 1042/185/96 1044/185/96 2312/185/96
f 450/185/96 321/185/96 1604/185/96
f 263/185/96 264/185/96 1547/185/96
f 1024/185/96 1026/185/96 2294/185/96
f 451/185/96 323/185/96 1606/185/96
f 262/185/96 264/185/96 1547/185/96
f 1006/185/96 1008/185/96 2276/185/96
f 452/185/96 324/185/96 1607/185/96
f 263/185/96 261/185/96 1544/185/96
f 1050/185/96 1052/185/96 2320/185/96
f 453/185/96 325/185/96 1608/185/96
f 265/185/96 266/185/96 1549/185/96
f 1032/185/96 1034/185/96 2302/185/96
f 454/185/96 326/185/96 1609/185/96
f 264/185/96 266/185/96 1549/185/96
f 1014/185/96 1016/185/96 2284/185/96
f 455/185/96 327/185/96 1610/185/96
f 265/185/96 263/185/96 1546/185/96
f 1058/185/96 1081/185/96 2349/185/96
f 456/185/96 328/185/96 1611/185/96
f 267/185/96 268/185/96 1551/185/96
f 1040/185/96 1042/185/96 2310/185/96
f 457/185/96 329/185/96 1612/185/96
f 266/185/96 268/185/96 1551/185/96
f 1022/185/96 1024/185/96 2292/185/96
f 458/185/96 330/185/96 1613/185/96
f 267/185/96 265/185/96 1548/185/96
f 1004/185/96 1006/185/96 2274/185/96
f 459/185/96 331/185/96 1614/185/96
f 269/185/96 270/185/96 1553/185/96
f 1050/185/96 1048/185/96 2316/185/96
f 460/185/96 332/185/96 1615/185/96
f 268/185/96 270/185/96 1553/185/96
f 1032/185/96 1030/185/96 2298/185/96
f 461/185/96 333/185/96 1616/185/96
f 269/185/96 267/185/96 1550/185/96
f 1014/185/96 1012/185/96 2280/185/96
f 462/185/96 334/185/96 1617/185/96
f 271/185/96 272/185/96 1555/185/96
f 1060/185/96 1058/185/96 2326/185/96
f 463/185/96 335/185/96 1618/185/96
f 270/185/96 272/185/96 1555/185/96
f 1059/185/96 1061/185/96 2329/185/96
f 464/185/96 336/185/96 1619/185/96
f 271/185/96 269/185/96 1552/185/96
f 1060/185/96 1062/185/96 2330/185/96
f 465/185/96 337/185/96 1620/185/96
f 273/185/96 274/185/96 1557/185/96
f 999/185/96 1061/185/96 2329/185/96
f 466/185/96 338/185/96 1621/185/96
f 272/185/96 274/185/96 1557/185/96
f 1061/185/96 1062/185/96 2330/185/96
f 467/185/96 339/185/96 1622/185/96
f 273/185/96 271/185/96 1554/185/96
f 1039/185/96 1037/185/96 2305/185/96
f 468/185/96 340/185/96 1623/185/96
f 275/185/96 276/185/96 1559/185/96
f 1021/185/96 1019/185/96 2287/185/96
f 469/185/96 341/185/96 1624/185/96
f 274/185/96 276/185/96 1559/185/96
f 1047/185/96 1045/185/96 2313/185/96
f 470/185/96 342/185/96 1625/185/96
f 275/185/96 273/185/96 1556/185/96
f 1029/185/96 1027/185/96 2295/185/96
f 471/185/96 343/185/96 1626/185/96
f 277/185/96 278/185/96 1561/185/96
f 1011/185/96 1009/185/96 2277/185/96
f 472/185/96 344/185/96 1627/185/96
f 276/185/96 278/185/96 1561/185/96
f 1055/185/96 1053/185/96 2321/185/96
f 473/185/96 345/185/96 1628/185/96
f 277/185/96 275/185/96 1558/185/96
f 1037/185/96 1035/185/96 2303/185/96
f 474/185/96 346/185/96 1629/185/96
f 279/185/96 280/185/96 1563/185/96
f 1019/185/96 1017/185/96 2285/185/96
f 475/185/96 347/185/96 1630/185/96
f 278/185/96 280/185/96 1563/185/96
f 1003/185/96 1001/185/96 2269/185/96
f 476/185/96 348/185/96 1631/185/96
f 279/185/96 277/185/96 1560/185/96
f 1001/185/96 999/185/96 2267/185/96
f 477/185/96 349/185/96 1632/185/96
f 281/185/96 282/185/96 1565/185/96
f 1043/185/96 1045/185/96 2313/185/96
f 478/185/96 350/185/96 1633/185/96
f 280/185/96 282/185/96 1565/185/96
f 1027/185/96 1160/185/96 2428/185/96
f 479/185/96 351/185/96 1634/185/96
f 281/185/96 279/185/96 1562/185/96
f 1007/185/96 1009/185/96 2277/185/96
f 480/185/96 352/185/96 1635/185/96
f 283/185/96 284/185/96 1567/185/96
f 1051/185/96 1053/185/96 2321/185/96
f 448/185/96 480/185/96 1762/185/96
f 282/185/96 284/185/96 1567/185/96
f 1033/185/96 1035/185/96 2303/185/96
f 447/185/96 479/185/96 1761/185/96
f 283/185/96 281/185/96 1564/185/96
f 1015/185/96 1017/185/96 2285/185/96
f 446/185/96 478/185/96 1760/185/96
f 285/185/96 286/185/96 1569/185/96
f 1041/185/96 1043/185/96 2311/185/96
f 445/185/96 477/185/96 1759/185/96
f 284/185/96 1112/185/96 2380/185/96
f 1023/185/96 1025/185/96 2293/185/96
f 444/185/96 476/185/96 1758/185/96
f 285/185/96 283/185/96 1566/185/96
f 1005/185/96 1007/185/96 2275/185/96
f 443/185/96 475/185/96 1757/185/96
f 287/185/96 288/185/96 1571/185/96
f 1049/185/96 1051/185/96 2319/185/96
f 442/185/96 474/185/96 1756/185/96
f 286/185/96 288/185/96 1571/185/96
f 1031/185/96 1033/185/96 2301/185/96
f 441/185/96 473/185/96 1755/185/96
f 287/185/96 285/185/96 1568/185/96
f 1013/185/96 1015/185/96 2283/185/96
f 440/185/96 472/185/96 1754/185/96
f 288/185/96 227/185/96 1510/185/96
f 1057/185/96 1082/185/96 2350/185/96
f 439/185/96 471/185/96 1753/185/96
f 228/185/96 287/185/96 1570/185/96
f 1039/185/96 1041/185/96 2309/185/96
f 438/185/96 470/185/96 1752/185/96
f 161/185/96 226/185/96 1509/185/96
f 1023/185/96 1021/185/96 2289/185/96
f 437/185/96 469/185/96 1751/185/96
f 227/185/96 162/185/96 1445/185/96
f 1005/185/96 1003/185/96 2271/185/96
f 436/185/96 468/185/96 1750/185/96
f 230/185/96 163/185/96 1446/185/96
f 1049/185/96 1047/185/96 2315/185/96
f 435/185/96 467/185/96 1749/185/96
f 192/185/96 288/185/96 1571/185/96
f 1031/185/96 1029/185/96 2297/185/96
f 434/185/96 466/185/96 1748/185/96
f 164/185/96 232/185/96 1515/185/96
f 1013/185/96 1011/185/96 2279/185/96
f 433/185/96 465/185/96 1747/185/96
f 234/185/96 165/185/96 1448/185/96
f 1062/185/96 1057/185/96 2325/185/96
f 432/185/96 464/185/96 1746/185/96
f 236/185/96 166/185/96 1449/185/96
f 1009/185/96 974/185/96 2242/185/96
f 431/185/96 463/185/96 1745/185/96
f 238/185/96 167/185/96 1450/185/96
f 590/185/96 1014/185/96 2282/185/96
f 430/185/96 462/185/96 1744/185/96
f 168/185/96 240/185/96 1523/185/96
f 997/185/96 1055/185/96 2323/185/96
f 429/185/96 461/185/96 1743/185/96
f 242/185/96 169/185/96 1452/185/96
f 1053/185/96 996/185/96 2264/185/96
f 428/185/96 460/185/96 1742/185/96
f 244/185/96 170/185/96 1453/185/96
f 611/185/96 1056/185/96 2324/185/96
f 427/185/96 459/185/96 1741/185/96
f 246/185/96 171/185/96 1454/185/96
f 612/185/96 1058/185/96 2326/185/96
f 426/185/96 458/185/96 1740/185/96
f 248/185/96 172/185/96 1455/185/96
f 1035/185/96 987/185/96 2255/185/96
f 425/185/96 457/185/96 1739/185/96
f 250/185/96 173/185/96 1456/185/96
f 603/185/96 1040/185/96 2308/185/96
f 424/185/96 456/185/96 1738/185/96
f 252/185/96 174/185/96 1457/185/96
f 1017/185/96 978/185/96 2246/185/96
f 423/185/96 455/185/96 1737/185/96
f 254/185/96 175/185/96 1458/185/96
f 594/185/96 1022/185/96 2290/185/96
f 422/185/96 454/185/96 1736/185/96
f 176/185/96 256/185/96 1539/185/96
f 1059/185/96 582/185/96 1850/185/96
f 421/185/96 453/185/96 1735/185/96
f 258/185/96 177/185/96 1460/185/96
f 1000/185/96 581/185/96 1849/185/96
f 420/185/96 452/185/96 1734/185/96
f 260/185/96 178/185/96 1461/185/96
f 970/185/96 1001/185/96 2269/185/96
f 419/185/96 451/185/96 1733/185/96
f 262/185/96 179/185/96 1462/185/96
f 585/185/96 1004/185/96 2272/185/96
f 418/185/96 450/185/96 1732/185/96
f 264/185/96 180/185/96 1463/185/96
f 584/185/96 1060/185/96 2328/185/96
f 417/185/96 449/185/96 1731/185/96
f 181/185/96 266/185/96 1549/185/96
f 607/185/96 1048/185/96 2316/185/96
f 385/185/96 386/185/96 1669/185/96
f 268/185/96 182/185/96 1465/185/96
f 1043/185/96 991/185/96 2259/185/96
f 387/185/96 386/185/96 1669/185/96
f 270/185/96 183/185/96 1466/185/96
f 602/185/96 1038/185/96 2306/185/96
f 388/185/96 387/185/96 1670/185/96
f 272/185/96 184/185/96 1467/185/96
f 598/185/96 1030/185/96 2298/185/96
f 389/185/96 388/185/96 1671/185/96
f 274/185/96 185/185/96 1468/185/96
f 982/185/96 1025/185/96 2293/185/96
f 389/185/96 390/185/96 1673/185/96
f 276/185/96 186/185/96 1469/185/96
f 593/185/96 1020/185/96 2288/185/96
f 390/185/96 391/185/96 1674/185/96
f 278/185/96 187/185/96 1470/185/96
f 589/185/96 1012/185/96 2280/185/96
f 392/185/96 391/185/96 1674/185/96
f 280/185/96 188/185/96 1471/185/96
f 1007/185/96 973/185/96 2241/185/96
f 393/185/96 392/185/96 1675/185/96
f 282/185/96 189/185/96 1472/185/96
f 606/185/96 1046/185/96 2314/185/96
f 394/185/96 393/185/96 1676/185/96
f 284/185/96 190/185/96 1473/185/96
f 1051/185/96 995/185/96 2263/185/96
f 394/185/96 395/185/96 1678/185/96
f 191/185/96 286/185/96 1569/185/96
f 597/185/96 1028/185/96 2296/185/96
f 395/185/96 396/185/96 1679/185/96
f 289/185/96 290/185/96 1573/185/96
f 1033/185/96 986/185/96 2254/185/96
f 397/185/96 396/185/96 1679/185/96
f 291/185/96 290/185/96 1573/185/96
f 588/185/96 1010/185/96 2278/185/96
f 398/185/96 397/185/96 1680/185/96
f 292/185/96 291/185/96 1574/185/96
f 610/185/96 1054/185/96 2322/185/96
f 399/185/96 398/185/96 1681/185/96
f 293/185/96 292/185/96 1575/185/96
f 1015/185/96 977/185/96 2245/185/96
f 399/185/96 400/185/96 1683/185/96
f 294/185/96 293/185/96 1576/185/96
f 1041/185/96 990/185/96 2258/185/96
f 400/185/96 401/185/96 1684/185/96
f 295/185/96 294/185/96 1577/185/96
f 583/185/96 1002/185/96 2270/185/96
f 402/185/96 401/185/96 1684/185/96
f 296/185/96 295/185/96 1578/185/96
f 403/185/96 402/185/96 1685/185/96
f 297/185/96 296/185/96 1579/185/96
f 404/185/96 403/185/96 1686/185/96
f 298/185/96 297/185/96 1580/185/96
f 404/185/96 405/185/96 1688/185/96
f 299/185/96 298/185/96 1581/185/96
f 405/185/96 406/185/96 1689/185/96
f 300/185/96 299/185/96 1582/185/96
f 159/185/96 1063/185/96 2331/185/96
f 407/185/96 406/185/96 1689/185/96
f 301/185/96 300/185/96 1583/185/96
f 408/185/96 407/185/96 1690/185/96
f 302/185/96 301/185/96 1584/185/96
f 1126/185/96 1064/185/96 2332/185/96
f 409/185/96 408/185/96 1691/185/96
f 303/185/96 302/185/96 1585/185/96
f 1128/185/96 1065/185/96 2333/185/96
f 409/185/96 410/185/96 1693/185/96
f 304/185/96 303/185/96 1586/185/96
f 410/185/96 411/185/96 1694/185/96
f 305/185/96 304/185/96 1587/185/96
f 412/185/96 411/185/96 1694/185/96
f 306/185/96 305/185/96 1588/185/96
f 1066/185/96 31/185/96 1314/185/96
f 413/185/96 412/185/96 1695/185/96
f 307/185/96 306/185/96 1589/185/96
f 223/185/96 1067/185/96 2335/185/96
f 308/185/96 307/185/96 1590/185/96
f 1068/185/96 191/185/96 1474/185/96
f 309/185/96 308/185/96 1591/185/96
f 286/185/96 1069/185/96 2337/185/96
f 416/185/96 415/185/96 1697/185/96
f 310/185/96 309/185/96 1592/185/96
f 1070/185/96 1130/185/96 2398/185/96
f 416/185/96 385/185/96 1668/185/96
f 311/185/96 310/185/96 1593/185/96
f 1132/185/96 1071/185/96 2339/185/96
f 481/185/1434 385/185/96 1668/185/1433
f 312/185/96 311/185/96 1594/185/96
f 693/185/96 1072/185/96 2340/185/96
f 386/185/96 482/185/96 1764/185/96
f 313/185/96 312/185/96 1595/185/96
f 691/185/96 1073/185/96 2341/185/96
f 387/185/96 483/185/96 1765/185/96
f 314/185/96 313/185/96 1596/185/96
f 1074/185/96 783/185/96 2051/185/96
f 388/185/96 484/185/96 1766/185/96
f 315/185/96 314/185/96 1597/185/96
f 1075/185/96 821/185/96 2089/185/96
f 389/185/1431 485/185/1431 1767/185/1431
f 316/185/96 315/185/96 1598/185/96
f 390/185/96 486/185/96 1768/185/96
f 317/185/96 316/185/96 1599/185/96
f 1076/185/96 1134/185/96 2402/185/96
f 391/185/96 487/185/96 1769/185/96
f 318/185/96 317/185/96 1600/185/96
f 1077/185/96 1136/185/96 2404/185/96
f 392/185/96 488/185/96 1770/185/96
f 319/185/96 318/185/96 1601/185/96
f 957/185/96 1078/185/96 2346/185/96
f 393/185/96 489/185/96 1771/185/96
f 320/185/96 319/185/96 1602/185/96
f 958/185/96 1079/185/96 2347/185/96
f 394/185/96 490/185/96 1772/185/96
f 289/185/96 320/185/96 1603/185/96
f 1138/185/96 1080/185/96 2348/185/96
f 395/185/96 491/185/96 1773/185/96
f 228/185/96 289/185/96 1572/185/96
f 1081/185/96 1140/185/96 2408/185/96
f 396/185/96 492/185/96 1774/185/96
f 290/185/96 225/185/96 1508/185/96
f 1082/185/96 1142/185/96 2410/185/96
f 397/185/96 493/185/96 1775/185/96
f 243/185/96 298/185/96 1581/185/96
f 1082/185/96 1080/185/96 2348/185/96
f 398/185/96 494/185/96 1776/185/96
f 299/185/96 245/185/96 1528/185/96
f 1081/185/96 1082/185/96 2350/185/96
f 399/185/96 495/185/96 1777/185/96
f 261/185/96 307/185/96 1590/185/96
f 1070/185/96 1081/185/96 2349/185/96
f 400/185/96 496/185/96 1778/185/96
f 308/185/96 263/185/96 1546/185/96
f 1078/185/96 1079/185/96 2347/185/96
f 401/185/507 497/185/96 1779/185/1433
f 279/185/96 316/185/96 1599/185/96
f 1076/185/96 1077/185/96 2345/185/96
f 402/185/96 498/185/96 1780/185/96
f 317/185/96 281/185/96 1564/185/96
f 2615/2439/96 1076/185/96 2344/185/96
f 403/185/96 499/185/96 1781/185/96
f 235/185/96 294/185/96 1577/185/96
f 1075/185/96 1072/185/96 2340/185/96
f 404/185/96 500/185/96 1782/185/96
f 295/185/96 237/185/96 1520/185/96
f 1079/185/96 1075/185/96 2343/185/96
f 405/185/1431 501/185/1431 1783/185/1431
f 253/185/96 303/185/96 1586/185/96
f 1074/185/96 1078/185/96 2346/185/96
f 406/185/96 502/185/96 1784/185/96
f 304/185/96 255/185/96 1538/185/96
f 1073/185/96 1074/185/96 2342/185/96
f 407/185/96 503/185/96 1785/185/96
f 271/185/96 312/185/96 1595/185/96
f 1072/185/96 1071/185/96 2339/185/96
f 408/185/96 504/185/96 1786/185/96
f 313/185/96 273/185/96 1556/185/96
f 1071/185/96 1070/185/96 2338/185/96
f 409/185/96 505/185/96 1787/185/96
f 291/185/96 229/185/96 1512/185/96
f 1065/185/96 1073/185/96 2341/185/96
f 410/185/96 506/185/96 1788/185/96
f 300/185/96 247/185/96 1530/185/96
f 1068/185/96 1069/185/96 2337/185/96
f 411/185/96 507/185/96 1789/185/96
f 309/185/96 265/185/96 1548/185/96
f 1067/185/96 1068/185/96 2336/185/96
f 412/185/96 508/185/96 1790/185/96
f 318/185/96 283/185/96 1566/185/96
f 1066/185/96 1067/185/96 2335/185/96
f 413/185/96 509/185/96 1791/185/96
f 296/185/96 239/185/96 1522/185/96
f 1063/185/96 1066/185/96 2334/185/96
f 305/185/96 257/185/96 1540/185/96
f 415/185/96 511/185/96 1793/185/96
f 314/185/96 275/185/96 1558/185/96
f 416/185/96 512/185/96 1794/185/96
f 292/185/96 231/185/96 1514/185/96
f 2653/185/96 1064/185/96 2332/185/96
f 515/185/96 389/185/96 1672/185/96
f 1796/185/96 516/185/96 515/185/96
f 301/185/96 249/185/96 1532/185/96
f 1674/185/96 391/185/96 517/185/96
f 516/185/96 1796/185/96 1674/185/96
f 310/185/96 267/185/96 1550/185/96
f 1077/185/96 1065/185/96 2333/185/96
f 518/185/96 394/185/96 1677/185/96
f 1797/185/96 519/185/96 518/185/96
f 319/185/96 285/185/96 1568/185/96
f 1080/185/96 1063/185/96 2331/185/96
f 1679/185/96 396/185/96 520/185/96
f 519/185/96 1797/185/96 1679/185/96
f 297/185/96 241/185/96 1524/185/96
f 521/185/96 399/185/96 1682/185/96
f 1798/185/96 522/185/96 521/185/96
f 306/185/96 259/185/96 1542/185/96
f 1684/185/96 401/185/96 523/185/96
f 522/185/96 1798/185/96 1684/185/96
f 315/185/96 277/185/96 1560/185/96
f 524/185/96 404/185/96 1687/185/96
f 1799/185/96 525/185/96 524/185/96
f 293/185/96 233/185/96 1516/185/96
f 1689/185/96 406/185/96 526/185/96
f 525/185/96 1799/185/96 1689/185/96
f 302/185/96 251/185/96 1534/185/96
f 527/185/96 409/185/96 1692/185/96
f 1800/185/96 528/185/96 527/185/96
f 311/185/96 269/185/96 1552/185/96
f 1694/185/96 411/185/96 529/185/96
f 528/185/96 1800/185/96 1694/185/96
f 320/185/96 287/185/96 1570/185/96
f 417/185/96 354/185/96 1637/185/96
f 1697/185/96 415/185/96 414/185/96
f 510/185/96 1792/185/96 1697/185/96
f 418/185/96 355/185/96 1638/185/96
f 1083/185/96 1162/185/96 2430/185/96
f 419/185/96 356/185/96 1639/185/96
f 522/185/96 400/185/96 1683/185/96
f 420/185/96 357/185/96 1640/185/96
f 1084/185/96 77/185/96 1360/185/96
f 421/185/96 358/185/96 1641/185/96
f 1085/185/96 75/185/96 1358/185/96
f 422/185/96 359/185/96 1642/185/96
f 385/185/96 513/185/96 1795/185/96
f 423/185/96 360/185/96 1643/185/96
f 424/185/96 361/185/96 1644/185/96
f 1164/185/96 1086/185/96 2354/185/96
f 425/185/96 362/185/96 1645/185/96
f 1087/185/96 1166/185/96 2434/185/96
f 519/185/96 395/185/96 1678/185/96
f 426/185/96 363/185/96 1646/185/96
f 1168/185/96 1088/185/96 2356/185/96
f 427/185/96 364/185/96 1647/185/96
f 1170/185/96 1089/185/96 2357/185/96
f 528/185/96 410/185/96 1693/185/96
f 428/185/96 365/185/96 1648/185/96
f 596/185/96 1090/185/96 2358/185/96
f 429/185/96 366/185/96 1649/185/96
f 1091/185/96 643/185/96 1911/185/96
f 430/185/96 367/185/96 1650/185/96
f 1092/185/96 1172/185/96 2440/185/96
f 431/185/96 368/185/96 1651/185/96
f 1093/185/96 1174/185/96 2442/185/96
f 516/185/96 390/185/96 1673/185/96
f 432/185/96 369/185/96 1652/185/96
f 1176/185/96 1094/185/96 2362/185/96
f 433/185/96 370/185/96 1653/185/96
f 1178/185/96 1095/185/96 2363/185/96
f 525/185/96 405/185/96 1688/185/96
f 434/185/96 371/185/96 1654/185/96
f 435/185/96 372/185/96 1655/185/96
f 887/185/96 1096/185/96 2364/185/96
f 436/185/96 373/185/96 1656/185/96
f 888/185/96 1097/185/96 2365/185/96
f 437/185/96 374/185/96 1657/185/96
f 1098/185/96 1180/185/96 2448/185/96
f 532/185/96 416/185/96 1698/185/96
f 1795/185/96 513/185/96 532/185/96
f 438/185/96 375/185/96 1658/185/96
f 1099/185/96 1182/185/96 2450/185/96
f 439/185/96 376/185/96 1659/185/96
f 1100/185/96 982/185/96 2250/185/96
f 545/2440/1434 546/2440/96 1814/2440/1433
f 440/185/96 377/185/96 1660/185/96
f 1101/185/96 1026/185/96 2294/185/96
f 546/2440/96 547/2440/96 1815/2440/96
f 441/185/96 378/185/96 1661/185/96
f 1025/185/96 1102/185/96 2370/185/96
f 547/2440/96 548/2440/96 1816/2440/96
f 442/185/96 379/185/96 1662/185/96
f 1101/185/96 1090/185/96 2358/185/96
f 548/2440/96 549/2440/96 1817/2440/96
f 443/185/96 380/185/96 1663/185/96
f 1100/185/96 1102/185/96 2370/185/96
f 549/2440/96 550/2440/96 1818/2440/96
f 444/185/96 381/185/96 1664/185/96
f 1102/185/96 1101/185/96 2369/185/96
f 550/2440/96 551/2440/96 1819/2440/96
f 445/185/96 382/185/96 1665/185/96
f 1098/185/96 1094/185/96 2362/185/96
f 551/2440/1430 552/2440/96 1820/2440/1429
f 446/185/96 383/185/96 1666/185/96
f 1099/185/96 1098/185/96 2366/185/96
f 552/2440/96 553/2440/96 1821/2440/96
f 447/185/96 384/185/96 1667/185/96
f 1097/185/96 1096/185/96 2364/185/96
f 553/2440/96 554/2440/96 1822/2440/96
f 448/185/96 353/185/96 1636/185/96
f 554/2440/96 555/2440/96 1823/2440/96
f 225/185/96 354/185/96 1637/185/96
f 1092/185/96 1095/185/96 2363/185/96
f 555/2440/96 556/2440/96 1824/2440/96
f 353/185/96 228/185/96 1511/185/96
f 1095/185/96 1099/185/96 2367/185/96
f 556/2440/96 545/2440/96 1813/2440/96
f 362/185/96 243/185/96 1526/185/96
f 1094/185/96 1093/185/96 2361/185/96
f 534/2440/1430 540/2440/96 1808/2440/1429
f 245/185/96 363/185/96 1646/185/96
f 1091/185/96 1092/185/96 2360/185/96
f 535/2440/96 534/2440/96 1802/2440/96
f 371/185/96 261/185/96 1544/185/96
f 1090/185/96 1091/185/96 2359/185/96
f 533/2440/96 535/2440/96 1803/2440/96
f 263/185/96 372/185/96 1655/185/96
f 1093/185/96 1085/185/96 2353/185/96
f 537/2440/96 533/2440/96 1801/2440/96
f 380/185/96 279/185/96 1562/185/96
f 1089/185/96 1088/185/96 2356/185/96
f 538/2440/96 537/2440/96 1805/2440/96
f 281/185/96 381/185/96 1664/185/96
f 1088/185/96 1087/185/96 2355/185/96
f 536/2440/96 538/2440/96 1806/2440/96
f 358/185/96 235/185/96 1518/185/96
f 1087/185/96 1086/185/96 2354/185/96
f 543/2440/1434 536/2440/96 1804/2440/1433
f 237/185/96 359/185/96 1642/185/96
f 1086/185/96 1083/185/96 2351/185/96
f 544/2440/96 543/2440/96 1811/2440/96
f 367/185/96 253/185/96 1536/185/96
f 542/2440/96 544/2440/96 1812/2440/96
f 255/185/96 368/185/96 1651/185/96
f 539/2440/96 542/2440/96 1810/2440/96
f 376/185/96 271/185/96 1554/185/96
f 541/2440/96 539/2440/96 1807/2440/96
f 273/185/96 377/185/96 1660/185/96
f 2553/185/96 1084/185/96 2352/185/96
f 540/2440/96 541/2440/96 1809/2440/96
f 229/185/96 355/185/96 1638/185/96
f 1085/185/96 1097/185/96 2365/185/96
f 545/2440/96 557/2440/96 1825/2440/96
f 247/185/96 364/185/96 1647/185/96
f 580/2440/96 541/2440/96 1809/2440/96
f 265/185/96 373/185/96 1656/185/96
f 1083/185/96 1100/185/96 2368/185/96
f 553/2440/96 565/2440/96 1833/2440/96
f 283/185/96 382/185/96 1665/185/96
f 572/2440/96 533/2440/96 1801/2440/96
f 239/185/96 360/185/96 1643/185/96
f 579/2440/96 539/2440/96 1807/2440/96
f 257/185/96 369/185/96 1652/185/96
f 552/2440/96 564/2440/96 1832/2440/96
f 275/185/96 378/185/96 1661/185/96
f 570/2440/96 534/2440/96 1802/2440/96
f 231/185/96 356/185/96 1639/185/96
f 571/2440/96 535/2440/96 1803/2440/96
f 249/185/96 365/185/96 1648/185/96
f 1063/185/96 1103/185/96 2371/185/96
f 577/2440/96 544/2440/96 1812/2440/96
f 267/185/96 374/185/96 1657/185/96
f 1103/185/96 1104/185/96 2372/185/96
f 578/2440/96 542/2440/96 1810/2440/96
f 285/185/96 383/185/96 1666/185/96
f 551/2440/96 563/2440/96 1831/2440/96
f 241/185/96 361/185/96 1644/185/96
f 550/2440/96 562/2440/96 1830/2440/96
f 259/185/96 370/185/96 1653/185/96
f 557/2440/1434 558/2440/96 1826/2440/1433
f 277/185/96 379/185/96 1662/185/96
f 559/2440/96 558/2440/96 1826/2440/96
f 233/185/96 357/185/96 1640/185/96
f 1105/185/96 1066/185/96 2334/185/96
f 560/2440/96 559/2440/96 1827/2440/96
f 251/185/96 366/185/96 1649/185/96
f 1106/185/96 1105/185/96 2373/185/96
f 561/2440/96 560/2440/96 1828/2440/96
f 269/185/96 375/185/96 1658/185/96
f 1067/185/96 1107/185/96 2375/185/96
f 562/2440/96 561/2440/96 1829/2440/96
f 287/185/96 384/185/96 1667/185/96
f 1107/185/96 1108/185/96 2376/185/96
f 562/2440/96 563/2440/96 1831/2440/96
f 1109/185/96 1068/185/96 2336/185/96
f 563/2440/1430 564/2440/96 1832/2440/1429
f 1110/185/96 1109/185/96 2377/185/96
f 564/2440/96 565/2440/96 1833/2440/96
f 1069/185/96 1111/185/96 2379/185/96
f 565/2440/96 566/2440/96 1834/2440/96
f 1111/185/96 1112/185/96 2380/185/96
f 567/2440/96 566/2440/96 1834/2440/96
f 1113/185/96 1072/185/96 2340/185/96
f 568/2440/96 567/2440/96 1835/2440/96
f 1113/185/96 1114/185/96 2382/185/96
f 557/2440/96 568/2440/96 1836/2440/96
f 1073/185/96 1115/185/96 2383/185/96
f 569/2440/1434 570/2440/96 1838/2440/1433
f 1115/185/96 1116/185/96 2384/185/96
f 571/2440/96 570/2440/96 1838/2440/96
f 1117/185/96 1074/185/96 2342/185/96
f 572/2440/96 571/2440/96 1839/2440/96
f 1118/185/96 1117/185/96 2385/185/96
f 573/2440/96 572/2440/96 1840/2440/96
f 1075/185/96 1119/185/96 2387/185/96
f 573/2440/96 574/2440/96 1842/2440/96
f 1120/185/96 1119/185/96 2387/185/96
f 574/2440/96 575/2440/96 1843/2440/96
f 1078/185/96 1121/185/96 2389/185/96
f 575/2440/1430 576/2440/96 1844/2440/1429
f 1121/185/96 1122/185/96 2390/185/96
f 576/2440/96 577/2440/96 1845/2440/96
f 1123/185/96 1079/185/96 2347/185/96
f 578/2440/96 577/2440/96 1845/2440/96
f 1123/185/96 1124/185/96 2392/185/96
f 579/2440/96 578/2440/96 1846/2440/96
f 580/2440/96 579/2440/96 1847/2440/96
f 569/2440/96 580/2440/96 1848/2440/96
f 570/2440/96 558/2440/96 1826/2440/96
f 557/2440/96 569/2440/96 1837/2440/96
f 571/2440/1431 559/2440/1431 1827/2440/1431
f 572/2440/96 560/2440/96 1828/2440/96
f 1125/185/96 122/185/96 1405/185/96
f 573/2440/96 561/2440/96 1829/2440/96
f 1125/185/96 1126/185/96 2394/185/96
f 574/2440/96 562/2440/96 1830/2440/96
f 1127/185/96 120/185/96 1403/185/96
f 575/2440/96 563/2440/96 1831/2440/96
f 1127/185/96 1128/185/96 2396/185/96
f 576/2440/96 564/2440/96 1832/2440/96
f 577/2440/1431 565/2440/1431 1833/2440/1431
f 578/2440/96 566/2440/96 1834/2440/96
f 611/185/96 1129/185/96 2397/185/96
f 579/2440/96 567/2440/96 1835/2440/96
f 1130/185/96 1129/185/96 2397/185/96
f 580/2440/96 568/2440/96 1836/2440/96
f 1131/185/96 689/185/96 1957/185/96
f 558/2440/96 546/2440/96 1814/2440/96
f 1131/185/96 1132/185/96 2400/185/96
f 537/2440/96 573/2440/96 1841/2440/96
f 566/2440/96 554/2440/96 1822/2440/96
f 2614/2441/1786 2777/2441/96 2401/185/96
f 540/2440/96 569/2440/96 1837/2440/96
f 917/185/96 1133/185/96 2401/185/96
f 559/2440/96 547/2440/96 1815/2440/96
f 1134/185/96 1133/185/96 2401/185/96
f 538/2440/96 574/2440/96 1842/2440/96
f 918/185/96 1135/185/96 2403/185/96
f 567/2440/96 555/2440/96 1823/2440/96
f 1136/185/96 1135/185/96 2403/185/96
f 560/2440/96 548/2440/96 1816/2440/96
f 1137/185/96 997/185/96 2265/185/96
f 536/2440/96 575/2440/96 1843/2440/96
f 1137/185/96 1138/185/96 2406/185/96
f 568/2440/96 556/2440/96 1824/2440/96
f 1056/185/96 1139/185/96 2407/185/96
f 561/2440/96 549/2440/96 1817/2440/96
f 1140/185/96 1139/185/96 2407/185/96
f 543/2440/96 576/2440/96 1844/2440/96
f 1055/185/96 1141/185/96 2409/185/96
f 599/185/96 1032/185/96 2300/185/96
f 1142/185/96 1141/185/96 2409/185/96
f 1027/185/96 983/185/96 2251/185/96
f 1052/185/96 609/185/96 1877/185/96
f 608/185/96 1050/185/96 2318/185/96
f 1057/185/96 998/185/96 2266/185/96
f 1045/185/96 992/185/96 2260/185/96
f 1008/185/96 587/185/96 1855/185/96
f 1006/185/96 586/185/96 1854/185/96
f 1127/185/96 1135/185/96 2403/185/96
f 975/185/96 1011/185/96 2279/185/96
f 1136/185/96 1128/185/96 2396/185/96
f 976/185/96 1013/185/96 2281/185/96
f 979/185/96 1019/185/96 2287/185/96
f 1026/185/96 596/185/96 1864/185/96
f 1024/185/96 595/185/96 1863/185/96
f 984/185/96 1029/185/96 2297/185/96
f 1106/185/96 1104/185/96 2372/185/96
f 985/185/96 1031/185/96 2299/185/96
f 1103/185/96 1105/185/96 2373/185/96
f 988/185/96 1037/185/96 2305/185/96
f 1110/185/96 1108/185/96 2376/185/96
f 989/185/96 1039/185/96 2307/185/96
f 1107/185/96 1109/185/96 2377/185/96
f 1044/185/96 605/185/96 1873/185/96
f 1131/185/96 1114/185/96 2382/185/96
f 1042/185/96 604/185/96 1872/185/96
f 1113/185/96 1132/185/96 2400/185/96
f 993/185/96 1047/185/96 2315/185/96
f 1118/185/96 1116/185/96 2384/185/96
f 994/185/96 1049/185/96 2317/185/96
f 1115/185/96 1117/185/96 2385/185/96
f 968/185/96 1062/185/96 2330/185/96
f 1120/185/96 1124/185/96 2392/185/96
f 1018/185/96 592/185/96 1860/185/96
f 1123/185/96 1119/185/96 2387/185/96
f 1016/185/96 591/185/96 1859/185/96
f 1114/185/96 1120/185/96 2388/185/96
f 971/185/96 1003/185/96 2271/185/96
f 1119/185/96 1113/185/96 2381/185/96
f 972/185/96 1005/185/96 2273/185/96
f 1124/185/96 1122/185/96 2390/185/96
f 967/185/96 1061/185/96 2329/185/96
f 1121/185/96 1123/185/96 2391/185/96
f 999/185/96 969/185/96 2237/185/96
f 1137/185/96 1141/185/96 2409/185/96
f 1036/185/96 601/185/96 1869/185/96
f 1142/185/96 1138/185/96 2406/185/96
f 1034/185/96 600/185/96 1868/185/96
f 1140/185/96 1142/185/96 2410/185/96
f 582/185/96 581/185/96 1849/185/96
f 1141/185/96 1139/185/96 2407/185/96
f 584/185/96 582/185/96 1850/185/96
f 1130/185/96 1140/185/96 2408/185/96
f 602/185/96 603/185/96 1871/185/96
f 1139/185/96 1129/185/96 2397/185/96
f 593/185/96 594/185/96 1862/185/96
f 1134/185/96 1136/185/96 2404/185/96
f 606/185/96 607/185/96 1875/185/96
f 1135/185/96 1133/185/96 2401/185/96
f 597/185/96 598/185/96 1866/185/96
f 2654/2441/96 1134/185/96 2402/185/96
f 588/185/96 589/185/96 1857/185/96
f 610/185/96 611/185/96 1879/185/96
f 1117/185/96 1121/185/96 2389/185/96
f 601/185/96 602/185/96 1870/185/96
f 1122/185/96 1118/185/96 2386/185/96
f 592/185/96 593/185/96 1861/185/96
f 1132/185/96 1130/185/96 2398/185/96
f 583/185/96 585/185/96 1853/185/96
f 1129/185/96 1131/185/96 2399/185/96
f 581/185/96 583/185/96 1851/185/96
f 1128/185/96 1115/185/96 2383/185/96
f 605/185/96 606/185/96 1874/185/96
f 1116/185/96 1127/185/96 2395/185/96
f 1148/185/96 597/185/96 1865/185/96
f 1109/185/96 1111/185/96 2379/185/96
f 587/185/96 588/185/96 1856/185/96
f 1112/185/96 1110/185/96 2378/185/96
f 609/185/96 610/185/96 1878/185/96
f 1105/185/96 1107/185/96 2375/185/96
f 600/185/96 601/185/96 1869/185/96
f 1108/185/96 1106/185/96 2374/185/96
f 591/185/96 592/185/96 1860/185/96
f 2616/185/96 1126/185/96 2394/185/96
f 604/185/96 605/185/96 1873/185/96
f 595/185/96 596/185/96 1864/185/96
f 586/185/96 587/185/96 1855/185/96
f 2552/185/96 1125/185/96 2393/185/96
f 608/185/96 609/185/96 1877/185/96
f 1138/185/96 1103/185/96 2371/185/96
f 599/185/96 600/185/96 1868/185/96
f 1104/185/96 1137/185/96 2405/185/96
f 590/185/96 591/185/96 1859/185/96
f 612/185/96 1070/185/96 2338/185/96
f 603/185/96 604/185/96 1872/185/96
f 594/185/96 595/185/96 1863/185/96
f 585/185/96 586/185/96 1854/185/96
f 607/185/96 608/185/96 1876/185/96
f 598/185/96 599/185/96 1867/185/96
f 589/185/96 590/185/96 1858/185/96
f 612/185/96 584/185/96 1852/185/96
f 1084/185/96 1143/185/96 2411/185/96
f 693/185/96 692/185/96 1960/185/96
f 1144/185/96 1143/185/96 2411/185/96
f 697/185/96 692/185/96 1960/185/96
f 1145/185/96 1085/185/96 2353/185/96
f 697/185/96 699/185/96 1967/185/96
f 1146/185/96 1145/185/96 2413/185/96
f 699/185/96 693/185/96 1961/185/96
f 821/185/96 693/185/96 1961/185/96
f 784/185/96 698/185/96 1966/185/96
f 1147/185/96 1090/185/96 2358/185/96
f 691/185/96 698/185/96 1966/185/96
f 1147/185/96 1148/185/96 2416/185/96
f 627/185/96 725/185/96 1993/185/96
f 1149/185/96 1091/185/96 2359/185/96
f 631/185/96 630/185/96 1898/185/96
f 1150/185/96 1149/185/96 2417/185/96
f 633/185/96 631/185/96 1899/185/96
f 628/185/96 726/185/96 1994/185/96
f 719/185/96 629/185/96 1897/185/96
f 1151/185/96 1096/185/96 2364/185/96
f 632/185/96 785/185/96 2053/185/96
f 1151/185/96 1152/185/96 2420/185/96
f 629/185/1787 632/185/96 1900/185/1788
f 1097/185/96 1153/185/96 2421/185/96
f 651/185/96 650/185/96 1918/185/96
f 1153/185/96 1154/185/96 2422/185/96
f 652/185/96 650/185/96 1918/185/96
f 1155/185/96 1100/185/96 2368/185/96
f 652/185/96 654/185/96 1922/185/96
f 1156/185/96 1155/185/96 2423/185/96
f 654/185/96 651/185/96 1919/185/96
f 1101/185/96 1157/185/96 2425/185/96
f 822/185/96 651/185/96 1919/185/96
f 1158/185/96 1157/185/96 2425/185/96
f 787/185/96 653/185/96 1921/185/96
f 1102/185/96 1159/185/96 2427/185/96
f 649/185/96 653/185/96 1921/185/96
f 1159/185/96 1160/185/96 2428/185/96
f 678/185/96 677/185/96 1945/185/96
f 679/185/96 677/185/96 1945/185/96
f 679/185/96 681/185/96 1949/185/96
f 144/185/96 1161/185/96 2429/185/96
f 681/185/96 678/185/96 1946/185/96
f 1162/185/96 1161/185/96 2429/185/96
f 823/185/96 678/185/96 1946/185/96
f 789/185/96 680/185/96 1948/185/96
f 1185/185/96 680/185/96 1948/185/96
f 621/185/96 620/185/96 1888/185/96
f 622/185/96 620/185/96 1888/185/96
f 1163/185/96 16/185/96 1299/185/96
f 622/185/96 624/185/96 1892/185/96
f 1163/185/96 1164/185/96 2432/185/96
f 624/185/96 621/185/96 1889/185/96
f 208/185/96 1165/185/96 2433/185/96
f 824/185/96 621/185/96 1889/185/96
f 1166/185/96 1165/185/96 2433/185/96
f 791/185/96 623/185/96 1891/185/96
f 1167/185/96 176/185/96 1459/185/96
f 1230/185/96 623/185/96 1891/185/96
f 1167/185/96 1168/185/96 2436/185/96
f 739/185/96 740/185/96 2008/185/96
f 256/185/96 1169/185/96 2437/185/96
f 640/185/96 740/185/96 2008/185/96
f 1169/185/96 1170/185/96 2438/185/96
f 640/185/96 642/185/96 1910/185/96
f 648/185/96 1171/185/96 2439/185/96
f 642/185/96 739/185/96 2007/185/96
f 1172/185/96 1171/185/96 2439/185/96
f 825/185/96 739/185/96 2007/185/96
f 647/185/96 1173/185/96 2441/185/96
f 793/185/96 641/185/96 1909/185/96
f 1174/185/96 1173/185/96 2441/185/96
f 639/185/96 641/185/96 1909/185/96
f 1175/185/96 805/185/96 2073/185/96
f 666/185/96 665/185/96 1933/185/96
f 1175/185/96 1176/185/96 2444/185/96
f 667/185/96 665/185/96 1933/185/96
f 1177/185/96 845/185/96 2113/185/96
f 667/185/96 669/185/96 1937/185/96
f 1177/185/96 1178/185/96 2446/185/96
f 669/185/96 666/185/96 1934/185/96
f 34/185/96 1179/185/96 2447/185/96
f 826/185/96 666/185/96 1934/185/96
f 1180/185/96 1179/185/96 2447/185/96
f 795/185/96 668/185/96 1936/185/96
f 38/185/96 1181/185/96 2449/185/96
f 664/185/96 668/185/96 1936/185/96
f 1182/185/96 1181/185/96 2449/185/96
f 689/185/96 690/185/96 1958/185/96
f 1156/185/96 1161/185/96 2429/185/96
f 1071/185/96 692/185/96 1960/185/96
f 1162/185/96 1155/185/96 2423/185/96
f 1114/185/96 690/185/96 1958/185/96
f 690/185/96 827/185/96 2095/185/96
f 688/185/96 1116/185/96 2384/185/96
f 634/185/96 631/185/96 1899/185/96
f 2668/185/96 1143/185/96 2411/185/96
f 634/185/96 636/185/96 1904/185/96
f 2708/185/96 1144/185/96 2412/185/96
f 636/185/96 633/185/96 1901/185/96
f 797/185/96 635/185/96 1903/185/96
f 1163/185/96 1165/185/96 2433/185/96
f 632/185/96 635/185/96 1903/185/96
f 1166/185/96 1164/185/96 2432/185/96
f 655/185/96 652/185/96 1920/185/96
f 1167/185/96 1169/185/96 2437/185/96
f 655/185/96 657/185/96 1925/185/96
f 1170/185/96 1168/185/96 2436/185/96
f 657/185/96 654/185/96 1922/185/96
f 1146/185/96 1173/185/96 2441/185/96
f 798/185/96 656/185/96 1924/185/96
f 1174/185/96 1145/185/96 2413/185/96
f 653/185/96 656/185/96 1924/185/96
f 1150/185/96 1148/185/96 2416/185/96
f 682/185/96 679/185/96 1947/185/96
f 1147/185/96 1149/185/96 2417/185/96
f 682/185/96 1221/185/96 2489/185/96
f 2757/185/96 1152/185/96 2420/185/96
f 1221/185/96 681/185/96 1949/185/96
f 799/185/96 683/185/96 1951/185/96
f 1152/185/96 1154/185/96 2422/185/96
f 680/185/96 683/185/96 1951/185/96
f 1153/185/96 1151/185/96 2419/185/96
f 625/185/96 622/185/96 1890/185/96
f 1175/185/96 1179/185/96 2447/185/96
f 622/185/96 720/185/96 1988/185/96
f 1180/185/96 1176/185/96 2444/185/96
f 721/185/96 624/185/96 1892/185/96
f 1158/185/96 1160/185/96 2428/185/96
f 716/185/96 631/185/96 1899/185/96
f 1159/185/96 1157/185/96 2425/185/96
f 623/185/96 626/185/96 1894/185/96
f 1148/185/96 1158/185/96 2426/185/96
f 643/185/96 640/185/96 1908/185/96
f 1157/185/96 1147/185/96 2415/185/96
f 643/185/96 645/185/96 1913/185/96
f 1155/185/96 1159/185/96 2427/185/96
f 645/185/96 642/185/96 1910/185/96
f 1160/185/96 1156/185/96 2424/185/96
f 800/185/96 644/185/96 1912/185/96
f 1182/185/96 1180/185/96 2448/185/96
f 641/185/96 644/185/96 1912/185/96
f 1179/185/96 1181/185/96 2449/185/96
f 670/185/96 667/185/96 1935/185/96
f 1172/185/96 1178/185/96 2446/185/96
f 670/185/96 672/185/96 1940/185/96
f 1177/185/96 1171/185/96 2439/185/96
f 672/185/96 669/185/96 1937/185/96
f 1178/185/96 1182/185/96 2450/185/96
f 801/185/96 1190/185/96 2458/185/96
f 1181/185/96 1177/185/96 2445/185/96
f 668/185/96 1190/185/96 2458/185/96
f 1176/185/96 1174/185/96 2442/185/96
f 741/185/96 634/185/96 1902/185/96
f 1173/185/96 1175/185/96 2443/185/96
f 741/185/96 742/185/96 2010/185/96
f 1149/185/96 1172/185/96 2440/185/96
f 742/185/96 636/185/96 1904/185/96
f 1171/185/96 1150/185/96 2418/185/96
f 802/185/96 637/185/96 1905/185/96
f 1168/185/96 1166/185/96 2434/185/96
f 635/185/96 637/185/96 1905/185/96
f 1165/185/96 1167/185/96 2435/185/96
f 1276/185/96 655/185/96 1923/185/96
f 1164/185/96 1162/185/96 2430/185/96
f 1277/185/96 1269/185/96 2537/185/96
f 1161/185/96 1163/185/96 2431/185/96
f 1269/185/96 657/185/96 1925/185/96
f 803/185/96 659/185/96 1927/185/96
f 656/185/96 659/185/96 1927/185/96
f 685/185/96 682/185/96 1950/185/96
f 685/185/96 1220/185/96 2488/185/96
f 1145/185/96 1153/185/96 2421/185/96
f 1220/185/96 1221/185/96 2489/185/96
f 1154/185/96 1146/185/96 2414/185/96
f 804/185/96 686/185/96 1954/185/96
f 683/185/96 686/185/96 1954/185/96
f 627/185/96 625/185/96 1893/185/96
f 633/185/96 717/185/96 1985/185/96
f 718/185/96 632/185/96 1900/185/96
f 724/185/96 626/185/96 1894/185/96
f 626/185/96 628/185/96 1896/185/96
f 1150/185/96 646/185/96 1914/185/96
f 646/185/96 648/185/96 1916/185/96
f 645/185/96 1092/185/96 2360/185/96
f 805/185/96 647/185/96 1915/185/96
f 644/185/96 1093/185/96 2361/185/96
f 673/185/96 670/185/96 1938/185/96
f 673/185/96 675/185/96 1943/185/96
f 675/185/96 672/185/96 1940/185/96
f 806/185/96 1189/185/96 2457/185/96
f 1189/185/96 1190/185/96 2458/185/96
f 615/185/96 614/185/96 1882/185/96
f 616/185/96 614/185/96 1882/185/96
f 616/185/96 618/185/96 1886/185/96
f 618/185/96 615/185/96 1883/185/96
f 828/185/96 615/185/96 1883/185/96
f 808/185/96 1228/185/96 2496/185/96
f 1228/185/96 1229/185/96 2497/185/96
f 620/185/96 616/185/96 1884/185/96
f 621/185/96 618/185/96 1886/185/96
f 1230/185/96 1228/185/96 2496/185/96
f 743/185/96 741/185/96 2009/185/96
f 744/185/96 742/185/96 2010/185/96
f 809/185/96 638/185/96 1906/185/96
f 637/185/96 638/185/96 1906/185/96
f 1281/185/96 1280/185/96 2548/185/96
f 1273/185/96 1282/185/96 2550/185/96
f 1269/185/96 1274/185/96 2542/185/96
f 810/185/96 662/185/96 1930/185/96
f 659/185/96 662/185/96 1930/185/96
f 689/185/96 685/185/96 1953/185/96
f 690/185/96 1220/185/96 2488/185/96
f 686/185/96 688/185/96 1956/185/96
f 630/185/96 627/185/96 1895/185/96
f 623/185/96 722/185/96 1990/185/96
f 628/185/96 629/185/96 1897/185/96
f 650/185/96 646/185/96 1914/185/96
f 651/185/96 648/185/96 1916/185/96
f 647/185/96 649/185/96 1917/185/96
f 677/185/96 673/185/96 1941/185/96
f 678/185/96 675/185/96 1943/185/96
f 1185/185/96 1189/185/96 2457/185/96
f 740/185/96 743/185/96 2011/185/96
f 739/185/96 744/185/96 2012/185/96
f 638/185/96 639/185/96 1907/185/96
f 665/185/96 1281/185/96 2549/185/96
f 666/185/96 1273/185/96 2541/185/96
f 662/185/96 664/185/96 1932/185/96
f 694/185/96 697/185/96 1965/185/96
f 694/185/96 696/185/96 1964/185/96
f 696/185/96 699/185/96 1967/185/96
f 811/185/96 695/185/96 1963/185/96
f 698/185/96 695/185/96 1963/185/96
f 614/185/96 694/185/96 1962/185/96
f 615/185/96 696/185/96 1964/185/96
f 1229/185/96 695/185/96 1963/185/96
f 1229/185/96 1225/185/96 2493/185/96
f 695/185/96 36/185/96 1319/185/96
f 616/185/96 583/185/96 1851/185/96
f 581/185/96 614/185/96 1882/185/96
f 1235/185/96 1236/185/96 2504/185/96
f 582/185/96 694/185/96 1962/185/96
f 1227/185/96 1230/185/96 2498/185/96
f 620/185/96 585/185/96 1853/185/96
f 623/185/96 45/185/96 1328/185/96
f 586/185/96 622/185/96 1890/185/96
f 48/185/96 626/185/96 1894/185/96
f 587/185/96 625/185/96 1893/185/96
f 51/185/96 628/185/96 1896/185/96
f 588/185/96 627/185/96 1895/185/96
f 54/185/96 629/185/96 1897/185/96
f 630/185/96 589/185/96 1857/185/96
f 632/185/96 57/185/96 1340/185/96
f 590/185/96 631/185/96 1899/185/96
f 60/185/96 635/185/96 1903/185/96
f 591/185/96 634/185/96 1902/185/96
f 63/185/96 637/185/96 1905/185/96
f 592/185/96 741/185/96 2009/185/96
f 66/185/96 638/185/96 1906/185/96
f 593/185/96 743/185/96 2011/185/96
f 69/185/96 639/185/96 1907/185/96
f 740/185/96 594/185/96 1862/185/96
f 641/185/96 72/185/96 1355/185/96
f 595/185/96 640/185/96 1908/185/96
f 75/185/96 644/185/96 1912/185/96
f 596/185/96 643/185/96 1911/185/96
f 78/185/96 647/185/96 1915/185/96
f 646/185/96 597/185/96 1865/185/96
f 81/185/96 649/185/96 1917/185/96
f 650/185/96 598/185/96 1866/185/96
f 653/185/96 84/185/96 1367/185/96
f 599/185/96 652/185/96 1920/185/96
f 87/185/96 656/185/96 1924/185/96
f 600/185/96 655/185/96 1923/185/96
f 90/185/96 659/185/96 1927/185/96
f 601/185/96 1276/185/96 2544/185/96
f 93/185/96 662/185/96 1930/185/96
f 602/185/96 1281/185/96 2549/185/96
f 96/185/96 664/185/96 1932/185/96
f 665/185/96 603/185/96 1871/185/96
f 668/185/96 99/185/96 1382/185/96
f 604/185/96 667/185/96 1935/185/96
f 1190/185/96 1187/185/96 2455/185/96
f 605/185/96 670/185/96 1938/185/96
f 1188/185/96 1189/185/96 2457/185/96
f 606/185/96 673/185/96 1941/185/96
f 1184/185/96 1185/185/96 2453/185/96
f 677/185/96 607/185/96 1875/185/96
f 680/185/96 111/185/96 1394/185/96
f 608/185/96 679/185/96 1947/185/96
f 114/185/96 683/185/96 1951/185/96
f 609/185/96 682/185/96 1950/185/96
f 117/185/96 686/185/96 1954/185/96
f 610/185/96 685/185/96 1953/185/96
f 120/185/96 688/185/96 1956/185/96
f 689/185/96 611/185/96 1879/185/96
f 123/185/96 691/185/96 1959/185/96
f 692/185/96 612/185/96 1880/185/96
f 126/185/96 698/185/96 1966/185/96
f 697/185/96 584/185/96 1852/185/96
f 700/185/96 727/185/96 1995/185/96
f 716/185/96 701/185/96 1969/185/96
f 717/185/96 716/185/96 1984/185/96
f 729/185/96 700/185/96 1968/185/96
f 829/185/96 700/185/96 1968/185/96
f 718/185/96 813/185/96 2081/185/96
f 719/185/96 718/185/96 1986/185/96
f 720/185/96 721/185/96 1989/185/96
f 722/185/96 814/185/96 2082/185/96
f 723/185/96 720/185/96 1988/185/96
f 735/185/96 710/185/96 1978/185/96
f 710/185/96 733/185/96 2001/185/96
f 815/185/96 736/185/96 2004/185/96
f 722/185/96 724/185/96 1992/185/96
f 725/185/96 723/185/96 1991/185/96
f 737/185/96 713/185/96 1981/185/96
f 713/185/96 710/185/96 1978/185/96
f 816/185/96 738/185/96 2006/185/96
f 724/185/96 726/185/96 1994/185/96
f 701/185/96 725/185/96 1993/185/96
f 700/185/96 713/185/96 1981/185/96
f 726/185/96 719/185/96 1987/185/96
f 723/185/96 625/185/96 1893/185/96
f 630/185/96 701/185/96 1969/185/96
f 728/185/96 715/185/96 1983/185/96
f 703/185/96 728/185/96 1996/185/96
f 817/185/96 730/185/96 1998/185/96
f 704/185/96 730/185/96 1998/185/96
f 732/185/96 707/185/96 1975/185/96
f 818/185/96 734/185/96 2002/185/96
f 709/185/96 732/185/96 2000/185/96
f 734/185/96 711/185/96 1979/185/96
f 712/185/96 709/185/96 1977/185/96
f 711/185/96 714/185/96 1982/185/96
f 715/185/96 712/185/96 1980/185/96
f 714/185/96 704/185/96 1972/185/96
f 716/185/96 728/185/96 1996/185/96
f 715/185/96 701/185/96 1969/185/96
f 717/185/96 703/185/96 1971/185/96
f 730/185/96 718/185/96 1986/185/96
f 719/185/96 704/185/96 1972/185/96
f 720/185/96 732/185/96 2000/185/96
f 707/185/96 721/185/96 1989/185/96
f 734/185/96 722/185/96 1990/185/96
f 723/185/96 709/185/96 1977/185/96
f 711/185/96 724/185/96 1992/185/96
f 725/185/96 712/185/96 1980/185/96
f 714/185/96 726/185/96 1994/185/96
f 727/185/96 702/185/96 1970/185/96
f 702/185/96 729/185/96 1997/185/96
f 819/185/96 705/185/96 1973/185/96
f 705/185/96 731/185/96 1999/185/96
f 733/185/96 706/185/96 1974/185/96
f 708/185/96 820/185/96 2088/185/96
f 706/185/96 735/185/96 2003/185/96
f 736/185/96 708/185/96 1976/185/96
f 735/185/96 737/185/96 2005/185/96
f 738/185/96 736/185/96 2004/185/96
f 737/185/96 727/185/96 1995/185/96
f 731/185/96 738/185/96 2006/185/96
f 728/185/96 702/185/96 1970/185/96
f 727/185/96 715/185/96 1983/185/96
f 703/185/96 729/185/96 1997/185/96
f 705/185/96 730/185/96 1998/185/96
f 704/185/96 731/185/96 1999/185/96
f 732/185/96 706/185/96 1974/185/96
f 733/185/96 707/185/96 1975/185/96
f 708/185/96 734/185/96 2002/185/96
f 709/185/96 735/185/96 2003/185/96
f 736/185/96 711/185/96 1979/185/96
f 712/185/96 737/185/96 2005/185/96
f 738/185/96 714/185/96 1982/185/96
f 745/185/96 747/185/96 2015/185/96
f 745/185/96 746/185/96 2014/185/96
f 747/185/96 746/185/96 2014/185/96
f 748/185/96 750/185/96 2018/185/96
f 748/185/96 749/185/96 2017/185/96
f 750/185/96 749/185/96 2017/185/96
f 751/185/96 753/185/96 2021/185/96
f 751/185/96 752/185/96 2020/185/96
f 753/185/96 752/185/96 2020/185/96
f 754/185/96 756/185/96 2024/185/96
f 754/185/96 755/185/96 2023/185/96
f 756/185/96 755/185/96 2023/185/96
f 757/185/96 759/185/96 2027/185/96
f 757/185/96 758/185/96 2026/185/96
f 759/185/96 758/185/96 2026/185/96
f 760/185/96 762/185/96 2030/185/96
f 760/185/96 761/185/96 2029/185/96
f 762/185/96 761/185/96 2029/185/96
f 778/185/96 760/185/96 2028/185/96
f 777/185/96 778/185/96 2046/185/96
f 761/185/96 777/185/96 2045/185/96
f 779/185/96 780/185/96 2048/185/96
f 764/185/96 779/185/96 2047/185/96
f 763/185/96 764/185/96 2032/185/96
f 780/185/96 763/185/96 2031/185/96
f 774/185/96 754/185/96 2022/185/96
f 773/185/96 774/185/96 2042/185/96
f 755/185/96 773/185/96 2041/185/96
f 770/185/96 748/185/96 2016/185/96
f 769/185/96 770/185/96 2038/185/96
f 749/185/96 769/185/96 2037/185/96
f 775/185/96 776/185/96 2044/185/96
f 758/185/96 775/185/96 2043/185/96
f 776/185/96 757/185/96 2025/185/96
f 768/185/96 745/185/96 2013/185/96
f 767/185/96 768/185/96 2036/185/96
f 767/185/96 746/185/96 2014/185/96
f 781/185/96 782/185/96 2050/185/96
f 766/185/96 781/185/96 2049/185/96
f 765/185/96 766/185/96 2034/185/96
f 765/185/96 782/185/96 2050/185/96
f 771/185/96 772/185/96 2040/185/96
f 752/185/96 771/185/96 2039/185/96
f 772/185/96 751/185/96 2019/185/96
f 746/185/96 765/185/96 2033/185/96
f 782/185/96 767/185/96 2035/185/96
f 741/185/96 747/185/96 2015/185/96
f 748/185/96 766/185/96 2034/185/96
f 742/185/96 750/185/96 2018/185/96
f 745/185/96 752/185/96 2020/185/96
f 771/185/96 768/185/96 2036/185/96
f 753/185/96 743/185/96 2011/185/96
f 754/185/96 749/185/96 2017/185/96
f 769/185/96 774/185/96 2042/185/96
f 744/185/96 756/185/96 2024/185/96
f 781/185/96 770/185/96 2038/185/96
f 758/185/96 751/185/96 2019/185/96
f 772/185/96 775/185/96 2043/185/96
f 759/185/96 740/185/96 2008/185/96
f 760/185/96 755/185/96 2023/185/96
f 773/185/96 778/185/96 2046/185/96
f 739/185/96 762/185/96 2030/185/96
f 761/185/96 763/185/96 2031/185/96
f 757/185/96 764/185/96 2032/185/96
f 779/185/96 776/185/96 2044/185/96
f 780/185/96 777/185/96 2045/185/96
f 1191/185/96 1192/185/96 2460/185/96
f 1193/185/96 1194/185/96 2462/185/96
f 1194/185/96 1191/185/96 2459/185/96
f 1192/185/96 1193/185/96 2461/185/96
f 1188/185/96 1191/185/96 2459/185/96
f 1192/185/96 1184/185/96 2452/185/96
f 1185/185/96 1193/185/96 2461/185/96
f 1194/185/96 1189/185/96 2457/185/96
f 1195/185/96 1196/185/96 2464/185/96
f 1197/185/96 1198/185/96 2466/185/96
f 1198/185/96 1195/185/96 2463/185/96
f 1196/185/96 1197/185/96 2465/185/96
f 1187/185/96 1195/185/96 2463/185/96
f 1196/185/96 1188/185/96 2456/185/96
f 1189/185/96 1197/185/96 2465/185/96
f 1198/185/96 1190/185/96 2458/185/96
f 108/185/96 105/185/96 1388/185/96
f 674/185/96 676/185/96 1944/185/96
f 105/185/96 674/185/96 1942/185/96
f 676/185/96 108/185/96 1391/185/96
f 1183/185/96 102/185/96 1385/185/96
f 671/185/96 1186/185/96 2454/185/96
f 102/185/96 671/185/96 1939/185/96
f 1186/185/96 1183/185/96 2451/185/96
f 1191/185/96 105/185/96 1388/185/96
f 108/185/96 1192/185/96 2460/185/96
f 1193/185/96 676/185/96 1944/185/96
f 674/185/96 1194/185/96 2462/185/96
f 1195/185/96 102/185/96 1385/185/96
f 1183/185/96 1196/185/96 2464/185/96
f 1197/185/96 1186/185/96 2454/185/96
f 671/185/96 1198/185/96 2466/185/96
f 1223/185/96 1222/185/96 2490/185/96
f 1204/185/96 1218/185/96 2486/185/96
f 1219/185/96 1205/185/96 2473/185/96
f 1217/185/96 1218/185/96 2486/185/96
f 1224/185/96 1220/185/96 2488/185/96
f 1221/185/96 1223/185/96 2491/185/96
f 1218/185/96 1216/185/96 2484/185/96
f 1215/185/96 1219/185/96 2487/185/96
f 1222/185/96 1224/185/96 2492/185/96
f 1223/185/96 1204/185/96 2472/185/96
f 1205/185/96 1224/185/96 2492/185/96
f 1219/185/96 1217/185/96 2485/185/96
f 1214/185/96 1209/185/96 2477/185/96
f 1213/185/96 1210/185/96 2478/185/96
f 1212/185/96 1209/185/96 2477/185/96
f 1207/185/96 1211/185/96 2479/185/96
f 1208/185/96 1211/185/96 2479/185/96
f 1212/185/96 1207/185/96 2475/185/96
f 1213/185/96 1208/185/96 2476/185/96
f 1210/185/96 1214/185/96 2482/185/96
f 1204/185/96 1212/185/96 2480/185/96
f 1209/185/96 1218/185/96 2486/185/96
f 1205/185/96 1213/185/96 2481/185/96
f 1224/185/96 1208/185/96 2476/185/96
f 1211/185/96 1222/185/96 2490/185/96
f 1219/185/96 1210/185/96 2478/185/96
f 1217/185/96 1214/185/96 2482/185/96
f 1207/185/96 1223/185/96 2491/185/96
f 1202/185/96 1201/185/96 2469/185/96
f 839/185/96 1206/185/96 2474/185/96
f 1201/185/96 839/185/96 2107/185/96
f 844/185/96 1202/185/96 2470/185/96
f 1206/185/96 844/185/96 2112/185/96
f 1216/185/96 1201/185/96 2469/185/96
f 1202/185/96 1215/185/96 2483/185/96
f 1217/185/96 1206/185/96 2474/185/96
f 839/185/96 1218/185/96 2486/185/96
f 844/185/96 1219/185/96 2487/185/96
f 1200/185/96 1199/185/96 2467/185/96
f 1203/185/96 684/185/96 1952/185/96
f 1199/185/96 687/185/96 1955/185/96
f 684/185/96 1200/185/96 2468/185/96
f 687/185/96 1203/185/96 2471/185/96
f 1220/185/96 1199/185/96 2467/185/96
f 1200/185/96 1221/185/96 2489/185/96
f 1223/185/96 684/185/96 1952/185/96
f 1203/185/96 1222/185/96 2490/185/96
f 1224/185/96 687/185/96 1955/185/96
f 691/185/96 783/185/96 2051/185/96
f 97/185/96 835/185/96 2103/185/96
f 840/185/96 67/185/96 1350/185/96
f 649/185/96 786/185/96 2054/185/96
f 851/185/96 933/185/96 2201/185/96
f 1185/185/96 788/185/96 2056/185/96
f 946/185/96 819/185/96 2087/185/96
f 1230/185/96 790/185/96 2058/185/96
f 94/185/96 793/185/96 2061/185/96
f 639/185/96 792/185/96 2060/185/96
f 952/185/96 792/185/96 2060/185/96
f 664/185/96 794/185/96 2062/185/96
f 109/185/96 833/185/96 2101/185/96
f 796/185/96 688/185/96 1956/185/96
f 73/185/96 1216/185/96 2484/185/96
f 945/185/96 857/185/96 2125/185/96
f 941/185/96 855/185/96 2123/185/96
f 820/185/96 948/185/96 2216/185/96
f 88/185/96 795/185/96 2063/185/96
f 951/185/96 794/185/96 2062/185/96
f 115/185/96 832/185/96 2100/185/96
f 79/185/96 838/185/96 2106/185/96
f 858/185/96 947/185/96 2215/185/96
f 938/185/96 815/185/96 2083/185/96
f 1229/185/96 807/185/96 2075/185/96
f 783/185/96 957/185/96 2225/185/96
f 796/185/96 955/185/96 2223/185/96
f 121/185/96 831/185/96 2099/185/96
f 85/185/96 837/185/96 2105/185/96
f 731/185/96 812/185/96 2080/185/96
f 852/185/96 935/185/96 2203/185/96
f 943/185/96 856/185/96 2124/185/96
f 812/185/96 949/185/96 2217/185/96
f 940/185/96 816/185/96 2084/185/96
f 82/185/96 797/185/96 2065/185/96
f 785/185/96 118/185/96 1401/185/96
f 827/185/96 964/185/96 2232/185/96
f 821/185/96 958/185/96 2226/185/96
f 818/185/96 820/185/96 2088/185/96
f 819/185/96 817/185/96 2085/185/96
f 814/185/96 818/185/96 2086/185/96
f 817/185/96 813/185/96 2081/185/96
f 816/185/96 812/185/96 2080/185/96
f 815/185/96 816/185/96 2084/185/96
f 820/185/96 815/185/96 2083/185/96
f 812/185/96 819/185/96 2087/185/96
f 811/185/96 807/185/96 2075/185/96
f 784/185/96 811/185/96 2079/185/96
f 810/185/96 794/185/96 2062/185/96
f 809/185/96 792/185/96 2060/185/96
f 806/185/96 788/185/96 2056/185/96
f 805/185/96 786/185/96 2054/185/96
f 813/185/96 785/185/96 2053/185/96
f 804/185/96 796/185/96 2064/185/96
f 803/185/96 810/185/96 2078/185/96
f 802/185/96 809/185/96 2077/185/96
f 808/185/96 790/185/96 2058/185/96
f 807/185/96 808/185/96 2076/185/96
f 801/185/96 806/185/96 2074/185/96
f 1094/185/96 800/185/96 2068/185/96
f 791/185/96 814/185/96 2082/185/96
f 799/185/96 804/185/96 2072/185/96
f 798/185/96 803/185/96 2071/185/96
f 797/185/96 802/185/96 2070/185/96
f 795/185/96 801/185/96 2069/185/96
f 793/185/96 800/185/96 2068/185/96
f 789/185/96 799/185/96 2067/185/96
f 787/185/96 798/185/96 2066/185/96
f 785/185/96 797/185/96 2065/185/96
f 1118/185/96 796/185/96 2064/185/96
f 794/185/96 795/185/96 2063/185/96
f 792/185/96 793/185/96 2061/185/96
f 790/185/96 791/185/96 2059/185/96
f 788/185/96 789/185/96 2057/185/96
f 786/185/96 787/185/96 2055/185/96
f 783/185/96 784/185/96 2052/185/96
f 829/185/96 966/185/96 2234/185/96
f 934/185/96 813/185/96 2081/185/96
f 817/185/96 942/185/96 2210/185/96
f 76/185/96 798/185/96 2066/185/96
f 112/185/96 787/185/96 2055/185/96
f 963/185/96 826/185/96 2094/185/96
f 91/185/96 836/185/96 2104/185/96
f 937/185/96 853/185/96 2121/185/96
f 939/185/96 854/185/96 2122/185/96
f 699/185/96 830/185/96 2098/185/96
f 831/185/96 633/185/96 1901/185/96
f 654/185/96 832/185/96 2100/185/96
f 681/185/96 833/185/96 2101/185/96
f 834/185/96 624/185/96 1892/185/96
f 642/185/96 835/185/96 2103/185/96
f 1233/185/96 1236/185/96 2504/185/96
f 669/185/96 836/185/96 2104/185/96
f 1236/185/96 1237/185/96 2505/185/96
f 636/185/96 837/185/96 2105/185/96
f 1235/185/96 1234/185/96 2502/185/96
f 657/185/96 838/185/96 2106/185/96
f 1238/185/96 1235/185/96 2503/185/96
f 1221/185/96 1216/185/96 2484/185/96
f 1234/185/96 1233/185/96 2501/185/96
f 645/185/96 840/185/96 2108/185/96
f 1237/185/96 1238/185/96 2506/185/96
f 672/185/96 841/185/96 2109/185/96
f 1225/185/96 1233/185/96 2501/185/96
f 742/185/96 842/185/96 2110/185/96
f 1236/185/96 1226/185/96 2494/185/96
f 1269/185/96 843/185/96 2111/185/96
f 1237/185/96 1227/185/96 2495/185/96
f 1215/185/96 1220/185/96 2488/185/96
f 1228/185/96 1235/185/96 2503/185/96
f 648/185/96 845/185/96 2113/185/96
f 1234/185/96 1229/185/96 2497/185/96
f 675/185/96 846/185/96 2114/185/96
f 1230/185/96 1238/185/96 2506/185/96
f 618/185/96 847/185/96 2115/185/96
f 39/185/96 1239/185/96 2507/185/96
f 744/185/96 848/185/96 2116/185/96
f 1240/185/96 39/185/96 1322/185/96
f 1273/185/96 849/185/96 2117/185/96
f 1241/185/96 613/185/96 1881/185/96
f 696/185/96 850/185/96 2118/185/96
f 717/185/96 851/185/96 2119/185/96
f 33/185/96 1242/185/96 2510/185/96
f 721/185/96 852/185/96 2120/185/96
f 1236/185/96 39/185/96 1322/185/96
f 710/185/96 853/185/96 2121/185/96
f 617/185/96 1235/185/96 2503/185/96
f 713/185/96 854/185/96 2122/185/96
f 1233/185/96 33/185/96 1316/185/96
f 855/185/96 703/185/96 1971/185/96
f 613/185/96 1234/185/96 2502/185/96
f 707/185/96 856/185/96 2124/185/96
f 1243/185/96 1232/185/96 2500/185/96
f 857/185/96 729/185/96 1997/185/96
f 1244/185/96 42/185/96 1325/185/96
f 858/185/96 733/185/96 2001/185/96
f 1245/185/96 1231/185/96 2499/185/96
f 830/185/96 821/185/96 2089/185/96
f 42/185/96 1246/185/96 2514/185/96
f 832/185/96 822/185/96 2090/185/96
f 1235/185/96 1231/185/96 2499/185/96
f 833/185/96 823/185/96 2091/185/96
f 1232/185/96 1236/185/96 2504/185/96
f 834/185/96 824/185/96 2092/185/96
f 42/185/96 1237/185/96 2505/185/96
f 835/185/96 825/185/96 2093/185/96
f 1238/185/96 619/185/96 1887/185/96
f 836/185/96 826/185/96 2094/185/96
f 1239/185/96 617/185/96 1885/185/96
f 827/185/96 1120/185/96 2388/185/96
f 33/185/96 1240/185/96 2508/185/96
f 831/185/96 837/185/96 2105/185/96
f 617/185/96 1241/185/96 2509/185/96
f 832/185/96 838/185/96 2106/185/96
f 613/185/96 1242/185/96 2510/185/96
f 833/185/96 1216/185/96 2484/185/96
f 1231/185/96 1243/185/96 2511/185/96
f 835/185/96 840/185/96 2108/185/96
f 1232/185/96 1244/185/96 2512/185/96
f 836/185/96 841/185/96 2109/185/96
f 619/185/96 1245/185/96 2513/185/96
f 837/185/96 842/185/96 2110/185/96
f 1246/185/96 619/185/96 1887/185/96
f 838/185/96 843/185/96 2111/185/96
f 1260/185/96 1257/185/96 2525/185/96
f 1216/185/96 1215/185/96 2483/185/96
f 1259/185/96 1258/185/96 2526/185/96
f 1095/185/96 840/185/96 2108/185/96
f 1257/185/96 1256/185/96 2524/185/96
f 846/185/96 841/185/96 2109/185/96
f 1255/185/96 1254/185/96 2522/185/96
f 847/185/96 828/185/96 2096/185/96
f 1252/185/96 1253/185/96 2521/185/96
f 824/185/96 847/185/96 2115/185/96
f 1250/185/96 1251/185/96 2519/185/96
f 848/185/96 842/185/96 2110/185/96
f 1247/185/96 1249/185/96 2517/185/96
f 849/185/96 843/185/96 2111/185/96
f 1248/185/96 1247/185/96 2515/185/96
f 827/185/96 1215/185/96 2483/185/96
f 1261/185/96 1248/185/96 2516/185/96
f 831/185/96 851/185/96 2119/185/96
f 1253/185/96 1249/185/96 2517/185/96
f 822/185/96 845/185/96 2113/185/96
f 1250/185/96 1261/185/96 2529/185/96
f 823/185/96 846/185/96 2114/185/96
f 1252/185/96 1251/185/96 2519/185/96
f 825/185/96 848/185/96 2116/185/96
f 1254/185/96 1259/185/96 2527/185/96
f 826/185/96 849/185/96 2117/185/96
f 1256/185/96 1255/185/96 2523/185/96
f 850/185/96 830/185/96 2098/185/96
f 1258/185/96 1262/185/96 2530/185/96
f 828/185/96 850/185/96 2118/185/96
f 1262/185/96 1260/185/96 2528/185/96
f 857/185/96 829/185/96 2097/185/96
f 1239/185/96 1248/185/96 2516/185/96
f 853/185/96 858/185/96 2126/185/96
f 1261/185/96 617/185/96 1885/185/96
f 854/185/96 853/185/96 2121/185/96
f 1244/185/96 1256/185/96 2524/185/96
f 854/185/96 829/185/96 2097/185/96
f 1257/185/96 42/185/96 1325/185/96
f 852/185/96 856/185/96 2124/185/96
f 1241/185/96 1250/185/96 2518/185/96
f 856/185/96 858/185/96 2126/185/96
f 1251/185/96 613/185/96 1881/185/96
f 855/185/96 857/185/96 2125/185/96
f 1253/185/96 33/185/96 1316/185/96
f 851/185/96 855/185/96 2123/185/96
f 1249/185/96 1240/185/96 2508/185/96
f 852/185/96 834/185/96 2102/185/96
f 1245/185/96 1258/185/96 2526/185/96
f 1259/185/96 1231/185/96 2499/185/96
f 1242/185/96 1252/185/96 2520/185/96
f 2610/2439/96 860/185/96 2128/185/96
f 1260/185/96 1246/185/96 2514/185/96
f 860/185/96 859/185/96 2127/185/96
f 1254/185/96 1243/185/96 2511/185/96
f 861/185/96 859/185/96 2127/185/96
f 1232/185/96 1255/185/96 2523/185/96
f 860/185/96 862/185/96 2130/185/96
f 619/185/96 1262/185/96 2530/185/96
f 861/185/96 862/185/96 2130/185/96
f 39/185/96 1247/185/96 2515/185/96
f 1276/185/96 1277/185/96 2545/185/96
f 1280/185/96 1276/185/96 2544/185/96
f 859/185/96 863/185/96 2131/185/96
f 1282/185/96 1281/185/96 2549/185/96
f 864/185/96 863/185/96 2131/185/96
f 1274/185/96 1273/185/96 2541/185/96
f 864/185/96 861/185/96 2129/185/96
f 1283/185/96 1274/185/96 2542/185/96
f 1280/185/96 1283/185/96 2551/185/96
f 1277/185/96 1283/185/96 2551/185/96
f 863/185/96 865/185/96 2133/185/96
f 1283/185/96 1282/185/96 2550/185/96
f 866/185/96 865/185/96 2133/185/96
f 660/185/96 1263/185/96 2531/185/96
f 866/185/96 864/185/96 2132/185/96
f 1266/185/96 660/185/96 1928/185/96
f 1267/185/96 1266/185/96 2534/185/96
f 1263/185/96 1267/185/96 2535/185/96
f 865/185/96 867/185/96 2135/185/96
f 1277/185/96 1263/185/96 2531/185/96
f 868/185/96 867/185/96 2135/185/96
f 660/185/96 1269/185/96 2537/185/96
f 868/185/96 866/185/96 2134/185/96
f 1266/185/96 1274/185/96 2542/185/96
f 1267/185/96 1283/185/96 2551/185/96
f 1265/185/96 663/185/96 1931/185/96
f 867/185/96 869/185/96 2137/185/96
f 663/185/96 1270/185/96 2538/185/96
f 870/185/96 869/185/96 2137/185/96
f 1270/185/96 1271/185/96 2539/185/96
f 870/185/96 868/185/96 2136/185/96
f 1271/185/96 1265/185/96 2533/185/96
f 1273/185/96 663/185/96 1931/185/96
f 1265/185/96 1282/185/96 2550/185/96
f 869/185/96 871/185/96 2139/185/96
f 1274/185/96 1270/185/96 2538/185/96
f 872/185/96 871/185/96 2139/185/96
f 1283/185/96 1271/185/96 2539/185/96
f 872/185/96 870/185/96 2138/185/96
f 1268/185/96 658/185/96 1926/185/96
f 658/185/96 1264/185/96 2532/185/96
f 1264/185/96 1275/185/96 2543/185/96
f 871/185/96 873/185/96 2141/185/96
f 1275/185/96 1268/185/96 2536/185/96
f 874/185/96 873/185/96 2141/185/96
f 1276/185/96 658/185/96 1926/185/96
f 874/185/96 872/185/96 2140/185/96
f 1268/185/96 1277/185/96 2545/185/96
f 1280/185/96 1264/185/96 2532/185/96
f 1283/185/96 1275/185/96 2543/185/96
f 873/185/96 875/185/96 2143/185/96
f 1278/185/96 661/185/96 1929/185/96
f 876/185/96 875/185/96 2143/185/96
f 661/185/96 1272/185/96 2540/185/96
f 876/185/96 874/185/96 2142/185/96
f 1279/185/96 1278/185/96 2546/185/96
f 1272/185/96 1279/185/96 2547/185/96
f 1281/185/96 661/185/96 1929/185/96
f 875/185/96 877/185/96 2145/185/96
f 1278/185/96 1280/185/96 2548/185/96
f 878/185/96 877/185/96 2145/185/96
f 1282/185/96 1272/185/96 2540/185/96
f 878/185/96 876/185/96 2144/185/96
f 1279/185/96 1283/185/96 2551/185/96
f 877/185/96 879/185/96 2147/185/96
f 880/185/96 879/185/96 2147/185/96
f 880/185/96 878/185/96 2146/185/96
f 879/185/96 881/185/96 2149/185/96
f 882/185/96 881/185/96 2149/185/96
f 882/185/96 880/185/96 2148/185/96
f 881/185/96 883/185/96 2151/185/96
f 884/185/96 883/185/96 2151/185/96
f 884/185/96 882/185/96 2150/185/96
f 883/185/96 885/185/96 2153/185/96
f 886/185/96 885/185/96 2153/185/96
f 886/185/96 884/185/96 2152/185/96
f 885/185/96 887/185/96 2155/185/96
f 888/185/96 887/185/96 2155/185/96
f 888/185/96 886/185/96 2154/185/96
f 2754/185/96 889/185/96 2157/185/96
f 1152/185/96 889/185/96 2157/185/96
f 889/185/96 890/185/96 2158/185/96
f 890/185/96 1154/185/96 2422/185/96
f 889/185/96 891/185/96 2159/185/96
f 892/185/96 891/185/96 2159/185/96
f 892/185/96 890/185/96 2158/185/96
f 891/185/96 893/185/96 2161/185/96
f 894/185/96 893/185/96 2161/185/96
f 894/185/96 892/185/96 2160/185/96
f 893/185/96 895/185/96 2163/185/96
f 896/185/96 895/185/96 2163/185/96
f 896/185/96 894/185/96 2162/185/96
f 895/185/96 897/185/96 2165/185/96
f 898/185/96 897/185/96 2165/185/96
f 898/185/96 896/185/96 2164/185/96
f 897/185/96 899/185/96 2167/185/96
f 900/185/96 899/185/96 2167/185/96
f 900/185/96 898/185/96 2166/185/96
f 899/185/96 901/185/96 2169/185/96
f 902/185/96 901/185/96 2169/185/96
f 902/185/96 900/185/96 2168/185/96
f 901/185/96 903/185/96 2171/185/96
f 904/185/96 903/185/96 2171/185/96
f 904/185/96 902/185/96 2170/185/96
f 903/185/96 905/185/96 2173/185/96
f 906/185/96 905/185/96 2173/185/96
f 906/185/96 904/185/96 2172/185/96
f 905/185/96 907/185/96 2175/185/96
f 908/185/96 907/185/96 2175/185/96
f 908/185/96 906/185/96 2174/185/96
f 907/185/96 909/185/96 2177/185/96
f 910/185/96 909/185/96 2177/185/96
f 910/185/96 908/185/96 2176/185/96
f 909/185/96 911/185/96 2179/185/96
f 912/185/96 911/185/96 2179/185/96
f 912/185/96 910/185/96 2178/185/96
f 911/185/96 913/185/96 2181/185/96
f 914/185/96 913/185/96 2181/185/96
f 914/185/96 912/185/96 2180/185/96
f 2720/2441/1786 2771/2441/96 2183/185/96
f 913/185/96 915/185/96 2183/185/96
f 916/185/96 915/185/96 2183/185/96
f 916/185/96 914/185/96 2182/185/96
f 915/185/96 917/185/96 2185/185/96
f 918/185/96 917/185/96 2185/185/96
f 918/185/96 916/185/96 2184/185/96
f 2665/2439/96 919/185/96 2187/185/96
f 919/185/96 1076/185/96 2344/185/96
f 919/185/96 920/185/96 2188/185/96
f 920/185/96 1077/185/96 2345/185/96
f 919/185/96 921/185/96 2189/185/96
f 922/185/96 921/185/96 2189/185/96
f 922/185/96 920/185/96 2188/185/96
f 921/185/96 860/185/96 2128/185/96
f 862/185/96 922/185/96 2190/185/96
f 942/185/96 934/185/96 2202/185/96
f 940/185/96 949/185/96 2217/185/96
f 938/185/96 940/185/96 2208/185/96
f 948/185/96 938/185/96 2206/185/96
f 949/185/96 946/185/96 2214/185/96
f 932/185/96 950/185/96 2218/185/96
f 124/185/96 932/185/96 2200/185/96
f 930/185/96 951/185/96 2219/185/96
f 928/185/96 952/185/96 2220/185/96
f 924/185/96 953/185/96 2221/185/96
f 34/185/96 954/185/96 2222/185/96
f 118/185/96 934/185/96 2202/185/96
f 955/185/96 40/185/96 1323/185/96
f 930/185/96 46/185/96 1329/185/96
f 928/185/96 52/185/96 1335/185/96
f 956/185/96 926/185/96 2194/185/96
f 926/185/96 950/185/96 2218/185/96
f 924/185/96 58/185/96 1341/185/96
f 64/185/96 1098/185/96 2366/185/96
f 936/185/96 100/185/96 1383/185/96
f 40/185/96 70/185/96 1353/185/96
f 46/185/96 76/185/96 1359/185/96
f 52/185/96 82/185/96 1365/185/96
f 58/185/96 88/185/96 1371/185/96
f 64/185/96 94/185/96 1377/185/96
f 70/185/96 106/185/96 1389/185/96
f 112/185/96 76/185/96 1359/185/96
f 118/185/96 82/185/96 1365/185/96
f 955/185/96 1122/185/96 2390/185/96
f 951/185/96 88/185/96 1371/185/96
f 952/185/96 94/185/96 1377/185/96
f 956/185/96 100/185/96 1383/185/96
f 953/185/96 106/185/96 1389/185/96
f 954/185/96 112/185/96 1395/185/96
f 957/185/96 124/185/96 1407/185/96
f 958/185/96 957/185/96 2225/185/96
f 959/185/96 954/185/96 2222/185/96
f 960/185/96 953/185/96 2221/185/96
f 961/185/96 956/185/96 2224/185/96
f 962/185/96 952/185/96 2220/185/96
f 2591/185/96 2770/185/96 1372/185/96
s 3599
f 2585/107/1455 53/106/1455 56/2442/1455
s 3600
f 2700/181/1456 104/182/1456 107/7/1457
s 3601
f 56/2442/1458 59/2514/1458 2586/4/1458
s 0
f 1402/185/96 119/185/96 2779/185/96
f 110/185/1789 2774/185/96 2769/185/1790
s 3604
f 37/2444/1461 128/2498/1461 2739/2445/1461
s 3605
f 80/2447/1462 1144/2450/1462 2707/2448/1462
s 0
f 92/185/1791 2698/185/96 2764/185/1792
f 62/185/1793 2693/185/1786 2772/185/1794
f 56/185/96 2692/185/96 2767/185/96
f 921/185/96 2756/2439/96 2689/2439/96
f 905/185/96 2755/2441/96 2688/2441/96
f 873/185/96 2753/2441/96 2686/2441/96
f 1084/185/96 2748/185/96 2684/185/96
f 62/185/96 2752/185/96 2683/185/96
f 74/185/96 2751/185/96 2681/185/96
f 86/185/96 2750/185/96 2678/185/96
f 98/185/96 2749/185/96 2676/185/96
f 110/185/96 2747/185/96 2675/185/96
f 122/185/96 2746/185/96 2674/185/96
f 44/185/96 2745/185/96 2673/185/96
f 56/185/96 2744/185/96 2672/185/96
f 68/185/96 2742/185/96 2671/185/96
f 80/185/96 2740/185/96 2670/185/96
f 92/185/96 2737/185/96 2669/185/96
s 3624
f 1144/2450/1462 1143/2509/1462 2668/2451/1462
s 0
f 899/185/96 2719/185/96 2660/185/96
f 883/185/96 2717/2441/96 2659/2441/96
f 867/185/96 2716/2439/96 2658/2439/96
f 1151/185/96 2721/185/96 2657/185/96
f 1096/185/96 2718/185/96 2656/185/96
f 37/185/96 2715/185/96 2655/185/96
s 3631
f 104/2452/1467 2743/2482/1467 2646/2453/1467
s 3632
f 107/2454/1468 2646/2453/1468 2747/2455/1468
s 3633
f 116/2457/1469 2741/2491/1469 2645/172/1469
s 3634
f 41/2458/1470 2644/2484/1470 2745/2459/1470
s 3635
f 53/2461/1471 50/2501/1472 2738/2462/1472
s 3636
f 53/2461/1473 2643/2463/1473 2744/2464/1473
s 3637
f 65/2466/1474 2642/125/1474 2742/2467/1475
s 3638
f 74/2469/1476 2751/2487/1476 2641/2470/1476
s 3639
f 86/2472/1477 2750/2493/1477 2640/2473/1477
s 3640
f 89/2474/1478 2640/2473/1478 2737/2475/1478
s 3641
f 59/2477/1479 2639/2478/1479 2752/127/1479
s 3642
f 56/2465/1480 2744/2464/1480 2639/2478/1480
s 3643
f 98/2479/1481 2749/2503/1481 2638/2480/1481
s 3644
f 101/2481/1482 2638/2480/1482 2743/2482/1482
s 3645
f 35/2483/1483 2637/2485/1483 2644/2484/1483
s 3646
f 37/2444/1484 2715/2446/1484 2637/2485/1485
s 3647
f 71/2486/1486 2636/2488/1486 2751/2487/1486
s 3648
f 71/2486/1487 68/2468/1487 2742/2467/1487
s 3649
f 110/2456/1488 2747/2455/1488 2635/2489/1488
s 3650
f 113/2490/1489 2635/2489/1489 2741/2491/1489
s 3651
f 83/2492/1490 2634/2494/1490 2750/2493/1490
s 3652
f 80/2447/1491 2740/2449/1491 2634/2494/1491
s 3653
f 125/2495/67 1064/2506/67 2666/2496/67
s 3654
f 125/2495/1492 2633/2497/1492 2739/2445/1492
s 3655
f 44/2460/1493 2745/2459/1493 2632/2499/1493
s 3656
f 50/2501/1494 47/2500/1494 2632/2499/1494
s 3657
f 95/2502/1495 2631/2504/1495 2749/2503/1495
s 3658
f 92/2476/1496 2737/2475/1496 2631/2504/1496
s 0
f 909/185/96 2706/2441/96 2630/2441/96
f 893/185/96 2705/185/96 2629/185/96
f 877/185/96 2704/2441/96 2628/2441/96
f 1144/185/96 2707/185/96 2626/185/96
f 128/185/96 2703/185/96 2625/185/96
f 122/185/96 2702/185/96 2624/185/96
f 116/185/96 2701/185/96 2623/185/96
f 86/185/96 2697/185/96 2622/185/96
f 74/185/96 2695/185/96 2620/185/96
f 68/185/96 2694/185/96 2619/185/96
f 50/185/96 2691/185/96 2618/185/96
f 44/185/96 2690/185/96 2617/185/96
f 907/185/96 2613/2441/96 2763/2441/96
f 891/185/96 2612/185/96 2762/185/96
f 875/185/96 2611/2441/96 2761/2441/96
f 903/185/96 2664/2441/96 2608/2441/96
f 887/185/96 2663/185/96 2607/185/96
f 871/185/96 2662/2441/96 2606/2441/96
f 1143/185/96 2667/185/96 2605/185/96
f 1064/185/96 2666/185/96 2603/185/96
s 3679
f 1126/2505/67 2601/2513/67 2666/2496/67
s 0
f 1126/185/96 2601/185/96 2732/185/96
f 917/185/96 2600/2441/96 2736/2441/96
f 901/185/96 2599/185/96 2735/185/96
f 885/185/96 2598/2441/96 2734/2441/96
f 869/185/96 2597/2439/96 2733/2439/96
s 3685
f 110/2507/1497 113/192/1498 2595/2508/1498
s 0
f 113/185/1795 2595/185/96 2776/185/1796
f 107/185/1797 2594/185/96 2775/185/1798
f 101/185/96 2593/185/96 2730/185/96
f 95/185/96 2592/185/96 2768/185/96
f 83/185/96 2590/185/96 2729/185/96
f 77/185/96 2589/185/96 2728/185/96
f 71/185/96 2588/185/96 2727/185/96
f 65/185/96 2587/185/96 2726/185/96
f 59/185/1799 2586/185/1786 2773/185/1800
f 53/185/96 2585/185/96 2725/185/96
f 47/185/96 2584/185/96 2724/185/96
f 41/185/96 2583/185/96 2723/185/96
f 35/185/96 2582/185/96 2722/185/96
f 913/185/96 2652/2441/96 2581/2441/96
f 897/185/96 2651/185/96 2580/185/96
f 881/185/96 2650/2441/96 2579/2441/96
f 865/185/96 2649/2439/96 2578/2439/96
f 859/185/96 2648/2439/96 2577/2439/96
f 1125/185/96 2647/185/96 2576/185/96
f 107/185/96 2646/185/96 2572/185/96
f 119/185/96 2645/185/96 2570/185/96
f 41/185/96 2644/185/96 2568/185/96
f 53/185/96 2643/185/96 2566/185/96
f 65/185/96 2642/185/96 2564/185/96
f 77/185/96 2641/185/96 2563/185/96
f 89/185/96 2640/185/96 2562/185/96
f 101/185/96 2638/185/96 2561/185/96
f 113/185/96 2635/185/96 2560/185/96
f 125/185/96 2633/185/96 2559/185/96
f 47/185/96 2632/185/96 2558/185/96
f 911/185/96 2557/2441/96 2714/2441/96
f 895/185/96 2556/185/96 2713/185/96
f 879/185/96 2555/2441/96 2712/2441/96
f 863/185/96 2554/2439/96 2711/2439/96
s 3720
f 1143/2509/1462 1084/2511/1462 2553/2510/1462
s 3721
f 77/2471/1462 2641/2470/1462 2553/2510/1462
s 3722
f 1125/2512/66 2552/130/66 2601/2513/67
